2026-09-11 20:01:03.771430+09:00 [info] <0.44.0>@application_controller:info_started/2:2130 Application: kernel. Started at: 'openriak-kv@node-03.cluster-a.openriak'.
2026-09-11 20:01:03.780460+09:00 [info] <0.44.0>@application_controller:info_started/2:2130 Application: stdlib. Started at: 'openriak-kv@node-03.cluster-a.openriak'.
2026-09-11 20:01:03.780984+09:00 [info] <0.44.0>@application_controller:info_started/2:2130 Application: asn1. Started at: 'openriak-kv@node-03.cluster-a.openriak'.
2026-09-11 20:01:03.781570+09:00 [info] <0.44.0>@application_controller:info_started/2:2130 Application: crypto. Started at: 'openriak-kv@node-03.cluster-a.openriak'.
2026-09-11 20:01:03.782098+09:00 [info] <0.44.0>@application_controller:info_started/2:2130 Application: public_key. Started at: 'openriak-kv@node-03.cluster-a.openriak'.
2026-09-11 20:01:03.788098+09:00 [info] <0.77.0>@supervisor:report_progress/2:1582 Supervisor: {local,logger_sup}. Started: id=ssl_handler,pid=<0.96.0>.
2026-09-11 20:01:03.792894+09:00 [info] <0.99.0>@supervisor:report_progress/2:1582 Supervisor: {local,ssl_admin_sup}. Started: id=ssl_pem_cache,pid=<0.100.0>.
2026-09-11 20:01:03.798113+09:00 [info] <0.99.0>@supervisor:report_progress/2:1582 Supervisor: {local,ssl_admin_sup}. Started: id=ssl_manager,pid=<0.101.0>.
2026-09-11 20:01:03.800229+09:00 [info] <0.99.0>@supervisor:report_progress/2:1582 Supervisor: {local,ssl_admin_sup}. Started: id=tls_client_ticket_store,pid=<0.102.0>.
2026-09-11 20:01:03.800525+09:00 [info] <0.98.0>@supervisor:report_progress/2:1582 Supervisor: {local,ssl_sup}. Started: id=ssl_admin_sup,pid=<0.99.0>.
2026-09-11 20:01:03.837879+09:00 [info] <0.105.0>@supervisor:report_progress/2:1582 Supervisor: {local,tls_sup}. Started: id=tls_connection_sup,pid=<0.106.0>.
2026-09-11 20:01:03.844902+09:00 [info] <0.107.0>@supervisor:report_progress/2:1582 Supervisor: {local,tls_server_sup}. Started: id=ssl_listen_tracker_sup,pid=<0.108.0>.
2026-09-11 20:01:03.846717+09:00 [info] <0.107.0>@supervisor:report_progress/2:1582 Supervisor: {local,tls_server_sup}. Started: id=tls_server_session_ticket,pid=<0.109.0>.
2026-09-11 20:01:03.850791+09:00 [info] <0.107.0>@supervisor:report_progress/2:1582 Supervisor: {local,tls_server_sup}. Started: id=ssl_server_session_cache_sup,pid=<0.110.0>.
2026-09-11 20:01:03.854858+09:00 [info] <0.107.0>@supervisor:report_progress/2:1582 Supervisor: {local,tls_server_sup}. Started: id=ssl_upgrade_server_session_cache_sup,pid=<0.111.0>.
2026-09-11 20:01:03.855098+09:00 [info] <0.105.0>@supervisor:report_progress/2:1582 Supervisor: {local,tls_sup}. Started: id=tls_server_sup,pid=<0.107.0>.
2026-09-11 20:01:03.855206+09:00 [info] <0.103.0>@supervisor:report_progress/2:1582 Supervisor: {local,ssl_connection_sup}. Started: id=tls_sup,pid=<0.105.0>.
2026-09-11 20:01:03.862197+09:00 [info] <0.112.0>@supervisor:report_progress/2:1582 Supervisor: {local,dtls_sup}. Started: id=dtls_connection_sup,pid=<0.113.0>.
2026-09-11 20:01:03.866982+09:00 [info] <0.114.0>@supervisor:report_progress/2:1582 Supervisor: {local,dtls_server_sup}. Started: id=dtls_listener_sup,pid=<0.115.0>.
2026-09-11 20:01:03.868152+09:00 [info] <0.114.0>@supervisor:report_progress/2:1582 Supervisor: {local,dtls_server_sup}. Started: id=dtls_server_session_cache_sup,pid=<0.116.0>.
2026-09-11 20:01:03.868303+09:00 [info] <0.112.0>@supervisor:report_progress/2:1582 Supervisor: {local,dtls_sup}. Started: id=dtls_server_sup,pid=<0.114.0>.
2026-09-11 20:01:03.868378+09:00 [info] <0.103.0>@supervisor:report_progress/2:1582 Supervisor: {local,ssl_connection_sup}. Started: id=dtls_sup,pid=<0.112.0>.
2026-09-11 20:01:03.868440+09:00 [info] <0.98.0>@supervisor:report_progress/2:1582 Supervisor: {local,ssl_sup}. Started: id=ssl_connection_sup,pid=<0.103.0>.
2026-09-11 20:01:03.868592+09:00 [info] <0.44.0>@application_controller:info_started/2:2130 Application: ssl. Started at: 'openriak-kv@node-03.cluster-a.openriak'.
2026-09-11 20:01:03.868779+09:00 [info] <0.44.0>@application_controller:info_started/2:2130 Application: hut. Started at: 'openriak-kv@node-03.cluster-a.openriak'.
2026-09-11 20:01:03.874055+09:00 [info] <0.121.0>@supervisor:report_progress/2:1582 Supervisor: {local,setup_sup}. Started: id=setup_srv,pid=<0.122.0>.
2026-09-11 20:01:03.887299+09:00 [notice] <0.122.0>@: Setup running ...
2026-09-11 20:01:03.893193+09:00 [notice] <0.122.0>@: Directories verified. Res = ok
2026-09-11 20:01:03.898010+09:00 [notice] <0.122.0>@: Setup finished processing hooks (Mode=normal)...
2026-09-11 20:01:03.898355+09:00 [info] <0.44.0>@application_controller:info_started/2:2130 Application: setup. Started at: 'openriak-kv@node-03.cluster-a.openriak'.
2026-09-11 20:01:03.898810+09:00 [info] <0.44.0>@application_controller:info_started/2:2130 Application: syntax_tools. Started at: 'openriak-kv@node-03.cluster-a.openriak'.
2026-09-11 20:01:03.899171+09:00 [info] <0.44.0>@application_controller:info_started/2:2130 Application: compiler. Started at: 'openriak-kv@node-03.cluster-a.openriak'.
2026-09-11 20:01:03.899434+09:00 [info] <0.44.0>@application_controller:info_started/2:2130 Application: parse_trans. Started at: 'openriak-kv@node-03.cluster-a.openriak'.
2026-09-11 20:01:03.910872+09:00 [info] <0.129.0>@supervisor:report_progress/2:1582 Supervisor: {local,exometer_core_sup}. Started: id=exometer_admin,pid=<0.130.0>.
2026-09-11 20:01:03.912623+09:00 [info] <0.129.0>@supervisor:report_progress/2:1582 Supervisor: {local,exometer_core_sup}. Started: id=exometer_cache,pid=<0.131.0>.
2026-09-11 20:01:03.917516+09:00 [info] <0.129.0>@supervisor:report_progress/2:1582 Supervisor: {local,exometer_core_sup}. Started: id=exometer_report,pid=<0.132.0>.
2026-09-11 20:01:03.918820+09:00 [info] <0.129.0>@supervisor:report_progress/2:1582 Supervisor: {local,exometer_core_sup}. Started: id=exometer_report_logger_sup,pid=<0.133.0>.
2026-09-11 20:01:03.921206+09:00 [info] <0.129.0>@supervisor:report_progress/2:1582 Supervisor: {local,exometer_core_sup}. Started: id=exometer_alias,pid=<0.134.0>.
2026-09-11 20:01:03.921662+09:00 [info] <0.132.0>@exometer_report:do_start_reporters/1:695 Starting reporters with []
2026-09-11 20:01:03.921994+09:00 [info] <0.44.0>@application_controller:info_started/2:2130 Application: exometer_core. Started at: 'openriak-kv@node-03.cluster-a.openriak'.
2026-09-11 20:01:03.924766+09:00 [info] <0.139.0>@supervisor:report_progress/2:1582 Supervisor: {local,sasl_safe_sup}. Started: id=alarm_handler,pid=<0.140.0>.
2026-09-11 20:01:03.924964+09:00 [info] <0.138.0>@supervisor:report_progress/2:1582 Supervisor: {local,sasl_sup}. Started: id=sasl_safe_sup,pid=<0.139.0>.
2026-09-11 20:01:03.932240+09:00 [info] <0.138.0>@supervisor:report_progress/2:1582 Supervisor: {local,sasl_sup}. Started: id=release_handler,pid=<0.141.0>.
2026-09-11 20:01:03.932528+09:00 [info] <0.44.0>@application_controller:info_started/2:2130 Application: sasl. Started at: 'openriak-kv@node-03.cluster-a.openriak'.
2026-09-11 20:01:03.938346+09:00 [info] <0.49.0>@supervisor:report_progress/2:1582 Supervisor: {local,kernel_sup}. Started: id=timer_server,pid=<0.148.0>.
2026-09-11 20:01:03.938720+09:00 [info] <0.146.0>@supervisor:report_progress/2:1582 Supervisor: {local,riak_sysmon_sup}. Started: id=riak_sysmon_filter,pid=<0.147.0>.
2026-09-11 20:01:03.938921+09:00 [info] <0.146.0>@supervisor:report_progress/2:1582 Supervisor: {local,riak_sysmon_sup}. Started: id=riak_sysmon_mgr,pid=<0.150.0>.
2026-09-11 20:01:03.939104+09:00 [info] <0.44.0>@application_controller:info_started/2:2130 Application: riak_sysmon. Started at: 'openriak-kv@node-03.cluster-a.openriak'.
2026-09-11 20:01:03.979413+09:00 [info] <0.154.0>@supervisor:report_progress/2:1582 Supervisor: {local,os_mon_sup}. Started: id=disksup,pid=<0.155.0>.
2026-09-11 20:01:03.982389+09:00 [info] <0.154.0>@supervisor:report_progress/2:1582 Supervisor: {local,os_mon_sup}. Started: id=memsup,pid=<0.156.0>.
2026-09-11 20:01:03.984855+09:00 [info] <0.154.0>@supervisor:report_progress/2:1582 Supervisor: {local,os_mon_sup}. Started: id=cpu_sup,pid=<0.158.0>.
2026-09-11 20:01:03.985151+09:00 [info] <0.44.0>@application_controller:info_started/2:2130 Application: os_mon. Started at: 'openriak-kv@node-03.cluster-a.openriak'.
2026-09-11 20:01:03.985492+09:00 [info] <0.44.0>@application_controller:info_started/2:2130 Application: observer. Started at: 'openriak-kv@node-03.cluster-a.openriak'.
2026-09-11 20:01:03.996270+09:00 [info] <0.165.0>@supervisor:report_progress/2:1582 Supervisor: {local,runtime_tools_sup}. Started: id=ttb_autostart,pid=<0.166.0>.
2026-09-11 20:01:03.996536+09:00 [info] <0.44.0>@application_controller:info_started/2:2130 Application: runtime_tools. Started at: 'openriak-kv@node-03.cluster-a.openriak'.
2026-09-11 20:01:03.997208+09:00 [info] <0.44.0>@application_controller:info_started/2:2130 Application: xmerl. Started at: 'openriak-kv@node-03.cluster-a.openriak'.
2026-09-11 20:01:04.012657+09:00 [info] <0.173.0>@supervisor:report_progress/2:1582 Supervisor: {local,httpc_profile_sup}. Started: id=httpc_manager,pid=<0.174.0>.
2026-09-11 20:01:04.013143+09:00 [info] <0.172.0>@supervisor:report_progress/2:1582 Supervisor: {local,httpc_sup}. Started: id=httpc_profile_sup,pid=<0.173.0>.
2026-09-11 20:01:04.014425+09:00 [info] <0.172.0>@supervisor:report_progress/2:1582 Supervisor: {local,httpc_sup}. Started: id=httpc_handler_sup,pid=<0.175.0>.
2026-09-11 20:01:04.014687+09:00 [info] <0.171.0>@supervisor:report_progress/2:1582 Supervisor: {local,inets_sup}. Started: id=httpc_sup,pid=<0.172.0>.
2026-09-11 20:01:04.016414+09:00 [info] <0.171.0>@supervisor:report_progress/2:1582 Supervisor: {local,inets_sup}. Started: id=httpd_sup,pid=<0.176.0>.
2026-09-11 20:01:04.016704+09:00 [info] <0.44.0>@application_controller:info_started/2:2130 Application: inets. Started at: 'openriak-kv@node-03.cluster-a.openriak'.
2026-09-11 20:01:04.016955+09:00 [info] <0.44.0>@application_controller:info_started/2:2130 Application: mochiweb. Started at: 'openriak-kv@node-03.cluster-a.openriak'.
2026-09-11 20:01:04.022571+09:00 [info] <0.181.0>@supervisor:report_progress/2:1582 Supervisor: {local,webmachine_sup}. Started: id=webmachine_logger,pid=<0.182.0>.
2026-09-11 20:01:04.023781+09:00 [info] <0.181.0>@supervisor:report_progress/2:1582 Supervisor: {local,webmachine_sup}. Started: id=webmachine_logger_watcher_sup,pid=<0.183.0>.
2026-09-11 20:01:04.025129+09:00 [info] <0.181.0>@supervisor:report_progress/2:1582 Supervisor: {local,webmachine_sup}. Started: id=webmachine_router,pid=<0.184.0>.
2026-09-11 20:01:04.025310+09:00 [info] <0.44.0>@application_controller:info_started/2:2130 Application: webmachine. Started at: 'openriak-kv@node-03.cluster-a.openriak'.
2026-09-11 20:01:04.025535+09:00 [info] <0.44.0>@application_controller:info_started/2:2130 Application: basho_stats. Started at: 'openriak-kv@node-03.cluster-a.openriak'.
2026-09-11 20:01:04.031899+09:00 [info] <0.189.0>@supervisor:report_progress/2:1582 Supervisor: {local,bitcask_sup}. Started: id=bitcask_merge_worker,pid=<0.190.0>.
2026-09-11 20:01:04.035740+09:00 [info] <0.189.0>@supervisor:report_progress/2:1582 Supervisor: {local,bitcask_sup}. Started: id=bitcask_merge_delete,pid=<0.191.0>.
2026-09-11 20:01:04.035933+09:00 [info] <0.44.0>@application_controller:info_started/2:2130 Application: bitcask. Started at: 'openriak-kv@node-03.cluster-a.openriak'.
2026-09-11 20:01:04.036213+09:00 [info] <0.44.0>@application_controller:info_started/2:2130 Application: getopt. Started at: 'openriak-kv@node-03.cluster-a.openriak'.
2026-09-11 20:01:04.036353+09:00 [info] <0.44.0>@application_controller:info_started/2:2130 Application: cuttlefish. Started at: 'openriak-kv@node-03.cluster-a.openriak'.
2026-09-11 20:01:04.049571+09:00 [info] <0.197.0>@supervisor:report_progress/2:1582 Supervisor: {local,clique_sup}. Started: id=clique_manager,pid=<0.198.0>.
2026-09-11 20:01:04.049848+09:00 [info] <0.44.0>@application_controller:info_started/2:2130 Application: clique. Started at: 'openriak-kv@node-03.cluster-a.openriak'.
2026-09-11 20:01:04.050062+09:00 [info] <0.44.0>@application_controller:info_started/2:2130 Application: eleveldb. Started at: 'openriak-kv@node-03.cluster-a.openriak'.
2026-09-11 20:01:04.050236+09:00 [info] <0.44.0>@application_controller:info_started/2:2130 Application: pbkdf2. Started at: 'openriak-kv@node-03.cluster-a.openriak'.
2026-09-11 20:01:04.050415+09:00 [info] <0.44.0>@application_controller:info_started/2:2130 Application: poolboy. Started at: 'openriak-kv@node-03.cluster-a.openriak'.
2026-09-11 20:01:04.054850+09:00 [info] <0.44.0>@application_controller:info_started/2:2130 Application: cluster_info. Started at: 'openriak-kv@node-03.cluster-a.openriak'.
2026-09-11 20:01:04.093139+09:00 [info] <0.209.0>@supervisor:report_progress/2:1582 Supervisor: {local,riak_core_sup}. Started: id=riak_core_bg_manager,pid=<0.210.0>.
2026-09-11 20:01:04.095382+09:00 [info] <0.209.0>@supervisor:report_progress/2:1582 Supervisor: {local,riak_core_sup}. Started: id=riak_core_sysmon_minder,pid=<0.211.0>.
2026-09-11 20:01:04.096474+09:00 [info] <0.209.0>@supervisor:report_progress/2:1582 Supervisor: {local,riak_core_sup}. Started: id=riak_core_vnode_sup,pid=<0.212.0>.
2026-09-11 20:01:04.097458+09:00 [info] <0.209.0>@supervisor:report_progress/2:1582 Supervisor: {local,riak_core_sup}. Started: id=riak_core_eventhandler_sup,pid=<0.213.0>.
2026-09-11 20:01:04.098669+09:00 [info] <0.209.0>@supervisor:report_progress/2:1582 Supervisor: {local,riak_core_sup}. Started: id=riak_core_dist_mon,pid=<0.214.0>.
2026-09-11 20:01:04.100449+09:00 [info] <0.215.0>@supervisor:report_progress/2:1582 Supervisor: {local,riak_core_handoff_sup}. Started: id=riak_core_handoff_receiver_sup,pid=<0.216.0>.
2026-09-11 20:01:04.101325+09:00 [info] <0.215.0>@supervisor:report_progress/2:1582 Supervisor: {local,riak_core_handoff_sup}. Started: id=riak_core_handoff_sender_sup,pid=<0.217.0>.
2026-09-11 20:01:04.109642+09:00 [info] <0.218.0>@supervisor:report_progress/2:1582 Supervisor: {local,riak_core_handoff_listener_sup}. Started: id=riak_core_handoff_listener,pid=<0.219.0>.
2026-09-11 20:01:04.109919+09:00 [info] <0.215.0>@supervisor:report_progress/2:1582 Supervisor: {local,riak_core_handoff_sup}. Started: id=riak_core_handoff_listener_sup,pid=<0.218.0>.
2026-09-11 20:01:04.115924+09:00 [info] <0.215.0>@supervisor:report_progress/2:1582 Supervisor: {local,riak_core_handoff_sup}. Started: id=riak_core_handoff_manager,pid=<0.221.0>.
2026-09-11 20:01:04.116155+09:00 [info] <0.209.0>@supervisor:report_progress/2:1582 Supervisor: {local,riak_core_sup}. Started: id=riak_core_handoff_sup,pid=<0.215.0>.
2026-09-11 20:01:04.117561+09:00 [info] <0.209.0>@supervisor:report_progress/2:1582 Supervisor: {local,riak_core_sup}. Started: id=riak_core_ring_events,pid=<0.222.0>.
2026-09-11 20:01:04.381515+09:00 [warning] <0.223.0>@riak_core_ring_manager:reload_ring/1:388 No ring file available.
2026-09-11 20:01:04.408639+09:00 [info] <0.209.0>@supervisor:report_progress/2:1582 Supervisor: {local,riak_core_sup}. Started: id=riak_core_ring_manager,pid=<0.223.0>.
2026-09-11 20:01:04.447569+09:00 [info] <0.82.0>@supervisor:report_progress/2:1582 Supervisor: {local,kernel_safe_sup}. Started: id=dets_sup,pid=<0.230.0>.
2026-09-11 20:01:04.447864+09:00 [info] <0.82.0>@supervisor:report_progress/2:1582 Supervisor: {local,kernel_safe_sup}. Started: id=dets,pid=<0.231.0>.
2026-09-11 20:01:04.466072+09:00 [info] <0.209.0>@supervisor:report_progress/2:1582 Supervisor: {local,riak_core_sup}. Started: id=riak_core_metadata_manager,pid=<0.229.0>.
2026-09-11 20:01:04.540265+09:00 [info] <0.209.0>@supervisor:report_progress/2:1582 Supervisor: {local,riak_core_sup}. Started: id=riak_core_metadata_hashtree,pid=<0.234.0>.
2026-09-11 20:01:04.543591+09:00 [info] <0.209.0>@supervisor:report_progress/2:1582 Supervisor: {local,riak_core_sup}. Started: id=riak_core_broadcast,pid=<0.237.0>.
2026-09-11 20:01:04.545140+09:00 [info] <0.209.0>@supervisor:report_progress/2:1582 Supervisor: {local,riak_core_sup}. Started: id=riak_core_vnode_proxy_sup,pid=<0.238.0>.
2026-09-11 20:01:04.547485+09:00 [info] <0.209.0>@supervisor:report_progress/2:1582 Supervisor: {local,riak_core_sup}. Started: id=riak_core_node_watcher_events,pid=<0.239.0>.
2026-09-11 20:01:04.555116+09:00 [info] <0.209.0>@supervisor:report_progress/2:1582 Supervisor: {local,riak_core_sup}. Started: id=riak_core_node_watcher,pid=<0.240.0>.
2026-09-11 20:01:04.564247+09:00 [info] <0.209.0>@supervisor:report_progress/2:1582 Supervisor: {local,riak_core_sup}. Started: id=riak_core_vnode_manager,pid=<0.241.0>.
2026-09-11 20:01:04.579144+09:00 [info] <0.209.0>@supervisor:report_progress/2:1582 Supervisor: {local,riak_core_sup}. Started: id=riak_core_capability,pid=<0.242.0>.
2026-09-11 20:01:04.579596+09:00 [info] <0.209.0>@supervisor:report_progress/2:1582 Supervisor: {local,riak_core_sup}. Started: id=riak_core_gossip,pid=<0.243.0>.
2026-09-11 20:01:04.588105+09:00 [info] <0.209.0>@supervisor:report_progress/2:1582 Supervisor: {local,riak_core_sup}. Started: id=riak_core_claimant,pid=<0.244.0>.
2026-09-11 20:01:04.592006+09:00 [info] <0.209.0>@supervisor:report_progress/2:1582 Supervisor: {local,riak_core_sup}. Started: id=riak_core_table_owner,pid=<0.245.0>.
2026-09-11 20:01:04.595960+09:00 [info] <0.247.0>@supervisor:report_progress/2:1582 Supervisor: {local,riak_core_stats_sup}. Started: id=riak_core_stat_cache,pid=<0.248.0>.
2026-09-11 20:01:04.596194+09:00 [info] <0.246.0>@supervisor:report_progress/2:1582 Supervisor: {local,riak_core_stat_sup}. Started: id=riak_core_stats_sup,pid=<0.247.0>.
2026-09-11 20:01:04.596300+09:00 [info] <0.209.0>@supervisor:report_progress/2:1582 Supervisor: {local,riak_core_sup}. Started: id=riak_core_stat_sup,pid=<0.246.0>.
2026-09-11 20:01:04.597233+09:00 [info] <0.209.0>@supervisor:report_progress/2:1582 Supervisor: {local,riak_core_sup}. Started: id=riak_core_node_worker_pool_sup,pid=<0.249.0>.
2026-09-11 20:01:04.624672+09:00 [info] <0.247.0>@supervisor:report_progress/2:1582 Supervisor: {local,riak_core_stats_sup}. Started: id=riak_core_stat,pid=<0.250.0>.
2026-09-11 20:01:04.643758+09:00 [info] <0.213.0>@supervisor:report_progress/2:1582 Supervisor: {local,riak_core_eventhandler_sup}. Started: id={riak_core_ring_events,riak_core_ring_handler},pid=<0.273.0>.
2026-09-11 20:01:04.644237+09:00 [info] <0.242.0>@riak_core_capability:process_capability_changes/2:557 New capability: {riak_core,vnode_routing} = proxy
2026-09-11 20:01:04.662139+09:00 [info] <0.242.0>@riak_core_capability:process_capability_changes/2:557 New capability: {riak_core,staged_joins} = true
2026-09-11 20:01:04.674076+09:00 [info] <0.242.0>@riak_core_capability:process_capability_changes/2:557 New capability: {riak_core,resizable_ring} = true
2026-09-11 20:01:04.691337+09:00 [info] <0.242.0>@riak_core_capability:process_capability_changes/2:557 New capability: {riak_core,fold_req_version} = v2
2026-09-11 20:01:04.703293+09:00 [info] <0.242.0>@riak_core_capability:process_capability_changes/2:557 New capability: {riak_core,security} = true
2026-09-11 20:01:04.720084+09:00 [info] <0.242.0>@riak_core_capability:process_capability_changes/2:557 New capability: {riak_core,bucket_types} = true
2026-09-11 20:01:04.763145+09:00 [info] <0.242.0>@riak_core_capability:process_capability_changes/2:557 New capability: {riak_core,net_ticktime} = true
2026-09-11 20:01:05.381149+09:00 [info] <0.44.0>@application_controller:info_started/2:2130 Application: riak_core. Started at: 'openriak-kv@node-03.cluster-a.openriak'.
2026-09-11 20:01:05.385795+09:00 [info] <0.242.0>@riak_core_capability:process_capability_changes/2:557 New capability: {riak_pipe,trace_format} = ordsets
2026-09-11 20:01:05.504423+09:00 [info] <0.280.0>@supervisor:report_progress/2:1582 Supervisor: {local,riak_pipe_sup}. Started: id=riak_pipe_vnode_master,pid=<0.281.0>.
2026-09-11 20:01:05.506314+09:00 [info] <0.280.0>@supervisor:report_progress/2:1582 Supervisor: {local,riak_pipe_sup}. Started: id=riak_pipe_builder_sup,pid=<0.282.0>.
2026-09-11 20:01:05.515364+09:00 [info] <0.280.0>@supervisor:report_progress/2:1582 Supervisor: {local,riak_pipe_sup}. Started: id=riak_pipe_fitting_sup,pid=<0.283.0>.
2026-09-11 20:01:05.522813+09:00 [info] <0.280.0>@supervisor:report_progress/2:1582 Supervisor: {local,riak_pipe_sup}. Started: id=riak_pipe_qcover_sup,pid=<0.284.0>.
2026-09-11 20:01:05.527155+09:00 [info] <0.238.0>@supervisor:report_progress/2:1582 Supervisor: {local,riak_core_vnode_proxy_sup}. Started: id={riak_pipe_vnode,0},pid=<0.285.0>.
2026-09-11 20:01:05.527547+09:00 [info] <0.238.0>@supervisor:report_progress/2:1582 Supervisor: {local,riak_core_vnode_proxy_sup}. Started: id={riak_pipe_vnode,182687704666362864775460604089535377456991567872},pid=<0.286.0>.
2026-09-11 20:01:05.527823+09:00 [info] <0.238.0>@supervisor:report_progress/2:1582 Supervisor: {local,riak_core_vnode_proxy_sup}. Started: id={riak_pipe_vnode,365375409332725729550921208179070754913983135744},pid=<0.287.0>.
2026-09-11 20:01:05.528030+09:00 [info] <0.238.0>@supervisor:report_progress/2:1582 Supervisor: {local,riak_core_vnode_proxy_sup}. Started: id={riak_pipe_vnode,548063113999088594326381812268606132370974703616},pid=<0.288.0>.
2026-09-11 20:01:05.528219+09:00 [info] <0.238.0>@supervisor:report_progress/2:1582 Supervisor: {local,riak_core_vnode_proxy_sup}. Started: id={riak_pipe_vnode,730750818665451459101842416358141509827966271488},pid=<0.289.0>.
2026-09-11 20:01:05.528432+09:00 [info] <0.238.0>@supervisor:report_progress/2:1582 Supervisor: {local,riak_core_vnode_proxy_sup}. Started: id={riak_pipe_vnode,913438523331814323877303020447676887284957839360},pid=<0.290.0>.
2026-09-11 20:01:05.528795+09:00 [info] <0.238.0>@supervisor:report_progress/2:1582 Supervisor: {local,riak_core_vnode_proxy_sup}. Started: id={riak_pipe_vnode,1096126227998177188652763624537212264741949407232},pid=<0.291.0>.
2026-09-11 20:01:05.528927+09:00 [info] <0.238.0>@supervisor:report_progress/2:1582 Supervisor: {local,riak_core_vnode_proxy_sup}. Started: id={riak_pipe_vnode,1278813932664540053428224228626747642198940975104},pid=<0.292.0>.
2026-09-11 20:01:05.531629+09:00 [info] <0.247.0>@supervisor:report_progress/2:1582 Supervisor: {local,riak_core_stats_sup}. Started: id=riak_pipe_stat,pid=<0.293.0>.
2026-09-11 20:01:05.547947+09:00 [info] <0.44.0>@application_controller:info_started/2:2130 Application: riak_pipe. Started at: 'openriak-kv@node-03.cluster-a.openriak'.
2026-09-11 20:01:05.548351+09:00 [info] <0.44.0>@application_controller:info_started/2:2130 Application: tools. Started at: 'openriak-kv@node-03.cluster-a.openriak'.
2026-09-11 20:01:05.548705+09:00 [info] <0.44.0>@application_controller:info_started/2:2130 Application: riak_pb. Started at: 'openriak-kv@node-03.cluster-a.openriak'.
2026-09-11 20:01:05.576439+09:00 [info] <0.301.0>@supervisor:report_progress/2:1582 Supervisor: {local,riak_api_sup}. Started: id=riak_api_pb_registration_helper,pid=<0.302.0>.
2026-09-11 20:01:05.578063+09:00 [info] <0.301.0>@supervisor:report_progress/2:1582 Supervisor: {local,riak_api_sup}. Started: id=riak_api_pb_registrar,pid=<0.303.0>.
2026-09-11 20:01:05.579150+09:00 [info] <0.301.0>@supervisor:report_progress/2:1582 Supervisor: {local,riak_api_sup}. Started: id=riak_api_pb_sup,pid=<0.304.0>.
2026-09-11 20:01:05.579446+09:00 [info] <0.301.0>@supervisor:report_progress/2:1582 Supervisor: {local,riak_api_sup}. Started: id=[112,98,58,47,47,34,48,46,48,46,48,46,48,34,58,56,48,56,55],pid=<0.305.0>.
2026-09-11 20:01:05.595615+09:00 [info] <0.301.0>@supervisor:report_progress/2:1582 Supervisor: {local,riak_api_sup}. Started: id=[104,116,116,112,58,47,47,48,46,48,46,48,46,48,58,56,48,57,56],pid=<0.308.0>.
2026-09-11 20:01:05.597336+09:00 [info] <0.247.0>@supervisor:report_progress/2:1582 Supervisor: {local,riak_core_stats_sup}. Started: id=riak_api_stat,pid=<0.325.0>.
2026-09-11 20:01:05.606378+09:00 [info] <0.44.0>@application_controller:info_started/2:2130 Application: riak_api. Started at: 'openriak-kv@node-03.cluster-a.openriak'.
2026-09-11 20:01:05.608269+09:00 [info] <0.44.0>@application_controller:info_started/2:2130 Application: sidejob. Started at: 'openriak-kv@node-03.cluster-a.openriak'.
2026-09-11 20:01:05.608481+09:00 [info] <0.44.0>@application_controller:info_started/2:2130 Application: riak_dt. Started at: 'openriak-kv@node-03.cluster-a.openriak'.
2026-09-11 20:01:05.608587+09:00 [info] <0.44.0>@application_controller:info_started/2:2130 Application: sext. Started at: 'openriak-kv@node-03.cluster-a.openriak'.
2026-09-11 20:01:05.608707+09:00 [info] <0.44.0>@application_controller:info_started/2:2130 Application: lz4. Started at: 'openriak-kv@node-03.cluster-a.openriak'.
2026-09-11 20:01:05.608780+09:00 [info] <0.44.0>@application_controller:info_started/2:2130 Application: zstd. Started at: 'openriak-kv@node-03.cluster-a.openriak'.
2026-09-11 20:01:05.608919+09:00 [info] <0.44.0>@application_controller:info_started/2:2130 Application: leveled. Started at: 'openriak-kv@node-03.cluster-a.openriak'.
2026-09-11 20:01:05.608990+09:00 [info] <0.44.0>@application_controller:info_started/2:2130 Application: kv_index_tictactree. Started at: 'openriak-kv@node-03.cluster-a.openriak'.
2026-09-11 20:01:05.609075+09:00 [info] <0.44.0>@application_controller:info_started/2:2130 Application: hyper. Started at: 'openriak-kv@node-03.cluster-a.openriak'.
2026-09-11 20:01:05.609137+09:00 [info] <0.44.0>@application_controller:info_started/2:2130 Application: redbug. Started at: 'openriak-kv@node-03.cluster-a.openriak'.
2026-09-11 20:01:05.609216+09:00 [info] <0.44.0>@application_controller:info_started/2:2130 Application: recon. Started at: 'openriak-kv@node-03.cluster-a.openriak'.
2026-09-11 20:01:05.609276+09:00 [info] <0.44.0>@application_controller:info_started/2:2130 Application: riakc. Started at: 'openriak-kv@node-03.cluster-a.openriak'.
2026-09-11 20:01:05.614521+09:00 [info] <0.344.0>@supervisor:report_progress/2:1582 Supervisor: {local,ibrowse_sup}. Started: id=ibrowse,pid=<0.345.0>.
2026-09-11 20:01:05.614886+09:00 [info] <0.44.0>@application_controller:info_started/2:2130 Application: ibrowse. Started at: 'openriak-kv@node-03.cluster-a.openriak'.
2026-09-11 20:01:05.615206+09:00 [info] <0.44.0>@application_controller:info_started/2:2130 Application: rhc. Started at: 'openriak-kv@node-03.cluster-a.openriak'.
2026-09-11 20:01:05.632509+09:00 [info] <0.353.0>@supervisor:report_progress/2:1582 Supervisor: {local,riak_kv_put_fsm_sj_worker_sup}. Started: id=riak_kv_put_fsm_sj_1,pid=<0.354.0>.
2026-09-11 20:01:05.632943+09:00 [info] <0.353.0>@supervisor:report_progress/2:1582 Supervisor: {local,riak_kv_put_fsm_sj_worker_sup}. Started: id=riak_kv_put_fsm_sj_2,pid=<0.355.0>.
2026-09-11 20:01:05.633194+09:00 [info] <0.353.0>@supervisor:report_progress/2:1582 Supervisor: {local,riak_kv_put_fsm_sj_worker_sup}. Started: id=riak_kv_put_fsm_sj_3,pid=<0.356.0>.
2026-09-11 20:01:05.633416+09:00 [info] <0.353.0>@supervisor:report_progress/2:1582 Supervisor: {local,riak_kv_put_fsm_sj_worker_sup}. Started: id=riak_kv_put_fsm_sj_4,pid=<0.357.0>.
2026-09-11 20:01:05.633628+09:00 [info] <0.353.0>@supervisor:report_progress/2:1582 Supervisor: {local,riak_kv_put_fsm_sj_worker_sup}. Started: id=riak_kv_put_fsm_sj_5,pid=<0.358.0>.
2026-09-11 20:01:05.633885+09:00 [info] <0.353.0>@supervisor:report_progress/2:1582 Supervisor: {local,riak_kv_put_fsm_sj_worker_sup}. Started: id=riak_kv_put_fsm_sj_6,pid=<0.359.0>.
2026-09-11 20:01:05.634109+09:00 [info] <0.353.0>@supervisor:report_progress/2:1582 Supervisor: {local,riak_kv_put_fsm_sj_worker_sup}. Started: id=riak_kv_put_fsm_sj_7,pid=<0.360.0>.
2026-09-11 20:01:05.634325+09:00 [info] <0.353.0>@supervisor:report_progress/2:1582 Supervisor: {local,riak_kv_put_fsm_sj_worker_sup}. Started: id=riak_kv_put_fsm_sj_8,pid=<0.361.0>.
2026-09-11 20:01:05.634482+09:00 [info] <0.352.0>@supervisor:report_progress/2:1582 Supervisor: {local,riak_kv_put_fsm_sj}. Started: id=sidejob_worker_sup,pid=<0.353.0>.
2026-09-11 20:01:05.634656+09:00 [info] <0.352.0>@supervisor:report_progress/2:1582 Supervisor: {local,riak_kv_put_fsm_sj}. Started: id=riak_kv_put_fsm_sj_stats,pid=<0.362.0>.
2026-09-11 20:01:05.634775+09:00 [info] <0.330.0>@supervisor:report_progress/2:1582 Supervisor: {local,sidejob_sup}. Started: id=riak_kv_put_fsm_sj,pid=<0.352.0>.
2026-09-11 20:01:05.639004+09:00 [info] <0.365.0>@supervisor:report_progress/2:1582 Supervisor: {local,riak_kv_get_fsm_sj_worker_sup}. Started: id=riak_kv_get_fsm_sj_1,pid=<0.366.0>.
2026-09-11 20:01:05.639344+09:00 [info] <0.365.0>@supervisor:report_progress/2:1582 Supervisor: {local,riak_kv_get_fsm_sj_worker_sup}. Started: id=riak_kv_get_fsm_sj_2,pid=<0.367.0>.
2026-09-11 20:01:05.639671+09:00 [info] <0.365.0>@supervisor:report_progress/2:1582 Supervisor: {local,riak_kv_get_fsm_sj_worker_sup}. Started: id=riak_kv_get_fsm_sj_3,pid=<0.368.0>.
2026-09-11 20:01:05.639918+09:00 [info] <0.365.0>@supervisor:report_progress/2:1582 Supervisor: {local,riak_kv_get_fsm_sj_worker_sup}. Started: id=riak_kv_get_fsm_sj_4,pid=<0.369.0>.
2026-09-11 20:01:05.640193+09:00 [info] <0.365.0>@supervisor:report_progress/2:1582 Supervisor: {local,riak_kv_get_fsm_sj_worker_sup}. Started: id=riak_kv_get_fsm_sj_5,pid=<0.370.0>.
2026-09-11 20:01:05.640467+09:00 [info] <0.365.0>@supervisor:report_progress/2:1582 Supervisor: {local,riak_kv_get_fsm_sj_worker_sup}. Started: id=riak_kv_get_fsm_sj_6,pid=<0.371.0>.
2026-09-11 20:01:05.640673+09:00 [info] <0.365.0>@supervisor:report_progress/2:1582 Supervisor: {local,riak_kv_get_fsm_sj_worker_sup}. Started: id=riak_kv_get_fsm_sj_7,pid=<0.372.0>.
2026-09-11 20:01:05.640890+09:00 [info] <0.365.0>@supervisor:report_progress/2:1582 Supervisor: {local,riak_kv_get_fsm_sj_worker_sup}. Started: id=riak_kv_get_fsm_sj_8,pid=<0.373.0>.
2026-09-11 20:01:05.640989+09:00 [info] <0.364.0>@supervisor:report_progress/2:1582 Supervisor: {local,riak_kv_get_fsm_sj}. Started: id=sidejob_worker_sup,pid=<0.365.0>.
2026-09-11 20:01:05.641110+09:00 [info] <0.364.0>@supervisor:report_progress/2:1582 Supervisor: {local,riak_kv_get_fsm_sj}. Started: id=riak_kv_get_fsm_sj_stats,pid=<0.374.0>.
2026-09-11 20:01:05.641191+09:00 [info] <0.330.0>@supervisor:report_progress/2:1582 Supervisor: {local,sidejob_sup}. Started: id=riak_kv_get_fsm_sj,pid=<0.364.0>.
2026-09-11 20:01:05.649798+09:00 [info] <0.377.0>@supervisor:report_progress/2:1582 Supervisor: {local,riak_kv_stat_sj_worker_sup}. Started: id=riak_kv_stat_sj_1,pid=<0.378.0>.
2026-09-11 20:01:05.650235+09:00 [info] <0.377.0>@supervisor:report_progress/2:1582 Supervisor: {local,riak_kv_stat_sj_worker_sup}. Started: id=riak_kv_stat_sj_2,pid=<0.379.0>.
2026-09-11 20:01:05.650522+09:00 [info] <0.377.0>@supervisor:report_progress/2:1582 Supervisor: {local,riak_kv_stat_sj_worker_sup}. Started: id=riak_kv_stat_sj_3,pid=<0.380.0>.
2026-09-11 20:01:05.650867+09:00 [info] <0.377.0>@supervisor:report_progress/2:1582 Supervisor: {local,riak_kv_stat_sj_worker_sup}. Started: id=riak_kv_stat_sj_4,pid=<0.381.0>.
2026-09-11 20:01:05.651148+09:00 [info] <0.377.0>@supervisor:report_progress/2:1582 Supervisor: {local,riak_kv_stat_sj_worker_sup}. Started: id=riak_kv_stat_sj_5,pid=<0.382.0>.
2026-09-11 20:01:05.651390+09:00 [info] <0.377.0>@supervisor:report_progress/2:1582 Supervisor: {local,riak_kv_stat_sj_worker_sup}. Started: id=riak_kv_stat_sj_6,pid=<0.383.0>.
2026-09-11 20:01:05.651593+09:00 [info] <0.377.0>@supervisor:report_progress/2:1582 Supervisor: {local,riak_kv_stat_sj_worker_sup}. Started: id=riak_kv_stat_sj_7,pid=<0.384.0>.
2026-09-11 20:01:05.651808+09:00 [info] <0.377.0>@supervisor:report_progress/2:1582 Supervisor: {local,riak_kv_stat_sj_worker_sup}. Started: id=riak_kv_stat_sj_8,pid=<0.385.0>.
2026-09-11 20:01:05.651922+09:00 [info] <0.376.0>@supervisor:report_progress/2:1582 Supervisor: {local,riak_kv_stat_sj}. Started: id=sidejob_worker_sup,pid=<0.377.0>.
2026-09-11 20:01:05.652095+09:00 [info] <0.376.0>@supervisor:report_progress/2:1582 Supervisor: {local,riak_kv_stat_sj}. Started: id=riak_kv_stat_sj_stats,pid=<0.386.0>.
2026-09-11 20:01:05.652210+09:00 [info] <0.330.0>@supervisor:report_progress/2:1582 Supervisor: {local,sidejob_sup}. Started: id=riak_kv_stat_sj,pid=<0.376.0>.
2026-09-11 20:01:05.675630+09:00 [info] <0.350.0>@riak_kv_env:doc_env/0:47 Environment and OS variables:
2026-09-11 20:01:06.002411+09:00 [info] <0.242.0>@riak_core_capability:process_capability_changes/2:557 New capability: {riak_kv,object_hash_version} = 0
2026-09-11 20:01:06.013503+09:00 [info] <0.242.0>@riak_core_capability:process_capability_changes/2:557 New capability: {riak_kv,anti_entropy} = enabled_v1
2026-09-11 20:01:06.025809+09:00 [info] <0.391.0>@riak_core_throttle:enable_throttle/2:121 Enabling throttle for riak_kv/aae_throttle.
2026-09-11 20:01:06.026108+09:00 [info] <0.390.0>@supervisor:report_progress/2:1582 Supervisor: {local,riak_kv_sup}. Started: id=riak_kv_entropy_manager,pid=<0.391.0>.
2026-09-11 20:01:06.038697+09:00 [info] <0.390.0>@supervisor:report_progress/2:1582 Supervisor: {local,riak_kv_sup}. Started: id=riak_kv_ttaaefs_manager,pid=<0.392.0>.
2026-09-11 20:01:06.046366+09:00 [info] <0.390.0>@supervisor:report_progress/2:1582 Supervisor: {local,riak_kv_sup}. Started: id=riak_kv_replrtq_src,pid=<0.393.0>.
2026-09-11 20:01:06.054009+09:00 [info] <0.390.0>@supervisor:report_progress/2:1582 Supervisor: {local,riak_kv_sup}. Started: id=riak_kv_replrtq_snk,pid=<0.394.0>.
2026-09-11 20:01:06.064255+09:00 [info] <0.390.0>@supervisor:report_progress/2:1582 Supervisor: {local,riak_kv_sup}. Started: id=riak_kv_replrtq_peer,pid=<0.395.0>.
2026-09-11 20:01:06.073425+09:00 [info] <0.390.0>@supervisor:report_progress/2:1582 Supervisor: {local,riak_kv_sup}. Started: id=riak_kv_reaper,pid=<0.396.0>.
2026-09-11 20:01:06.080138+09:00 [info] <0.390.0>@supervisor:report_progress/2:1582 Supervisor: {local,riak_kv_sup}. Started: id=riak_kv_eraser,pid=<0.397.0>.
2026-09-11 20:01:06.085267+09:00 [info] <0.390.0>@supervisor:report_progress/2:1582 Supervisor: {local,riak_kv_sup}. Started: id=riak_kv_reader,pid=<0.398.0>.
2026-09-11 20:01:06.090913+09:00 [info] <0.390.0>@supervisor:report_progress/2:1582 Supervisor: {local,riak_kv_sup}. Started: id=riak_kv_token_manager,pid=<0.399.0>.
2026-09-11 20:01:06.091143+09:00 [info] <0.390.0>@supervisor:report_progress/2:1582 Supervisor: {local,riak_kv_sup}. Started: id=riak_kv_vnode_master,pid=<0.400.0>.
2026-09-11 20:01:06.091246+09:00 [info] <0.400.0>@riak_core:wait_for_service/2:498 Waiting for service riak_kv to start (0 seconds)
2026-09-11 20:01:06.095230+09:00 [info] <0.401.0>@supervisor:report_progress/2:1582 Supervisor: {local,riak_kv_w1c_sup}. Started: id=riak_kv_w1c_worker00,pid=<0.402.0>.
2026-09-11 20:01:06.095498+09:00 [info] <0.401.0>@supervisor:report_progress/2:1582 Supervisor: {local,riak_kv_w1c_sup}. Started: id=riak_kv_w1c_worker01,pid=<0.403.0>.
2026-09-11 20:01:06.095590+09:00 [info] <0.401.0>@supervisor:report_progress/2:1582 Supervisor: {local,riak_kv_w1c_sup}. Started: id=riak_kv_w1c_worker02,pid=<0.404.0>.
2026-09-11 20:01:06.095675+09:00 [info] <0.401.0>@supervisor:report_progress/2:1582 Supervisor: {local,riak_kv_w1c_sup}. Started: id=riak_kv_w1c_worker03,pid=<0.405.0>.
2026-09-11 20:01:06.095739+09:00 [info] <0.401.0>@supervisor:report_progress/2:1582 Supervisor: {local,riak_kv_w1c_sup}. Started: id=riak_kv_w1c_worker04,pid=<0.406.0>.
2026-09-11 20:01:06.095811+09:00 [info] <0.401.0>@supervisor:report_progress/2:1582 Supervisor: {local,riak_kv_w1c_sup}. Started: id=riak_kv_w1c_worker05,pid=<0.407.0>.
2026-09-11 20:01:06.095875+09:00 [info] <0.401.0>@supervisor:report_progress/2:1582 Supervisor: {local,riak_kv_w1c_sup}. Started: id=riak_kv_w1c_worker06,pid=<0.408.0>.
2026-09-11 20:01:06.095966+09:00 [info] <0.401.0>@supervisor:report_progress/2:1582 Supervisor: {local,riak_kv_w1c_sup}. Started: id=riak_kv_w1c_worker07,pid=<0.409.0>.
2026-09-11 20:01:06.096015+09:00 [info] <0.390.0>@supervisor:report_progress/2:1582 Supervisor: {local,riak_kv_sup}. Started: id=riak_kv_w1c_sup,pid=<0.401.0>.
2026-09-11 20:01:06.098113+09:00 [info] <0.390.0>@supervisor:report_progress/2:1582 Supervisor: {local,riak_kv_sup}. Started: id=riak_kv_delete_sup,pid=<0.410.0>.
2026-09-11 20:01:06.100355+09:00 [info] <0.390.0>@supervisor:report_progress/2:1582 Supervisor: {local,riak_kv_sup}. Started: id=riak_kv_mrc_sink_sup,pid=<0.411.0>.
2026-09-11 20:01:06.102025+09:00 [info] <0.390.0>@supervisor:report_progress/2:1582 Supervisor: {local,riak_kv_sup}. Started: id=riak_kv_buckets_fsm_sup,pid=<0.412.0>.
2026-09-11 20:01:06.104237+09:00 [info] <0.390.0>@supervisor:report_progress/2:1582 Supervisor: {local,riak_kv_sup}. Started: id=riak_kv_keys_fsm_sup,pid=<0.413.0>.
2026-09-11 20:01:06.105622+09:00 [info] <0.390.0>@supervisor:report_progress/2:1582 Supervisor: {local,riak_kv_sup}. Started: id=riak_kv_index_fsm_sup,pid=<0.414.0>.
2026-09-11 20:01:06.108347+09:00 [info] <0.390.0>@supervisor:report_progress/2:1582 Supervisor: {local,riak_kv_sup}. Started: id=riak_kv_query_sup,pid=<0.415.0>.
2026-09-11 20:01:06.116438+09:00 [info] <0.390.0>@supervisor:report_progress/2:1582 Supervisor: {local,riak_kv_sup}. Started: id=riak_kv_clusteraae_fsm_sup,pid=<0.416.0>.
2026-09-11 20:01:06.119151+09:00 [info] <0.390.0>@supervisor:report_progress/2:1582 Supervisor: {local,riak_kv_sup}. Started: id=riak_kv_hotbackup_fsm_sup,pid=<0.417.0>.
2026-09-11 20:01:06.122445+09:00 [info] <0.390.0>@supervisor:report_progress/2:1582 Supervisor: {local,riak_kv_sup}. Started: id=riak_kv_http_cache,pid=<0.418.0>.
2026-09-11 20:01:06.123059+09:00 [info] <0.242.0>@riak_core_capability:process_capability_changes/2:557 New capability: {riak_kv,vnode_vclocks} = true
2026-09-11 20:01:06.131845+09:00 [info] <0.242.0>@riak_core_capability:process_capability_changes/2:557 New capability: {riak_kv,legacy_keylisting} = false
2026-09-11 20:01:06.141749+09:00 [info] <0.242.0>@riak_core_capability:process_capability_changes/2:557 New capability: {riak_kv,listkeys_backpressure} = true
2026-09-11 20:01:06.155086+09:00 [info] <0.242.0>@riak_core_capability:process_capability_changes/2:557 New capability: {riak_kv,index_backpressure} = true
2026-09-11 20:01:06.163542+09:00 [info] <0.242.0>@riak_core_capability:process_capability_changes/2:557 New capability: {riak_kv,mapred_system} = pipe
2026-09-11 20:01:06.177795+09:00 [info] <0.242.0>@riak_core_capability:process_capability_changes/2:557 New capability: {riak_kv,mapred_2i_pipe} = true
2026-09-11 20:01:06.188238+09:00 [info] <0.242.0>@riak_core_capability:process_capability_changes/2:557 New capability: {riak_kv,handoff_data_encoding} = encode_raw
2026-09-11 20:01:06.196497+09:00 [info] <0.242.0>@riak_core_capability:process_capability_changes/2:557 New capability: {riak_kv,object_format} = v1
2026-09-11 20:01:06.209390+09:00 [info] <0.242.0>@riak_core_capability:process_capability_changes/2:557 New capability: {riak_kv,secondary_index_version} = v3
2026-09-11 20:01:06.219227+09:00 [info] <0.242.0>@riak_core_capability:process_capability_changes/2:557 New capability: {riak_kv,vclock_data_encoding} = encode_zlib
2026-09-11 20:01:06.226265+09:00 [info] <0.242.0>@riak_core_capability:process_capability_changes/2:557 New capability: {riak_kv,crdt} = [pncounter,riak_dt_pncounter,riak_dt_orswot,riak_dt_map,riak_kv_hll,riak_dt_gset]
2026-09-11 20:01:06.237424+09:00 [info] <0.242.0>@riak_core_capability:process_capability_changes/2:557 New capability: {riak_kv,crdt_epoch_versions} = [{riak_dt_map,2},{riak_dt_orswot,2},{riak_dt_pncounter,2},{riak_kv_hll,1},{riak_dt_gset,2}]
2026-09-11 20:01:06.248287+09:00 [info] <0.242.0>@riak_core_capability:process_capability_changes/2:557 New capability: {riak_kv,put_fsm_ack_execute} = enabled
2026-09-11 20:01:06.257560+09:00 [info] <0.242.0>@riak_core_capability:process_capability_changes/2:557 New capability: {riak_kv,get_request_type} = head
2026-09-11 20:01:06.266671+09:00 [info] <0.242.0>@riak_core_capability:process_capability_changes/2:557 New capability: {riak_kv,put_soft_limit} = true
2026-09-11 20:01:06.276731+09:00 [info] <0.242.0>@riak_core_capability:process_capability_changes/2:557 New capability: {riak_kv,tictacaae_prompted_repairs} = true
2026-09-11 20:01:06.284433+09:00 [info] <0.238.0>@supervisor:report_progress/2:1582 Supervisor: {local,riak_core_vnode_proxy_sup}. Started: id={riak_kv_vnode,0},pid=<0.419.0>.
2026-09-11 20:01:06.284723+09:00 [info] <0.238.0>@supervisor:report_progress/2:1582 Supervisor: {local,riak_core_vnode_proxy_sup}. Started: id={riak_kv_vnode,182687704666362864775460604089535377456991567872},pid=<0.420.0>.
2026-09-11 20:01:06.284843+09:00 [info] <0.238.0>@supervisor:report_progress/2:1582 Supervisor: {local,riak_core_vnode_proxy_sup}. Started: id={riak_kv_vnode,365375409332725729550921208179070754913983135744},pid=<0.421.0>.
2026-09-11 20:01:06.284936+09:00 [info] <0.238.0>@supervisor:report_progress/2:1582 Supervisor: {local,riak_core_vnode_proxy_sup}. Started: id={riak_kv_vnode,548063113999088594326381812268606132370974703616},pid=<0.422.0>.
2026-09-11 20:01:06.285015+09:00 [info] <0.238.0>@supervisor:report_progress/2:1582 Supervisor: {local,riak_core_vnode_proxy_sup}. Started: id={riak_kv_vnode,730750818665451459101842416358141509827966271488},pid=<0.423.0>.
2026-09-11 20:01:06.285091+09:00 [info] <0.238.0>@supervisor:report_progress/2:1582 Supervisor: {local,riak_core_vnode_proxy_sup}. Started: id={riak_kv_vnode,913438523331814323877303020447676887284957839360},pid=<0.424.0>.
2026-09-11 20:01:06.285145+09:00 [info] <0.238.0>@supervisor:report_progress/2:1582 Supervisor: {local,riak_core_vnode_proxy_sup}. Started: id={riak_kv_vnode,1096126227998177188652763624537212264741949407232},pid=<0.425.0>.
2026-09-11 20:01:06.285211+09:00 [info] <0.238.0>@supervisor:report_progress/2:1582 Supervisor: {local,riak_core_vnode_proxy_sup}. Started: id={riak_kv_vnode,1278813932664540053428224228626747642198940975104},pid=<0.426.0>.
2026-09-11 20:01:06.297611+09:00 [info] <0.247.0>@supervisor:report_progress/2:1582 Supervisor: {local,riak_core_stats_sup}. Started: id=riak_kv_stat,pid=<0.427.0>.
2026-09-11 20:01:06.345375+09:00 [info] <0.249.0>@riak_core_node_worker_pool:start_link/5:85 Registered worker pool of type af1_pool and size 2
2026-09-11 20:01:06.345656+09:00 [info] <0.249.0>@supervisor:report_progress/2:1582 Supervisor: {local,riak_core_node_worker_pool_sup}. Started: id=af1_pool,pid=<0.569.0>.
2026-09-11 20:01:06.346094+09:00 [info] <0.249.0>@riak_core_node_worker_pool:start_link/5:85 Registered worker pool of type af2_pool and size 1
2026-09-11 20:01:06.346218+09:00 [info] <0.249.0>@supervisor:report_progress/2:1582 Supervisor: {local,riak_core_node_worker_pool_sup}. Started: id=af2_pool,pid=<0.574.0>.
2026-09-11 20:01:06.347008+09:00 [info] <0.249.0>@riak_core_node_worker_pool:start_link/5:85 Registered worker pool of type af3_pool and size 4
2026-09-11 20:01:06.347237+09:00 [info] <0.249.0>@supervisor:report_progress/2:1582 Supervisor: {local,riak_core_node_worker_pool_sup}. Started: id=af3_pool,pid=<0.578.0>.
2026-09-11 20:01:06.347584+09:00 [info] <0.249.0>@riak_core_node_worker_pool:start_link/5:85 Registered worker pool of type af4_pool and size 1
2026-09-11 20:01:06.347756+09:00 [info] <0.249.0>@supervisor:report_progress/2:1582 Supervisor: {local,riak_core_node_worker_pool_sup}. Started: id=af4_pool,pid=<0.585.0>.
2026-09-11 20:01:06.348038+09:00 [info] <0.249.0>@riak_core_node_worker_pool:start_link/5:85 Registered worker pool of type be_pool and size 1
2026-09-11 20:01:06.348192+09:00 [info] <0.249.0>@supervisor:report_progress/2:1582 Supervisor: {local,riak_core_node_worker_pool_sup}. Started: id=be_pool,pid=<0.589.0>.
2026-09-11 20:01:06.376374+09:00 [info] <0.44.0>@application_controller:info_started/2:2130 Application: riak_kv. Started at: 'openriak-kv@node-03.cluster-a.openriak'.
2026-09-11 20:01:06.376884+09:00 [info] <0.44.0>@application_controller:info_started/2:2130 Application: ebloom. Started at: 'openriak-kv@node-03.cluster-a.openriak'.
2026-09-11 20:01:06.377316+09:00 [info] <0.44.0>@application_controller:info_started/2:2130 Application: bear. Started at: 'openriak-kv@node-03.cluster-a.openriak'.
2026-09-11 20:01:06.384729+09:00 [info] <0.598.0>@supervisor:report_progress/2:1582 Supervisor: {local,folsom_sup}. Started: id=folsom_sample_slide_sup,pid=<0.599.0>.
2026-09-11 20:01:06.386404+09:00 [info] <0.598.0>@supervisor:report_progress/2:1582 Supervisor: {local,folsom_sup}. Started: id=folsom_meter_timer_server,pid=<0.600.0>.
2026-09-11 20:01:06.388096+09:00 [info] <0.598.0>@supervisor:report_progress/2:1582 Supervisor: {local,folsom_sup}. Started: id=folsom_metrics_histogram_ets,pid=<0.601.0>.
2026-09-11 20:01:06.390054+09:00 [info] <0.598.0>@supervisor:report_progress/2:1582 Supervisor: {local,folsom_sup}. Started: id=folsom_metrics_spiral,pid=<0.602.0>.
2026-09-11 20:01:06.391571+09:00 [info] <0.598.0>@supervisor:report_progress/2:1582 Supervisor: {local,folsom_sup}. Started: id=folsom_metrics_history,pid=<0.603.0>.
2026-09-11 20:01:06.392869+09:00 [info] <0.598.0>@supervisor:report_progress/2:1582 Supervisor: {local,folsom_sup}. Started: id=folsom_metrics_histogram,pid=<0.604.0>.
2026-09-11 20:01:06.394199+09:00 [info] <0.598.0>@supervisor:report_progress/2:1582 Supervisor: {local,folsom_sup}. Started: id=folsom_metrics_duration,pid=<0.605.0>.
2026-09-11 20:01:06.395666+09:00 [info] <0.598.0>@supervisor:report_progress/2:1582 Supervisor: {local,folsom_sup}. Started: id=folsom_metrics_counter,pid=<0.606.0>.
2026-09-11 20:01:06.396989+09:00 [info] <0.598.0>@supervisor:report_progress/2:1582 Supervisor: {local,folsom_sup}. Started: id=folsom_metrics_gauge,pid=<0.607.0>.
2026-09-11 20:01:06.398471+09:00 [info] <0.598.0>@supervisor:report_progress/2:1582 Supervisor: {local,folsom_sup}. Started: id=folsom_metrics_meter,pid=<0.608.0>.
2026-09-11 20:01:06.399944+09:00 [info] <0.598.0>@supervisor:report_progress/2:1582 Supervisor: {local,folsom_sup}. Started: id=folsom_metrics_meter_reader,pid=<0.609.0>.
2026-09-11 20:01:06.400144+09:00 [info] <0.44.0>@application_controller:info_started/2:2130 Application: folsom. Started at: 'openriak-kv@node-03.cluster-a.openriak'.
2026-09-11 20:01:06.404578+09:00 [info] <0.613.0>@supervisor:report_progress/2:1582 Supervisor: {local,ranch_sup}. Started: id=ranch_server,pid=<0.614.0>.
2026-09-11 20:01:06.404873+09:00 [info] <0.44.0>@application_controller:info_started/2:2130 Application: ranch. Started at: 'openriak-kv@node-03.cluster-a.openriak'.
2026-09-11 20:01:06.407552+09:00 [info] <0.617.0>@riak_core:wait_for_service/2:498 Waiting for service riak_kv to start (0 seconds)
2026-09-11 20:01:16.378886+09:00 [info] <0.241.0>@riak_core_vnode_manager:update_never_started/4:1026 Update never started for Mod riak_kv_vnode with count 8 to be added to 0
2026-09-11 20:01:16.379072+09:00 [info] <0.241.0>@riak_core_vnode_manager:update_never_started/4:1026 Update never started for Mod riak_pipe_vnode with count 8 to be added to 8
2026-09-11 20:01:16.379493+09:00 [info] <0.717.0>@riak_core_vnode_manager:get_vnode/3:733 Will start VNode for partition 0 riak_pipe_vnode
2026-09-11 20:01:16.406282+09:00 [info] <0.717.0>@riak_core_vnode_manager:get_vnode/3:743 VNode initialization ready <0.718.0> 0 riak_pipe_vnode
2026-09-11 20:01:16.406696+09:00 [info] <0.721.0>@riak_core_vnode_manager:get_vnode/3:733 Will start VNode for partition 182687704666362864775460604089535377456991567872 riak_kv_vnode
2026-09-11 20:01:16.406751+09:00 [info] <0.722.0>@riak_core_vnode_manager:get_vnode/3:733 Will start VNode for partition 365375409332725729550921208179070754913983135744 riak_kv_vnode
2026-09-11 20:01:16.406804+09:00 [info] <0.725.0>@riak_core_vnode_manager:get_vnode/3:733 Will start VNode for partition 913438523331814323877303020447676887284957839360 riak_kv_vnode
2026-09-11 20:01:16.406843+09:00 [info] <0.726.0>@riak_core_vnode_manager:get_vnode/3:733 Will start VNode for partition 1096126227998177188652763624537212264741949407232 riak_kv_vnode
2026-09-11 20:01:16.406872+09:00 [info] <0.727.0>@riak_core_vnode_manager:get_vnode/3:733 Will start VNode for partition 1278813932664540053428224228626747642198940975104 riak_kv_vnode
2026-09-11 20:01:16.406658+09:00 [info] <0.720.0>@riak_core_vnode_manager:get_vnode/3:733 Will start VNode for partition 0 riak_kv_vnode
2026-09-11 20:01:16.406977+09:00 [info] <0.723.0>@riak_core_vnode_manager:get_vnode/3:733 Will start VNode for partition 548063113999088594326381812268606132370974703616 riak_kv_vnode
2026-09-11 20:01:16.406987+09:00 [info] <0.724.0>@riak_core_vnode_manager:get_vnode/3:733 Will start VNode for partition 730750818665451459101842416358141509827966271488 riak_kv_vnode
2026-09-11 20:01:16.527316+09:00 [info] <0.772.0>@leveled_inker:open_all_manifest/2:1269 log_ref=i0011 db_id=7 Manifest is empty, starting from manifest SQN 1
2026-09-11 20:01:16.527576+09:00 [info] <0.770.0>@leveled_inker:open_all_manifest/2:1269 log_ref=i0011 db_id=0 Manifest is empty, starting from manifest SQN 1
2026-09-11 20:01:16.527708+09:00 [info] <0.771.0>@leveled_inker:open_all_manifest/2:1269 log_ref=i0011 db_id=6 Manifest is empty, starting from manifest SQN 1
2026-09-11 20:01:16.527949+09:00 [info] <0.774.0>@leveled_inker:open_all_manifest/2:1269 log_ref=i0011 db_id=1 Manifest is empty, starting from manifest SQN 1
2026-09-11 20:01:16.528096+09:00 [info] <0.775.0>@leveled_inker:open_all_manifest/2:1269 log_ref=i0011 db_id=2 Manifest is empty, starting from manifest SQN 1
2026-09-11 20:01:16.528247+09:00 [info] <0.777.0>@leveled_inker:open_all_manifest/2:1269 log_ref=i0011 db_id=5 Manifest is empty, starting from manifest SQN 1
2026-09-11 20:01:16.528370+09:00 [info] <0.776.0>@leveled_inker:open_all_manifest/2:1269 log_ref=i0011 db_id=4 Manifest is empty, starting from manifest SQN 1
2026-09-11 20:01:16.528488+09:00 [info] <0.773.0>@leveled_inker:open_all_manifest/2:1269 log_ref=i0011 db_id=3 Manifest is empty, starting from manifest SQN 1
2026-09-11 20:01:16.579355+09:00 [info] <0.787.0>@leveled_cdb:starting/3:479 log_ref=cdb01 db_id=1 Opening file for writing with filename /var/lib/riak/leveled/182687704666362864775460604089535377456991567872/journal/journal_files/0_d7be7d99-738b-4bc0-afd9-6a6723389998.pnd
2026-09-11 20:01:16.579376+09:00 [info] <0.788.0>@leveled_cdb:starting/3:479 log_ref=cdb01 db_id=0 Opening file for writing with filename /var/lib/riak/leveled/0/journal/journal_files/0_3ac0b90f-fa75-45b0-901e-1b8c86440af1.pnd
2026-09-11 20:01:16.579591+09:00 [info] <0.791.0>@leveled_cdb:starting/3:479 log_ref=cdb01 db_id=6 Opening file for writing with filename /var/lib/riak/leveled/1096126227998177188652763624537212264741949407232/journal/journal_files/0_c3131195-5ba2-4ad5-bbea-e096344aba38.pnd
2026-09-11 20:01:16.579638+09:00 [info] <0.790.0>@leveled_cdb:starting/3:479 log_ref=cdb01 db_id=7 Opening file for writing with filename /var/lib/riak/leveled/1278813932664540053428224228626747642198940975104/journal/journal_files/0_e0cd0b89-5c9c-4de4-b1b8-7f13f544726c.pnd
2026-09-11 20:01:16.579936+09:00 [info] <0.792.0>@leveled_cdb:starting/3:479 log_ref=cdb01 db_id=3 Opening file for writing with filename /var/lib/riak/leveled/548063113999088594326381812268606132370974703616/journal/journal_files/0_90ae03ef-f6e5-46ed-bf9b-f611b4760675.pnd
2026-09-11 20:01:16.579860+09:00 [info] <0.789.0>@leveled_cdb:starting/3:479 log_ref=cdb01 db_id=5 Opening file for writing with filename /var/lib/riak/leveled/913438523331814323877303020447676887284957839360/journal/journal_files/0_5d48e89f-9d93-406f-b2d7-fd61b261a023.pnd
2026-09-11 20:01:16.580327+09:00 [info] <0.793.0>@leveled_cdb:starting/3:479 log_ref=cdb01 db_id=2 Opening file for writing with filename /var/lib/riak/leveled/365375409332725729550921208179070754913983135744/journal/journal_files/0_855b5d28-87ee-4fbc-926e-036e242b233b.pnd
2026-09-11 20:01:16.580568+09:00 [info] <0.794.0>@leveled_cdb:starting/3:479 log_ref=cdb01 db_id=4 Opening file for writing with filename /var/lib/riak/leveled/730750818665451459101842416358141509827966271488/journal/journal_files/0_b08ae04f-d462-4ad9-b143-111fdae4a2c7.pnd
2026-09-11 20:01:16.581107+09:00 [info] <0.771.0>@leveled_inker:build_manifest/3:1238 log_ref=i0009 db_id=6 Updated manifest on startup:
2026-09-11 20:01:16.581276+09:00 [info] <0.774.0>@leveled_inker:build_manifest/3:1238 log_ref=i0009 db_id=1 Updated manifest on startup:
2026-09-11 20:01:16.581214+09:00 [info] <0.772.0>@leveled_inker:build_manifest/3:1238 log_ref=i0009 db_id=7 Updated manifest on startup:
2026-09-11 20:01:16.581829+09:00 [info] <0.773.0>@leveled_inker:build_manifest/3:1238 log_ref=i0009 db_id=3 Updated manifest on startup:
2026-09-11 20:01:16.582317+09:00 [info] <0.771.0>@leveled_imanifest:writer/3:187 log_ref=i0016 db_id=6 Writing new version of manifest for manifestSQN=2
2026-09-11 20:01:16.582520+09:00 [info] <0.774.0>@leveled_imanifest:writer/3:187 log_ref=i0016 db_id=1 Writing new version of manifest for manifestSQN=2
2026-09-11 20:01:16.584623+09:00 [info] <0.770.0>@leveled_inker:build_manifest/3:1238 log_ref=i0009 db_id=0 Updated manifest on startup:
2026-09-11 20:01:16.584566+09:00 [info] <0.776.0>@leveled_inker:build_manifest/3:1238 log_ref=i0009 db_id=4 Updated manifest on startup:
2026-09-11 20:01:16.584597+09:00 [info] <0.777.0>@leveled_inker:build_manifest/3:1238 log_ref=i0009 db_id=5 Updated manifest on startup:
2026-09-11 20:01:16.583003+09:00 [info] <0.775.0>@leveled_inker:build_manifest/3:1238 log_ref=i0009 db_id=2 Updated manifest on startup:
2026-09-11 20:01:16.584913+09:00 [info] <0.773.0>@leveled_imanifest:writer/3:187 log_ref=i0016 db_id=3 Writing new version of manifest for manifestSQN=2
2026-09-11 20:01:16.585205+09:00 [info] <0.770.0>@leveled_imanifest:writer/3:187 log_ref=i0016 db_id=0 Writing new version of manifest for manifestSQN=2
2026-09-11 20:01:16.585521+09:00 [info] <0.777.0>@leveled_imanifest:writer/3:187 log_ref=i0016 db_id=5 Writing new version of manifest for manifestSQN=2
2026-09-11 20:01:16.585560+09:00 [info] <0.775.0>@leveled_imanifest:writer/3:187 log_ref=i0016 db_id=2 Writing new version of manifest for manifestSQN=2
2026-09-11 20:01:16.585302+09:00 [info] <0.776.0>@leveled_imanifest:writer/3:187 log_ref=i0016 db_id=4 Writing new version of manifest for manifestSQN=2
2026-09-11 20:01:16.583674+09:00 [info] <0.772.0>@leveled_imanifest:writer/3:187 log_ref=i0016 db_id=7 Writing new version of manifest for manifestSQN=2
2026-09-11 20:01:16.604091+09:00 [info] <0.795.0>@leveled_pclerk:clerk_new/3:78 log_ref=pc001 db_id=6 Penciller's clerk <0.808.0> started with owner <0.795.0>
2026-09-11 20:01:16.604228+09:00 [info] <0.802.0>@leveled_pclerk:clerk_new/3:78 log_ref=pc001 db_id=5 Penciller's clerk <0.803.0> started with owner <0.802.0>
2026-09-11 20:01:16.604291+09:00 [info] <0.796.0>@leveled_pclerk:clerk_new/3:78 log_ref=pc001 db_id=0 Penciller's clerk <0.807.0> started with owner <0.796.0>
2026-09-11 20:01:16.604351+09:00 [info] <0.801.0>@leveled_pclerk:clerk_new/3:78 log_ref=pc001 db_id=1 Penciller's clerk <0.804.0> started with owner <0.801.0>
2026-09-11 20:01:16.604391+09:00 [info] <0.800.0>@leveled_pclerk:clerk_new/3:78 log_ref=pc001 db_id=2 Penciller's clerk <0.805.0> started with owner <0.800.0>
2026-09-11 20:01:16.604429+09:00 [info] <0.797.0>@leveled_pclerk:clerk_new/3:78 log_ref=pc001 db_id=3 Penciller's clerk <0.806.0> started with owner <0.797.0>
2026-09-11 20:01:16.604780+09:00 [info] <0.799.0>@leveled_pclerk:clerk_new/3:78 log_ref=pc001 db_id=7 Penciller's clerk <0.809.0> started with owner <0.799.0>
2026-09-11 20:01:16.605006+09:00 [info] <0.798.0>@leveled_pclerk:clerk_new/3:78 log_ref=pc001 db_id=4 Penciller's clerk <0.810.0> started with owner <0.798.0>
2026-09-11 20:01:16.637167+09:00 [info] <0.800.0>@leveled_pmanifest:open_manifestfile/2:1180 log_ref=p0013 db_id=2 Seqence number of 0 indicates no valid manifest
2026-09-11 20:01:16.637166+09:00 [info] <0.795.0>@leveled_pmanifest:open_manifestfile/2:1180 log_ref=p0013 db_id=6 Seqence number of 0 indicates no valid manifest
2026-09-11 20:01:16.637630+09:00 [info] <0.801.0>@leveled_pmanifest:open_manifestfile/2:1180 log_ref=p0013 db_id=1 Seqence number of 0 indicates no valid manifest
2026-09-11 20:01:16.637766+09:00 [info] <0.798.0>@leveled_pmanifest:open_manifestfile/2:1180 log_ref=p0013 db_id=4 Seqence number of 0 indicates no valid manifest
2026-09-11 20:01:16.638251+09:00 [info] <0.797.0>@leveled_pmanifest:open_manifestfile/2:1180 log_ref=p0013 db_id=3 Seqence number of 0 indicates no valid manifest
2026-09-11 20:01:16.638479+09:00 [info] <0.799.0>@leveled_pmanifest:open_manifestfile/2:1180 log_ref=p0013 db_id=7 Seqence number of 0 indicates no valid manifest
2026-09-11 20:01:16.638877+09:00 [info] <0.796.0>@leveled_pmanifest:open_manifestfile/2:1180 log_ref=p0013 db_id=0 Seqence number of 0 indicates no valid manifest
2026-09-11 20:01:16.638972+09:00 [info] <0.802.0>@leveled_pmanifest:open_manifestfile/2:1180 log_ref=p0013 db_id=5 Seqence number of 0 indicates no valid manifest
2026-09-11 20:01:16.643726+09:00 [info] <0.797.0>@leveled_penciller:start_from_file/1:1508 log_ref=p0014 db_id=3 Maximum sequence number of 0 found in nonzero levels
2026-09-11 20:01:16.643891+09:00 [info] <0.795.0>@leveled_penciller:start_from_file/1:1508 log_ref=p0014 db_id=6 Maximum sequence number of 0 found in nonzero levels
2026-09-11 20:01:16.643784+09:00 [info] <0.800.0>@leveled_penciller:start_from_file/1:1508 log_ref=p0014 db_id=2 Maximum sequence number of 0 found in nonzero levels
2026-09-11 20:01:16.644053+09:00 [info] <0.800.0>@leveled_penciller:start_from_file/1:1510 log_ref=p0035 db_id=2 Startup with Manifest SQN of 0
2026-09-11 20:01:16.644058+09:00 [info] <0.799.0>@leveled_penciller:start_from_file/1:1508 log_ref=p0014 db_id=7 Maximum sequence number of 0 found in nonzero levels
2026-09-11 20:01:16.644070+09:00 [info] <0.802.0>@leveled_penciller:start_from_file/1:1508 log_ref=p0014 db_id=5 Maximum sequence number of 0 found in nonzero levels
2026-09-11 20:01:16.643826+09:00 [info] <0.801.0>@leveled_penciller:start_from_file/1:1508 log_ref=p0014 db_id=1 Maximum sequence number of 0 found in nonzero levels
2026-09-11 20:01:16.644025+09:00 [info] <0.796.0>@leveled_penciller:start_from_file/1:1508 log_ref=p0014 db_id=0 Maximum sequence number of 0 found in nonzero levels
2026-09-11 20:01:16.644004+09:00 [info] <0.795.0>@leveled_penciller:start_from_file/1:1510 log_ref=p0035 db_id=6 Startup with Manifest SQN of 0
2026-09-11 20:01:16.644030+09:00 [info] <0.798.0>@leveled_penciller:start_from_file/1:1508 log_ref=p0014 db_id=4 Maximum sequence number of 0 found in nonzero levels
2026-09-11 20:01:16.644320+09:00 [info] <0.801.0>@leveled_penciller:start_from_file/1:1510 log_ref=p0035 db_id=1 Startup with Manifest SQN of 0
2026-09-11 20:01:16.644264+09:00 [info] <0.799.0>@leveled_penciller:start_from_file/1:1510 log_ref=p0035 db_id=7 Startup with Manifest SQN of 0
2026-09-11 20:01:16.644362+09:00 [info] <0.796.0>@leveled_penciller:start_from_file/1:1510 log_ref=p0035 db_id=0 Startup with Manifest SQN of 0
2026-09-11 20:01:16.644276+09:00 [info] <0.802.0>@leveled_penciller:start_from_file/1:1510 log_ref=p0035 db_id=5 Startup with Manifest SQN of 0
2026-09-11 20:01:16.644557+09:00 [info] <0.798.0>@leveled_penciller:start_from_file/1:1510 log_ref=p0035 db_id=4 Startup with Manifest SQN of 0
2026-09-11 20:01:16.647541+09:00 [info] <0.800.0>@leveled_penciller:start_from_file/1:1538 log_ref=p0017 db_id=2 No L0 file found
2026-09-11 20:01:16.647713+09:00 [info] <0.795.0>@leveled_penciller:start_from_file/1:1538 log_ref=p0017 db_id=6 No L0 file found
2026-09-11 20:01:16.647837+09:00 [info] <0.799.0>@leveled_penciller:start_from_file/1:1538 log_ref=p0017 db_id=7 No L0 file found
2026-09-11 20:01:16.647871+09:00 [info] <0.796.0>@leveled_penciller:start_from_file/1:1538 log_ref=p0017 db_id=0 No L0 file found
2026-09-11 20:01:16.647929+09:00 [info] <0.802.0>@leveled_penciller:start_from_file/1:1538 log_ref=p0017 db_id=5 No L0 file found
2026-09-11 20:01:16.647942+09:00 [info] <0.798.0>@leveled_penciller:start_from_file/1:1538 log_ref=p0017 db_id=4 No L0 file found
2026-09-11 20:01:16.647799+09:00 [info] <0.801.0>@leveled_penciller:start_from_file/1:1538 log_ref=p0017 db_id=1 No L0 file found
2026-09-11 20:01:16.643985+09:00 [info] <0.797.0>@leveled_penciller:start_from_file/1:1510 log_ref=p0035 db_id=3 Startup with Manifest SQN of 0
2026-09-11 20:01:16.659938+09:00 [info] <0.757.0>@leveled_bookie:startup/2:1993 log_ref=b0005 db_id=2 LedgerSQN=0 at startup
2026-09-11 20:01:16.660154+09:00 [info] <0.754.0>@leveled_bookie:startup/2:1993 log_ref=b0005 db_id=1 LedgerSQN=0 at startup
2026-09-11 20:01:16.660349+09:00 [info] <0.756.0>@leveled_bookie:startup/2:1993 log_ref=b0005 db_id=6 LedgerSQN=0 at startup
2026-09-11 20:01:16.660437+09:00 [info] <0.768.0>@leveled_bookie:startup/2:1993 log_ref=b0005 db_id=5 LedgerSQN=0 at startup
2026-09-11 20:01:16.660273+09:00 [info] <0.758.0>@leveled_bookie:startup/2:1993 log_ref=b0005 db_id=4 LedgerSQN=0 at startup
2026-09-11 20:01:16.660510+09:00 [info] <0.755.0>@leveled_bookie:startup/2:1993 log_ref=b0005 db_id=0 LedgerSQN=0 at startup
2026-09-11 20:01:16.660597+09:00 [info] <0.764.0>@leveled_bookie:startup/2:1993 log_ref=b0005 db_id=7 LedgerSQN=0 at startup
2026-09-11 20:01:16.666278+09:00 [info] <0.797.0>@leveled_penciller:start_from_file/1:1538 log_ref=p0017 db_id=3 No L0 file found
2026-09-11 20:01:16.667102+09:00 [info] <0.766.0>@leveled_bookie:startup/2:1993 log_ref=b0005 db_id=3 LedgerSQN=0 at startup
2026-09-11 20:01:16.667853+09:00 [info] <0.774.0>@leveled_bookie:startup/2:2004 log_ref=i0014 db_id=1 On startup loading from filename /var/lib/riak/leveled/182687704666362864775460604089535377456991567872/journal/journal_files/0_d7be7d99-738b-4bc0-afd9-6a6723389998 from SQN 1
2026-09-11 20:01:16.667741+09:00 [info] <0.776.0>@leveled_bookie:startup/2:2004 log_ref=i0014 db_id=4 On startup loading from filename /var/lib/riak/leveled/730750818665451459101842416358141509827966271488/journal/journal_files/0_b08ae04f-d462-4ad9-b143-111fdae4a2c7 from SQN 1
2026-09-11 20:01:16.667948+09:00 [info] <0.773.0>@leveled_bookie:startup/2:2004 log_ref=i0014 db_id=3 On startup loading from filename /var/lib/riak/leveled/548063113999088594326381812268606132370974703616/journal/journal_files/0_90ae03ef-f6e5-46ed-bf9b-f611b4760675 from SQN 1
2026-09-11 20:01:16.668343+09:00 [info] <0.770.0>@leveled_bookie:startup/2:2004 log_ref=i0014 db_id=0 On startup loading from filename /var/lib/riak/leveled/0/journal/journal_files/0_3ac0b90f-fa75-45b0-901e-1b8c86440af1 from SQN 1
2026-09-11 20:01:16.668288+09:00 [info] <0.772.0>@leveled_bookie:startup/2:2004 log_ref=i0014 db_id=7 On startup loading from filename /var/lib/riak/leveled/1278813932664540053428224228626747642198940975104/journal/journal_files/0_e0cd0b89-5c9c-4de4-b1b8-7f13f544726c from SQN 1
2026-09-11 20:01:16.668866+09:00 [info] <0.777.0>@leveled_bookie:startup/2:2004 log_ref=i0014 db_id=5 On startup loading from filename /var/lib/riak/leveled/913438523331814323877303020447676887284957839360/journal/journal_files/0_5d48e89f-9d93-406f-b2d7-fd61b261a023 from SQN 1
2026-09-11 20:01:16.669559+09:00 [info] <0.754.0>@leveled_bookie:init/1:1409 log_ref=b0001 db_id=1 Bookie starting with Ink <0.774.0> Pcl <0.801.0>
2026-09-11 20:01:16.669741+09:00 [info] <0.758.0>@leveled_bookie:init/1:1409 log_ref=b0001 db_id=4 Bookie starting with Ink <0.776.0> Pcl <0.798.0>
2026-09-11 20:01:16.669866+09:00 [info] <0.755.0>@leveled_bookie:init/1:1409 log_ref=b0001 db_id=0 Bookie starting with Ink <0.770.0> Pcl <0.796.0>
2026-09-11 20:01:16.669544+09:00 [info] <0.775.0>@leveled_bookie:startup/2:2004 log_ref=i0014 db_id=2 On startup loading from filename /var/lib/riak/leveled/365375409332725729550921208179070754913983135744/journal/journal_files/0_855b5d28-87ee-4fbc-926e-036e242b233b from SQN 1
2026-09-11 20:01:16.670161+09:00 [info] <0.764.0>@leveled_bookie:init/1:1409 log_ref=b0001 db_id=7 Bookie starting with Ink <0.772.0> Pcl <0.799.0>
2026-09-11 20:01:16.670561+09:00 [info] <0.771.0>@leveled_bookie:startup/2:2004 log_ref=i0014 db_id=6 On startup loading from filename /var/lib/riak/leveled/1096126227998177188652763624537212264741949407232/journal/journal_files/0_c3131195-5ba2-4ad5-bbea-e096344aba38 from SQN 1
2026-09-11 20:01:16.670285+09:00 [info] <0.733.0>@riak_kv_leveled_backend:schedule_journalcompaction/4:903 Schedule compaction for interval 7212 on partition 0
2026-09-11 20:01:16.670212+09:00 [info] <0.728.0>@riak_kv_leveled_backend:schedule_journalcompaction/4:903 Schedule compaction for interval 4781 on partition 182687704666362864775460604089535377456991567872
2026-09-11 20:01:16.670874+09:00 [info] <0.756.0>@leveled_bookie:init/1:1409 log_ref=b0001 db_id=6 Bookie starting with Ink <0.771.0> Pcl <0.795.0>
2026-09-11 20:01:16.670714+09:00 [info] <0.732.0>@riak_kv_leveled_backend:schedule_journalcompaction/4:903 Schedule compaction for interval 3250 on partition 1278813932664540053428224228626747642198940975104
2026-09-11 20:01:16.671266+09:00 [info] <0.766.0>@leveled_bookie:init/1:1409 log_ref=b0001 db_id=3 Bookie starting with Ink <0.773.0> Pcl <0.797.0>
2026-09-11 20:01:16.671482+09:00 [info] <0.734.0>@riak_kv_leveled_backend:schedule_journalcompaction/4:903 Schedule compaction for interval 1116 on partition 548063113999088594326381812268606132370974703616
2026-09-11 20:01:16.671405+09:00 [info] <0.757.0>@leveled_bookie:init/1:1409 log_ref=b0001 db_id=2 Bookie starting with Ink <0.775.0> Pcl <0.800.0>
2026-09-11 20:01:16.671641+09:00 [info] <0.729.0>@riak_kv_leveled_backend:schedule_journalcompaction/4:903 Schedule compaction for interval 3242 on partition 365375409332725729550921208179070754913983135744
2026-09-11 20:01:16.671595+09:00 [info] <0.768.0>@leveled_bookie:init/1:1409 log_ref=b0001 db_id=5 Bookie starting with Ink <0.777.0> Pcl <0.802.0>
2026-09-11 20:01:16.671805+09:00 [info] <0.730.0>@riak_kv_leveled_backend:schedule_journalcompaction/4:903 Schedule compaction for interval 3631 on partition 913438523331814323877303020447676887284957839360
2026-09-11 20:01:16.670293+09:00 [info] <0.735.0>@riak_kv_leveled_backend:schedule_journalcompaction/4:903 Schedule compaction for interval 3353 on partition 730750818665451459101842416358141509827966271488
2026-09-11 20:01:16.671080+09:00 [info] <0.731.0>@riak_kv_leveled_backend:schedule_journalcompaction/4:903 Schedule compaction for interval 5600 on partition 1096126227998177188652763624537212264741949407232
2026-09-11 20:01:16.733625+09:00 [info] <0.825.0>@aae_controller:init/1:674 log_ref=aae02 Native KeyStore type leveled_nko startup request
2026-09-11 20:01:16.733770+09:00 [info] <0.819.0>@aae_controller:init/1:674 log_ref=aae02 Native KeyStore type leveled_nko startup request
2026-09-11 20:01:16.733869+09:00 [info] <0.826.0>@aae_controller:init/1:674 log_ref=aae02 Native KeyStore type leveled_nko startup request
2026-09-11 20:01:16.733660+09:00 [info] <0.821.0>@aae_controller:init/1:674 log_ref=aae02 Native KeyStore type leveled_nko startup request
2026-09-11 20:01:16.733934+09:00 [info] <0.824.0>@aae_controller:init/1:674 log_ref=aae02 Native KeyStore type leveled_nko startup request
2026-09-11 20:01:16.733876+09:00 [info] <0.823.0>@aae_controller:init/1:674 log_ref=aae02 Native KeyStore type leveled_nko startup request
2026-09-11 20:01:16.733988+09:00 [info] <0.820.0>@aae_controller:init/1:674 log_ref=aae02 Native KeyStore type leveled_nko startup request
2026-09-11 20:01:16.733984+09:00 [info] <0.822.0>@aae_controller:init/1:674 log_ref=aae02 Native KeyStore type leveled_nko startup request
2026-09-11 20:01:16.737949+09:00 [warning] <0.832.0>@aae_keystore:open_manifest/1:1526 log_ref=ks002 No valid manifest found for AAE keystore at /var/lib/riak/tictac_aae/730750818665451459101842416358141509827966271488/leveled_nko/keystore reason not_present
2026-09-11 20:01:16.738346+09:00 [warning] <0.831.0>@aae_keystore:open_manifest/1:1526 log_ref=ks002 No valid manifest found for AAE keystore at /var/lib/riak/tictac_aae/0/leveled_nko/keystore reason not_present
2026-09-11 20:01:16.738930+09:00 [warning] <0.827.0>@aae_keystore:open_manifest/1:1526 log_ref=ks002 No valid manifest found for AAE keystore at /var/lib/riak/tictac_aae/548063113999088594326381812268606132370974703616/leveled_nko/keystore reason not_present
2026-09-11 20:01:16.738176+09:00 [warning] <0.829.0>@aae_keystore:open_manifest/1:1526 log_ref=ks002 No valid manifest found for AAE keystore at /var/lib/riak/tictac_aae/913438523331814323877303020447676887284957839360/leveled_nko/keystore reason not_present
2026-09-11 20:01:16.738317+09:00 [warning] <0.828.0>@aae_keystore:open_manifest/1:1526 log_ref=ks002 No valid manifest found for AAE keystore at /var/lib/riak/tictac_aae/182687704666362864775460604089535377456991567872/leveled_nko/keystore reason not_present
2026-09-11 20:01:16.738505+09:00 [warning] <0.834.0>@aae_keystore:open_manifest/1:1526 log_ref=ks002 No valid manifest found for AAE keystore at /var/lib/riak/tictac_aae/365375409332725729550921208179070754913983135744/leveled_nko/keystore reason not_present
2026-09-11 20:01:16.737972+09:00 [warning] <0.830.0>@aae_keystore:open_manifest/1:1526 log_ref=ks002 No valid manifest found for AAE keystore at /var/lib/riak/tictac_aae/1278813932664540053428224228626747642198940975104/leveled_nko/keystore reason not_present
2026-09-11 20:01:16.740898+09:00 [warning] <0.833.0>@aae_keystore:open_manifest/1:1526 log_ref=ks002 No valid manifest found for AAE keystore at /var/lib/riak/tictac_aae/1096126227998177188652763624537212264741949407232/leveled_nko/keystore reason not_present
2026-09-11 20:01:16.812452+09:00 [info] <0.835.0>@aae_treecache:init/1:224 log_ref=c0005 Starting cache with is_restored=false and IndexN of {365375409332725729550921208179070754913983135744,3}
2026-09-11 20:01:16.813011+09:00 [info] <0.836.0>@aae_treecache:init/1:224 log_ref=c0005 Starting cache with is_restored=false and IndexN of {1278813932664540053428224228626747642198940975104,3}
2026-09-11 20:01:16.813280+09:00 [info] <0.837.0>@aae_treecache:init/1:224 log_ref=c0005 Starting cache with is_restored=false and IndexN of {548063113999088594326381812268606132370974703616,3}
2026-09-11 20:01:16.813426+09:00 [info] <0.839.0>@aae_treecache:init/1:224 log_ref=c0005 Starting cache with is_restored=false and IndexN of {913438523331814323877303020447676887284957839360,3}
2026-09-11 20:01:16.813721+09:00 [info] <0.842.0>@aae_treecache:init/1:224 log_ref=c0005 Starting cache with is_restored=false and IndexN of {1096126227998177188652763624537212264741949407232,3}
2026-09-11 20:01:16.814006+09:00 [info] <0.841.0>@aae_treecache:init/1:224 log_ref=c0005 Starting cache with is_restored=false and IndexN of {182687704666362864775460604089535377456991567872,3}
2026-09-11 20:01:16.814184+09:00 [info] <0.838.0>@aae_treecache:init/1:224 log_ref=c0005 Starting cache with is_restored=false and IndexN of {730750818665451459101842416358141509827966271488,3}
2026-09-11 20:01:16.814707+09:00 [info] <0.840.0>@aae_treecache:init/1:224 log_ref=c0005 Starting cache with is_restored=false and IndexN of {0,3}
2026-09-11 20:01:16.821343+09:00 [info] <0.844.0>@aae_treecache:init/1:224 log_ref=c0005 Starting cache with is_restored=false and IndexN of {1096126227998177188652763624537212264741949407232,3}
2026-09-11 20:01:16.820949+09:00 [info] <0.843.0>@aae_treecache:init/1:224 log_ref=c0005 Starting cache with is_restored=false and IndexN of {548063113999088594326381812268606132370974703616,3}
2026-09-11 20:01:16.846744+09:00 [info] <0.845.0>@aae_treecache:init/1:224 log_ref=c0005 Starting cache with is_restored=false and IndexN of {1278813932664540053428224228626747642198940975104,3}
2026-09-11 20:01:16.846999+09:00 [info] <0.846.0>@aae_treecache:init/1:224 log_ref=c0005 Starting cache with is_restored=false and IndexN of {0,3}
2026-09-11 20:01:16.847583+09:00 [info] <0.849.0>@aae_treecache:init/1:224 log_ref=c0005 Starting cache with is_restored=false and IndexN of {365375409332725729550921208179070754913983135744,3}
2026-09-11 20:01:16.847294+09:00 [info] <0.847.0>@aae_treecache:init/1:224 log_ref=c0005 Starting cache with is_restored=false and IndexN of {730750818665451459101842416358141509827966271488,3}
2026-09-11 20:01:16.847997+09:00 [info] <0.848.0>@aae_treecache:init/1:224 log_ref=c0005 Starting cache with is_restored=false and IndexN of {913438523331814323877303020447676887284957839360,3}
2026-09-11 20:01:16.858216+09:00 [info] <0.850.0>@aae_treecache:init/1:224 log_ref=c0005 Starting cache with is_restored=false and IndexN of {182687704666362864775460604089535377456991567872,3}
2026-09-11 20:01:16.858949+09:00 [info] <0.851.0>@aae_treecache:init/1:224 log_ref=c0005 Starting cache with is_restored=false and IndexN of {1278813932664540053428224228626747642198940975104,3}
2026-09-11 20:01:16.859209+09:00 [info] <0.852.0>@aae_treecache:init/1:224 log_ref=c0005 Starting cache with is_restored=false and IndexN of {730750818665451459101842416358141509827966271488,3}
2026-09-11 20:01:16.862915+09:00 [info] <0.853.0>@aae_treecache:init/1:224 log_ref=c0005 Starting cache with is_restored=false and IndexN of {0,3}
2026-09-11 20:01:16.864288+09:00 [info] <0.854.0>@aae_treecache:init/1:224 log_ref=c0005 Starting cache with is_restored=false and IndexN of {548063113999088594326381812268606132370974703616,3}
2026-09-11 20:01:16.864706+09:00 [info] <0.855.0>@aae_treecache:init/1:224 log_ref=c0005 Starting cache with is_restored=false and IndexN of {182687704666362864775460604089535377456991567872,3}
2026-09-11 20:01:16.864984+09:00 [info] <0.856.0>@aae_treecache:init/1:224 log_ref=c0005 Starting cache with is_restored=false and IndexN of {913438523331814323877303020447676887284957839360,3}
2026-09-11 20:01:16.865069+09:00 [info] <0.857.0>@aae_treecache:init/1:224 log_ref=c0005 Starting cache with is_restored=false and IndexN of {1096126227998177188652763624537212264741949407232,3}
2026-09-11 20:01:16.865434+09:00 [info] <0.824.0>@aae_controller:init/1:719 log_ref=aae10 AAE controller started with IndexNs [{1096126227998177188652763624537212264741949407232,3},{1278813932664540053428224228626747642198940975104,3},{0,3}] and StoreType {native,leveled_nko,<0.755.0>}
2026-09-11 20:01:16.865536+09:00 [info] <0.825.0>@aae_controller:init/1:719 log_ref=aae10 AAE controller started with IndexNs [{182687704666362864775460604089535377456991567872,3},{365375409332725729550921208179070754913983135744,3},{548063113999088594326381812268606132370974703616,3}] and StoreType {native,leveled_nko,<0.766.0>}
2026-09-11 20:01:16.865584+09:00 [info] <0.823.0>@aae_controller:init/1:719 log_ref=aae10 AAE controller started with IndexNs [{730750818665451459101842416358141509827966271488,3},{913438523331814323877303020447676887284957839360,3},{1096126227998177188652763624537212264741949407232,3}] and StoreType {native,leveled_nko,<0.756.0>}
2026-09-11 20:01:16.865688+09:00 [info] <0.819.0>@aae_controller:init/1:719 log_ref=aae10 AAE controller started with IndexNs [{1278813932664540053428224228626747642198940975104,3},{0,3},{182687704666362864775460604089535377456991567872,3}] and StoreType {native,leveled_nko,<0.754.0>}
2026-09-11 20:01:16.865772+09:00 [info] <0.733.0>@riak_kv_vnode:maybe_start_aaecontroller/2:402 AAE Controller started with pid=<0.824.0>
2026-09-11 20:01:16.865675+09:00 [info] <0.820.0>@aae_controller:init/1:719 log_ref=aae10 AAE controller started with IndexNs [{365375409332725729550921208179070754913983135744,3},{548063113999088594326381812268606132370974703616,3},{730750818665451459101842416358141509827966271488,3}] and StoreType {native,leveled_nko,<0.758.0>}
2026-09-11 20:01:16.865630+09:00 [info] <0.821.0>@aae_controller:init/1:719 log_ref=aae10 AAE controller started with IndexNs [{913438523331814323877303020447676887284957839360,3},{1096126227998177188652763624537212264741949407232,3},{1278813932664540053428224228626747642198940975104,3}] and StoreType {native,leveled_nko,<0.764.0>}
2026-09-11 20:01:16.865851+09:00 [info] <0.731.0>@riak_kv_vnode:maybe_start_aaecontroller/2:402 AAE Controller started with pid=<0.823.0>
2026-09-11 20:01:16.865738+09:00 [info] <0.858.0>@aae_treecache:init/1:224 log_ref=c0005 Starting cache with is_restored=false and IndexN of {365375409332725729550921208179070754913983135744,3}
2026-09-11 20:01:16.865492+09:00 [info] <0.826.0>@aae_controller:init/1:719 log_ref=aae10 AAE controller started with IndexNs [{548063113999088594326381812268606132370974703616,3},{730750818665451459101842416358141509827966271488,3},{913438523331814323877303020447676887284957839360,3}] and StoreType {native,leveled_nko,<0.768.0>}
2026-09-11 20:01:16.865748+09:00 [info] <0.734.0>@riak_kv_vnode:maybe_start_aaecontroller/2:402 AAE Controller started with pid=<0.825.0>
2026-09-11 20:01:16.866026+09:00 [info] <0.822.0>@aae_controller:init/1:719 log_ref=aae10 AAE controller started with IndexNs [{0,3},{182687704666362864775460604089535377456991567872,3},{365375409332725729550921208179070754913983135744,3}] and StoreType {native,leveled_nko,<0.757.0>}
2026-09-11 20:01:16.865927+09:00 [info] <0.728.0>@riak_kv_vnode:maybe_start_aaecontroller/2:402 AAE Controller started with pid=<0.819.0>
2026-09-11 20:01:16.865956+09:00 [info] <0.735.0>@riak_kv_vnode:maybe_start_aaecontroller/2:402 AAE Controller started with pid=<0.820.0>
2026-09-11 20:01:16.865994+09:00 [info] <0.732.0>@riak_kv_vnode:maybe_start_aaecontroller/2:402 AAE Controller started with pid=<0.821.0>
2026-09-11 20:01:16.866019+09:00 [info] <0.730.0>@riak_kv_vnode:maybe_start_aaecontroller/2:402 AAE Controller started with pid=<0.826.0>
2026-09-11 20:01:16.866205+09:00 [info] <0.729.0>@riak_kv_vnode:maybe_start_aaecontroller/2:402 AAE Controller started with pid=<0.822.0>
2026-09-11 20:01:16.877726+09:00 [info] <0.727.0>@riak_core_vnode_manager:get_vnode/3:743 VNode initialization ready <0.732.0> 1278813932664540053428224228626747642198940975104 riak_kv_vnode
2026-09-11 20:01:16.877590+09:00 [info] <0.722.0>@riak_core_vnode_manager:get_vnode/3:743 VNode initialization ready <0.729.0> 365375409332725729550921208179070754913983135744 riak_kv_vnode
2026-09-11 20:01:16.877798+09:00 [info] <0.724.0>@riak_core_vnode_manager:get_vnode/3:743 VNode initialization ready <0.735.0> 730750818665451459101842416358141509827966271488 riak_kv_vnode
2026-09-11 20:01:16.877905+09:00 [info] <0.720.0>@riak_core_vnode_manager:get_vnode/3:743 VNode initialization ready <0.733.0> 0 riak_kv_vnode
2026-09-11 20:01:16.878026+09:00 [info] <0.721.0>@riak_core_vnode_manager:get_vnode/3:743 VNode initialization ready <0.728.0> 182687704666362864775460604089535377456991567872 riak_kv_vnode
2026-09-11 20:01:16.878085+09:00 [info] <0.726.0>@riak_core_vnode_manager:get_vnode/3:743 VNode initialization ready <0.731.0> 1096126227998177188652763624537212264741949407232 riak_kv_vnode
2026-09-11 20:01:16.878128+09:00 [info] <0.725.0>@riak_core_vnode_manager:get_vnode/3:743 VNode initialization ready <0.730.0> 913438523331814323877303020447676887284957839360 riak_kv_vnode
2026-09-11 20:01:16.878268+09:00 [info] <0.723.0>@riak_core_vnode_manager:get_vnode/3:743 VNode initialization ready <0.734.0> 548063113999088594326381812268606132370974703616 riak_kv_vnode
2026-09-11 20:01:16.878714+09:00 [info] <0.931.0>@riak_core_vnode_manager:get_vnode/3:733 Will start VNode for partition 182687704666362864775460604089535377456991567872 riak_pipe_vnode
2026-09-11 20:01:16.879582+09:00 [info] <0.931.0>@riak_core_vnode_manager:get_vnode/3:743 VNode initialization ready <0.932.0> 182687704666362864775460604089535377456991567872 riak_pipe_vnode
2026-09-11 20:01:16.879906+09:00 [info] <0.934.0>@riak_core_vnode_manager:get_vnode/3:733 Will start VNode for partition 365375409332725729550921208179070754913983135744 riak_pipe_vnode
2026-09-11 20:01:16.880490+09:00 [info] <0.934.0>@riak_core_vnode_manager:get_vnode/3:743 VNode initialization ready <0.935.0> 365375409332725729550921208179070754913983135744 riak_pipe_vnode
2026-09-11 20:01:16.880781+09:00 [info] <0.937.0>@riak_core_vnode_manager:get_vnode/3:733 Will start VNode for partition 548063113999088594326381812268606132370974703616 riak_pipe_vnode
2026-09-11 20:01:16.881425+09:00 [info] <0.937.0>@riak_core_vnode_manager:get_vnode/3:743 VNode initialization ready <0.938.0> 548063113999088594326381812268606132370974703616 riak_pipe_vnode
2026-09-11 20:01:16.881709+09:00 [info] <0.940.0>@riak_core_vnode_manager:get_vnode/3:733 Will start VNode for partition 730750818665451459101842416358141509827966271488 riak_pipe_vnode
2026-09-11 20:01:16.882173+09:00 [info] <0.940.0>@riak_core_vnode_manager:get_vnode/3:743 VNode initialization ready <0.941.0> 730750818665451459101842416358141509827966271488 riak_pipe_vnode
2026-09-11 20:01:16.882471+09:00 [info] <0.943.0>@riak_core_vnode_manager:get_vnode/3:733 Will start VNode for partition 913438523331814323877303020447676887284957839360 riak_pipe_vnode
2026-09-11 20:01:16.882841+09:00 [info] <0.943.0>@riak_core_vnode_manager:get_vnode/3:743 VNode initialization ready <0.944.0> 913438523331814323877303020447676887284957839360 riak_pipe_vnode
2026-09-11 20:01:16.883115+09:00 [info] <0.946.0>@riak_core_vnode_manager:get_vnode/3:733 Will start VNode for partition 1096126227998177188652763624537212264741949407232 riak_pipe_vnode
2026-09-11 20:01:16.883727+09:00 [info] <0.946.0>@riak_core_vnode_manager:get_vnode/3:743 VNode initialization ready <0.947.0> 1096126227998177188652763624537212264741949407232 riak_pipe_vnode
2026-09-11 20:01:16.884011+09:00 [info] <0.949.0>@riak_core_vnode_manager:get_vnode/3:733 Will start VNode for partition 1278813932664540053428224228626747642198940975104 riak_pipe_vnode
2026-09-11 20:01:16.884453+09:00 [info] <0.949.0>@riak_core_vnode_manager:get_vnode/3:743 VNode initialization ready <0.950.0> 1278813932664540053428224228626747642198940975104 riak_pipe_vnode
2026-09-11 20:01:16.945102+09:00 [info] <0.617.0>@riak_core:wait_for_service/2:492 Wait complete for service riak_kv (8 seconds)
2026-09-11 20:01:16.945297+09:00 [info] <0.400.0>@riak_core:wait_for_service/2:492 Wait complete for service riak_kv (8 seconds)
2026-09-11 20:01:16.963074+09:00 [info] <0.242.0>@riak_core_capability:process_capability_changes/2:557 New capability: {riak_repl,bloom_fold} = true
2026-09-11 20:01:16.972792+09:00 [info] <0.242.0>@riak_core_capability:process_capability_changes/2:557 New capability: {riak_repl,rtq_meta} = true
2026-09-11 20:01:16.982554+09:00 [info] <0.242.0>@riak_core_capability:process_capability_changes/2:557 New capability: {riak_repl,default_bucket_props_hash} = [consistent,datatype,n_val,write_once]
2026-09-11 20:01:17.029158+09:00 [info] <0.617.0>@riak_repl_app:start/2:70 REPL CS block skip disabled
2026-09-11 20:01:17.047770+09:00 [info] <0.952.0>@supervisor:report_progress/2:1582 Supervisor: {local,riak_repl_sup}. Started: id=riak_repl_client_sup,pid=<0.953.0>.
2026-09-11 20:01:17.050445+09:00 [info] <0.952.0>@supervisor:report_progress/2:1582 Supervisor: {local,riak_repl_sup}. Started: id=riak_repl_server_sup,pid=<0.954.0>.
2026-09-11 20:01:17.060755+09:00 [info] <0.952.0>@supervisor:report_progress/2:1582 Supervisor: {local,riak_repl_sup}. Started: id=riak_repl_leader,pid=<0.955.0>.
2026-09-11 20:01:17.072068+09:00 [info] <0.952.0>@supervisor:report_progress/2:1582 Supervisor: {local,riak_repl_sup}. Started: id=riak_repl2_leader,pid=<0.958.0>.
2026-09-11 20:01:17.105051+09:00 [info] <0.960.0>@riak_core_service_mgr:start_link/1:111 Starting Core Service Manager at {"127.0.0.1",9080}
2026-09-11 20:01:17.133066+09:00 [info] <0.958.0>@riak_repl2_leader:become_leader/2:217 Leader2: 'openriak-kv@node-03.cluster-a.openriak' elected as replication leader
2026-09-11 20:01:17.147557+09:00 [info] <0.964.0>@supervisor:report_progress/2:1582 Supervisor: {<0.964.0>,ranch_conns_sup_sup}. Started: id={ranch_conns_sup,1},pid=<0.965.0>.
2026-09-11 20:01:17.148164+09:00 [info] <0.964.0>@supervisor:report_progress/2:1582 Supervisor: {<0.964.0>,ranch_conns_sup_sup}. Started: id={ranch_conns_sup,2},pid=<0.966.0>.
2026-09-11 20:01:17.148511+09:00 [info] <0.964.0>@supervisor:report_progress/2:1582 Supervisor: {<0.964.0>,ranch_conns_sup_sup}. Started: id={ranch_conns_sup,3},pid=<0.967.0>.
2026-09-11 20:01:17.149001+09:00 [info] <0.964.0>@supervisor:report_progress/2:1582 Supervisor: {<0.964.0>,ranch_conns_sup_sup}. Started: id={ranch_conns_sup,4},pid=<0.968.0>.
2026-09-11 20:01:17.149288+09:00 [info] <0.964.0>@supervisor:report_progress/2:1582 Supervisor: {<0.964.0>,ranch_conns_sup_sup}. Started: id={ranch_conns_sup,5},pid=<0.969.0>.
2026-09-11 20:01:17.149736+09:00 [info] <0.964.0>@supervisor:report_progress/2:1582 Supervisor: {<0.964.0>,ranch_conns_sup_sup}. Started: id={ranch_conns_sup,6},pid=<0.970.0>.
2026-09-11 20:01:17.149974+09:00 [info] <0.964.0>@supervisor:report_progress/2:1582 Supervisor: {<0.964.0>,ranch_conns_sup_sup}. Started: id={ranch_conns_sup,7},pid=<0.971.0>.
2026-09-11 20:01:17.150315+09:00 [info] <0.964.0>@supervisor:report_progress/2:1582 Supervisor: {<0.964.0>,ranch_conns_sup_sup}. Started: id={ranch_conns_sup,8},pid=<0.972.0>.
2026-09-11 20:01:17.150973+09:00 [info] <0.964.0>@supervisor:report_progress/2:1582 Supervisor: {<0.964.0>,ranch_conns_sup_sup}. Started: id={ranch_conns_sup,9},pid=<0.973.0>.
2026-09-11 20:01:17.151294+09:00 [info] <0.964.0>@supervisor:report_progress/2:1582 Supervisor: {<0.964.0>,ranch_conns_sup_sup}. Started: id={ranch_conns_sup,10},pid=<0.974.0>.
2026-09-11 20:01:17.151536+09:00 [info] <0.964.0>@supervisor:report_progress/2:1582 Supervisor: {<0.964.0>,ranch_conns_sup_sup}. Started: id={ranch_conns_sup,11},pid=<0.975.0>.
2026-09-11 20:01:17.151816+09:00 [info] <0.964.0>@supervisor:report_progress/2:1582 Supervisor: {<0.964.0>,ranch_conns_sup_sup}. Started: id={ranch_conns_sup,12},pid=<0.976.0>.
2026-09-11 20:01:17.152044+09:00 [info] <0.964.0>@supervisor:report_progress/2:1582 Supervisor: {<0.964.0>,ranch_conns_sup_sup}. Started: id={ranch_conns_sup,13},pid=<0.977.0>.
2026-09-11 20:01:17.152438+09:00 [info] <0.964.0>@supervisor:report_progress/2:1582 Supervisor: {<0.964.0>,ranch_conns_sup_sup}. Started: id={ranch_conns_sup,14},pid=<0.978.0>.
2026-09-11 20:01:17.152662+09:00 [info] <0.964.0>@supervisor:report_progress/2:1582 Supervisor: {<0.964.0>,ranch_conns_sup_sup}. Started: id={ranch_conns_sup,15},pid=<0.979.0>.
2026-09-11 20:01:17.152898+09:00 [info] <0.964.0>@supervisor:report_progress/2:1582 Supervisor: {<0.964.0>,ranch_conns_sup_sup}. Started: id={ranch_conns_sup,16},pid=<0.980.0>.
2026-09-11 20:01:17.153051+09:00 [info] <0.964.0>@supervisor:report_progress/2:1582 Supervisor: {<0.964.0>,ranch_conns_sup_sup}. Started: id={ranch_conns_sup,17},pid=<0.981.0>.
2026-09-11 20:01:17.153248+09:00 [info] <0.964.0>@supervisor:report_progress/2:1582 Supervisor: {<0.964.0>,ranch_conns_sup_sup}. Started: id={ranch_conns_sup,18},pid=<0.982.0>.
2026-09-11 20:01:17.153409+09:00 [info] <0.964.0>@supervisor:report_progress/2:1582 Supervisor: {<0.964.0>,ranch_conns_sup_sup}. Started: id={ranch_conns_sup,19},pid=<0.983.0>.
2026-09-11 20:01:17.153663+09:00 [info] <0.964.0>@supervisor:report_progress/2:1582 Supervisor: {<0.964.0>,ranch_conns_sup_sup}. Started: id={ranch_conns_sup,20},pid=<0.984.0>.
2026-09-11 20:01:17.153839+09:00 [info] <0.964.0>@supervisor:report_progress/2:1582 Supervisor: {<0.964.0>,ranch_conns_sup_sup}. Started: id={ranch_conns_sup,21},pid=<0.985.0>.
2026-09-11 20:01:17.154059+09:00 [info] <0.964.0>@supervisor:report_progress/2:1582 Supervisor: {<0.964.0>,ranch_conns_sup_sup}. Started: id={ranch_conns_sup,22},pid=<0.986.0>.
2026-09-11 20:01:17.154337+09:00 [info] <0.964.0>@supervisor:report_progress/2:1582 Supervisor: {<0.964.0>,ranch_conns_sup_sup}. Started: id={ranch_conns_sup,23},pid=<0.987.0>.
2026-09-11 20:01:17.154828+09:00 [info] <0.964.0>@supervisor:report_progress/2:1582 Supervisor: {<0.964.0>,ranch_conns_sup_sup}. Started: id={ranch_conns_sup,24},pid=<0.988.0>.
2026-09-11 20:01:17.155048+09:00 [info] <0.964.0>@supervisor:report_progress/2:1582 Supervisor: {<0.964.0>,ranch_conns_sup_sup}. Started: id={ranch_conns_sup,25},pid=<0.989.0>.
2026-09-11 20:01:17.155290+09:00 [info] <0.964.0>@supervisor:report_progress/2:1582 Supervisor: {<0.964.0>,ranch_conns_sup_sup}. Started: id={ranch_conns_sup,26},pid=<0.990.0>.
2026-09-11 20:01:17.155455+09:00 [info] <0.964.0>@supervisor:report_progress/2:1582 Supervisor: {<0.964.0>,ranch_conns_sup_sup}. Started: id={ranch_conns_sup,27},pid=<0.991.0>.
2026-09-11 20:01:17.155712+09:00 [info] <0.964.0>@supervisor:report_progress/2:1582 Supervisor: {<0.964.0>,ranch_conns_sup_sup}. Started: id={ranch_conns_sup,28},pid=<0.992.0>.
2026-09-11 20:01:17.155856+09:00 [info] <0.964.0>@supervisor:report_progress/2:1582 Supervisor: {<0.964.0>,ranch_conns_sup_sup}. Started: id={ranch_conns_sup,29},pid=<0.993.0>.
2026-09-11 20:01:17.156122+09:00 [info] <0.964.0>@supervisor:report_progress/2:1582 Supervisor: {<0.964.0>,ranch_conns_sup_sup}. Started: id={ranch_conns_sup,30},pid=<0.994.0>.
2026-09-11 20:01:17.156433+09:00 [info] <0.964.0>@supervisor:report_progress/2:1582 Supervisor: {<0.964.0>,ranch_conns_sup_sup}. Started: id={ranch_conns_sup,31},pid=<0.995.0>.
2026-09-11 20:01:17.156802+09:00 [info] <0.964.0>@supervisor:report_progress/2:1582 Supervisor: {<0.964.0>,ranch_conns_sup_sup}. Started: id={ranch_conns_sup,32},pid=<0.996.0>.
2026-09-11 20:01:17.157230+09:00 [info] <0.964.0>@supervisor:report_progress/2:1582 Supervisor: {<0.964.0>,ranch_conns_sup_sup}. Started: id={ranch_conns_sup,33},pid=<0.997.0>.
2026-09-11 20:01:17.157568+09:00 [info] <0.964.0>@supervisor:report_progress/2:1582 Supervisor: {<0.964.0>,ranch_conns_sup_sup}. Started: id={ranch_conns_sup,34},pid=<0.998.0>.
2026-09-11 20:01:17.157838+09:00 [info] <0.964.0>@supervisor:report_progress/2:1582 Supervisor: {<0.964.0>,ranch_conns_sup_sup}. Started: id={ranch_conns_sup,35},pid=<0.999.0>.
2026-09-11 20:01:17.158667+09:00 [info] <0.964.0>@supervisor:report_progress/2:1582 Supervisor: {<0.964.0>,ranch_conns_sup_sup}. Started: id={ranch_conns_sup,36},pid=<0.1000.0>.
2026-09-11 20:01:17.158997+09:00 [info] <0.964.0>@supervisor:report_progress/2:1582 Supervisor: {<0.964.0>,ranch_conns_sup_sup}. Started: id={ranch_conns_sup,37},pid=<0.1001.0>.
2026-09-11 20:01:17.159269+09:00 [info] <0.964.0>@supervisor:report_progress/2:1582 Supervisor: {<0.964.0>,ranch_conns_sup_sup}. Started: id={ranch_conns_sup,38},pid=<0.1002.0>.
2026-09-11 20:01:17.159465+09:00 [info] <0.964.0>@supervisor:report_progress/2:1582 Supervisor: {<0.964.0>,ranch_conns_sup_sup}. Started: id={ranch_conns_sup,39},pid=<0.1003.0>.
2026-09-11 20:01:17.159623+09:00 [info] <0.964.0>@supervisor:report_progress/2:1582 Supervisor: {<0.964.0>,ranch_conns_sup_sup}. Started: id={ranch_conns_sup,40},pid=<0.1004.0>.
2026-09-11 20:01:17.159759+09:00 [info] <0.964.0>@supervisor:report_progress/2:1582 Supervisor: {<0.964.0>,ranch_conns_sup_sup}. Started: id={ranch_conns_sup,41},pid=<0.1005.0>.
2026-09-11 20:01:17.160116+09:00 [info] <0.964.0>@supervisor:report_progress/2:1582 Supervisor: {<0.964.0>,ranch_conns_sup_sup}. Started: id={ranch_conns_sup,42},pid=<0.1006.0>.
2026-09-11 20:01:17.160540+09:00 [info] <0.964.0>@supervisor:report_progress/2:1582 Supervisor: {<0.964.0>,ranch_conns_sup_sup}. Started: id={ranch_conns_sup,43},pid=<0.1007.0>.
2026-09-11 20:01:17.160826+09:00 [info] <0.964.0>@supervisor:report_progress/2:1582 Supervisor: {<0.964.0>,ranch_conns_sup_sup}. Started: id={ranch_conns_sup,44},pid=<0.1008.0>.
2026-09-11 20:01:17.160941+09:00 [info] <0.964.0>@supervisor:report_progress/2:1582 Supervisor: {<0.964.0>,ranch_conns_sup_sup}. Started: id={ranch_conns_sup,45},pid=<0.1009.0>.
2026-09-11 20:01:17.161045+09:00 [info] <0.964.0>@supervisor:report_progress/2:1582 Supervisor: {<0.964.0>,ranch_conns_sup_sup}. Started: id={ranch_conns_sup,46},pid=<0.1010.0>.
2026-09-11 20:01:17.161183+09:00 [info] <0.964.0>@supervisor:report_progress/2:1582 Supervisor: {<0.964.0>,ranch_conns_sup_sup}. Started: id={ranch_conns_sup,47},pid=<0.1011.0>.
2026-09-11 20:01:17.161585+09:00 [info] <0.964.0>@supervisor:report_progress/2:1582 Supervisor: {<0.964.0>,ranch_conns_sup_sup}. Started: id={ranch_conns_sup,48},pid=<0.1012.0>.
2026-09-11 20:01:17.161741+09:00 [info] <0.964.0>@supervisor:report_progress/2:1582 Supervisor: {<0.964.0>,ranch_conns_sup_sup}. Started: id={ranch_conns_sup,49},pid=<0.1013.0>.
2026-09-11 20:01:17.162008+09:00 [info] <0.964.0>@supervisor:report_progress/2:1582 Supervisor: {<0.964.0>,ranch_conns_sup_sup}. Started: id={ranch_conns_sup,50},pid=<0.1014.0>.
2026-09-11 20:01:17.162344+09:00 [info] <0.964.0>@supervisor:report_progress/2:1582 Supervisor: {<0.964.0>,ranch_conns_sup_sup}. Started: id={ranch_conns_sup,51},pid=<0.1015.0>.
2026-09-11 20:01:17.162557+09:00 [info] <0.964.0>@supervisor:report_progress/2:1582 Supervisor: {<0.964.0>,ranch_conns_sup_sup}. Started: id={ranch_conns_sup,52},pid=<0.1016.0>.
2026-09-11 20:01:17.162739+09:00 [info] <0.964.0>@supervisor:report_progress/2:1582 Supervisor: {<0.964.0>,ranch_conns_sup_sup}. Started: id={ranch_conns_sup,53},pid=<0.1017.0>.
2026-09-11 20:01:17.163028+09:00 [info] <0.964.0>@supervisor:report_progress/2:1582 Supervisor: {<0.964.0>,ranch_conns_sup_sup}. Started: id={ranch_conns_sup,54},pid=<0.1018.0>.
2026-09-11 20:01:17.163224+09:00 [info] <0.964.0>@supervisor:report_progress/2:1582 Supervisor: {<0.964.0>,ranch_conns_sup_sup}. Started: id={ranch_conns_sup,55},pid=<0.1019.0>.
2026-09-11 20:01:17.163369+09:00 [info] <0.964.0>@supervisor:report_progress/2:1582 Supervisor: {<0.964.0>,ranch_conns_sup_sup}. Started: id={ranch_conns_sup,56},pid=<0.1020.0>.
2026-09-11 20:01:17.163543+09:00 [info] <0.964.0>@supervisor:report_progress/2:1582 Supervisor: {<0.964.0>,ranch_conns_sup_sup}. Started: id={ranch_conns_sup,57},pid=<0.1021.0>.
2026-09-11 20:01:17.163665+09:00 [info] <0.964.0>@supervisor:report_progress/2:1582 Supervisor: {<0.964.0>,ranch_conns_sup_sup}. Started: id={ranch_conns_sup,58},pid=<0.1022.0>.
2026-09-11 20:01:17.164062+09:00 [info] <0.964.0>@supervisor:report_progress/2:1582 Supervisor: {<0.964.0>,ranch_conns_sup_sup}. Started: id={ranch_conns_sup,59},pid=<0.1023.0>.
2026-09-11 20:01:17.164389+09:00 [info] <0.964.0>@supervisor:report_progress/2:1582 Supervisor: {<0.964.0>,ranch_conns_sup_sup}. Started: id={ranch_conns_sup,60},pid=<0.1024.0>.
2026-09-11 20:01:17.164621+09:00 [info] <0.964.0>@supervisor:report_progress/2:1582 Supervisor: {<0.964.0>,ranch_conns_sup_sup}. Started: id={ranch_conns_sup,61},pid=<0.1025.0>.
2026-09-11 20:01:17.164700+09:00 [info] <0.964.0>@supervisor:report_progress/2:1582 Supervisor: {<0.964.0>,ranch_conns_sup_sup}. Started: id={ranch_conns_sup,62},pid=<0.1026.0>.
2026-09-11 20:01:17.164804+09:00 [info] <0.964.0>@supervisor:report_progress/2:1582 Supervisor: {<0.964.0>,ranch_conns_sup_sup}. Started: id={ranch_conns_sup,63},pid=<0.1027.0>.
2026-09-11 20:01:17.164863+09:00 [info] <0.964.0>@supervisor:report_progress/2:1582 Supervisor: {<0.964.0>,ranch_conns_sup_sup}. Started: id={ranch_conns_sup,64},pid=<0.1028.0>.
2026-09-11 20:01:17.164941+09:00 [info] <0.964.0>@supervisor:report_progress/2:1582 Supervisor: {<0.964.0>,ranch_conns_sup_sup}. Started: id={ranch_conns_sup,65},pid=<0.1029.0>.
2026-09-11 20:01:17.164989+09:00 [info] <0.964.0>@supervisor:report_progress/2:1582 Supervisor: {<0.964.0>,ranch_conns_sup_sup}. Started: id={ranch_conns_sup,66},pid=<0.1030.0>.
2026-09-11 20:01:17.165058+09:00 [info] <0.964.0>@supervisor:report_progress/2:1582 Supervisor: {<0.964.0>,ranch_conns_sup_sup}. Started: id={ranch_conns_sup,67},pid=<0.1031.0>.
2026-09-11 20:01:17.165104+09:00 [info] <0.964.0>@supervisor:report_progress/2:1582 Supervisor: {<0.964.0>,ranch_conns_sup_sup}. Started: id={ranch_conns_sup,68},pid=<0.1032.0>.
2026-09-11 20:01:17.165171+09:00 [info] <0.964.0>@supervisor:report_progress/2:1582 Supervisor: {<0.964.0>,ranch_conns_sup_sup}. Started: id={ranch_conns_sup,69},pid=<0.1033.0>.
2026-09-11 20:01:17.165217+09:00 [info] <0.964.0>@supervisor:report_progress/2:1582 Supervisor: {<0.964.0>,ranch_conns_sup_sup}. Started: id={ranch_conns_sup,70},pid=<0.1034.0>.
2026-09-11 20:01:17.165326+09:00 [info] <0.964.0>@supervisor:report_progress/2:1582 Supervisor: {<0.964.0>,ranch_conns_sup_sup}. Started: id={ranch_conns_sup,71},pid=<0.1035.0>.
2026-09-11 20:01:17.165388+09:00 [info] <0.964.0>@supervisor:report_progress/2:1582 Supervisor: {<0.964.0>,ranch_conns_sup_sup}. Started: id={ranch_conns_sup,72},pid=<0.1036.0>.
2026-09-11 20:01:17.165462+09:00 [info] <0.964.0>@supervisor:report_progress/2:1582 Supervisor: {<0.964.0>,ranch_conns_sup_sup}. Started: id={ranch_conns_sup,73},pid=<0.1037.0>.
2026-09-11 20:01:17.165514+09:00 [info] <0.964.0>@supervisor:report_progress/2:1582 Supervisor: {<0.964.0>,ranch_conns_sup_sup}. Started: id={ranch_conns_sup,74},pid=<0.1038.0>.
2026-09-11 20:01:17.165581+09:00 [info] <0.964.0>@supervisor:report_progress/2:1582 Supervisor: {<0.964.0>,ranch_conns_sup_sup}. Started: id={ranch_conns_sup,75},pid=<0.1039.0>.
2026-09-11 20:01:17.165629+09:00 [info] <0.964.0>@supervisor:report_progress/2:1582 Supervisor: {<0.964.0>,ranch_conns_sup_sup}. Started: id={ranch_conns_sup,76},pid=<0.1040.0>.
2026-09-11 20:01:17.165709+09:00 [info] <0.964.0>@supervisor:report_progress/2:1582 Supervisor: {<0.964.0>,ranch_conns_sup_sup}. Started: id={ranch_conns_sup,77},pid=<0.1041.0>.
2026-09-11 20:01:17.165812+09:00 [info] <0.964.0>@supervisor:report_progress/2:1582 Supervisor: {<0.964.0>,ranch_conns_sup_sup}. Started: id={ranch_conns_sup,78},pid=<0.1042.0>.
2026-09-11 20:01:17.165914+09:00 [info] <0.964.0>@supervisor:report_progress/2:1582 Supervisor: {<0.964.0>,ranch_conns_sup_sup}. Started: id={ranch_conns_sup,79},pid=<0.1043.0>.
2026-09-11 20:01:17.166001+09:00 [info] <0.964.0>@supervisor:report_progress/2:1582 Supervisor: {<0.964.0>,ranch_conns_sup_sup}. Started: id={ranch_conns_sup,80},pid=<0.1044.0>.
2026-09-11 20:01:17.166094+09:00 [info] <0.964.0>@supervisor:report_progress/2:1582 Supervisor: {<0.964.0>,ranch_conns_sup_sup}. Started: id={ranch_conns_sup,81},pid=<0.1045.0>.
2026-09-11 20:01:17.166288+09:00 [info] <0.964.0>@supervisor:report_progress/2:1582 Supervisor: {<0.964.0>,ranch_conns_sup_sup}. Started: id={ranch_conns_sup,82},pid=<0.1046.0>.
2026-09-11 20:01:17.166638+09:00 [info] <0.964.0>@supervisor:report_progress/2:1582 Supervisor: {<0.964.0>,ranch_conns_sup_sup}. Started: id={ranch_conns_sup,83},pid=<0.1047.0>.
2026-09-11 20:01:17.166801+09:00 [info] <0.964.0>@supervisor:report_progress/2:1582 Supervisor: {<0.964.0>,ranch_conns_sup_sup}. Started: id={ranch_conns_sup,84},pid=<0.1048.0>.
2026-09-11 20:01:17.166993+09:00 [info] <0.964.0>@supervisor:report_progress/2:1582 Supervisor: {<0.964.0>,ranch_conns_sup_sup}. Started: id={ranch_conns_sup,85},pid=<0.1049.0>.
2026-09-11 20:01:17.167053+09:00 [info] <0.964.0>@supervisor:report_progress/2:1582 Supervisor: {<0.964.0>,ranch_conns_sup_sup}. Started: id={ranch_conns_sup,86},pid=<0.1050.0>.
2026-09-11 20:01:17.167129+09:00 [info] <0.964.0>@supervisor:report_progress/2:1582 Supervisor: {<0.964.0>,ranch_conns_sup_sup}. Started: id={ranch_conns_sup,87},pid=<0.1051.0>.
2026-09-11 20:01:17.167180+09:00 [info] <0.964.0>@supervisor:report_progress/2:1582 Supervisor: {<0.964.0>,ranch_conns_sup_sup}. Started: id={ranch_conns_sup,88},pid=<0.1052.0>.
2026-09-11 20:01:17.167291+09:00 [info] <0.964.0>@supervisor:report_progress/2:1582 Supervisor: {<0.964.0>,ranch_conns_sup_sup}. Started: id={ranch_conns_sup,89},pid=<0.1053.0>.
2026-09-11 20:01:17.167347+09:00 [info] <0.964.0>@supervisor:report_progress/2:1582 Supervisor: {<0.964.0>,ranch_conns_sup_sup}. Started: id={ranch_conns_sup,90},pid=<0.1054.0>.
2026-09-11 20:01:17.167396+09:00 [info] <0.964.0>@supervisor:report_progress/2:1582 Supervisor: {<0.964.0>,ranch_conns_sup_sup}. Started: id={ranch_conns_sup,91},pid=<0.1055.0>.
2026-09-11 20:01:17.167446+09:00 [info] <0.964.0>@supervisor:report_progress/2:1582 Supervisor: {<0.964.0>,ranch_conns_sup_sup}. Started: id={ranch_conns_sup,92},pid=<0.1056.0>.
2026-09-11 20:01:17.167591+09:00 [info] <0.964.0>@supervisor:report_progress/2:1582 Supervisor: {<0.964.0>,ranch_conns_sup_sup}. Started: id={ranch_conns_sup,93},pid=<0.1057.0>.
2026-09-11 20:01:17.167650+09:00 [info] <0.964.0>@supervisor:report_progress/2:1582 Supervisor: {<0.964.0>,ranch_conns_sup_sup}. Started: id={ranch_conns_sup,94},pid=<0.1058.0>.
2026-09-11 20:01:17.167719+09:00 [info] <0.964.0>@supervisor:report_progress/2:1582 Supervisor: {<0.964.0>,ranch_conns_sup_sup}. Started: id={ranch_conns_sup,95},pid=<0.1059.0>.
2026-09-11 20:01:17.167764+09:00 [info] <0.964.0>@supervisor:report_progress/2:1582 Supervisor: {<0.964.0>,ranch_conns_sup_sup}. Started: id={ranch_conns_sup,96},pid=<0.1060.0>.
2026-09-11 20:01:17.167944+09:00 [info] <0.964.0>@supervisor:report_progress/2:1582 Supervisor: {<0.964.0>,ranch_conns_sup_sup}. Started: id={ranch_conns_sup,97},pid=<0.1061.0>.
2026-09-11 20:01:17.168033+09:00 [info] <0.964.0>@supervisor:report_progress/2:1582 Supervisor: {<0.964.0>,ranch_conns_sup_sup}. Started: id={ranch_conns_sup,98},pid=<0.1062.0>.
2026-09-11 20:01:17.168150+09:00 [info] <0.964.0>@supervisor:report_progress/2:1582 Supervisor: {<0.964.0>,ranch_conns_sup_sup}. Started: id={ranch_conns_sup,99},pid=<0.1063.0>.
2026-09-11 20:01:17.168222+09:00 [info] <0.964.0>@supervisor:report_progress/2:1582 Supervisor: {<0.964.0>,ranch_conns_sup_sup}. Started: id={ranch_conns_sup,100},pid=<0.1064.0>.
2026-09-11 20:01:17.168350+09:00 [info] <0.963.0>@supervisor:report_progress/2:1582 Supervisor: {<0.963.0>,ranch_listener_sup}. Started: id=ranch_conns_sup_sup,pid=<0.964.0>.
2026-09-11 20:01:17.190733+09:00 [info] <0.1065.0>@supervisor:report_progress/2:1582 Supervisor: {<0.1065.0>,ranch_acceptors_sup}. Started: id={acceptor,<0.1065.0>,1},pid=<0.1066.0>.
2026-09-11 20:01:17.191181+09:00 [info] <0.1065.0>@supervisor:report_progress/2:1582 Supervisor: {<0.1065.0>,ranch_acceptors_sup}. Started: id={acceptor,<0.1065.0>,2},pid=<0.1067.0>.
2026-09-11 20:01:17.191370+09:00 [info] <0.1065.0>@supervisor:report_progress/2:1582 Supervisor: {<0.1065.0>,ranch_acceptors_sup}. Started: id={acceptor,<0.1065.0>,3},pid=<0.1068.0>.
2026-09-11 20:01:17.191556+09:00 [info] <0.1065.0>@supervisor:report_progress/2:1582 Supervisor: {<0.1065.0>,ranch_acceptors_sup}. Started: id={acceptor,<0.1065.0>,4},pid=<0.1069.0>.
2026-09-11 20:01:17.191643+09:00 [info] <0.1065.0>@supervisor:report_progress/2:1582 Supervisor: {<0.1065.0>,ranch_acceptors_sup}. Started: id={acceptor,<0.1065.0>,5},pid=<0.1070.0>.
2026-09-11 20:01:17.191805+09:00 [info] <0.1065.0>@supervisor:report_progress/2:1582 Supervisor: {<0.1065.0>,ranch_acceptors_sup}. Started: id={acceptor,<0.1065.0>,6},pid=<0.1071.0>.
2026-09-11 20:01:17.192102+09:00 [info] <0.1065.0>@supervisor:report_progress/2:1582 Supervisor: {<0.1065.0>,ranch_acceptors_sup}. Started: id={acceptor,<0.1065.0>,7},pid=<0.1072.0>.
2026-09-11 20:01:17.192423+09:00 [info] <0.1065.0>@supervisor:report_progress/2:1582 Supervisor: {<0.1065.0>,ranch_acceptors_sup}. Started: id={acceptor,<0.1065.0>,8},pid=<0.1073.0>.
2026-09-11 20:01:17.192631+09:00 [info] <0.1065.0>@supervisor:report_progress/2:1582 Supervisor: {<0.1065.0>,ranch_acceptors_sup}. Started: id={acceptor,<0.1065.0>,9},pid=<0.1074.0>.
2026-09-11 20:01:17.192855+09:00 [info] <0.1065.0>@supervisor:report_progress/2:1582 Supervisor: {<0.1065.0>,ranch_acceptors_sup}. Started: id={acceptor,<0.1065.0>,10},pid=<0.1075.0>.
2026-09-11 20:01:17.194572+09:00 [info] <0.1065.0>@supervisor:report_progress/2:1582 Supervisor: {<0.1065.0>,ranch_acceptors_sup}. Started: id={acceptor,<0.1065.0>,11},pid=<0.1076.0>.
2026-09-11 20:01:17.194899+09:00 [info] <0.1065.0>@supervisor:report_progress/2:1582 Supervisor: {<0.1065.0>,ranch_acceptors_sup}. Started: id={acceptor,<0.1065.0>,12},pid=<0.1077.0>.
2026-09-11 20:01:17.195235+09:00 [info] <0.1065.0>@supervisor:report_progress/2:1582 Supervisor: {<0.1065.0>,ranch_acceptors_sup}. Started: id={acceptor,<0.1065.0>,13},pid=<0.1078.0>.
2026-09-11 20:01:17.195382+09:00 [info] <0.1065.0>@supervisor:report_progress/2:1582 Supervisor: {<0.1065.0>,ranch_acceptors_sup}. Started: id={acceptor,<0.1065.0>,14},pid=<0.1079.0>.
2026-09-11 20:01:17.195487+09:00 [info] <0.1065.0>@supervisor:report_progress/2:1582 Supervisor: {<0.1065.0>,ranch_acceptors_sup}. Started: id={acceptor,<0.1065.0>,15},pid=<0.1080.0>.
2026-09-11 20:01:17.195602+09:00 [info] <0.1065.0>@supervisor:report_progress/2:1582 Supervisor: {<0.1065.0>,ranch_acceptors_sup}. Started: id={acceptor,<0.1065.0>,16},pid=<0.1081.0>.
2026-09-11 20:01:17.195677+09:00 [info] <0.1065.0>@supervisor:report_progress/2:1582 Supervisor: {<0.1065.0>,ranch_acceptors_sup}. Started: id={acceptor,<0.1065.0>,17},pid=<0.1082.0>.
2026-09-11 20:01:17.195856+09:00 [info] <0.1065.0>@supervisor:report_progress/2:1582 Supervisor: {<0.1065.0>,ranch_acceptors_sup}. Started: id={acceptor,<0.1065.0>,18},pid=<0.1083.0>.
2026-09-11 20:01:17.195992+09:00 [info] <0.1065.0>@supervisor:report_progress/2:1582 Supervisor: {<0.1065.0>,ranch_acceptors_sup}. Started: id={acceptor,<0.1065.0>,19},pid=<0.1084.0>.
2026-09-11 20:01:17.196070+09:00 [info] <0.1065.0>@supervisor:report_progress/2:1582 Supervisor: {<0.1065.0>,ranch_acceptors_sup}. Started: id={acceptor,<0.1065.0>,20},pid=<0.1085.0>.
2026-09-11 20:01:17.196172+09:00 [info] <0.1065.0>@supervisor:report_progress/2:1582 Supervisor: {<0.1065.0>,ranch_acceptors_sup}. Started: id={acceptor,<0.1065.0>,21},pid=<0.1086.0>.
2026-09-11 20:01:17.196259+09:00 [info] <0.1065.0>@supervisor:report_progress/2:1582 Supervisor: {<0.1065.0>,ranch_acceptors_sup}. Started: id={acceptor,<0.1065.0>,22},pid=<0.1087.0>.
2026-09-11 20:01:17.196497+09:00 [info] <0.1065.0>@supervisor:report_progress/2:1582 Supervisor: {<0.1065.0>,ranch_acceptors_sup}. Started: id={acceptor,<0.1065.0>,23},pid=<0.1088.0>.
2026-09-11 20:01:17.196599+09:00 [info] <0.1065.0>@supervisor:report_progress/2:1582 Supervisor: {<0.1065.0>,ranch_acceptors_sup}. Started: id={acceptor,<0.1065.0>,24},pid=<0.1089.0>.
2026-09-11 20:01:17.196672+09:00 [info] <0.1065.0>@supervisor:report_progress/2:1582 Supervisor: {<0.1065.0>,ranch_acceptors_sup}. Started: id={acceptor,<0.1065.0>,25},pid=<0.1090.0>.
2026-09-11 20:01:17.196768+09:00 [info] <0.1065.0>@supervisor:report_progress/2:1582 Supervisor: {<0.1065.0>,ranch_acceptors_sup}. Started: id={acceptor,<0.1065.0>,26},pid=<0.1091.0>.
2026-09-11 20:01:17.196840+09:00 [info] <0.1065.0>@supervisor:report_progress/2:1582 Supervisor: {<0.1065.0>,ranch_acceptors_sup}. Started: id={acceptor,<0.1065.0>,27},pid=<0.1092.0>.
2026-09-11 20:01:17.196931+09:00 [info] <0.1065.0>@supervisor:report_progress/2:1582 Supervisor: {<0.1065.0>,ranch_acceptors_sup}. Started: id={acceptor,<0.1065.0>,28},pid=<0.1093.0>.
2026-09-11 20:01:17.197018+09:00 [info] <0.1065.0>@supervisor:report_progress/2:1582 Supervisor: {<0.1065.0>,ranch_acceptors_sup}. Started: id={acceptor,<0.1065.0>,29},pid=<0.1094.0>.
2026-09-11 20:01:17.197083+09:00 [info] <0.1065.0>@supervisor:report_progress/2:1582 Supervisor: {<0.1065.0>,ranch_acceptors_sup}. Started: id={acceptor,<0.1065.0>,30},pid=<0.1095.0>.
2026-09-11 20:01:17.197209+09:00 [info] <0.1065.0>@supervisor:report_progress/2:1582 Supervisor: {<0.1065.0>,ranch_acceptors_sup}. Started: id={acceptor,<0.1065.0>,31},pid=<0.1096.0>.
2026-09-11 20:01:17.197304+09:00 [info] <0.1065.0>@supervisor:report_progress/2:1582 Supervisor: {<0.1065.0>,ranch_acceptors_sup}. Started: id={acceptor,<0.1065.0>,32},pid=<0.1097.0>.
2026-09-11 20:01:17.197411+09:00 [info] <0.1065.0>@supervisor:report_progress/2:1582 Supervisor: {<0.1065.0>,ranch_acceptors_sup}. Started: id={acceptor,<0.1065.0>,33},pid=<0.1098.0>.
2026-09-11 20:01:17.197504+09:00 [info] <0.1065.0>@supervisor:report_progress/2:1582 Supervisor: {<0.1065.0>,ranch_acceptors_sup}. Started: id={acceptor,<0.1065.0>,34},pid=<0.1099.0>.
2026-09-11 20:01:17.197654+09:00 [info] <0.1065.0>@supervisor:report_progress/2:1582 Supervisor: {<0.1065.0>,ranch_acceptors_sup}. Started: id={acceptor,<0.1065.0>,35},pid=<0.1100.0>.
2026-09-11 20:01:17.197792+09:00 [info] <0.1065.0>@supervisor:report_progress/2:1582 Supervisor: {<0.1065.0>,ranch_acceptors_sup}. Started: id={acceptor,<0.1065.0>,36},pid=<0.1101.0>.
2026-09-11 20:01:17.197875+09:00 [info] <0.1065.0>@supervisor:report_progress/2:1582 Supervisor: {<0.1065.0>,ranch_acceptors_sup}. Started: id={acceptor,<0.1065.0>,37},pid=<0.1102.0>.
2026-09-11 20:01:17.197965+09:00 [info] <0.1065.0>@supervisor:report_progress/2:1582 Supervisor: {<0.1065.0>,ranch_acceptors_sup}. Started: id={acceptor,<0.1065.0>,38},pid=<0.1103.0>.
2026-09-11 20:01:17.198204+09:00 [info] <0.1065.0>@supervisor:report_progress/2:1582 Supervisor: {<0.1065.0>,ranch_acceptors_sup}. Started: id={acceptor,<0.1065.0>,39},pid=<0.1104.0>.
2026-09-11 20:01:17.198420+09:00 [info] <0.1065.0>@supervisor:report_progress/2:1582 Supervisor: {<0.1065.0>,ranch_acceptors_sup}. Started: id={acceptor,<0.1065.0>,40},pid=<0.1105.0>.
2026-09-11 20:01:17.198698+09:00 [info] <0.1065.0>@supervisor:report_progress/2:1582 Supervisor: {<0.1065.0>,ranch_acceptors_sup}. Started: id={acceptor,<0.1065.0>,41},pid=<0.1106.0>.
2026-09-11 20:01:17.198785+09:00 [info] <0.1065.0>@supervisor:report_progress/2:1582 Supervisor: {<0.1065.0>,ranch_acceptors_sup}. Started: id={acceptor,<0.1065.0>,42},pid=<0.1107.0>.
2026-09-11 20:01:17.198902+09:00 [info] <0.1065.0>@supervisor:report_progress/2:1582 Supervisor: {<0.1065.0>,ranch_acceptors_sup}. Started: id={acceptor,<0.1065.0>,43},pid=<0.1108.0>.
2026-09-11 20:01:17.199015+09:00 [info] <0.1065.0>@supervisor:report_progress/2:1582 Supervisor: {<0.1065.0>,ranch_acceptors_sup}. Started: id={acceptor,<0.1065.0>,44},pid=<0.1109.0>.
2026-09-11 20:01:17.199092+09:00 [info] <0.1065.0>@supervisor:report_progress/2:1582 Supervisor: {<0.1065.0>,ranch_acceptors_sup}. Started: id={acceptor,<0.1065.0>,45},pid=<0.1110.0>.
2026-09-11 20:01:17.199182+09:00 [info] <0.1065.0>@supervisor:report_progress/2:1582 Supervisor: {<0.1065.0>,ranch_acceptors_sup}. Started: id={acceptor,<0.1065.0>,46},pid=<0.1111.0>.
2026-09-11 20:01:17.199246+09:00 [info] <0.1065.0>@supervisor:report_progress/2:1582 Supervisor: {<0.1065.0>,ranch_acceptors_sup}. Started: id={acceptor,<0.1065.0>,47},pid=<0.1112.0>.
2026-09-11 20:01:17.199344+09:00 [info] <0.1065.0>@supervisor:report_progress/2:1582 Supervisor: {<0.1065.0>,ranch_acceptors_sup}. Started: id={acceptor,<0.1065.0>,48},pid=<0.1113.0>.
2026-09-11 20:01:17.203557+09:00 [info] <0.1065.0>@supervisor:report_progress/2:1582 Supervisor: {<0.1065.0>,ranch_acceptors_sup}. Started: id={acceptor,<0.1065.0>,49},pid=<0.1114.0>.
2026-09-11 20:01:17.203801+09:00 [info] <0.1065.0>@supervisor:report_progress/2:1582 Supervisor: {<0.1065.0>,ranch_acceptors_sup}. Started: id={acceptor,<0.1065.0>,50},pid=<0.1115.0>.
2026-09-11 20:01:17.203917+09:00 [info] <0.1065.0>@supervisor:report_progress/2:1582 Supervisor: {<0.1065.0>,ranch_acceptors_sup}. Started: id={acceptor,<0.1065.0>,51},pid=<0.1116.0>.
2026-09-11 20:01:17.204001+09:00 [info] <0.1065.0>@supervisor:report_progress/2:1582 Supervisor: {<0.1065.0>,ranch_acceptors_sup}. Started: id={acceptor,<0.1065.0>,52},pid=<0.1117.0>.
2026-09-11 20:01:17.204100+09:00 [info] <0.1065.0>@supervisor:report_progress/2:1582 Supervisor: {<0.1065.0>,ranch_acceptors_sup}. Started: id={acceptor,<0.1065.0>,53},pid=<0.1118.0>.
2026-09-11 20:01:17.204197+09:00 [info] <0.1065.0>@supervisor:report_progress/2:1582 Supervisor: {<0.1065.0>,ranch_acceptors_sup}. Started: id={acceptor,<0.1065.0>,54},pid=<0.1119.0>.
2026-09-11 20:01:17.204306+09:00 [info] <0.1065.0>@supervisor:report_progress/2:1582 Supervisor: {<0.1065.0>,ranch_acceptors_sup}. Started: id={acceptor,<0.1065.0>,55},pid=<0.1120.0>.
2026-09-11 20:01:17.204449+09:00 [info] <0.1065.0>@supervisor:report_progress/2:1582 Supervisor: {<0.1065.0>,ranch_acceptors_sup}. Started: id={acceptor,<0.1065.0>,56},pid=<0.1121.0>.
2026-09-11 20:01:17.204539+09:00 [info] <0.1065.0>@supervisor:report_progress/2:1582 Supervisor: {<0.1065.0>,ranch_acceptors_sup}. Started: id={acceptor,<0.1065.0>,57},pid=<0.1122.0>.
2026-09-11 20:01:17.204663+09:00 [info] <0.1065.0>@supervisor:report_progress/2:1582 Supervisor: {<0.1065.0>,ranch_acceptors_sup}. Started: id={acceptor,<0.1065.0>,58},pid=<0.1123.0>.
2026-09-11 20:01:17.204793+09:00 [info] <0.1065.0>@supervisor:report_progress/2:1582 Supervisor: {<0.1065.0>,ranch_acceptors_sup}. Started: id={acceptor,<0.1065.0>,59},pid=<0.1124.0>.
2026-09-11 20:01:17.204900+09:00 [info] <0.1065.0>@supervisor:report_progress/2:1582 Supervisor: {<0.1065.0>,ranch_acceptors_sup}. Started: id={acceptor,<0.1065.0>,60},pid=<0.1125.0>.
2026-09-11 20:01:17.205016+09:00 [info] <0.1065.0>@supervisor:report_progress/2:1582 Supervisor: {<0.1065.0>,ranch_acceptors_sup}. Started: id={acceptor,<0.1065.0>,61},pid=<0.1126.0>.
2026-09-11 20:01:17.205103+09:00 [info] <0.1065.0>@supervisor:report_progress/2:1582 Supervisor: {<0.1065.0>,ranch_acceptors_sup}. Started: id={acceptor,<0.1065.0>,62},pid=<0.1127.0>.
2026-09-11 20:01:17.205228+09:00 [info] <0.1065.0>@supervisor:report_progress/2:1582 Supervisor: {<0.1065.0>,ranch_acceptors_sup}. Started: id={acceptor,<0.1065.0>,63},pid=<0.1128.0>.
2026-09-11 20:01:17.205417+09:00 [info] <0.1065.0>@supervisor:report_progress/2:1582 Supervisor: {<0.1065.0>,ranch_acceptors_sup}. Started: id={acceptor,<0.1065.0>,64},pid=<0.1129.0>.
2026-09-11 20:01:17.205502+09:00 [info] <0.1065.0>@supervisor:report_progress/2:1582 Supervisor: {<0.1065.0>,ranch_acceptors_sup}. Started: id={acceptor,<0.1065.0>,65},pid=<0.1130.0>.
2026-09-11 20:01:17.205715+09:00 [info] <0.1065.0>@supervisor:report_progress/2:1582 Supervisor: {<0.1065.0>,ranch_acceptors_sup}. Started: id={acceptor,<0.1065.0>,66},pid=<0.1131.0>.
2026-09-11 20:01:17.205815+09:00 [info] <0.1065.0>@supervisor:report_progress/2:1582 Supervisor: {<0.1065.0>,ranch_acceptors_sup}. Started: id={acceptor,<0.1065.0>,67},pid=<0.1132.0>.
2026-09-11 20:01:17.205912+09:00 [info] <0.1065.0>@supervisor:report_progress/2:1582 Supervisor: {<0.1065.0>,ranch_acceptors_sup}. Started: id={acceptor,<0.1065.0>,68},pid=<0.1133.0>.
2026-09-11 20:01:17.206021+09:00 [info] <0.1065.0>@supervisor:report_progress/2:1582 Supervisor: {<0.1065.0>,ranch_acceptors_sup}. Started: id={acceptor,<0.1065.0>,69},pid=<0.1134.0>.
2026-09-11 20:01:17.206091+09:00 [info] <0.1065.0>@supervisor:report_progress/2:1582 Supervisor: {<0.1065.0>,ranch_acceptors_sup}. Started: id={acceptor,<0.1065.0>,70},pid=<0.1135.0>.
2026-09-11 20:01:17.206183+09:00 [info] <0.1065.0>@supervisor:report_progress/2:1582 Supervisor: {<0.1065.0>,ranch_acceptors_sup}. Started: id={acceptor,<0.1065.0>,71},pid=<0.1136.0>.
2026-09-11 20:01:17.206263+09:00 [info] <0.1065.0>@supervisor:report_progress/2:1582 Supervisor: {<0.1065.0>,ranch_acceptors_sup}. Started: id={acceptor,<0.1065.0>,72},pid=<0.1137.0>.
2026-09-11 20:01:17.206355+09:00 [info] <0.1065.0>@supervisor:report_progress/2:1582 Supervisor: {<0.1065.0>,ranch_acceptors_sup}. Started: id={acceptor,<0.1065.0>,73},pid=<0.1138.0>.
2026-09-11 20:01:17.206593+09:00 [info] <0.1065.0>@supervisor:report_progress/2:1582 Supervisor: {<0.1065.0>,ranch_acceptors_sup}. Started: id={acceptor,<0.1065.0>,74},pid=<0.1139.0>.
2026-09-11 20:01:17.206680+09:00 [info] <0.1065.0>@supervisor:report_progress/2:1582 Supervisor: {<0.1065.0>,ranch_acceptors_sup}. Started: id={acceptor,<0.1065.0>,75},pid=<0.1140.0>.
2026-09-11 20:01:17.206772+09:00 [info] <0.1065.0>@supervisor:report_progress/2:1582 Supervisor: {<0.1065.0>,ranch_acceptors_sup}. Started: id={acceptor,<0.1065.0>,76},pid=<0.1141.0>.
2026-09-11 20:01:17.206840+09:00 [info] <0.1065.0>@supervisor:report_progress/2:1582 Supervisor: {<0.1065.0>,ranch_acceptors_sup}. Started: id={acceptor,<0.1065.0>,77},pid=<0.1142.0>.
2026-09-11 20:01:17.207367+09:00 [info] <0.1065.0>@supervisor:report_progress/2:1582 Supervisor: {<0.1065.0>,ranch_acceptors_sup}. Started: id={acceptor,<0.1065.0>,78},pid=<0.1143.0>.
2026-09-11 20:01:17.207590+09:00 [info] <0.1065.0>@supervisor:report_progress/2:1582 Supervisor: {<0.1065.0>,ranch_acceptors_sup}. Started: id={acceptor,<0.1065.0>,79},pid=<0.1144.0>.
2026-09-11 20:01:17.207711+09:00 [info] <0.1065.0>@supervisor:report_progress/2:1582 Supervisor: {<0.1065.0>,ranch_acceptors_sup}. Started: id={acceptor,<0.1065.0>,80},pid=<0.1145.0>.
2026-09-11 20:01:17.207807+09:00 [info] <0.1065.0>@supervisor:report_progress/2:1582 Supervisor: {<0.1065.0>,ranch_acceptors_sup}. Started: id={acceptor,<0.1065.0>,81},pid=<0.1146.0>.
2026-09-11 20:01:17.207890+09:00 [info] <0.1065.0>@supervisor:report_progress/2:1582 Supervisor: {<0.1065.0>,ranch_acceptors_sup}. Started: id={acceptor,<0.1065.0>,82},pid=<0.1147.0>.
2026-09-11 20:01:17.207983+09:00 [info] <0.1065.0>@supervisor:report_progress/2:1582 Supervisor: {<0.1065.0>,ranch_acceptors_sup}. Started: id={acceptor,<0.1065.0>,83},pid=<0.1148.0>.
2026-09-11 20:01:17.208078+09:00 [info] <0.1065.0>@supervisor:report_progress/2:1582 Supervisor: {<0.1065.0>,ranch_acceptors_sup}. Started: id={acceptor,<0.1065.0>,84},pid=<0.1149.0>.
2026-09-11 20:01:17.208150+09:00 [info] <0.1065.0>@supervisor:report_progress/2:1582 Supervisor: {<0.1065.0>,ranch_acceptors_sup}. Started: id={acceptor,<0.1065.0>,85},pid=<0.1150.0>.
2026-09-11 20:01:17.208246+09:00 [info] <0.1065.0>@supervisor:report_progress/2:1582 Supervisor: {<0.1065.0>,ranch_acceptors_sup}. Started: id={acceptor,<0.1065.0>,86},pid=<0.1151.0>.
2026-09-11 20:01:17.208317+09:00 [info] <0.1065.0>@supervisor:report_progress/2:1582 Supervisor: {<0.1065.0>,ranch_acceptors_sup}. Started: id={acceptor,<0.1065.0>,87},pid=<0.1152.0>.
2026-09-11 20:01:17.208412+09:00 [info] <0.1065.0>@supervisor:report_progress/2:1582 Supervisor: {<0.1065.0>,ranch_acceptors_sup}. Started: id={acceptor,<0.1065.0>,88},pid=<0.1153.0>.
2026-09-11 20:01:17.208517+09:00 [info] <0.1065.0>@supervisor:report_progress/2:1582 Supervisor: {<0.1065.0>,ranch_acceptors_sup}. Started: id={acceptor,<0.1065.0>,89},pid=<0.1154.0>.
2026-09-11 20:01:17.208593+09:00 [info] <0.1065.0>@supervisor:report_progress/2:1582 Supervisor: {<0.1065.0>,ranch_acceptors_sup}. Started: id={acceptor,<0.1065.0>,90},pid=<0.1155.0>.
2026-09-11 20:01:17.208681+09:00 [info] <0.1065.0>@supervisor:report_progress/2:1582 Supervisor: {<0.1065.0>,ranch_acceptors_sup}. Started: id={acceptor,<0.1065.0>,91},pid=<0.1156.0>.
2026-09-11 20:01:17.208751+09:00 [info] <0.1065.0>@supervisor:report_progress/2:1582 Supervisor: {<0.1065.0>,ranch_acceptors_sup}. Started: id={acceptor,<0.1065.0>,92},pid=<0.1157.0>.
2026-09-11 20:01:17.208849+09:00 [info] <0.1065.0>@supervisor:report_progress/2:1582 Supervisor: {<0.1065.0>,ranch_acceptors_sup}. Started: id={acceptor,<0.1065.0>,93},pid=<0.1158.0>.
2026-09-11 20:01:17.208957+09:00 [info] <0.1065.0>@supervisor:report_progress/2:1582 Supervisor: {<0.1065.0>,ranch_acceptors_sup}. Started: id={acceptor,<0.1065.0>,94},pid=<0.1159.0>.
2026-09-11 20:01:17.209240+09:00 [info] <0.1065.0>@supervisor:report_progress/2:1582 Supervisor: {<0.1065.0>,ranch_acceptors_sup}. Started: id={acceptor,<0.1065.0>,95},pid=<0.1160.0>.
2026-09-11 20:01:17.209819+09:00 [info] <0.1065.0>@supervisor:report_progress/2:1582 Supervisor: {<0.1065.0>,ranch_acceptors_sup}. Started: id={acceptor,<0.1065.0>,96},pid=<0.1161.0>.
2026-09-11 20:01:17.209913+09:00 [info] <0.1065.0>@supervisor:report_progress/2:1582 Supervisor: {<0.1065.0>,ranch_acceptors_sup}. Started: id={acceptor,<0.1065.0>,97},pid=<0.1162.0>.
2026-09-11 20:01:17.210016+09:00 [info] <0.1065.0>@supervisor:report_progress/2:1582 Supervisor: {<0.1065.0>,ranch_acceptors_sup}. Started: id={acceptor,<0.1065.0>,98},pid=<0.1163.0>.
2026-09-11 20:01:17.210112+09:00 [info] <0.1065.0>@supervisor:report_progress/2:1582 Supervisor: {<0.1065.0>,ranch_acceptors_sup}. Started: id={acceptor,<0.1065.0>,99},pid=<0.1164.0>.
2026-09-11 20:01:17.210182+09:00 [info] <0.1065.0>@supervisor:report_progress/2:1582 Supervisor: {<0.1065.0>,ranch_acceptors_sup}. Started: id={acceptor,<0.1065.0>,100},pid=<0.1165.0>.
2026-09-11 20:01:17.210310+09:00 [info] <0.963.0>@supervisor:report_progress/2:1582 Supervisor: {<0.963.0>,ranch_listener_sup}. Started: id=ranch_acceptors_sup,pid=<0.1065.0>.
2026-09-11 20:01:17.210407+09:00 [info] <0.613.0>@supervisor:report_progress/2:1582 Supervisor: {local,ranch_sup}. Started: id={ranch_listener_sup,{[49,50,55,46,48,46,48,46,49],9080}},pid=<0.963.0>.
2026-09-11 20:01:17.210552+09:00 [info] <0.961.0>@riak_core_service_mgr:start_dispatcher/3:524 Service manager: listening on 127.0.0.1:9080
2026-09-11 20:01:17.210819+09:00 [info] <0.960.0>@supervisor:report_progress/2:1582 Supervisor: {local,riak_core_cluster_mgr_sup}. Started: id=riak_core_service_mgr,pid=<0.961.0>.
2026-09-11 20:01:17.226743+09:00 [info] <0.960.0>@supervisor:report_progress/2:1582 Supervisor: {local,riak_core_cluster_mgr_sup}. Started: id=riak_core_connection_mgr,pid=<0.1166.0>.
2026-09-11 20:01:17.240408+09:00 [info] <0.960.0>@supervisor:report_progress/2:1582 Supervisor: {local,riak_core_cluster_mgr_sup}. Started: id=riak_core_cluster_conn_sup,pid=<0.1167.0>.
2026-09-11 20:01:17.254730+09:00 [info] <0.1168.0>@riak_core_cluster_mgr:become_leader/2:706 ClusterManager: 'openriak-kv@node-03.cluster-a.openriak' becoming the leader
2026-09-11 20:01:17.255041+09:00 [info] <0.960.0>@supervisor:report_progress/2:1582 Supervisor: {local,riak_core_cluster_mgr_sup}. Started: id=riak_repl_cluster_mgr,pid=<0.1168.0>.
2026-09-11 20:01:17.260909+09:00 [info] <0.1169.0>@riak_core_tcp_mon:init/1:167 Starting TCP Monitor
2026-09-11 20:01:17.261286+09:00 [info] <0.960.0>@supervisor:report_progress/2:1582 Supervisor: {local,riak_core_cluster_mgr_sup}. Started: id=riak_core_tcp_mon,pid=<0.1169.0>.
2026-09-11 20:01:17.261664+09:00 [info] <0.952.0>@supervisor:report_progress/2:1582 Supervisor: {local,riak_repl_sup}. Started: id=riak_core_cluster_mgr_sup,pid=<0.960.0>.
2026-09-11 20:01:17.266431+09:00 [info] <0.952.0>@supervisor:report_progress/2:1582 Supervisor: {local,riak_repl_sup}. Started: id=riak_repl2_fs_node_reserver,pid=<0.1170.0>.
2026-09-11 20:01:17.278398+09:00 [info] <0.1172.0>@supervisor:report_progress/2:1582 Supervisor: {local,riak_repl2_rtsource_sup}. Started: id=riak_repl2_rtq,pid=<0.1173.0>.
2026-09-11 20:01:17.283406+09:00 [info] <0.1172.0>@supervisor:report_progress/2:1582 Supervisor: {local,riak_repl2_rtsource_sup}. Started: id=riak_repl2_rtq_overload_counter,pid=<0.1176.0>.
2026-09-11 20:01:17.290870+09:00 [info] <0.1172.0>@supervisor:report_progress/2:1582 Supervisor: {local,riak_repl2_rtsource_sup}. Started: id=riak_repl2_rtsource_conn_sup,pid=<0.1177.0>.
2026-09-11 20:01:17.291098+09:00 [info] <0.1171.0>@supervisor:report_progress/2:1582 Supervisor: {local,riak_repl2_rt_sup}. Started: id=riak_repl2_rtsource_sup,pid=<0.1172.0>.
2026-09-11 20:01:17.302521+09:00 [info] <0.1179.0>@supervisor:report_progress/2:1582 Supervisor: {local,riak_repl2_rtsink_sup}. Started: id=riak_repl2_rtsink_pool,pid=<0.1180.0>.
2026-09-11 20:01:17.304394+09:00 [info] <0.1179.0>@supervisor:report_progress/2:1582 Supervisor: {local,riak_repl2_rtsink_sup}. Started: id=riak_repl2_rtsink_conn_sup,pid=<0.1187.0>.
2026-09-11 20:01:17.304648+09:00 [info] <0.1171.0>@supervisor:report_progress/2:1582 Supervisor: {local,riak_repl2_rt_sup}. Started: id=riak_repl2_rtsink_sup,pid=<0.1179.0>.
2026-09-11 20:01:17.304794+09:00 [info] <0.1171.0>@supervisor:report_progress/2:1582 Supervisor: {local,riak_repl2_rt_sup}. Started: id=riak_repl2_rt,pid=<0.1188.0>.
2026-09-11 20:01:17.304922+09:00 [info] <0.952.0>@supervisor:report_progress/2:1582 Supervisor: {local,riak_repl_sup}. Started: id=riak_repl2_rt_sup,pid=<0.1171.0>.
2026-09-11 20:01:17.307412+09:00 [info] <0.952.0>@supervisor:report_progress/2:1582 Supervisor: {local,riak_repl_sup}. Started: id=riak_repl2_fscoordinator_sup,pid=<0.1189.0>.
2026-09-11 20:01:17.309588+09:00 [info] <0.952.0>@supervisor:report_progress/2:1582 Supervisor: {local,riak_repl_sup}. Started: id=riak_repl2_fscoordinator_serv_sup,pid=<0.1190.0>.
2026-09-11 20:01:17.311536+09:00 [info] <0.952.0>@supervisor:report_progress/2:1582 Supervisor: {local,riak_repl_sup}. Started: id=riak_repl2_fssource_sup,pid=<0.1191.0>.
2026-09-11 20:01:17.313150+09:00 [info] <0.952.0>@supervisor:report_progress/2:1582 Supervisor: {local,riak_repl_sup}. Started: id=riak_repl2_fssink_pool,pid=<0.1192.0>.
2026-09-11 20:01:17.314734+09:00 [info] <0.952.0>@supervisor:report_progress/2:1582 Supervisor: {local,riak_repl_sup}. Started: id=riak_repl2_fssink_sup,pid=<0.1199.0>.
2026-09-11 20:01:17.318063+09:00 [info] <0.952.0>@supervisor:report_progress/2:1582 Supervisor: {local,riak_repl_sup}. Started: id=riak_repl2_pg_proxy_sup,pid=<0.1200.0>.
2026-09-11 20:01:17.329383+09:00 [info] <0.1201.0>@supervisor:report_progress/2:1582 Supervisor: {local,riak_repl2_pg_sup}. Started: id=riak_repl2_pg_block_provider_sup,pid=<0.1202.0>.
2026-09-11 20:01:17.331486+09:00 [info] <0.1201.0>@supervisor:report_progress/2:1582 Supervisor: {local,riak_repl2_pg_sup}. Started: id=riak_repl2_pg_block_requester_sup,pid=<0.1203.0>.
2026-09-11 20:01:17.331713+09:00 [info] <0.1201.0>@supervisor:report_progress/2:1582 Supervisor: {local,riak_repl2_pg_sup}. Started: id=riak_repl2_pg,pid=<0.1204.0>.
2026-09-11 20:01:17.331789+09:00 [info] <0.952.0>@supervisor:report_progress/2:1582 Supervisor: {local,riak_repl_sup}. Started: id=riak_repl2_pg_sup,pid=<0.1201.0>.
2026-09-11 20:01:17.343126+09:00 [info] <0.247.0>@supervisor:report_progress/2:1582 Supervisor: {local,riak_core_stats_sup}. Started: id=riak_core_connection_mgr_stats,pid=<0.1205.0>.
2026-09-11 20:01:17.365305+09:00 [info] <0.247.0>@supervisor:report_progress/2:1582 Supervisor: {local,riak_core_stats_sup}. Started: id=riak_repl_stats,pid=<0.1206.0>.
2026-09-11 20:01:17.387864+09:00 [info] <0.213.0>@supervisor:report_progress/2:1582 Supervisor: {local,riak_core_eventhandler_sup}. Started: id={riak_core_ring_events,riak_repl_ring_handler},pid=<0.1207.0>.
2026-09-11 20:01:17.417388+09:00 [info] <0.44.0>@application_controller:info_started/2:2130 Application: riak_repl. Started at: 'openriak-kv@node-03.cluster-a.openriak'.
2026-09-11 20:01:17.417706+09:00 [info] <0.44.0>@application_controller:info_started/2:2130 Application: canola. Started at: 'openriak-kv@node-03.cluster-a.openriak'.
2026-09-11 20:01:17.462630+09:00 [info] <0.44.0>@application_controller:info_started/2:2130 Application: riak_auth_mods. Started at: 'openriak-kv@node-03.cluster-a.openriak'.
2026-09-11 20:01:17.463335+09:00 [info] <0.44.0>@application_controller:info_started/2:2130 Application: riak_logger. Started at: 'openriak-kv@node-03.cluster-a.openriak'.
2026-09-11 20:01:22.336934+09:00 [info] <0.765.0>@leveled_monitor:handle_cast/2:580 log_ref=p0032 db_id=7 Fetch head timing with sample_count=0 and level timings of foundmem_time=0 found0_time=0 found1_time=0 found2_time=0 found3_time=0 foundlower_time=0 missed_time=0 with counts of foundmem_count=0 found0_count=0 found1_count=0 found2_count=0 found3_count=0 foundlower_count=0 missed_count=0 with sample_period=5 seconds
2026-09-11 20:01:24.429932+09:00 [info] <0.1337.0>@supervisor_bridge:report_progress/4:139 Supervisor: {local,inet_gethost_native_sup}. Started: pid=<0.1338.0>,mfa={inet_gethost_native,init,[[]]}.
2026-09-11 20:01:24.430481+09:00 [info] <0.82.0>@supervisor:report_progress/2:1582 Supervisor: {local,kernel_safe_sup}. Started: id=inet_gethost_native_sup,pid=<0.1337.0>.
2026-09-11 20:01:24.464305+09:00 [info] <0.958.0>@riak_repl2_leader:become_leader/2:217 Leader2: 'openriak-kv@node-03.cluster-a.openriak' elected as replication leader
2026-09-11 20:01:26.488731+09:00 [info] <0.223.0>@riak_core_gossip:log_node_added/2:362 'openriak-kv@node-04.cluster-a.openriak' joined cluster with status 'joining'
2026-09-11 20:01:26.495907+09:00 [info] <0.1342.0>@riak_repl_leader_helper:handle_DOWN/3:110 Replication candidate node 'openriak-kv@node-01.cluster-a.openriak' down
2026-09-11 20:01:28.019619+09:00 [info] <0.223.0>@riak_core_gossip:log_node_added/2:362 'openriak-kv@node-02.cluster-a.openriak' joined cluster with status 'joining'
2026-09-11 20:01:28.041669+09:00 [info] <0.1168.0>@riak_core_cluster_mgr:become_proxy/2:719 ClusterManager: 'openriak-kv@node-03.cluster-a.openriak' becoming a proxy to 'openriak-kv@node-02.cluster-a.openriak'
2026-09-11 20:01:29.747141+09:00 [info] <0.223.0>@riak_core_gossip:log_node_added/2:362 'openriak-kv@node-05.cluster-a.openriak' joined cluster with status 'joining'
2026-09-11 20:01:30.718910+09:00 [info] <0.760.0>@leveled_monitor:handle_cast/2:534 log_ref=b0015 db_id=0 Put timing with sample_count=0 ink_time=0 prep_time=0 mem_time=0 with total_object_size=0 with sample_period=14 seconds
2026-09-11 20:01:31.530881+09:00 [info] <0.759.0>@leveled_monitor:handle_cast/2:534 log_ref=b0015 db_id=6 Put timing with sample_count=0 ink_time=0 prep_time=0 mem_time=0 with total_object_size=0 with sample_period=15 seconds
2026-09-11 20:01:33.124492+09:00 [info] <0.223.0>@riak_core_gossip:log_node_changed/3:359 'openriak-kv@node-02.cluster-a.openriak' changed from 'joining' to 'valid'
2026-09-11 20:01:33.124665+09:00 [info] <0.223.0>@riak_core_gossip:log_node_changed/3:359 'openriak-kv@node-03.cluster-a.openriak' changed from 'joining' to 'valid'
2026-09-11 20:01:33.124775+09:00 [info] <0.223.0>@riak_core_gossip:log_node_changed/3:359 'openriak-kv@node-04.cluster-a.openriak' changed from 'joining' to 'valid'
2026-09-11 20:01:33.124851+09:00 [info] <0.223.0>@riak_core_gossip:log_node_changed/3:359 'openriak-kv@node-05.cluster-a.openriak' changed from 'joining' to 'valid'
2026-09-11 20:01:37.858886+09:00 [info] <0.393.0>@riak_kv_replrtq_src:handle_info/2:646 QueueName=q1_ttaaefs has queue sizes p1=0 p2=0 p3=0
2026-09-11 20:01:38.815093+09:00 [info] <0.767.0>@leveled_monitor:handle_cast/2:625 log_ref=cdb19 db_id=3 Sample timings in microseconds for sample_count=0 with totals of cycle_count=0 index_time=0 read_time=0 with sample_period=22 seconds
2026-09-11 20:01:52.120857+09:00 [info] <0.763.0>@leveled_monitor:handle_cast/2:625 log_ref=cdb19 db_id=4 Sample timings in microseconds for sample_count=0 with totals of cycle_count=0 index_time=0 read_time=0 with sample_period=35 seconds
2026-09-11 20:01:53.905703+09:00 [info] <0.769.0>@leveled_monitor:handle_cast/2:625 log_ref=cdb19 db_id=5 Sample timings in microseconds for sample_count=0 with totals of cycle_count=0 index_time=0 read_time=0 with sample_period=37 seconds
2026-09-11 20:01:54.187268+09:00 [info] <0.765.0>@leveled_monitor:handle_cast/2:494 log_ref=b0016 db_id=7 Get timing with sample_count=0 and head_time=0 body_time=0 with fetch_count=0 with sample_period=37 seconds
2026-09-11 20:02:09.698934+09:00 [info] <0.392.0>@riak_kv_ttaaefs_manager:handle_info/2:648 Initiated Tictac AAE Full-Sync Mgr with scope=disabled
2026-09-11 20:02:09.699134+09:00 [info] <0.392.0>@riak_kv_ttaaefs_manager:handle_info/2:668 Initiating schedule at startup SlotInfo {3,5,1} Schedule [{no_check,24},{all_check,0},{day_check,0},{hour_check,0},{range_check,0},{auto_check,0}]
2026-09-11 20:02:09.699701+09:00 [info] <0.392.0>@riak_kv_ttaaefs_manager:handle_info/2:686 Scheduling work_item=no_check in 4962 seconds 23 items to run in schedule
2026-09-11 20:02:09.708701+09:00 [info] <0.393.0>@riak_kv_replrtq_src:handle_info/2:646 QueueName=q1_ttaaefs has queue sizes p1=0 p2=0 p3=0
2026-09-11 20:02:09.732984+09:00 [info] <0.396.0>@riak_kv_overflow_queue:log/5:129 riak_kv_reaper job_id=0 has attempts=0 aborts=0 Queue lengths queue_p2=0 queue_p1=0 Overflow lengths overflow_p2=0 overflow_p1=0 Discard counts discard_p2=0 discard_p1=0
2026-09-11 20:02:09.739017+09:00 [info] <0.397.0>@riak_kv_overflow_queue:log/5:129 riak_kv_eraser job_id=0 has attempts=0 aborts=0 Queue lengths queue_p2=0 queue_p1=0 Overflow lengths overflow_p2=0 overflow_p1=0 Discard counts discard_p2=0 discard_p1=0
2026-09-11 20:02:09.744018+09:00 [info] <0.398.0>@riak_kv_overflow_queue:log/5:129 riak_kv_reader job_id=0 has attempts=0 aborts=0 Queue lengths queue_p2=0 queue_p1=0 Overflow lengths overflow_p2=0 overflow_p1=0 Discard counts discard_p2=0 discard_p1=0
2026-09-11 20:02:10.006779+09:00 [info] <0.569.0>@riak_core_worker_pool:handle_info/3:257 worker_pool=af1_pool has qlen=0 and no items checked out
2026-09-11 20:02:10.007048+09:00 [info] <0.574.0>@riak_core_worker_pool:handle_info/3:257 worker_pool=af2_pool has qlen=0 and no items checked out
2026-09-11 20:02:10.007944+09:00 [info] <0.578.0>@riak_core_worker_pool:handle_info/3:257 worker_pool=af3_pool has qlen=0 and no items checked out
2026-09-11 20:02:10.008103+09:00 [info] <0.585.0>@riak_core_worker_pool:handle_info/3:257 worker_pool=af4_pool has qlen=0 and no items checked out
2026-09-11 20:02:10.009241+09:00 [info] <0.589.0>@riak_core_worker_pool:handle_info/3:257 worker_pool=be_pool has qlen=0 and no items checked out
2026-09-11 20:02:10.664962+09:00 [info] <0.767.0>@leveled_monitor:handle_cast/2:534 log_ref=b0015 db_id=3 Put timing with sample_count=0 ink_time=0 prep_time=0 mem_time=0 with total_object_size=0 with sample_period=54 seconds
2026-09-11 20:02:10.964893+09:00 [info] <0.762.0>@leveled_monitor:handle_cast/2:494 log_ref=b0016 db_id=2 Get timing with sample_count=0 and head_time=0 body_time=0 with fetch_count=0 with sample_period=54 seconds
2026-09-11 20:02:23.970404+09:00 [info] <0.763.0>@leveled_monitor:handle_cast/2:515 log_ref=b0018 db_id=4 Positive HEAD responses timed with sample_count=0 and cache_count=0 found_count=0 fetch_ledger_time=0 fetch_ledgercache_time=0 rsp_time=0 notfound_time=0 with sample_period=67 seconds
2026-09-11 20:02:30.353725+09:00 [info] <0.941.0>@riak_core_vnode:finish_handoff/2:788 730750818665451459101842416358141509827966271488 riak_pipe_vnode vnode finished handoff and deleted in 0 milliseconds
2026-09-11 20:02:34.419593+09:00 [info] <0.760.0>@leveled_monitor:handle_cast/2:515 log_ref=b0018 db_id=0 Positive HEAD responses timed with sample_count=0 and cache_count=0 found_count=0 fetch_ledger_time=0 fetch_ledgercache_time=0 rsp_time=0 notfound_time=0 with sample_period=77 seconds
2026-09-11 20:02:34.578565+09:00 [warning] <0.764.0>@leveled_bookie:handle_call/3:1732 log_ref=b0011 db_id=7 Call to destroy the store and so all files to be removed
2026-09-11 20:02:34.578940+09:00 [warning] <0.772.0>@leveled_inker:handle_call/3:776 log_ref=i0018 db_id=7 We're doomed - intention recorded to destroy all files
2026-09-11 20:02:34.579074+09:00 [info] <0.772.0>@leveled_inker:handle_call/3:780 log_ref=i0005 db_id=7 Inker closing journal for reason doom
2026-09-11 20:02:34.579244+09:00 [info] <0.772.0>@leveled_inker:handle_call/3:782 log_ref=i0006 db_id=7 Close triggered with journal_sqn=0 and manifest_sqn=2
2026-09-11 20:02:34.579449+09:00 [info] <0.772.0>@leveled_inker:shutdown_manifest/1:1036 log_ref=i0007 db_id=7 Inker manifest when closing is:
2026-09-11 20:02:34.579963+09:00 [warning] <0.799.0>@leveled_penciller:handle_call/3:1093 log_ref=p0030 db_id=7 We're doomed - intention recorded to destroy all files
2026-09-11 20:02:34.580095+09:00 [info] <0.809.0>@leveled_pclerk:terminate/2:178 log_ref=pc005 db_id=7 Penciller's Clerk <0.809.0> shutdown now complete for reason normal
2026-09-11 20:02:34.582285+09:00 [info] <0.764.0>@leveled_bookie:terminate/2:1803 log_ref=b0003 db_id=7 Bookie closing for reason normal
2026-09-11 20:02:34.582593+09:00 [info] <0.851.0>@aae_treecache:handle_cast/2:354 log_ref=c0004 Destroying tree cache for partition {1278813932664540053428224228626747642198940975104,3}
2026-09-11 20:02:34.582734+09:00 [info] <0.732.0>@riak_core_vnode:finish_handoff/2:788 1278813932664540053428224228626747642198940975104 riak_kv_vnode vnode finished handoff and deleted in 24 milliseconds
2026-09-11 20:02:34.582673+09:00 [info] <0.839.0>@aae_treecache:handle_cast/2:354 log_ref=c0004 Destroying tree cache for partition {913438523331814323877303020447676887284957839360,3}
2026-09-11 20:02:34.582990+09:00 [info] <0.844.0>@aae_treecache:handle_cast/2:354 log_ref=c0004 Destroying tree cache for partition {1096126227998177188652763624537212264741949407232,3}
2026-09-11 20:02:35.230369+09:00 [info] <0.759.0>@leveled_monitor:handle_cast/2:580 log_ref=p0032 db_id=6 Fetch head timing with sample_count=0 and level timings of foundmem_time=0 found0_time=0 found1_time=0 found2_time=0 found3_time=0 foundlower_time=0 missed_time=0 with counts of foundmem_count=0 found0_count=0 found1_count=0 found2_count=0 found3_count=0 foundlower_count=0 missed_count=0 with sample_period=78 seconds
2026-09-11 20:02:38.474562+09:00 [info] <0.761.0>@leveled_monitor:handle_cast/2:515 log_ref=b0018 db_id=1 Positive HEAD responses timed with sample_count=0 and cache_count=0 found_count=0 fetch_ledger_time=0 fetch_ledgercache_time=0 rsp_time=0 notfound_time=0 with sample_period=81 seconds
2026-09-11 20:02:41.559334+09:00 [info] <0.393.0>@riak_kv_replrtq_src:handle_info/2:646 QueueName=q1_ttaaefs has queue sizes p1=0 p2=0 p3=0
2026-09-11 20:02:42.515462+09:00 [info] <0.767.0>@leveled_monitor:handle_cast/2:515 log_ref=b0018 db_id=3 Positive HEAD responses timed with sample_count=0 and cache_count=0 found_count=0 fetch_ledger_time=0 fetch_ledgercache_time=0 rsp_time=0 notfound_time=0 with sample_period=86 seconds
2026-09-11 20:02:42.815564+09:00 [info] <0.762.0>@leveled_monitor:handle_cast/2:515 log_ref=b0018 db_id=2 Positive HEAD responses timed with sample_count=0 and cache_count=0 found_count=0 fetch_ledger_time=0 fetch_ledgercache_time=0 rsp_time=0 notfound_time=0 with sample_period=86 seconds
2026-09-11 20:02:46.314737+09:00 [warning] <0.755.0>@leveled_bookie:handle_call/3:1732 log_ref=b0011 db_id=0 Call to destroy the store and so all files to be removed
2026-09-11 20:02:46.314994+09:00 [warning] <0.770.0>@leveled_inker:handle_call/3:776 log_ref=i0018 db_id=0 We're doomed - intention recorded to destroy all files
2026-09-11 20:02:46.315067+09:00 [info] <0.770.0>@leveled_inker:handle_call/3:780 log_ref=i0005 db_id=0 Inker closing journal for reason doom
2026-09-11 20:02:46.315133+09:00 [info] <0.770.0>@leveled_inker:handle_call/3:782 log_ref=i0006 db_id=0 Close triggered with journal_sqn=0 and manifest_sqn=2
2026-09-11 20:02:46.315322+09:00 [info] <0.770.0>@leveled_inker:shutdown_manifest/1:1036 log_ref=i0007 db_id=0 Inker manifest when closing is:
2026-09-11 20:02:46.315546+09:00 [warning] <0.796.0>@leveled_penciller:handle_call/3:1093 log_ref=p0030 db_id=0 We're doomed - intention recorded to destroy all files
2026-09-11 20:02:46.315661+09:00 [info] <0.807.0>@leveled_pclerk:terminate/2:178 log_ref=pc005 db_id=0 Penciller's Clerk <0.807.0> shutdown now complete for reason normal
2026-09-11 20:02:46.317592+09:00 [info] <0.755.0>@leveled_bookie:terminate/2:1803 log_ref=b0003 db_id=0 Bookie closing for reason normal
2026-09-11 20:02:46.317908+09:00 [info] <0.853.0>@aae_treecache:handle_cast/2:354 log_ref=c0004 Destroying tree cache for partition {0,3}
2026-09-11 20:02:46.317937+09:00 [info] <0.845.0>@aae_treecache:handle_cast/2:354 log_ref=c0004 Destroying tree cache for partition {1278813932664540053428224228626747642198940975104,3}
2026-09-11 20:02:46.318240+09:00 [info] <0.733.0>@riak_core_vnode:finish_handoff/2:788 0 riak_kv_vnode vnode finished handoff and deleted in 12 milliseconds
2026-09-11 20:02:46.318272+09:00 [info] <0.842.0>@aae_treecache:handle_cast/2:354 log_ref=c0004 Destroying tree cache for partition {1096126227998177188652763624537212264741949407232,3}
2026-09-11 20:02:49.567963+09:00 [info] <0.932.0>@riak_core_vnode:finish_handoff/2:788 182687704666362864775460604089535377456991567872 riak_pipe_vnode vnode finished handoff and deleted in 0 milliseconds
2026-09-11 20:02:51.740636+09:00 [warning] <0.766.0>@leveled_bookie:handle_call/3:1732 log_ref=b0011 db_id=3 Call to destroy the store and so all files to be removed
2026-09-11 20:02:51.740903+09:00 [warning] <0.773.0>@leveled_inker:handle_call/3:776 log_ref=i0018 db_id=3 We're doomed - intention recorded to destroy all files
2026-09-11 20:02:51.741145+09:00 [info] <0.773.0>@leveled_inker:handle_call/3:780 log_ref=i0005 db_id=3 Inker closing journal for reason doom
2026-09-11 20:02:51.741293+09:00 [info] <0.773.0>@leveled_inker:handle_call/3:782 log_ref=i0006 db_id=3 Close triggered with journal_sqn=0 and manifest_sqn=2
2026-09-11 20:02:51.741733+09:00 [info] <0.773.0>@leveled_inker:shutdown_manifest/1:1036 log_ref=i0007 db_id=3 Inker manifest when closing is:
2026-09-11 20:02:51.742095+09:00 [warning] <0.797.0>@leveled_penciller:handle_call/3:1093 log_ref=p0030 db_id=3 We're doomed - intention recorded to destroy all files
2026-09-11 20:02:51.742230+09:00 [info] <0.806.0>@leveled_pclerk:terminate/2:178 log_ref=pc005 db_id=3 Penciller's Clerk <0.806.0> shutdown now complete for reason normal
2026-09-11 20:02:51.748393+09:00 [info] <0.766.0>@leveled_bookie:terminate/2:1803 log_ref=b0003 db_id=3 Bookie closing for reason normal
2026-09-11 20:02:51.748788+09:00 [info] <0.854.0>@aae_treecache:handle_cast/2:354 log_ref=c0004 Destroying tree cache for partition {548063113999088594326381812268606132370974703616,3}
2026-09-11 20:02:51.748885+09:00 [info] <0.849.0>@aae_treecache:handle_cast/2:354 log_ref=c0004 Destroying tree cache for partition {365375409332725729550921208179070754913983135744,3}
2026-09-11 20:02:51.748943+09:00 [info] <0.841.0>@aae_treecache:handle_cast/2:354 log_ref=c0004 Destroying tree cache for partition {182687704666362864775460604089535377456991567872,3}
2026-09-11 20:02:51.749112+09:00 [info] <0.734.0>@riak_core_vnode:finish_handoff/2:788 548063113999088594326381812268606132370974703616 riak_kv_vnode vnode finished handoff and deleted in 22 milliseconds
2026-09-11 20:02:55.837259+09:00 [info] <0.763.0>@leveled_monitor:handle_cast/2:551 log_ref=b0017 db_id=4 Snapshot timing with sample_count=0 and bookie_time=0 pcl_time=0 with sample_period=99 seconds
2026-09-11 20:02:57.623706+09:00 [info] <0.769.0>@leveled_monitor:handle_cast/2:551 log_ref=b0017 db_id=5 Snapshot timing with sample_count=0 and bookie_time=0 pcl_time=0 with sample_period=101 seconds
2026-09-11 20:02:58.084270+09:00 [warning] <0.768.0>@leveled_bookie:handle_call/3:1732 log_ref=b0011 db_id=5 Call to destroy the store and so all files to be removed
2026-09-11 20:02:58.085342+09:00 [warning] <0.777.0>@leveled_inker:handle_call/3:776 log_ref=i0018 db_id=5 We're doomed - intention recorded to destroy all files
2026-09-11 20:02:58.085526+09:00 [info] <0.777.0>@leveled_inker:handle_call/3:780 log_ref=i0005 db_id=5 Inker closing journal for reason doom
2026-09-11 20:02:58.085719+09:00 [info] <0.777.0>@leveled_inker:handle_call/3:782 log_ref=i0006 db_id=5 Close triggered with journal_sqn=0 and manifest_sqn=2
2026-09-11 20:02:58.086174+09:00 [info] <0.777.0>@leveled_inker:shutdown_manifest/1:1036 log_ref=i0007 db_id=5 Inker manifest when closing is:
2026-09-11 20:02:58.086774+09:00 [warning] <0.802.0>@leveled_penciller:handle_call/3:1093 log_ref=p0030 db_id=5 We're doomed - intention recorded to destroy all files
2026-09-11 20:02:58.087013+09:00 [info] <0.803.0>@leveled_pclerk:terminate/2:178 log_ref=pc005 db_id=5 Penciller's Clerk <0.803.0> shutdown now complete for reason normal
2026-09-11 20:02:58.089054+09:00 [info] <0.768.0>@leveled_bookie:terminate/2:1803 log_ref=b0003 db_id=5 Bookie closing for reason normal
2026-09-11 20:02:58.089432+09:00 [info] <0.730.0>@riak_core_vnode:finish_handoff/2:788 913438523331814323877303020447676887284957839360 riak_kv_vnode vnode finished handoff and deleted in 13 milliseconds
2026-09-11 20:02:58.089552+09:00 [info] <0.856.0>@aae_treecache:handle_cast/2:354 log_ref=c0004 Destroying tree cache for partition {913438523331814323877303020447676887284957839360,3}
2026-09-11 20:02:58.089382+09:00 [info] <0.847.0>@aae_treecache:handle_cast/2:354 log_ref=c0004 Destroying tree cache for partition {730750818665451459101842416358141509827966271488,3}
2026-09-11 20:02:58.089955+09:00 [info] <0.837.0>@aae_treecache:handle_cast/2:354 log_ref=c0004 Destroying tree cache for partition {548063113999088594326381812268606132370974703616,3}
2026-09-11 20:02:58.881466+09:00 [info] <0.718.0>@riak_core_vnode:finish_handoff/2:788 0 riak_pipe_vnode vnode finished handoff and deleted in 0 milliseconds
2026-09-11 20:03:01.299270+09:00 [warning] <0.758.0>@leveled_bookie:handle_call/3:1732 log_ref=b0011 db_id=4 Call to destroy the store and so all files to be removed
2026-09-11 20:03:01.299825+09:00 [warning] <0.776.0>@leveled_inker:handle_call/3:776 log_ref=i0018 db_id=4 We're doomed - intention recorded to destroy all files
2026-09-11 20:03:01.300012+09:00 [info] <0.776.0>@leveled_inker:handle_call/3:780 log_ref=i0005 db_id=4 Inker closing journal for reason doom
2026-09-11 20:03:01.300199+09:00 [info] <0.776.0>@leveled_inker:handle_call/3:782 log_ref=i0006 db_id=4 Close triggered with journal_sqn=0 and manifest_sqn=2
2026-09-11 20:03:01.300383+09:00 [info] <0.776.0>@leveled_inker:shutdown_manifest/1:1036 log_ref=i0007 db_id=4 Inker manifest when closing is:
2026-09-11 20:03:01.300887+09:00 [warning] <0.798.0>@leveled_penciller:handle_call/3:1093 log_ref=p0030 db_id=4 We're doomed - intention recorded to destroy all files
2026-09-11 20:03:01.301116+09:00 [info] <0.810.0>@leveled_pclerk:terminate/2:178 log_ref=pc005 db_id=4 Penciller's Clerk <0.810.0> shutdown now complete for reason normal
2026-09-11 20:03:01.305132+09:00 [info] <0.758.0>@leveled_bookie:terminate/2:1803 log_ref=b0003 db_id=4 Bookie closing for reason normal
2026-09-11 20:03:01.305385+09:00 [info] <0.852.0>@aae_treecache:handle_cast/2:354 log_ref=c0004 Destroying tree cache for partition {730750818665451459101842416358141509827966271488,3}
2026-09-11 20:03:01.305456+09:00 [info] <0.843.0>@aae_treecache:handle_cast/2:354 log_ref=c0004 Destroying tree cache for partition {548063113999088594326381812268606132370974703616,3}
2026-09-11 20:03:01.305495+09:00 [info] <0.835.0>@aae_treecache:handle_cast/2:354 log_ref=c0004 Destroying tree cache for partition {365375409332725729550921208179070754913983135744,3}
2026-09-11 20:03:01.305760+09:00 [info] <0.735.0>@riak_core_vnode:finish_handoff/2:788 730750818665451459101842416358141509827966271488 riak_kv_vnode vnode finished handoff and deleted in 22 milliseconds
2026-09-11 20:03:02.935342+09:00 [warning] <0.754.0>@leveled_bookie:handle_call/3:1732 log_ref=b0011 db_id=1 Call to destroy the store and so all files to be removed
2026-09-11 20:03:02.935728+09:00 [warning] <0.774.0>@leveled_inker:handle_call/3:776 log_ref=i0018 db_id=1 We're doomed - intention recorded to destroy all files
2026-09-11 20:03:02.935979+09:00 [info] <0.774.0>@leveled_inker:handle_call/3:780 log_ref=i0005 db_id=1 Inker closing journal for reason doom
2026-09-11 20:03:02.936282+09:00 [info] <0.774.0>@leveled_inker:handle_call/3:782 log_ref=i0006 db_id=1 Close triggered with journal_sqn=0 and manifest_sqn=2
2026-09-11 20:03:02.936568+09:00 [info] <0.774.0>@leveled_inker:shutdown_manifest/1:1036 log_ref=i0007 db_id=1 Inker manifest when closing is:
2026-09-11 20:03:02.937459+09:00 [warning] <0.801.0>@leveled_penciller:handle_call/3:1093 log_ref=p0030 db_id=1 We're doomed - intention recorded to destroy all files
2026-09-11 20:03:02.937699+09:00 [info] <0.804.0>@leveled_pclerk:terminate/2:178 log_ref=pc005 db_id=1 Penciller's Clerk <0.804.0> shutdown now complete for reason normal
2026-09-11 20:03:02.939327+09:00 [info] <0.754.0>@leveled_bookie:terminate/2:1803 log_ref=b0003 db_id=1 Bookie closing for reason normal
2026-09-11 20:03:02.939550+09:00 [info] <0.855.0>@aae_treecache:handle_cast/2:354 log_ref=c0004 Destroying tree cache for partition {182687704666362864775460604089535377456991567872,3}
2026-09-11 20:03:02.939621+09:00 [info] <0.846.0>@aae_treecache:handle_cast/2:354 log_ref=c0004 Destroying tree cache for partition {0,3}
2026-09-11 20:03:02.939721+09:00 [info] <0.836.0>@aae_treecache:handle_cast/2:354 log_ref=c0004 Destroying tree cache for partition {1278813932664540053428224228626747642198940975104,3}
2026-09-11 20:03:02.939767+09:00 [info] <0.728.0>@riak_core_vnode:finish_handoff/2:788 182687704666362864775460604089535377456991567872 riak_kv_vnode vnode finished handoff and deleted in 15 milliseconds
2026-09-11 20:03:04.129270+09:00 [info] <0.944.0>@riak_core_vnode:finish_handoff/2:788 913438523331814323877303020447676887284957839360 riak_pipe_vnode vnode finished handoff and deleted in 0 milliseconds
2026-09-11 20:03:07.097305+09:00 [info] <0.759.0>@leveled_monitor:handle_cast/2:551 log_ref=b0017 db_id=6 Snapshot timing with sample_count=0 and bookie_time=0 pcl_time=0 with sample_period=110 seconds
2026-09-11 20:03:08.456127+09:00 [info] <0.578.0>@riak_core_worker_pool:handle_info/3:257 worker_pool=af3_pool has qlen=0 and no items checked out
2026-09-11 20:03:09.723659+09:00 [info] <0.938.0>@riak_core_vnode:finish_handoff/2:788 548063113999088594326381812268606132370974703616 riak_pipe_vnode vnode finished handoff and deleted in 0 milliseconds
2026-09-11 20:03:10.228221+09:00 [info] <0.585.0>@riak_core_worker_pool:handle_info/3:257 worker_pool=af4_pool has qlen=0 and no items checked out
2026-09-11 20:03:10.293448+09:00 [info] <0.574.0>@riak_core_worker_pool:handle_info/3:257 worker_pool=af2_pool has qlen=0 and no items checked out
2026-09-11 20:03:11.280409+09:00 [info] <0.569.0>@riak_core_worker_pool:handle_info/3:257 worker_pool=af1_pool has qlen=0 and no items checked out
2026-09-11 20:03:12.234327+09:00 [info] <0.589.0>@riak_core_worker_pool:handle_info/3:257 worker_pool=be_pool has qlen=0 and no items checked out
2026-09-11 20:03:13.426249+09:00 [info] <0.393.0>@riak_kv_replrtq_src:handle_info/2:646 QueueName=q1_ttaaefs has queue sizes p1=0 p2=0 p3=0
2026-09-11 20:03:13.450066+09:00 [info] <0.396.0>@riak_kv_overflow_queue:log/5:129 riak_kv_reaper job_id=0 has attempts=0 aborts=0 Queue lengths queue_p2=0 queue_p1=0 Overflow lengths overflow_p2=0 overflow_p1=0 Discard counts discard_p2=0 discard_p1=0
2026-09-11 20:03:13.455496+09:00 [info] <0.397.0>@riak_kv_overflow_queue:log/5:129 riak_kv_eraser job_id=0 has attempts=0 aborts=0 Queue lengths queue_p2=0 queue_p1=0 Overflow lengths overflow_p2=0 overflow_p1=0 Discard counts discard_p2=0 discard_p1=0
2026-09-11 20:03:13.460297+09:00 [info] <0.398.0>@riak_kv_overflow_queue:log/5:129 riak_kv_reader job_id=0 has attempts=0 aborts=0 Queue lengths queue_p2=0 queue_p1=0 Overflow lengths overflow_p2=0 overflow_p1=0 Discard counts discard_p2=0 discard_p1=0
2026-09-11 20:03:14.682372+09:00 [info] <0.762.0>@leveled_monitor:handle_cast/2:580 log_ref=p0032 db_id=2 Fetch head timing with sample_count=0 and level timings of foundmem_time=0 found0_time=0 found1_time=0 found2_time=0 found3_time=0 foundlower_time=0 missed_time=0 with counts of foundmem_count=0 found0_count=0 found1_count=0 found2_count=0 found3_count=0 foundlower_count=0 missed_count=0 with sample_period=118 seconds
2026-09-11 20:03:21.709007+09:00 [info] <0.950.0>@riak_core_vnode:finish_handoff/2:788 1278813932664540053428224228626747642198940975104 riak_pipe_vnode vnode finished handoff and deleted in 0 milliseconds
2026-09-11 20:03:38.929827+09:00 [info] <0.759.0>@leveled_monitor:handle_cast/2:625 log_ref=cdb19 db_id=6 Sample timings in microseconds for sample_count=0 with totals of cycle_count=0 index_time=0 read_time=0 with sample_period=142 seconds
2026-09-11 20:03:45.258674+09:00 [info] <0.393.0>@riak_kv_replrtq_src:handle_info/2:646 QueueName=q1_ttaaefs has queue sizes p1=0 p2=0 p3=0
2026-09-11 20:03:46.514862+09:00 [info] <0.762.0>@leveled_monitor:handle_cast/2:625 log_ref=cdb19 db_id=2 Sample timings in microseconds for sample_count=0 with totals of cycle_count=0 index_time=0 read_time=0 with sample_period=150 seconds
2026-09-11 20:04:08.393196+09:00 [info] <0.574.0>@riak_core_worker_pool:handle_info/3:257 worker_pool=af2_pool has qlen=0 and no items checked out
2026-09-11 20:04:10.776207+09:00 [info] <0.759.0>@leveled_monitor:handle_cast/2:494 log_ref=b0016 db_id=6 Get timing with sample_count=0 and head_time=0 body_time=0 with fetch_count=0 with sample_period=174 seconds
2026-09-11 20:04:10.793447+09:00 [info] <0.569.0>@riak_core_worker_pool:handle_info/3:257 worker_pool=af1_pool has qlen=0 and no items checked out
2026-09-11 20:04:11.412123+09:00 [info] <0.578.0>@riak_core_worker_pool:handle_info/3:257 worker_pool=af3_pool has qlen=0 and no items checked out
2026-09-11 20:04:12.921986+09:00 [info] <0.589.0>@riak_core_worker_pool:handle_info/3:257 worker_pool=be_pool has qlen=0 and no items checked out
2026-09-11 20:04:13.793025+09:00 [info] <0.585.0>@riak_core_worker_pool:handle_info/3:257 worker_pool=af4_pool has qlen=0 and no items checked out
2026-09-11 20:04:17.104990+09:00 [info] <0.393.0>@riak_kv_replrtq_src:handle_info/2:646 QueueName=q1_ttaaefs has queue sizes p1=0 p2=0 p3=0
2026-09-11 20:04:17.128315+09:00 [info] <0.396.0>@riak_kv_overflow_queue:log/5:129 riak_kv_reaper job_id=0 has attempts=0 aborts=0 Queue lengths queue_p2=0 queue_p1=0 Overflow lengths overflow_p2=0 overflow_p1=0 Discard counts discard_p2=0 discard_p1=0
2026-09-11 20:04:17.133108+09:00 [info] <0.397.0>@riak_kv_overflow_queue:log/5:129 riak_kv_eraser job_id=0 has attempts=0 aborts=0 Queue lengths queue_p2=0 queue_p1=0 Overflow lengths overflow_p2=0 overflow_p1=0 Discard counts discard_p2=0 discard_p1=0
2026-09-11 20:04:17.137974+09:00 [info] <0.398.0>@riak_kv_overflow_queue:log/5:129 riak_kv_reader job_id=0 has attempts=0 aborts=0 Queue lengths queue_p2=0 queue_p1=0 Overflow lengths overflow_p2=0 overflow_p1=0 Discard counts discard_p2=0 discard_p1=0
2026-09-11 20:04:21.326510+09:00 [info] <0.617.0>@riak_repl_app:prep_stop/1:336 Redirecting realtime replication traffic
2026-09-11 20:04:21.357005+09:00 [info] <0.82.0>@supervisor:report_progress/2:1582 Supervisor: {local,kernel_safe_sup}. Started: id=riak_repl2_rtq_proxy,pid=<0.4507.0>.
2026-09-11 20:04:21.357282+09:00 [info] <0.617.0>@riak_repl_app:prep_stop/1:339 Stopping application riak_repl - marked service down.
2026-09-11 20:04:21.395700+09:00 [info] <0.4509.0>@riak_repl_migration:init/0:33 Riak replication migration server started
2026-09-11 20:04:21.395948+09:00 [info] <0.617.0>@riak_repl_app:prep_stop/1:343 Started migration server
2026-09-11 20:04:21.396154+09:00 [info] <0.4509.0>@riak_repl_migration:handle_call/3:37 Realtime Repl queue migration sleeping
2026-09-11 20:04:21.497094+09:00 [info] <0.4509.0>@riak_repl_migration:handle_info/2:50 Queue empty, no replication queue migration required
2026-09-11 20:04:24.358101+09:00 [info] <0.4507.0>@riak_repl2_rtq_proxy:handle_info/2:94 rtq proxy target 'openriak-kv@node-01.cluster-a.openriak' is down
2026-09-11 20:04:24.366617+09:00 [info] <0.617.0>@riak_repl_app:stop/1:139 Stopped application riak_repl
2026-09-11 20:04:24.373958+09:00 [info] <0.350.0>@riak_kv_app:prep_stop/1:275 Stopping application riak_kv - marked service down.
2026-09-11 20:04:24.374654+09:00 [info] <0.350.0>@riak_kv_app:prep_stop/1:279 Unregistered pb services
2026-09-11 20:04:24.378787+09:00 [info] <0.350.0>@riak_kv_app:prep_stop/1:284 unregistered webmachine routes
2026-09-11 20:04:24.379023+09:00 [info] <0.350.0>@riak_kv_app:prep_stop/1:286 all active put FSMs completed
2026-09-11 20:04:24.379503+09:00 [info] <0.350.0>@riak_kv_app:stop/1:297 Stopped  application riak_kv.
2026-09-11 20:04:24.385273+09:00 [info] <0.775.0>@leveled_inker:handle_call/3:780 log_ref=i0005 db_id=2 Inker closing journal for reason close
2026-09-11 20:04:24.385449+09:00 [info] <0.775.0>@leveled_inker:handle_call/3:782 log_ref=i0006 db_id=2 Close triggered with journal_sqn=0 and manifest_sqn=2
2026-09-11 20:04:24.385582+09:00 [info] <0.775.0>@leveled_inker:shutdown_manifest/1:1036 log_ref=i0007 db_id=2 Inker manifest when closing is:
2026-09-11 20:04:24.385384+09:00 [info] <0.771.0>@leveled_inker:handle_call/3:780 log_ref=i0005 db_id=6 Inker closing journal for reason close
2026-09-11 20:04:24.385740+09:00 [info] <0.771.0>@leveled_inker:handle_call/3:782 log_ref=i0006 db_id=6 Close triggered with journal_sqn=0 and manifest_sqn=2
2026-09-11 20:04:24.385852+09:00 [info] <0.771.0>@leveled_inker:shutdown_manifest/1:1036 log_ref=i0007 db_id=6 Inker manifest when closing is:
2026-09-11 20:04:24.385937+09:00 [info] <0.805.0>@leveled_pclerk:terminate/2:178 log_ref=pc005 db_id=2 Penciller's Clerk <0.805.0> shutdown now complete for reason normal
2026-09-11 20:04:24.386023+09:00 [info] <0.800.0>@leveled_penciller:handle_call/3:1068 log_ref=p0008 db_id=2 Penciller closing for reason close
2026-09-11 20:04:24.386010+09:00 [info] <0.808.0>@leveled_pclerk:terminate/2:178 log_ref=pc005 db_id=6 Penciller's Clerk <0.808.0> shutdown now complete for reason normal
2026-09-11 20:04:24.386104+09:00 [info] <0.800.0>@leveled_penciller:handle_call/3:1084 log_ref=p0010 db_id=2 level zero discarded_count=0 on close of Penciller
2026-09-11 20:04:24.386142+09:00 [info] <0.795.0>@leveled_penciller:handle_call/3:1068 log_ref=p0008 db_id=6 Penciller closing for reason close
2026-09-11 20:04:24.386221+09:00 [info] <0.795.0>@leveled_penciller:handle_call/3:1084 log_ref=p0010 db_id=6 level zero discarded_count=0 on close of Penciller
2026-09-11 20:04:24.386462+09:00 [info] <0.756.0>@leveled_bookie:terminate/2:1803 log_ref=b0003 db_id=6 Bookie closing for reason normal
2026-09-11 20:04:24.386238+09:00 [info] <0.757.0>@leveled_bookie:terminate/2:1803 log_ref=b0003 db_id=2 Bookie closing for reason normal
2026-09-11 20:04:24.421011+09:00 [info] <0.857.0>@aae_treecache:save_to_disk/3:403 log_ref=c0003 Saving tree cache to path /var/lib/riak/tictac_aae/1096126227998177188652763624537212264741949407232/aaetree/1096126227998177188652763624537212264741949407232_3/ and filename 1.pnd
2026-09-11 20:04:24.423893+09:00 [info] <0.858.0>@aae_treecache:save_to_disk/3:403 log_ref=c0003 Saving tree cache to path /var/lib/riak/tictac_aae/365375409332725729550921208179070754913983135744/aaetree/365375409332725729550921208179070754913983135744_3/ and filename 1.pnd
2026-09-11 20:04:24.455955+09:00 [info] <0.848.0>@aae_treecache:save_to_disk/3:403 log_ref=c0003 Saving tree cache to path /var/lib/riak/tictac_aae/1096126227998177188652763624537212264741949407232/aaetree/913438523331814323877303020447676887284957839360_3/ and filename 1.pnd
2026-09-11 20:04:24.465321+09:00 [info] <0.850.0>@aae_treecache:save_to_disk/3:403 log_ref=c0003 Saving tree cache to path /var/lib/riak/tictac_aae/365375409332725729550921208179070754913983135744/aaetree/182687704666362864775460604089535377456991567872_3/ and filename 1.pnd
2026-09-11 20:04:24.490172+09:00 [info] <0.838.0>@aae_treecache:save_to_disk/3:403 log_ref=c0003 Saving tree cache to path /var/lib/riak/tictac_aae/1096126227998177188652763624537212264741949407232/aaetree/730750818665451459101842416358141509827966271488_3/ and filename 1.pnd
2026-09-11 20:04:24.513604+09:00 [info] <0.840.0>@aae_treecache:save_to_disk/3:403 log_ref=c0003 Saving tree cache to path /var/lib/riak/tictac_aae/365375409332725729550921208179070754913983135744/aaetree/0_3/ and filename 1.pnd
2026-09-11 20:04:24.515820+09:00 [info] <0.208.0>@riak_core_app:stop/1:118 Stopped  application riak_core.
