2026-09-11 20:14:19.487879+09:00 [info] <0.44.0>@application_controller:info_started/2:2107 Application: kernel. Started at: 'openriak-kv@node-01.cluster-a.openriak'.
2026-09-11 20:14:19.492576+09:00 [info] <0.44.0>@application_controller:info_started/2:2107 Application: stdlib. Started at: 'openriak-kv@node-01.cluster-a.openriak'.
2026-09-11 20:14:19.492770+09:00 [info] <0.44.0>@application_controller:info_started/2:2107 Application: asn1. Started at: 'openriak-kv@node-01.cluster-a.openriak'.
2026-09-11 20:14:19.492882+09:00 [info] <0.44.0>@application_controller:info_started/2:2107 Application: crypto. Started at: 'openriak-kv@node-01.cluster-a.openriak'.
2026-09-11 20:14:19.493091+09:00 [info] <0.44.0>@application_controller:info_started/2:2107 Application: public_key. Started at: 'openriak-kv@node-01.cluster-a.openriak'.
2026-09-11 20:14:19.495753+09:00 [info] <0.78.0>@supervisor:report_progress/2:1568 Supervisor: {local,logger_sup}. Started: id=ssl_handler,pid=<0.96.0>.
2026-09-11 20:14:19.499635+09:00 [info] <0.99.0>@supervisor:report_progress/2:1568 Supervisor: {local,ssl_admin_sup}. Started: id=ssl_pem_cache,pid=<0.100.0>.
2026-09-11 20:14:19.503082+09:00 [info] <0.99.0>@supervisor:report_progress/2:1568 Supervisor: {local,ssl_admin_sup}. Started: id=ssl_manager,pid=<0.101.0>.
2026-09-11 20:14:19.504367+09:00 [info] <0.99.0>@supervisor:report_progress/2:1568 Supervisor: {local,ssl_admin_sup}. Started: id=tls_client_ticket_store,pid=<0.102.0>.
2026-09-11 20:14:19.504606+09:00 [info] <0.98.0>@supervisor:report_progress/2:1568 Supervisor: {local,ssl_sup}. Started: id=ssl_admin_sup,pid=<0.99.0>.
2026-09-11 20:14:19.506586+09:00 [info] <0.104.0>@supervisor:report_progress/2:1568 Supervisor: {local,tls_sup}. Started: id=tls_connection_sup,pid=<0.105.0>.
2026-09-11 20:14:19.507843+09:00 [info] <0.106.0>@supervisor:report_progress/2:1568 Supervisor: {local,tls_server_sup}. Started: id=ssl_listen_tracker_sup,pid=<0.107.0>.
2026-09-11 20:14:19.508637+09:00 [info] <0.106.0>@supervisor:report_progress/2:1568 Supervisor: {local,tls_server_sup}. Started: id=tls_server_session_ticket,pid=<0.108.0>.
2026-09-11 20:14:19.509367+09:00 [info] <0.106.0>@supervisor:report_progress/2:1568 Supervisor: {local,tls_server_sup}. Started: id=ssl_server_session_cache_sup,pid=<0.109.0>.
2026-09-11 20:14:19.510172+09:00 [info] <0.106.0>@supervisor:report_progress/2:1568 Supervisor: {local,tls_server_sup}. Started: id=ssl_upgrade_server_session_cache_sup,pid=<0.110.0>.
2026-09-11 20:14:19.510319+09:00 [info] <0.104.0>@supervisor:report_progress/2:1568 Supervisor: {local,tls_sup}. Started: id=tls_server_sup,pid=<0.106.0>.
2026-09-11 20:14:19.510451+09:00 [info] <0.103.0>@supervisor:report_progress/2:1568 Supervisor: {local,ssl_connection_sup}. Started: id=tls_sup,pid=<0.104.0>.
2026-09-11 20:14:19.511759+09:00 [info] <0.111.0>@supervisor:report_progress/2:1568 Supervisor: {local,dtls_sup}. Started: id=dtls_connection_sup,pid=<0.112.0>.
2026-09-11 20:14:19.514166+09:00 [info] <0.113.0>@supervisor:report_progress/2:1568 Supervisor: {local,dtls_server_sup}. Started: id=dtls_listener_sup,pid=<0.114.0>.
2026-09-11 20:14:19.515035+09:00 [info] <0.113.0>@supervisor:report_progress/2:1568 Supervisor: {local,dtls_server_sup}. Started: id=dtls_server_session_cache_sup,pid=<0.115.0>.
2026-09-11 20:14:19.515165+09:00 [info] <0.111.0>@supervisor:report_progress/2:1568 Supervisor: {local,dtls_sup}. Started: id=dtls_server_sup,pid=<0.113.0>.
2026-09-11 20:14:19.515245+09:00 [info] <0.103.0>@supervisor:report_progress/2:1568 Supervisor: {local,ssl_connection_sup}. Started: id=dtls_sup,pid=<0.111.0>.
2026-09-11 20:14:19.515295+09:00 [info] <0.98.0>@supervisor:report_progress/2:1568 Supervisor: {local,ssl_sup}. Started: id=ssl_connection_sup,pid=<0.103.0>.
2026-09-11 20:14:19.515395+09:00 [info] <0.44.0>@application_controller:info_started/2:2107 Application: ssl. Started at: 'openriak-kv@node-01.cluster-a.openriak'.
2026-09-11 20:14:19.515611+09:00 [info] <0.44.0>@application_controller:info_started/2:2107 Application: hut. Started at: 'openriak-kv@node-01.cluster-a.openriak'.
2026-09-11 20:14:19.517357+09:00 [info] <0.120.0>@supervisor:report_progress/2:1568 Supervisor: {local,setup_sup}. Started: id=setup_srv,pid=<0.121.0>.
2026-09-11 20:14:19.521638+09:00 [notice] <0.121.0>@: Setup running ...
2026-09-11 20:14:19.524346+09:00 [notice] <0.121.0>@: Directories verified. Res = ok
2026-09-11 20:14:19.526979+09:00 [notice] <0.121.0>@: Setup finished processing hooks (Mode=normal)...
2026-09-11 20:14:19.527353+09:00 [info] <0.44.0>@application_controller:info_started/2:2107 Application: setup. Started at: 'openriak-kv@node-01.cluster-a.openriak'.
2026-09-11 20:14:19.527818+09:00 [info] <0.44.0>@application_controller:info_started/2:2107 Application: syntax_tools. Started at: 'openriak-kv@node-01.cluster-a.openriak'.
2026-09-11 20:14:19.528226+09:00 [info] <0.44.0>@application_controller:info_started/2:2107 Application: compiler. Started at: 'openriak-kv@node-01.cluster-a.openriak'.
2026-09-11 20:14:19.528505+09:00 [info] <0.44.0>@application_controller:info_started/2:2107 Application: parse_trans. Started at: 'openriak-kv@node-01.cluster-a.openriak'.
2026-09-11 20:14:19.536026+09:00 [info] <0.128.0>@supervisor:report_progress/2:1568 Supervisor: {local,exometer_core_sup}. Started: id=exometer_admin,pid=<0.129.0>.
2026-09-11 20:14:19.537344+09:00 [info] <0.128.0>@supervisor:report_progress/2:1568 Supervisor: {local,exometer_core_sup}. Started: id=exometer_cache,pid=<0.130.0>.
2026-09-11 20:14:19.541320+09:00 [info] <0.128.0>@supervisor:report_progress/2:1568 Supervisor: {local,exometer_core_sup}. Started: id=exometer_report,pid=<0.131.0>.
2026-09-11 20:14:19.542281+09:00 [info] <0.128.0>@supervisor:report_progress/2:1568 Supervisor: {local,exometer_core_sup}. Started: id=exometer_report_logger_sup,pid=<0.132.0>.
2026-09-11 20:14:19.545969+09:00 [info] <0.128.0>@supervisor:report_progress/2:1568 Supervisor: {local,exometer_core_sup}. Started: id=exometer_alias,pid=<0.133.0>.
2026-09-11 20:14:19.546433+09:00 [info] <0.131.0>@exometer_report:do_start_reporters/1:695 Starting reporters with []
2026-09-11 20:14:19.546719+09:00 [info] <0.44.0>@application_controller:info_started/2:2107 Application: exometer_core. Started at: 'openriak-kv@node-01.cluster-a.openriak'.
2026-09-11 20:14:19.551335+09:00 [info] <0.140.0>@supervisor:report_progress/2:1568 Supervisor: {local,sasl_safe_sup}. Started: id=alarm_handler,pid=<0.141.0>.
2026-09-11 20:14:19.551520+09:00 [info] <0.139.0>@supervisor:report_progress/2:1568 Supervisor: {local,sasl_sup}. Started: id=sasl_safe_sup,pid=<0.140.0>.
2026-09-11 20:14:19.581067+09:00 [info] <0.139.0>@supervisor:report_progress/2:1568 Supervisor: {local,sasl_sup}. Started: id=release_handler,pid=<0.142.0>.
2026-09-11 20:14:19.581411+09:00 [info] <0.44.0>@application_controller:info_started/2:2107 Application: sasl. Started at: 'openriak-kv@node-01.cluster-a.openriak'.
2026-09-11 20:14:19.584051+09:00 [info] <0.148.0>@supervisor:report_progress/2:1568 Supervisor: {local,riak_sysmon_sup}. Started: id=riak_sysmon_filter,pid=<0.149.0>.
2026-09-11 20:14:19.584241+09:00 [info] <0.148.0>@supervisor:report_progress/2:1568 Supervisor: {local,riak_sysmon_sup}. Started: id=riak_sysmon_mgr,pid=<0.150.0>.
2026-09-11 20:14:19.584345+09:00 [info] <0.44.0>@application_controller:info_started/2:2107 Application: riak_sysmon. Started at: 'openriak-kv@node-01.cluster-a.openriak'.
2026-09-11 20:14:19.588230+09:00 [info] <0.154.0>@supervisor:report_progress/2:1568 Supervisor: {local,os_mon_sup}. Started: id=disksup,pid=<0.155.0>.
2026-09-11 20:14:19.591138+09:00 [info] <0.154.0>@supervisor:report_progress/2:1568 Supervisor: {local,os_mon_sup}. Started: id=memsup,pid=<0.156.0>.
2026-09-11 20:14:19.596274+09:00 [info] <0.154.0>@supervisor:report_progress/2:1568 Supervisor: {local,os_mon_sup}. Started: id=cpu_sup,pid=<0.158.0>.
2026-09-11 20:14:19.597045+09:00 [info] <0.44.0>@application_controller:info_started/2:2107 Application: os_mon. Started at: 'openriak-kv@node-01.cluster-a.openriak'.
2026-09-11 20:14:19.597492+09:00 [info] <0.44.0>@application_controller:info_started/2:2107 Application: observer. Started at: 'openriak-kv@node-01.cluster-a.openriak'.
2026-09-11 20:14:19.613606+09:00 [info] <0.165.0>@supervisor:report_progress/2:1568 Supervisor: {local,runtime_tools_sup}. Started: id=ttb_autostart,pid=<0.166.0>.
2026-09-11 20:14:19.614112+09:00 [info] <0.44.0>@application_controller:info_started/2:2107 Application: runtime_tools. Started at: 'openriak-kv@node-01.cluster-a.openriak'.
2026-09-11 20:14:19.614361+09:00 [info] <0.44.0>@application_controller:info_started/2:2107 Application: xmerl. Started at: 'openriak-kv@node-01.cluster-a.openriak'.
2026-09-11 20:14:19.635552+09:00 [info] <0.173.0>@supervisor:report_progress/2:1568 Supervisor: {local,httpc_profile_sup}. Started: id=httpc_manager,pid=<0.174.0>.
2026-09-11 20:14:19.635756+09:00 [info] <0.172.0>@supervisor:report_progress/2:1568 Supervisor: {local,httpc_sup}. Started: id=httpc_profile_sup,pid=<0.173.0>.
2026-09-11 20:14:19.637260+09:00 [info] <0.172.0>@supervisor:report_progress/2:1568 Supervisor: {local,httpc_sup}. Started: id=httpc_handler_sup,pid=<0.175.0>.
2026-09-11 20:14:19.637401+09:00 [info] <0.171.0>@supervisor:report_progress/2:1568 Supervisor: {local,inets_sup}. Started: id=httpc_sup,pid=<0.172.0>.
2026-09-11 20:14:19.639526+09:00 [info] <0.171.0>@supervisor:report_progress/2:1568 Supervisor: {local,inets_sup}. Started: id=httpd_sup,pid=<0.176.0>.
2026-09-11 20:14:19.639695+09:00 [info] <0.44.0>@application_controller:info_started/2:2107 Application: inets. Started at: 'openriak-kv@node-01.cluster-a.openriak'.
2026-09-11 20:14:19.639881+09:00 [info] <0.44.0>@application_controller:info_started/2:2107 Application: mochiweb. Started at: 'openriak-kv@node-01.cluster-a.openriak'.
2026-09-11 20:14:19.646003+09:00 [info] <0.181.0>@supervisor:report_progress/2:1568 Supervisor: {local,webmachine_sup}. Started: id=webmachine_logger,pid=<0.182.0>.
2026-09-11 20:14:19.647670+09:00 [info] <0.181.0>@supervisor:report_progress/2:1568 Supervisor: {local,webmachine_sup}. Started: id=webmachine_logger_watcher_sup,pid=<0.183.0>.
2026-09-11 20:14:19.649302+09:00 [info] <0.181.0>@supervisor:report_progress/2:1568 Supervisor: {local,webmachine_sup}. Started: id=webmachine_router,pid=<0.184.0>.
2026-09-11 20:14:19.649457+09:00 [info] <0.44.0>@application_controller:info_started/2:2107 Application: webmachine. Started at: 'openriak-kv@node-01.cluster-a.openriak'.
2026-09-11 20:14:19.649629+09:00 [info] <0.44.0>@application_controller:info_started/2:2107 Application: basho_stats. Started at: 'openriak-kv@node-01.cluster-a.openriak'.
2026-09-11 20:14:19.654256+09:00 [info] <0.189.0>@supervisor:report_progress/2:1568 Supervisor: {local,bitcask_sup}. Started: id=bitcask_merge_worker,pid=<0.190.0>.
2026-09-11 20:14:19.656266+09:00 [info] <0.189.0>@supervisor:report_progress/2:1568 Supervisor: {local,bitcask_sup}. Started: id=bitcask_merge_delete,pid=<0.191.0>.
2026-09-11 20:14:19.656544+09:00 [info] <0.44.0>@application_controller:info_started/2:2107 Application: bitcask. Started at: 'openriak-kv@node-01.cluster-a.openriak'.
2026-09-11 20:14:19.656777+09:00 [info] <0.44.0>@application_controller:info_started/2:2107 Application: getopt. Started at: 'openriak-kv@node-01.cluster-a.openriak'.
2026-09-11 20:14:19.656996+09:00 [info] <0.44.0>@application_controller:info_started/2:2107 Application: cuttlefish. Started at: 'openriak-kv@node-01.cluster-a.openriak'.
2026-09-11 20:14:19.673016+09:00 [info] <0.197.0>@supervisor:report_progress/2:1568 Supervisor: {local,clique_sup}. Started: id=clique_manager,pid=<0.198.0>.
2026-09-11 20:14:19.673325+09:00 [info] <0.44.0>@application_controller:info_started/2:2107 Application: clique. Started at: 'openriak-kv@node-01.cluster-a.openriak'.
2026-09-11 20:14:19.673983+09:00 [info] <0.44.0>@application_controller:info_started/2:2107 Application: eleveldb. Started at: 'openriak-kv@node-01.cluster-a.openriak'.
2026-09-11 20:14:19.674247+09:00 [info] <0.44.0>@application_controller:info_started/2:2107 Application: pbkdf2. Started at: 'openriak-kv@node-01.cluster-a.openriak'.
2026-09-11 20:14:19.674412+09:00 [info] <0.44.0>@application_controller:info_started/2:2107 Application: poolboy. Started at: 'openriak-kv@node-01.cluster-a.openriak'.
2026-09-11 20:14:19.679390+09:00 [info] <0.44.0>@application_controller:info_started/2:2107 Application: cluster_info. Started at: 'openriak-kv@node-01.cluster-a.openriak'.
2026-09-11 20:14:19.709112+09:00 [info] <0.209.0>@supervisor:report_progress/2:1568 Supervisor: {local,riak_core_sup}. Started: id=riak_core_bg_manager,pid=<0.210.0>.
2026-09-11 20:14:19.718412+09:00 [info] <0.209.0>@supervisor:report_progress/2:1568 Supervisor: {local,riak_core_sup}. Started: id=riak_core_sysmon_minder,pid=<0.211.0>.
2026-09-11 20:14:19.720214+09:00 [info] <0.209.0>@supervisor:report_progress/2:1568 Supervisor: {local,riak_core_sup}. Started: id=riak_core_vnode_sup,pid=<0.212.0>.
2026-09-11 20:14:19.721752+09:00 [info] <0.209.0>@supervisor:report_progress/2:1568 Supervisor: {local,riak_core_sup}. Started: id=riak_core_eventhandler_sup,pid=<0.213.0>.
2026-09-11 20:14:19.724057+09:00 [info] <0.209.0>@supervisor:report_progress/2:1568 Supervisor: {local,riak_core_sup}. Started: id=riak_core_dist_mon,pid=<0.214.0>.
2026-09-11 20:14:19.727710+09:00 [info] <0.215.0>@supervisor:report_progress/2:1568 Supervisor: {local,riak_core_handoff_sup}. Started: id=riak_core_handoff_receiver_sup,pid=<0.216.0>.
2026-09-11 20:14:19.729958+09:00 [info] <0.215.0>@supervisor:report_progress/2:1568 Supervisor: {local,riak_core_handoff_sup}. Started: id=riak_core_handoff_sender_sup,pid=<0.217.0>.
2026-09-11 20:14:19.743740+09:00 [info] <0.218.0>@supervisor:report_progress/2:1568 Supervisor: {local,riak_core_handoff_listener_sup}. Started: id=riak_core_handoff_listener,pid=<0.219.0>.
2026-09-11 20:14:19.744010+09:00 [info] <0.215.0>@supervisor:report_progress/2:1568 Supervisor: {local,riak_core_handoff_sup}. Started: id=riak_core_handoff_listener_sup,pid=<0.218.0>.
2026-09-11 20:14:19.750595+09:00 [info] <0.215.0>@supervisor:report_progress/2:1568 Supervisor: {local,riak_core_handoff_sup}. Started: id=riak_core_handoff_manager,pid=<0.221.0>.
2026-09-11 20:14:19.750865+09:00 [info] <0.209.0>@supervisor:report_progress/2:1568 Supervisor: {local,riak_core_sup}. Started: id=riak_core_handoff_sup,pid=<0.215.0>.
2026-09-11 20:14:19.754081+09:00 [info] <0.209.0>@supervisor:report_progress/2:1568 Supervisor: {local,riak_core_sup}. Started: id=riak_core_ring_events,pid=<0.224.0>.
2026-09-11 20:14:19.917171+09:00 [warning] <0.225.0>@riak_core_ring_manager:reload_ring/1:388 No ring file available.
2026-09-11 20:14:19.937805+09:00 [info] <0.209.0>@supervisor:report_progress/2:1568 Supervisor: {local,riak_core_sup}. Started: id=riak_core_ring_manager,pid=<0.225.0>.
2026-09-11 20:14:19.948056+09:00 [info] <0.77.0>@supervisor:report_progress/2:1568 Supervisor: {local,kernel_safe_sup}. Started: id=dets_sup,pid=<0.230.0>.
2026-09-11 20:14:19.948392+09:00 [info] <0.77.0>@supervisor:report_progress/2:1568 Supervisor: {local,kernel_safe_sup}. Started: id=dets,pid=<0.231.0>.
2026-09-11 20:14:19.960041+09:00 [info] <0.209.0>@supervisor:report_progress/2:1568 Supervisor: {local,riak_core_sup}. Started: id=riak_core_metadata_manager,pid=<0.229.0>.
2026-09-11 20:14:20.014289+09:00 [info] <0.209.0>@supervisor:report_progress/2:1568 Supervisor: {local,riak_core_sup}. Started: id=riak_core_metadata_hashtree,pid=<0.234.0>.
2026-09-11 20:14:20.018902+09:00 [info] <0.209.0>@supervisor:report_progress/2:1568 Supervisor: {local,riak_core_sup}. Started: id=riak_core_broadcast,pid=<0.237.0>.
2026-09-11 20:14:20.020943+09:00 [info] <0.209.0>@supervisor:report_progress/2:1568 Supervisor: {local,riak_core_sup}. Started: id=riak_core_vnode_proxy_sup,pid=<0.238.0>.
2026-09-11 20:14:20.022910+09:00 [info] <0.209.0>@supervisor:report_progress/2:1568 Supervisor: {local,riak_core_sup}. Started: id=riak_core_node_watcher_events,pid=<0.239.0>.
2026-09-11 20:14:20.026282+09:00 [info] <0.209.0>@supervisor:report_progress/2:1568 Supervisor: {local,riak_core_sup}. Started: id=riak_core_node_watcher,pid=<0.240.0>.
2026-09-11 20:14:20.030769+09:00 [info] <0.209.0>@supervisor:report_progress/2:1568 Supervisor: {local,riak_core_sup}. Started: id=riak_core_vnode_manager,pid=<0.241.0>.
2026-09-11 20:14:20.033877+09:00 [info] <0.209.0>@supervisor:report_progress/2:1568 Supervisor: {local,riak_core_sup}. Started: id=riak_core_capability,pid=<0.244.0>.
2026-09-11 20:14:20.034160+09:00 [info] <0.209.0>@supervisor:report_progress/2:1568 Supervisor: {local,riak_core_sup}. Started: id=riak_core_gossip,pid=<0.245.0>.
2026-09-11 20:14:20.040481+09:00 [info] <0.209.0>@supervisor:report_progress/2:1568 Supervisor: {local,riak_core_sup}. Started: id=riak_core_claimant,pid=<0.247.0>.
2026-09-11 20:14:20.042509+09:00 [info] <0.209.0>@supervisor:report_progress/2:1568 Supervisor: {local,riak_core_sup}. Started: id=riak_core_table_owner,pid=<0.248.0>.
2026-09-11 20:14:20.045843+09:00 [info] <0.250.0>@supervisor:report_progress/2:1568 Supervisor: {local,riak_core_stats_sup}. Started: id=riak_core_stat_cache,pid=<0.251.0>.
2026-09-11 20:14:20.046011+09:00 [info] <0.249.0>@supervisor:report_progress/2:1568 Supervisor: {local,riak_core_stat_sup}. Started: id=riak_core_stats_sup,pid=<0.250.0>.
2026-09-11 20:14:20.046130+09:00 [info] <0.209.0>@supervisor:report_progress/2:1568 Supervisor: {local,riak_core_sup}. Started: id=riak_core_stat_sup,pid=<0.249.0>.
2026-09-11 20:14:20.047730+09:00 [info] <0.209.0>@supervisor:report_progress/2:1568 Supervisor: {local,riak_core_sup}. Started: id=riak_core_node_worker_pool_sup,pid=<0.252.0>.
2026-09-11 20:14:20.068716+09:00 [info] <0.250.0>@supervisor:report_progress/2:1568 Supervisor: {local,riak_core_stats_sup}. Started: id=riak_core_stat,pid=<0.253.0>.
2026-09-11 20:14:20.080432+09:00 [info] <0.213.0>@supervisor:report_progress/2:1568 Supervisor: {local,riak_core_eventhandler_sup}. Started: id={riak_core_ring_events,riak_core_ring_handler},pid=<0.276.0>.
2026-09-11 20:14:20.080879+09:00 [info] <0.244.0>@riak_core_capability:process_capability_changes/2:557 New capability: {riak_core,vnode_routing} = proxy
2026-09-11 20:14:20.088253+09:00 [info] <0.244.0>@riak_core_capability:process_capability_changes/2:557 New capability: {riak_core,staged_joins} = true
2026-09-11 20:14:20.095097+09:00 [info] <0.244.0>@riak_core_capability:process_capability_changes/2:557 New capability: {riak_core,resizable_ring} = true
2026-09-11 20:14:20.102140+09:00 [info] <0.244.0>@riak_core_capability:process_capability_changes/2:557 New capability: {riak_core,fold_req_version} = v2
2026-09-11 20:14:20.112828+09:00 [info] <0.244.0>@riak_core_capability:process_capability_changes/2:557 New capability: {riak_core,security} = true
2026-09-11 20:14:20.120424+09:00 [info] <0.244.0>@riak_core_capability:process_capability_changes/2:557 New capability: {riak_core,bucket_types} = true
2026-09-11 20:14:20.128512+09:00 [info] <0.244.0>@riak_core_capability:process_capability_changes/2:557 New capability: {riak_core,net_ticktime} = true
2026-09-11 20:14:20.310266+09:00 [info] <0.44.0>@application_controller:info_started/2:2107 Application: riak_core. Started at: 'openriak-kv@node-01.cluster-a.openriak'.
2026-09-11 20:14:20.318881+09:00 [info] <0.244.0>@riak_core_capability:process_capability_changes/2:557 New capability: {riak_pipe,trace_format} = ordsets
2026-09-11 20:14:20.330465+09:00 [info] <0.283.0>@supervisor:report_progress/2:1568 Supervisor: {local,riak_pipe_sup}. Started: id=riak_pipe_vnode_master,pid=<0.284.0>.
2026-09-11 20:14:20.332422+09:00 [info] <0.283.0>@supervisor:report_progress/2:1568 Supervisor: {local,riak_pipe_sup}. Started: id=riak_pipe_builder_sup,pid=<0.285.0>.
2026-09-11 20:14:20.333713+09:00 [info] <0.283.0>@supervisor:report_progress/2:1568 Supervisor: {local,riak_pipe_sup}. Started: id=riak_pipe_fitting_sup,pid=<0.286.0>.
2026-09-11 20:14:20.334803+09:00 [info] <0.283.0>@supervisor:report_progress/2:1568 Supervisor: {local,riak_pipe_sup}. Started: id=riak_pipe_qcover_sup,pid=<0.287.0>.
2026-09-11 20:14:20.336538+09:00 [info] <0.238.0>@supervisor:report_progress/2:1568 Supervisor: {local,riak_core_vnode_proxy_sup}. Started: id={riak_pipe_vnode,0},pid=<0.288.0>.
2026-09-11 20:14:20.336757+09:00 [info] <0.238.0>@supervisor:report_progress/2:1568 Supervisor: {local,riak_core_vnode_proxy_sup}. Started: id={riak_pipe_vnode,182687704666362864775460604089535377456991567872},pid=<0.289.0>.
2026-09-11 20:14:20.336953+09:00 [info] <0.238.0>@supervisor:report_progress/2:1568 Supervisor: {local,riak_core_vnode_proxy_sup}. Started: id={riak_pipe_vnode,365375409332725729550921208179070754913983135744},pid=<0.290.0>.
2026-09-11 20:14:20.337093+09:00 [info] <0.238.0>@supervisor:report_progress/2:1568 Supervisor: {local,riak_core_vnode_proxy_sup}. Started: id={riak_pipe_vnode,548063113999088594326381812268606132370974703616},pid=<0.291.0>.
2026-09-11 20:14:20.337171+09:00 [info] <0.238.0>@supervisor:report_progress/2:1568 Supervisor: {local,riak_core_vnode_proxy_sup}. Started: id={riak_pipe_vnode,730750818665451459101842416358141509827966271488},pid=<0.292.0>.
2026-09-11 20:14:20.337244+09:00 [info] <0.238.0>@supervisor:report_progress/2:1568 Supervisor: {local,riak_core_vnode_proxy_sup}. Started: id={riak_pipe_vnode,913438523331814323877303020447676887284957839360},pid=<0.293.0>.
2026-09-11 20:14:20.337315+09:00 [info] <0.238.0>@supervisor:report_progress/2:1568 Supervisor: {local,riak_core_vnode_proxy_sup}. Started: id={riak_pipe_vnode,1096126227998177188652763624537212264741949407232},pid=<0.294.0>.
2026-09-11 20:14:20.337380+09:00 [info] <0.238.0>@supervisor:report_progress/2:1568 Supervisor: {local,riak_core_vnode_proxy_sup}. Started: id={riak_pipe_vnode,1278813932664540053428224228626747642198940975104},pid=<0.295.0>.
2026-09-11 20:14:20.339052+09:00 [info] <0.250.0>@supervisor:report_progress/2:1568 Supervisor: {local,riak_core_stats_sup}. Started: id=riak_pipe_stat,pid=<0.296.0>.
2026-09-11 20:14:20.347320+09:00 [info] <0.44.0>@application_controller:info_started/2:2107 Application: riak_pipe. Started at: 'openriak-kv@node-01.cluster-a.openriak'.
2026-09-11 20:14:20.347722+09:00 [info] <0.44.0>@application_controller:info_started/2:2107 Application: tools. Started at: 'openriak-kv@node-01.cluster-a.openriak'.
2026-09-11 20:14:20.348035+09:00 [info] <0.44.0>@application_controller:info_started/2:2107 Application: riak_pb. Started at: 'openriak-kv@node-01.cluster-a.openriak'.
2026-09-11 20:14:20.356003+09:00 [info] <0.304.0>@supervisor:report_progress/2:1568 Supervisor: {local,riak_api_sup}. Started: id=riak_api_pb_registration_helper,pid=<0.305.0>.
2026-09-11 20:14:20.358311+09:00 [info] <0.304.0>@supervisor:report_progress/2:1568 Supervisor: {local,riak_api_sup}. Started: id=riak_api_pb_registrar,pid=<0.306.0>.
2026-09-11 20:14:20.360535+09:00 [info] <0.304.0>@supervisor:report_progress/2:1568 Supervisor: {local,riak_api_sup}. Started: id=riak_api_pb_sup,pid=<0.307.0>.
2026-09-11 20:14:20.360911+09:00 [info] <0.304.0>@supervisor:report_progress/2:1568 Supervisor: {local,riak_api_sup}. Started: id=[112,98,58,47,47,34,48,46,48,46,48,46,48,34,58,56,48,56,55],pid=<0.308.0>.
2026-09-11 20:14:20.378675+09:00 [info] <0.304.0>@supervisor:report_progress/2:1568 Supervisor: {local,riak_api_sup}. Started: id=[104,116,116,112,58,47,47,48,46,48,46,48,46,48,58,56,48,57,56],pid=<0.310.0>.
2026-09-11 20:14:20.386753+09:00 [info] <0.250.0>@supervisor:report_progress/2:1568 Supervisor: {local,riak_core_stats_sup}. Started: id=riak_api_stat,pid=<0.327.0>.
2026-09-11 20:14:20.403079+09:00 [info] <0.44.0>@application_controller:info_started/2:2107 Application: riak_api. Started at: 'openriak-kv@node-01.cluster-a.openriak'.
2026-09-11 20:14:20.409318+09:00 [info] <0.44.0>@application_controller:info_started/2:2107 Application: sidejob. Started at: 'openriak-kv@node-01.cluster-a.openriak'.
2026-09-11 20:14:20.409676+09:00 [info] <0.44.0>@application_controller:info_started/2:2107 Application: riak_dt. Started at: 'openriak-kv@node-01.cluster-a.openriak'.
2026-09-11 20:14:20.409905+09:00 [info] <0.44.0>@application_controller:info_started/2:2107 Application: sext. Started at: 'openriak-kv@node-01.cluster-a.openriak'.
2026-09-11 20:14:20.410043+09:00 [info] <0.44.0>@application_controller:info_started/2:2107 Application: lz4. Started at: 'openriak-kv@node-01.cluster-a.openriak'.
2026-09-11 20:14:20.410334+09:00 [info] <0.44.0>@application_controller:info_started/2:2107 Application: zstd. Started at: 'openriak-kv@node-01.cluster-a.openriak'.
2026-09-11 20:14:20.410727+09:00 [info] <0.44.0>@application_controller:info_started/2:2107 Application: leveled. Started at: 'openriak-kv@node-01.cluster-a.openriak'.
2026-09-11 20:14:20.411046+09:00 [info] <0.44.0>@application_controller:info_started/2:2107 Application: kv_index_tictactree. Started at: 'openriak-kv@node-01.cluster-a.openriak'.
2026-09-11 20:14:20.411320+09:00 [info] <0.44.0>@application_controller:info_started/2:2107 Application: hyper. Started at: 'openriak-kv@node-01.cluster-a.openriak'.
2026-09-11 20:14:20.411672+09:00 [info] <0.44.0>@application_controller:info_started/2:2107 Application: redbug. Started at: 'openriak-kv@node-01.cluster-a.openriak'.
2026-09-11 20:14:20.411981+09:00 [info] <0.44.0>@application_controller:info_started/2:2107 Application: recon. Started at: 'openriak-kv@node-01.cluster-a.openriak'.
2026-09-11 20:14:20.412376+09:00 [info] <0.44.0>@application_controller:info_started/2:2107 Application: riakc. Started at: 'openriak-kv@node-01.cluster-a.openriak'.
2026-09-11 20:14:20.423021+09:00 [info] <0.346.0>@supervisor:report_progress/2:1568 Supervisor: {local,ibrowse_sup}. Started: id=ibrowse,pid=<0.347.0>.
2026-09-11 20:14:20.423365+09:00 [info] <0.44.0>@application_controller:info_started/2:2107 Application: ibrowse. Started at: 'openriak-kv@node-01.cluster-a.openriak'.
2026-09-11 20:14:20.423677+09:00 [info] <0.44.0>@application_controller:info_started/2:2107 Application: rhc. Started at: 'openriak-kv@node-01.cluster-a.openriak'.
2026-09-11 20:14:20.447707+09:00 [info] <0.355.0>@supervisor:report_progress/2:1568 Supervisor: {local,riak_kv_put_fsm_sj_worker_sup}. Started: id=riak_kv_put_fsm_sj_1,pid=<0.356.0>.
2026-09-11 20:14:20.448046+09:00 [info] <0.355.0>@supervisor:report_progress/2:1568 Supervisor: {local,riak_kv_put_fsm_sj_worker_sup}. Started: id=riak_kv_put_fsm_sj_2,pid=<0.357.0>.
2026-09-11 20:14:20.448277+09:00 [info] <0.355.0>@supervisor:report_progress/2:1568 Supervisor: {local,riak_kv_put_fsm_sj_worker_sup}. Started: id=riak_kv_put_fsm_sj_3,pid=<0.358.0>.
2026-09-11 20:14:20.448461+09:00 [info] <0.355.0>@supervisor:report_progress/2:1568 Supervisor: {local,riak_kv_put_fsm_sj_worker_sup}. Started: id=riak_kv_put_fsm_sj_4,pid=<0.359.0>.
2026-09-11 20:14:20.448613+09:00 [info] <0.355.0>@supervisor:report_progress/2:1568 Supervisor: {local,riak_kv_put_fsm_sj_worker_sup}. Started: id=riak_kv_put_fsm_sj_5,pid=<0.360.0>.
2026-09-11 20:14:20.448780+09:00 [info] <0.355.0>@supervisor:report_progress/2:1568 Supervisor: {local,riak_kv_put_fsm_sj_worker_sup}. Started: id=riak_kv_put_fsm_sj_6,pid=<0.361.0>.
2026-09-11 20:14:20.448950+09:00 [info] <0.355.0>@supervisor:report_progress/2:1568 Supervisor: {local,riak_kv_put_fsm_sj_worker_sup}. Started: id=riak_kv_put_fsm_sj_7,pid=<0.362.0>.
2026-09-11 20:14:20.449095+09:00 [info] <0.355.0>@supervisor:report_progress/2:1568 Supervisor: {local,riak_kv_put_fsm_sj_worker_sup}. Started: id=riak_kv_put_fsm_sj_8,pid=<0.363.0>.
2026-09-11 20:14:20.449160+09:00 [info] <0.354.0>@supervisor:report_progress/2:1568 Supervisor: {local,riak_kv_put_fsm_sj}. Started: id=sidejob_worker_sup,pid=<0.355.0>.
2026-09-11 20:14:20.449232+09:00 [info] <0.354.0>@supervisor:report_progress/2:1568 Supervisor: {local,riak_kv_put_fsm_sj}. Started: id=riak_kv_put_fsm_sj_stats,pid=<0.364.0>.
2026-09-11 20:14:20.449285+09:00 [info] <0.332.0>@supervisor:report_progress/2:1568 Supervisor: {local,sidejob_sup}. Started: id=riak_kv_put_fsm_sj,pid=<0.354.0>.
2026-09-11 20:14:20.451870+09:00 [info] <0.367.0>@supervisor:report_progress/2:1568 Supervisor: {local,riak_kv_get_fsm_sj_worker_sup}. Started: id=riak_kv_get_fsm_sj_1,pid=<0.368.0>.
2026-09-11 20:14:20.452338+09:00 [info] <0.367.0>@supervisor:report_progress/2:1568 Supervisor: {local,riak_kv_get_fsm_sj_worker_sup}. Started: id=riak_kv_get_fsm_sj_2,pid=<0.369.0>.
2026-09-11 20:14:20.452532+09:00 [info] <0.367.0>@supervisor:report_progress/2:1568 Supervisor: {local,riak_kv_get_fsm_sj_worker_sup}. Started: id=riak_kv_get_fsm_sj_3,pid=<0.370.0>.
2026-09-11 20:14:20.452715+09:00 [info] <0.367.0>@supervisor:report_progress/2:1568 Supervisor: {local,riak_kv_get_fsm_sj_worker_sup}. Started: id=riak_kv_get_fsm_sj_4,pid=<0.371.0>.
2026-09-11 20:14:20.452864+09:00 [info] <0.367.0>@supervisor:report_progress/2:1568 Supervisor: {local,riak_kv_get_fsm_sj_worker_sup}. Started: id=riak_kv_get_fsm_sj_5,pid=<0.372.0>.
2026-09-11 20:14:20.452996+09:00 [info] <0.367.0>@supervisor:report_progress/2:1568 Supervisor: {local,riak_kv_get_fsm_sj_worker_sup}. Started: id=riak_kv_get_fsm_sj_6,pid=<0.373.0>.
2026-09-11 20:14:20.453134+09:00 [info] <0.367.0>@supervisor:report_progress/2:1568 Supervisor: {local,riak_kv_get_fsm_sj_worker_sup}. Started: id=riak_kv_get_fsm_sj_7,pid=<0.374.0>.
2026-09-11 20:14:20.453318+09:00 [info] <0.367.0>@supervisor:report_progress/2:1568 Supervisor: {local,riak_kv_get_fsm_sj_worker_sup}. Started: id=riak_kv_get_fsm_sj_8,pid=<0.375.0>.
2026-09-11 20:14:20.453390+09:00 [info] <0.366.0>@supervisor:report_progress/2:1568 Supervisor: {local,riak_kv_get_fsm_sj}. Started: id=sidejob_worker_sup,pid=<0.367.0>.
2026-09-11 20:14:20.453465+09:00 [info] <0.366.0>@supervisor:report_progress/2:1568 Supervisor: {local,riak_kv_get_fsm_sj}. Started: id=riak_kv_get_fsm_sj_stats,pid=<0.376.0>.
2026-09-11 20:14:20.453513+09:00 [info] <0.332.0>@supervisor:report_progress/2:1568 Supervisor: {local,sidejob_sup}. Started: id=riak_kv_get_fsm_sj,pid=<0.366.0>.
2026-09-11 20:14:20.460976+09:00 [info] <0.379.0>@supervisor:report_progress/2:1568 Supervisor: {local,riak_kv_stat_sj_worker_sup}. Started: id=riak_kv_stat_sj_1,pid=<0.380.0>.
2026-09-11 20:14:20.461289+09:00 [info] <0.379.0>@supervisor:report_progress/2:1568 Supervisor: {local,riak_kv_stat_sj_worker_sup}. Started: id=riak_kv_stat_sj_2,pid=<0.381.0>.
2026-09-11 20:14:20.461496+09:00 [info] <0.379.0>@supervisor:report_progress/2:1568 Supervisor: {local,riak_kv_stat_sj_worker_sup}. Started: id=riak_kv_stat_sj_3,pid=<0.382.0>.
2026-09-11 20:14:20.461728+09:00 [info] <0.379.0>@supervisor:report_progress/2:1568 Supervisor: {local,riak_kv_stat_sj_worker_sup}. Started: id=riak_kv_stat_sj_4,pid=<0.383.0>.
2026-09-11 20:14:20.461910+09:00 [info] <0.379.0>@supervisor:report_progress/2:1568 Supervisor: {local,riak_kv_stat_sj_worker_sup}. Started: id=riak_kv_stat_sj_5,pid=<0.384.0>.
2026-09-11 20:14:20.462046+09:00 [info] <0.379.0>@supervisor:report_progress/2:1568 Supervisor: {local,riak_kv_stat_sj_worker_sup}. Started: id=riak_kv_stat_sj_6,pid=<0.385.0>.
2026-09-11 20:14:20.462178+09:00 [info] <0.379.0>@supervisor:report_progress/2:1568 Supervisor: {local,riak_kv_stat_sj_worker_sup}. Started: id=riak_kv_stat_sj_7,pid=<0.386.0>.
2026-09-11 20:14:20.462304+09:00 [info] <0.379.0>@supervisor:report_progress/2:1568 Supervisor: {local,riak_kv_stat_sj_worker_sup}. Started: id=riak_kv_stat_sj_8,pid=<0.387.0>.
2026-09-11 20:14:20.462367+09:00 [info] <0.378.0>@supervisor:report_progress/2:1568 Supervisor: {local,riak_kv_stat_sj}. Started: id=sidejob_worker_sup,pid=<0.379.0>.
2026-09-11 20:14:20.462433+09:00 [info] <0.378.0>@supervisor:report_progress/2:1568 Supervisor: {local,riak_kv_stat_sj}. Started: id=riak_kv_stat_sj_stats,pid=<0.388.0>.
2026-09-11 20:14:20.462480+09:00 [info] <0.332.0>@supervisor:report_progress/2:1568 Supervisor: {local,sidejob_sup}. Started: id=riak_kv_stat_sj,pid=<0.378.0>.
2026-09-11 20:14:20.479108+09:00 [info] <0.352.0>@riak_kv_env:doc_env/0:47 Environment and OS variables:
2026-09-11 20:14:20.519798+09:00 [info] <0.244.0>@riak_core_capability:process_capability_changes/2:557 New capability: {riak_kv,object_hash_version} = 0
2026-09-11 20:14:20.528082+09:00 [info] <0.244.0>@riak_core_capability:process_capability_changes/2:557 New capability: {riak_kv,anti_entropy} = enabled_v1
2026-09-11 20:14:20.535525+09:00 [info] <0.390.0>@riak_core_throttle:enable_throttle/2:121 Enabling throttle for riak_kv/aae_throttle.
2026-09-11 20:14:20.535768+09:00 [info] <0.389.0>@supervisor:report_progress/2:1568 Supervisor: {local,riak_kv_sup}. Started: id=riak_kv_entropy_manager,pid=<0.390.0>.
2026-09-11 20:14:20.545301+09:00 [info] <0.389.0>@supervisor:report_progress/2:1568 Supervisor: {local,riak_kv_sup}. Started: id=riak_kv_ttaaefs_manager,pid=<0.391.0>.
2026-09-11 20:14:20.556535+09:00 [info] <0.389.0>@supervisor:report_progress/2:1568 Supervisor: {local,riak_kv_sup}. Started: id=riak_kv_replrtq_src,pid=<0.395.0>.
2026-09-11 20:14:20.562620+09:00 [info] <0.389.0>@supervisor:report_progress/2:1568 Supervisor: {local,riak_kv_sup}. Started: id=riak_kv_replrtq_snk,pid=<0.396.0>.
2026-09-11 20:14:20.566318+09:00 [info] <0.389.0>@supervisor:report_progress/2:1568 Supervisor: {local,riak_kv_sup}. Started: id=riak_kv_replrtq_peer,pid=<0.397.0>.
2026-09-11 20:14:20.570387+09:00 [info] <0.389.0>@supervisor:report_progress/2:1568 Supervisor: {local,riak_kv_sup}. Started: id=riak_kv_reaper,pid=<0.398.0>.
2026-09-11 20:14:20.573644+09:00 [info] <0.389.0>@supervisor:report_progress/2:1568 Supervisor: {local,riak_kv_sup}. Started: id=riak_kv_eraser,pid=<0.399.0>.
2026-09-11 20:14:20.576992+09:00 [info] <0.389.0>@supervisor:report_progress/2:1568 Supervisor: {local,riak_kv_sup}. Started: id=riak_kv_reader,pid=<0.400.0>.
2026-09-11 20:14:20.581024+09:00 [info] <0.389.0>@supervisor:report_progress/2:1568 Supervisor: {local,riak_kv_sup}. Started: id=riak_kv_token_manager,pid=<0.401.0>.
2026-09-11 20:14:20.581393+09:00 [info] <0.389.0>@supervisor:report_progress/2:1568 Supervisor: {local,riak_kv_sup}. Started: id=riak_kv_vnode_master,pid=<0.402.0>.
2026-09-11 20:14:20.581565+09:00 [info] <0.402.0>@riak_core:wait_for_service/2:498 Waiting for service riak_kv to start (0 seconds)
2026-09-11 20:14:20.585699+09:00 [info] <0.403.0>@supervisor:report_progress/2:1568 Supervisor: {local,riak_kv_w1c_sup}. Started: id=riak_kv_w1c_worker00,pid=<0.404.0>.
2026-09-11 20:14:20.585903+09:00 [info] <0.403.0>@supervisor:report_progress/2:1568 Supervisor: {local,riak_kv_w1c_sup}. Started: id=riak_kv_w1c_worker01,pid=<0.405.0>.
2026-09-11 20:14:20.585986+09:00 [info] <0.403.0>@supervisor:report_progress/2:1568 Supervisor: {local,riak_kv_w1c_sup}. Started: id=riak_kv_w1c_worker02,pid=<0.406.0>.
2026-09-11 20:14:20.586056+09:00 [info] <0.403.0>@supervisor:report_progress/2:1568 Supervisor: {local,riak_kv_w1c_sup}. Started: id=riak_kv_w1c_worker03,pid=<0.407.0>.
2026-09-11 20:14:20.586108+09:00 [info] <0.403.0>@supervisor:report_progress/2:1568 Supervisor: {local,riak_kv_w1c_sup}. Started: id=riak_kv_w1c_worker04,pid=<0.408.0>.
2026-09-11 20:14:20.586226+09:00 [info] <0.403.0>@supervisor:report_progress/2:1568 Supervisor: {local,riak_kv_w1c_sup}. Started: id=riak_kv_w1c_worker05,pid=<0.409.0>.
2026-09-11 20:14:20.586318+09:00 [info] <0.403.0>@supervisor:report_progress/2:1568 Supervisor: {local,riak_kv_w1c_sup}. Started: id=riak_kv_w1c_worker06,pid=<0.410.0>.
2026-09-11 20:14:20.586372+09:00 [info] <0.403.0>@supervisor:report_progress/2:1568 Supervisor: {local,riak_kv_w1c_sup}. Started: id=riak_kv_w1c_worker07,pid=<0.411.0>.
2026-09-11 20:14:20.586423+09:00 [info] <0.389.0>@supervisor:report_progress/2:1568 Supervisor: {local,riak_kv_sup}. Started: id=riak_kv_w1c_sup,pid=<0.403.0>.
2026-09-11 20:14:20.587611+09:00 [info] <0.389.0>@supervisor:report_progress/2:1568 Supervisor: {local,riak_kv_sup}. Started: id=riak_kv_delete_sup,pid=<0.412.0>.
2026-09-11 20:14:20.588957+09:00 [info] <0.389.0>@supervisor:report_progress/2:1568 Supervisor: {local,riak_kv_sup}. Started: id=riak_kv_mrc_sink_sup,pid=<0.413.0>.
2026-09-11 20:14:20.590176+09:00 [info] <0.389.0>@supervisor:report_progress/2:1568 Supervisor: {local,riak_kv_sup}. Started: id=riak_kv_buckets_fsm_sup,pid=<0.414.0>.
2026-09-11 20:14:20.592046+09:00 [info] <0.389.0>@supervisor:report_progress/2:1568 Supervisor: {local,riak_kv_sup}. Started: id=riak_kv_keys_fsm_sup,pid=<0.415.0>.
2026-09-11 20:14:20.594172+09:00 [info] <0.389.0>@supervisor:report_progress/2:1568 Supervisor: {local,riak_kv_sup}. Started: id=riak_kv_index_fsm_sup,pid=<0.416.0>.
2026-09-11 20:14:20.596452+09:00 [info] <0.389.0>@supervisor:report_progress/2:1568 Supervisor: {local,riak_kv_sup}. Started: id=riak_kv_query_sup,pid=<0.417.0>.
2026-09-11 20:14:20.598181+09:00 [info] <0.389.0>@supervisor:report_progress/2:1568 Supervisor: {local,riak_kv_sup}. Started: id=riak_kv_clusteraae_fsm_sup,pid=<0.418.0>.
2026-09-11 20:14:20.599534+09:00 [info] <0.389.0>@supervisor:report_progress/2:1568 Supervisor: {local,riak_kv_sup}. Started: id=riak_kv_hotbackup_fsm_sup,pid=<0.419.0>.
2026-09-11 20:14:20.600820+09:00 [info] <0.389.0>@supervisor:report_progress/2:1568 Supervisor: {local,riak_kv_sup}. Started: id=riak_kv_http_cache,pid=<0.420.0>.
2026-09-11 20:14:20.601076+09:00 [info] <0.244.0>@riak_core_capability:process_capability_changes/2:557 New capability: {riak_kv,vnode_vclocks} = true
2026-09-11 20:14:20.608398+09:00 [info] <0.244.0>@riak_core_capability:process_capability_changes/2:557 New capability: {riak_kv,legacy_keylisting} = false
2026-09-11 20:14:20.615808+09:00 [info] <0.244.0>@riak_core_capability:process_capability_changes/2:557 New capability: {riak_kv,listkeys_backpressure} = true
2026-09-11 20:14:20.623066+09:00 [info] <0.244.0>@riak_core_capability:process_capability_changes/2:557 New capability: {riak_kv,index_backpressure} = true
2026-09-11 20:14:20.630092+09:00 [info] <0.244.0>@riak_core_capability:process_capability_changes/2:557 New capability: {riak_kv,mapred_system} = pipe
2026-09-11 20:14:20.637784+09:00 [info] <0.244.0>@riak_core_capability:process_capability_changes/2:557 New capability: {riak_kv,mapred_2i_pipe} = true
2026-09-11 20:14:20.645264+09:00 [info] <0.244.0>@riak_core_capability:process_capability_changes/2:557 New capability: {riak_kv,handoff_data_encoding} = encode_raw
2026-09-11 20:14:20.652153+09:00 [info] <0.244.0>@riak_core_capability:process_capability_changes/2:557 New capability: {riak_kv,object_format} = v1
2026-09-11 20:14:20.660031+09:00 [info] <0.244.0>@riak_core_capability:process_capability_changes/2:557 New capability: {riak_kv,secondary_index_version} = v3
2026-09-11 20:14:20.669079+09:00 [info] <0.244.0>@riak_core_capability:process_capability_changes/2:557 New capability: {riak_kv,vclock_data_encoding} = encode_zlib
2026-09-11 20:14:20.676606+09:00 [info] <0.244.0>@riak_core_capability:process_capability_changes/2:557 New capability: {riak_kv,crdt} = [pncounter,riak_dt_pncounter,riak_dt_orswot,riak_dt_map,riak_kv_hll,riak_dt_gset]
2026-09-11 20:14:20.685522+09:00 [info] <0.244.0>@riak_core_capability:process_capability_changes/2:557 New capability: {riak_kv,crdt_epoch_versions} = [{riak_dt_map,2},{riak_dt_orswot,2},{riak_dt_pncounter,2},{riak_kv_hll,1},{riak_dt_gset,2}]
2026-09-11 20:14:20.693211+09:00 [info] <0.244.0>@riak_core_capability:process_capability_changes/2:557 New capability: {riak_kv,put_fsm_ack_execute} = enabled
2026-09-11 20:14:20.699755+09:00 [info] <0.244.0>@riak_core_capability:process_capability_changes/2:557 New capability: {riak_kv,get_request_type} = head
2026-09-11 20:14:20.707667+09:00 [info] <0.244.0>@riak_core_capability:process_capability_changes/2:557 New capability: {riak_kv,put_soft_limit} = true
2026-09-11 20:14:20.716249+09:00 [info] <0.244.0>@riak_core_capability:process_capability_changes/2:557 New capability: {riak_kv,tictacaae_prompted_repairs} = true
2026-09-11 20:14:20.724047+09:00 [info] <0.238.0>@supervisor:report_progress/2:1568 Supervisor: {local,riak_core_vnode_proxy_sup}. Started: id={riak_kv_vnode,0},pid=<0.421.0>.
2026-09-11 20:14:20.724391+09:00 [info] <0.238.0>@supervisor:report_progress/2:1568 Supervisor: {local,riak_core_vnode_proxy_sup}. Started: id={riak_kv_vnode,182687704666362864775460604089535377456991567872},pid=<0.422.0>.
2026-09-11 20:14:20.724557+09:00 [info] <0.238.0>@supervisor:report_progress/2:1568 Supervisor: {local,riak_core_vnode_proxy_sup}. Started: id={riak_kv_vnode,365375409332725729550921208179070754913983135744},pid=<0.423.0>.
2026-09-11 20:14:20.724721+09:00 [info] <0.238.0>@supervisor:report_progress/2:1568 Supervisor: {local,riak_core_vnode_proxy_sup}. Started: id={riak_kv_vnode,548063113999088594326381812268606132370974703616},pid=<0.424.0>.
2026-09-11 20:14:20.724826+09:00 [info] <0.238.0>@supervisor:report_progress/2:1568 Supervisor: {local,riak_core_vnode_proxy_sup}. Started: id={riak_kv_vnode,730750818665451459101842416358141509827966271488},pid=<0.425.0>.
2026-09-11 20:14:20.724946+09:00 [info] <0.238.0>@supervisor:report_progress/2:1568 Supervisor: {local,riak_core_vnode_proxy_sup}. Started: id={riak_kv_vnode,913438523331814323877303020447676887284957839360},pid=<0.426.0>.
2026-09-11 20:14:20.725030+09:00 [info] <0.238.0>@supervisor:report_progress/2:1568 Supervisor: {local,riak_core_vnode_proxy_sup}. Started: id={riak_kv_vnode,1096126227998177188652763624537212264741949407232},pid=<0.427.0>.
2026-09-11 20:14:20.725101+09:00 [info] <0.238.0>@supervisor:report_progress/2:1568 Supervisor: {local,riak_core_vnode_proxy_sup}. Started: id={riak_kv_vnode,1278813932664540053428224228626747642198940975104},pid=<0.428.0>.
2026-09-11 20:14:20.741706+09:00 [info] <0.250.0>@supervisor:report_progress/2:1568 Supervisor: {local,riak_core_stats_sup}. Started: id=riak_kv_stat,pid=<0.429.0>.
2026-09-11 20:14:20.768468+09:00 [info] <0.252.0>@riak_core_node_worker_pool:start_link/5:85 Registered worker pool of type af1_pool and size 2
2026-09-11 20:14:20.768673+09:00 [info] <0.252.0>@supervisor:report_progress/2:1568 Supervisor: {local,riak_core_node_worker_pool_sup}. Started: id=af1_pool,pid=<0.571.0>.
2026-09-11 20:14:20.769006+09:00 [info] <0.252.0>@riak_core_node_worker_pool:start_link/5:85 Registered worker pool of type af2_pool and size 1
2026-09-11 20:14:20.769224+09:00 [info] <0.252.0>@supervisor:report_progress/2:1568 Supervisor: {local,riak_core_node_worker_pool_sup}. Started: id=af2_pool,pid=<0.576.0>.
2026-09-11 20:14:20.769545+09:00 [info] <0.252.0>@riak_core_node_worker_pool:start_link/5:85 Registered worker pool of type af3_pool and size 4
2026-09-11 20:14:20.769646+09:00 [info] <0.252.0>@supervisor:report_progress/2:1568 Supervisor: {local,riak_core_node_worker_pool_sup}. Started: id=af3_pool,pid=<0.580.0>.
2026-09-11 20:14:20.769856+09:00 [info] <0.252.0>@riak_core_node_worker_pool:start_link/5:85 Registered worker pool of type af4_pool and size 1
2026-09-11 20:14:20.769934+09:00 [info] <0.252.0>@supervisor:report_progress/2:1568 Supervisor: {local,riak_core_node_worker_pool_sup}. Started: id=af4_pool,pid=<0.587.0>.
2026-09-11 20:14:20.770053+09:00 [info] <0.252.0>@riak_core_node_worker_pool:start_link/5:85 Registered worker pool of type be_pool and size 1
2026-09-11 20:14:20.770111+09:00 [info] <0.252.0>@supervisor:report_progress/2:1568 Supervisor: {local,riak_core_node_worker_pool_sup}. Started: id=be_pool,pid=<0.591.0>.
2026-09-11 20:14:20.791315+09:00 [info] <0.44.0>@application_controller:info_started/2:2107 Application: riak_kv. Started at: 'openriak-kv@node-01.cluster-a.openriak'.
2026-09-11 20:14:20.791626+09:00 [info] <0.44.0>@application_controller:info_started/2:2107 Application: ebloom. Started at: 'openriak-kv@node-01.cluster-a.openriak'.
2026-09-11 20:14:20.791743+09:00 [info] <0.44.0>@application_controller:info_started/2:2107 Application: bear. Started at: 'openriak-kv@node-01.cluster-a.openriak'.
2026-09-11 20:14:20.802565+09:00 [info] <0.603.0>@supervisor:report_progress/2:1568 Supervisor: {local,folsom_sup}. Started: id=folsom_sample_slide_sup,pid=<0.604.0>.
2026-09-11 20:14:20.804943+09:00 [info] <0.603.0>@supervisor:report_progress/2:1568 Supervisor: {local,folsom_sup}. Started: id=folsom_meter_timer_server,pid=<0.605.0>.
2026-09-11 20:14:20.808736+09:00 [info] <0.603.0>@supervisor:report_progress/2:1568 Supervisor: {local,folsom_sup}. Started: id=folsom_metrics_histogram_ets,pid=<0.606.0>.
2026-09-11 20:14:20.814516+09:00 [info] <0.603.0>@supervisor:report_progress/2:1568 Supervisor: {local,folsom_sup}. Started: id=folsom_metrics_spiral,pid=<0.607.0>.
2026-09-11 20:14:20.819386+09:00 [info] <0.603.0>@supervisor:report_progress/2:1568 Supervisor: {local,folsom_sup}. Started: id=folsom_metrics_history,pid=<0.608.0>.
2026-09-11 20:14:20.821935+09:00 [info] <0.603.0>@supervisor:report_progress/2:1568 Supervisor: {local,folsom_sup}. Started: id=folsom_metrics_histogram,pid=<0.609.0>.
2026-09-11 20:14:20.823871+09:00 [info] <0.603.0>@supervisor:report_progress/2:1568 Supervisor: {local,folsom_sup}. Started: id=folsom_metrics_duration,pid=<0.610.0>.
2026-09-11 20:14:20.826594+09:00 [info] <0.603.0>@supervisor:report_progress/2:1568 Supervisor: {local,folsom_sup}. Started: id=folsom_metrics_counter,pid=<0.611.0>.
2026-09-11 20:14:20.829255+09:00 [info] <0.603.0>@supervisor:report_progress/2:1568 Supervisor: {local,folsom_sup}. Started: id=folsom_metrics_gauge,pid=<0.612.0>.
2026-09-11 20:14:20.831699+09:00 [info] <0.603.0>@supervisor:report_progress/2:1568 Supervisor: {local,folsom_sup}. Started: id=folsom_metrics_meter,pid=<0.613.0>.
2026-09-11 20:14:20.834281+09:00 [info] <0.603.0>@supervisor:report_progress/2:1568 Supervisor: {local,folsom_sup}. Started: id=folsom_metrics_meter_reader,pid=<0.614.0>.
2026-09-11 20:14:20.834566+09:00 [info] <0.44.0>@application_controller:info_started/2:2107 Application: folsom. Started at: 'openriak-kv@node-01.cluster-a.openriak'.
2026-09-11 20:14:20.845814+09:00 [info] <0.618.0>@supervisor:report_progress/2:1568 Supervisor: {local,ranch_sup}. Started: id=ranch_server,pid=<0.619.0>.
2026-09-11 20:14:20.846207+09:00 [info] <0.44.0>@application_controller:info_started/2:2107 Application: ranch. Started at: 'openriak-kv@node-01.cluster-a.openriak'.
2026-09-11 20:14:20.851521+09:00 [info] <0.622.0>@riak_core:wait_for_service/2:498 Waiting for service riak_kv to start (0 seconds)
2026-09-11 20:14:31.937161+09:00 [info] <0.241.0>@riak_core_vnode_manager:update_never_started/4:1026 Update never started for Mod riak_kv_vnode with count 8 to be added to 0
2026-09-11 20:14:31.937377+09:00 [info] <0.241.0>@riak_core_vnode_manager:update_never_started/4:1026 Update never started for Mod riak_pipe_vnode with count 8 to be added to 8
2026-09-11 20:14:31.937505+09:00 [info] <0.736.0>@riak_core_vnode_manager:get_vnode/3:733 Will start VNode for partition 0 riak_pipe_vnode
2026-09-11 20:14:31.954608+09:00 [info] <0.736.0>@riak_core_vnode_manager:get_vnode/3:743 VNode initialization ready <0.737.0> 0 riak_pipe_vnode
2026-09-11 20:14:31.955086+09:00 [info] <0.739.0>@riak_core_vnode_manager:get_vnode/3:733 Will start VNode for partition 0 riak_kv_vnode
2026-09-11 20:14:31.955367+09:00 [info] <0.743.0>@riak_core_vnode_manager:get_vnode/3:733 Will start VNode for partition 730750818665451459101842416358141509827966271488 riak_kv_vnode
2026-09-11 20:14:31.955113+09:00 [info] <0.740.0>@riak_core_vnode_manager:get_vnode/3:733 Will start VNode for partition 182687704666362864775460604089535377456991567872 riak_kv_vnode
2026-09-11 20:14:31.955256+09:00 [info] <0.741.0>@riak_core_vnode_manager:get_vnode/3:733 Will start VNode for partition 365375409332725729550921208179070754913983135744 riak_kv_vnode
2026-09-11 20:14:31.955340+09:00 [info] <0.742.0>@riak_core_vnode_manager:get_vnode/3:733 Will start VNode for partition 548063113999088594326381812268606132370974703616 riak_kv_vnode
2026-09-11 20:14:31.955410+09:00 [info] <0.744.0>@riak_core_vnode_manager:get_vnode/3:733 Will start VNode for partition 913438523331814323877303020447676887284957839360 riak_kv_vnode
2026-09-11 20:14:31.955570+09:00 [info] <0.745.0>@riak_core_vnode_manager:get_vnode/3:733 Will start VNode for partition 1096126227998177188652763624537212264741949407232 riak_kv_vnode
2026-09-11 20:14:31.955538+09:00 [info] <0.746.0>@riak_core_vnode_manager:get_vnode/3:733 Will start VNode for partition 1278813932664540053428224228626747642198940975104 riak_kv_vnode
2026-09-11 20:14:32.025122+09:00 [info] <0.790.0>@leveled_inker:open_all_manifest/2:1269 log_ref=i0011 db_id=6 Manifest is empty, starting from manifest SQN 1
2026-09-11 20:14:32.024826+09:00 [info] <0.789.0>@leveled_inker:open_all_manifest/2:1269 log_ref=i0011 db_id=3 Manifest is empty, starting from manifest SQN 1
2026-09-11 20:14:32.024956+09:00 [info] <0.792.0>@leveled_inker:open_all_manifest/2:1269 log_ref=i0011 db_id=4 Manifest is empty, starting from manifest SQN 1
2026-09-11 20:14:32.025002+09:00 [info] <0.793.0>@leveled_inker:open_all_manifest/2:1269 log_ref=i0011 db_id=0 Manifest is empty, starting from manifest SQN 1
2026-09-11 20:14:32.025043+09:00 [info] <0.794.0>@leveled_inker:open_all_manifest/2:1269 log_ref=i0011 db_id=1 Manifest is empty, starting from manifest SQN 1
2026-09-11 20:14:32.025079+09:00 [info] <0.791.0>@leveled_inker:open_all_manifest/2:1269 log_ref=i0011 db_id=5 Manifest is empty, starting from manifest SQN 1
2026-09-11 20:14:32.025119+09:00 [info] <0.796.0>@leveled_inker:open_all_manifest/2:1269 log_ref=i0011 db_id=7 Manifest is empty, starting from manifest SQN 1
2026-09-11 20:14:32.025149+09:00 [info] <0.795.0>@leveled_inker:open_all_manifest/2:1269 log_ref=i0011 db_id=2 Manifest is empty, starting from manifest SQN 1
2026-09-11 20:14:32.080156+09:00 [info] <0.806.0>@leveled_cdb:starting/3:479 log_ref=cdb01 db_id=1 Opening file for writing with filename /var/lib/riak/leveled/182687704666362864775460604089535377456991567872/journal/journal_files/0_a95765bb-f104-4d0a-b187-655f71dd6369.pnd
2026-09-11 20:14:32.080288+09:00 [info] <0.810.0>@leveled_cdb:starting/3:479 log_ref=cdb01 db_id=3 Opening file for writing with filename /var/lib/riak/leveled/548063113999088594326381812268606132370974703616/journal/journal_files/0_366b90c8-6813-4636-a04c-30c28a756842.pnd
2026-09-11 20:14:32.080391+09:00 [info] <0.807.0>@leveled_cdb:starting/3:479 log_ref=cdb01 db_id=5 Opening file for writing with filename /var/lib/riak/leveled/913438523331814323877303020447676887284957839360/journal/journal_files/0_5637f940-1461-467d-bcfc-3804ea504f73.pnd
2026-09-11 20:14:32.080373+09:00 [info] <0.811.0>@leveled_cdb:starting/3:479 log_ref=cdb01 db_id=0 Opening file for writing with filename /var/lib/riak/leveled/0/journal/journal_files/0_c3a1082a-7e27-4dbf-8199-420fadf8ee40.pnd
2026-09-11 20:14:32.080345+09:00 [info] <0.809.0>@leveled_cdb:starting/3:479 log_ref=cdb01 db_id=4 Opening file for writing with filename /var/lib/riak/leveled/730750818665451459101842416358141509827966271488/journal/journal_files/0_875e32a0-3764-45c4-a64b-fd1f8244d564.pnd
2026-09-11 20:14:32.080203+09:00 [info] <0.808.0>@leveled_cdb:starting/3:479 log_ref=cdb01 db_id=7 Opening file for writing with filename /var/lib/riak/leveled/1278813932664540053428224228626747642198940975104/journal/journal_files/0_1b26824f-dcde-48ad-8c87-40402ed4faa6.pnd
2026-09-11 20:14:32.080460+09:00 [info] <0.812.0>@leveled_cdb:starting/3:479 log_ref=cdb01 db_id=6 Opening file for writing with filename /var/lib/riak/leveled/1096126227998177188652763624537212264741949407232/journal/journal_files/0_aa5864bb-3260-4e41-a926-fbead20eef74.pnd
2026-09-11 20:14:32.080544+09:00 [info] <0.813.0>@leveled_cdb:starting/3:479 log_ref=cdb01 db_id=2 Opening file for writing with filename /var/lib/riak/leveled/365375409332725729550921208179070754913983135744/journal/journal_files/0_d5663e4a-ab66-4f7b-a701-a5f9c77f6604.pnd
2026-09-11 20:14:32.081053+09:00 [info] <0.789.0>@leveled_inker:build_manifest/3:1238 log_ref=i0009 db_id=3 Updated manifest on startup:
2026-09-11 20:14:32.081118+09:00 [info] <0.792.0>@leveled_inker:build_manifest/3:1238 log_ref=i0009 db_id=4 Updated manifest on startup:
2026-09-11 20:14:32.081164+09:00 [info] <0.794.0>@leveled_inker:build_manifest/3:1238 log_ref=i0009 db_id=1 Updated manifest on startup:
2026-09-11 20:14:32.081156+09:00 [info] <0.793.0>@leveled_inker:build_manifest/3:1238 log_ref=i0009 db_id=0 Updated manifest on startup:
2026-09-11 20:14:32.081251+09:00 [info] <0.790.0>@leveled_inker:build_manifest/3:1238 log_ref=i0009 db_id=6 Updated manifest on startup:
2026-09-11 20:14:32.081333+09:00 [info] <0.795.0>@leveled_inker:build_manifest/3:1238 log_ref=i0009 db_id=2 Updated manifest on startup:
2026-09-11 20:14:32.081382+09:00 [info] <0.796.0>@leveled_inker:build_manifest/3:1238 log_ref=i0009 db_id=7 Updated manifest on startup:
2026-09-11 20:14:32.081527+09:00 [info] <0.791.0>@leveled_inker:build_manifest/3:1238 log_ref=i0009 db_id=5 Updated manifest on startup:
2026-09-11 20:14:32.081671+09:00 [info] <0.789.0>@leveled_imanifest:writer/3:187 log_ref=i0016 db_id=3 Writing new version of manifest for manifestSQN=2
2026-09-11 20:14:32.081750+09:00 [info] <0.790.0>@leveled_imanifest:writer/3:187 log_ref=i0016 db_id=6 Writing new version of manifest for manifestSQN=2
2026-09-11 20:14:32.081826+09:00 [info] <0.795.0>@leveled_imanifest:writer/3:187 log_ref=i0016 db_id=2 Writing new version of manifest for manifestSQN=2
2026-09-11 20:14:32.081897+09:00 [info] <0.794.0>@leveled_imanifest:writer/3:187 log_ref=i0016 db_id=1 Writing new version of manifest for manifestSQN=2
2026-09-11 20:14:32.082010+09:00 [info] <0.792.0>@leveled_imanifest:writer/3:187 log_ref=i0016 db_id=4 Writing new version of manifest for manifestSQN=2
2026-09-11 20:14:32.082151+09:00 [info] <0.793.0>@leveled_imanifest:writer/3:187 log_ref=i0016 db_id=0 Writing new version of manifest for manifestSQN=2
2026-09-11 20:14:32.082254+09:00 [info] <0.796.0>@leveled_imanifest:writer/3:187 log_ref=i0016 db_id=7 Writing new version of manifest for manifestSQN=2
2026-09-11 20:14:32.082409+09:00 [info] <0.791.0>@leveled_imanifest:writer/3:187 log_ref=i0016 db_id=5 Writing new version of manifest for manifestSQN=2
2026-09-11 20:14:32.097964+09:00 [info] <0.818.0>@leveled_pclerk:clerk_new/3:78 log_ref=pc001 db_id=7 Penciller's clerk <0.823.0> started with owner <0.818.0>
2026-09-11 20:14:32.097964+09:00 [info] <0.814.0>@leveled_pclerk:clerk_new/3:78 log_ref=pc001 db_id=2 Penciller's clerk <0.828.0> started with owner <0.814.0>
2026-09-11 20:14:32.098069+09:00 [info] <0.816.0>@leveled_pclerk:clerk_new/3:78 log_ref=pc001 db_id=3 Penciller's clerk <0.825.0> started with owner <0.816.0>
2026-09-11 20:14:32.098108+09:00 [info] <0.820.0>@leveled_pclerk:clerk_new/3:78 log_ref=pc001 db_id=1 Penciller's clerk <0.827.0> started with owner <0.820.0>
2026-09-11 20:14:32.098093+09:00 [info] <0.815.0>@leveled_pclerk:clerk_new/3:78 log_ref=pc001 db_id=6 Penciller's clerk <0.829.0> started with owner <0.815.0>
2026-09-11 20:14:32.098153+09:00 [info] <0.821.0>@leveled_pclerk:clerk_new/3:78 log_ref=pc001 db_id=0 Penciller's clerk <0.826.0> started with owner <0.821.0>
2026-09-11 20:14:32.098118+09:00 [info] <0.817.0>@leveled_pclerk:clerk_new/3:78 log_ref=pc001 db_id=5 Penciller's clerk <0.822.0> started with owner <0.817.0>
2026-09-11 20:14:32.098074+09:00 [info] <0.819.0>@leveled_pclerk:clerk_new/3:78 log_ref=pc001 db_id=4 Penciller's clerk <0.824.0> started with owner <0.819.0>
2026-09-11 20:14:32.106396+09:00 [info] <0.815.0>@leveled_pmanifest:open_manifestfile/2:1180 log_ref=p0013 db_id=6 Seqence number of 0 indicates no valid manifest
2026-09-11 20:14:32.106397+09:00 [info] <0.819.0>@leveled_pmanifest:open_manifestfile/2:1180 log_ref=p0013 db_id=4 Seqence number of 0 indicates no valid manifest
2026-09-11 20:14:32.106603+09:00 [info] <0.818.0>@leveled_pmanifest:open_manifestfile/2:1180 log_ref=p0013 db_id=7 Seqence number of 0 indicates no valid manifest
2026-09-11 20:14:32.106395+09:00 [info] <0.821.0>@leveled_pmanifest:open_manifestfile/2:1180 log_ref=p0013 db_id=0 Seqence number of 0 indicates no valid manifest
2026-09-11 20:14:32.106638+09:00 [info] <0.817.0>@leveled_pmanifest:open_manifestfile/2:1180 log_ref=p0013 db_id=5 Seqence number of 0 indicates no valid manifest
2026-09-11 20:14:32.106694+09:00 [info] <0.814.0>@leveled_pmanifest:open_manifestfile/2:1180 log_ref=p0013 db_id=2 Seqence number of 0 indicates no valid manifest
2026-09-11 20:14:32.106761+09:00 [info] <0.820.0>@leveled_pmanifest:open_manifestfile/2:1180 log_ref=p0013 db_id=1 Seqence number of 0 indicates no valid manifest
2026-09-11 20:14:32.106748+09:00 [info] <0.816.0>@leveled_pmanifest:open_manifestfile/2:1180 log_ref=p0013 db_id=3 Seqence number of 0 indicates no valid manifest
2026-09-11 20:14:32.108956+09:00 [info] <0.821.0>@leveled_penciller:start_from_file/1:1508 log_ref=p0014 db_id=0 Maximum sequence number of 0 found in nonzero levels
2026-09-11 20:14:32.109108+09:00 [info] <0.821.0>@leveled_penciller:start_from_file/1:1510 log_ref=p0035 db_id=0 Startup with Manifest SQN of 0
2026-09-11 20:14:32.109160+09:00 [info] <0.819.0>@leveled_penciller:start_from_file/1:1508 log_ref=p0014 db_id=4 Maximum sequence number of 0 found in nonzero levels
2026-09-11 20:14:32.108896+09:00 [info] <0.816.0>@leveled_penciller:start_from_file/1:1508 log_ref=p0014 db_id=3 Maximum sequence number of 0 found in nonzero levels
2026-09-11 20:14:32.109236+09:00 [info] <0.819.0>@leveled_penciller:start_from_file/1:1510 log_ref=p0035 db_id=4 Startup with Manifest SQN of 0
2026-09-11 20:14:32.108977+09:00 [info] <0.815.0>@leveled_penciller:start_from_file/1:1508 log_ref=p0014 db_id=6 Maximum sequence number of 0 found in nonzero levels
2026-09-11 20:14:32.109051+09:00 [info] <0.817.0>@leveled_penciller:start_from_file/1:1508 log_ref=p0014 db_id=5 Maximum sequence number of 0 found in nonzero levels
2026-09-11 20:14:32.109311+09:00 [info] <0.820.0>@leveled_penciller:start_from_file/1:1508 log_ref=p0014 db_id=1 Maximum sequence number of 0 found in nonzero levels
2026-09-11 20:14:32.109350+09:00 [info] <0.820.0>@leveled_penciller:start_from_file/1:1510 log_ref=p0035 db_id=1 Startup with Manifest SQN of 0
2026-09-11 20:14:32.109265+09:00 [info] <0.816.0>@leveled_penciller:start_from_file/1:1510 log_ref=p0035 db_id=3 Startup with Manifest SQN of 0
2026-09-11 20:14:32.109062+09:00 [info] <0.818.0>@leveled_penciller:start_from_file/1:1508 log_ref=p0014 db_id=7 Maximum sequence number of 0 found in nonzero levels
2026-09-11 20:14:32.109307+09:00 [info] <0.815.0>@leveled_penciller:start_from_file/1:1510 log_ref=p0035 db_id=6 Startup with Manifest SQN of 0
2026-09-11 20:14:32.109435+09:00 [info] <0.818.0>@leveled_penciller:start_from_file/1:1510 log_ref=p0035 db_id=7 Startup with Manifest SQN of 0
2026-09-11 20:14:32.109335+09:00 [info] <0.817.0>@leveled_penciller:start_from_file/1:1510 log_ref=p0035 db_id=5 Startup with Manifest SQN of 0
2026-09-11 20:14:32.109359+09:00 [info] <0.814.0>@leveled_penciller:start_from_file/1:1508 log_ref=p0014 db_id=2 Maximum sequence number of 0 found in nonzero levels
2026-09-11 20:14:32.109506+09:00 [info] <0.814.0>@leveled_penciller:start_from_file/1:1510 log_ref=p0035 db_id=2 Startup with Manifest SQN of 0
2026-09-11 20:14:32.112230+09:00 [info] <0.821.0>@leveled_penciller:start_from_file/1:1538 log_ref=p0017 db_id=0 No L0 file found
2026-09-11 20:14:32.112292+09:00 [info] <0.819.0>@leveled_penciller:start_from_file/1:1538 log_ref=p0017 db_id=4 No L0 file found
2026-09-11 20:14:32.112320+09:00 [info] <0.820.0>@leveled_penciller:start_from_file/1:1538 log_ref=p0017 db_id=1 No L0 file found
2026-09-11 20:14:32.112348+09:00 [info] <0.816.0>@leveled_penciller:start_from_file/1:1538 log_ref=p0017 db_id=3 No L0 file found
2026-09-11 20:14:32.112371+09:00 [info] <0.815.0>@leveled_penciller:start_from_file/1:1538 log_ref=p0017 db_id=6 No L0 file found
2026-09-11 20:14:32.112424+09:00 [info] <0.817.0>@leveled_penciller:start_from_file/1:1538 log_ref=p0017 db_id=5 No L0 file found
2026-09-11 20:14:32.112470+09:00 [info] <0.818.0>@leveled_penciller:start_from_file/1:1538 log_ref=p0017 db_id=7 No L0 file found
2026-09-11 20:14:32.112541+09:00 [info] <0.814.0>@leveled_penciller:start_from_file/1:1538 log_ref=p0017 db_id=2 No L0 file found
2026-09-11 20:14:32.113168+09:00 [info] <0.776.0>@leveled_bookie:startup/2:1993 log_ref=b0005 db_id=0 LedgerSQN=0 at startup
2026-09-11 20:14:32.113167+09:00 [info] <0.777.0>@leveled_bookie:startup/2:1993 log_ref=b0005 db_id=4 LedgerSQN=0 at startup
2026-09-11 20:14:32.113449+09:00 [info] <0.779.0>@leveled_bookie:startup/2:1993 log_ref=b0005 db_id=1 LedgerSQN=0 at startup
2026-09-11 20:14:32.113651+09:00 [info] <0.774.0>@leveled_bookie:startup/2:1993 log_ref=b0005 db_id=3 LedgerSQN=0 at startup
2026-09-11 20:14:32.113693+09:00 [info] <0.780.0>@leveled_bookie:startup/2:1993 log_ref=b0005 db_id=6 LedgerSQN=0 at startup
2026-09-11 20:14:32.113695+09:00 [info] <0.775.0>@leveled_bookie:startup/2:1993 log_ref=b0005 db_id=5 LedgerSQN=0 at startup
2026-09-11 20:14:32.113771+09:00 [info] <0.773.0>@leveled_bookie:startup/2:1993 log_ref=b0005 db_id=2 LedgerSQN=0 at startup
2026-09-11 20:14:32.113769+09:00 [info] <0.778.0>@leveled_bookie:startup/2:1993 log_ref=b0005 db_id=7 LedgerSQN=0 at startup
2026-09-11 20:14:32.116322+09:00 [info] <0.791.0>@leveled_bookie:startup/2:2004 log_ref=i0014 db_id=5 On startup loading from filename /var/lib/riak/leveled/913438523331814323877303020447676887284957839360/journal/journal_files/0_5637f940-1461-467d-bcfc-3804ea504f73 from SQN 1
2026-09-11 20:14:32.116416+09:00 [info] <0.794.0>@leveled_bookie:startup/2:2004 log_ref=i0014 db_id=1 On startup loading from filename /var/lib/riak/leveled/182687704666362864775460604089535377456991567872/journal/journal_files/0_a95765bb-f104-4d0a-b187-655f71dd6369 from SQN 1
2026-09-11 20:14:32.116323+09:00 [info] <0.793.0>@leveled_bookie:startup/2:2004 log_ref=i0014 db_id=0 On startup loading from filename /var/lib/riak/leveled/0/journal/journal_files/0_c3a1082a-7e27-4dbf-8199-420fadf8ee40 from SQN 1
2026-09-11 20:14:32.116497+09:00 [info] <0.795.0>@leveled_bookie:startup/2:2004 log_ref=i0014 db_id=2 On startup loading from filename /var/lib/riak/leveled/365375409332725729550921208179070754913983135744/journal/journal_files/0_d5663e4a-ab66-4f7b-a701-a5f9c77f6604 from SQN 1
2026-09-11 20:14:32.116462+09:00 [info] <0.789.0>@leveled_bookie:startup/2:2004 log_ref=i0014 db_id=3 On startup loading from filename /var/lib/riak/leveled/548063113999088594326381812268606132370974703616/journal/journal_files/0_366b90c8-6813-4636-a04c-30c28a756842 from SQN 1
2026-09-11 20:14:32.116409+09:00 [info] <0.790.0>@leveled_bookie:startup/2:2004 log_ref=i0014 db_id=6 On startup loading from filename /var/lib/riak/leveled/1096126227998177188652763624537212264741949407232/journal/journal_files/0_aa5864bb-3260-4e41-a926-fbead20eef74 from SQN 1
2026-09-11 20:14:32.116389+09:00 [info] <0.792.0>@leveled_bookie:startup/2:2004 log_ref=i0014 db_id=4 On startup loading from filename /var/lib/riak/leveled/730750818665451459101842416358141509827966271488/journal/journal_files/0_875e32a0-3764-45c4-a64b-fd1f8244d564 from SQN 1
2026-09-11 20:14:32.116488+09:00 [info] <0.796.0>@leveled_bookie:startup/2:2004 log_ref=i0014 db_id=7 On startup loading from filename /var/lib/riak/leveled/1278813932664540053428224228626747642198940975104/journal/journal_files/0_1b26824f-dcde-48ad-8c87-40402ed4faa6 from SQN 1
2026-09-11 20:14:32.116821+09:00 [info] <0.775.0>@leveled_bookie:init/1:1409 log_ref=b0001 db_id=5 Bookie starting with Ink <0.791.0> Pcl <0.817.0>
2026-09-11 20:14:32.116825+09:00 [info] <0.776.0>@leveled_bookie:init/1:1409 log_ref=b0001 db_id=0 Bookie starting with Ink <0.793.0> Pcl <0.821.0>
2026-09-11 20:14:32.116850+09:00 [info] <0.774.0>@leveled_bookie:init/1:1409 log_ref=b0001 db_id=3 Bookie starting with Ink <0.789.0> Pcl <0.816.0>
2026-09-11 20:14:32.116924+09:00 [info] <0.779.0>@leveled_bookie:init/1:1409 log_ref=b0001 db_id=1 Bookie starting with Ink <0.794.0> Pcl <0.820.0>
2026-09-11 20:14:32.116945+09:00 [info] <0.780.0>@leveled_bookie:init/1:1409 log_ref=b0001 db_id=6 Bookie starting with Ink <0.790.0> Pcl <0.815.0>
2026-09-11 20:14:32.116944+09:00 [info] <0.773.0>@leveled_bookie:init/1:1409 log_ref=b0001 db_id=2 Bookie starting with Ink <0.795.0> Pcl <0.814.0>
2026-09-11 20:14:32.116890+09:00 [info] <0.778.0>@leveled_bookie:init/1:1409 log_ref=b0001 db_id=7 Bookie starting with Ink <0.796.0> Pcl <0.818.0>
2026-09-11 20:14:32.117052+09:00 [info] <0.777.0>@leveled_bookie:init/1:1409 log_ref=b0001 db_id=4 Bookie starting with Ink <0.792.0> Pcl <0.819.0>
2026-09-11 20:14:32.117267+09:00 [info] <0.752.0>@riak_kv_leveled_backend:schedule_journalcompaction/4:903 Schedule compaction for interval 4354 on partition 913438523331814323877303020447676887284957839360
2026-09-11 20:14:32.117271+09:00 [info] <0.747.0>@riak_kv_leveled_backend:schedule_journalcompaction/4:903 Schedule compaction for interval 767 on partition 0
2026-09-11 20:14:32.117280+09:00 [info] <0.748.0>@riak_kv_leveled_backend:schedule_journalcompaction/4:903 Schedule compaction for interval 4268 on partition 730750818665451459101842416358141509827966271488
2026-09-11 20:14:32.117311+09:00 [info] <0.754.0>@riak_kv_leveled_backend:schedule_journalcompaction/4:903 Schedule compaction for interval 5904 on partition 1278813932664540053428224228626747642198940975104
2026-09-11 20:14:32.117354+09:00 [info] <0.750.0>@riak_kv_leveled_backend:schedule_journalcompaction/4:903 Schedule compaction for interval 3038 on partition 365375409332725729550921208179070754913983135744
2026-09-11 20:14:32.117276+09:00 [info] <0.749.0>@riak_kv_leveled_backend:schedule_journalcompaction/4:903 Schedule compaction for interval 1491 on partition 182687704666362864775460604089535377456991567872
2026-09-11 20:14:32.117366+09:00 [info] <0.751.0>@riak_kv_leveled_backend:schedule_journalcompaction/4:903 Schedule compaction for interval 8949 on partition 548063113999088594326381812268606132370974703616
2026-09-11 20:14:32.117301+09:00 [info] <0.753.0>@riak_kv_leveled_backend:schedule_journalcompaction/4:903 Schedule compaction for interval 403 on partition 1096126227998177188652763624537212264741949407232
2026-09-11 20:14:32.154537+09:00 [info] <0.843.0>@aae_controller:init/1:674 log_ref=aae02 Native KeyStore type leveled_nko startup request
2026-09-11 20:14:32.154665+09:00 [info] <0.839.0>@aae_controller:init/1:674 log_ref=aae02 Native KeyStore type leveled_nko startup request
2026-09-11 20:14:32.154536+09:00 [info] <0.838.0>@aae_controller:init/1:674 log_ref=aae02 Native KeyStore type leveled_nko startup request
2026-09-11 20:14:32.154678+09:00 [info] <0.842.0>@aae_controller:init/1:674 log_ref=aae02 Native KeyStore type leveled_nko startup request
2026-09-11 20:14:32.154791+09:00 [info] <0.845.0>@aae_controller:init/1:674 log_ref=aae02 Native KeyStore type leveled_nko startup request
2026-09-11 20:14:32.154763+09:00 [info] <0.840.0>@aae_controller:init/1:674 log_ref=aae02 Native KeyStore type leveled_nko startup request
2026-09-11 20:14:32.154844+09:00 [info] <0.844.0>@aae_controller:init/1:674 log_ref=aae02 Native KeyStore type leveled_nko startup request
2026-09-11 20:14:32.154731+09:00 [info] <0.841.0>@aae_controller:init/1:674 log_ref=aae02 Native KeyStore type leveled_nko startup request
2026-09-11 20:14:32.155077+09:00 [warning] <0.847.0>@aae_keystore:open_manifest/1:1526 log_ref=ks002 No valid manifest found for AAE keystore at /var/lib/riak/tictac_aae/365375409332725729550921208179070754913983135744/leveled_nko/keystore reason not_present
2026-09-11 20:14:32.155128+09:00 [warning] <0.846.0>@aae_keystore:open_manifest/1:1526 log_ref=ks002 No valid manifest found for AAE keystore at /var/lib/riak/tictac_aae/1278813932664540053428224228626747642198940975104/leveled_nko/keystore reason not_present
2026-09-11 20:14:32.155319+09:00 [warning] <0.848.0>@aae_keystore:open_manifest/1:1526 log_ref=ks002 No valid manifest found for AAE keystore at /var/lib/riak/tictac_aae/182687704666362864775460604089535377456991567872/leveled_nko/keystore reason not_present
2026-09-11 20:14:32.155329+09:00 [warning] <0.850.0>@aae_keystore:open_manifest/1:1526 log_ref=ks002 No valid manifest found for AAE keystore at /var/lib/riak/tictac_aae/913438523331814323877303020447676887284957839360/leveled_nko/keystore reason not_present
2026-09-11 20:14:32.155437+09:00 [warning] <0.849.0>@aae_keystore:open_manifest/1:1526 log_ref=ks002 No valid manifest found for AAE keystore at /var/lib/riak/tictac_aae/0/leveled_nko/keystore reason not_present
2026-09-11 20:14:32.155447+09:00 [warning] <0.853.0>@aae_keystore:open_manifest/1:1526 log_ref=ks002 No valid manifest found for AAE keystore at /var/lib/riak/tictac_aae/730750818665451459101842416358141509827966271488/leveled_nko/keystore reason not_present
2026-09-11 20:14:32.155442+09:00 [warning] <0.852.0>@aae_keystore:open_manifest/1:1526 log_ref=ks002 No valid manifest found for AAE keystore at /var/lib/riak/tictac_aae/1096126227998177188652763624537212264741949407232/leveled_nko/keystore reason not_present
2026-09-11 20:14:32.155447+09:00 [warning] <0.851.0>@aae_keystore:open_manifest/1:1526 log_ref=ks002 No valid manifest found for AAE keystore at /var/lib/riak/tictac_aae/548063113999088594326381812268606132370974703616/leveled_nko/keystore reason not_present
2026-09-11 20:14:32.166868+09:00 [info] <0.854.0>@aae_treecache:init/1:224 log_ref=c0005 Starting cache with is_restored=false and IndexN of {0,3}
2026-09-11 20:14:32.167200+09:00 [info] <0.856.0>@aae_treecache:init/1:224 log_ref=c0005 Starting cache with is_restored=false and IndexN of {913438523331814323877303020447676887284957839360,3}
2026-09-11 20:14:32.167477+09:00 [info] <0.858.0>@aae_treecache:init/1:224 log_ref=c0005 Starting cache with is_restored=false and IndexN of {365375409332725729550921208179070754913983135744,3}
2026-09-11 20:14:32.167695+09:00 [info] <0.855.0>@aae_treecache:init/1:224 log_ref=c0005 Starting cache with is_restored=false and IndexN of {1278813932664540053428224228626747642198940975104,3}
2026-09-11 20:14:32.167767+09:00 [info] <0.859.0>@aae_treecache:init/1:224 log_ref=c0005 Starting cache with is_restored=false and IndexN of {1096126227998177188652763624537212264741949407232,3}
2026-09-11 20:14:32.167868+09:00 [info] <0.861.0>@aae_treecache:init/1:224 log_ref=c0005 Starting cache with is_restored=false and IndexN of {182687704666362864775460604089535377456991567872,3}
2026-09-11 20:14:32.167994+09:00 [info] <0.857.0>@aae_treecache:init/1:224 log_ref=c0005 Starting cache with is_restored=false and IndexN of {548063113999088594326381812268606132370974703616,3}
2026-09-11 20:14:32.168071+09:00 [info] <0.860.0>@aae_treecache:init/1:224 log_ref=c0005 Starting cache with is_restored=false and IndexN of {730750818665451459101842416358141509827966271488,3}
2026-09-11 20:14:32.168366+09:00 [info] <0.863.0>@aae_treecache:init/1:224 log_ref=c0005 Starting cache with is_restored=false and IndexN of {1096126227998177188652763624537212264741949407232,3}
2026-09-11 20:14:32.168595+09:00 [info] <0.864.0>@aae_treecache:init/1:224 log_ref=c0005 Starting cache with is_restored=false and IndexN of {548063113999088594326381812268606132370974703616,3}
2026-09-11 20:14:32.169019+09:00 [info] <0.862.0>@aae_treecache:init/1:224 log_ref=c0005 Starting cache with is_restored=false and IndexN of {182687704666362864775460604089535377456991567872,3}
2026-09-11 20:14:32.169581+09:00 [info] <0.865.0>@aae_treecache:init/1:224 log_ref=c0005 Starting cache with is_restored=false and IndexN of {0,3}
2026-09-11 20:14:32.169601+09:00 [info] <0.866.0>@aae_treecache:init/1:224 log_ref=c0005 Starting cache with is_restored=false and IndexN of {1278813932664540053428224228626747642198940975104,3}
2026-09-11 20:14:32.169766+09:00 [info] <0.868.0>@aae_treecache:init/1:224 log_ref=c0005 Starting cache with is_restored=false and IndexN of {730750818665451459101842416358141509827966271488,3}
2026-09-11 20:14:32.170007+09:00 [info] <0.869.0>@aae_treecache:init/1:224 log_ref=c0005 Starting cache with is_restored=false and IndexN of {913438523331814323877303020447676887284957839360,3}
2026-09-11 20:14:32.169953+09:00 [info] <0.867.0>@aae_treecache:init/1:224 log_ref=c0005 Starting cache with is_restored=false and IndexN of {365375409332725729550921208179070754913983135744,3}
2026-09-11 20:14:32.170698+09:00 [info] <0.870.0>@aae_treecache:init/1:224 log_ref=c0005 Starting cache with is_restored=false and IndexN of {1278813932664540053428224228626747642198940975104,3}
2026-09-11 20:14:32.171126+09:00 [info] <0.871.0>@aae_treecache:init/1:224 log_ref=c0005 Starting cache with is_restored=false and IndexN of {730750818665451459101842416358141509827966271488,3}
2026-09-11 20:14:32.171207+09:00 [info] <0.872.0>@aae_treecache:init/1:224 log_ref=c0005 Starting cache with is_restored=false and IndexN of {365375409332725729550921208179070754913983135744,3}
2026-09-11 20:14:32.172924+09:00 [info] <0.873.0>@aae_treecache:init/1:224 log_ref=c0005 Starting cache with is_restored=false and IndexN of {182687704666362864775460604089535377456991567872,3}
2026-09-11 20:14:32.173356+09:00 [info] <0.874.0>@aae_treecache:init/1:224 log_ref=c0005 Starting cache with is_restored=false and IndexN of {0,3}
2026-09-11 20:14:32.173373+09:00 [info] <0.839.0>@aae_controller:init/1:719 log_ref=aae10 AAE controller started with IndexNs [{0,3},{182687704666362864775460604089535377456991567872,3},{365375409332725729550921208179070754913983135744,3}] and StoreType {native,leveled_nko,<0.773.0>}
2026-09-11 20:14:32.173487+09:00 [info] <0.843.0>@aae_controller:init/1:719 log_ref=aae10 AAE controller started with IndexNs [{913438523331814323877303020447676887284957839360,3},{1096126227998177188652763624537212264741949407232,3},{1278813932664540053428224228626747642198940975104,3}] and StoreType {native,leveled_nko,<0.778.0>}
2026-09-11 20:14:32.173533+09:00 [info] <0.841.0>@aae_controller:init/1:719 log_ref=aae10 AAE controller started with IndexNs [{365375409332725729550921208179070754913983135744,3},{548063113999088594326381812268606132370974703616,3},{730750818665451459101842416358141509827966271488,3}] and StoreType {native,leveled_nko,<0.777.0>}
2026-09-11 20:14:32.173672+09:00 [info] <0.838.0>@aae_controller:init/1:719 log_ref=aae10 AAE controller started with IndexNs [{1096126227998177188652763624537212264741949407232,3},{1278813932664540053428224228626747642198940975104,3},{0,3}] and StoreType {native,leveled_nko,<0.776.0>}
2026-09-11 20:14:32.173753+09:00 [info] <0.747.0>@riak_kv_vnode:maybe_start_aaecontroller/2:402 AAE Controller started with pid=<0.838.0>
2026-09-11 20:14:32.173570+09:00 [info] <0.875.0>@aae_treecache:init/1:224 log_ref=c0005 Starting cache with is_restored=false and IndexN of {913438523331814323877303020447676887284957839360,3}
2026-09-11 20:14:32.173844+09:00 [info] <0.754.0>@riak_kv_vnode:maybe_start_aaecontroller/2:402 AAE Controller started with pid=<0.843.0>
2026-09-11 20:14:32.173856+09:00 [info] <0.876.0>@aae_treecache:init/1:224 log_ref=c0005 Starting cache with is_restored=false and IndexN of {1096126227998177188652763624537212264741949407232,3}
2026-09-11 20:14:32.173852+09:00 [info] <0.748.0>@riak_kv_vnode:maybe_start_aaecontroller/2:402 AAE Controller started with pid=<0.841.0>
2026-09-11 20:14:32.173847+09:00 [info] <0.750.0>@riak_kv_vnode:maybe_start_aaecontroller/2:402 AAE Controller started with pid=<0.839.0>
2026-09-11 20:14:32.173661+09:00 [info] <0.842.0>@aae_controller:init/1:719 log_ref=aae10 AAE controller started with IndexNs [{1278813932664540053428224228626747642198940975104,3},{0,3},{182687704666362864775460604089535377456991567872,3}] and StoreType {native,leveled_nko,<0.779.0>}
2026-09-11 20:14:32.174032+09:00 [info] <0.749.0>@riak_kv_vnode:maybe_start_aaecontroller/2:402 AAE Controller started with pid=<0.842.0>
2026-09-11 20:14:32.173998+09:00 [info] <0.877.0>@aae_treecache:init/1:224 log_ref=c0005 Starting cache with is_restored=false and IndexN of {548063113999088594326381812268606132370974703616,3}
2026-09-11 20:14:32.174056+09:00 [info] <0.845.0>@aae_controller:init/1:719 log_ref=aae10 AAE controller started with IndexNs [{548063113999088594326381812268606132370974703616,3},{730750818665451459101842416358141509827966271488,3},{913438523331814323877303020447676887284957839360,3}] and StoreType {native,leveled_nko,<0.775.0>}
2026-09-11 20:14:32.174019+09:00 [info] <0.840.0>@aae_controller:init/1:719 log_ref=aae10 AAE controller started with IndexNs [{730750818665451459101842416358141509827966271488,3},{913438523331814323877303020447676887284957839360,3},{1096126227998177188652763624537212264741949407232,3}] and StoreType {native,leveled_nko,<0.780.0>}
2026-09-11 20:14:32.174111+09:00 [info] <0.752.0>@riak_kv_vnode:maybe_start_aaecontroller/2:402 AAE Controller started with pid=<0.845.0>
2026-09-11 20:14:32.174140+09:00 [info] <0.844.0>@aae_controller:init/1:719 log_ref=aae10 AAE controller started with IndexNs [{182687704666362864775460604089535377456991567872,3},{365375409332725729550921208179070754913983135744,3},{548063113999088594326381812268606132370974703616,3}] and StoreType {native,leveled_nko,<0.774.0>}
2026-09-11 20:14:32.174150+09:00 [info] <0.753.0>@riak_kv_vnode:maybe_start_aaecontroller/2:402 AAE Controller started with pid=<0.840.0>
2026-09-11 20:14:32.174230+09:00 [info] <0.751.0>@riak_kv_vnode:maybe_start_aaecontroller/2:402 AAE Controller started with pid=<0.844.0>
2026-09-11 20:14:32.177306+09:00 [info] <0.739.0>@riak_core_vnode_manager:get_vnode/3:743 VNode initialization ready <0.747.0> 0 riak_kv_vnode
2026-09-11 20:14:32.177229+09:00 [info] <0.744.0>@riak_core_vnode_manager:get_vnode/3:743 VNode initialization ready <0.752.0> 913438523331814323877303020447676887284957839360 riak_kv_vnode
2026-09-11 20:14:32.177325+09:00 [info] <0.740.0>@riak_core_vnode_manager:get_vnode/3:743 VNode initialization ready <0.749.0> 182687704666362864775460604089535377456991567872 riak_kv_vnode
2026-09-11 20:14:32.177237+09:00 [info] <0.743.0>@riak_core_vnode_manager:get_vnode/3:743 VNode initialization ready <0.748.0> 730750818665451459101842416358141509827966271488 riak_kv_vnode
2026-09-11 20:14:32.177615+09:00 [info] <0.742.0>@riak_core_vnode_manager:get_vnode/3:743 VNode initialization ready <0.751.0> 548063113999088594326381812268606132370974703616 riak_kv_vnode
2026-09-11 20:14:32.177764+09:00 [info] <0.746.0>@riak_core_vnode_manager:get_vnode/3:743 VNode initialization ready <0.754.0> 1278813932664540053428224228626747642198940975104 riak_kv_vnode
2026-09-11 20:14:32.177850+09:00 [info] <0.741.0>@riak_core_vnode_manager:get_vnode/3:743 VNode initialization ready <0.750.0> 365375409332725729550921208179070754913983135744 riak_kv_vnode
2026-09-11 20:14:32.178038+09:00 [info] <0.745.0>@riak_core_vnode_manager:get_vnode/3:743 VNode initialization ready <0.753.0> 1096126227998177188652763624537212264741949407232 riak_kv_vnode
2026-09-11 20:14:32.178251+09:00 [info] <0.950.0>@riak_core_vnode_manager:get_vnode/3:733 Will start VNode for partition 182687704666362864775460604089535377456991567872 riak_pipe_vnode
2026-09-11 20:14:32.178673+09:00 [info] <0.950.0>@riak_core_vnode_manager:get_vnode/3:743 VNode initialization ready <0.951.0> 182687704666362864775460604089535377456991567872 riak_pipe_vnode
2026-09-11 20:14:32.178872+09:00 [info] <0.953.0>@riak_core_vnode_manager:get_vnode/3:733 Will start VNode for partition 365375409332725729550921208179070754913983135744 riak_pipe_vnode
2026-09-11 20:14:32.179328+09:00 [info] <0.953.0>@riak_core_vnode_manager:get_vnode/3:743 VNode initialization ready <0.954.0> 365375409332725729550921208179070754913983135744 riak_pipe_vnode
2026-09-11 20:14:32.179564+09:00 [info] <0.956.0>@riak_core_vnode_manager:get_vnode/3:733 Will start VNode for partition 548063113999088594326381812268606132370974703616 riak_pipe_vnode
2026-09-11 20:14:32.179948+09:00 [info] <0.956.0>@riak_core_vnode_manager:get_vnode/3:743 VNode initialization ready <0.957.0> 548063113999088594326381812268606132370974703616 riak_pipe_vnode
2026-09-11 20:14:32.180073+09:00 [info] <0.959.0>@riak_core_vnode_manager:get_vnode/3:733 Will start VNode for partition 730750818665451459101842416358141509827966271488 riak_pipe_vnode
2026-09-11 20:14:32.180276+09:00 [info] <0.959.0>@riak_core_vnode_manager:get_vnode/3:743 VNode initialization ready <0.960.0> 730750818665451459101842416358141509827966271488 riak_pipe_vnode
2026-09-11 20:14:32.180798+09:00 [info] <0.962.0>@riak_core_vnode_manager:get_vnode/3:733 Will start VNode for partition 913438523331814323877303020447676887284957839360 riak_pipe_vnode
2026-09-11 20:14:32.181107+09:00 [info] <0.962.0>@riak_core_vnode_manager:get_vnode/3:743 VNode initialization ready <0.963.0> 913438523331814323877303020447676887284957839360 riak_pipe_vnode
2026-09-11 20:14:32.181258+09:00 [info] <0.965.0>@riak_core_vnode_manager:get_vnode/3:733 Will start VNode for partition 1096126227998177188652763624537212264741949407232 riak_pipe_vnode
2026-09-11 20:14:32.181499+09:00 [info] <0.965.0>@riak_core_vnode_manager:get_vnode/3:743 VNode initialization ready <0.966.0> 1096126227998177188652763624537212264741949407232 riak_pipe_vnode
2026-09-11 20:14:32.181652+09:00 [info] <0.968.0>@riak_core_vnode_manager:get_vnode/3:733 Will start VNode for partition 1278813932664540053428224228626747642198940975104 riak_pipe_vnode
2026-09-11 20:14:32.181814+09:00 [info] <0.968.0>@riak_core_vnode_manager:get_vnode/3:743 VNode initialization ready <0.969.0> 1278813932664540053428224228626747642198940975104 riak_pipe_vnode
2026-09-11 20:14:32.183791+09:00 [info] <0.402.0>@riak_core:wait_for_service/2:492 Wait complete for service riak_kv (9 seconds)
2026-09-11 20:14:32.253353+09:00 [info] <0.622.0>@riak_core:wait_for_service/2:492 Wait complete for service riak_kv (9 seconds)
2026-09-11 20:14:32.262516+09:00 [info] <0.244.0>@riak_core_capability:process_capability_changes/2:557 New capability: {riak_repl,bloom_fold} = true
2026-09-11 20:14:32.269532+09:00 [info] <0.244.0>@riak_core_capability:process_capability_changes/2:557 New capability: {riak_repl,rtq_meta} = true
2026-09-11 20:14:32.275805+09:00 [info] <0.244.0>@riak_core_capability:process_capability_changes/2:557 New capability: {riak_repl,default_bucket_props_hash} = [consistent,datatype,n_val,write_once]
2026-09-11 20:14:32.287548+09:00 [info] <0.622.0>@riak_repl_app:start/2:70 REPL CS block skip disabled
2026-09-11 20:14:32.293558+09:00 [info] <0.987.0>@supervisor:report_progress/2:1568 Supervisor: {local,riak_repl_sup}. Started: id=riak_repl_client_sup,pid=<0.988.0>.
2026-09-11 20:14:32.295493+09:00 [info] <0.987.0>@supervisor:report_progress/2:1568 Supervisor: {local,riak_repl_sup}. Started: id=riak_repl_server_sup,pid=<0.989.0>.
2026-09-11 20:14:32.298470+09:00 [info] <0.987.0>@supervisor:report_progress/2:1568 Supervisor: {local,riak_repl_sup}. Started: id=riak_repl_leader,pid=<0.990.0>.
2026-09-11 20:14:32.300485+09:00 [info] <0.987.0>@supervisor:report_progress/2:1568 Supervisor: {local,riak_repl_sup}. Started: id=riak_repl2_leader,pid=<0.992.0>.
2026-09-11 20:14:32.309407+09:00 [info] <0.993.0>@riak_core_service_mgr:start_link/1:111 Starting Core Service Manager at {"127.0.0.1",9080}
2026-09-11 20:14:32.318633+09:00 [info] <0.992.0>@riak_repl2_leader:become_leader/2:217 Leader2: 'openriak-kv@node-01.cluster-a.openriak' elected as replication leader
2026-09-11 20:14:32.325794+09:00 [info] <0.997.0>@supervisor:report_progress/2:1568 Supervisor: {<0.997.0>,ranch_conns_sup_sup}. Started: id={ranch_conns_sup,1},pid=<0.998.0>.
2026-09-11 20:14:32.325981+09:00 [info] <0.997.0>@supervisor:report_progress/2:1568 Supervisor: {<0.997.0>,ranch_conns_sup_sup}. Started: id={ranch_conns_sup,2},pid=<0.999.0>.
2026-09-11 20:14:32.326091+09:00 [info] <0.997.0>@supervisor:report_progress/2:1568 Supervisor: {<0.997.0>,ranch_conns_sup_sup}. Started: id={ranch_conns_sup,3},pid=<0.1000.0>.
2026-09-11 20:14:32.326619+09:00 [info] <0.997.0>@supervisor:report_progress/2:1568 Supervisor: {<0.997.0>,ranch_conns_sup_sup}. Started: id={ranch_conns_sup,4},pid=<0.1001.0>.
2026-09-11 20:14:32.326766+09:00 [info] <0.997.0>@supervisor:report_progress/2:1568 Supervisor: {<0.997.0>,ranch_conns_sup_sup}. Started: id={ranch_conns_sup,5},pid=<0.1002.0>.
2026-09-11 20:14:32.326975+09:00 [info] <0.997.0>@supervisor:report_progress/2:1568 Supervisor: {<0.997.0>,ranch_conns_sup_sup}. Started: id={ranch_conns_sup,6},pid=<0.1003.0>.
2026-09-11 20:14:32.327137+09:00 [info] <0.997.0>@supervisor:report_progress/2:1568 Supervisor: {<0.997.0>,ranch_conns_sup_sup}. Started: id={ranch_conns_sup,7},pid=<0.1004.0>.
2026-09-11 20:14:32.327202+09:00 [info] <0.997.0>@supervisor:report_progress/2:1568 Supervisor: {<0.997.0>,ranch_conns_sup_sup}. Started: id={ranch_conns_sup,8},pid=<0.1005.0>.
2026-09-11 20:14:32.327270+09:00 [info] <0.997.0>@supervisor:report_progress/2:1568 Supervisor: {<0.997.0>,ranch_conns_sup_sup}. Started: id={ranch_conns_sup,9},pid=<0.1006.0>.
2026-09-11 20:14:32.327315+09:00 [info] <0.997.0>@supervisor:report_progress/2:1568 Supervisor: {<0.997.0>,ranch_conns_sup_sup}. Started: id={ranch_conns_sup,10},pid=<0.1007.0>.
2026-09-11 20:14:32.327358+09:00 [info] <0.997.0>@supervisor:report_progress/2:1568 Supervisor: {<0.997.0>,ranch_conns_sup_sup}. Started: id={ranch_conns_sup,11},pid=<0.1008.0>.
2026-09-11 20:14:32.327397+09:00 [info] <0.997.0>@supervisor:report_progress/2:1568 Supervisor: {<0.997.0>,ranch_conns_sup_sup}. Started: id={ranch_conns_sup,12},pid=<0.1009.0>.
2026-09-11 20:14:32.327454+09:00 [info] <0.997.0>@supervisor:report_progress/2:1568 Supervisor: {<0.997.0>,ranch_conns_sup_sup}. Started: id={ranch_conns_sup,13},pid=<0.1010.0>.
2026-09-11 20:14:32.327493+09:00 [info] <0.997.0>@supervisor:report_progress/2:1568 Supervisor: {<0.997.0>,ranch_conns_sup_sup}. Started: id={ranch_conns_sup,14},pid=<0.1011.0>.
2026-09-11 20:14:32.327530+09:00 [info] <0.997.0>@supervisor:report_progress/2:1568 Supervisor: {<0.997.0>,ranch_conns_sup_sup}. Started: id={ranch_conns_sup,15},pid=<0.1012.0>.
2026-09-11 20:14:32.327591+09:00 [info] <0.997.0>@supervisor:report_progress/2:1568 Supervisor: {<0.997.0>,ranch_conns_sup_sup}. Started: id={ranch_conns_sup,16},pid=<0.1013.0>.
2026-09-11 20:14:32.327625+09:00 [info] <0.997.0>@supervisor:report_progress/2:1568 Supervisor: {<0.997.0>,ranch_conns_sup_sup}. Started: id={ranch_conns_sup,17},pid=<0.1014.0>.
2026-09-11 20:14:32.327676+09:00 [info] <0.997.0>@supervisor:report_progress/2:1568 Supervisor: {<0.997.0>,ranch_conns_sup_sup}. Started: id={ranch_conns_sup,18},pid=<0.1015.0>.
2026-09-11 20:14:32.327711+09:00 [info] <0.997.0>@supervisor:report_progress/2:1568 Supervisor: {<0.997.0>,ranch_conns_sup_sup}. Started: id={ranch_conns_sup,19},pid=<0.1016.0>.
2026-09-11 20:14:32.327771+09:00 [info] <0.997.0>@supervisor:report_progress/2:1568 Supervisor: {<0.997.0>,ranch_conns_sup_sup}. Started: id={ranch_conns_sup,20},pid=<0.1017.0>.
2026-09-11 20:14:32.327805+09:00 [info] <0.997.0>@supervisor:report_progress/2:1568 Supervisor: {<0.997.0>,ranch_conns_sup_sup}. Started: id={ranch_conns_sup,21},pid=<0.1018.0>.
2026-09-11 20:14:32.327855+09:00 [info] <0.997.0>@supervisor:report_progress/2:1568 Supervisor: {<0.997.0>,ranch_conns_sup_sup}. Started: id={ranch_conns_sup,22},pid=<0.1019.0>.
2026-09-11 20:14:32.327943+09:00 [info] <0.997.0>@supervisor:report_progress/2:1568 Supervisor: {<0.997.0>,ranch_conns_sup_sup}. Started: id={ranch_conns_sup,23},pid=<0.1020.0>.
2026-09-11 20:14:32.328052+09:00 [info] <0.997.0>@supervisor:report_progress/2:1568 Supervisor: {<0.997.0>,ranch_conns_sup_sup}. Started: id={ranch_conns_sup,24},pid=<0.1021.0>.
2026-09-11 20:14:32.328091+09:00 [info] <0.997.0>@supervisor:report_progress/2:1568 Supervisor: {<0.997.0>,ranch_conns_sup_sup}. Started: id={ranch_conns_sup,25},pid=<0.1022.0>.
2026-09-11 20:14:32.328127+09:00 [info] <0.997.0>@supervisor:report_progress/2:1568 Supervisor: {<0.997.0>,ranch_conns_sup_sup}. Started: id={ranch_conns_sup,26},pid=<0.1023.0>.
2026-09-11 20:14:32.328163+09:00 [info] <0.997.0>@supervisor:report_progress/2:1568 Supervisor: {<0.997.0>,ranch_conns_sup_sup}. Started: id={ranch_conns_sup,27},pid=<0.1024.0>.
2026-09-11 20:14:32.328249+09:00 [info] <0.997.0>@supervisor:report_progress/2:1568 Supervisor: {<0.997.0>,ranch_conns_sup_sup}. Started: id={ranch_conns_sup,28},pid=<0.1025.0>.
2026-09-11 20:14:32.328297+09:00 [info] <0.997.0>@supervisor:report_progress/2:1568 Supervisor: {<0.997.0>,ranch_conns_sup_sup}. Started: id={ranch_conns_sup,29},pid=<0.1026.0>.
2026-09-11 20:14:32.328366+09:00 [info] <0.997.0>@supervisor:report_progress/2:1568 Supervisor: {<0.997.0>,ranch_conns_sup_sup}. Started: id={ranch_conns_sup,30},pid=<0.1027.0>.
2026-09-11 20:14:32.328400+09:00 [info] <0.997.0>@supervisor:report_progress/2:1568 Supervisor: {<0.997.0>,ranch_conns_sup_sup}. Started: id={ranch_conns_sup,31},pid=<0.1028.0>.
2026-09-11 20:14:32.328437+09:00 [info] <0.997.0>@supervisor:report_progress/2:1568 Supervisor: {<0.997.0>,ranch_conns_sup_sup}. Started: id={ranch_conns_sup,32},pid=<0.1029.0>.
2026-09-11 20:14:32.328472+09:00 [info] <0.997.0>@supervisor:report_progress/2:1568 Supervisor: {<0.997.0>,ranch_conns_sup_sup}. Started: id={ranch_conns_sup,33},pid=<0.1030.0>.
2026-09-11 20:14:32.328577+09:00 [info] <0.997.0>@supervisor:report_progress/2:1568 Supervisor: {<0.997.0>,ranch_conns_sup_sup}. Started: id={ranch_conns_sup,34},pid=<0.1031.0>.
2026-09-11 20:14:32.328622+09:00 [info] <0.997.0>@supervisor:report_progress/2:1568 Supervisor: {<0.997.0>,ranch_conns_sup_sup}. Started: id={ranch_conns_sup,35},pid=<0.1032.0>.
2026-09-11 20:14:32.328673+09:00 [info] <0.997.0>@supervisor:report_progress/2:1568 Supervisor: {<0.997.0>,ranch_conns_sup_sup}. Started: id={ranch_conns_sup,36},pid=<0.1033.0>.
2026-09-11 20:14:32.328713+09:00 [info] <0.997.0>@supervisor:report_progress/2:1568 Supervisor: {<0.997.0>,ranch_conns_sup_sup}. Started: id={ranch_conns_sup,37},pid=<0.1034.0>.
2026-09-11 20:14:32.328749+09:00 [info] <0.997.0>@supervisor:report_progress/2:1568 Supervisor: {<0.997.0>,ranch_conns_sup_sup}. Started: id={ranch_conns_sup,38},pid=<0.1035.0>.
2026-09-11 20:14:32.328782+09:00 [info] <0.997.0>@supervisor:report_progress/2:1568 Supervisor: {<0.997.0>,ranch_conns_sup_sup}. Started: id={ranch_conns_sup,39},pid=<0.1036.0>.
2026-09-11 20:14:32.328853+09:00 [info] <0.997.0>@supervisor:report_progress/2:1568 Supervisor: {<0.997.0>,ranch_conns_sup_sup}. Started: id={ranch_conns_sup,40},pid=<0.1037.0>.
2026-09-11 20:14:32.328896+09:00 [info] <0.997.0>@supervisor:report_progress/2:1568 Supervisor: {<0.997.0>,ranch_conns_sup_sup}. Started: id={ranch_conns_sup,41},pid=<0.1038.0>.
2026-09-11 20:14:32.328937+09:00 [info] <0.997.0>@supervisor:report_progress/2:1568 Supervisor: {<0.997.0>,ranch_conns_sup_sup}. Started: id={ranch_conns_sup,42},pid=<0.1039.0>.
2026-09-11 20:14:32.329001+09:00 [info] <0.997.0>@supervisor:report_progress/2:1568 Supervisor: {<0.997.0>,ranch_conns_sup_sup}. Started: id={ranch_conns_sup,43},pid=<0.1040.0>.
2026-09-11 20:14:32.329059+09:00 [info] <0.997.0>@supervisor:report_progress/2:1568 Supervisor: {<0.997.0>,ranch_conns_sup_sup}. Started: id={ranch_conns_sup,44},pid=<0.1041.0>.
2026-09-11 20:14:32.329172+09:00 [info] <0.997.0>@supervisor:report_progress/2:1568 Supervisor: {<0.997.0>,ranch_conns_sup_sup}. Started: id={ranch_conns_sup,45},pid=<0.1042.0>.
2026-09-11 20:14:32.329251+09:00 [info] <0.997.0>@supervisor:report_progress/2:1568 Supervisor: {<0.997.0>,ranch_conns_sup_sup}. Started: id={ranch_conns_sup,46},pid=<0.1043.0>.
2026-09-11 20:14:32.329315+09:00 [info] <0.997.0>@supervisor:report_progress/2:1568 Supervisor: {<0.997.0>,ranch_conns_sup_sup}. Started: id={ranch_conns_sup,47},pid=<0.1044.0>.
2026-09-11 20:14:32.329356+09:00 [info] <0.997.0>@supervisor:report_progress/2:1568 Supervisor: {<0.997.0>,ranch_conns_sup_sup}. Started: id={ranch_conns_sup,48},pid=<0.1045.0>.
2026-09-11 20:14:32.329411+09:00 [info] <0.997.0>@supervisor:report_progress/2:1568 Supervisor: {<0.997.0>,ranch_conns_sup_sup}. Started: id={ranch_conns_sup,49},pid=<0.1046.0>.
2026-09-11 20:14:32.329449+09:00 [info] <0.997.0>@supervisor:report_progress/2:1568 Supervisor: {<0.997.0>,ranch_conns_sup_sup}. Started: id={ranch_conns_sup,50},pid=<0.1047.0>.
2026-09-11 20:14:32.329500+09:00 [info] <0.997.0>@supervisor:report_progress/2:1568 Supervisor: {<0.997.0>,ranch_conns_sup_sup}. Started: id={ranch_conns_sup,51},pid=<0.1048.0>.
2026-09-11 20:14:32.329536+09:00 [info] <0.997.0>@supervisor:report_progress/2:1568 Supervisor: {<0.997.0>,ranch_conns_sup_sup}. Started: id={ranch_conns_sup,52},pid=<0.1049.0>.
2026-09-11 20:14:32.329587+09:00 [info] <0.997.0>@supervisor:report_progress/2:1568 Supervisor: {<0.997.0>,ranch_conns_sup_sup}. Started: id={ranch_conns_sup,53},pid=<0.1050.0>.
2026-09-11 20:14:32.329623+09:00 [info] <0.997.0>@supervisor:report_progress/2:1568 Supervisor: {<0.997.0>,ranch_conns_sup_sup}. Started: id={ranch_conns_sup,54},pid=<0.1051.0>.
2026-09-11 20:14:32.329672+09:00 [info] <0.997.0>@supervisor:report_progress/2:1568 Supervisor: {<0.997.0>,ranch_conns_sup_sup}. Started: id={ranch_conns_sup,55},pid=<0.1052.0>.
2026-09-11 20:14:32.329708+09:00 [info] <0.997.0>@supervisor:report_progress/2:1568 Supervisor: {<0.997.0>,ranch_conns_sup_sup}. Started: id={ranch_conns_sup,56},pid=<0.1053.0>.
2026-09-11 20:14:32.329749+09:00 [info] <0.997.0>@supervisor:report_progress/2:1568 Supervisor: {<0.997.0>,ranch_conns_sup_sup}. Started: id={ranch_conns_sup,57},pid=<0.1054.0>.
2026-09-11 20:14:32.329788+09:00 [info] <0.997.0>@supervisor:report_progress/2:1568 Supervisor: {<0.997.0>,ranch_conns_sup_sup}. Started: id={ranch_conns_sup,58},pid=<0.1055.0>.
2026-09-11 20:14:32.329839+09:00 [info] <0.997.0>@supervisor:report_progress/2:1568 Supervisor: {<0.997.0>,ranch_conns_sup_sup}. Started: id={ranch_conns_sup,59},pid=<0.1056.0>.
2026-09-11 20:14:32.329884+09:00 [info] <0.997.0>@supervisor:report_progress/2:1568 Supervisor: {<0.997.0>,ranch_conns_sup_sup}. Started: id={ranch_conns_sup,60},pid=<0.1057.0>.
2026-09-11 20:14:32.329936+09:00 [info] <0.997.0>@supervisor:report_progress/2:1568 Supervisor: {<0.997.0>,ranch_conns_sup_sup}. Started: id={ranch_conns_sup,61},pid=<0.1058.0>.
2026-09-11 20:14:32.329973+09:00 [info] <0.997.0>@supervisor:report_progress/2:1568 Supervisor: {<0.997.0>,ranch_conns_sup_sup}. Started: id={ranch_conns_sup,62},pid=<0.1059.0>.
2026-09-11 20:14:32.330007+09:00 [info] <0.997.0>@supervisor:report_progress/2:1568 Supervisor: {<0.997.0>,ranch_conns_sup_sup}. Started: id={ranch_conns_sup,63},pid=<0.1060.0>.
2026-09-11 20:14:32.330044+09:00 [info] <0.997.0>@supervisor:report_progress/2:1568 Supervisor: {<0.997.0>,ranch_conns_sup_sup}. Started: id={ranch_conns_sup,64},pid=<0.1061.0>.
2026-09-11 20:14:32.330153+09:00 [info] <0.997.0>@supervisor:report_progress/2:1568 Supervisor: {<0.997.0>,ranch_conns_sup_sup}. Started: id={ranch_conns_sup,65},pid=<0.1062.0>.
2026-09-11 20:14:32.330228+09:00 [info] <0.997.0>@supervisor:report_progress/2:1568 Supervisor: {<0.997.0>,ranch_conns_sup_sup}. Started: id={ranch_conns_sup,66},pid=<0.1063.0>.
2026-09-11 20:14:32.330286+09:00 [info] <0.997.0>@supervisor:report_progress/2:1568 Supervisor: {<0.997.0>,ranch_conns_sup_sup}. Started: id={ranch_conns_sup,67},pid=<0.1064.0>.
2026-09-11 20:14:32.330324+09:00 [info] <0.997.0>@supervisor:report_progress/2:1568 Supervisor: {<0.997.0>,ranch_conns_sup_sup}. Started: id={ranch_conns_sup,68},pid=<0.1065.0>.
2026-09-11 20:14:32.330365+09:00 [info] <0.997.0>@supervisor:report_progress/2:1568 Supervisor: {<0.997.0>,ranch_conns_sup_sup}. Started: id={ranch_conns_sup,69},pid=<0.1066.0>.
2026-09-11 20:14:32.330437+09:00 [info] <0.997.0>@supervisor:report_progress/2:1568 Supervisor: {<0.997.0>,ranch_conns_sup_sup}. Started: id={ranch_conns_sup,70},pid=<0.1067.0>.
2026-09-11 20:14:32.330514+09:00 [info] <0.997.0>@supervisor:report_progress/2:1568 Supervisor: {<0.997.0>,ranch_conns_sup_sup}. Started: id={ranch_conns_sup,71},pid=<0.1068.0>.
2026-09-11 20:14:32.330555+09:00 [info] <0.997.0>@supervisor:report_progress/2:1568 Supervisor: {<0.997.0>,ranch_conns_sup_sup}. Started: id={ranch_conns_sup,72},pid=<0.1069.0>.
2026-09-11 20:14:32.330596+09:00 [info] <0.997.0>@supervisor:report_progress/2:1568 Supervisor: {<0.997.0>,ranch_conns_sup_sup}. Started: id={ranch_conns_sup,73},pid=<0.1070.0>.
2026-09-11 20:14:32.330645+09:00 [info] <0.997.0>@supervisor:report_progress/2:1568 Supervisor: {<0.997.0>,ranch_conns_sup_sup}. Started: id={ranch_conns_sup,74},pid=<0.1071.0>.
2026-09-11 20:14:32.330685+09:00 [info] <0.997.0>@supervisor:report_progress/2:1568 Supervisor: {<0.997.0>,ranch_conns_sup_sup}. Started: id={ranch_conns_sup,75},pid=<0.1072.0>.
2026-09-11 20:14:32.330758+09:00 [info] <0.997.0>@supervisor:report_progress/2:1568 Supervisor: {<0.997.0>,ranch_conns_sup_sup}. Started: id={ranch_conns_sup,76},pid=<0.1073.0>.
2026-09-11 20:14:32.330803+09:00 [info] <0.997.0>@supervisor:report_progress/2:1568 Supervisor: {<0.997.0>,ranch_conns_sup_sup}. Started: id={ranch_conns_sup,77},pid=<0.1074.0>.
2026-09-11 20:14:32.330852+09:00 [info] <0.997.0>@supervisor:report_progress/2:1568 Supervisor: {<0.997.0>,ranch_conns_sup_sup}. Started: id={ranch_conns_sup,78},pid=<0.1075.0>.
2026-09-11 20:14:32.330897+09:00 [info] <0.997.0>@supervisor:report_progress/2:1568 Supervisor: {<0.997.0>,ranch_conns_sup_sup}. Started: id={ranch_conns_sup,79},pid=<0.1076.0>.
2026-09-11 20:14:32.330946+09:00 [info] <0.997.0>@supervisor:report_progress/2:1568 Supervisor: {<0.997.0>,ranch_conns_sup_sup}. Started: id={ranch_conns_sup,80},pid=<0.1077.0>.
2026-09-11 20:14:32.330984+09:00 [info] <0.997.0>@supervisor:report_progress/2:1568 Supervisor: {<0.997.0>,ranch_conns_sup_sup}. Started: id={ranch_conns_sup,81},pid=<0.1078.0>.
2026-09-11 20:14:32.331034+09:00 [info] <0.997.0>@supervisor:report_progress/2:1568 Supervisor: {<0.997.0>,ranch_conns_sup_sup}. Started: id={ranch_conns_sup,82},pid=<0.1079.0>.
2026-09-11 20:14:32.331071+09:00 [info] <0.997.0>@supervisor:report_progress/2:1568 Supervisor: {<0.997.0>,ranch_conns_sup_sup}. Started: id={ranch_conns_sup,83},pid=<0.1080.0>.
2026-09-11 20:14:32.331124+09:00 [info] <0.997.0>@supervisor:report_progress/2:1568 Supervisor: {<0.997.0>,ranch_conns_sup_sup}. Started: id={ranch_conns_sup,84},pid=<0.1081.0>.
2026-09-11 20:14:32.331164+09:00 [info] <0.997.0>@supervisor:report_progress/2:1568 Supervisor: {<0.997.0>,ranch_conns_sup_sup}. Started: id={ranch_conns_sup,85},pid=<0.1082.0>.
2026-09-11 20:14:32.331263+09:00 [info] <0.997.0>@supervisor:report_progress/2:1568 Supervisor: {<0.997.0>,ranch_conns_sup_sup}. Started: id={ranch_conns_sup,86},pid=<0.1083.0>.
2026-09-11 20:14:32.331354+09:00 [info] <0.997.0>@supervisor:report_progress/2:1568 Supervisor: {<0.997.0>,ranch_conns_sup_sup}. Started: id={ranch_conns_sup,87},pid=<0.1084.0>.
2026-09-11 20:14:32.331447+09:00 [info] <0.997.0>@supervisor:report_progress/2:1568 Supervisor: {<0.997.0>,ranch_conns_sup_sup}. Started: id={ranch_conns_sup,88},pid=<0.1085.0>.
2026-09-11 20:14:32.331497+09:00 [info] <0.997.0>@supervisor:report_progress/2:1568 Supervisor: {<0.997.0>,ranch_conns_sup_sup}. Started: id={ranch_conns_sup,89},pid=<0.1086.0>.
2026-09-11 20:14:32.331612+09:00 [info] <0.997.0>@supervisor:report_progress/2:1568 Supervisor: {<0.997.0>,ranch_conns_sup_sup}. Started: id={ranch_conns_sup,90},pid=<0.1087.0>.
2026-09-11 20:14:32.331667+09:00 [info] <0.997.0>@supervisor:report_progress/2:1568 Supervisor: {<0.997.0>,ranch_conns_sup_sup}. Started: id={ranch_conns_sup,91},pid=<0.1088.0>.
2026-09-11 20:14:32.331720+09:00 [info] <0.997.0>@supervisor:report_progress/2:1568 Supervisor: {<0.997.0>,ranch_conns_sup_sup}. Started: id={ranch_conns_sup,92},pid=<0.1089.0>.
2026-09-11 20:14:32.331772+09:00 [info] <0.997.0>@supervisor:report_progress/2:1568 Supervisor: {<0.997.0>,ranch_conns_sup_sup}. Started: id={ranch_conns_sup,93},pid=<0.1090.0>.
2026-09-11 20:14:32.331861+09:00 [info] <0.997.0>@supervisor:report_progress/2:1568 Supervisor: {<0.997.0>,ranch_conns_sup_sup}. Started: id={ranch_conns_sup,94},pid=<0.1091.0>.
2026-09-11 20:14:32.331915+09:00 [info] <0.997.0>@supervisor:report_progress/2:1568 Supervisor: {<0.997.0>,ranch_conns_sup_sup}. Started: id={ranch_conns_sup,95},pid=<0.1092.0>.
2026-09-11 20:14:32.331971+09:00 [info] <0.997.0>@supervisor:report_progress/2:1568 Supervisor: {<0.997.0>,ranch_conns_sup_sup}. Started: id={ranch_conns_sup,96},pid=<0.1093.0>.
2026-09-11 20:14:32.332015+09:00 [info] <0.997.0>@supervisor:report_progress/2:1568 Supervisor: {<0.997.0>,ranch_conns_sup_sup}. Started: id={ranch_conns_sup,97},pid=<0.1094.0>.
2026-09-11 20:14:32.332052+09:00 [info] <0.997.0>@supervisor:report_progress/2:1568 Supervisor: {<0.997.0>,ranch_conns_sup_sup}. Started: id={ranch_conns_sup,98},pid=<0.1095.0>.
2026-09-11 20:14:32.332090+09:00 [info] <0.997.0>@supervisor:report_progress/2:1568 Supervisor: {<0.997.0>,ranch_conns_sup_sup}. Started: id={ranch_conns_sup,99},pid=<0.1096.0>.
2026-09-11 20:14:32.332158+09:00 [info] <0.997.0>@supervisor:report_progress/2:1568 Supervisor: {<0.997.0>,ranch_conns_sup_sup}. Started: id={ranch_conns_sup,100},pid=<0.1097.0>.
2026-09-11 20:14:32.332285+09:00 [info] <0.996.0>@supervisor:report_progress/2:1568 Supervisor: {<0.996.0>,ranch_listener_sup}. Started: id=ranch_conns_sup_sup,pid=<0.997.0>.
2026-09-11 20:14:32.336040+09:00 [info] <0.1098.0>@supervisor:report_progress/2:1568 Supervisor: {<0.1098.0>,ranch_acceptors_sup}. Started: id={acceptor,<0.1098.0>,1},pid=<0.1099.0>.
2026-09-11 20:14:32.336289+09:00 [info] <0.1098.0>@supervisor:report_progress/2:1568 Supervisor: {<0.1098.0>,ranch_acceptors_sup}. Started: id={acceptor,<0.1098.0>,2},pid=<0.1100.0>.
2026-09-11 20:14:32.336420+09:00 [info] <0.1098.0>@supervisor:report_progress/2:1568 Supervisor: {<0.1098.0>,ranch_acceptors_sup}. Started: id={acceptor,<0.1098.0>,3},pid=<0.1101.0>.
2026-09-11 20:14:32.336495+09:00 [info] <0.1098.0>@supervisor:report_progress/2:1568 Supervisor: {<0.1098.0>,ranch_acceptors_sup}. Started: id={acceptor,<0.1098.0>,4},pid=<0.1102.0>.
2026-09-11 20:14:32.336611+09:00 [info] <0.1098.0>@supervisor:report_progress/2:1568 Supervisor: {<0.1098.0>,ranch_acceptors_sup}. Started: id={acceptor,<0.1098.0>,5},pid=<0.1103.0>.
2026-09-11 20:14:32.336787+09:00 [info] <0.1098.0>@supervisor:report_progress/2:1568 Supervisor: {<0.1098.0>,ranch_acceptors_sup}. Started: id={acceptor,<0.1098.0>,6},pid=<0.1104.0>.
2026-09-11 20:14:32.336904+09:00 [info] <0.1098.0>@supervisor:report_progress/2:1568 Supervisor: {<0.1098.0>,ranch_acceptors_sup}. Started: id={acceptor,<0.1098.0>,7},pid=<0.1105.0>.
2026-09-11 20:14:32.337015+09:00 [info] <0.1098.0>@supervisor:report_progress/2:1568 Supervisor: {<0.1098.0>,ranch_acceptors_sup}. Started: id={acceptor,<0.1098.0>,8},pid=<0.1106.0>.
2026-09-11 20:14:32.337117+09:00 [info] <0.1098.0>@supervisor:report_progress/2:1568 Supervisor: {<0.1098.0>,ranch_acceptors_sup}. Started: id={acceptor,<0.1098.0>,9},pid=<0.1107.0>.
2026-09-11 20:14:32.337242+09:00 [info] <0.1098.0>@supervisor:report_progress/2:1568 Supervisor: {<0.1098.0>,ranch_acceptors_sup}. Started: id={acceptor,<0.1098.0>,10},pid=<0.1108.0>.
2026-09-11 20:14:32.337343+09:00 [info] <0.1098.0>@supervisor:report_progress/2:1568 Supervisor: {<0.1098.0>,ranch_acceptors_sup}. Started: id={acceptor,<0.1098.0>,11},pid=<0.1109.0>.
2026-09-11 20:14:32.337406+09:00 [info] <0.1098.0>@supervisor:report_progress/2:1568 Supervisor: {<0.1098.0>,ranch_acceptors_sup}. Started: id={acceptor,<0.1098.0>,12},pid=<0.1110.0>.
2026-09-11 20:14:32.337480+09:00 [info] <0.1098.0>@supervisor:report_progress/2:1568 Supervisor: {<0.1098.0>,ranch_acceptors_sup}. Started: id={acceptor,<0.1098.0>,13},pid=<0.1111.0>.
2026-09-11 20:14:32.337536+09:00 [info] <0.1098.0>@supervisor:report_progress/2:1568 Supervisor: {<0.1098.0>,ranch_acceptors_sup}. Started: id={acceptor,<0.1098.0>,14},pid=<0.1112.0>.
2026-09-11 20:14:32.337649+09:00 [info] <0.1098.0>@supervisor:report_progress/2:1568 Supervisor: {<0.1098.0>,ranch_acceptors_sup}. Started: id={acceptor,<0.1098.0>,15},pid=<0.1113.0>.
2026-09-11 20:14:32.337736+09:00 [info] <0.1098.0>@supervisor:report_progress/2:1568 Supervisor: {<0.1098.0>,ranch_acceptors_sup}. Started: id={acceptor,<0.1098.0>,16},pid=<0.1114.0>.
2026-09-11 20:14:32.337819+09:00 [info] <0.1098.0>@supervisor:report_progress/2:1568 Supervisor: {<0.1098.0>,ranch_acceptors_sup}. Started: id={acceptor,<0.1098.0>,17},pid=<0.1115.0>.
2026-09-11 20:14:32.337938+09:00 [info] <0.1098.0>@supervisor:report_progress/2:1568 Supervisor: {<0.1098.0>,ranch_acceptors_sup}. Started: id={acceptor,<0.1098.0>,18},pid=<0.1116.0>.
2026-09-11 20:14:32.338030+09:00 [info] <0.1098.0>@supervisor:report_progress/2:1568 Supervisor: {<0.1098.0>,ranch_acceptors_sup}. Started: id={acceptor,<0.1098.0>,19},pid=<0.1117.0>.
2026-09-11 20:14:32.338140+09:00 [info] <0.1098.0>@supervisor:report_progress/2:1568 Supervisor: {<0.1098.0>,ranch_acceptors_sup}. Started: id={acceptor,<0.1098.0>,20},pid=<0.1118.0>.
2026-09-11 20:14:32.338226+09:00 [info] <0.1098.0>@supervisor:report_progress/2:1568 Supervisor: {<0.1098.0>,ranch_acceptors_sup}. Started: id={acceptor,<0.1098.0>,21},pid=<0.1119.0>.
2026-09-11 20:14:32.338308+09:00 [info] <0.1098.0>@supervisor:report_progress/2:1568 Supervisor: {<0.1098.0>,ranch_acceptors_sup}. Started: id={acceptor,<0.1098.0>,22},pid=<0.1120.0>.
2026-09-11 20:14:32.338408+09:00 [info] <0.1098.0>@supervisor:report_progress/2:1568 Supervisor: {<0.1098.0>,ranch_acceptors_sup}. Started: id={acceptor,<0.1098.0>,23},pid=<0.1121.0>.
2026-09-11 20:14:32.338537+09:00 [info] <0.1098.0>@supervisor:report_progress/2:1568 Supervisor: {<0.1098.0>,ranch_acceptors_sup}. Started: id={acceptor,<0.1098.0>,24},pid=<0.1122.0>.
2026-09-11 20:14:32.338645+09:00 [info] <0.1098.0>@supervisor:report_progress/2:1568 Supervisor: {<0.1098.0>,ranch_acceptors_sup}. Started: id={acceptor,<0.1098.0>,25},pid=<0.1123.0>.
2026-09-11 20:14:32.338745+09:00 [info] <0.1098.0>@supervisor:report_progress/2:1568 Supervisor: {<0.1098.0>,ranch_acceptors_sup}. Started: id={acceptor,<0.1098.0>,26},pid=<0.1124.0>.
2026-09-11 20:14:32.338835+09:00 [info] <0.1098.0>@supervisor:report_progress/2:1568 Supervisor: {<0.1098.0>,ranch_acceptors_sup}. Started: id={acceptor,<0.1098.0>,27},pid=<0.1125.0>.
2026-09-11 20:14:32.338931+09:00 [info] <0.1098.0>@supervisor:report_progress/2:1568 Supervisor: {<0.1098.0>,ranch_acceptors_sup}. Started: id={acceptor,<0.1098.0>,28},pid=<0.1126.0>.
2026-09-11 20:14:32.338994+09:00 [info] <0.1098.0>@supervisor:report_progress/2:1568 Supervisor: {<0.1098.0>,ranch_acceptors_sup}. Started: id={acceptor,<0.1098.0>,29},pid=<0.1127.0>.
2026-09-11 20:14:32.339087+09:00 [info] <0.1098.0>@supervisor:report_progress/2:1568 Supervisor: {<0.1098.0>,ranch_acceptors_sup}. Started: id={acceptor,<0.1098.0>,30},pid=<0.1128.0>.
2026-09-11 20:14:32.339187+09:00 [info] <0.1098.0>@supervisor:report_progress/2:1568 Supervisor: {<0.1098.0>,ranch_acceptors_sup}. Started: id={acceptor,<0.1098.0>,31},pid=<0.1129.0>.
2026-09-11 20:14:32.339273+09:00 [info] <0.1098.0>@supervisor:report_progress/2:1568 Supervisor: {<0.1098.0>,ranch_acceptors_sup}. Started: id={acceptor,<0.1098.0>,32},pid=<0.1130.0>.
2026-09-11 20:14:32.339373+09:00 [info] <0.1098.0>@supervisor:report_progress/2:1568 Supervisor: {<0.1098.0>,ranch_acceptors_sup}. Started: id={acceptor,<0.1098.0>,33},pid=<0.1131.0>.
2026-09-11 20:14:32.339461+09:00 [info] <0.1098.0>@supervisor:report_progress/2:1568 Supervisor: {<0.1098.0>,ranch_acceptors_sup}. Started: id={acceptor,<0.1098.0>,34},pid=<0.1132.0>.
2026-09-11 20:14:32.339561+09:00 [info] <0.1098.0>@supervisor:report_progress/2:1568 Supervisor: {<0.1098.0>,ranch_acceptors_sup}. Started: id={acceptor,<0.1098.0>,35},pid=<0.1133.0>.
2026-09-11 20:14:32.339659+09:00 [info] <0.1098.0>@supervisor:report_progress/2:1568 Supervisor: {<0.1098.0>,ranch_acceptors_sup}. Started: id={acceptor,<0.1098.0>,36},pid=<0.1134.0>.
2026-09-11 20:14:32.339745+09:00 [info] <0.1098.0>@supervisor:report_progress/2:1568 Supervisor: {<0.1098.0>,ranch_acceptors_sup}. Started: id={acceptor,<0.1098.0>,37},pid=<0.1135.0>.
2026-09-11 20:14:32.339862+09:00 [info] <0.1098.0>@supervisor:report_progress/2:1568 Supervisor: {<0.1098.0>,ranch_acceptors_sup}. Started: id={acceptor,<0.1098.0>,38},pid=<0.1136.0>.
2026-09-11 20:14:32.339949+09:00 [info] <0.1098.0>@supervisor:report_progress/2:1568 Supervisor: {<0.1098.0>,ranch_acceptors_sup}. Started: id={acceptor,<0.1098.0>,39},pid=<0.1137.0>.
2026-09-11 20:14:32.340044+09:00 [info] <0.1098.0>@supervisor:report_progress/2:1568 Supervisor: {<0.1098.0>,ranch_acceptors_sup}. Started: id={acceptor,<0.1098.0>,40},pid=<0.1138.0>.
2026-09-11 20:14:32.340435+09:00 [info] <0.1098.0>@supervisor:report_progress/2:1568 Supervisor: {<0.1098.0>,ranch_acceptors_sup}. Started: id={acceptor,<0.1098.0>,41},pid=<0.1139.0>.
2026-09-11 20:14:32.340646+09:00 [info] <0.1098.0>@supervisor:report_progress/2:1568 Supervisor: {<0.1098.0>,ranch_acceptors_sup}. Started: id={acceptor,<0.1098.0>,42},pid=<0.1140.0>.
2026-09-11 20:14:32.340831+09:00 [info] <0.1098.0>@supervisor:report_progress/2:1568 Supervisor: {<0.1098.0>,ranch_acceptors_sup}. Started: id={acceptor,<0.1098.0>,43},pid=<0.1141.0>.
2026-09-11 20:14:32.340943+09:00 [info] <0.1098.0>@supervisor:report_progress/2:1568 Supervisor: {<0.1098.0>,ranch_acceptors_sup}. Started: id={acceptor,<0.1098.0>,44},pid=<0.1142.0>.
2026-09-11 20:14:32.341087+09:00 [info] <0.1098.0>@supervisor:report_progress/2:1568 Supervisor: {<0.1098.0>,ranch_acceptors_sup}. Started: id={acceptor,<0.1098.0>,45},pid=<0.1143.0>.
2026-09-11 20:14:32.341229+09:00 [info] <0.1098.0>@supervisor:report_progress/2:1568 Supervisor: {<0.1098.0>,ranch_acceptors_sup}. Started: id={acceptor,<0.1098.0>,46},pid=<0.1144.0>.
2026-09-11 20:14:32.341413+09:00 [info] <0.1098.0>@supervisor:report_progress/2:1568 Supervisor: {<0.1098.0>,ranch_acceptors_sup}. Started: id={acceptor,<0.1098.0>,47},pid=<0.1145.0>.
2026-09-11 20:14:32.341670+09:00 [info] <0.1098.0>@supervisor:report_progress/2:1568 Supervisor: {<0.1098.0>,ranch_acceptors_sup}. Started: id={acceptor,<0.1098.0>,48},pid=<0.1146.0>.
2026-09-11 20:14:32.341802+09:00 [info] <0.1098.0>@supervisor:report_progress/2:1568 Supervisor: {<0.1098.0>,ranch_acceptors_sup}. Started: id={acceptor,<0.1098.0>,49},pid=<0.1147.0>.
2026-09-11 20:14:32.341902+09:00 [info] <0.1098.0>@supervisor:report_progress/2:1568 Supervisor: {<0.1098.0>,ranch_acceptors_sup}. Started: id={acceptor,<0.1098.0>,50},pid=<0.1148.0>.
2026-09-11 20:14:32.341991+09:00 [info] <0.1098.0>@supervisor:report_progress/2:1568 Supervisor: {<0.1098.0>,ranch_acceptors_sup}. Started: id={acceptor,<0.1098.0>,51},pid=<0.1149.0>.
2026-09-11 20:14:32.342082+09:00 [info] <0.1098.0>@supervisor:report_progress/2:1568 Supervisor: {<0.1098.0>,ranch_acceptors_sup}. Started: id={acceptor,<0.1098.0>,52},pid=<0.1150.0>.
2026-09-11 20:14:32.342177+09:00 [info] <0.1098.0>@supervisor:report_progress/2:1568 Supervisor: {<0.1098.0>,ranch_acceptors_sup}. Started: id={acceptor,<0.1098.0>,53},pid=<0.1151.0>.
2026-09-11 20:14:32.342272+09:00 [info] <0.1098.0>@supervisor:report_progress/2:1568 Supervisor: {<0.1098.0>,ranch_acceptors_sup}. Started: id={acceptor,<0.1098.0>,54},pid=<0.1152.0>.
2026-09-11 20:14:32.342383+09:00 [info] <0.1098.0>@supervisor:report_progress/2:1568 Supervisor: {<0.1098.0>,ranch_acceptors_sup}. Started: id={acceptor,<0.1098.0>,55},pid=<0.1153.0>.
2026-09-11 20:14:32.342465+09:00 [info] <0.1098.0>@supervisor:report_progress/2:1568 Supervisor: {<0.1098.0>,ranch_acceptors_sup}. Started: id={acceptor,<0.1098.0>,56},pid=<0.1154.0>.
2026-09-11 20:14:32.342641+09:00 [info] <0.1098.0>@supervisor:report_progress/2:1568 Supervisor: {<0.1098.0>,ranch_acceptors_sup}. Started: id={acceptor,<0.1098.0>,57},pid=<0.1155.0>.
2026-09-11 20:14:32.342883+09:00 [info] <0.1098.0>@supervisor:report_progress/2:1568 Supervisor: {<0.1098.0>,ranch_acceptors_sup}. Started: id={acceptor,<0.1098.0>,58},pid=<0.1156.0>.
2026-09-11 20:14:32.343009+09:00 [info] <0.1098.0>@supervisor:report_progress/2:1568 Supervisor: {<0.1098.0>,ranch_acceptors_sup}. Started: id={acceptor,<0.1098.0>,59},pid=<0.1157.0>.
2026-09-11 20:14:32.343100+09:00 [info] <0.1098.0>@supervisor:report_progress/2:1568 Supervisor: {<0.1098.0>,ranch_acceptors_sup}. Started: id={acceptor,<0.1098.0>,60},pid=<0.1158.0>.
2026-09-11 20:14:32.343179+09:00 [info] <0.1098.0>@supervisor:report_progress/2:1568 Supervisor: {<0.1098.0>,ranch_acceptors_sup}. Started: id={acceptor,<0.1098.0>,61},pid=<0.1159.0>.
2026-09-11 20:14:32.343237+09:00 [info] <0.1098.0>@supervisor:report_progress/2:1568 Supervisor: {<0.1098.0>,ranch_acceptors_sup}. Started: id={acceptor,<0.1098.0>,62},pid=<0.1160.0>.
2026-09-11 20:14:32.343331+09:00 [info] <0.1098.0>@supervisor:report_progress/2:1568 Supervisor: {<0.1098.0>,ranch_acceptors_sup}. Started: id={acceptor,<0.1098.0>,63},pid=<0.1161.0>.
2026-09-11 20:14:32.343444+09:00 [info] <0.1098.0>@supervisor:report_progress/2:1568 Supervisor: {<0.1098.0>,ranch_acceptors_sup}. Started: id={acceptor,<0.1098.0>,64},pid=<0.1162.0>.
2026-09-11 20:14:32.343580+09:00 [info] <0.1098.0>@supervisor:report_progress/2:1568 Supervisor: {<0.1098.0>,ranch_acceptors_sup}. Started: id={acceptor,<0.1098.0>,65},pid=<0.1163.0>.
2026-09-11 20:14:32.343708+09:00 [info] <0.1098.0>@supervisor:report_progress/2:1568 Supervisor: {<0.1098.0>,ranch_acceptors_sup}. Started: id={acceptor,<0.1098.0>,66},pid=<0.1164.0>.
2026-09-11 20:14:32.343803+09:00 [info] <0.1098.0>@supervisor:report_progress/2:1568 Supervisor: {<0.1098.0>,ranch_acceptors_sup}. Started: id={acceptor,<0.1098.0>,67},pid=<0.1165.0>.
2026-09-11 20:14:32.343886+09:00 [info] <0.1098.0>@supervisor:report_progress/2:1568 Supervisor: {<0.1098.0>,ranch_acceptors_sup}. Started: id={acceptor,<0.1098.0>,68},pid=<0.1166.0>.
2026-09-11 20:14:32.343939+09:00 [info] <0.1098.0>@supervisor:report_progress/2:1568 Supervisor: {<0.1098.0>,ranch_acceptors_sup}. Started: id={acceptor,<0.1098.0>,69},pid=<0.1167.0>.
2026-09-11 20:14:32.344004+09:00 [info] <0.1098.0>@supervisor:report_progress/2:1568 Supervisor: {<0.1098.0>,ranch_acceptors_sup}. Started: id={acceptor,<0.1098.0>,70},pid=<0.1168.0>.
2026-09-11 20:14:32.344073+09:00 [info] <0.1098.0>@supervisor:report_progress/2:1568 Supervisor: {<0.1098.0>,ranch_acceptors_sup}. Started: id={acceptor,<0.1098.0>,71},pid=<0.1169.0>.
2026-09-11 20:14:32.344126+09:00 [info] <0.1098.0>@supervisor:report_progress/2:1568 Supervisor: {<0.1098.0>,ranch_acceptors_sup}. Started: id={acceptor,<0.1098.0>,72},pid=<0.1170.0>.
2026-09-11 20:14:32.344194+09:00 [info] <0.1098.0>@supervisor:report_progress/2:1568 Supervisor: {<0.1098.0>,ranch_acceptors_sup}. Started: id={acceptor,<0.1098.0>,73},pid=<0.1171.0>.
2026-09-11 20:14:32.344245+09:00 [info] <0.1098.0>@supervisor:report_progress/2:1568 Supervisor: {<0.1098.0>,ranch_acceptors_sup}. Started: id={acceptor,<0.1098.0>,74},pid=<0.1172.0>.
2026-09-11 20:14:32.344305+09:00 [info] <0.1098.0>@supervisor:report_progress/2:1568 Supervisor: {<0.1098.0>,ranch_acceptors_sup}. Started: id={acceptor,<0.1098.0>,75},pid=<0.1173.0>.
2026-09-11 20:14:32.344368+09:00 [info] <0.1098.0>@supervisor:report_progress/2:1568 Supervisor: {<0.1098.0>,ranch_acceptors_sup}. Started: id={acceptor,<0.1098.0>,76},pid=<0.1174.0>.
2026-09-11 20:14:32.344420+09:00 [info] <0.1098.0>@supervisor:report_progress/2:1568 Supervisor: {<0.1098.0>,ranch_acceptors_sup}. Started: id={acceptor,<0.1098.0>,77},pid=<0.1175.0>.
2026-09-11 20:14:32.344482+09:00 [info] <0.1098.0>@supervisor:report_progress/2:1568 Supervisor: {<0.1098.0>,ranch_acceptors_sup}. Started: id={acceptor,<0.1098.0>,78},pid=<0.1176.0>.
2026-09-11 20:14:32.344532+09:00 [info] <0.1098.0>@supervisor:report_progress/2:1568 Supervisor: {<0.1098.0>,ranch_acceptors_sup}. Started: id={acceptor,<0.1098.0>,79},pid=<0.1177.0>.
2026-09-11 20:14:32.344592+09:00 [info] <0.1098.0>@supervisor:report_progress/2:1568 Supervisor: {<0.1098.0>,ranch_acceptors_sup}. Started: id={acceptor,<0.1098.0>,80},pid=<0.1178.0>.
2026-09-11 20:14:32.344658+09:00 [info] <0.1098.0>@supervisor:report_progress/2:1568 Supervisor: {<0.1098.0>,ranch_acceptors_sup}. Started: id={acceptor,<0.1098.0>,81},pid=<0.1179.0>.
2026-09-11 20:14:32.344707+09:00 [info] <0.1098.0>@supervisor:report_progress/2:1568 Supervisor: {<0.1098.0>,ranch_acceptors_sup}. Started: id={acceptor,<0.1098.0>,82},pid=<0.1180.0>.
2026-09-11 20:14:32.344768+09:00 [info] <0.1098.0>@supervisor:report_progress/2:1568 Supervisor: {<0.1098.0>,ranch_acceptors_sup}. Started: id={acceptor,<0.1098.0>,83},pid=<0.1181.0>.
2026-09-11 20:14:32.344822+09:00 [info] <0.1098.0>@supervisor:report_progress/2:1568 Supervisor: {<0.1098.0>,ranch_acceptors_sup}. Started: id={acceptor,<0.1098.0>,84},pid=<0.1182.0>.
2026-09-11 20:14:32.344903+09:00 [info] <0.1098.0>@supervisor:report_progress/2:1568 Supervisor: {<0.1098.0>,ranch_acceptors_sup}. Started: id={acceptor,<0.1098.0>,85},pid=<0.1183.0>.
2026-09-11 20:14:32.344990+09:00 [info] <0.1098.0>@supervisor:report_progress/2:1568 Supervisor: {<0.1098.0>,ranch_acceptors_sup}. Started: id={acceptor,<0.1098.0>,86},pid=<0.1184.0>.
2026-09-11 20:14:32.345046+09:00 [info] <0.1098.0>@supervisor:report_progress/2:1568 Supervisor: {<0.1098.0>,ranch_acceptors_sup}. Started: id={acceptor,<0.1098.0>,87},pid=<0.1185.0>.
2026-09-11 20:14:32.345114+09:00 [info] <0.1098.0>@supervisor:report_progress/2:1568 Supervisor: {<0.1098.0>,ranch_acceptors_sup}. Started: id={acceptor,<0.1098.0>,88},pid=<0.1186.0>.
2026-09-11 20:14:32.345165+09:00 [info] <0.1098.0>@supervisor:report_progress/2:1568 Supervisor: {<0.1098.0>,ranch_acceptors_sup}. Started: id={acceptor,<0.1098.0>,89},pid=<0.1187.0>.
2026-09-11 20:14:32.345246+09:00 [info] <0.1098.0>@supervisor:report_progress/2:1568 Supervisor: {<0.1098.0>,ranch_acceptors_sup}. Started: id={acceptor,<0.1098.0>,90},pid=<0.1188.0>.
2026-09-11 20:14:32.345314+09:00 [info] <0.1098.0>@supervisor:report_progress/2:1568 Supervisor: {<0.1098.0>,ranch_acceptors_sup}. Started: id={acceptor,<0.1098.0>,91},pid=<0.1189.0>.
2026-09-11 20:14:32.345365+09:00 [info] <0.1098.0>@supervisor:report_progress/2:1568 Supervisor: {<0.1098.0>,ranch_acceptors_sup}. Started: id={acceptor,<0.1098.0>,92},pid=<0.1190.0>.
2026-09-11 20:14:32.345433+09:00 [info] <0.1098.0>@supervisor:report_progress/2:1568 Supervisor: {<0.1098.0>,ranch_acceptors_sup}. Started: id={acceptor,<0.1098.0>,93},pid=<0.1191.0>.
2026-09-11 20:14:32.345485+09:00 [info] <0.1098.0>@supervisor:report_progress/2:1568 Supervisor: {<0.1098.0>,ranch_acceptors_sup}. Started: id={acceptor,<0.1098.0>,94},pid=<0.1192.0>.
2026-09-11 20:14:32.345548+09:00 [info] <0.1098.0>@supervisor:report_progress/2:1568 Supervisor: {<0.1098.0>,ranch_acceptors_sup}. Started: id={acceptor,<0.1098.0>,95},pid=<0.1193.0>.
2026-09-11 20:14:32.345610+09:00 [info] <0.1098.0>@supervisor:report_progress/2:1568 Supervisor: {<0.1098.0>,ranch_acceptors_sup}. Started: id={acceptor,<0.1098.0>,96},pid=<0.1194.0>.
2026-09-11 20:14:32.345661+09:00 [info] <0.1098.0>@supervisor:report_progress/2:1568 Supervisor: {<0.1098.0>,ranch_acceptors_sup}. Started: id={acceptor,<0.1098.0>,97},pid=<0.1195.0>.
2026-09-11 20:14:32.345723+09:00 [info] <0.1098.0>@supervisor:report_progress/2:1568 Supervisor: {<0.1098.0>,ranch_acceptors_sup}. Started: id={acceptor,<0.1098.0>,98},pid=<0.1196.0>.
2026-09-11 20:14:32.345775+09:00 [info] <0.1098.0>@supervisor:report_progress/2:1568 Supervisor: {<0.1098.0>,ranch_acceptors_sup}. Started: id={acceptor,<0.1098.0>,99},pid=<0.1197.0>.
2026-09-11 20:14:32.345836+09:00 [info] <0.1098.0>@supervisor:report_progress/2:1568 Supervisor: {<0.1098.0>,ranch_acceptors_sup}. Started: id={acceptor,<0.1098.0>,100},pid=<0.1198.0>.
2026-09-11 20:14:32.345912+09:00 [info] <0.996.0>@supervisor:report_progress/2:1568 Supervisor: {<0.996.0>,ranch_listener_sup}. Started: id=ranch_acceptors_sup,pid=<0.1098.0>.
2026-09-11 20:14:32.346010+09:00 [info] <0.618.0>@supervisor:report_progress/2:1568 Supervisor: {local,ranch_sup}. Started: id={ranch_listener_sup,{[49,50,55,46,48,46,48,46,49],9080}},pid=<0.996.0>.
2026-09-11 20:14:32.346094+09:00 [info] <0.994.0>@riak_core_service_mgr:start_dispatcher/3:524 Service manager: listening on 127.0.0.1:9080
2026-09-11 20:14:32.346284+09:00 [info] <0.993.0>@supervisor:report_progress/2:1568 Supervisor: {local,riak_core_cluster_mgr_sup}. Started: id=riak_core_service_mgr,pid=<0.994.0>.
2026-09-11 20:14:32.349590+09:00 [info] <0.993.0>@supervisor:report_progress/2:1568 Supervisor: {local,riak_core_cluster_mgr_sup}. Started: id=riak_core_connection_mgr,pid=<0.1199.0>.
2026-09-11 20:14:32.351471+09:00 [info] <0.993.0>@supervisor:report_progress/2:1568 Supervisor: {local,riak_core_cluster_mgr_sup}. Started: id=riak_core_cluster_conn_sup,pid=<0.1200.0>.
2026-09-11 20:14:32.355638+09:00 [info] <0.1201.0>@riak_core_cluster_mgr:become_leader/2:706 ClusterManager: 'openriak-kv@node-01.cluster-a.openriak' becoming the leader
2026-09-11 20:14:32.355850+09:00 [info] <0.993.0>@supervisor:report_progress/2:1568 Supervisor: {local,riak_core_cluster_mgr_sup}. Started: id=riak_repl_cluster_mgr,pid=<0.1201.0>.
2026-09-11 20:14:32.358789+09:00 [info] <0.1202.0>@riak_core_tcp_mon:init/1:167 Starting TCP Monitor
2026-09-11 20:14:32.359028+09:00 [info] <0.993.0>@supervisor:report_progress/2:1568 Supervisor: {local,riak_core_cluster_mgr_sup}. Started: id=riak_core_tcp_mon,pid=<0.1202.0>.
2026-09-11 20:14:32.359216+09:00 [info] <0.987.0>@supervisor:report_progress/2:1568 Supervisor: {local,riak_repl_sup}. Started: id=riak_core_cluster_mgr_sup,pid=<0.993.0>.
2026-09-11 20:14:32.363083+09:00 [info] <0.987.0>@supervisor:report_progress/2:1568 Supervisor: {local,riak_repl_sup}. Started: id=riak_repl2_fs_node_reserver,pid=<0.1203.0>.
2026-09-11 20:14:32.372070+09:00 [info] <0.1205.0>@supervisor:report_progress/2:1568 Supervisor: {local,riak_repl2_rtsource_sup}. Started: id=riak_repl2_rtq,pid=<0.1206.0>.
2026-09-11 20:14:32.378012+09:00 [info] <0.1205.0>@supervisor:report_progress/2:1568 Supervisor: {local,riak_repl2_rtsource_sup}. Started: id=riak_repl2_rtq_overload_counter,pid=<0.1207.0>.
2026-09-11 20:14:32.385176+09:00 [info] <0.1205.0>@supervisor:report_progress/2:1568 Supervisor: {local,riak_repl2_rtsource_sup}. Started: id=riak_repl2_rtsource_conn_sup,pid=<0.1208.0>.
2026-09-11 20:14:32.385571+09:00 [info] <0.1204.0>@supervisor:report_progress/2:1568 Supervisor: {local,riak_repl2_rt_sup}. Started: id=riak_repl2_rtsource_sup,pid=<0.1205.0>.
2026-09-11 20:14:32.393124+09:00 [info] <0.1209.0>@supervisor:report_progress/2:1568 Supervisor: {local,riak_repl2_rtsink_sup}. Started: id=riak_repl2_rtsink_pool,pid=<0.1210.0>.
2026-09-11 20:14:32.395676+09:00 [info] <0.1209.0>@supervisor:report_progress/2:1568 Supervisor: {local,riak_repl2_rtsink_sup}. Started: id=riak_repl2_rtsink_conn_sup,pid=<0.1217.0>.
2026-09-11 20:14:32.395973+09:00 [info] <0.1204.0>@supervisor:report_progress/2:1568 Supervisor: {local,riak_repl2_rt_sup}. Started: id=riak_repl2_rtsink_sup,pid=<0.1209.0>.
2026-09-11 20:14:32.396183+09:00 [info] <0.1204.0>@supervisor:report_progress/2:1568 Supervisor: {local,riak_repl2_rt_sup}. Started: id=riak_repl2_rt,pid=<0.1218.0>.
2026-09-11 20:14:32.396339+09:00 [info] <0.987.0>@supervisor:report_progress/2:1568 Supervisor: {local,riak_repl_sup}. Started: id=riak_repl2_rt_sup,pid=<0.1204.0>.
2026-09-11 20:14:32.399186+09:00 [info] <0.987.0>@supervisor:report_progress/2:1568 Supervisor: {local,riak_repl_sup}. Started: id=riak_repl2_fscoordinator_sup,pid=<0.1219.0>.
2026-09-11 20:14:32.401683+09:00 [info] <0.987.0>@supervisor:report_progress/2:1568 Supervisor: {local,riak_repl_sup}. Started: id=riak_repl2_fscoordinator_serv_sup,pid=<0.1220.0>.
2026-09-11 20:14:32.403869+09:00 [info] <0.987.0>@supervisor:report_progress/2:1568 Supervisor: {local,riak_repl_sup}. Started: id=riak_repl2_fssource_sup,pid=<0.1221.0>.
2026-09-11 20:14:32.406570+09:00 [info] <0.987.0>@supervisor:report_progress/2:1568 Supervisor: {local,riak_repl_sup}. Started: id=riak_repl2_fssink_pool,pid=<0.1222.0>.
2026-09-11 20:14:32.408744+09:00 [info] <0.987.0>@supervisor:report_progress/2:1568 Supervisor: {local,riak_repl_sup}. Started: id=riak_repl2_fssink_sup,pid=<0.1229.0>.
2026-09-11 20:14:32.411356+09:00 [info] <0.987.0>@supervisor:report_progress/2:1568 Supervisor: {local,riak_repl_sup}. Started: id=riak_repl2_pg_proxy_sup,pid=<0.1230.0>.
2026-09-11 20:14:32.418656+09:00 [info] <0.1231.0>@supervisor:report_progress/2:1568 Supervisor: {local,riak_repl2_pg_sup}. Started: id=riak_repl2_pg_block_provider_sup,pid=<0.1232.0>.
2026-09-11 20:14:32.421471+09:00 [info] <0.1231.0>@supervisor:report_progress/2:1568 Supervisor: {local,riak_repl2_pg_sup}. Started: id=riak_repl2_pg_block_requester_sup,pid=<0.1233.0>.
2026-09-11 20:14:32.421726+09:00 [info] <0.1231.0>@supervisor:report_progress/2:1568 Supervisor: {local,riak_repl2_pg_sup}. Started: id=riak_repl2_pg,pid=<0.1234.0>.
2026-09-11 20:14:32.421821+09:00 [info] <0.987.0>@supervisor:report_progress/2:1568 Supervisor: {local,riak_repl_sup}. Started: id=riak_repl2_pg_sup,pid=<0.1231.0>.
2026-09-11 20:14:32.429067+09:00 [info] <0.250.0>@supervisor:report_progress/2:1568 Supervisor: {local,riak_core_stats_sup}. Started: id=riak_core_connection_mgr_stats,pid=<0.1235.0>.
2026-09-11 20:14:32.445311+09:00 [info] <0.250.0>@supervisor:report_progress/2:1568 Supervisor: {local,riak_core_stats_sup}. Started: id=riak_repl_stats,pid=<0.1236.0>.
2026-09-11 20:14:32.470162+09:00 [info] <0.213.0>@supervisor:report_progress/2:1568 Supervisor: {local,riak_core_eventhandler_sup}. Started: id={riak_core_ring_events,riak_repl_ring_handler},pid=<0.1237.0>.
2026-09-11 20:14:32.486461+09:00 [info] <0.44.0>@application_controller:info_started/2:2107 Application: riak_repl. Started at: 'openriak-kv@node-01.cluster-a.openriak'.
2026-09-11 20:14:32.486935+09:00 [info] <0.44.0>@application_controller:info_started/2:2107 Application: canola. Started at: 'openriak-kv@node-01.cluster-a.openriak'.
2026-09-11 20:14:32.511426+09:00 [info] <0.44.0>@application_controller:info_started/2:2107 Application: riak_auth_mods. Started at: 'openriak-kv@node-01.cluster-a.openriak'.
2026-09-11 20:14:32.511809+09:00 [info] <0.44.0>@application_controller:info_started/2:2107 Application: riak_logger. Started at: 'openriak-kv@node-01.cluster-a.openriak'.
2026-09-11 20:14:39.908667+09:00 [info] <0.782.0>@leveled_monitor:handle_cast/2:494 log_ref=b0016 db_id=2 Get timing with sample_count=0 and head_time=0 body_time=0 with fetch_count=0 with sample_period=7 seconds
2026-09-11 20:14:44.828339+09:00 [info] <0.784.0>@leveled_monitor:handle_cast/2:494 log_ref=b0016 db_id=4 Get timing with sample_count=0 and head_time=0 body_time=0 with fetch_count=0 with sample_period=12 seconds
2026-09-11 20:14:52.343780+09:00 [info] <0.395.0>@riak_kv_replrtq_src:handle_info/2:646 QueueName=q1_ttaaefs has queue sizes p1=0 p2=0 p3=0
2026-09-11 20:14:55.091104+09:00 [info] <0.788.0>@leveled_monitor:handle_cast/2:551 log_ref=b0017 db_id=6 Snapshot timing with sample_count=0 and bookie_time=0 pcl_time=0 with sample_period=23 seconds
2026-09-11 20:15:04.280009+09:00 [info] <0.225.0>@riak_core_gossip:log_node_added/2:362 'openriak-kv@node-02.cluster-a.openriak' joined cluster with status 'joining'
2026-09-11 20:15:04.295012+09:00 [info] <0.1201.0>@riak_core_cluster_mgr:become_proxy/2:719 ClusterManager: 'openriak-kv@node-01.cluster-a.openriak' becoming a proxy to 'openriak-kv@node-02.cluster-a.openriak'
2026-09-11 20:15:05.194093+09:00 [info] <0.225.0>@riak_core_gossip:log_node_added/2:362 'openriak-kv@node-04.cluster-a.openriak' joined cluster with status 'joining'
2026-09-11 20:15:06.671581+09:00 [info] <0.225.0>@riak_core_gossip:log_node_added/2:362 'openriak-kv@node-05.cluster-a.openriak' joined cluster with status 'joining'
2026-09-11 20:15:06.703723+09:00 [info] <0.992.0>@riak_repl2_leader:become_leader/2:217 Leader2: 'openriak-kv@node-01.cluster-a.openriak' elected as replication leader
2026-09-11 20:15:06.706405+09:00 [info] <0.1201.0>@riak_core_cluster_mgr:become_leader/2:706 ClusterManager: 'openriak-kv@node-01.cluster-a.openriak' becoming the leader
2026-09-11 20:15:09.874095+09:00 [info] <0.225.0>@riak_core_gossip:log_node_added/2:362 'openriak-kv@node-03.cluster-a.openriak' joined cluster with status 'joining'
2026-09-11 20:15:09.889109+09:00 [info] <0.1648.0>@riak_repl_leader_helper:handle_DOWN/3:110 Replication candidate node 'openriak-kv@node-04.cluster-a.openriak' down
2026-09-11 20:15:09.905033+09:00 [info] <0.1201.0>@riak_core_cluster_mgr:become_proxy/2:719 ClusterManager: 'openriak-kv@node-01.cluster-a.openriak' becoming a proxy to 'openriak-kv@node-03.cluster-a.openriak'
2026-09-11 20:15:11.462755+09:00 [info] <0.782.0>@leveled_monitor:handle_cast/2:625 log_ref=cdb19 db_id=2 Sample timings in microseconds for sample_count=0 with totals of cycle_count=0 index_time=0 read_time=0 with sample_period=39 seconds
2026-09-11 20:15:11.758602+09:00 [info] <0.247.0>@riak_core_membership_claim:claim/3:163 Claim requested with {riak_core_membership_claim,default_choose_claim} due to initial wants
2026-09-11 20:15:11.761059+09:00 [info] <0.247.0>@riak_core_claimant:rebalance_ring/1:1513 Claim algorithm completed in claim_time=2 ms
2026-09-11 20:15:12.827086+09:00 [info] <0.225.0>@riak_core_membership_claim:claim/3:163 Claim requested with {riak_core_membership_claim,default_choose_claim} due to initial wants
2026-09-11 20:15:12.827666+09:00 [info] <0.225.0>@riak_core_claimant:rebalance_ring/1:1513 Claim algorithm completed in claim_time=0 ms
2026-09-11 20:15:13.462112+09:00 [info] <0.225.0>@riak_core_vnode:mark_handoff_complete/5:658 Updating local ring as handoff of riak_pipe_vnode 182687704666362864775460604089535377456991567872 to awaiting node 'openriak-kv@node-02.cluster-a.openriak' complete
2026-09-11 20:15:13.533458+09:00 [info] <0.951.0>@riak_core_vnode:mark_handoff_complete/5:735 Handoff of riak_pipe_vnode 182687704666362864775460604089535377456991567872 complete to new owner - forward
2026-09-11 20:15:13.533396+09:00 [info] <0.225.0>@riak_core_vnode:mark_handoff_complete/5:658 Updating local ring as handoff of riak_pipe_vnode 365375409332725729550921208179070754913983135744 to awaiting node 'openriak-kv@node-03.cluster-a.openriak' complete
2026-09-11 20:15:13.533670+09:00 [info] <0.951.0>@riak_core_vnode:finish_handoff/2:788 182687704666362864775460604089535377456991567872 riak_pipe_vnode vnode finished handoff and deleted in 0 milliseconds
2026-09-11 20:15:13.566164+09:00 [info] <0.225.0>@riak_core_vnode:mark_handoff_complete/5:658 Updating local ring as handoff of riak_pipe_vnode 1096126227998177188652763624537212264741949407232 to awaiting node 'openriak-kv@node-03.cluster-a.openriak' complete
2026-09-11 20:15:13.566211+09:00 [info] <0.954.0>@riak_core_vnode:mark_handoff_complete/5:735 Handoff of riak_pipe_vnode 365375409332725729550921208179070754913983135744 complete to new owner - forward
2026-09-11 20:15:13.570258+09:00 [info] <0.954.0>@riak_core_vnode:finish_handoff/2:788 365375409332725729550921208179070754913983135744 riak_pipe_vnode vnode finished handoff and deleted in 0 milliseconds
2026-09-11 20:15:13.600375+09:00 [info] <0.966.0>@riak_core_vnode:mark_handoff_complete/5:735 Handoff of riak_pipe_vnode 1096126227998177188652763624537212264741949407232 complete to new owner - forward
2026-09-11 20:15:13.600870+09:00 [info] <0.966.0>@riak_core_vnode:finish_handoff/2:788 1096126227998177188652763624537212264741949407232 riak_pipe_vnode vnode finished handoff and deleted in 0 milliseconds
2026-09-11 20:15:13.605235+09:00 [info] <0.225.0>@riak_core_vnode:mark_handoff_complete/5:658 Updating local ring as handoff of riak_pipe_vnode 1278813932664540053428224228626747642198940975104 to awaiting node 'openriak-kv@node-04.cluster-a.openriak' complete
2026-09-11 20:15:13.628082+09:00 [info] <0.969.0>@riak_core_vnode:mark_handoff_complete/5:735 Handoff of riak_pipe_vnode 1278813932664540053428224228626747642198940975104 complete to new owner - forward
2026-09-11 20:15:13.628473+09:00 [info] <0.969.0>@riak_core_vnode:finish_handoff/2:788 1278813932664540053428224228626747642198940975104 riak_pipe_vnode vnode finished handoff and deleted in 0 milliseconds
2026-09-11 20:15:13.630848+09:00 [info] <0.225.0>@riak_core_vnode:mark_handoff_complete/5:658 Updating local ring as handoff of riak_pipe_vnode 548063113999088594326381812268606132370974703616 to awaiting node 'openriak-kv@node-05.cluster-a.openriak' complete
2026-09-11 20:15:13.645205+09:00 [info] <0.225.0>@riak_core_vnode:mark_handoff_complete/5:658 Updating local ring as handoff of riak_pipe_vnode 913438523331814323877303020447676887284957839360 to awaiting node 'openriak-kv@node-02.cluster-a.openriak' complete
2026-09-11 20:15:13.645729+09:00 [info] <0.957.0>@riak_core_vnode:mark_handoff_complete/5:735 Handoff of riak_pipe_vnode 548063113999088594326381812268606132370974703616 complete to new owner - forward
2026-09-11 20:15:13.645988+09:00 [info] <0.957.0>@riak_core_vnode:finish_handoff/2:788 548063113999088594326381812268606132370974703616 riak_pipe_vnode vnode finished handoff and deleted in 0 milliseconds
2026-09-11 20:15:13.675741+09:00 [info] <0.225.0>@riak_core_vnode:mark_handoff_complete/5:658 Updating local ring as handoff of riak_kv_vnode 913438523331814323877303020447676887284957839360 to awaiting node 'openriak-kv@node-02.cluster-a.openriak' complete
2026-09-11 20:15:13.683239+09:00 [info] <0.963.0>@riak_core_vnode:mark_handoff_complete/5:735 Handoff of riak_pipe_vnode 913438523331814323877303020447676887284957839360 complete to new owner - forward
2026-09-11 20:15:13.683537+09:00 [info] <0.963.0>@riak_core_vnode:finish_handoff/2:788 913438523331814323877303020447676887284957839360 riak_pipe_vnode vnode finished handoff and deleted in 0 milliseconds
2026-09-11 20:15:13.792006+09:00 [info] <0.225.0>@riak_core_vnode:mark_handoff_complete/5:658 Updating local ring as handoff of riak_kv_vnode 1096126227998177188652763624537212264741949407232 to awaiting node 'openriak-kv@node-03.cluster-a.openriak' complete
2026-09-11 20:15:13.792719+09:00 [info] <0.752.0>@riak_core_vnode:mark_handoff_complete/5:735 Handoff of riak_kv_vnode 913438523331814323877303020447676887284957839360 complete to new owner - forward
2026-09-11 20:15:13.841373+09:00 [info] <0.753.0>@riak_core_vnode:mark_handoff_complete/5:735 Handoff of riak_kv_vnode 1096126227998177188652763624537212264741949407232 complete to new owner - forward
2026-09-11 20:15:13.841356+09:00 [info] <0.225.0>@riak_core_vnode:mark_handoff_complete/5:658 Updating local ring as handoff of riak_kv_vnode 1278813932664540053428224228626747642198940975104 to awaiting node 'openriak-kv@node-04.cluster-a.openriak' complete
2026-09-11 20:15:13.851260+09:00 [warning] <0.775.0>@leveled_bookie:handle_call/3:1732 log_ref=b0011 db_id=5 Call to destroy the store and so all files to be removed
2026-09-11 20:15:13.852050+09:00 [warning] <0.791.0>@leveled_inker:handle_call/3:776 log_ref=i0018 db_id=5 We're doomed - intention recorded to destroy all files
2026-09-11 20:15:13.852433+09:00 [info] <0.791.0>@leveled_inker:handle_call/3:780 log_ref=i0005 db_id=5 Inker closing journal for reason doom
2026-09-11 20:15:13.852586+09:00 [info] <0.791.0>@leveled_inker:handle_call/3:782 log_ref=i0006 db_id=5 Close triggered with journal_sqn=0 and manifest_sqn=2
2026-09-11 20:15:13.852937+09:00 [info] <0.791.0>@leveled_inker:shutdown_manifest/1:1036 log_ref=i0007 db_id=5 Inker manifest when closing is:
2026-09-11 20:15:13.873787+09:00 [info] <0.754.0>@riak_core_vnode:mark_handoff_complete/5:735 Handoff of riak_kv_vnode 1278813932664540053428224228626747642198940975104 complete to new owner - forward
2026-09-11 20:15:13.873893+09:00 [info] <0.225.0>@riak_core_vnode:mark_handoff_complete/5:658 Updating local ring as handoff of riak_kv_vnode 365375409332725729550921208179070754913983135744 to awaiting node 'openriak-kv@node-03.cluster-a.openriak' complete
2026-09-11 20:15:13.908846+09:00 [warning] <0.780.0>@leveled_bookie:handle_call/3:1732 log_ref=b0011 db_id=6 Call to destroy the store and so all files to be removed
2026-09-11 20:15:13.909402+09:00 [warning] <0.790.0>@leveled_inker:handle_call/3:776 log_ref=i0018 db_id=6 We're doomed - intention recorded to destroy all files
2026-09-11 20:15:13.909753+09:00 [info] <0.790.0>@leveled_inker:handle_call/3:780 log_ref=i0005 db_id=6 Inker closing journal for reason doom
2026-09-11 20:15:13.909933+09:00 [info] <0.790.0>@leveled_inker:handle_call/3:782 log_ref=i0006 db_id=6 Close triggered with journal_sqn=0 and manifest_sqn=2
2026-09-11 20:15:13.910193+09:00 [info] <0.790.0>@leveled_inker:shutdown_manifest/1:1036 log_ref=i0007 db_id=6 Inker manifest when closing is:
2026-09-11 20:15:13.910944+09:00 [warning] <0.815.0>@leveled_penciller:handle_call/3:1093 log_ref=p0030 db_id=6 We're doomed - intention recorded to destroy all files
2026-09-11 20:15:13.912432+09:00 [info] <0.829.0>@leveled_pclerk:terminate/2:178 log_ref=pc005 db_id=6 Penciller's Clerk <0.829.0> shutdown now complete for reason normal
2026-09-11 20:15:13.913147+09:00 [warning] <0.778.0>@leveled_bookie:handle_call/3:1732 log_ref=b0011 db_id=7 Call to destroy the store and so all files to be removed
2026-09-11 20:15:13.913806+09:00 [info] <0.225.0>@riak_core_vnode:mark_handoff_complete/5:658 Updating local ring as handoff of riak_kv_vnode 182687704666362864775460604089535377456991567872 to awaiting node 'openriak-kv@node-02.cluster-a.openriak' complete
2026-09-11 20:15:13.914102+09:00 [warning] <0.796.0>@leveled_inker:handle_call/3:776 log_ref=i0018 db_id=7 We're doomed - intention recorded to destroy all files
2026-09-11 20:15:13.914424+09:00 [info] <0.796.0>@leveled_inker:handle_call/3:780 log_ref=i0005 db_id=7 Inker closing journal for reason doom
2026-09-11 20:15:13.914575+09:00 [info] <0.796.0>@leveled_inker:handle_call/3:782 log_ref=i0006 db_id=7 Close triggered with journal_sqn=0 and manifest_sqn=2
2026-09-11 20:15:13.914726+09:00 [info] <0.750.0>@riak_core_vnode:mark_handoff_complete/5:735 Handoff of riak_kv_vnode 365375409332725729550921208179070754913983135744 complete to new owner - forward
2026-09-11 20:15:13.915291+09:00 [info] <0.796.0>@leveled_inker:shutdown_manifest/1:1036 log_ref=i0007 db_id=7 Inker manifest when closing is:
2026-09-11 20:15:13.916016+09:00 [warning] <0.818.0>@leveled_penciller:handle_call/3:1093 log_ref=p0030 db_id=7 We're doomed - intention recorded to destroy all files
2026-09-11 20:15:13.916600+09:00 [info] <0.823.0>@leveled_pclerk:terminate/2:178 log_ref=pc005 db_id=7 Penciller's Clerk <0.823.0> shutdown now complete for reason normal
2026-09-11 20:15:13.917438+09:00 [warning] <0.817.0>@leveled_penciller:handle_call/3:1093 log_ref=p0030 db_id=5 We're doomed - intention recorded to destroy all files
2026-09-11 20:15:13.917763+09:00 [info] <0.822.0>@leveled_pclerk:terminate/2:178 log_ref=pc005 db_id=5 Penciller's Clerk <0.822.0> shutdown now complete for reason normal
2026-09-11 20:15:13.947959+09:00 [info] <0.225.0>@riak_core_vnode:mark_handoff_complete/5:658 Updating local ring as handoff of riak_kv_vnode 548063113999088594326381812268606132370974703616 to awaiting node 'openriak-kv@node-05.cluster-a.openriak' complete
2026-09-11 20:15:13.948489+09:00 [info] <0.749.0>@riak_core_vnode:mark_handoff_complete/5:735 Handoff of riak_kv_vnode 182687704666362864775460604089535377456991567872 complete to new owner - forward
2026-09-11 20:15:13.964330+09:00 [warning] <0.773.0>@leveled_bookie:handle_call/3:1732 log_ref=b0011 db_id=2 Call to destroy the store and so all files to be removed
2026-09-11 20:15:13.964789+09:00 [warning] <0.795.0>@leveled_inker:handle_call/3:776 log_ref=i0018 db_id=2 We're doomed - intention recorded to destroy all files
2026-09-11 20:15:13.965244+09:00 [info] <0.795.0>@leveled_inker:handle_call/3:780 log_ref=i0005 db_id=2 Inker closing journal for reason doom
2026-09-11 20:15:13.965634+09:00 [info] <0.795.0>@leveled_inker:handle_call/3:782 log_ref=i0006 db_id=2 Close triggered with journal_sqn=0 and manifest_sqn=2
2026-09-11 20:15:13.966194+09:00 [info] <0.795.0>@leveled_inker:shutdown_manifest/1:1036 log_ref=i0007 db_id=2 Inker manifest when closing is:
2026-09-11 20:15:13.968320+09:00 [warning] <0.814.0>@leveled_penciller:handle_call/3:1093 log_ref=p0030 db_id=2 We're doomed - intention recorded to destroy all files
2026-09-11 20:15:13.970905+09:00 [info] <0.828.0>@leveled_pclerk:terminate/2:178 log_ref=pc005 db_id=2 Penciller's Clerk <0.828.0> shutdown now complete for reason normal
2026-09-11 20:15:13.978404+09:00 [info] <0.778.0>@leveled_bookie:terminate/2:1803 log_ref=b0003 db_id=7 Bookie closing for reason normal
2026-09-11 20:15:13.979134+09:00 [info] <0.856.0>@aae_treecache:handle_cast/2:354 log_ref=c0004 Destroying tree cache for partition {913438523331814323877303020447676887284957839360,3}
2026-09-11 20:15:13.979490+09:00 [info] <0.863.0>@aae_treecache:handle_cast/2:354 log_ref=c0004 Destroying tree cache for partition {1096126227998177188652763624537212264741949407232,3}
2026-09-11 20:15:13.979628+09:00 [info] <0.751.0>@riak_core_vnode:mark_handoff_complete/5:735 Handoff of riak_kv_vnode 548063113999088594326381812268606132370974703616 complete to new owner - forward
2026-09-11 20:15:13.979025+09:00 [info] <0.870.0>@aae_treecache:handle_cast/2:354 log_ref=c0004 Destroying tree cache for partition {1278813932664540053428224228626747642198940975104,3}
2026-09-11 20:15:13.980528+09:00 [info] <0.754.0>@riak_core_vnode:finish_handoff/2:788 1278813932664540053428224228626747642198940975104 riak_kv_vnode vnode finished handoff and deleted in 106 milliseconds
2026-09-11 20:15:14.028388+09:00 [warning] <0.779.0>@leveled_bookie:handle_call/3:1732 log_ref=b0011 db_id=1 Call to destroy the store and so all files to be removed
2026-09-11 20:15:14.029177+09:00 [warning] <0.794.0>@leveled_inker:handle_call/3:776 log_ref=i0018 db_id=1 We're doomed - intention recorded to destroy all files
2026-09-11 20:15:14.029585+09:00 [info] <0.794.0>@leveled_inker:handle_call/3:780 log_ref=i0005 db_id=1 Inker closing journal for reason doom
2026-09-11 20:15:14.029863+09:00 [info] <0.794.0>@leveled_inker:handle_call/3:782 log_ref=i0006 db_id=1 Close triggered with journal_sqn=0 and manifest_sqn=2
2026-09-11 20:15:14.030207+09:00 [info] <0.794.0>@leveled_inker:shutdown_manifest/1:1036 log_ref=i0007 db_id=1 Inker manifest when closing is:
2026-09-11 20:15:14.030882+09:00 [warning] <0.820.0>@leveled_penciller:handle_call/3:1093 log_ref=p0030 db_id=1 We're doomed - intention recorded to destroy all files
2026-09-11 20:15:14.035397+09:00 [info] <0.827.0>@leveled_pclerk:terminate/2:178 log_ref=pc005 db_id=1 Penciller's Clerk <0.827.0> shutdown now complete for reason normal
2026-09-11 20:15:14.030683+09:00 [warning] <0.774.0>@leveled_bookie:handle_call/3:1732 log_ref=b0011 db_id=3 Call to destroy the store and so all files to be removed
2026-09-11 20:15:14.036125+09:00 [warning] <0.789.0>@leveled_inker:handle_call/3:776 log_ref=i0018 db_id=3 We're doomed - intention recorded to destroy all files
2026-09-11 20:15:14.036317+09:00 [info] <0.789.0>@leveled_inker:handle_call/3:780 log_ref=i0005 db_id=3 Inker closing journal for reason doom
2026-09-11 20:15:14.036419+09:00 [info] <0.789.0>@leveled_inker:handle_call/3:782 log_ref=i0006 db_id=3 Close triggered with journal_sqn=0 and manifest_sqn=2
2026-09-11 20:15:14.036552+09:00 [info] <0.789.0>@leveled_inker:shutdown_manifest/1:1036 log_ref=i0007 db_id=3 Inker manifest when closing is:
2026-09-11 20:15:14.036466+09:00 [info] <0.780.0>@leveled_bookie:terminate/2:1803 log_ref=b0003 db_id=6 Bookie closing for reason normal
2026-09-11 20:15:14.040246+09:00 [info] <0.753.0>@riak_core_vnode:finish_handoff/2:788 1096126227998177188652763624537212264741949407232 riak_kv_vnode vnode finished handoff and deleted in 199 milliseconds
2026-09-11 20:15:14.040166+09:00 [info] <0.869.0>@aae_treecache:handle_cast/2:354 log_ref=c0004 Destroying tree cache for partition {913438523331814323877303020447676887284957839360,3}
2026-09-11 20:15:14.041431+09:00 [info] <0.876.0>@aae_treecache:handle_cast/2:354 log_ref=c0004 Destroying tree cache for partition {1096126227998177188652763624537212264741949407232,3}
2026-09-11 20:15:14.041223+09:00 [warning] <0.816.0>@leveled_penciller:handle_call/3:1093 log_ref=p0030 db_id=3 We're doomed - intention recorded to destroy all files
2026-09-11 20:15:14.041693+09:00 [info] <0.860.0>@aae_treecache:handle_cast/2:354 log_ref=c0004 Destroying tree cache for partition {730750818665451459101842416358141509827966271488,3}
2026-09-11 20:15:14.041772+09:00 [info] <0.825.0>@leveled_pclerk:terminate/2:178 log_ref=pc005 db_id=3 Penciller's Clerk <0.825.0> shutdown now complete for reason normal
2026-09-11 20:15:14.045158+09:00 [info] <0.773.0>@leveled_bookie:terminate/2:1803 log_ref=b0003 db_id=2 Bookie closing for reason normal
2026-09-11 20:15:14.044905+09:00 [info] <0.775.0>@leveled_bookie:terminate/2:1803 log_ref=b0003 db_id=5 Bookie closing for reason normal
2026-09-11 20:15:14.045722+09:00 [info] <0.862.0>@aae_treecache:handle_cast/2:354 log_ref=c0004 Destroying tree cache for partition {182687704666362864775460604089535377456991567872,3}
2026-09-11 20:15:14.046075+09:00 [info] <0.872.0>@aae_treecache:handle_cast/2:354 log_ref=c0004 Destroying tree cache for partition {365375409332725729550921208179070754913983135744,3}
2026-09-11 20:15:14.046340+09:00 [info] <0.857.0>@aae_treecache:handle_cast/2:354 log_ref=c0004 Destroying tree cache for partition {548063113999088594326381812268606132370974703616,3}
2026-09-11 20:15:14.046655+09:00 [info] <0.750.0>@riak_core_vnode:finish_handoff/2:788 365375409332725729550921208179070754913983135744 riak_kv_vnode vnode finished handoff and deleted in 132 milliseconds
2026-09-11 20:15:14.047100+09:00 [info] <0.875.0>@aae_treecache:handle_cast/2:354 log_ref=c0004 Destroying tree cache for partition {913438523331814323877303020447676887284957839360,3}
2026-09-11 20:15:14.048562+09:00 [info] <0.752.0>@riak_core_vnode:finish_handoff/2:788 913438523331814323877303020447676887284957839360 riak_kv_vnode vnode finished handoff and deleted in 257 milliseconds
2026-09-11 20:15:14.046402+09:00 [info] <0.868.0>@aae_treecache:handle_cast/2:354 log_ref=c0004 Destroying tree cache for partition {730750818665451459101842416358141509827966271488,3}
2026-09-11 20:15:14.045937+09:00 [info] <0.854.0>@aae_treecache:handle_cast/2:354 log_ref=c0004 Destroying tree cache for partition {0,3}
2026-09-11 20:15:14.175486+09:00 [info] <0.779.0>@leveled_bookie:terminate/2:1803 log_ref=b0003 db_id=1 Bookie closing for reason normal
2026-09-11 20:15:14.176193+09:00 [info] <0.873.0>@aae_treecache:handle_cast/2:354 log_ref=c0004 Destroying tree cache for partition {182687704666362864775460604089535377456991567872,3}
2026-09-11 20:15:14.176672+09:00 [info] <0.855.0>@aae_treecache:handle_cast/2:354 log_ref=c0004 Destroying tree cache for partition {1278813932664540053428224228626747642198940975104,3}
2026-09-11 20:15:14.176468+09:00 [info] <0.865.0>@aae_treecache:handle_cast/2:354 log_ref=c0004 Destroying tree cache for partition {0,3}
2026-09-11 20:15:14.177013+09:00 [info] <0.749.0>@riak_core_vnode:finish_handoff/2:788 182687704666362864775460604089535377456991567872 riak_kv_vnode vnode finished handoff and deleted in 230 milliseconds
2026-09-11 20:15:14.181985+09:00 [info] <0.774.0>@leveled_bookie:terminate/2:1803 log_ref=b0003 db_id=3 Bookie closing for reason normal
2026-09-11 20:15:14.182426+09:00 [info] <0.861.0>@aae_treecache:handle_cast/2:354 log_ref=c0004 Destroying tree cache for partition {182687704666362864775460604089535377456991567872,3}
2026-09-11 20:15:14.182623+09:00 [info] <0.867.0>@aae_treecache:handle_cast/2:354 log_ref=c0004 Destroying tree cache for partition {365375409332725729550921208179070754913983135744,3}
2026-09-11 20:15:14.182774+09:00 [info] <0.877.0>@aae_treecache:handle_cast/2:354 log_ref=c0004 Destroying tree cache for partition {548063113999088594326381812268606132370974703616,3}
2026-09-11 20:15:14.183085+09:00 [info] <0.751.0>@riak_core_vnode:finish_handoff/2:788 548063113999088594326381812268606132370974703616 riak_kv_vnode vnode finished handoff and deleted in 205 milliseconds
2026-09-11 20:15:14.779136+09:00 [info] <0.781.0>@leveled_monitor:handle_cast/2:534 log_ref=b0015 db_id=0 Put timing with sample_count=0 ink_time=0 prep_time=0 mem_time=0 with total_object_size=0 with sample_period=42 seconds
2026-09-11 20:15:16.395066+09:00 [info] <0.784.0>@leveled_monitor:handle_cast/2:625 log_ref=cdb19 db_id=4 Sample timings in microseconds for sample_count=0 with totals of cycle_count=0 index_time=0 read_time=0 with sample_period=44 seconds
2026-09-11 20:15:23.861584+09:00 [info] <0.391.0>@riak_kv_ttaaefs_manager:handle_info/2:648 Initiated Tictac AAE Full-Sync Mgr with scope=disabled
2026-09-11 20:15:23.861913+09:00 [info] <0.391.0>@riak_kv_ttaaefs_manager:handle_info/2:668 Initiating schedule at startup SlotInfo {1,5,1} Schedule [{no_check,24},{all_check,0},{day_check,0},{hour_check,0},{range_check,0},{auto_check,0}]
2026-09-11 20:15:23.862323+09:00 [info] <0.391.0>@riak_kv_ttaaefs_manager:handle_info/2:686 Scheduling work_item=no_check in 2729 seconds 23 items to run in schedule
2026-09-11 20:15:23.883691+09:00 [info] <0.398.0>@riak_kv_overflow_queue:log/5:129 riak_kv_reaper job_id=0 has attempts=0 aborts=0 Queue lengths queue_p2=0 queue_p1=0 Overflow lengths overflow_p2=0 overflow_p1=0 Discard counts discard_p2=0 discard_p1=0
2026-09-11 20:15:23.886972+09:00 [info] <0.399.0>@riak_kv_overflow_queue:log/5:129 riak_kv_eraser job_id=0 has attempts=0 aborts=0 Queue lengths queue_p2=0 queue_p1=0 Overflow lengths overflow_p2=0 overflow_p1=0 Discard counts discard_p2=0 discard_p1=0
2026-09-11 20:15:23.890414+09:00 [info] <0.400.0>@riak_kv_overflow_queue:log/5:129 riak_kv_reader job_id=0 has attempts=0 aborts=0 Queue lengths queue_p2=0 queue_p1=0 Overflow lengths overflow_p2=0 overflow_p1=0 Discard counts discard_p2=0 discard_p1=0
2026-09-11 20:15:23.902449+09:00 [info] <0.395.0>@riak_kv_replrtq_src:handle_info/2:646 QueueName=q1_ttaaefs has queue sizes p1=0 p2=0 p3=0
2026-09-11 20:15:24.081275+09:00 [info] <0.587.0>@riak_core_worker_pool:handle_info/3:257 worker_pool=af4_pool has qlen=0 and no items checked out
2026-09-11 20:15:24.081159+09:00 [info] <0.571.0>@riak_core_worker_pool:handle_info/3:257 worker_pool=af1_pool has qlen=0 and no items checked out
2026-09-11 20:15:24.081344+09:00 [info] <0.580.0>@riak_core_worker_pool:handle_info/3:257 worker_pool=af3_pool has qlen=0 and no items checked out
2026-09-11 20:15:24.081566+09:00 [info] <0.591.0>@riak_core_worker_pool:handle_info/3:257 worker_pool=be_pool has qlen=0 and no items checked out
2026-09-11 20:15:24.081480+09:00 [info] <0.576.0>@riak_core_worker_pool:handle_info/3:257 worker_pool=af2_pool has qlen=0 and no items checked out
2026-09-11 20:15:46.359320+09:00 [info] <0.781.0>@leveled_monitor:handle_cast/2:551 log_ref=b0017 db_id=0 Snapshot timing with sample_count=0 and bookie_time=0 pcl_time=0 with sample_period=74 seconds
2026-09-11 20:15:47.972880+09:00 [info] <0.784.0>@leveled_monitor:handle_cast/2:515 log_ref=b0018 db_id=4 Positive HEAD responses timed with sample_count=0 and cache_count=0 found_count=0 fetch_ledger_time=0 fetch_ledgercache_time=0 rsp_time=0 notfound_time=0 with sample_period=75 seconds
2026-09-11 20:15:55.477102+09:00 [info] <0.395.0>@riak_kv_replrtq_src:handle_info/2:646 QueueName=q1_ttaaefs has queue sizes p1=0 p2=0 p3=0
2026-09-11 20:16:19.590108+09:00 [info] <0.784.0>@leveled_monitor:handle_cast/2:580 log_ref=p0032 db_id=4 Fetch head timing with sample_count=0 and level timings of foundmem_time=0 found0_time=0 found1_time=0 found2_time=0 found3_time=0 foundlower_time=0 missed_time=0 with counts of foundmem_count=0 found0_count=0 found1_count=0 found2_count=0 found3_count=0 foundlower_count=0 missed_count=0 with sample_period=107 seconds
2026-09-11 20:16:23.089628+09:00 [info] <0.576.0>@riak_core_worker_pool:handle_info/3:257 worker_pool=af2_pool has qlen=0 and no items checked out
2026-09-11 20:16:23.427337+09:00 [info] <0.580.0>@riak_core_worker_pool:handle_info/3:257 worker_pool=af3_pool has qlen=0 and no items checked out
2026-09-11 20:16:24.969206+09:00 [info] <0.591.0>@riak_core_worker_pool:handle_info/3:257 worker_pool=be_pool has qlen=0 and no items checked out
2026-09-11 20:16:26.650447+09:00 [info] <0.587.0>@riak_core_worker_pool:handle_info/3:257 worker_pool=af4_pool has qlen=0 and no items checked out
2026-09-11 20:16:26.650852+09:00 [info] <0.571.0>@riak_core_worker_pool:handle_info/3:257 worker_pool=af1_pool has qlen=0 and no items checked out
2026-09-11 20:16:27.079714+09:00 [info] <0.398.0>@riak_kv_overflow_queue:log/5:129 riak_kv_reaper job_id=0 has attempts=0 aborts=0 Queue lengths queue_p2=0 queue_p1=0 Overflow lengths overflow_p2=0 overflow_p1=0 Discard counts discard_p2=0 discard_p1=0
2026-09-11 20:16:27.080028+09:00 [info] <0.399.0>@riak_kv_overflow_queue:log/5:129 riak_kv_eraser job_id=0 has attempts=0 aborts=0 Queue lengths queue_p2=0 queue_p1=0 Overflow lengths overflow_p2=0 overflow_p1=0 Discard counts discard_p2=0 discard_p1=0
2026-09-11 20:16:27.087140+09:00 [info] <0.400.0>@riak_kv_overflow_queue:log/5:129 riak_kv_reader job_id=0 has attempts=0 aborts=0 Queue lengths queue_p2=0 queue_p1=0 Overflow lengths overflow_p2=0 overflow_p1=0 Discard counts discard_p2=0 discard_p1=0
2026-09-11 20:16:27.108571+09:00 [info] <0.395.0>@riak_kv_replrtq_src:handle_info/2:646 QueueName=q1_ttaaefs has queue sizes p1=0 p2=0 p3=0
2026-09-11 20:16:49.577335+09:00 [info] <0.781.0>@leveled_monitor:handle_cast/2:515 log_ref=b0018 db_id=0 Positive HEAD responses timed with sample_count=0 and cache_count=0 found_count=0 fetch_ledger_time=0 fetch_ledgercache_time=0 rsp_time=0 notfound_time=0 with sample_period=137 seconds
2026-09-11 20:16:58.706921+09:00 [info] <0.395.0>@riak_kv_replrtq_src:handle_info/2:646 QueueName=q1_ttaaefs has queue sizes p1=0 p2=0 p3=0
2026-09-11 20:17:20.802240+09:00 [info] <0.576.0>@riak_core_worker_pool:handle_info/3:257 worker_pool=af2_pool has qlen=0 and no items checked out
2026-09-11 20:17:21.153939+09:00 [info] <0.781.0>@leveled_monitor:handle_cast/2:580 log_ref=p0032 db_id=0 Fetch head timing with sample_count=0 and level timings of foundmem_time=0 found0_time=0 found1_time=0 found2_time=0 found3_time=0 foundlower_time=0 missed_time=0 with counts of foundmem_count=0 found0_count=0 found1_count=0 found2_count=0 found3_count=0 foundlower_count=0 missed_count=0 with sample_period=169 seconds
2026-09-11 20:17:22.759543+09:00 [info] <0.784.0>@leveled_monitor:handle_cast/2:551 log_ref=b0017 db_id=4 Snapshot timing with sample_count=0 and bookie_time=0 pcl_time=0 with sample_period=170 seconds
2026-09-11 20:17:23.574267+09:00 [info] <0.591.0>@riak_core_worker_pool:handle_info/3:257 worker_pool=be_pool has qlen=0 and no items checked out
2026-09-11 20:17:25.455948+09:00 [info] <0.580.0>@riak_core_worker_pool:handle_info/3:257 worker_pool=af3_pool has qlen=0 and no items checked out
2026-09-11 20:17:26.221396+09:00 [info] <0.587.0>@riak_core_worker_pool:handle_info/3:257 worker_pool=af4_pool has qlen=0 and no items checked out
2026-09-11 20:17:26.413620+09:00 [info] <0.571.0>@riak_core_worker_pool:handle_info/3:257 worker_pool=af1_pool has qlen=0 and no items checked out
2026-09-11 20:17:30.253874+09:00 [info] <0.398.0>@riak_kv_overflow_queue:log/5:129 riak_kv_reaper job_id=0 has attempts=0 aborts=0 Queue lengths queue_p2=0 queue_p1=0 Overflow lengths overflow_p2=0 overflow_p1=0 Discard counts discard_p2=0 discard_p1=0
2026-09-11 20:17:30.254224+09:00 [info] <0.399.0>@riak_kv_overflow_queue:log/5:129 riak_kv_eraser job_id=0 has attempts=0 aborts=0 Queue lengths queue_p2=0 queue_p1=0 Overflow lengths overflow_p2=0 overflow_p1=0 Discard counts discard_p2=0 discard_p1=0
2026-09-11 20:17:30.257892+09:00 [info] <0.400.0>@riak_kv_overflow_queue:log/5:129 riak_kv_reader job_id=0 has attempts=0 aborts=0 Queue lengths queue_p2=0 queue_p1=0 Overflow lengths overflow_p2=0 overflow_p1=0 Discard counts discard_p2=0 discard_p1=0
2026-09-11 20:17:30.283255+09:00 [info] <0.395.0>@riak_kv_replrtq_src:handle_info/2:646 QueueName=q1_ttaaefs has queue sizes p1=0 p2=0 p3=0
2026-09-11 20:17:52.727768+09:00 [info] <0.781.0>@leveled_monitor:handle_cast/2:625 log_ref=cdb19 db_id=0 Sample timings in microseconds for sample_count=0 with totals of cycle_count=0 index_time=0 read_time=0 with sample_period=200 seconds
2026-09-11 20:17:54.328459+09:00 [info] <0.784.0>@leveled_monitor:handle_cast/2:534 log_ref=b0015 db_id=4 Put timing with sample_count=0 ink_time=0 prep_time=0 mem_time=0 with total_object_size=0 with sample_period=202 seconds
2026-09-11 20:18:01.852098+09:00 [info] <0.395.0>@riak_kv_replrtq_src:handle_info/2:646 QueueName=q1_ttaaefs has queue sizes p1=0 p2=0 p3=0
2026-09-11 20:18:10.009847+09:00 [info] <0.4971.0>@supervisor_bridge:report_progress/4:139 Supervisor: {local,inet_gethost_native_sup}. Started: pid=<0.4972.0>,mfa={inet_gethost_native,init,[[]]}.
2026-09-11 20:18:10.010170+09:00 [info] <0.77.0>@supervisor:report_progress/2:1568 Supervisor: {local,kernel_safe_sup}. Started: id=inet_gethost_native_sup,pid=<0.4971.0>.
2026-09-11 20:18:21.929691+09:00 [info] <0.576.0>@riak_core_worker_pool:handle_info/3:257 worker_pool=af2_pool has qlen=0 and no items checked out
2026-09-11 20:18:24.336224+09:00 [info] <0.781.0>@leveled_monitor:handle_cast/2:494 log_ref=b0016 db_id=0 Get timing with sample_count=1 and head_time=11 body_time=272 with fetch_count=1 with sample_period=232 seconds
2026-09-11 20:18:24.808375+09:00 [info] <0.580.0>@riak_core_worker_pool:handle_info/3:257 worker_pool=af3_pool has qlen=0 and no items checked out
2026-09-11 20:18:24.966555+09:00 [info] <0.622.0>@riak_repl_app:prep_stop/1:336 Redirecting realtime replication traffic
2026-09-11 20:18:24.977192+09:00 [info] <0.77.0>@supervisor:report_progress/2:1568 Supervisor: {local,kernel_safe_sup}. Started: id=riak_repl2_rtq_proxy,pid=<0.5179.0>.
2026-09-11 20:18:24.977914+09:00 [info] <0.622.0>@riak_repl_app:prep_stop/1:339 Stopping application riak_repl - marked service down.
2026-09-11 20:18:24.981907+09:00 [info] <0.5180.0>@riak_repl_migration:init/0:33 Riak replication migration server started
2026-09-11 20:18:24.982122+09:00 [info] <0.622.0>@riak_repl_app:prep_stop/1:343 Started migration server
2026-09-11 20:18:24.982325+09:00 [info] <0.5180.0>@riak_repl_migration:handle_call/3:37 Realtime Repl queue migration sleeping
2026-09-11 20:18:25.082766+09:00 [info] <0.5180.0>@riak_repl_migration:handle_info/2:50 Queue empty, no replication queue migration required
2026-09-11 20:18:25.626984+09:00 [info] <0.591.0>@riak_core_worker_pool:handle_info/3:257 worker_pool=be_pool has qlen=0 and no items checked out
2026-09-11 20:18:25.936983+09:00 [info] <0.784.0>@leveled_monitor:handle_cast/2:494 log_ref=b0016 db_id=4 Get timing with sample_count=0 and head_time=0 body_time=0 with fetch_count=0 with sample_period=221 seconds
2026-09-11 20:18:26.010243+09:00 [info] <0.992.0>@riak_repl2_leader:become_leader/2:217 Leader2: 'openriak-kv@node-01.cluster-a.openriak' elected as replication leader
2026-09-11 20:18:26.010580+09:00 [info] <0.1201.0>@riak_core_cluster_mgr:become_leader/2:706 ClusterManager: 'openriak-kv@node-01.cluster-a.openriak' becoming the leader
2026-09-11 20:18:26.075749+09:00 [info] <0.622.0>@riak_repl_app:stop/1:139 Stopped application riak_repl
2026-09-11 20:18:26.081775+09:00 [info] <0.352.0>@riak_kv_app:prep_stop/1:275 Stopping application riak_kv - marked service down.
2026-09-11 20:18:26.082192+09:00 [info] <0.352.0>@riak_kv_app:prep_stop/1:279 Unregistered pb services
2026-09-11 20:18:26.086574+09:00 [info] <0.352.0>@riak_kv_app:prep_stop/1:284 unregistered webmachine routes
2026-09-11 20:18:26.087088+09:00 [info] <0.352.0>@riak_kv_app:prep_stop/1:286 all active put FSMs completed
2026-09-11 20:18:26.087962+09:00 [info] <0.352.0>@riak_kv_app:stop/1:297 Stopped  application riak_kv.
2026-09-11 20:18:26.097349+09:00 [info] <0.793.0>@leveled_inker:handle_call/3:780 log_ref=i0005 db_id=0 Inker closing journal for reason close
2026-09-11 20:18:26.097533+09:00 [info] <0.793.0>@leveled_inker:handle_call/3:782 log_ref=i0006 db_id=0 Close triggered with journal_sqn=5 and manifest_sqn=2
2026-09-11 20:18:26.097445+09:00 [info] <0.792.0>@leveled_inker:handle_call/3:780 log_ref=i0005 db_id=4 Inker closing journal for reason close
2026-09-11 20:18:26.097694+09:00 [info] <0.793.0>@leveled_inker:shutdown_manifest/1:1036 log_ref=i0007 db_id=0 Inker manifest when closing is:
2026-09-11 20:18:26.097633+09:00 [info] <0.792.0>@leveled_inker:handle_call/3:782 log_ref=i0006 db_id=4 Close triggered with journal_sqn=0 and manifest_sqn=2
2026-09-11 20:18:26.097817+09:00 [info] <0.792.0>@leveled_inker:shutdown_manifest/1:1036 log_ref=i0007 db_id=4 Inker manifest when closing is:
2026-09-11 20:18:26.098058+09:00 [info] <0.826.0>@leveled_pclerk:terminate/2:178 log_ref=pc005 db_id=0 Penciller's Clerk <0.826.0> shutdown now complete for reason normal
2026-09-11 20:18:26.098075+09:00 [info] <0.824.0>@leveled_pclerk:terminate/2:178 log_ref=pc005 db_id=4 Penciller's Clerk <0.824.0> shutdown now complete for reason normal
2026-09-11 20:18:26.098162+09:00 [info] <0.821.0>@leveled_penciller:handle_call/3:1068 log_ref=p0008 db_id=0 Penciller closing for reason close
2026-09-11 20:18:26.098212+09:00 [info] <0.819.0>@leveled_penciller:handle_call/3:1068 log_ref=p0008 db_id=4 Penciller closing for reason close
2026-09-11 20:18:26.098214+09:00 [info] <0.821.0>@leveled_penciller:handle_call/3:1084 log_ref=p0010 db_id=0 level zero discarded_count=0 on close of Penciller
2026-09-11 20:18:26.098290+09:00 [info] <0.819.0>@leveled_penciller:handle_call/3:1084 log_ref=p0010 db_id=4 level zero discarded_count=0 on close of Penciller
2026-09-11 20:18:26.098426+09:00 [info] <0.776.0>@leveled_bookie:terminate/2:1803 log_ref=b0003 db_id=0 Bookie closing for reason normal
2026-09-11 20:18:26.098462+09:00 [info] <0.777.0>@leveled_bookie:terminate/2:1803 log_ref=b0003 db_id=4 Bookie closing for reason normal
2026-09-11 20:18:26.169252+09:00 [info] <0.874.0>@aae_treecache:save_to_disk/3:403 log_ref=c0003 Saving tree cache to path /var/lib/riak/tictac_aae/0/aaetree/0_3/ and filename 1.pnd
2026-09-11 20:18:26.173381+09:00 [info] <0.871.0>@aae_treecache:save_to_disk/3:403 log_ref=c0003 Saving tree cache to path /var/lib/riak/tictac_aae/730750818665451459101842416358141509827966271488/aaetree/730750818665451459101842416358141509827966271488_3/ and filename 1.pnd
2026-09-11 20:18:26.244415+09:00 [info] <0.866.0>@aae_treecache:save_to_disk/3:403 log_ref=c0003 Saving tree cache to path /var/lib/riak/tictac_aae/0/aaetree/1278813932664540053428224228626747642198940975104_3/ and filename 1.pnd
2026-09-11 20:18:26.252088+09:00 [info] <0.864.0>@aae_treecache:save_to_disk/3:403 log_ref=c0003 Saving tree cache to path /var/lib/riak/tictac_aae/730750818665451459101842416358141509827966271488/aaetree/548063113999088594326381812268606132370974703616_3/ and filename 1.pnd
2026-09-11 20:18:26.308324+09:00 [info] <0.859.0>@aae_treecache:save_to_disk/3:403 log_ref=c0003 Saving tree cache to path /var/lib/riak/tictac_aae/0/aaetree/1096126227998177188652763624537212264741949407232_3/ and filename 1.pnd
2026-09-11 20:18:26.322853+09:00 [info] <0.858.0>@aae_treecache:save_to_disk/3:403 log_ref=c0003 Saving tree cache to path /var/lib/riak/tictac_aae/730750818665451459101842416358141509827966271488/aaetree/365375409332725729550921208179070754913983135744_3/ and filename 1.pnd
2026-09-11 20:18:26.325402+09:00 [info] <0.208.0>@riak_core_app:stop/1:118 Stopped  application riak_core.
