2026-09-11 18:33:49.087230+09:00 [info] <0.44.0>@application_controller:info_started/2:2130 Application: kernel. Started at: 'openriak-kv@node-01.cluster-a.openriak'.
2026-09-11 18:33:49.136703+09:00 [info] <0.44.0>@application_controller:info_started/2:2130 Application: stdlib. Started at: 'openriak-kv@node-01.cluster-a.openriak'.
2026-09-11 18:33:49.138346+09:00 [info] <0.44.0>@application_controller:info_started/2:2130 Application: asn1. Started at: 'openriak-kv@node-01.cluster-a.openriak'.
2026-09-11 18:33:49.139393+09:00 [info] <0.44.0>@application_controller:info_started/2:2130 Application: crypto. Started at: 'openriak-kv@node-01.cluster-a.openriak'.
2026-09-11 18:33:49.140205+09:00 [info] <0.44.0>@application_controller:info_started/2:2130 Application: public_key. Started at: 'openriak-kv@node-01.cluster-a.openriak'.
2026-09-11 18:33:49.154777+09:00 [info] <0.77.0>@supervisor:report_progress/2:1582 Supervisor: {local,logger_sup}. Started: id=ssl_handler,pid=<0.97.0>.
2026-09-11 18:33:49.179225+09:00 [info] <0.100.0>@supervisor:report_progress/2:1582 Supervisor: {local,ssl_admin_sup}. Started: id=ssl_pem_cache,pid=<0.101.0>.
2026-09-11 18:33:49.201189+09:00 [info] <0.100.0>@supervisor:report_progress/2:1582 Supervisor: {local,ssl_admin_sup}. Started: id=ssl_manager,pid=<0.102.0>.
2026-09-11 18:33:49.208916+09:00 [info] <0.100.0>@supervisor:report_progress/2:1582 Supervisor: {local,ssl_admin_sup}. Started: id=tls_client_ticket_store,pid=<0.103.0>.
2026-09-11 18:33:49.209676+09:00 [info] <0.99.0>@supervisor:report_progress/2:1582 Supervisor: {local,ssl_sup}. Started: id=ssl_admin_sup,pid=<0.100.0>.
2026-09-11 18:33:49.221824+09:00 [info] <0.105.0>@supervisor:report_progress/2:1582 Supervisor: {local,tls_sup}. Started: id=tls_connection_sup,pid=<0.106.0>.
2026-09-11 18:33:49.230553+09:00 [info] <0.107.0>@supervisor:report_progress/2:1582 Supervisor: {local,tls_server_sup}. Started: id=ssl_listen_tracker_sup,pid=<0.108.0>.
2026-09-11 18:33:49.234655+09:00 [info] <0.107.0>@supervisor:report_progress/2:1582 Supervisor: {local,tls_server_sup}. Started: id=tls_server_session_ticket,pid=<0.109.0>.
2026-09-11 18:33:49.238710+09:00 [info] <0.107.0>@supervisor:report_progress/2:1582 Supervisor: {local,tls_server_sup}. Started: id=ssl_server_session_cache_sup,pid=<0.110.0>.
2026-09-11 18:33:49.242524+09:00 [info] <0.107.0>@supervisor:report_progress/2:1582 Supervisor: {local,tls_server_sup}. Started: id=ssl_upgrade_server_session_cache_sup,pid=<0.111.0>.
2026-09-11 18:33:49.243141+09:00 [info] <0.105.0>@supervisor:report_progress/2:1582 Supervisor: {local,tls_sup}. Started: id=tls_server_sup,pid=<0.107.0>.
2026-09-11 18:33:49.243654+09:00 [info] <0.104.0>@supervisor:report_progress/2:1582 Supervisor: {local,ssl_connection_sup}. Started: id=tls_sup,pid=<0.105.0>.
2026-09-11 18:33:49.250088+09:00 [info] <0.112.0>@supervisor:report_progress/2:1582 Supervisor: {local,dtls_sup}. Started: id=dtls_connection_sup,pid=<0.113.0>.
2026-09-11 18:33:49.257429+09:00 [info] <0.114.0>@supervisor:report_progress/2:1582 Supervisor: {local,dtls_server_sup}. Started: id=dtls_listener_sup,pid=<0.115.0>.
2026-09-11 18:33:49.261585+09:00 [info] <0.114.0>@supervisor:report_progress/2:1582 Supervisor: {local,dtls_server_sup}. Started: id=dtls_server_session_cache_sup,pid=<0.116.0>.
2026-09-11 18:33:49.262236+09:00 [info] <0.112.0>@supervisor:report_progress/2:1582 Supervisor: {local,dtls_sup}. Started: id=dtls_server_sup,pid=<0.114.0>.
2026-09-11 18:33:49.262912+09:00 [info] <0.104.0>@supervisor:report_progress/2:1582 Supervisor: {local,ssl_connection_sup}. Started: id=dtls_sup,pid=<0.112.0>.
2026-09-11 18:33:49.263479+09:00 [info] <0.99.0>@supervisor:report_progress/2:1582 Supervisor: {local,ssl_sup}. Started: id=ssl_connection_sup,pid=<0.104.0>.
2026-09-11 18:33:49.264390+09:00 [info] <0.44.0>@application_controller:info_started/2:2130 Application: ssl. Started at: 'openriak-kv@node-01.cluster-a.openriak'.
2026-09-11 18:33:49.265366+09:00 [info] <0.44.0>@application_controller:info_started/2:2130 Application: hut. Started at: 'openriak-kv@node-01.cluster-a.openriak'.
2026-09-11 18:33:49.273985+09:00 [info] <0.121.0>@supervisor:report_progress/2:1582 Supervisor: {local,setup_sup}. Started: id=setup_srv,pid=<0.122.0>.
2026-09-11 18:33:49.307934+09:00 [notice] <0.122.0>@: Setup running ...
2026-09-11 18:33:49.322663+09:00 [notice] <0.122.0>@: Directories verified. Res = ok
2026-09-11 18:33:49.335940+09:00 [notice] <0.122.0>@: Setup finished processing hooks (Mode=normal)...
2026-09-11 18:33:49.337264+09:00 [info] <0.44.0>@application_controller:info_started/2:2130 Application: setup. Started at: 'openriak-kv@node-01.cluster-a.openriak'.
2026-09-11 18:33:49.338106+09:00 [info] <0.44.0>@application_controller:info_started/2:2130 Application: syntax_tools. Started at: 'openriak-kv@node-01.cluster-a.openriak'.
2026-09-11 18:33:49.338893+09:00 [info] <0.44.0>@application_controller:info_started/2:2130 Application: compiler. Started at: 'openriak-kv@node-01.cluster-a.openriak'.
2026-09-11 18:33:49.339488+09:00 [info] <0.44.0>@application_controller:info_started/2:2130 Application: parse_trans. Started at: 'openriak-kv@node-01.cluster-a.openriak'.
2026-09-11 18:33:49.371254+09:00 [info] <0.129.0>@supervisor:report_progress/2:1582 Supervisor: {local,exometer_core_sup}. Started: id=exometer_admin,pid=<0.130.0>.
2026-09-11 18:33:49.378718+09:00 [info] <0.129.0>@supervisor:report_progress/2:1582 Supervisor: {local,exometer_core_sup}. Started: id=exometer_cache,pid=<0.131.0>.
2026-09-11 18:33:49.405777+09:00 [info] <0.129.0>@supervisor:report_progress/2:1582 Supervisor: {local,exometer_core_sup}. Started: id=exometer_report,pid=<0.132.0>.
2026-09-11 18:33:49.410364+09:00 [info] <0.129.0>@supervisor:report_progress/2:1582 Supervisor: {local,exometer_core_sup}. Started: id=exometer_report_logger_sup,pid=<0.133.0>.
2026-09-11 18:33:49.422917+09:00 [info] <0.129.0>@supervisor:report_progress/2:1582 Supervisor: {local,exometer_core_sup}. Started: id=exometer_alias,pid=<0.134.0>.
2026-09-11 18:33:49.426181+09:00 [info] <0.132.0>@exometer_report:do_start_reporters/1:695 Starting reporters with []
2026-09-11 18:33:49.430118+09:00 [info] <0.44.0>@application_controller:info_started/2:2130 Application: exometer_core. Started at: 'openriak-kv@node-01.cluster-a.openriak'.
2026-09-11 18:33:49.442655+09:00 [info] <0.139.0>@supervisor:report_progress/2:1582 Supervisor: {local,sasl_safe_sup}. Started: id=alarm_handler,pid=<0.140.0>.
2026-09-11 18:33:49.443470+09:00 [info] <0.138.0>@supervisor:report_progress/2:1582 Supervisor: {local,sasl_sup}. Started: id=sasl_safe_sup,pid=<0.139.0>.
2026-09-11 18:33:49.498752+09:00 [info] <0.138.0>@supervisor:report_progress/2:1582 Supervisor: {local,sasl_sup}. Started: id=release_handler,pid=<0.141.0>.
2026-09-11 18:33:49.500173+09:00 [info] <0.44.0>@application_controller:info_started/2:2130 Application: sasl. Started at: 'openriak-kv@node-01.cluster-a.openriak'.
2026-09-11 18:33:49.529537+09:00 [info] <0.49.0>@supervisor:report_progress/2:1582 Supervisor: {local,kernel_sup}. Started: id=timer_server,pid=<0.148.0>.
2026-09-11 18:33:49.531892+09:00 [info] <0.146.0>@supervisor:report_progress/2:1582 Supervisor: {local,riak_sysmon_sup}. Started: id=riak_sysmon_filter,pid=<0.147.0>.
2026-09-11 18:33:49.532711+09:00 [info] <0.146.0>@supervisor:report_progress/2:1582 Supervisor: {local,riak_sysmon_sup}. Started: id=riak_sysmon_mgr,pid=<0.150.0>.
2026-09-11 18:33:49.533761+09:00 [info] <0.44.0>@application_controller:info_started/2:2130 Application: riak_sysmon. Started at: 'openriak-kv@node-01.cluster-a.openriak'.
2026-09-11 18:33:49.563542+09:00 [info] <0.154.0>@supervisor:report_progress/2:1582 Supervisor: {local,os_mon_sup}. Started: id=disksup,pid=<0.155.0>.
2026-09-11 18:33:49.583046+09:00 [info] <0.154.0>@supervisor:report_progress/2:1582 Supervisor: {local,os_mon_sup}. Started: id=memsup,pid=<0.156.0>.
2026-09-11 18:33:49.603896+09:00 [info] <0.154.0>@supervisor:report_progress/2:1582 Supervisor: {local,os_mon_sup}. Started: id=cpu_sup,pid=<0.158.0>.
2026-09-11 18:33:49.605739+09:00 [info] <0.44.0>@application_controller:info_started/2:2130 Application: os_mon. Started at: 'openriak-kv@node-01.cluster-a.openriak'.
2026-09-11 18:33:49.607846+09:00 [info] <0.44.0>@application_controller:info_started/2:2130 Application: observer. Started at: 'openriak-kv@node-01.cluster-a.openriak'.
2026-09-11 18:33:49.676075+09:00 [info] <0.165.0>@supervisor:report_progress/2:1582 Supervisor: {local,runtime_tools_sup}. Started: id=ttb_autostart,pid=<0.166.0>.
2026-09-11 18:33:49.678378+09:00 [info] <0.44.0>@application_controller:info_started/2:2130 Application: runtime_tools. Started at: 'openriak-kv@node-01.cluster-a.openriak'.
2026-09-11 18:33:49.680135+09:00 [info] <0.44.0>@application_controller:info_started/2:2130 Application: xmerl. Started at: 'openriak-kv@node-01.cluster-a.openriak'.
2026-09-11 18:33:49.772423+09:00 [info] <0.173.0>@supervisor:report_progress/2:1582 Supervisor: {local,httpc_profile_sup}. Started: id=httpc_manager,pid=<0.174.0>.
2026-09-11 18:33:49.773678+09:00 [info] <0.172.0>@supervisor:report_progress/2:1582 Supervisor: {local,httpc_sup}. Started: id=httpc_profile_sup,pid=<0.173.0>.
2026-09-11 18:33:49.778766+09:00 [info] <0.172.0>@supervisor:report_progress/2:1582 Supervisor: {local,httpc_sup}. Started: id=httpc_handler_sup,pid=<0.175.0>.
2026-09-11 18:33:49.779649+09:00 [info] <0.171.0>@supervisor:report_progress/2:1582 Supervisor: {local,inets_sup}. Started: id=httpc_sup,pid=<0.172.0>.
2026-09-11 18:33:49.787099+09:00 [info] <0.171.0>@supervisor:report_progress/2:1582 Supervisor: {local,inets_sup}. Started: id=httpd_sup,pid=<0.176.0>.
2026-09-11 18:33:49.788059+09:00 [info] <0.44.0>@application_controller:info_started/2:2130 Application: inets. Started at: 'openriak-kv@node-01.cluster-a.openriak'.
2026-09-11 18:33:49.789454+09:00 [info] <0.44.0>@application_controller:info_started/2:2130 Application: mochiweb. Started at: 'openriak-kv@node-01.cluster-a.openriak'.
2026-09-11 18:33:49.811804+09:00 [info] <0.181.0>@supervisor:report_progress/2:1582 Supervisor: {local,webmachine_sup}. Started: id=webmachine_logger,pid=<0.182.0>.
2026-09-11 18:33:49.816733+09:00 [info] <0.181.0>@supervisor:report_progress/2:1582 Supervisor: {local,webmachine_sup}. Started: id=webmachine_logger_watcher_sup,pid=<0.183.0>.
2026-09-11 18:33:49.822936+09:00 [info] <0.181.0>@supervisor:report_progress/2:1582 Supervisor: {local,webmachine_sup}. Started: id=webmachine_router,pid=<0.184.0>.
2026-09-11 18:33:49.824029+09:00 [info] <0.44.0>@application_controller:info_started/2:2130 Application: webmachine. Started at: 'openriak-kv@node-01.cluster-a.openriak'.
2026-09-11 18:33:49.825197+09:00 [info] <0.44.0>@application_controller:info_started/2:2130 Application: basho_stats. Started at: 'openriak-kv@node-01.cluster-a.openriak'.
2026-09-11 18:33:49.838281+09:00 [info] <0.189.0>@supervisor:report_progress/2:1582 Supervisor: {local,bitcask_sup}. Started: id=bitcask_merge_worker,pid=<0.190.0>.
2026-09-11 18:33:49.843995+09:00 [info] <0.189.0>@supervisor:report_progress/2:1582 Supervisor: {local,bitcask_sup}. Started: id=bitcask_merge_delete,pid=<0.191.0>.
2026-09-11 18:33:49.844954+09:00 [info] <0.44.0>@application_controller:info_started/2:2130 Application: bitcask. Started at: 'openriak-kv@node-01.cluster-a.openriak'.
2026-09-11 18:33:49.846147+09:00 [info] <0.44.0>@application_controller:info_started/2:2130 Application: getopt. Started at: 'openriak-kv@node-01.cluster-a.openriak'.
2026-09-11 18:33:49.847080+09:00 [info] <0.44.0>@application_controller:info_started/2:2130 Application: cuttlefish. Started at: 'openriak-kv@node-01.cluster-a.openriak'.
2026-09-11 18:33:49.892680+09:00 [info] <0.197.0>@supervisor:report_progress/2:1582 Supervisor: {local,clique_sup}. Started: id=clique_manager,pid=<0.198.0>.
2026-09-11 18:33:49.893913+09:00 [info] <0.44.0>@application_controller:info_started/2:2130 Application: clique. Started at: 'openriak-kv@node-01.cluster-a.openriak'.
2026-09-11 18:33:49.895666+09:00 [info] <0.44.0>@application_controller:info_started/2:2130 Application: eleveldb. Started at: 'openriak-kv@node-01.cluster-a.openriak'.
2026-09-11 18:33:49.896916+09:00 [info] <0.44.0>@application_controller:info_started/2:2130 Application: pbkdf2. Started at: 'openriak-kv@node-01.cluster-a.openriak'.
2026-09-11 18:33:49.897938+09:00 [info] <0.44.0>@application_controller:info_started/2:2130 Application: poolboy. Started at: 'openriak-kv@node-01.cluster-a.openriak'.
2026-09-11 18:33:49.921864+09:00 [info] <0.44.0>@application_controller:info_started/2:2130 Application: cluster_info. Started at: 'openriak-kv@node-01.cluster-a.openriak'.
2026-09-11 18:33:50.035687+09:00 [info] <0.209.0>@supervisor:report_progress/2:1582 Supervisor: {local,riak_core_sup}. Started: id=riak_core_bg_manager,pid=<0.210.0>.
2026-09-11 18:33:50.048990+09:00 [info] <0.209.0>@supervisor:report_progress/2:1582 Supervisor: {local,riak_core_sup}. Started: id=riak_core_sysmon_minder,pid=<0.211.0>.
2026-09-11 18:33:50.055968+09:00 [info] <0.209.0>@supervisor:report_progress/2:1582 Supervisor: {local,riak_core_sup}. Started: id=riak_core_vnode_sup,pid=<0.212.0>.
2026-09-11 18:33:50.061750+09:00 [info] <0.209.0>@supervisor:report_progress/2:1582 Supervisor: {local,riak_core_sup}. Started: id=riak_core_eventhandler_sup,pid=<0.213.0>.
2026-09-11 18:33:50.069270+09:00 [info] <0.209.0>@supervisor:report_progress/2:1582 Supervisor: {local,riak_core_sup}. Started: id=riak_core_dist_mon,pid=<0.214.0>.
2026-09-11 18:33:50.080212+09:00 [info] <0.215.0>@supervisor:report_progress/2:1582 Supervisor: {local,riak_core_handoff_sup}. Started: id=riak_core_handoff_receiver_sup,pid=<0.216.0>.
2026-09-11 18:33:50.085415+09:00 [info] <0.215.0>@supervisor:report_progress/2:1582 Supervisor: {local,riak_core_handoff_sup}. Started: id=riak_core_handoff_sender_sup,pid=<0.217.0>.
2026-09-11 18:33:50.125696+09:00 [info] <0.218.0>@supervisor:report_progress/2:1582 Supervisor: {local,riak_core_handoff_listener_sup}. Started: id=riak_core_handoff_listener,pid=<0.219.0>.
2026-09-11 18:33:50.126803+09:00 [info] <0.215.0>@supervisor:report_progress/2:1582 Supervisor: {local,riak_core_handoff_sup}. Started: id=riak_core_handoff_listener_sup,pid=<0.218.0>.
2026-09-11 18:33:50.156852+09:00 [info] <0.215.0>@supervisor:report_progress/2:1582 Supervisor: {local,riak_core_handoff_sup}. Started: id=riak_core_handoff_manager,pid=<0.221.0>.
2026-09-11 18:33:50.158104+09:00 [info] <0.209.0>@supervisor:report_progress/2:1582 Supervisor: {local,riak_core_sup}. Started: id=riak_core_handoff_sup,pid=<0.215.0>.
2026-09-11 18:33:50.164063+09:00 [info] <0.209.0>@supervisor:report_progress/2:1582 Supervisor: {local,riak_core_sup}. Started: id=riak_core_ring_events,pid=<0.222.0>.
2026-09-11 18:33:51.639068+09:00 [warning] <0.223.0>@riak_core_ring_manager:reload_ring/1:388 No ring file available.
2026-09-11 18:33:51.765888+09:00 [info] <0.209.0>@supervisor:report_progress/2:1582 Supervisor: {local,riak_core_sup}. Started: id=riak_core_ring_manager,pid=<0.223.0>.
2026-09-11 18:33:51.877951+09:00 [info] <0.82.0>@supervisor:report_progress/2:1582 Supervisor: {local,kernel_safe_sup}. Started: id=dets_sup,pid=<0.227.0>.
2026-09-11 18:33:51.879952+09:00 [info] <0.82.0>@supervisor:report_progress/2:1582 Supervisor: {local,kernel_safe_sup}. Started: id=dets,pid=<0.228.0>.
2026-09-11 18:33:51.994805+09:00 [info] <0.209.0>@supervisor:report_progress/2:1582 Supervisor: {local,riak_core_sup}. Started: id=riak_core_metadata_manager,pid=<0.226.0>.
2026-09-11 18:33:52.420722+09:00 [info] <0.209.0>@supervisor:report_progress/2:1582 Supervisor: {local,riak_core_sup}. Started: id=riak_core_metadata_hashtree,pid=<0.231.0>.
2026-09-11 18:33:52.443749+09:00 [info] <0.209.0>@supervisor:report_progress/2:1582 Supervisor: {local,riak_core_sup}. Started: id=riak_core_broadcast,pid=<0.234.0>.
2026-09-11 18:33:52.452374+09:00 [info] <0.209.0>@supervisor:report_progress/2:1582 Supervisor: {local,riak_core_sup}. Started: id=riak_core_vnode_proxy_sup,pid=<0.235.0>.
2026-09-11 18:33:52.459448+09:00 [info] <0.209.0>@supervisor:report_progress/2:1582 Supervisor: {local,riak_core_sup}. Started: id=riak_core_node_watcher_events,pid=<0.236.0>.
2026-09-11 18:33:52.481798+09:00 [info] <0.209.0>@supervisor:report_progress/2:1582 Supervisor: {local,riak_core_sup}. Started: id=riak_core_node_watcher,pid=<0.237.0>.
2026-09-11 18:33:52.519471+09:00 [info] <0.209.0>@supervisor:report_progress/2:1582 Supervisor: {local,riak_core_sup}. Started: id=riak_core_vnode_manager,pid=<0.238.0>.
2026-09-11 18:33:52.537492+09:00 [info] <0.209.0>@supervisor:report_progress/2:1582 Supervisor: {local,riak_core_sup}. Started: id=riak_core_capability,pid=<0.239.0>.
2026-09-11 18:33:52.539642+09:00 [info] <0.209.0>@supervisor:report_progress/2:1582 Supervisor: {local,riak_core_sup}. Started: id=riak_core_gossip,pid=<0.240.0>.
2026-09-11 18:33:52.574419+09:00 [info] <0.209.0>@supervisor:report_progress/2:1582 Supervisor: {local,riak_core_sup}. Started: id=riak_core_claimant,pid=<0.241.0>.
2026-09-11 18:33:52.581790+09:00 [info] <0.209.0>@supervisor:report_progress/2:1582 Supervisor: {local,riak_core_sup}. Started: id=riak_core_table_owner,pid=<0.242.0>.
2026-09-11 18:33:52.598201+09:00 [info] <0.244.0>@supervisor:report_progress/2:1582 Supervisor: {local,riak_core_stats_sup}. Started: id=riak_core_stat_cache,pid=<0.245.0>.
2026-09-11 18:33:52.599353+09:00 [info] <0.243.0>@supervisor:report_progress/2:1582 Supervisor: {local,riak_core_stat_sup}. Started: id=riak_core_stats_sup,pid=<0.244.0>.
2026-09-11 18:33:52.600049+09:00 [info] <0.209.0>@supervisor:report_progress/2:1582 Supervisor: {local,riak_core_sup}. Started: id=riak_core_stat_sup,pid=<0.243.0>.
2026-09-11 18:33:52.605721+09:00 [info] <0.209.0>@supervisor:report_progress/2:1582 Supervisor: {local,riak_core_sup}. Started: id=riak_core_node_worker_pool_sup,pid=<0.246.0>.
2026-09-11 18:33:52.821220+09:00 [info] <0.244.0>@supervisor:report_progress/2:1582 Supervisor: {local,riak_core_stats_sup}. Started: id=riak_core_stat,pid=<0.247.0>.
2026-09-11 18:33:52.862885+09:00 [info] <0.213.0>@supervisor:report_progress/2:1582 Supervisor: {local,riak_core_eventhandler_sup}. Started: id={riak_core_ring_events,riak_core_ring_handler},pid=<0.270.0>.
2026-09-11 18:33:52.883394+09:00 [info] <0.239.0>@riak_core_capability:process_capability_changes/2:557 New capability: {riak_core,vnode_routing} = proxy
2026-09-11 18:33:52.900051+09:00 [info] <0.239.0>@riak_core_capability:process_capability_changes/2:557 New capability: {riak_core,staged_joins} = true
2026-09-11 18:33:52.920090+09:00 [info] <0.239.0>@riak_core_capability:process_capability_changes/2:557 New capability: {riak_core,resizable_ring} = true
2026-09-11 18:33:52.933092+09:00 [info] <0.239.0>@riak_core_capability:process_capability_changes/2:557 New capability: {riak_core,fold_req_version} = v2
2026-09-11 18:33:52.948253+09:00 [info] <0.239.0>@riak_core_capability:process_capability_changes/2:557 New capability: {riak_core,security} = true
2026-09-11 18:33:52.961622+09:00 [info] <0.239.0>@riak_core_capability:process_capability_changes/2:557 New capability: {riak_core,bucket_types} = true
2026-09-11 18:33:52.974229+09:00 [info] <0.239.0>@riak_core_capability:process_capability_changes/2:557 New capability: {riak_core,net_ticktime} = true
2026-09-11 18:33:53.790732+09:00 [info] <0.44.0>@application_controller:info_started/2:2130 Application: riak_core. Started at: 'openriak-kv@node-01.cluster-a.openriak'.
2026-09-11 18:33:53.809483+09:00 [info] <0.239.0>@riak_core_capability:process_capability_changes/2:557 New capability: {riak_pipe,trace_format} = ordsets
2026-09-11 18:33:53.832532+09:00 [info] <0.277.0>@supervisor:report_progress/2:1582 Supervisor: {local,riak_pipe_sup}. Started: id=riak_pipe_vnode_master,pid=<0.278.0>.
2026-09-11 18:33:53.839605+09:00 [info] <0.277.0>@supervisor:report_progress/2:1582 Supervisor: {local,riak_pipe_sup}. Started: id=riak_pipe_builder_sup,pid=<0.279.0>.
2026-09-11 18:33:53.846489+09:00 [info] <0.277.0>@supervisor:report_progress/2:1582 Supervisor: {local,riak_pipe_sup}. Started: id=riak_pipe_fitting_sup,pid=<0.280.0>.
2026-09-11 18:33:53.853065+09:00 [info] <0.277.0>@supervisor:report_progress/2:1582 Supervisor: {local,riak_pipe_sup}. Started: id=riak_pipe_qcover_sup,pid=<0.281.0>.
2026-09-11 18:33:53.867263+09:00 [info] <0.235.0>@supervisor:report_progress/2:1582 Supervisor: {local,riak_core_vnode_proxy_sup}. Started: id={riak_pipe_vnode,0},pid=<0.282.0>.
2026-09-11 18:33:53.870242+09:00 [info] <0.235.0>@supervisor:report_progress/2:1582 Supervisor: {local,riak_core_vnode_proxy_sup}. Started: id={riak_pipe_vnode,182687704666362864775460604089535377456991567872},pid=<0.283.0>.
2026-09-11 18:33:53.871553+09:00 [info] <0.235.0>@supervisor:report_progress/2:1582 Supervisor: {local,riak_core_vnode_proxy_sup}. Started: id={riak_pipe_vnode,365375409332725729550921208179070754913983135744},pid=<0.284.0>.
2026-09-11 18:33:53.872711+09:00 [info] <0.235.0>@supervisor:report_progress/2:1582 Supervisor: {local,riak_core_vnode_proxy_sup}. Started: id={riak_pipe_vnode,548063113999088594326381812268606132370974703616},pid=<0.285.0>.
2026-09-11 18:33:53.873768+09:00 [info] <0.235.0>@supervisor:report_progress/2:1582 Supervisor: {local,riak_core_vnode_proxy_sup}. Started: id={riak_pipe_vnode,730750818665451459101842416358141509827966271488},pid=<0.286.0>.
2026-09-11 18:33:53.875434+09:00 [info] <0.235.0>@supervisor:report_progress/2:1582 Supervisor: {local,riak_core_vnode_proxy_sup}. Started: id={riak_pipe_vnode,913438523331814323877303020447676887284957839360},pid=<0.287.0>.
2026-09-11 18:33:53.876398+09:00 [info] <0.235.0>@supervisor:report_progress/2:1582 Supervisor: {local,riak_core_vnode_proxy_sup}. Started: id={riak_pipe_vnode,1096126227998177188652763624537212264741949407232},pid=<0.288.0>.
2026-09-11 18:33:53.877339+09:00 [info] <0.235.0>@supervisor:report_progress/2:1582 Supervisor: {local,riak_core_vnode_proxy_sup}. Started: id={riak_pipe_vnode,1278813932664540053428224228626747642198940975104},pid=<0.289.0>.
2026-09-11 18:33:53.886041+09:00 [info] <0.244.0>@supervisor:report_progress/2:1582 Supervisor: {local,riak_core_stats_sup}. Started: id=riak_pipe_stat,pid=<0.290.0>.
2026-09-11 18:33:53.899004+09:00 [info] <0.44.0>@application_controller:info_started/2:2130 Application: riak_pipe. Started at: 'openriak-kv@node-01.cluster-a.openriak'.
2026-09-11 18:33:53.900395+09:00 [info] <0.44.0>@application_controller:info_started/2:2130 Application: tools. Started at: 'openriak-kv@node-01.cluster-a.openriak'.
2026-09-11 18:33:53.901493+09:00 [info] <0.44.0>@application_controller:info_started/2:2130 Application: riak_pb. Started at: 'openriak-kv@node-01.cluster-a.openriak'.
2026-09-11 18:33:53.940703+09:00 [info] <0.298.0>@supervisor:report_progress/2:1582 Supervisor: {local,riak_api_sup}. Started: id=riak_api_pb_registration_helper,pid=<0.299.0>.
2026-09-11 18:33:53.953271+09:00 [info] <0.298.0>@supervisor:report_progress/2:1582 Supervisor: {local,riak_api_sup}. Started: id=riak_api_pb_registrar,pid=<0.300.0>.
2026-09-11 18:33:53.961843+09:00 [info] <0.298.0>@supervisor:report_progress/2:1582 Supervisor: {local,riak_api_sup}. Started: id=riak_api_pb_sup,pid=<0.301.0>.
2026-09-11 18:33:53.964597+09:00 [info] <0.298.0>@supervisor:report_progress/2:1582 Supervisor: {local,riak_api_sup}. Started: id=[112,98,58,47,47,34,48,46,48,46,48,46,48,34,58,56,48,56,55],pid=<0.302.0>.
2026-09-11 18:33:54.057717+09:00 [info] <0.298.0>@supervisor:report_progress/2:1582 Supervisor: {local,riak_api_sup}. Started: id=[104,116,116,112,58,47,47,48,46,48,46,48,46,48,58,56,48,57,56],pid=<0.305.0>.
2026-09-11 18:33:54.069223+09:00 [info] <0.244.0>@supervisor:report_progress/2:1582 Supervisor: {local,riak_core_stats_sup}. Started: id=riak_api_stat,pid=<0.322.0>.
2026-09-11 18:33:54.093867+09:00 [info] <0.44.0>@application_controller:info_started/2:2130 Application: riak_api. Started at: 'openriak-kv@node-01.cluster-a.openriak'.
2026-09-11 18:33:54.109219+09:00 [info] <0.44.0>@application_controller:info_started/2:2130 Application: sidejob. Started at: 'openriak-kv@node-01.cluster-a.openriak'.
2026-09-11 18:33:54.111030+09:00 [info] <0.44.0>@application_controller:info_started/2:2130 Application: riak_dt. Started at: 'openriak-kv@node-01.cluster-a.openriak'.
2026-09-11 18:33:54.113914+09:00 [info] <0.44.0>@application_controller:info_started/2:2130 Application: sext. Started at: 'openriak-kv@node-01.cluster-a.openriak'.
2026-09-11 18:33:54.115481+09:00 [info] <0.44.0>@application_controller:info_started/2:2130 Application: lz4. Started at: 'openriak-kv@node-01.cluster-a.openriak'.
2026-09-11 18:33:54.116866+09:00 [info] <0.44.0>@application_controller:info_started/2:2130 Application: zstd. Started at: 'openriak-kv@node-01.cluster-a.openriak'.
2026-09-11 18:33:54.118385+09:00 [info] <0.44.0>@application_controller:info_started/2:2130 Application: leveled. Started at: 'openriak-kv@node-01.cluster-a.openriak'.
2026-09-11 18:33:54.121249+09:00 [info] <0.44.0>@application_controller:info_started/2:2130 Application: kv_index_tictactree. Started at: 'openriak-kv@node-01.cluster-a.openriak'.
2026-09-11 18:33:54.122766+09:00 [info] <0.44.0>@application_controller:info_started/2:2130 Application: hyper. Started at: 'openriak-kv@node-01.cluster-a.openriak'.
2026-09-11 18:33:54.124260+09:00 [info] <0.44.0>@application_controller:info_started/2:2130 Application: redbug. Started at: 'openriak-kv@node-01.cluster-a.openriak'.
2026-09-11 18:33:54.125525+09:00 [info] <0.44.0>@application_controller:info_started/2:2130 Application: recon. Started at: 'openriak-kv@node-01.cluster-a.openriak'.
2026-09-11 18:33:54.126852+09:00 [info] <0.44.0>@application_controller:info_started/2:2130 Application: riakc. Started at: 'openriak-kv@node-01.cluster-a.openriak'.
2026-09-11 18:33:54.161935+09:00 [info] <0.341.0>@supervisor:report_progress/2:1582 Supervisor: {local,ibrowse_sup}. Started: id=ibrowse,pid=<0.342.0>.
2026-09-11 18:33:54.163321+09:00 [info] <0.44.0>@application_controller:info_started/2:2130 Application: ibrowse. Started at: 'openriak-kv@node-01.cluster-a.openriak'.
2026-09-11 18:33:54.164657+09:00 [info] <0.44.0>@application_controller:info_started/2:2130 Application: rhc. Started at: 'openriak-kv@node-01.cluster-a.openriak'.
2026-09-11 18:33:54.277767+09:00 [info] <0.350.0>@supervisor:report_progress/2:1582 Supervisor: {local,riak_kv_put_fsm_sj_worker_sup}. Started: id=riak_kv_put_fsm_sj_1,pid=<0.351.0>.
2026-09-11 18:33:54.280563+09:00 [info] <0.350.0>@supervisor:report_progress/2:1582 Supervisor: {local,riak_kv_put_fsm_sj_worker_sup}. Started: id=riak_kv_put_fsm_sj_2,pid=<0.352.0>.
2026-09-11 18:33:54.283461+09:00 [info] <0.350.0>@supervisor:report_progress/2:1582 Supervisor: {local,riak_kv_put_fsm_sj_worker_sup}. Started: id=riak_kv_put_fsm_sj_3,pid=<0.353.0>.
2026-09-11 18:33:54.285207+09:00 [info] <0.350.0>@supervisor:report_progress/2:1582 Supervisor: {local,riak_kv_put_fsm_sj_worker_sup}. Started: id=riak_kv_put_fsm_sj_4,pid=<0.354.0>.
2026-09-11 18:33:54.286611+09:00 [info] <0.350.0>@supervisor:report_progress/2:1582 Supervisor: {local,riak_kv_put_fsm_sj_worker_sup}. Started: id=riak_kv_put_fsm_sj_5,pid=<0.355.0>.
2026-09-11 18:33:54.287783+09:00 [info] <0.350.0>@supervisor:report_progress/2:1582 Supervisor: {local,riak_kv_put_fsm_sj_worker_sup}. Started: id=riak_kv_put_fsm_sj_6,pid=<0.356.0>.
2026-09-11 18:33:54.289037+09:00 [info] <0.350.0>@supervisor:report_progress/2:1582 Supervisor: {local,riak_kv_put_fsm_sj_worker_sup}. Started: id=riak_kv_put_fsm_sj_7,pid=<0.357.0>.
2026-09-11 18:33:54.290255+09:00 [info] <0.350.0>@supervisor:report_progress/2:1582 Supervisor: {local,riak_kv_put_fsm_sj_worker_sup}. Started: id=riak_kv_put_fsm_sj_8,pid=<0.358.0>.
2026-09-11 18:33:54.290986+09:00 [info] <0.349.0>@supervisor:report_progress/2:1582 Supervisor: {local,riak_kv_put_fsm_sj}. Started: id=sidejob_worker_sup,pid=<0.350.0>.
2026-09-11 18:33:54.292176+09:00 [info] <0.349.0>@supervisor:report_progress/2:1582 Supervisor: {local,riak_kv_put_fsm_sj}. Started: id=riak_kv_put_fsm_sj_stats,pid=<0.359.0>.
2026-09-11 18:33:54.292998+09:00 [info] <0.327.0>@supervisor:report_progress/2:1582 Supervisor: {local,sidejob_sup}. Started: id=riak_kv_put_fsm_sj,pid=<0.349.0>.
2026-09-11 18:33:54.314653+09:00 [info] <0.362.0>@supervisor:report_progress/2:1582 Supervisor: {local,riak_kv_get_fsm_sj_worker_sup}. Started: id=riak_kv_get_fsm_sj_1,pid=<0.363.0>.
2026-09-11 18:33:54.316296+09:00 [info] <0.362.0>@supervisor:report_progress/2:1582 Supervisor: {local,riak_kv_get_fsm_sj_worker_sup}. Started: id=riak_kv_get_fsm_sj_2,pid=<0.364.0>.
2026-09-11 18:33:54.317616+09:00 [info] <0.362.0>@supervisor:report_progress/2:1582 Supervisor: {local,riak_kv_get_fsm_sj_worker_sup}. Started: id=riak_kv_get_fsm_sj_3,pid=<0.365.0>.
2026-09-11 18:33:54.318751+09:00 [info] <0.362.0>@supervisor:report_progress/2:1582 Supervisor: {local,riak_kv_get_fsm_sj_worker_sup}. Started: id=riak_kv_get_fsm_sj_4,pid=<0.366.0>.
2026-09-11 18:33:54.319775+09:00 [info] <0.362.0>@supervisor:report_progress/2:1582 Supervisor: {local,riak_kv_get_fsm_sj_worker_sup}. Started: id=riak_kv_get_fsm_sj_5,pid=<0.367.0>.
2026-09-11 18:33:54.320947+09:00 [info] <0.362.0>@supervisor:report_progress/2:1582 Supervisor: {local,riak_kv_get_fsm_sj_worker_sup}. Started: id=riak_kv_get_fsm_sj_6,pid=<0.368.0>.
2026-09-11 18:33:54.322118+09:00 [info] <0.362.0>@supervisor:report_progress/2:1582 Supervisor: {local,riak_kv_get_fsm_sj_worker_sup}. Started: id=riak_kv_get_fsm_sj_7,pid=<0.369.0>.
2026-09-11 18:33:54.323057+09:00 [info] <0.362.0>@supervisor:report_progress/2:1582 Supervisor: {local,riak_kv_get_fsm_sj_worker_sup}. Started: id=riak_kv_get_fsm_sj_8,pid=<0.370.0>.
2026-09-11 18:33:54.323643+09:00 [info] <0.361.0>@supervisor:report_progress/2:1582 Supervisor: {local,riak_kv_get_fsm_sj}. Started: id=sidejob_worker_sup,pid=<0.362.0>.
2026-09-11 18:33:54.324320+09:00 [info] <0.361.0>@supervisor:report_progress/2:1582 Supervisor: {local,riak_kv_get_fsm_sj}. Started: id=riak_kv_get_fsm_sj_stats,pid=<0.371.0>.
2026-09-11 18:33:54.324862+09:00 [info] <0.327.0>@supervisor:report_progress/2:1582 Supervisor: {local,sidejob_sup}. Started: id=riak_kv_get_fsm_sj,pid=<0.361.0>.
2026-09-11 18:33:54.371351+09:00 [info] <0.374.0>@supervisor:report_progress/2:1582 Supervisor: {local,riak_kv_stat_sj_worker_sup}. Started: id=riak_kv_stat_sj_1,pid=<0.375.0>.
2026-09-11 18:33:54.372915+09:00 [info] <0.374.0>@supervisor:report_progress/2:1582 Supervisor: {local,riak_kv_stat_sj_worker_sup}. Started: id=riak_kv_stat_sj_2,pid=<0.376.0>.
2026-09-11 18:33:54.374495+09:00 [info] <0.374.0>@supervisor:report_progress/2:1582 Supervisor: {local,riak_kv_stat_sj_worker_sup}. Started: id=riak_kv_stat_sj_3,pid=<0.377.0>.
2026-09-11 18:33:54.375612+09:00 [info] <0.374.0>@supervisor:report_progress/2:1582 Supervisor: {local,riak_kv_stat_sj_worker_sup}. Started: id=riak_kv_stat_sj_4,pid=<0.378.0>.
2026-09-11 18:33:54.376661+09:00 [info] <0.374.0>@supervisor:report_progress/2:1582 Supervisor: {local,riak_kv_stat_sj_worker_sup}. Started: id=riak_kv_stat_sj_5,pid=<0.379.0>.
2026-09-11 18:33:54.377748+09:00 [info] <0.374.0>@supervisor:report_progress/2:1582 Supervisor: {local,riak_kv_stat_sj_worker_sup}. Started: id=riak_kv_stat_sj_6,pid=<0.380.0>.
2026-09-11 18:33:54.378768+09:00 [info] <0.374.0>@supervisor:report_progress/2:1582 Supervisor: {local,riak_kv_stat_sj_worker_sup}. Started: id=riak_kv_stat_sj_7,pid=<0.381.0>.
2026-09-11 18:33:54.379752+09:00 [info] <0.374.0>@supervisor:report_progress/2:1582 Supervisor: {local,riak_kv_stat_sj_worker_sup}. Started: id=riak_kv_stat_sj_8,pid=<0.382.0>.
2026-09-11 18:33:54.380597+09:00 [info] <0.373.0>@supervisor:report_progress/2:1582 Supervisor: {local,riak_kv_stat_sj}. Started: id=sidejob_worker_sup,pid=<0.374.0>.
2026-09-11 18:33:54.381586+09:00 [info] <0.373.0>@supervisor:report_progress/2:1582 Supervisor: {local,riak_kv_stat_sj}. Started: id=riak_kv_stat_sj_stats,pid=<0.383.0>.
2026-09-11 18:33:54.382219+09:00 [info] <0.327.0>@supervisor:report_progress/2:1582 Supervisor: {local,sidejob_sup}. Started: id=riak_kv_stat_sj,pid=<0.373.0>.
2026-09-11 18:33:54.430133+09:00 [info] <0.347.0>@riak_kv_env:doc_env/0:47 Environment and OS variables:
2026-09-11 18:33:55.351099+09:00 [info] <0.239.0>@riak_core_capability:process_capability_changes/2:557 New capability: {riak_kv,object_hash_version} = 0
2026-09-11 18:33:55.362623+09:00 [info] <0.239.0>@riak_core_capability:process_capability_changes/2:557 New capability: {riak_kv,anti_entropy} = enabled_v1
2026-09-11 18:33:55.373500+09:00 [info] <0.388.0>@riak_core_throttle:enable_throttle/2:121 Enabling throttle for riak_kv/aae_throttle.
2026-09-11 18:33:55.375004+09:00 [info] <0.387.0>@supervisor:report_progress/2:1582 Supervisor: {local,riak_kv_sup}. Started: id=riak_kv_entropy_manager,pid=<0.388.0>.
2026-09-11 18:33:55.422885+09:00 [info] <0.387.0>@supervisor:report_progress/2:1582 Supervisor: {local,riak_kv_sup}. Started: id=riak_kv_ttaaefs_manager,pid=<0.389.0>.
2026-09-11 18:33:55.450734+09:00 [info] <0.387.0>@supervisor:report_progress/2:1582 Supervisor: {local,riak_kv_sup}. Started: id=riak_kv_replrtq_src,pid=<0.390.0>.
2026-09-11 18:33:55.471168+09:00 [info] <0.387.0>@supervisor:report_progress/2:1582 Supervisor: {local,riak_kv_sup}. Started: id=riak_kv_replrtq_snk,pid=<0.391.0>.
2026-09-11 18:33:55.481781+09:00 [info] <0.387.0>@supervisor:report_progress/2:1582 Supervisor: {local,riak_kv_sup}. Started: id=riak_kv_replrtq_peer,pid=<0.392.0>.
2026-09-11 18:33:55.502354+09:00 [info] <0.387.0>@supervisor:report_progress/2:1582 Supervisor: {local,riak_kv_sup}. Started: id=riak_kv_reaper,pid=<0.393.0>.
2026-09-11 18:33:55.511763+09:00 [info] <0.387.0>@supervisor:report_progress/2:1582 Supervisor: {local,riak_kv_sup}. Started: id=riak_kv_eraser,pid=<0.394.0>.
2026-09-11 18:33:55.519500+09:00 [info] <0.387.0>@supervisor:report_progress/2:1582 Supervisor: {local,riak_kv_sup}. Started: id=riak_kv_reader,pid=<0.395.0>.
2026-09-11 18:33:55.533442+09:00 [info] <0.387.0>@supervisor:report_progress/2:1582 Supervisor: {local,riak_kv_sup}. Started: id=riak_kv_token_manager,pid=<0.396.0>.
2026-09-11 18:33:55.534688+09:00 [info] <0.387.0>@supervisor:report_progress/2:1582 Supervisor: {local,riak_kv_sup}. Started: id=riak_kv_vnode_master,pid=<0.397.0>.
2026-09-11 18:33:55.535854+09:00 [info] <0.397.0>@riak_core:wait_for_service/2:498 Waiting for service riak_kv to start (0 seconds)
2026-09-11 18:33:55.552406+09:00 [info] <0.398.0>@supervisor:report_progress/2:1582 Supervisor: {local,riak_kv_w1c_sup}. Started: id=riak_kv_w1c_worker00,pid=<0.399.0>.
2026-09-11 18:33:55.553615+09:00 [info] <0.398.0>@supervisor:report_progress/2:1582 Supervisor: {local,riak_kv_w1c_sup}. Started: id=riak_kv_w1c_worker01,pid=<0.400.0>.
2026-09-11 18:33:55.554408+09:00 [info] <0.398.0>@supervisor:report_progress/2:1582 Supervisor: {local,riak_kv_w1c_sup}. Started: id=riak_kv_w1c_worker02,pid=<0.401.0>.
2026-09-11 18:33:55.555393+09:00 [info] <0.398.0>@supervisor:report_progress/2:1582 Supervisor: {local,riak_kv_w1c_sup}. Started: id=riak_kv_w1c_worker03,pid=<0.402.0>.
2026-09-11 18:33:55.556256+09:00 [info] <0.398.0>@supervisor:report_progress/2:1582 Supervisor: {local,riak_kv_w1c_sup}. Started: id=riak_kv_w1c_worker04,pid=<0.403.0>.
2026-09-11 18:33:55.557159+09:00 [info] <0.398.0>@supervisor:report_progress/2:1582 Supervisor: {local,riak_kv_w1c_sup}. Started: id=riak_kv_w1c_worker05,pid=<0.404.0>.
2026-09-11 18:33:55.557821+09:00 [info] <0.398.0>@supervisor:report_progress/2:1582 Supervisor: {local,riak_kv_w1c_sup}. Started: id=riak_kv_w1c_worker06,pid=<0.405.0>.
2026-09-11 18:33:55.558451+09:00 [info] <0.398.0>@supervisor:report_progress/2:1582 Supervisor: {local,riak_kv_w1c_sup}. Started: id=riak_kv_w1c_worker07,pid=<0.406.0>.
2026-09-11 18:33:55.559003+09:00 [info] <0.387.0>@supervisor:report_progress/2:1582 Supervisor: {local,riak_kv_sup}. Started: id=riak_kv_w1c_sup,pid=<0.398.0>.
2026-09-11 18:33:55.564293+09:00 [info] <0.387.0>@supervisor:report_progress/2:1582 Supervisor: {local,riak_kv_sup}. Started: id=riak_kv_delete_sup,pid=<0.407.0>.
2026-09-11 18:33:55.569894+09:00 [info] <0.387.0>@supervisor:report_progress/2:1582 Supervisor: {local,riak_kv_sup}. Started: id=riak_kv_mrc_sink_sup,pid=<0.408.0>.
2026-09-11 18:33:55.575937+09:00 [info] <0.387.0>@supervisor:report_progress/2:1582 Supervisor: {local,riak_kv_sup}. Started: id=riak_kv_buckets_fsm_sup,pid=<0.409.0>.
2026-09-11 18:33:55.581979+09:00 [info] <0.387.0>@supervisor:report_progress/2:1582 Supervisor: {local,riak_kv_sup}. Started: id=riak_kv_keys_fsm_sup,pid=<0.410.0>.
2026-09-11 18:33:55.587644+09:00 [info] <0.387.0>@supervisor:report_progress/2:1582 Supervisor: {local,riak_kv_sup}. Started: id=riak_kv_index_fsm_sup,pid=<0.411.0>.
2026-09-11 18:33:55.592962+09:00 [info] <0.387.0>@supervisor:report_progress/2:1582 Supervisor: {local,riak_kv_sup}. Started: id=riak_kv_query_sup,pid=<0.412.0>.
2026-09-11 18:33:55.598405+09:00 [info] <0.387.0>@supervisor:report_progress/2:1582 Supervisor: {local,riak_kv_sup}. Started: id=riak_kv_clusteraae_fsm_sup,pid=<0.413.0>.
2026-09-11 18:33:55.607818+09:00 [info] <0.387.0>@supervisor:report_progress/2:1582 Supervisor: {local,riak_kv_sup}. Started: id=riak_kv_hotbackup_fsm_sup,pid=<0.414.0>.
2026-09-11 18:33:55.614188+09:00 [info] <0.387.0>@supervisor:report_progress/2:1582 Supervisor: {local,riak_kv_sup}. Started: id=riak_kv_http_cache,pid=<0.415.0>.
2026-09-11 18:33:55.616119+09:00 [info] <0.239.0>@riak_core_capability:process_capability_changes/2:557 New capability: {riak_kv,vnode_vclocks} = true
2026-09-11 18:33:55.625615+09:00 [info] <0.239.0>@riak_core_capability:process_capability_changes/2:557 New capability: {riak_kv,legacy_keylisting} = false
2026-09-11 18:33:55.634781+09:00 [info] <0.239.0>@riak_core_capability:process_capability_changes/2:557 New capability: {riak_kv,listkeys_backpressure} = true
2026-09-11 18:33:55.644599+09:00 [info] <0.239.0>@riak_core_capability:process_capability_changes/2:557 New capability: {riak_kv,index_backpressure} = true
2026-09-11 18:33:55.654251+09:00 [info] <0.239.0>@riak_core_capability:process_capability_changes/2:557 New capability: {riak_kv,mapred_system} = pipe
2026-09-11 18:33:55.662814+09:00 [info] <0.239.0>@riak_core_capability:process_capability_changes/2:557 New capability: {riak_kv,mapred_2i_pipe} = true
2026-09-11 18:33:55.671565+09:00 [info] <0.239.0>@riak_core_capability:process_capability_changes/2:557 New capability: {riak_kv,handoff_data_encoding} = encode_raw
2026-09-11 18:33:55.680562+09:00 [info] <0.239.0>@riak_core_capability:process_capability_changes/2:557 New capability: {riak_kv,object_format} = v1
2026-09-11 18:33:55.690480+09:00 [info] <0.239.0>@riak_core_capability:process_capability_changes/2:557 New capability: {riak_kv,secondary_index_version} = v3
2026-09-11 18:33:55.701962+09:00 [info] <0.239.0>@riak_core_capability:process_capability_changes/2:557 New capability: {riak_kv,vclock_data_encoding} = encode_zlib
2026-09-11 18:33:55.712405+09:00 [info] <0.239.0>@riak_core_capability:process_capability_changes/2:557 New capability: {riak_kv,crdt} = [pncounter,riak_dt_pncounter,riak_dt_orswot,riak_dt_map,riak_kv_hll,riak_dt_gset]
2026-09-11 18:33:55.723585+09:00 [info] <0.239.0>@riak_core_capability:process_capability_changes/2:557 New capability: {riak_kv,crdt_epoch_versions} = [{riak_dt_map,2},{riak_dt_orswot,2},{riak_dt_pncounter,2},{riak_kv_hll,1},{riak_dt_gset,2}]
2026-09-11 18:33:55.733263+09:00 [info] <0.239.0>@riak_core_capability:process_capability_changes/2:557 New capability: {riak_kv,put_fsm_ack_execute} = enabled
2026-09-11 18:33:55.743514+09:00 [info] <0.239.0>@riak_core_capability:process_capability_changes/2:557 New capability: {riak_kv,get_request_type} = head
2026-09-11 18:33:55.753525+09:00 [info] <0.239.0>@riak_core_capability:process_capability_changes/2:557 New capability: {riak_kv,put_soft_limit} = true
2026-09-11 18:33:55.762748+09:00 [info] <0.239.0>@riak_core_capability:process_capability_changes/2:557 New capability: {riak_kv,tictacaae_prompted_repairs} = true
2026-09-11 18:33:55.771603+09:00 [info] <0.235.0>@supervisor:report_progress/2:1582 Supervisor: {local,riak_core_vnode_proxy_sup}. Started: id={riak_kv_vnode,0},pid=<0.416.0>.
2026-09-11 18:33:55.772834+09:00 [info] <0.235.0>@supervisor:report_progress/2:1582 Supervisor: {local,riak_core_vnode_proxy_sup}. Started: id={riak_kv_vnode,182687704666362864775460604089535377456991567872},pid=<0.417.0>.
2026-09-11 18:33:55.773748+09:00 [info] <0.235.0>@supervisor:report_progress/2:1582 Supervisor: {local,riak_core_vnode_proxy_sup}. Started: id={riak_kv_vnode,365375409332725729550921208179070754913983135744},pid=<0.418.0>.
2026-09-11 18:33:55.774573+09:00 [info] <0.235.0>@supervisor:report_progress/2:1582 Supervisor: {local,riak_core_vnode_proxy_sup}. Started: id={riak_kv_vnode,548063113999088594326381812268606132370974703616},pid=<0.419.0>.
2026-09-11 18:33:55.775328+09:00 [info] <0.235.0>@supervisor:report_progress/2:1582 Supervisor: {local,riak_core_vnode_proxy_sup}. Started: id={riak_kv_vnode,730750818665451459101842416358141509827966271488},pid=<0.420.0>.
2026-09-11 18:33:55.776164+09:00 [info] <0.235.0>@supervisor:report_progress/2:1582 Supervisor: {local,riak_core_vnode_proxy_sup}. Started: id={riak_kv_vnode,913438523331814323877303020447676887284957839360},pid=<0.421.0>.
2026-09-11 18:33:55.777055+09:00 [info] <0.235.0>@supervisor:report_progress/2:1582 Supervisor: {local,riak_core_vnode_proxy_sup}. Started: id={riak_kv_vnode,1096126227998177188652763624537212264741949407232},pid=<0.422.0>.
2026-09-11 18:33:55.777909+09:00 [info] <0.235.0>@supervisor:report_progress/2:1582 Supervisor: {local,riak_core_vnode_proxy_sup}. Started: id={riak_kv_vnode,1278813932664540053428224228626747642198940975104},pid=<0.423.0>.
2026-09-11 18:33:55.880901+09:00 [info] <0.244.0>@supervisor:report_progress/2:1582 Supervisor: {local,riak_core_stats_sup}. Started: id=riak_kv_stat,pid=<0.424.0>.
2026-09-11 18:33:55.996958+09:00 [info] <0.246.0>@riak_core_node_worker_pool:start_link/5:85 Registered worker pool of type af1_pool and size 2
2026-09-11 18:33:55.997999+09:00 [info] <0.246.0>@supervisor:report_progress/2:1582 Supervisor: {local,riak_core_node_worker_pool_sup}. Started: id=af1_pool,pid=<0.566.0>.
2026-09-11 18:33:56.000099+09:00 [info] <0.246.0>@riak_core_node_worker_pool:start_link/5:85 Registered worker pool of type af2_pool and size 1
2026-09-11 18:33:56.000898+09:00 [info] <0.246.0>@supervisor:report_progress/2:1582 Supervisor: {local,riak_core_node_worker_pool_sup}. Started: id=af2_pool,pid=<0.571.0>.
2026-09-11 18:33:56.003297+09:00 [info] <0.246.0>@riak_core_node_worker_pool:start_link/5:85 Registered worker pool of type af3_pool and size 4
2026-09-11 18:33:56.003910+09:00 [info] <0.246.0>@supervisor:report_progress/2:1582 Supervisor: {local,riak_core_node_worker_pool_sup}. Started: id=af3_pool,pid=<0.575.0>.
2026-09-11 18:33:56.005410+09:00 [info] <0.246.0>@riak_core_node_worker_pool:start_link/5:85 Registered worker pool of type af4_pool and size 1
2026-09-11 18:33:56.006027+09:00 [info] <0.246.0>@supervisor:report_progress/2:1582 Supervisor: {local,riak_core_node_worker_pool_sup}. Started: id=af4_pool,pid=<0.582.0>.
2026-09-11 18:33:56.007222+09:00 [info] <0.246.0>@riak_core_node_worker_pool:start_link/5:85 Registered worker pool of type be_pool and size 1
2026-09-11 18:33:56.007711+09:00 [info] <0.246.0>@supervisor:report_progress/2:1582 Supervisor: {local,riak_core_node_worker_pool_sup}. Started: id=be_pool,pid=<0.586.0>.
2026-09-11 18:33:56.073016+09:00 [info] <0.44.0>@application_controller:info_started/2:2130 Application: riak_kv. Started at: 'openriak-kv@node-01.cluster-a.openriak'.
2026-09-11 18:33:56.074651+09:00 [info] <0.44.0>@application_controller:info_started/2:2130 Application: ebloom. Started at: 'openriak-kv@node-01.cluster-a.openriak'.
2026-09-11 18:33:56.076152+09:00 [info] <0.44.0>@application_controller:info_started/2:2130 Application: bear. Started at: 'openriak-kv@node-01.cluster-a.openriak'.
2026-09-11 18:33:56.094877+09:00 [info] <0.611.0>@supervisor:report_progress/2:1582 Supervisor: {local,folsom_sup}. Started: id=folsom_sample_slide_sup,pid=<0.612.0>.
2026-09-11 18:33:56.101394+09:00 [info] <0.611.0>@supervisor:report_progress/2:1582 Supervisor: {local,folsom_sup}. Started: id=folsom_meter_timer_server,pid=<0.613.0>.
2026-09-11 18:33:56.108263+09:00 [info] <0.611.0>@supervisor:report_progress/2:1582 Supervisor: {local,folsom_sup}. Started: id=folsom_metrics_histogram_ets,pid=<0.614.0>.
2026-09-11 18:33:56.118103+09:00 [info] <0.611.0>@supervisor:report_progress/2:1582 Supervisor: {local,folsom_sup}. Started: id=folsom_metrics_spiral,pid=<0.615.0>.
2026-09-11 18:33:56.126463+09:00 [info] <0.611.0>@supervisor:report_progress/2:1582 Supervisor: {local,folsom_sup}. Started: id=folsom_metrics_history,pid=<0.616.0>.
2026-09-11 18:33:56.133675+09:00 [info] <0.611.0>@supervisor:report_progress/2:1582 Supervisor: {local,folsom_sup}. Started: id=folsom_metrics_histogram,pid=<0.617.0>.
2026-09-11 18:33:56.140924+09:00 [info] <0.611.0>@supervisor:report_progress/2:1582 Supervisor: {local,folsom_sup}. Started: id=folsom_metrics_duration,pid=<0.618.0>.
2026-09-11 18:33:56.148434+09:00 [info] <0.611.0>@supervisor:report_progress/2:1582 Supervisor: {local,folsom_sup}. Started: id=folsom_metrics_counter,pid=<0.619.0>.
2026-09-11 18:33:56.154425+09:00 [info] <0.611.0>@supervisor:report_progress/2:1582 Supervisor: {local,folsom_sup}. Started: id=folsom_metrics_gauge,pid=<0.620.0>.
2026-09-11 18:33:56.162755+09:00 [info] <0.611.0>@supervisor:report_progress/2:1582 Supervisor: {local,folsom_sup}. Started: id=folsom_metrics_meter,pid=<0.621.0>.
2026-09-11 18:33:56.171203+09:00 [info] <0.611.0>@supervisor:report_progress/2:1582 Supervisor: {local,folsom_sup}. Started: id=folsom_metrics_meter_reader,pid=<0.622.0>.
2026-09-11 18:33:56.172636+09:00 [info] <0.44.0>@application_controller:info_started/2:2130 Application: folsom. Started at: 'openriak-kv@node-01.cluster-a.openriak'.
2026-09-11 18:33:56.192978+09:00 [info] <0.626.0>@supervisor:report_progress/2:1582 Supervisor: {local,ranch_sup}. Started: id=ranch_server,pid=<0.627.0>.
2026-09-11 18:33:56.194107+09:00 [info] <0.44.0>@application_controller:info_started/2:2130 Application: ranch. Started at: 'openriak-kv@node-01.cluster-a.openriak'.
2026-09-11 18:33:56.211883+09:00 [info] <0.630.0>@riak_core:wait_for_service/2:498 Waiting for service riak_kv to start (0 seconds)
2026-09-11 18:34:02.526755+09:00 [info] <0.238.0>@riak_core_vnode_manager:update_never_started/4:1026 Update never started for Mod riak_kv_vnode with count 8 to be added to 0
2026-09-11 18:34:02.528051+09:00 [info] <0.238.0>@riak_core_vnode_manager:update_never_started/4:1026 Update never started for Mod riak_pipe_vnode with count 8 to be added to 8
2026-09-11 18:34:02.531066+09:00 [info] <0.693.0>@riak_core_vnode_manager:get_vnode/3:733 Will start VNode for partition 0 riak_pipe_vnode
2026-09-11 18:34:02.643355+09:00 [info] <0.693.0>@riak_core_vnode_manager:get_vnode/3:743 VNode initialization ready <0.694.0> 0 riak_pipe_vnode
2026-09-11 18:34:02.650701+09:00 [info] <0.698.0>@riak_core_vnode_manager:get_vnode/3:733 Will start VNode for partition 365375409332725729550921208179070754913983135744 riak_kv_vnode
2026-09-11 18:34:02.650622+09:00 [info] <0.697.0>@riak_core_vnode_manager:get_vnode/3:733 Will start VNode for partition 182687704666362864775460604089535377456991567872 riak_kv_vnode
2026-09-11 18:34:02.651928+09:00 [info] <0.699.0>@riak_core_vnode_manager:get_vnode/3:733 Will start VNode for partition 548063113999088594326381812268606132370974703616 riak_kv_vnode
2026-09-11 18:34:02.652326+09:00 [info] <0.702.0>@riak_core_vnode_manager:get_vnode/3:733 Will start VNode for partition 1096126227998177188652763624537212264741949407232 riak_kv_vnode
2026-09-11 18:34:02.650616+09:00 [info] <0.700.0>@riak_core_vnode_manager:get_vnode/3:733 Will start VNode for partition 730750818665451459101842416358141509827966271488 riak_kv_vnode
2026-09-11 18:34:02.652737+09:00 [info] <0.696.0>@riak_core_vnode_manager:get_vnode/3:733 Will start VNode for partition 0 riak_kv_vnode
2026-09-11 18:34:02.651984+09:00 [info] <0.701.0>@riak_core_vnode_manager:get_vnode/3:733 Will start VNode for partition 913438523331814323877303020447676887284957839360 riak_kv_vnode
2026-09-11 18:34:02.653229+09:00 [info] <0.703.0>@riak_core_vnode_manager:get_vnode/3:733 Will start VNode for partition 1278813932664540053428224228626747642198940975104 riak_kv_vnode
2026-09-11 18:34:02.922224+09:00 [info] <0.747.0>@leveled_inker:open_all_manifest/2:1269 log_ref=i0011 db_id=2 Manifest is empty, starting from manifest SQN 1
2026-09-11 18:34:02.922946+09:00 [info] <0.746.0>@leveled_inker:open_all_manifest/2:1269 log_ref=i0011 db_id=6 Manifest is empty, starting from manifest SQN 1
2026-09-11 18:34:02.922248+09:00 [info] <0.751.0>@leveled_inker:open_all_manifest/2:1269 log_ref=i0011 db_id=5 Manifest is empty, starting from manifest SQN 1
2026-09-11 18:34:02.923095+09:00 [info] <0.753.0>@leveled_inker:open_all_manifest/2:1269 log_ref=i0011 db_id=7 Manifest is empty, starting from manifest SQN 1
2026-09-11 18:34:02.923491+09:00 [info] <0.749.0>@leveled_inker:open_all_manifest/2:1269 log_ref=i0011 db_id=3 Manifest is empty, starting from manifest SQN 1
2026-09-11 18:34:02.923875+09:00 [info] <0.752.0>@leveled_inker:open_all_manifest/2:1269 log_ref=i0011 db_id=0 Manifest is empty, starting from manifest SQN 1
2026-09-11 18:34:02.923425+09:00 [info] <0.748.0>@leveled_inker:open_all_manifest/2:1269 log_ref=i0011 db_id=4 Manifest is empty, starting from manifest SQN 1
2026-09-11 18:34:02.923783+09:00 [info] <0.750.0>@leveled_inker:open_all_manifest/2:1269 log_ref=i0011 db_id=1 Manifest is empty, starting from manifest SQN 1
2026-09-11 18:34:02.977545+09:00 [info] <0.740.0>@leveled_monitor:handle_cast/2:515 log_ref=b0018 db_id=1 Positive HEAD responses timed with sample_count=0 and cache_count=0 found_count=0 fetch_ledger_time=0 fetch_ledgercache_time=0 rsp_time=0 notfound_time=0 with sample_period=0 seconds
2026-09-11 18:34:03.131507+09:00 [info] <0.767.0>@leveled_cdb:starting/3:479 log_ref=cdb01 db_id=5 Opening file for writing with filename /var/lib/riak/leveled/913438523331814323877303020447676887284957839360/journal/journal_files/0_977b3431-7875-4b51-8020-daedbf1303c2.pnd
2026-09-11 18:34:03.131493+09:00 [info] <0.770.0>@leveled_cdb:starting/3:479 log_ref=cdb01 db_id=4 Opening file for writing with filename /var/lib/riak/leveled/730750818665451459101842416358141509827966271488/journal/journal_files/0_12707219-7bce-4187-83d8-242d91cfbae2.pnd
2026-09-11 18:34:03.131674+09:00 [info] <0.764.0>@leveled_cdb:starting/3:479 log_ref=cdb01 db_id=6 Opening file for writing with filename /var/lib/riak/leveled/1096126227998177188652763624537212264741949407232/journal/journal_files/0_d3e91c05-475b-4888-bd29-d556d9e151b3.pnd
2026-09-11 18:34:03.131504+09:00 [info] <0.768.0>@leveled_cdb:starting/3:479 log_ref=cdb01 db_id=3 Opening file for writing with filename /var/lib/riak/leveled/548063113999088594326381812268606132370974703616/journal/journal_files/0_31097c43-75c3-44de-b845-1facfaddde53.pnd
2026-09-11 18:34:03.132430+09:00 [info] <0.765.0>@leveled_cdb:starting/3:479 log_ref=cdb01 db_id=2 Opening file for writing with filename /var/lib/riak/leveled/365375409332725729550921208179070754913983135744/journal/journal_files/0_cd96cca1-4b4f-4669-865e-a0deb4ffbb83.pnd
2026-09-11 18:34:03.132357+09:00 [info] <0.769.0>@leveled_cdb:starting/3:479 log_ref=cdb01 db_id=1 Opening file for writing with filename /var/lib/riak/leveled/182687704666362864775460604089535377456991567872/journal/journal_files/0_b0cda6cf-a5ca-4466-b0f5-7bab5b47dcb0.pnd
2026-09-11 18:34:03.132937+09:00 [info] <0.766.0>@leveled_cdb:starting/3:479 log_ref=cdb01 db_id=0 Opening file for writing with filename /var/lib/riak/leveled/0/journal/journal_files/0_6aa10e7d-ef75-41b0-ba14-3e4b7d139ec8.pnd
2026-09-11 18:34:03.132887+09:00 [info] <0.763.0>@leveled_cdb:starting/3:479 log_ref=cdb01 db_id=7 Opening file for writing with filename /var/lib/riak/leveled/1278813932664540053428224228626747642198940975104/journal/journal_files/0_3e645a78-f1cd-407a-967a-0958ed3afab4.pnd
2026-09-11 18:34:03.146828+09:00 [info] <0.747.0>@leveled_inker:build_manifest/3:1238 log_ref=i0009 db_id=2 Updated manifest on startup:
2026-09-11 18:34:03.146975+09:00 [info] <0.751.0>@leveled_inker:build_manifest/3:1238 log_ref=i0009 db_id=5 Updated manifest on startup:
2026-09-11 18:34:03.147044+09:00 [info] <0.752.0>@leveled_inker:build_manifest/3:1238 log_ref=i0009 db_id=0 Updated manifest on startup:
2026-09-11 18:34:03.147127+09:00 [info] <0.750.0>@leveled_inker:build_manifest/3:1238 log_ref=i0009 db_id=1 Updated manifest on startup:
2026-09-11 18:34:03.147912+09:00 [info] <0.749.0>@leveled_inker:build_manifest/3:1238 log_ref=i0009 db_id=3 Updated manifest on startup:
2026-09-11 18:34:03.147457+09:00 [info] <0.748.0>@leveled_inker:build_manifest/3:1238 log_ref=i0009 db_id=4 Updated manifest on startup:
2026-09-11 18:34:03.147442+09:00 [info] <0.753.0>@leveled_inker:build_manifest/3:1238 log_ref=i0009 db_id=7 Updated manifest on startup:
2026-09-11 18:34:03.147547+09:00 [info] <0.746.0>@leveled_inker:build_manifest/3:1238 log_ref=i0009 db_id=6 Updated manifest on startup:
2026-09-11 18:34:03.155723+09:00 [info] <0.753.0>@leveled_imanifest:writer/3:187 log_ref=i0016 db_id=7 Writing new version of manifest for manifestSQN=2
2026-09-11 18:34:03.155697+09:00 [info] <0.748.0>@leveled_imanifest:writer/3:187 log_ref=i0016 db_id=4 Writing new version of manifest for manifestSQN=2
2026-09-11 18:34:03.155745+09:00 [info] <0.749.0>@leveled_imanifest:writer/3:187 log_ref=i0016 db_id=3 Writing new version of manifest for manifestSQN=2
2026-09-11 18:34:03.156817+09:00 [info] <0.750.0>@leveled_imanifest:writer/3:187 log_ref=i0016 db_id=1 Writing new version of manifest for manifestSQN=2
2026-09-11 18:34:03.156498+09:00 [info] <0.747.0>@leveled_imanifest:writer/3:187 log_ref=i0016 db_id=2 Writing new version of manifest for manifestSQN=2
2026-09-11 18:34:03.157400+09:00 [info] <0.746.0>@leveled_imanifest:writer/3:187 log_ref=i0016 db_id=6 Writing new version of manifest for manifestSQN=2
2026-09-11 18:34:03.158085+09:00 [info] <0.751.0>@leveled_imanifest:writer/3:187 log_ref=i0016 db_id=5 Writing new version of manifest for manifestSQN=2
2026-09-11 18:34:03.158572+09:00 [info] <0.752.0>@leveled_imanifest:writer/3:187 log_ref=i0016 db_id=0 Writing new version of manifest for manifestSQN=2
2026-09-11 18:34:03.227774+09:00 [info] <0.773.0>@leveled_pclerk:clerk_new/3:78 log_ref=pc001 db_id=7 Penciller's clerk <0.779.0> started with owner <0.773.0>
2026-09-11 18:34:03.227764+09:00 [info] <0.772.0>@leveled_pclerk:clerk_new/3:78 log_ref=pc001 db_id=0 Penciller's clerk <0.785.0> started with owner <0.772.0>
2026-09-11 18:34:03.228981+09:00 [info] <0.776.0>@leveled_pclerk:clerk_new/3:78 log_ref=pc001 db_id=3 Penciller's clerk <0.780.0> started with owner <0.776.0>
2026-09-11 18:34:03.228940+09:00 [info] <0.771.0>@leveled_pclerk:clerk_new/3:78 log_ref=pc001 db_id=6 Penciller's clerk <0.786.0> started with owner <0.771.0>
2026-09-11 18:34:03.229282+09:00 [info] <0.777.0>@leveled_pclerk:clerk_new/3:78 log_ref=pc001 db_id=1 Penciller's clerk <0.783.0> started with owner <0.777.0>
2026-09-11 18:34:03.229145+09:00 [info] <0.774.0>@leveled_pclerk:clerk_new/3:78 log_ref=pc001 db_id=4 Penciller's clerk <0.781.0> started with owner <0.774.0>
2026-09-11 18:34:03.229407+09:00 [info] <0.775.0>@leveled_pclerk:clerk_new/3:78 log_ref=pc001 db_id=5 Penciller's clerk <0.784.0> started with owner <0.775.0>
2026-09-11 18:34:03.229233+09:00 [info] <0.778.0>@leveled_pclerk:clerk_new/3:78 log_ref=pc001 db_id=2 Penciller's clerk <0.782.0> started with owner <0.778.0>
2026-09-11 18:34:03.270404+09:00 [info] <0.778.0>@leveled_pmanifest:open_manifestfile/2:1180 log_ref=p0013 db_id=2 Seqence number of 0 indicates no valid manifest
2026-09-11 18:34:03.270474+09:00 [info] <0.777.0>@leveled_pmanifest:open_manifestfile/2:1180 log_ref=p0013 db_id=1 Seqence number of 0 indicates no valid manifest
2026-09-11 18:34:03.271974+09:00 [info] <0.774.0>@leveled_pmanifest:open_manifestfile/2:1180 log_ref=p0013 db_id=4 Seqence number of 0 indicates no valid manifest
2026-09-11 18:34:03.271779+09:00 [info] <0.771.0>@leveled_pmanifest:open_manifestfile/2:1180 log_ref=p0013 db_id=6 Seqence number of 0 indicates no valid manifest
2026-09-11 18:34:03.272294+09:00 [info] <0.772.0>@leveled_pmanifest:open_manifestfile/2:1180 log_ref=p0013 db_id=0 Seqence number of 0 indicates no valid manifest
2026-09-11 18:34:03.272720+09:00 [info] <0.776.0>@leveled_pmanifest:open_manifestfile/2:1180 log_ref=p0013 db_id=3 Seqence number of 0 indicates no valid manifest
2026-09-11 18:34:03.273063+09:00 [info] <0.775.0>@leveled_pmanifest:open_manifestfile/2:1180 log_ref=p0013 db_id=5 Seqence number of 0 indicates no valid manifest
2026-09-11 18:34:03.273589+09:00 [info] <0.773.0>@leveled_pmanifest:open_manifestfile/2:1180 log_ref=p0013 db_id=7 Seqence number of 0 indicates no valid manifest
2026-09-11 18:34:03.295324+09:00 [info] <0.773.0>@leveled_penciller:start_from_file/1:1508 log_ref=p0014 db_id=7 Maximum sequence number of 0 found in nonzero levels
2026-09-11 18:34:03.295214+09:00 [info] <0.771.0>@leveled_penciller:start_from_file/1:1508 log_ref=p0014 db_id=6 Maximum sequence number of 0 found in nonzero levels
2026-09-11 18:34:03.295609+09:00 [info] <0.775.0>@leveled_penciller:start_from_file/1:1508 log_ref=p0014 db_id=5 Maximum sequence number of 0 found in nonzero levels
2026-09-11 18:34:03.295788+09:00 [info] <0.778.0>@leveled_penciller:start_from_file/1:1508 log_ref=p0014 db_id=2 Maximum sequence number of 0 found in nonzero levels
2026-09-11 18:34:03.295815+09:00 [info] <0.772.0>@leveled_penciller:start_from_file/1:1508 log_ref=p0014 db_id=0 Maximum sequence number of 0 found in nonzero levels
2026-09-11 18:34:03.296143+09:00 [info] <0.777.0>@leveled_penciller:start_from_file/1:1508 log_ref=p0014 db_id=1 Maximum sequence number of 0 found in nonzero levels
2026-09-11 18:34:03.298122+09:00 [info] <0.772.0>@leveled_penciller:start_from_file/1:1510 log_ref=p0035 db_id=0 Startup with Manifest SQN of 0
2026-09-11 18:34:03.297887+09:00 [info] <0.775.0>@leveled_penciller:start_from_file/1:1510 log_ref=p0035 db_id=5 Startup with Manifest SQN of 0
2026-09-11 18:34:03.296372+09:00 [info] <0.774.0>@leveled_penciller:start_from_file/1:1508 log_ref=p0014 db_id=4 Maximum sequence number of 0 found in nonzero levels
2026-09-11 18:34:03.296552+09:00 [info] <0.776.0>@leveled_penciller:start_from_file/1:1508 log_ref=p0014 db_id=3 Maximum sequence number of 0 found in nonzero levels
2026-09-11 18:34:03.298214+09:00 [info] <0.777.0>@leveled_penciller:start_from_file/1:1510 log_ref=p0035 db_id=1 Startup with Manifest SQN of 0
2026-09-11 18:34:03.298339+09:00 [info] <0.771.0>@leveled_penciller:start_from_file/1:1510 log_ref=p0035 db_id=6 Startup with Manifest SQN of 0
2026-09-11 18:34:03.298017+09:00 [info] <0.778.0>@leveled_penciller:start_from_file/1:1510 log_ref=p0035 db_id=2 Startup with Manifest SQN of 0
2026-09-11 18:34:03.298198+09:00 [info] <0.773.0>@leveled_penciller:start_from_file/1:1510 log_ref=p0035 db_id=7 Startup with Manifest SQN of 0
2026-09-11 18:34:03.300018+09:00 [info] <0.774.0>@leveled_penciller:start_from_file/1:1510 log_ref=p0035 db_id=4 Startup with Manifest SQN of 0
2026-09-11 18:34:03.300038+09:00 [info] <0.776.0>@leveled_penciller:start_from_file/1:1510 log_ref=p0035 db_id=3 Startup with Manifest SQN of 0
2026-09-11 18:34:03.306827+09:00 [info] <0.775.0>@leveled_penciller:start_from_file/1:1538 log_ref=p0017 db_id=5 No L0 file found
2026-09-11 18:34:03.306909+09:00 [info] <0.772.0>@leveled_penciller:start_from_file/1:1538 log_ref=p0017 db_id=0 No L0 file found
2026-09-11 18:34:03.308120+09:00 [info] <0.777.0>@leveled_penciller:start_from_file/1:1538 log_ref=p0017 db_id=1 No L0 file found
2026-09-11 18:34:03.308853+09:00 [info] <0.771.0>@leveled_penciller:start_from_file/1:1538 log_ref=p0017 db_id=6 No L0 file found
2026-09-11 18:34:03.309638+09:00 [info] <0.778.0>@leveled_penciller:start_from_file/1:1538 log_ref=p0017 db_id=2 No L0 file found
2026-09-11 18:34:03.309930+09:00 [info] <0.773.0>@leveled_penciller:start_from_file/1:1538 log_ref=p0017 db_id=7 No L0 file found
2026-09-11 18:34:03.310140+09:00 [info] <0.776.0>@leveled_penciller:start_from_file/1:1538 log_ref=p0017 db_id=3 No L0 file found
2026-09-11 18:34:03.310701+09:00 [info] <0.774.0>@leveled_penciller:start_from_file/1:1538 log_ref=p0017 db_id=4 No L0 file found
2026-09-11 18:34:03.315545+09:00 [info] <0.732.0>@leveled_bookie:startup/2:1993 log_ref=b0005 db_id=2 LedgerSQN=0 at startup
2026-09-11 18:34:03.315633+09:00 [info] <0.735.0>@leveled_bookie:startup/2:1993 log_ref=b0005 db_id=7 LedgerSQN=0 at startup
2026-09-11 18:34:03.315684+09:00 [info] <0.733.0>@leveled_bookie:startup/2:1993 log_ref=b0005 db_id=4 LedgerSQN=0 at startup
2026-09-11 18:34:03.315782+09:00 [info] <0.731.0>@leveled_bookie:startup/2:1993 log_ref=b0005 db_id=5 LedgerSQN=0 at startup
2026-09-11 18:34:03.316405+09:00 [info] <0.736.0>@leveled_bookie:startup/2:1993 log_ref=b0005 db_id=1 LedgerSQN=0 at startup
2026-09-11 18:34:03.315972+09:00 [info] <0.730.0>@leveled_bookie:startup/2:1993 log_ref=b0005 db_id=6 LedgerSQN=0 at startup
2026-09-11 18:34:03.315989+09:00 [info] <0.734.0>@leveled_bookie:startup/2:1993 log_ref=b0005 db_id=3 LedgerSQN=0 at startup
2026-09-11 18:34:03.316574+09:00 [info] <0.737.0>@leveled_bookie:startup/2:1993 log_ref=b0005 db_id=0 LedgerSQN=0 at startup
2026-09-11 18:34:03.329847+09:00 [info] <0.750.0>@leveled_bookie:startup/2:2004 log_ref=i0014 db_id=1 On startup loading from filename /var/lib/riak/leveled/182687704666362864775460604089535377456991567872/journal/journal_files/0_b0cda6cf-a5ca-4466-b0f5-7bab5b47dcb0 from SQN 1
2026-09-11 18:34:03.329794+09:00 [info] <0.753.0>@leveled_bookie:startup/2:2004 log_ref=i0014 db_id=7 On startup loading from filename /var/lib/riak/leveled/1278813932664540053428224228626747642198940975104/journal/journal_files/0_3e645a78-f1cd-407a-967a-0958ed3afab4 from SQN 1
2026-09-11 18:34:03.330068+09:00 [info] <0.746.0>@leveled_bookie:startup/2:2004 log_ref=i0014 db_id=6 On startup loading from filename /var/lib/riak/leveled/1096126227998177188652763624537212264741949407232/journal/journal_files/0_d3e91c05-475b-4888-bd29-d556d9e151b3 from SQN 1
2026-09-11 18:34:03.330555+09:00 [info] <0.748.0>@leveled_bookie:startup/2:2004 log_ref=i0014 db_id=4 On startup loading from filename /var/lib/riak/leveled/730750818665451459101842416358141509827966271488/journal/journal_files/0_12707219-7bce-4187-83d8-242d91cfbae2 from SQN 1
2026-09-11 18:34:03.330046+09:00 [info] <0.751.0>@leveled_bookie:startup/2:2004 log_ref=i0014 db_id=5 On startup loading from filename /var/lib/riak/leveled/913438523331814323877303020447676887284957839360/journal/journal_files/0_977b3431-7875-4b51-8020-daedbf1303c2 from SQN 1
2026-09-11 18:34:03.329860+09:00 [info] <0.752.0>@leveled_bookie:startup/2:2004 log_ref=i0014 db_id=0 On startup loading from filename /var/lib/riak/leveled/0/journal/journal_files/0_6aa10e7d-ef75-41b0-ba14-3e4b7d139ec8 from SQN 1
2026-09-11 18:34:03.330723+09:00 [info] <0.747.0>@leveled_bookie:startup/2:2004 log_ref=i0014 db_id=2 On startup loading from filename /var/lib/riak/leveled/365375409332725729550921208179070754913983135744/journal/journal_files/0_cd96cca1-4b4f-4669-865e-a0deb4ffbb83 from SQN 1
2026-09-11 18:34:03.330857+09:00 [info] <0.749.0>@leveled_bookie:startup/2:2004 log_ref=i0014 db_id=3 On startup loading from filename /var/lib/riak/leveled/548063113999088594326381812268606132370974703616/journal/journal_files/0_31097c43-75c3-44de-b845-1facfaddde53 from SQN 1
2026-09-11 18:34:03.343872+09:00 [info] <0.737.0>@leveled_bookie:init/1:1409 log_ref=b0001 db_id=0 Bookie starting with Ink <0.752.0> Pcl <0.772.0>
2026-09-11 18:34:03.344321+09:00 [info] <0.736.0>@leveled_bookie:init/1:1409 log_ref=b0001 db_id=1 Bookie starting with Ink <0.750.0> Pcl <0.777.0>
2026-09-11 18:34:03.345567+09:00 [info] <0.732.0>@leveled_bookie:init/1:1409 log_ref=b0001 db_id=2 Bookie starting with Ink <0.747.0> Pcl <0.778.0>
2026-09-11 18:34:03.345459+09:00 [info] <0.731.0>@leveled_bookie:init/1:1409 log_ref=b0001 db_id=5 Bookie starting with Ink <0.751.0> Pcl <0.775.0>
2026-09-11 18:34:03.345705+09:00 [info] <0.734.0>@leveled_bookie:init/1:1409 log_ref=b0001 db_id=3 Bookie starting with Ink <0.749.0> Pcl <0.776.0>
2026-09-11 18:34:03.345572+09:00 [info] <0.735.0>@leveled_bookie:init/1:1409 log_ref=b0001 db_id=7 Bookie starting with Ink <0.753.0> Pcl <0.773.0>
2026-09-11 18:34:03.345800+09:00 [info] <0.733.0>@leveled_bookie:init/1:1409 log_ref=b0001 db_id=4 Bookie starting with Ink <0.748.0> Pcl <0.774.0>
2026-09-11 18:34:03.345746+09:00 [info] <0.730.0>@leveled_bookie:init/1:1409 log_ref=b0001 db_id=6 Bookie starting with Ink <0.746.0> Pcl <0.771.0>
2026-09-11 18:34:03.353423+09:00 [info] <0.708.0>@riak_kv_leveled_backend:schedule_journalcompaction/4:903 Schedule compaction for interval 7962 on partition 730750818665451459101842416358141509827966271488
2026-09-11 18:34:03.353345+09:00 [info] <0.705.0>@riak_kv_leveled_backend:schedule_journalcompaction/4:903 Schedule compaction for interval 3528 on partition 182687704666362864775460604089535377456991567872
2026-09-11 18:34:03.354227+09:00 [info] <0.711.0>@riak_kv_leveled_backend:schedule_journalcompaction/4:903 Schedule compaction for interval 10976 on partition 1278813932664540053428224228626747642198940975104
2026-09-11 18:34:03.353672+09:00 [info] <0.706.0>@riak_kv_leveled_backend:schedule_journalcompaction/4:903 Schedule compaction for interval 1088 on partition 548063113999088594326381812268606132370974703616
2026-09-11 18:34:03.353835+09:00 [info] <0.709.0>@riak_kv_leveled_backend:schedule_journalcompaction/4:903 Schedule compaction for interval 1822 on partition 0
2026-09-11 18:34:03.353389+09:00 [info] <0.704.0>@riak_kv_leveled_backend:schedule_journalcompaction/4:903 Schedule compaction for interval 1498 on partition 365375409332725729550921208179070754913983135744
2026-09-11 18:34:03.354518+09:00 [info] <0.707.0>@riak_kv_leveled_backend:schedule_journalcompaction/4:903 Schedule compaction for interval 9312 on partition 1096126227998177188652763624537212264741949407232
2026-09-11 18:34:03.353851+09:00 [info] <0.710.0>@riak_kv_leveled_backend:schedule_journalcompaction/4:903 Schedule compaction for interval 1712 on partition 913438523331814323877303020447676887284957839360
2026-09-11 18:34:03.618203+09:00 [info] <0.797.0>@aae_controller:init/1:674 log_ref=aae02 Native KeyStore type leveled_nko startup request
2026-09-11 18:34:03.618200+09:00 [info] <0.801.0>@aae_controller:init/1:674 log_ref=aae02 Native KeyStore type leveled_nko startup request
2026-09-11 18:34:03.618156+09:00 [info] <0.796.0>@aae_controller:init/1:674 log_ref=aae02 Native KeyStore type leveled_nko startup request
2026-09-11 18:34:03.618881+09:00 [info] <0.799.0>@aae_controller:init/1:674 log_ref=aae02 Native KeyStore type leveled_nko startup request
2026-09-11 18:34:03.618848+09:00 [info] <0.800.0>@aae_controller:init/1:674 log_ref=aae02 Native KeyStore type leveled_nko startup request
2026-09-11 18:34:03.619892+09:00 [info] <0.795.0>@aae_controller:init/1:674 log_ref=aae02 Native KeyStore type leveled_nko startup request
2026-09-11 18:34:03.620096+09:00 [info] <0.802.0>@aae_controller:init/1:674 log_ref=aae02 Native KeyStore type leveled_nko startup request
2026-09-11 18:34:03.620014+09:00 [info] <0.798.0>@aae_controller:init/1:674 log_ref=aae02 Native KeyStore type leveled_nko startup request
2026-09-11 18:34:03.624331+09:00 [warning] <0.806.0>@aae_keystore:open_manifest/1:1526 log_ref=ks002 No valid manifest found for AAE keystore at /var/lib/riak/tictac_aae/0/leveled_nko/keystore reason not_present
2026-09-11 18:34:03.624313+09:00 [warning] <0.805.0>@aae_keystore:open_manifest/1:1526 log_ref=ks002 No valid manifest found for AAE keystore at /var/lib/riak/tictac_aae/913438523331814323877303020447676887284957839360/leveled_nko/keystore reason not_present
2026-09-11 18:34:03.624242+09:00 [warning] <0.807.0>@aae_keystore:open_manifest/1:1526 log_ref=ks002 No valid manifest found for AAE keystore at /var/lib/riak/tictac_aae/182687704666362864775460604089535377456991567872/leveled_nko/keystore reason not_present
2026-09-11 18:34:03.624780+09:00 [warning] <0.803.0>@aae_keystore:open_manifest/1:1526 log_ref=ks002 No valid manifest found for AAE keystore at /var/lib/riak/tictac_aae/1278813932664540053428224228626747642198940975104/leveled_nko/keystore reason not_present
2026-09-11 18:34:03.625663+09:00 [warning] <0.810.0>@aae_keystore:open_manifest/1:1526 log_ref=ks002 No valid manifest found for AAE keystore at /var/lib/riak/tictac_aae/548063113999088594326381812268606132370974703616/leveled_nko/keystore reason not_present
2026-09-11 18:34:03.626765+09:00 [warning] <0.808.0>@aae_keystore:open_manifest/1:1526 log_ref=ks002 No valid manifest found for AAE keystore at /var/lib/riak/tictac_aae/365375409332725729550921208179070754913983135744/leveled_nko/keystore reason not_present
2026-09-11 18:34:03.625269+09:00 [warning] <0.809.0>@aae_keystore:open_manifest/1:1526 log_ref=ks002 No valid manifest found for AAE keystore at /var/lib/riak/tictac_aae/730750818665451459101842416358141509827966271488/leveled_nko/keystore reason not_present
2026-09-11 18:34:03.626328+09:00 [warning] <0.804.0>@aae_keystore:open_manifest/1:1526 log_ref=ks002 No valid manifest found for AAE keystore at /var/lib/riak/tictac_aae/1096126227998177188652763624537212264741949407232/leveled_nko/keystore reason not_present
2026-09-11 18:34:03.678152+09:00 [info] <0.811.0>@aae_treecache:init/1:224 log_ref=c0005 Starting cache with is_restored=false and IndexN of {913438523331814323877303020447676887284957839360,3}
2026-09-11 18:34:03.678193+09:00 [info] <0.813.0>@aae_treecache:init/1:224 log_ref=c0005 Starting cache with is_restored=false and IndexN of {365375409332725729550921208179070754913983135744,3}
2026-09-11 18:34:03.678654+09:00 [info] <0.815.0>@aae_treecache:init/1:224 log_ref=c0005 Starting cache with is_restored=false and IndexN of {0,3}
2026-09-11 18:34:03.678966+09:00 [info] <0.812.0>@aae_treecache:init/1:224 log_ref=c0005 Starting cache with is_restored=false and IndexN of {548063113999088594326381812268606132370974703616,3}
2026-09-11 18:34:03.679153+09:00 [info] <0.818.0>@aae_treecache:init/1:224 log_ref=c0005 Starting cache with is_restored=false and IndexN of {182687704666362864775460604089535377456991567872,3}
2026-09-11 18:34:03.678649+09:00 [info] <0.817.0>@aae_treecache:init/1:224 log_ref=c0005 Starting cache with is_restored=false and IndexN of {1096126227998177188652763624537212264741949407232,3}
2026-09-11 18:34:03.678973+09:00 [info] <0.816.0>@aae_treecache:init/1:224 log_ref=c0005 Starting cache with is_restored=false and IndexN of {730750818665451459101842416358141509827966271488,3}
2026-09-11 18:34:03.679204+09:00 [info] <0.814.0>@aae_treecache:init/1:224 log_ref=c0005 Starting cache with is_restored=false and IndexN of {1278813932664540053428224228626747642198940975104,3}
2026-09-11 18:34:03.685701+09:00 [info] <0.823.0>@aae_treecache:init/1:224 log_ref=c0005 Starting cache with is_restored=false and IndexN of {365375409332725729550921208179070754913983135744,3}
2026-09-11 18:34:03.687293+09:00 [info] <0.819.0>@aae_treecache:init/1:224 log_ref=c0005 Starting cache with is_restored=false and IndexN of {548063113999088594326381812268606132370974703616,3}
2026-09-11 18:34:03.688604+09:00 [info] <0.822.0>@aae_treecache:init/1:224 log_ref=c0005 Starting cache with is_restored=false and IndexN of {730750818665451459101842416358141509827966271488,3}
2026-09-11 18:34:03.689222+09:00 [info] <0.821.0>@aae_treecache:init/1:224 log_ref=c0005 Starting cache with is_restored=false and IndexN of {1096126227998177188652763624537212264741949407232,3}
2026-09-11 18:34:03.690049+09:00 [info] <0.820.0>@aae_treecache:init/1:224 log_ref=c0005 Starting cache with is_restored=false and IndexN of {182687704666362864775460604089535377456991567872,3}
2026-09-11 18:34:03.690579+09:00 [info] <0.824.0>@aae_treecache:init/1:224 log_ref=c0005 Starting cache with is_restored=false and IndexN of {913438523331814323877303020447676887284957839360,3}
2026-09-11 18:34:03.691832+09:00 [info] <0.825.0>@aae_treecache:init/1:224 log_ref=c0005 Starting cache with is_restored=false and IndexN of {0,3}
2026-09-11 18:34:03.692259+09:00 [info] <0.826.0>@aae_treecache:init/1:224 log_ref=c0005 Starting cache with is_restored=false and IndexN of {1278813932664540053428224228626747642198940975104,3}
2026-09-11 18:34:03.695974+09:00 [info] <0.827.0>@aae_treecache:init/1:224 log_ref=c0005 Starting cache with is_restored=false and IndexN of {548063113999088594326381812268606132370974703616,3}
2026-09-11 18:34:03.698099+09:00 [info] <0.829.0>@aae_treecache:init/1:224 log_ref=c0005 Starting cache with is_restored=false and IndexN of {913438523331814323877303020447676887284957839360,3}
2026-09-11 18:34:03.697961+09:00 [info] <0.828.0>@aae_treecache:init/1:224 log_ref=c0005 Starting cache with is_restored=false and IndexN of {730750818665451459101842416358141509827966271488,3}
2026-09-11 18:34:03.699811+09:00 [info] <0.831.0>@aae_treecache:init/1:224 log_ref=c0005 Starting cache with is_restored=false and IndexN of {365375409332725729550921208179070754913983135744,3}
2026-09-11 18:34:03.699835+09:00 [info] <0.832.0>@aae_treecache:init/1:224 log_ref=c0005 Starting cache with is_restored=false and IndexN of {1096126227998177188652763624537212264741949407232,3}
2026-09-11 18:34:03.699623+09:00 [info] <0.830.0>@aae_treecache:init/1:224 log_ref=c0005 Starting cache with is_restored=false and IndexN of {1278813932664540053428224228626747642198940975104,3}
2026-09-11 18:34:03.702300+09:00 [info] <0.834.0>@aae_treecache:init/1:224 log_ref=c0005 Starting cache with is_restored=false and IndexN of {0,3}
2026-09-11 18:34:03.702931+09:00 [info] <0.833.0>@aae_treecache:init/1:224 log_ref=c0005 Starting cache with is_restored=false and IndexN of {182687704666362864775460604089535377456991567872,3}
2026-09-11 18:34:03.710632+09:00 [info] <0.801.0>@aae_controller:init/1:719 log_ref=aae10 AAE controller started with IndexNs [{1096126227998177188652763624537212264741949407232,3},{1278813932664540053428224228626747642198940975104,3},{0,3}] and StoreType {native,leveled_nko,<0.737.0>}
2026-09-11 18:34:03.710600+09:00 [info] <0.798.0>@aae_controller:init/1:719 log_ref=aae10 AAE controller started with IndexNs [{182687704666362864775460604089535377456991567872,3},{365375409332725729550921208179070754913983135744,3},{548063113999088594326381812268606132370974703616,3}] and StoreType {native,leveled_nko,<0.734.0>}
2026-09-11 18:34:03.710997+09:00 [info] <0.796.0>@aae_controller:init/1:719 log_ref=aae10 AAE controller started with IndexNs [{913438523331814323877303020447676887284957839360,3},{1096126227998177188652763624537212264741949407232,3},{1278813932664540053428224228626747642198940975104,3}] and StoreType {native,leveled_nko,<0.735.0>}
2026-09-11 18:34:03.710965+09:00 [info] <0.795.0>@aae_controller:init/1:719 log_ref=aae10 AAE controller started with IndexNs [{0,3},{182687704666362864775460604089535377456991567872,3},{365375409332725729550921208179070754913983135744,3}] and StoreType {native,leveled_nko,<0.732.0>}
2026-09-11 18:34:03.711936+09:00 [info] <0.709.0>@riak_kv_vnode:maybe_start_aaecontroller/2:402 AAE Controller started with pid=<0.801.0>
2026-09-11 18:34:03.711924+09:00 [info] <0.797.0>@aae_controller:init/1:719 log_ref=aae10 AAE controller started with IndexNs [{730750818665451459101842416358141509827966271488,3},{913438523331814323877303020447676887284957839360,3},{1096126227998177188652763624537212264741949407232,3}] and StoreType {native,leveled_nko,<0.730.0>}
2026-09-11 18:34:03.712081+09:00 [info] <0.706.0>@riak_kv_vnode:maybe_start_aaecontroller/2:402 AAE Controller started with pid=<0.798.0>
2026-09-11 18:34:03.711816+09:00 [info] <0.802.0>@aae_controller:init/1:719 log_ref=aae10 AAE controller started with IndexNs [{365375409332725729550921208179070754913983135744,3},{548063113999088594326381812268606132370974703616,3},{730750818665451459101842416358141509827966271488,3}] and StoreType {native,leveled_nko,<0.733.0>}
2026-09-11 18:34:03.711918+09:00 [info] <0.799.0>@aae_controller:init/1:719 log_ref=aae10 AAE controller started with IndexNs [{548063113999088594326381812268606132370974703616,3},{730750818665451459101842416358141509827966271488,3},{913438523331814323877303020447676887284957839360,3}] and StoreType {native,leveled_nko,<0.731.0>}
2026-09-11 18:34:03.711980+09:00 [info] <0.800.0>@aae_controller:init/1:719 log_ref=aae10 AAE controller started with IndexNs [{1278813932664540053428224228626747642198940975104,3},{0,3},{182687704666362864775460604089535377456991567872,3}] and StoreType {native,leveled_nko,<0.736.0>}
2026-09-11 18:34:03.713457+09:00 [info] <0.710.0>@riak_kv_vnode:maybe_start_aaecontroller/2:402 AAE Controller started with pid=<0.799.0>
2026-09-11 18:34:03.712865+09:00 [info] <0.711.0>@riak_kv_vnode:maybe_start_aaecontroller/2:402 AAE Controller started with pid=<0.796.0>
2026-09-11 18:34:03.713528+09:00 [info] <0.705.0>@riak_kv_vnode:maybe_start_aaecontroller/2:402 AAE Controller started with pid=<0.800.0>
2026-09-11 18:34:03.713542+09:00 [info] <0.708.0>@riak_kv_vnode:maybe_start_aaecontroller/2:402 AAE Controller started with pid=<0.802.0>
2026-09-11 18:34:03.712657+09:00 [info] <0.704.0>@riak_kv_vnode:maybe_start_aaecontroller/2:402 AAE Controller started with pid=<0.795.0>
2026-09-11 18:34:03.713621+09:00 [info] <0.707.0>@riak_kv_vnode:maybe_start_aaecontroller/2:402 AAE Controller started with pid=<0.797.0>
2026-09-11 18:34:03.726452+09:00 [info] <0.700.0>@riak_core_vnode_manager:get_vnode/3:743 VNode initialization ready <0.708.0> 730750818665451459101842416358141509827966271488 riak_kv_vnode
2026-09-11 18:34:03.726604+09:00 [info] <0.702.0>@riak_core_vnode_manager:get_vnode/3:743 VNode initialization ready <0.707.0> 1096126227998177188652763624537212264741949407232 riak_kv_vnode
2026-09-11 18:34:03.726706+09:00 [info] <0.696.0>@riak_core_vnode_manager:get_vnode/3:743 VNode initialization ready <0.709.0> 0 riak_kv_vnode
2026-09-11 18:34:03.727097+09:00 [info] <0.701.0>@riak_core_vnode_manager:get_vnode/3:743 VNode initialization ready <0.710.0> 913438523331814323877303020447676887284957839360 riak_kv_vnode
2026-09-11 18:34:03.726411+09:00 [info] <0.698.0>@riak_core_vnode_manager:get_vnode/3:743 VNode initialization ready <0.704.0> 365375409332725729550921208179070754913983135744 riak_kv_vnode
2026-09-11 18:34:03.727593+09:00 [info] <0.703.0>@riak_core_vnode_manager:get_vnode/3:743 VNode initialization ready <0.711.0> 1278813932664540053428224228626747642198940975104 riak_kv_vnode
2026-09-11 18:34:03.727750+09:00 [info] <0.697.0>@riak_core_vnode_manager:get_vnode/3:743 VNode initialization ready <0.705.0> 182687704666362864775460604089535377456991567872 riak_kv_vnode
2026-09-11 18:34:03.727088+09:00 [info] <0.699.0>@riak_core_vnode_manager:get_vnode/3:743 VNode initialization ready <0.706.0> 548063113999088594326381812268606132370974703616 riak_kv_vnode
2026-09-11 18:34:03.742168+09:00 [info] <0.907.0>@riak_core_vnode_manager:get_vnode/3:733 Will start VNode for partition 182687704666362864775460604089535377456991567872 riak_pipe_vnode
2026-09-11 18:34:03.747466+09:00 [info] <0.907.0>@riak_core_vnode_manager:get_vnode/3:743 VNode initialization ready <0.908.0> 182687704666362864775460604089535377456991567872 riak_pipe_vnode
2026-09-11 18:34:03.749398+09:00 [info] <0.910.0>@riak_core_vnode_manager:get_vnode/3:733 Will start VNode for partition 365375409332725729550921208179070754913983135744 riak_pipe_vnode
2026-09-11 18:34:03.752881+09:00 [info] <0.910.0>@riak_core_vnode_manager:get_vnode/3:743 VNode initialization ready <0.911.0> 365375409332725729550921208179070754913983135744 riak_pipe_vnode
2026-09-11 18:34:03.754701+09:00 [info] <0.913.0>@riak_core_vnode_manager:get_vnode/3:733 Will start VNode for partition 548063113999088594326381812268606132370974703616 riak_pipe_vnode
2026-09-11 18:34:03.756972+09:00 [info] <0.913.0>@riak_core_vnode_manager:get_vnode/3:743 VNode initialization ready <0.914.0> 548063113999088594326381812268606132370974703616 riak_pipe_vnode
2026-09-11 18:34:03.758489+09:00 [info] <0.916.0>@riak_core_vnode_manager:get_vnode/3:733 Will start VNode for partition 730750818665451459101842416358141509827966271488 riak_pipe_vnode
2026-09-11 18:34:03.762175+09:00 [info] <0.916.0>@riak_core_vnode_manager:get_vnode/3:743 VNode initialization ready <0.917.0> 730750818665451459101842416358141509827966271488 riak_pipe_vnode
2026-09-11 18:34:03.763949+09:00 [info] <0.919.0>@riak_core_vnode_manager:get_vnode/3:733 Will start VNode for partition 913438523331814323877303020447676887284957839360 riak_pipe_vnode
2026-09-11 18:34:03.766506+09:00 [info] <0.919.0>@riak_core_vnode_manager:get_vnode/3:743 VNode initialization ready <0.920.0> 913438523331814323877303020447676887284957839360 riak_pipe_vnode
2026-09-11 18:34:03.767987+09:00 [info] <0.922.0>@riak_core_vnode_manager:get_vnode/3:733 Will start VNode for partition 1096126227998177188652763624537212264741949407232 riak_pipe_vnode
2026-09-11 18:34:03.770484+09:00 [info] <0.922.0>@riak_core_vnode_manager:get_vnode/3:743 VNode initialization ready <0.923.0> 1096126227998177188652763624537212264741949407232 riak_pipe_vnode
2026-09-11 18:34:03.771996+09:00 [info] <0.925.0>@riak_core_vnode_manager:get_vnode/3:733 Will start VNode for partition 1278813932664540053428224228626747642198940975104 riak_pipe_vnode
2026-09-11 18:34:03.774662+09:00 [info] <0.925.0>@riak_core_vnode_manager:get_vnode/3:743 VNode initialization ready <0.926.0> 1278813932664540053428224228626747642198940975104 riak_pipe_vnode
2026-09-11 18:34:03.841988+09:00 [info] <0.397.0>@riak_core:wait_for_service/2:492 Wait complete for service riak_kv (8 seconds)
2026-09-11 18:34:03.842783+09:00 [info] <0.630.0>@riak_core:wait_for_service/2:492 Wait complete for service riak_kv (7 seconds)
2026-09-11 18:34:03.860034+09:00 [info] <0.239.0>@riak_core_capability:process_capability_changes/2:557 New capability: {riak_repl,bloom_fold} = true
2026-09-11 18:34:03.871085+09:00 [info] <0.239.0>@riak_core_capability:process_capability_changes/2:557 New capability: {riak_repl,rtq_meta} = true
2026-09-11 18:34:03.881618+09:00 [info] <0.239.0>@riak_core_capability:process_capability_changes/2:557 New capability: {riak_repl,default_bucket_props_hash} = [consistent,datatype,n_val,write_once]
2026-09-11 18:34:03.919338+09:00 [info] <0.630.0>@riak_repl_app:start/2:70 REPL CS block skip disabled
2026-09-11 18:34:03.940172+09:00 [info] <0.928.0>@supervisor:report_progress/2:1582 Supervisor: {local,riak_repl_sup}. Started: id=riak_repl_client_sup,pid=<0.929.0>.
2026-09-11 18:34:03.946786+09:00 [info] <0.928.0>@supervisor:report_progress/2:1582 Supervisor: {local,riak_repl_sup}. Started: id=riak_repl_server_sup,pid=<0.930.0>.
2026-09-11 18:34:03.966395+09:00 [info] <0.928.0>@supervisor:report_progress/2:1582 Supervisor: {local,riak_repl_sup}. Started: id=riak_repl_leader,pid=<0.931.0>.
2026-09-11 18:34:03.979482+09:00 [info] <0.928.0>@supervisor:report_progress/2:1582 Supervisor: {local,riak_repl_sup}. Started: id=riak_repl2_leader,pid=<0.934.0>.
2026-09-11 18:34:04.029886+09:00 [info] <0.936.0>@riak_core_service_mgr:start_link/1:111 Starting Core Service Manager at {"127.0.0.1",9080}
2026-09-11 18:34:04.087562+09:00 [info] <0.955.0>@supervisor:report_progress/2:1582 Supervisor: {<0.955.0>,ranch_conns_sup_sup}. Started: id={ranch_conns_sup,1},pid=<0.956.0>.
2026-09-11 18:34:04.089008+09:00 [info] <0.955.0>@supervisor:report_progress/2:1582 Supervisor: {<0.955.0>,ranch_conns_sup_sup}. Started: id={ranch_conns_sup,2},pid=<0.957.0>.
2026-09-11 18:34:04.089750+09:00 [info] <0.955.0>@supervisor:report_progress/2:1582 Supervisor: {<0.955.0>,ranch_conns_sup_sup}. Started: id={ranch_conns_sup,3},pid=<0.958.0>.
2026-09-11 18:34:04.090535+09:00 [info] <0.955.0>@supervisor:report_progress/2:1582 Supervisor: {<0.955.0>,ranch_conns_sup_sup}. Started: id={ranch_conns_sup,4},pid=<0.959.0>.
2026-09-11 18:34:04.091156+09:00 [info] <0.955.0>@supervisor:report_progress/2:1582 Supervisor: {<0.955.0>,ranch_conns_sup_sup}. Started: id={ranch_conns_sup,5},pid=<0.960.0>.
2026-09-11 18:34:04.091833+09:00 [info] <0.955.0>@supervisor:report_progress/2:1582 Supervisor: {<0.955.0>,ranch_conns_sup_sup}. Started: id={ranch_conns_sup,6},pid=<0.961.0>.
2026-09-11 18:34:04.092318+09:00 [info] <0.955.0>@supervisor:report_progress/2:1582 Supervisor: {<0.955.0>,ranch_conns_sup_sup}. Started: id={ranch_conns_sup,7},pid=<0.962.0>.
2026-09-11 18:34:04.093011+09:00 [info] <0.955.0>@supervisor:report_progress/2:1582 Supervisor: {<0.955.0>,ranch_conns_sup_sup}. Started: id={ranch_conns_sup,8},pid=<0.963.0>.
2026-09-11 18:34:04.093605+09:00 [info] <0.955.0>@supervisor:report_progress/2:1582 Supervisor: {<0.955.0>,ranch_conns_sup_sup}. Started: id={ranch_conns_sup,9},pid=<0.964.0>.
2026-09-11 18:34:04.094382+09:00 [info] <0.955.0>@supervisor:report_progress/2:1582 Supervisor: {<0.955.0>,ranch_conns_sup_sup}. Started: id={ranch_conns_sup,10},pid=<0.965.0>.
2026-09-11 18:34:04.094949+09:00 [info] <0.955.0>@supervisor:report_progress/2:1582 Supervisor: {<0.955.0>,ranch_conns_sup_sup}. Started: id={ranch_conns_sup,11},pid=<0.966.0>.
2026-09-11 18:34:04.095609+09:00 [info] <0.955.0>@supervisor:report_progress/2:1582 Supervisor: {<0.955.0>,ranch_conns_sup_sup}. Started: id={ranch_conns_sup,12},pid=<0.967.0>.
2026-09-11 18:34:04.096171+09:00 [info] <0.955.0>@supervisor:report_progress/2:1582 Supervisor: {<0.955.0>,ranch_conns_sup_sup}. Started: id={ranch_conns_sup,13},pid=<0.968.0>.
2026-09-11 18:34:04.096829+09:00 [info] <0.955.0>@supervisor:report_progress/2:1582 Supervisor: {<0.955.0>,ranch_conns_sup_sup}. Started: id={ranch_conns_sup,14},pid=<0.969.0>.
2026-09-11 18:34:04.097412+09:00 [info] <0.955.0>@supervisor:report_progress/2:1582 Supervisor: {<0.955.0>,ranch_conns_sup_sup}. Started: id={ranch_conns_sup,15},pid=<0.970.0>.
2026-09-11 18:34:04.098163+09:00 [info] <0.955.0>@supervisor:report_progress/2:1582 Supervisor: {<0.955.0>,ranch_conns_sup_sup}. Started: id={ranch_conns_sup,16},pid=<0.971.0>.
2026-09-11 18:34:04.098741+09:00 [info] <0.955.0>@supervisor:report_progress/2:1582 Supervisor: {<0.955.0>,ranch_conns_sup_sup}. Started: id={ranch_conns_sup,17},pid=<0.972.0>.
2026-09-11 18:34:04.099459+09:00 [info] <0.955.0>@supervisor:report_progress/2:1582 Supervisor: {<0.955.0>,ranch_conns_sup_sup}. Started: id={ranch_conns_sup,18},pid=<0.973.0>.
2026-09-11 18:34:04.100038+09:00 [info] <0.955.0>@supervisor:report_progress/2:1582 Supervisor: {<0.955.0>,ranch_conns_sup_sup}. Started: id={ranch_conns_sup,19},pid=<0.974.0>.
2026-09-11 18:34:04.100653+09:00 [info] <0.955.0>@supervisor:report_progress/2:1582 Supervisor: {<0.955.0>,ranch_conns_sup_sup}. Started: id={ranch_conns_sup,20},pid=<0.975.0>.
2026-09-11 18:34:04.101358+09:00 [info] <0.955.0>@supervisor:report_progress/2:1582 Supervisor: {<0.955.0>,ranch_conns_sup_sup}. Started: id={ranch_conns_sup,21},pid=<0.976.0>.
2026-09-11 18:34:04.102175+09:00 [info] <0.955.0>@supervisor:report_progress/2:1582 Supervisor: {<0.955.0>,ranch_conns_sup_sup}. Started: id={ranch_conns_sup,22},pid=<0.977.0>.
2026-09-11 18:34:04.102984+09:00 [info] <0.955.0>@supervisor:report_progress/2:1582 Supervisor: {<0.955.0>,ranch_conns_sup_sup}. Started: id={ranch_conns_sup,23},pid=<0.978.0>.
2026-09-11 18:34:04.103748+09:00 [info] <0.955.0>@supervisor:report_progress/2:1582 Supervisor: {<0.955.0>,ranch_conns_sup_sup}. Started: id={ranch_conns_sup,24},pid=<0.979.0>.
2026-09-11 18:34:04.104454+09:00 [info] <0.955.0>@supervisor:report_progress/2:1582 Supervisor: {<0.955.0>,ranch_conns_sup_sup}. Started: id={ranch_conns_sup,25},pid=<0.980.0>.
2026-09-11 18:34:04.105456+09:00 [info] <0.955.0>@supervisor:report_progress/2:1582 Supervisor: {<0.955.0>,ranch_conns_sup_sup}. Started: id={ranch_conns_sup,26},pid=<0.981.0>.
2026-09-11 18:34:04.106355+09:00 [info] <0.955.0>@supervisor:report_progress/2:1582 Supervisor: {<0.955.0>,ranch_conns_sup_sup}. Started: id={ranch_conns_sup,27},pid=<0.982.0>.
2026-09-11 18:34:04.107033+09:00 [info] <0.955.0>@supervisor:report_progress/2:1582 Supervisor: {<0.955.0>,ranch_conns_sup_sup}. Started: id={ranch_conns_sup,28},pid=<0.983.0>.
2026-09-11 18:34:04.107742+09:00 [info] <0.955.0>@supervisor:report_progress/2:1582 Supervisor: {<0.955.0>,ranch_conns_sup_sup}. Started: id={ranch_conns_sup,29},pid=<0.984.0>.
2026-09-11 18:34:04.108627+09:00 [info] <0.955.0>@supervisor:report_progress/2:1582 Supervisor: {<0.955.0>,ranch_conns_sup_sup}. Started: id={ranch_conns_sup,30},pid=<0.985.0>.
2026-09-11 18:34:04.109623+09:00 [info] <0.955.0>@supervisor:report_progress/2:1582 Supervisor: {<0.955.0>,ranch_conns_sup_sup}. Started: id={ranch_conns_sup,31},pid=<0.986.0>.
2026-09-11 18:34:04.110489+09:00 [info] <0.955.0>@supervisor:report_progress/2:1582 Supervisor: {<0.955.0>,ranch_conns_sup_sup}. Started: id={ranch_conns_sup,32},pid=<0.987.0>.
2026-09-11 18:34:04.111121+09:00 [info] <0.955.0>@supervisor:report_progress/2:1582 Supervisor: {<0.955.0>,ranch_conns_sup_sup}. Started: id={ranch_conns_sup,33},pid=<0.988.0>.
2026-09-11 18:34:04.111812+09:00 [info] <0.955.0>@supervisor:report_progress/2:1582 Supervisor: {<0.955.0>,ranch_conns_sup_sup}. Started: id={ranch_conns_sup,34},pid=<0.989.0>.
2026-09-11 18:34:04.112570+09:00 [info] <0.955.0>@supervisor:report_progress/2:1582 Supervisor: {<0.955.0>,ranch_conns_sup_sup}. Started: id={ranch_conns_sup,35},pid=<0.990.0>.
2026-09-11 18:34:04.113361+09:00 [info] <0.955.0>@supervisor:report_progress/2:1582 Supervisor: {<0.955.0>,ranch_conns_sup_sup}. Started: id={ranch_conns_sup,36},pid=<0.991.0>.
2026-09-11 18:34:04.113985+09:00 [info] <0.955.0>@supervisor:report_progress/2:1582 Supervisor: {<0.955.0>,ranch_conns_sup_sup}. Started: id={ranch_conns_sup,37},pid=<0.992.0>.
2026-09-11 18:34:04.114610+09:00 [info] <0.955.0>@supervisor:report_progress/2:1582 Supervisor: {<0.955.0>,ranch_conns_sup_sup}. Started: id={ranch_conns_sup,38},pid=<0.993.0>.
2026-09-11 18:34:04.115347+09:00 [info] <0.955.0>@supervisor:report_progress/2:1582 Supervisor: {<0.955.0>,ranch_conns_sup_sup}. Started: id={ranch_conns_sup,39},pid=<0.994.0>.
2026-09-11 18:34:04.115994+09:00 [info] <0.955.0>@supervisor:report_progress/2:1582 Supervisor: {<0.955.0>,ranch_conns_sup_sup}. Started: id={ranch_conns_sup,40},pid=<0.995.0>.
2026-09-11 18:34:04.116710+09:00 [info] <0.955.0>@supervisor:report_progress/2:1582 Supervisor: {<0.955.0>,ranch_conns_sup_sup}. Started: id={ranch_conns_sup,41},pid=<0.996.0>.
2026-09-11 18:34:04.117438+09:00 [info] <0.955.0>@supervisor:report_progress/2:1582 Supervisor: {<0.955.0>,ranch_conns_sup_sup}. Started: id={ranch_conns_sup,42},pid=<0.997.0>.
2026-09-11 18:34:04.118221+09:00 [info] <0.955.0>@supervisor:report_progress/2:1582 Supervisor: {<0.955.0>,ranch_conns_sup_sup}. Started: id={ranch_conns_sup,43},pid=<0.998.0>.
2026-09-11 18:34:04.118853+09:00 [info] <0.955.0>@supervisor:report_progress/2:1582 Supervisor: {<0.955.0>,ranch_conns_sup_sup}. Started: id={ranch_conns_sup,44},pid=<0.999.0>.
2026-09-11 18:34:04.119602+09:00 [info] <0.955.0>@supervisor:report_progress/2:1582 Supervisor: {<0.955.0>,ranch_conns_sup_sup}. Started: id={ranch_conns_sup,45},pid=<0.1000.0>.
2026-09-11 18:34:04.120212+09:00 [info] <0.955.0>@supervisor:report_progress/2:1582 Supervisor: {<0.955.0>,ranch_conns_sup_sup}. Started: id={ranch_conns_sup,46},pid=<0.1001.0>.
2026-09-11 18:34:04.120945+09:00 [info] <0.955.0>@supervisor:report_progress/2:1582 Supervisor: {<0.955.0>,ranch_conns_sup_sup}. Started: id={ranch_conns_sup,47},pid=<0.1002.0>.
2026-09-11 18:34:04.121612+09:00 [info] <0.955.0>@supervisor:report_progress/2:1582 Supervisor: {<0.955.0>,ranch_conns_sup_sup}. Started: id={ranch_conns_sup,48},pid=<0.1003.0>.
2026-09-11 18:34:04.122374+09:00 [info] <0.955.0>@supervisor:report_progress/2:1582 Supervisor: {<0.955.0>,ranch_conns_sup_sup}. Started: id={ranch_conns_sup,49},pid=<0.1004.0>.
2026-09-11 18:34:04.123000+09:00 [info] <0.955.0>@supervisor:report_progress/2:1582 Supervisor: {<0.955.0>,ranch_conns_sup_sup}. Started: id={ranch_conns_sup,50},pid=<0.1005.0>.
2026-09-11 18:34:04.124090+09:00 [info] <0.955.0>@supervisor:report_progress/2:1582 Supervisor: {<0.955.0>,ranch_conns_sup_sup}. Started: id={ranch_conns_sup,51},pid=<0.1006.0>.
2026-09-11 18:34:04.124827+09:00 [info] <0.955.0>@supervisor:report_progress/2:1582 Supervisor: {<0.955.0>,ranch_conns_sup_sup}. Started: id={ranch_conns_sup,52},pid=<0.1007.0>.
2026-09-11 18:34:04.125738+09:00 [info] <0.955.0>@supervisor:report_progress/2:1582 Supervisor: {<0.955.0>,ranch_conns_sup_sup}. Started: id={ranch_conns_sup,53},pid=<0.1008.0>.
2026-09-11 18:34:04.126419+09:00 [info] <0.955.0>@supervisor:report_progress/2:1582 Supervisor: {<0.955.0>,ranch_conns_sup_sup}. Started: id={ranch_conns_sup,54},pid=<0.1009.0>.
2026-09-11 18:34:04.127169+09:00 [info] <0.955.0>@supervisor:report_progress/2:1582 Supervisor: {<0.955.0>,ranch_conns_sup_sup}. Started: id={ranch_conns_sup,55},pid=<0.1010.0>.
2026-09-11 18:34:04.127826+09:00 [info] <0.955.0>@supervisor:report_progress/2:1582 Supervisor: {<0.955.0>,ranch_conns_sup_sup}. Started: id={ranch_conns_sup,56},pid=<0.1011.0>.
2026-09-11 18:34:04.128770+09:00 [info] <0.955.0>@supervisor:report_progress/2:1582 Supervisor: {<0.955.0>,ranch_conns_sup_sup}. Started: id={ranch_conns_sup,57},pid=<0.1012.0>.
2026-09-11 18:34:04.129500+09:00 [info] <0.955.0>@supervisor:report_progress/2:1582 Supervisor: {<0.955.0>,ranch_conns_sup_sup}. Started: id={ranch_conns_sup,58},pid=<0.1013.0>.
2026-09-11 18:34:04.130198+09:00 [info] <0.955.0>@supervisor:report_progress/2:1582 Supervisor: {<0.955.0>,ranch_conns_sup_sup}. Started: id={ranch_conns_sup,59},pid=<0.1014.0>.
2026-09-11 18:34:04.130816+09:00 [info] <0.955.0>@supervisor:report_progress/2:1582 Supervisor: {<0.955.0>,ranch_conns_sup_sup}. Started: id={ranch_conns_sup,60},pid=<0.1015.0>.
2026-09-11 18:34:04.131783+09:00 [info] <0.955.0>@supervisor:report_progress/2:1582 Supervisor: {<0.955.0>,ranch_conns_sup_sup}. Started: id={ranch_conns_sup,61},pid=<0.1016.0>.
2026-09-11 18:34:04.132580+09:00 [info] <0.955.0>@supervisor:report_progress/2:1582 Supervisor: {<0.955.0>,ranch_conns_sup_sup}. Started: id={ranch_conns_sup,62},pid=<0.1017.0>.
2026-09-11 18:34:04.133364+09:00 [info] <0.955.0>@supervisor:report_progress/2:1582 Supervisor: {<0.955.0>,ranch_conns_sup_sup}. Started: id={ranch_conns_sup,63},pid=<0.1018.0>.
2026-09-11 18:34:04.134023+09:00 [info] <0.955.0>@supervisor:report_progress/2:1582 Supervisor: {<0.955.0>,ranch_conns_sup_sup}. Started: id={ranch_conns_sup,64},pid=<0.1019.0>.
2026-09-11 18:34:04.134725+09:00 [info] <0.955.0>@supervisor:report_progress/2:1582 Supervisor: {<0.955.0>,ranch_conns_sup_sup}. Started: id={ranch_conns_sup,65},pid=<0.1020.0>.
2026-09-11 18:34:04.135299+09:00 [info] <0.955.0>@supervisor:report_progress/2:1582 Supervisor: {<0.955.0>,ranch_conns_sup_sup}. Started: id={ranch_conns_sup,66},pid=<0.1021.0>.
2026-09-11 18:34:04.135972+09:00 [info] <0.955.0>@supervisor:report_progress/2:1582 Supervisor: {<0.955.0>,ranch_conns_sup_sup}. Started: id={ranch_conns_sup,67},pid=<0.1022.0>.
2026-09-11 18:34:04.136522+09:00 [info] <0.955.0>@supervisor:report_progress/2:1582 Supervisor: {<0.955.0>,ranch_conns_sup_sup}. Started: id={ranch_conns_sup,68},pid=<0.1023.0>.
2026-09-11 18:34:04.137208+09:00 [info] <0.955.0>@supervisor:report_progress/2:1582 Supervisor: {<0.955.0>,ranch_conns_sup_sup}. Started: id={ranch_conns_sup,69},pid=<0.1024.0>.
2026-09-11 18:34:04.137787+09:00 [info] <0.955.0>@supervisor:report_progress/2:1582 Supervisor: {<0.955.0>,ranch_conns_sup_sup}. Started: id={ranch_conns_sup,70},pid=<0.1025.0>.
2026-09-11 18:34:04.138444+09:00 [info] <0.955.0>@supervisor:report_progress/2:1582 Supervisor: {<0.955.0>,ranch_conns_sup_sup}. Started: id={ranch_conns_sup,71},pid=<0.1026.0>.
2026-09-11 18:34:04.139012+09:00 [info] <0.955.0>@supervisor:report_progress/2:1582 Supervisor: {<0.955.0>,ranch_conns_sup_sup}. Started: id={ranch_conns_sup,72},pid=<0.1027.0>.
2026-09-11 18:34:04.139683+09:00 [info] <0.955.0>@supervisor:report_progress/2:1582 Supervisor: {<0.955.0>,ranch_conns_sup_sup}. Started: id={ranch_conns_sup,73},pid=<0.1028.0>.
2026-09-11 18:34:04.140256+09:00 [info] <0.955.0>@supervisor:report_progress/2:1582 Supervisor: {<0.955.0>,ranch_conns_sup_sup}. Started: id={ranch_conns_sup,74},pid=<0.1029.0>.
2026-09-11 18:34:04.140965+09:00 [info] <0.955.0>@supervisor:report_progress/2:1582 Supervisor: {<0.955.0>,ranch_conns_sup_sup}. Started: id={ranch_conns_sup,75},pid=<0.1030.0>.
2026-09-11 18:34:04.141558+09:00 [info] <0.955.0>@supervisor:report_progress/2:1582 Supervisor: {<0.955.0>,ranch_conns_sup_sup}. Started: id={ranch_conns_sup,76},pid=<0.1031.0>.
2026-09-11 18:34:04.142315+09:00 [info] <0.955.0>@supervisor:report_progress/2:1582 Supervisor: {<0.955.0>,ranch_conns_sup_sup}. Started: id={ranch_conns_sup,77},pid=<0.1032.0>.
2026-09-11 18:34:04.142956+09:00 [info] <0.955.0>@supervisor:report_progress/2:1582 Supervisor: {<0.955.0>,ranch_conns_sup_sup}. Started: id={ranch_conns_sup,78},pid=<0.1033.0>.
2026-09-11 18:34:04.143670+09:00 [info] <0.955.0>@supervisor:report_progress/2:1582 Supervisor: {<0.955.0>,ranch_conns_sup_sup}. Started: id={ranch_conns_sup,79},pid=<0.1034.0>.
2026-09-11 18:34:04.144281+09:00 [info] <0.955.0>@supervisor:report_progress/2:1582 Supervisor: {<0.955.0>,ranch_conns_sup_sup}. Started: id={ranch_conns_sup,80},pid=<0.1035.0>.
2026-09-11 18:34:04.144994+09:00 [info] <0.955.0>@supervisor:report_progress/2:1582 Supervisor: {<0.955.0>,ranch_conns_sup_sup}. Started: id={ranch_conns_sup,81},pid=<0.1036.0>.
2026-09-11 18:34:04.146026+09:00 [info] <0.955.0>@supervisor:report_progress/2:1582 Supervisor: {<0.955.0>,ranch_conns_sup_sup}. Started: id={ranch_conns_sup,82},pid=<0.1037.0>.
2026-09-11 18:34:04.146924+09:00 [info] <0.955.0>@supervisor:report_progress/2:1582 Supervisor: {<0.955.0>,ranch_conns_sup_sup}. Started: id={ranch_conns_sup,83},pid=<0.1038.0>.
2026-09-11 18:34:04.147646+09:00 [info] <0.955.0>@supervisor:report_progress/2:1582 Supervisor: {<0.955.0>,ranch_conns_sup_sup}. Started: id={ranch_conns_sup,84},pid=<0.1039.0>.
2026-09-11 18:34:04.148396+09:00 [info] <0.955.0>@supervisor:report_progress/2:1582 Supervisor: {<0.955.0>,ranch_conns_sup_sup}. Started: id={ranch_conns_sup,85},pid=<0.1040.0>.
2026-09-11 18:34:04.149262+09:00 [info] <0.955.0>@supervisor:report_progress/2:1582 Supervisor: {<0.955.0>,ranch_conns_sup_sup}. Started: id={ranch_conns_sup,86},pid=<0.1041.0>.
2026-09-11 18:34:04.150056+09:00 [info] <0.955.0>@supervisor:report_progress/2:1582 Supervisor: {<0.955.0>,ranch_conns_sup_sup}. Started: id={ranch_conns_sup,87},pid=<0.1042.0>.
2026-09-11 18:34:04.150667+09:00 [info] <0.955.0>@supervisor:report_progress/2:1582 Supervisor: {<0.955.0>,ranch_conns_sup_sup}. Started: id={ranch_conns_sup,88},pid=<0.1043.0>.
2026-09-11 18:34:04.151396+09:00 [info] <0.955.0>@supervisor:report_progress/2:1582 Supervisor: {<0.955.0>,ranch_conns_sup_sup}. Started: id={ranch_conns_sup,89},pid=<0.1044.0>.
2026-09-11 18:34:04.152007+09:00 [info] <0.955.0>@supervisor:report_progress/2:1582 Supervisor: {<0.955.0>,ranch_conns_sup_sup}. Started: id={ranch_conns_sup,90},pid=<0.1045.0>.
2026-09-11 18:34:04.152692+09:00 [info] <0.955.0>@supervisor:report_progress/2:1582 Supervisor: {<0.955.0>,ranch_conns_sup_sup}. Started: id={ranch_conns_sup,91},pid=<0.1046.0>.
2026-09-11 18:34:04.153345+09:00 [info] <0.955.0>@supervisor:report_progress/2:1582 Supervisor: {<0.955.0>,ranch_conns_sup_sup}. Started: id={ranch_conns_sup,92},pid=<0.1047.0>.
2026-09-11 18:34:04.154044+09:00 [info] <0.955.0>@supervisor:report_progress/2:1582 Supervisor: {<0.955.0>,ranch_conns_sup_sup}. Started: id={ranch_conns_sup,93},pid=<0.1048.0>.
2026-09-11 18:34:04.154676+09:00 [info] <0.955.0>@supervisor:report_progress/2:1582 Supervisor: {<0.955.0>,ranch_conns_sup_sup}. Started: id={ranch_conns_sup,94},pid=<0.1049.0>.
2026-09-11 18:34:04.155378+09:00 [info] <0.955.0>@supervisor:report_progress/2:1582 Supervisor: {<0.955.0>,ranch_conns_sup_sup}. Started: id={ranch_conns_sup,95},pid=<0.1050.0>.
2026-09-11 18:34:04.155976+09:00 [info] <0.955.0>@supervisor:report_progress/2:1582 Supervisor: {<0.955.0>,ranch_conns_sup_sup}. Started: id={ranch_conns_sup,96},pid=<0.1051.0>.
2026-09-11 18:34:04.156737+09:00 [info] <0.955.0>@supervisor:report_progress/2:1582 Supervisor: {<0.955.0>,ranch_conns_sup_sup}. Started: id={ranch_conns_sup,97},pid=<0.1052.0>.
2026-09-11 18:34:04.157611+09:00 [info] <0.955.0>@supervisor:report_progress/2:1582 Supervisor: {<0.955.0>,ranch_conns_sup_sup}. Started: id={ranch_conns_sup,98},pid=<0.1053.0>.
2026-09-11 18:34:04.158387+09:00 [info] <0.955.0>@supervisor:report_progress/2:1582 Supervisor: {<0.955.0>,ranch_conns_sup_sup}. Started: id={ranch_conns_sup,99},pid=<0.1054.0>.
2026-09-11 18:34:04.159445+09:00 [info] <0.955.0>@supervisor:report_progress/2:1582 Supervisor: {<0.955.0>,ranch_conns_sup_sup}. Started: id={ranch_conns_sup,100},pid=<0.1055.0>.
2026-09-11 18:34:04.160069+09:00 [info] <0.938.0>@supervisor:report_progress/2:1582 Supervisor: {<0.938.0>,ranch_listener_sup}. Started: id=ranch_conns_sup_sup,pid=<0.955.0>.
2026-09-11 18:34:04.181384+09:00 [info] <0.1056.0>@supervisor:report_progress/2:1582 Supervisor: {<0.1056.0>,ranch_acceptors_sup}. Started: id={acceptor,<0.1056.0>,1},pid=<0.1057.0>.
2026-09-11 18:34:04.183080+09:00 [info] <0.1056.0>@supervisor:report_progress/2:1582 Supervisor: {<0.1056.0>,ranch_acceptors_sup}. Started: id={acceptor,<0.1056.0>,2},pid=<0.1058.0>.
2026-09-11 18:34:04.184293+09:00 [info] <0.1056.0>@supervisor:report_progress/2:1582 Supervisor: {<0.1056.0>,ranch_acceptors_sup}. Started: id={acceptor,<0.1056.0>,3},pid=<0.1059.0>.
2026-09-11 18:34:04.185373+09:00 [info] <0.1056.0>@supervisor:report_progress/2:1582 Supervisor: {<0.1056.0>,ranch_acceptors_sup}. Started: id={acceptor,<0.1056.0>,4},pid=<0.1060.0>.
2026-09-11 18:34:04.186432+09:00 [info] <0.1056.0>@supervisor:report_progress/2:1582 Supervisor: {<0.1056.0>,ranch_acceptors_sup}. Started: id={acceptor,<0.1056.0>,5},pid=<0.1061.0>.
2026-09-11 18:34:04.187473+09:00 [info] <0.1056.0>@supervisor:report_progress/2:1582 Supervisor: {<0.1056.0>,ranch_acceptors_sup}. Started: id={acceptor,<0.1056.0>,6},pid=<0.1062.0>.
2026-09-11 18:34:04.188502+09:00 [info] <0.1056.0>@supervisor:report_progress/2:1582 Supervisor: {<0.1056.0>,ranch_acceptors_sup}. Started: id={acceptor,<0.1056.0>,7},pid=<0.1063.0>.
2026-09-11 18:34:04.189476+09:00 [info] <0.1056.0>@supervisor:report_progress/2:1582 Supervisor: {<0.1056.0>,ranch_acceptors_sup}. Started: id={acceptor,<0.1056.0>,8},pid=<0.1064.0>.
2026-09-11 18:34:04.190502+09:00 [info] <0.1056.0>@supervisor:report_progress/2:1582 Supervisor: {<0.1056.0>,ranch_acceptors_sup}. Started: id={acceptor,<0.1056.0>,9},pid=<0.1065.0>.
2026-09-11 18:34:04.191483+09:00 [info] <0.1056.0>@supervisor:report_progress/2:1582 Supervisor: {<0.1056.0>,ranch_acceptors_sup}. Started: id={acceptor,<0.1056.0>,10},pid=<0.1066.0>.
2026-09-11 18:34:04.192629+09:00 [info] <0.1056.0>@supervisor:report_progress/2:1582 Supervisor: {<0.1056.0>,ranch_acceptors_sup}. Started: id={acceptor,<0.1056.0>,11},pid=<0.1067.0>.
2026-09-11 18:34:04.193829+09:00 [info] <0.1056.0>@supervisor:report_progress/2:1582 Supervisor: {<0.1056.0>,ranch_acceptors_sup}. Started: id={acceptor,<0.1056.0>,12},pid=<0.1068.0>.
2026-09-11 18:34:04.194917+09:00 [info] <0.1056.0>@supervisor:report_progress/2:1582 Supervisor: {<0.1056.0>,ranch_acceptors_sup}. Started: id={acceptor,<0.1056.0>,13},pid=<0.1069.0>.
2026-09-11 18:34:04.195901+09:00 [info] <0.1056.0>@supervisor:report_progress/2:1582 Supervisor: {<0.1056.0>,ranch_acceptors_sup}. Started: id={acceptor,<0.1056.0>,14},pid=<0.1070.0>.
2026-09-11 18:34:04.196924+09:00 [info] <0.1056.0>@supervisor:report_progress/2:1582 Supervisor: {<0.1056.0>,ranch_acceptors_sup}. Started: id={acceptor,<0.1056.0>,15},pid=<0.1071.0>.
2026-09-11 18:34:04.197895+09:00 [info] <0.1056.0>@supervisor:report_progress/2:1582 Supervisor: {<0.1056.0>,ranch_acceptors_sup}. Started: id={acceptor,<0.1056.0>,16},pid=<0.1072.0>.
2026-09-11 18:34:04.198921+09:00 [info] <0.1056.0>@supervisor:report_progress/2:1582 Supervisor: {<0.1056.0>,ranch_acceptors_sup}. Started: id={acceptor,<0.1056.0>,17},pid=<0.1073.0>.
2026-09-11 18:34:04.199929+09:00 [info] <0.1056.0>@supervisor:report_progress/2:1582 Supervisor: {<0.1056.0>,ranch_acceptors_sup}. Started: id={acceptor,<0.1056.0>,18},pid=<0.1074.0>.
2026-09-11 18:34:04.201122+09:00 [info] <0.1056.0>@supervisor:report_progress/2:1582 Supervisor: {<0.1056.0>,ranch_acceptors_sup}. Started: id={acceptor,<0.1056.0>,19},pid=<0.1075.0>.
2026-09-11 18:34:04.202082+09:00 [info] <0.1056.0>@supervisor:report_progress/2:1582 Supervisor: {<0.1056.0>,ranch_acceptors_sup}. Started: id={acceptor,<0.1056.0>,20},pid=<0.1076.0>.
2026-09-11 18:34:04.203305+09:00 [info] <0.1056.0>@supervisor:report_progress/2:1582 Supervisor: {<0.1056.0>,ranch_acceptors_sup}. Started: id={acceptor,<0.1056.0>,21},pid=<0.1077.0>.
2026-09-11 18:34:04.204329+09:00 [info] <0.1056.0>@supervisor:report_progress/2:1582 Supervisor: {<0.1056.0>,ranch_acceptors_sup}. Started: id={acceptor,<0.1056.0>,22},pid=<0.1078.0>.
2026-09-11 18:34:04.205491+09:00 [info] <0.1056.0>@supervisor:report_progress/2:1582 Supervisor: {<0.1056.0>,ranch_acceptors_sup}. Started: id={acceptor,<0.1056.0>,23},pid=<0.1079.0>.
2026-09-11 18:34:04.206499+09:00 [info] <0.1056.0>@supervisor:report_progress/2:1582 Supervisor: {<0.1056.0>,ranch_acceptors_sup}. Started: id={acceptor,<0.1056.0>,24},pid=<0.1080.0>.
2026-09-11 18:34:04.207425+09:00 [info] <0.1056.0>@supervisor:report_progress/2:1582 Supervisor: {<0.1056.0>,ranch_acceptors_sup}. Started: id={acceptor,<0.1056.0>,25},pid=<0.1081.0>.
2026-09-11 18:34:04.208387+09:00 [info] <0.1056.0>@supervisor:report_progress/2:1582 Supervisor: {<0.1056.0>,ranch_acceptors_sup}. Started: id={acceptor,<0.1056.0>,26},pid=<0.1082.0>.
2026-09-11 18:34:04.209237+09:00 [info] <0.1056.0>@supervisor:report_progress/2:1582 Supervisor: {<0.1056.0>,ranch_acceptors_sup}. Started: id={acceptor,<0.1056.0>,27},pid=<0.1083.0>.
2026-09-11 18:34:04.210217+09:00 [info] <0.1056.0>@supervisor:report_progress/2:1582 Supervisor: {<0.1056.0>,ranch_acceptors_sup}. Started: id={acceptor,<0.1056.0>,28},pid=<0.1084.0>.
2026-09-11 18:34:04.211203+09:00 [info] <0.1056.0>@supervisor:report_progress/2:1582 Supervisor: {<0.1056.0>,ranch_acceptors_sup}. Started: id={acceptor,<0.1056.0>,29},pid=<0.1085.0>.
2026-09-11 18:34:04.212164+09:00 [info] <0.1056.0>@supervisor:report_progress/2:1582 Supervisor: {<0.1056.0>,ranch_acceptors_sup}. Started: id={acceptor,<0.1056.0>,30},pid=<0.1086.0>.
2026-09-11 18:34:04.213296+09:00 [info] <0.1056.0>@supervisor:report_progress/2:1582 Supervisor: {<0.1056.0>,ranch_acceptors_sup}. Started: id={acceptor,<0.1056.0>,31},pid=<0.1087.0>.
2026-09-11 18:34:04.214236+09:00 [info] <0.1056.0>@supervisor:report_progress/2:1582 Supervisor: {<0.1056.0>,ranch_acceptors_sup}. Started: id={acceptor,<0.1056.0>,32},pid=<0.1088.0>.
2026-09-11 18:34:04.215237+09:00 [info] <0.1056.0>@supervisor:report_progress/2:1582 Supervisor: {<0.1056.0>,ranch_acceptors_sup}. Started: id={acceptor,<0.1056.0>,33},pid=<0.1089.0>.
2026-09-11 18:34:04.216237+09:00 [info] <0.1056.0>@supervisor:report_progress/2:1582 Supervisor: {<0.1056.0>,ranch_acceptors_sup}. Started: id={acceptor,<0.1056.0>,34},pid=<0.1090.0>.
2026-09-11 18:34:04.217510+09:00 [info] <0.1056.0>@supervisor:report_progress/2:1582 Supervisor: {<0.1056.0>,ranch_acceptors_sup}. Started: id={acceptor,<0.1056.0>,35},pid=<0.1091.0>.
2026-09-11 18:34:04.218643+09:00 [info] <0.1056.0>@supervisor:report_progress/2:1582 Supervisor: {<0.1056.0>,ranch_acceptors_sup}. Started: id={acceptor,<0.1056.0>,36},pid=<0.1092.0>.
2026-09-11 18:34:04.219581+09:00 [info] <0.1056.0>@supervisor:report_progress/2:1582 Supervisor: {<0.1056.0>,ranch_acceptors_sup}. Started: id={acceptor,<0.1056.0>,37},pid=<0.1093.0>.
2026-09-11 18:34:04.220535+09:00 [info] <0.1056.0>@supervisor:report_progress/2:1582 Supervisor: {<0.1056.0>,ranch_acceptors_sup}. Started: id={acceptor,<0.1056.0>,38},pid=<0.1094.0>.
2026-09-11 18:34:04.221556+09:00 [info] <0.1056.0>@supervisor:report_progress/2:1582 Supervisor: {<0.1056.0>,ranch_acceptors_sup}. Started: id={acceptor,<0.1056.0>,39},pid=<0.1095.0>.
2026-09-11 18:34:04.222424+09:00 [info] <0.1056.0>@supervisor:report_progress/2:1582 Supervisor: {<0.1056.0>,ranch_acceptors_sup}. Started: id={acceptor,<0.1056.0>,40},pid=<0.1096.0>.
2026-09-11 18:34:04.223395+09:00 [info] <0.1056.0>@supervisor:report_progress/2:1582 Supervisor: {<0.1056.0>,ranch_acceptors_sup}. Started: id={acceptor,<0.1056.0>,41},pid=<0.1097.0>.
2026-09-11 18:34:04.224211+09:00 [info] <0.1056.0>@supervisor:report_progress/2:1582 Supervisor: {<0.1056.0>,ranch_acceptors_sup}. Started: id={acceptor,<0.1056.0>,42},pid=<0.1098.0>.
2026-09-11 18:34:04.225223+09:00 [info] <0.1056.0>@supervisor:report_progress/2:1582 Supervisor: {<0.1056.0>,ranch_acceptors_sup}. Started: id={acceptor,<0.1056.0>,43},pid=<0.1099.0>.
2026-09-11 18:34:04.226366+09:00 [info] <0.1056.0>@supervisor:report_progress/2:1582 Supervisor: {<0.1056.0>,ranch_acceptors_sup}. Started: id={acceptor,<0.1056.0>,44},pid=<0.1100.0>.
2026-09-11 18:34:04.227408+09:00 [info] <0.1056.0>@supervisor:report_progress/2:1582 Supervisor: {<0.1056.0>,ranch_acceptors_sup}. Started: id={acceptor,<0.1056.0>,45},pid=<0.1101.0>.
2026-09-11 18:34:04.228556+09:00 [info] <0.1056.0>@supervisor:report_progress/2:1582 Supervisor: {<0.1056.0>,ranch_acceptors_sup}. Started: id={acceptor,<0.1056.0>,46},pid=<0.1102.0>.
2026-09-11 18:34:04.229674+09:00 [info] <0.1056.0>@supervisor:report_progress/2:1582 Supervisor: {<0.1056.0>,ranch_acceptors_sup}. Started: id={acceptor,<0.1056.0>,47},pid=<0.1103.0>.
2026-09-11 18:34:04.230894+09:00 [info] <0.1056.0>@supervisor:report_progress/2:1582 Supervisor: {<0.1056.0>,ranch_acceptors_sup}. Started: id={acceptor,<0.1056.0>,48},pid=<0.1104.0>.
2026-09-11 18:34:04.232378+09:00 [info] <0.1056.0>@supervisor:report_progress/2:1582 Supervisor: {<0.1056.0>,ranch_acceptors_sup}. Started: id={acceptor,<0.1056.0>,49},pid=<0.1105.0>.
2026-09-11 18:34:04.233573+09:00 [info] <0.1056.0>@supervisor:report_progress/2:1582 Supervisor: {<0.1056.0>,ranch_acceptors_sup}. Started: id={acceptor,<0.1056.0>,50},pid=<0.1106.0>.
2026-09-11 18:34:04.234737+09:00 [info] <0.1056.0>@supervisor:report_progress/2:1582 Supervisor: {<0.1056.0>,ranch_acceptors_sup}. Started: id={acceptor,<0.1056.0>,51},pid=<0.1107.0>.
2026-09-11 18:34:04.235768+09:00 [info] <0.1056.0>@supervisor:report_progress/2:1582 Supervisor: {<0.1056.0>,ranch_acceptors_sup}. Started: id={acceptor,<0.1056.0>,52},pid=<0.1108.0>.
2026-09-11 18:34:04.236713+09:00 [info] <0.1056.0>@supervisor:report_progress/2:1582 Supervisor: {<0.1056.0>,ranch_acceptors_sup}. Started: id={acceptor,<0.1056.0>,53},pid=<0.1109.0>.
2026-09-11 18:34:04.237671+09:00 [info] <0.1056.0>@supervisor:report_progress/2:1582 Supervisor: {<0.1056.0>,ranch_acceptors_sup}. Started: id={acceptor,<0.1056.0>,54},pid=<0.1110.0>.
2026-09-11 18:34:04.238514+09:00 [info] <0.1056.0>@supervisor:report_progress/2:1582 Supervisor: {<0.1056.0>,ranch_acceptors_sup}. Started: id={acceptor,<0.1056.0>,55},pid=<0.1111.0>.
2026-09-11 18:34:04.239433+09:00 [info] <0.1056.0>@supervisor:report_progress/2:1582 Supervisor: {<0.1056.0>,ranch_acceptors_sup}. Started: id={acceptor,<0.1056.0>,56},pid=<0.1112.0>.
2026-09-11 18:34:04.240243+09:00 [info] <0.1056.0>@supervisor:report_progress/2:1582 Supervisor: {<0.1056.0>,ranch_acceptors_sup}. Started: id={acceptor,<0.1056.0>,57},pid=<0.1113.0>.
2026-09-11 18:34:04.241218+09:00 [info] <0.1056.0>@supervisor:report_progress/2:1582 Supervisor: {<0.1056.0>,ranch_acceptors_sup}. Started: id={acceptor,<0.1056.0>,58},pid=<0.1114.0>.
2026-09-11 18:34:04.242358+09:00 [info] <0.1056.0>@supervisor:report_progress/2:1582 Supervisor: {<0.1056.0>,ranch_acceptors_sup}. Started: id={acceptor,<0.1056.0>,59},pid=<0.1115.0>.
2026-09-11 18:34:04.243487+09:00 [info] <0.1056.0>@supervisor:report_progress/2:1582 Supervisor: {<0.1056.0>,ranch_acceptors_sup}. Started: id={acceptor,<0.1056.0>,60},pid=<0.1116.0>.
2026-09-11 18:34:04.244860+09:00 [info] <0.1056.0>@supervisor:report_progress/2:1582 Supervisor: {<0.1056.0>,ranch_acceptors_sup}. Started: id={acceptor,<0.1056.0>,61},pid=<0.1117.0>.
2026-09-11 18:34:04.246127+09:00 [info] <0.1056.0>@supervisor:report_progress/2:1582 Supervisor: {<0.1056.0>,ranch_acceptors_sup}. Started: id={acceptor,<0.1056.0>,62},pid=<0.1118.0>.
2026-09-11 18:34:04.247505+09:00 [info] <0.1056.0>@supervisor:report_progress/2:1582 Supervisor: {<0.1056.0>,ranch_acceptors_sup}. Started: id={acceptor,<0.1056.0>,63},pid=<0.1119.0>.
2026-09-11 18:34:04.248795+09:00 [info] <0.1056.0>@supervisor:report_progress/2:1582 Supervisor: {<0.1056.0>,ranch_acceptors_sup}. Started: id={acceptor,<0.1056.0>,64},pid=<0.1120.0>.
2026-09-11 18:34:04.249792+09:00 [info] <0.1056.0>@supervisor:report_progress/2:1582 Supervisor: {<0.1056.0>,ranch_acceptors_sup}. Started: id={acceptor,<0.1056.0>,65},pid=<0.1121.0>.
2026-09-11 18:34:04.250864+09:00 [info] <0.1056.0>@supervisor:report_progress/2:1582 Supervisor: {<0.1056.0>,ranch_acceptors_sup}. Started: id={acceptor,<0.1056.0>,66},pid=<0.1122.0>.
2026-09-11 18:34:04.251848+09:00 [info] <0.1056.0>@supervisor:report_progress/2:1582 Supervisor: {<0.1056.0>,ranch_acceptors_sup}. Started: id={acceptor,<0.1056.0>,67},pid=<0.1123.0>.
2026-09-11 18:34:04.252920+09:00 [info] <0.1056.0>@supervisor:report_progress/2:1582 Supervisor: {<0.1056.0>,ranch_acceptors_sup}. Started: id={acceptor,<0.1056.0>,68},pid=<0.1124.0>.
2026-09-11 18:34:04.254014+09:00 [info] <0.1056.0>@supervisor:report_progress/2:1582 Supervisor: {<0.1056.0>,ranch_acceptors_sup}. Started: id={acceptor,<0.1056.0>,69},pid=<0.1125.0>.
2026-09-11 18:34:04.255213+09:00 [info] <0.1056.0>@supervisor:report_progress/2:1582 Supervisor: {<0.1056.0>,ranch_acceptors_sup}. Started: id={acceptor,<0.1056.0>,70},pid=<0.1126.0>.
2026-09-11 18:34:04.256420+09:00 [info] <0.1056.0>@supervisor:report_progress/2:1582 Supervisor: {<0.1056.0>,ranch_acceptors_sup}. Started: id={acceptor,<0.1056.0>,71},pid=<0.1127.0>.
2026-09-11 18:34:04.257632+09:00 [info] <0.1056.0>@supervisor:report_progress/2:1582 Supervisor: {<0.1056.0>,ranch_acceptors_sup}. Started: id={acceptor,<0.1056.0>,72},pid=<0.1128.0>.
2026-09-11 18:34:04.258876+09:00 [info] <0.1056.0>@supervisor:report_progress/2:1582 Supervisor: {<0.1056.0>,ranch_acceptors_sup}. Started: id={acceptor,<0.1056.0>,73},pid=<0.1129.0>.
2026-09-11 18:34:04.260079+09:00 [info] <0.1056.0>@supervisor:report_progress/2:1582 Supervisor: {<0.1056.0>,ranch_acceptors_sup}. Started: id={acceptor,<0.1056.0>,74},pid=<0.1130.0>.
2026-09-11 18:34:04.261821+09:00 [info] <0.1056.0>@supervisor:report_progress/2:1582 Supervisor: {<0.1056.0>,ranch_acceptors_sup}. Started: id={acceptor,<0.1056.0>,75},pid=<0.1131.0>.
2026-09-11 18:34:04.263283+09:00 [info] <0.1056.0>@supervisor:report_progress/2:1582 Supervisor: {<0.1056.0>,ranch_acceptors_sup}. Started: id={acceptor,<0.1056.0>,76},pid=<0.1132.0>.
2026-09-11 18:34:04.264668+09:00 [info] <0.1056.0>@supervisor:report_progress/2:1582 Supervisor: {<0.1056.0>,ranch_acceptors_sup}. Started: id={acceptor,<0.1056.0>,77},pid=<0.1133.0>.
2026-09-11 18:34:04.266120+09:00 [info] <0.1056.0>@supervisor:report_progress/2:1582 Supervisor: {<0.1056.0>,ranch_acceptors_sup}. Started: id={acceptor,<0.1056.0>,78},pid=<0.1134.0>.
2026-09-11 18:34:04.267531+09:00 [info] <0.1056.0>@supervisor:report_progress/2:1582 Supervisor: {<0.1056.0>,ranch_acceptors_sup}. Started: id={acceptor,<0.1056.0>,79},pid=<0.1135.0>.
2026-09-11 18:34:04.268721+09:00 [info] <0.1056.0>@supervisor:report_progress/2:1582 Supervisor: {<0.1056.0>,ranch_acceptors_sup}. Started: id={acceptor,<0.1056.0>,80},pid=<0.1136.0>.
2026-09-11 18:34:04.270419+09:00 [info] <0.1056.0>@supervisor:report_progress/2:1582 Supervisor: {<0.1056.0>,ranch_acceptors_sup}. Started: id={acceptor,<0.1056.0>,81},pid=<0.1137.0>.
2026-09-11 18:34:04.271745+09:00 [info] <0.1056.0>@supervisor:report_progress/2:1582 Supervisor: {<0.1056.0>,ranch_acceptors_sup}. Started: id={acceptor,<0.1056.0>,82},pid=<0.1138.0>.
2026-09-11 18:34:04.273173+09:00 [info] <0.1056.0>@supervisor:report_progress/2:1582 Supervisor: {<0.1056.0>,ranch_acceptors_sup}. Started: id={acceptor,<0.1056.0>,83},pid=<0.1139.0>.
2026-09-11 18:34:04.274641+09:00 [info] <0.1056.0>@supervisor:report_progress/2:1582 Supervisor: {<0.1056.0>,ranch_acceptors_sup}. Started: id={acceptor,<0.1056.0>,84},pid=<0.1140.0>.
2026-09-11 18:34:04.275934+09:00 [info] <0.1056.0>@supervisor:report_progress/2:1582 Supervisor: {<0.1056.0>,ranch_acceptors_sup}. Started: id={acceptor,<0.1056.0>,85},pid=<0.1141.0>.
2026-09-11 18:34:04.277255+09:00 [info] <0.1056.0>@supervisor:report_progress/2:1582 Supervisor: {<0.1056.0>,ranch_acceptors_sup}. Started: id={acceptor,<0.1056.0>,86},pid=<0.1142.0>.
2026-09-11 18:34:04.278259+09:00 [info] <0.1056.0>@supervisor:report_progress/2:1582 Supervisor: {<0.1056.0>,ranch_acceptors_sup}. Started: id={acceptor,<0.1056.0>,87},pid=<0.1143.0>.
2026-09-11 18:34:04.279347+09:00 [info] <0.1056.0>@supervisor:report_progress/2:1582 Supervisor: {<0.1056.0>,ranch_acceptors_sup}. Started: id={acceptor,<0.1056.0>,88},pid=<0.1144.0>.
2026-09-11 18:34:04.280450+09:00 [info] <0.1056.0>@supervisor:report_progress/2:1582 Supervisor: {<0.1056.0>,ranch_acceptors_sup}. Started: id={acceptor,<0.1056.0>,89},pid=<0.1145.0>.
2026-09-11 18:34:04.281366+09:00 [info] <0.1056.0>@supervisor:report_progress/2:1582 Supervisor: {<0.1056.0>,ranch_acceptors_sup}. Started: id={acceptor,<0.1056.0>,90},pid=<0.1146.0>.
2026-09-11 18:34:04.282423+09:00 [info] <0.1056.0>@supervisor:report_progress/2:1582 Supervisor: {<0.1056.0>,ranch_acceptors_sup}. Started: id={acceptor,<0.1056.0>,91},pid=<0.1147.0>.
2026-09-11 18:34:04.283380+09:00 [info] <0.1056.0>@supervisor:report_progress/2:1582 Supervisor: {<0.1056.0>,ranch_acceptors_sup}. Started: id={acceptor,<0.1056.0>,92},pid=<0.1148.0>.
2026-09-11 18:34:04.284374+09:00 [info] <0.1056.0>@supervisor:report_progress/2:1582 Supervisor: {<0.1056.0>,ranch_acceptors_sup}. Started: id={acceptor,<0.1056.0>,93},pid=<0.1149.0>.
2026-09-11 18:34:04.285421+09:00 [info] <0.1056.0>@supervisor:report_progress/2:1582 Supervisor: {<0.1056.0>,ranch_acceptors_sup}. Started: id={acceptor,<0.1056.0>,94},pid=<0.1150.0>.
2026-09-11 18:34:04.286310+09:00 [info] <0.1056.0>@supervisor:report_progress/2:1582 Supervisor: {<0.1056.0>,ranch_acceptors_sup}. Started: id={acceptor,<0.1056.0>,95},pid=<0.1151.0>.
2026-09-11 18:34:04.287835+09:00 [info] <0.1056.0>@supervisor:report_progress/2:1582 Supervisor: {<0.1056.0>,ranch_acceptors_sup}. Started: id={acceptor,<0.1056.0>,96},pid=<0.1152.0>.
2026-09-11 18:34:04.288983+09:00 [info] <0.1056.0>@supervisor:report_progress/2:1582 Supervisor: {<0.1056.0>,ranch_acceptors_sup}. Started: id={acceptor,<0.1056.0>,97},pid=<0.1153.0>.
2026-09-11 18:34:04.290328+09:00 [info] <0.1056.0>@supervisor:report_progress/2:1582 Supervisor: {<0.1056.0>,ranch_acceptors_sup}. Started: id={acceptor,<0.1056.0>,98},pid=<0.1154.0>.
2026-09-11 18:34:04.291792+09:00 [info] <0.1056.0>@supervisor:report_progress/2:1582 Supervisor: {<0.1056.0>,ranch_acceptors_sup}. Started: id={acceptor,<0.1056.0>,99},pid=<0.1155.0>.
2026-09-11 18:34:04.293073+09:00 [info] <0.1056.0>@supervisor:report_progress/2:1582 Supervisor: {<0.1056.0>,ranch_acceptors_sup}. Started: id={acceptor,<0.1056.0>,100},pid=<0.1156.0>.
2026-09-11 18:34:04.294163+09:00 [info] <0.938.0>@supervisor:report_progress/2:1582 Supervisor: {<0.938.0>,ranch_listener_sup}. Started: id=ranch_acceptors_sup,pid=<0.1056.0>.
2026-09-11 18:34:04.295167+09:00 [info] <0.626.0>@supervisor:report_progress/2:1582 Supervisor: {local,ranch_sup}. Started: id={ranch_listener_sup,{[49,50,55,46,48,46,48,46,49],9080}},pid=<0.938.0>.
2026-09-11 18:34:04.296113+09:00 [info] <0.937.0>@riak_core_service_mgr:start_dispatcher/3:524 Service manager: listening on 127.0.0.1:9080
2026-09-11 18:34:04.296996+09:00 [info] <0.936.0>@supervisor:report_progress/2:1582 Supervisor: {local,riak_core_cluster_mgr_sup}. Started: id=riak_core_service_mgr,pid=<0.937.0>.
2026-09-11 18:34:04.316288+09:00 [info] <0.936.0>@supervisor:report_progress/2:1582 Supervisor: {local,riak_core_cluster_mgr_sup}. Started: id=riak_core_connection_mgr,pid=<0.1157.0>.
2026-09-11 18:34:04.324280+09:00 [info] <0.936.0>@supervisor:report_progress/2:1582 Supervisor: {local,riak_core_cluster_mgr_sup}. Started: id=riak_core_cluster_conn_sup,pid=<0.1158.0>.
2026-09-11 18:34:04.346287+09:00 [info] <0.936.0>@supervisor:report_progress/2:1582 Supervisor: {local,riak_core_cluster_mgr_sup}. Started: id=riak_repl_cluster_mgr,pid=<0.1159.0>.
2026-09-11 18:34:04.360036+09:00 [info] <0.1160.0>@riak_core_tcp_mon:init/1:167 Starting TCP Monitor
2026-09-11 18:34:04.361794+09:00 [info] <0.936.0>@supervisor:report_progress/2:1582 Supervisor: {local,riak_core_cluster_mgr_sup}. Started: id=riak_core_tcp_mon,pid=<0.1160.0>.
2026-09-11 18:34:04.362548+09:00 [info] <0.928.0>@supervisor:report_progress/2:1582 Supervisor: {local,riak_repl_sup}. Started: id=riak_core_cluster_mgr_sup,pid=<0.936.0>.
2026-09-11 18:34:04.370969+09:00 [info] <0.928.0>@supervisor:report_progress/2:1582 Supervisor: {local,riak_repl_sup}. Started: id=riak_repl2_fs_node_reserver,pid=<0.1161.0>.
2026-09-11 18:34:04.401839+09:00 [info] <0.1163.0>@supervisor:report_progress/2:1582 Supervisor: {local,riak_repl2_rtsource_sup}. Started: id=riak_repl2_rtq,pid=<0.1164.0>.
2026-09-11 18:34:04.409143+09:00 [info] <0.1163.0>@supervisor:report_progress/2:1582 Supervisor: {local,riak_repl2_rtsource_sup}. Started: id=riak_repl2_rtq_overload_counter,pid=<0.1165.0>.
2026-09-11 18:34:04.425074+09:00 [info] <0.1163.0>@supervisor:report_progress/2:1582 Supervisor: {local,riak_repl2_rtsource_sup}. Started: id=riak_repl2_rtsource_conn_sup,pid=<0.1166.0>.
2026-09-11 18:34:04.426048+09:00 [info] <0.1162.0>@supervisor:report_progress/2:1582 Supervisor: {local,riak_repl2_rt_sup}. Started: id=riak_repl2_rtsource_sup,pid=<0.1163.0>.
2026-09-11 18:34:04.440310+09:00 [info] <0.1167.0>@supervisor:report_progress/2:1582 Supervisor: {local,riak_repl2_rtsink_sup}. Started: id=riak_repl2_rtsink_pool,pid=<0.1168.0>.
2026-09-11 18:34:04.447271+09:00 [info] <0.1167.0>@supervisor:report_progress/2:1582 Supervisor: {local,riak_repl2_rtsink_sup}. Started: id=riak_repl2_rtsink_conn_sup,pid=<0.1175.0>.
2026-09-11 18:34:04.448241+09:00 [info] <0.1162.0>@supervisor:report_progress/2:1582 Supervisor: {local,riak_repl2_rt_sup}. Started: id=riak_repl2_rtsink_sup,pid=<0.1167.0>.
2026-09-11 18:34:04.449358+09:00 [info] <0.1162.0>@supervisor:report_progress/2:1582 Supervisor: {local,riak_repl2_rt_sup}. Started: id=riak_repl2_rt,pid=<0.1176.0>.
2026-09-11 18:34:04.450258+09:00 [info] <0.928.0>@supervisor:report_progress/2:1582 Supervisor: {local,riak_repl_sup}. Started: id=riak_repl2_rt_sup,pid=<0.1162.0>.
2026-09-11 18:34:04.458535+09:00 [info] <0.928.0>@supervisor:report_progress/2:1582 Supervisor: {local,riak_repl_sup}. Started: id=riak_repl2_fscoordinator_sup,pid=<0.1177.0>.
2026-09-11 18:34:04.466439+09:00 [info] <0.928.0>@supervisor:report_progress/2:1582 Supervisor: {local,riak_repl_sup}. Started: id=riak_repl2_fscoordinator_serv_sup,pid=<0.1178.0>.
2026-09-11 18:34:04.474629+09:00 [info] <0.928.0>@supervisor:report_progress/2:1582 Supervisor: {local,riak_repl_sup}. Started: id=riak_repl2_fssource_sup,pid=<0.1179.0>.
2026-09-11 18:34:04.482312+09:00 [info] <0.928.0>@supervisor:report_progress/2:1582 Supervisor: {local,riak_repl_sup}. Started: id=riak_repl2_fssink_pool,pid=<0.1180.0>.
2026-09-11 18:34:04.489236+09:00 [info] <0.928.0>@supervisor:report_progress/2:1582 Supervisor: {local,riak_repl_sup}. Started: id=riak_repl2_fssink_sup,pid=<0.1187.0>.
2026-09-11 18:34:04.496523+09:00 [info] <0.928.0>@supervisor:report_progress/2:1582 Supervisor: {local,riak_repl_sup}. Started: id=riak_repl2_pg_proxy_sup,pid=<0.1188.0>.
2026-09-11 18:34:04.515083+09:00 [info] <0.1189.0>@supervisor:report_progress/2:1582 Supervisor: {local,riak_repl2_pg_sup}. Started: id=riak_repl2_pg_block_provider_sup,pid=<0.1190.0>.
2026-09-11 18:34:04.521438+09:00 [info] <0.1189.0>@supervisor:report_progress/2:1582 Supervisor: {local,riak_repl2_pg_sup}. Started: id=riak_repl2_pg_block_requester_sup,pid=<0.1191.0>.
2026-09-11 18:34:04.522848+09:00 [info] <0.1189.0>@supervisor:report_progress/2:1582 Supervisor: {local,riak_repl2_pg_sup}. Started: id=riak_repl2_pg,pid=<0.1192.0>.
2026-09-11 18:34:04.523590+09:00 [info] <0.928.0>@supervisor:report_progress/2:1582 Supervisor: {local,riak_repl_sup}. Started: id=riak_repl2_pg_sup,pid=<0.1189.0>.
2026-09-11 18:34:04.559032+09:00 [info] <0.244.0>@supervisor:report_progress/2:1582 Supervisor: {local,riak_core_stats_sup}. Started: id=riak_core_connection_mgr_stats,pid=<0.1193.0>.
2026-09-11 18:34:04.612982+09:00 [info] <0.244.0>@supervisor:report_progress/2:1582 Supervisor: {local,riak_core_stats_sup}. Started: id=riak_repl_stats,pid=<0.1194.0>.
2026-09-11 18:34:04.647759+09:00 [info] <0.213.0>@supervisor:report_progress/2:1582 Supervisor: {local,riak_core_eventhandler_sup}. Started: id={riak_core_ring_events,riak_repl_ring_handler},pid=<0.1195.0>.
2026-09-11 18:34:04.702651+09:00 [info] <0.934.0>@riak_repl2_leader:become_leader/2:217 Leader2: 'openriak-kv@node-01.cluster-a.openriak' elected as replication leader
2026-09-11 18:34:04.704336+09:00 [info] <0.1159.0>@riak_core_cluster_mgr:become_leader/2:706 ClusterManager: 'openriak-kv@node-01.cluster-a.openriak' becoming the leader
2026-09-11 18:34:04.729023+09:00 [info] <0.44.0>@application_controller:info_started/2:2130 Application: riak_repl. Started at: 'openriak-kv@node-01.cluster-a.openriak'.
2026-09-11 18:34:04.730573+09:00 [info] <0.44.0>@application_controller:info_started/2:2130 Application: canola. Started at: 'openriak-kv@node-01.cluster-a.openriak'.
2026-09-11 18:34:04.766112+09:00 [info] <0.44.0>@application_controller:info_started/2:2130 Application: riak_auth_mods. Started at: 'openriak-kv@node-01.cluster-a.openriak'.
2026-09-11 18:34:04.768401+09:00 [info] <0.44.0>@application_controller:info_started/2:2130 Application: riak_logger. Started at: 'openriak-kv@node-01.cluster-a.openriak'.
2026-09-11 18:34:08.235593+09:00 [info] <0.744.0>@leveled_monitor:handle_cast/2:580 log_ref=p0032 db_id=3 Fetch head timing with sample_count=0 and level timings of foundmem_time=0 found0_time=0 found1_time=0 found2_time=0 found3_time=0 foundlower_time=0 missed_time=0 with counts of foundmem_count=0 found0_count=0 found1_count=0 found2_count=0 found3_count=0 foundlower_count=0 missed_count=0 with sample_period=5 seconds
2026-09-11 18:34:27.147410+09:00 [info] <0.739.0>@leveled_monitor:handle_cast/2:494 log_ref=b0016 db_id=0 Get timing with sample_count=0 and head_time=0 body_time=0 with fetch_count=0 with sample_period=24 seconds
2026-09-11 18:34:27.191670+09:00 [info] <0.390.0>@riak_kv_replrtq_src:handle_info/2:646 QueueName=q1_ttaaefs has queue sizes p1=0 p2=0 p3=0
2026-09-11 18:34:34.717515+09:00 [info] <0.740.0>@leveled_monitor:handle_cast/2:625 log_ref=cdb19 db_id=1 Sample timings in microseconds for sample_count=0 with totals of cycle_count=0 index_time=0 read_time=0 with sample_period=31 seconds
2026-09-11 18:34:39.976491+09:00 [info] <0.744.0>@leveled_monitor:handle_cast/2:534 log_ref=b0015 db_id=3 Put timing with sample_count=0 ink_time=0 prep_time=0 mem_time=0 with total_object_size=0 with sample_period=37 seconds
2026-09-11 18:34:40.097183+09:00 [info] <0.738.0>@leveled_monitor:handle_cast/2:534 log_ref=b0015 db_id=2 Put timing with sample_count=0 ink_time=0 prep_time=0 mem_time=0 with total_object_size=0 with sample_period=37 seconds
2026-09-11 18:34:42.602512+09:00 [info] <0.742.0>@leveled_monitor:handle_cast/2:551 log_ref=b0017 db_id=5 Snapshot timing with sample_count=0 and bookie_time=0 pcl_time=0 with sample_period=39 seconds
2026-09-11 18:34:43.234165+09:00 [info] <0.741.0>@leveled_monitor:handle_cast/2:551 log_ref=b0017 db_id=7 Snapshot timing with sample_count=0 and bookie_time=0 pcl_time=0 with sample_period=40 seconds
2026-09-11 18:34:48.820209+09:00 [info] <0.743.0>@leveled_monitor:handle_cast/2:515 log_ref=b0018 db_id=4 Positive HEAD responses timed with sample_count=0 and cache_count=0 found_count=0 fetch_ledger_time=0 fetch_ledgercache_time=0 rsp_time=0 notfound_time=0 with sample_period=45 seconds
2026-09-11 18:34:58.840803+09:00 [info] <0.739.0>@leveled_monitor:handle_cast/2:515 log_ref=b0018 db_id=0 Positive HEAD responses timed with sample_count=0 and cache_count=0 found_count=0 fetch_ledger_time=0 fetch_ledgercache_time=0 rsp_time=0 notfound_time=0 with sample_period=56 seconds
2026-09-11 18:34:58.857060+09:00 [info] <0.389.0>@riak_kv_ttaaefs_manager:handle_info/2:648 Initiated Tictac AAE Full-Sync Mgr with scope=disabled
2026-09-11 18:34:58.858234+09:00 [info] <0.389.0>@riak_kv_ttaaefs_manager:handle_info/2:668 Initiating schedule at startup SlotInfo {1,1,1} Schedule [{no_check,24},{all_check,0},{day_check,0},{hour_check,0},{range_check,0},{auto_check,0}]
2026-09-11 18:34:58.860255+09:00 [info] <0.389.0>@riak_kv_ttaaefs_manager:handle_info/2:686 Scheduling work_item=no_check in 1520 seconds 23 items to run in schedule
2026-09-11 18:34:58.885482+09:00 [info] <0.390.0>@riak_kv_replrtq_src:handle_info/2:646 QueueName=q1_ttaaefs has queue sizes p1=0 p2=0 p3=0
2026-09-11 18:34:58.933570+09:00 [info] <0.393.0>@riak_kv_overflow_queue:log/5:129 riak_kv_reaper job_id=0 has attempts=0 aborts=0 Queue lengths queue_p2=0 queue_p1=0 Overflow lengths overflow_p2=0 overflow_p1=0 Discard counts discard_p2=0 discard_p1=0
2026-09-11 18:34:58.943658+09:00 [info] <0.394.0>@riak_kv_overflow_queue:log/5:129 riak_kv_eraser job_id=0 has attempts=0 aborts=0 Queue lengths queue_p2=0 queue_p1=0 Overflow lengths overflow_p2=0 overflow_p1=0 Discard counts discard_p2=0 discard_p1=0
2026-09-11 18:34:58.951754+09:00 [info] <0.395.0>@riak_kv_overflow_queue:log/5:129 riak_kv_reader job_id=0 has attempts=0 aborts=0 Queue lengths queue_p2=0 queue_p1=0 Overflow lengths overflow_p2=0 overflow_p1=0 Discard counts discard_p2=0 discard_p1=0
2026-09-11 18:34:59.089862+09:00 [info] <0.630.0>@riak_repl_app:prep_stop/1:336 Redirecting realtime replication traffic
2026-09-11 18:34:59.099096+09:00 [info] <0.82.0>@supervisor:report_progress/2:1582 Supervisor: {local,kernel_safe_sup}. Started: id=riak_repl2_rtq_proxy,pid=<0.1714.0>.
2026-09-11 18:34:59.100235+09:00 [info] <0.630.0>@riak_repl_app:prep_stop/1:339 Stopping application riak_repl - marked service down.
2026-09-11 18:34:59.108161+09:00 [info] <0.1715.0>@riak_repl_migration:init/0:33 Riak replication migration server started
2026-09-11 18:34:59.108927+09:00 [info] <0.630.0>@riak_repl_app:prep_stop/1:343 Started migration server
2026-09-11 18:34:59.109601+09:00 [info] <0.1715.0>@riak_repl_migration:handle_call/3:37 Realtime Repl queue migration sleeping
2026-09-11 18:34:59.211072+09:00 [info] <0.1715.0>@riak_repl_migration:handle_info/2:50 Queue empty, no replication queue migration required
2026-09-11 18:34:59.426603+09:00 [info] <0.566.0>@riak_core_worker_pool:handle_info/3:257 worker_pool=af1_pool has qlen=0 and no items checked out
2026-09-11 18:34:59.433513+09:00 [info] <0.571.0>@riak_core_worker_pool:handle_info/3:257 worker_pool=af2_pool has qlen=0 and no items checked out
2026-09-11 18:34:59.436488+09:00 [info] <0.575.0>@riak_core_worker_pool:handle_info/3:257 worker_pool=af3_pool has qlen=0 and no items checked out
2026-09-11 18:34:59.438448+09:00 [info] <0.582.0>@riak_core_worker_pool:handle_info/3:257 worker_pool=af4_pool has qlen=0 and no items checked out
2026-09-11 18:34:59.440322+09:00 [info] <0.586.0>@riak_core_worker_pool:handle_info/3:257 worker_pool=be_pool has qlen=0 and no items checked out
2026-09-11 18:35:00.233405+09:00 [info] <0.630.0>@riak_repl_app:stop/1:139 Stopped application riak_repl
2026-09-11 18:35:00.268218+09:00 [info] <0.347.0>@riak_kv_app:prep_stop/1:275 Stopping application riak_kv - marked service down.
2026-09-11 18:35:00.270909+09:00 [info] <0.347.0>@riak_kv_app:prep_stop/1:279 Unregistered pb services
2026-09-11 18:35:00.277428+09:00 [info] <0.347.0>@riak_kv_app:prep_stop/1:284 unregistered webmachine routes
2026-09-11 18:35:00.279303+09:00 [info] <0.347.0>@riak_kv_app:prep_stop/1:286 all active put FSMs completed
2026-09-11 18:35:00.282219+09:00 [info] <0.347.0>@riak_kv_app:stop/1:297 Stopped  application riak_kv.
2026-09-11 18:35:00.327560+09:00 [info] <0.749.0>@leveled_inker:handle_call/3:780 log_ref=i0005 db_id=3 Inker closing journal for reason close
2026-09-11 18:35:00.327496+09:00 [info] <0.747.0>@leveled_inker:handle_call/3:780 log_ref=i0005 db_id=2 Inker closing journal for reason close
2026-09-11 18:35:00.327689+09:00 [info] <0.750.0>@leveled_inker:handle_call/3:780 log_ref=i0005 db_id=1 Inker closing journal for reason close
2026-09-11 18:35:00.327685+09:00 [info] <0.751.0>@leveled_inker:handle_call/3:780 log_ref=i0005 db_id=5 Inker closing journal for reason close
2026-09-11 18:35:00.327507+09:00 [info] <0.748.0>@leveled_inker:handle_call/3:780 log_ref=i0005 db_id=4 Inker closing journal for reason close
2026-09-11 18:35:00.327560+09:00 [info] <0.752.0>@leveled_inker:handle_call/3:780 log_ref=i0005 db_id=0 Inker closing journal for reason close
2026-09-11 18:35:00.328829+09:00 [info] <0.749.0>@leveled_inker:handle_call/3:782 log_ref=i0006 db_id=3 Close triggered with journal_sqn=0 and manifest_sqn=2
2026-09-11 18:35:00.328874+09:00 [info] <0.752.0>@leveled_inker:handle_call/3:782 log_ref=i0006 db_id=0 Close triggered with journal_sqn=1 and manifest_sqn=2
2026-09-11 18:35:00.328910+09:00 [info] <0.748.0>@leveled_inker:handle_call/3:782 log_ref=i0006 db_id=4 Close triggered with journal_sqn=0 and manifest_sqn=2
2026-09-11 18:35:00.329024+09:00 [info] <0.750.0>@leveled_inker:handle_call/3:782 log_ref=i0006 db_id=1 Close triggered with journal_sqn=1 and manifest_sqn=2
2026-09-11 18:35:00.329236+09:00 [info] <0.751.0>@leveled_inker:handle_call/3:782 log_ref=i0006 db_id=5 Close triggered with journal_sqn=0 and manifest_sqn=2
2026-09-11 18:35:00.329244+09:00 [info] <0.746.0>@leveled_inker:handle_call/3:780 log_ref=i0005 db_id=6 Inker closing journal for reason close
2026-09-11 18:35:00.329298+09:00 [info] <0.753.0>@leveled_inker:handle_call/3:780 log_ref=i0005 db_id=7 Inker closing journal for reason close
2026-09-11 18:35:00.329234+09:00 [info] <0.747.0>@leveled_inker:handle_call/3:782 log_ref=i0006 db_id=2 Close triggered with journal_sqn=0 and manifest_sqn=2
2026-09-11 18:35:00.331734+09:00 [info] <0.749.0>@leveled_inker:shutdown_manifest/1:1036 log_ref=i0007 db_id=3 Inker manifest when closing is:
2026-09-11 18:35:00.331814+09:00 [info] <0.752.0>@leveled_inker:shutdown_manifest/1:1036 log_ref=i0007 db_id=0 Inker manifest when closing is:
2026-09-11 18:35:00.331789+09:00 [info] <0.748.0>@leveled_inker:shutdown_manifest/1:1036 log_ref=i0007 db_id=4 Inker manifest when closing is:
2026-09-11 18:35:00.331760+09:00 [info] <0.751.0>@leveled_inker:shutdown_manifest/1:1036 log_ref=i0007 db_id=5 Inker manifest when closing is:
2026-09-11 18:35:00.329905+09:00 [info] <0.753.0>@leveled_inker:handle_call/3:782 log_ref=i0006 db_id=7 Close triggered with journal_sqn=1 and manifest_sqn=2
2026-09-11 18:35:00.331939+09:00 [info] <0.747.0>@leveled_inker:shutdown_manifest/1:1036 log_ref=i0007 db_id=2 Inker manifest when closing is:
2026-09-11 18:35:00.329853+09:00 [info] <0.746.0>@leveled_inker:handle_call/3:782 log_ref=i0006 db_id=6 Close triggered with journal_sqn=0 and manifest_sqn=2
2026-09-11 18:35:00.332440+09:00 [info] <0.750.0>@leveled_inker:shutdown_manifest/1:1036 log_ref=i0007 db_id=1 Inker manifest when closing is:
2026-09-11 18:35:00.333398+09:00 [info] <0.753.0>@leveled_inker:shutdown_manifest/1:1036 log_ref=i0007 db_id=7 Inker manifest when closing is:
2026-09-11 18:35:00.333567+09:00 [info] <0.746.0>@leveled_inker:shutdown_manifest/1:1036 log_ref=i0007 db_id=6 Inker manifest when closing is:
2026-09-11 18:35:00.339858+09:00 [info] <0.780.0>@leveled_pclerk:terminate/2:178 log_ref=pc005 db_id=3 Penciller's Clerk <0.780.0> shutdown now complete for reason normal
2026-09-11 18:35:00.339999+09:00 [info] <0.782.0>@leveled_pclerk:terminate/2:178 log_ref=pc005 db_id=2 Penciller's Clerk <0.782.0> shutdown now complete for reason normal
2026-09-11 18:35:00.339864+09:00 [info] <0.783.0>@leveled_pclerk:terminate/2:178 log_ref=pc005 db_id=1 Penciller's Clerk <0.783.0> shutdown now complete for reason normal
2026-09-11 18:35:00.340032+09:00 [info] <0.779.0>@leveled_pclerk:terminate/2:178 log_ref=pc005 db_id=7 Penciller's Clerk <0.779.0> shutdown now complete for reason normal
2026-09-11 18:35:00.340130+09:00 [info] <0.781.0>@leveled_pclerk:terminate/2:178 log_ref=pc005 db_id=4 Penciller's Clerk <0.781.0> shutdown now complete for reason normal
2026-09-11 18:35:00.340900+09:00 [info] <0.786.0>@leveled_pclerk:terminate/2:178 log_ref=pc005 db_id=6 Penciller's Clerk <0.786.0> shutdown now complete for reason normal
2026-09-11 18:35:00.340567+09:00 [info] <0.784.0>@leveled_pclerk:terminate/2:178 log_ref=pc005 db_id=5 Penciller's Clerk <0.784.0> shutdown now complete for reason normal
2026-09-11 18:35:00.341557+09:00 [info] <0.776.0>@leveled_penciller:handle_call/3:1068 log_ref=p0008 db_id=3 Penciller closing for reason close
2026-09-11 18:35:00.341509+09:00 [info] <0.773.0>@leveled_penciller:handle_call/3:1068 log_ref=p0008 db_id=7 Penciller closing for reason close
2026-09-11 18:35:00.340488+09:00 [info] <0.785.0>@leveled_pclerk:terminate/2:178 log_ref=pc005 db_id=0 Penciller's Clerk <0.785.0> shutdown now complete for reason normal
2026-09-11 18:35:00.341726+09:00 [info] <0.777.0>@leveled_penciller:handle_call/3:1068 log_ref=p0008 db_id=1 Penciller closing for reason close
2026-09-11 18:35:00.341481+09:00 [info] <0.771.0>@leveled_penciller:handle_call/3:1068 log_ref=p0008 db_id=6 Penciller closing for reason close
2026-09-11 18:35:00.341767+09:00 [info] <0.774.0>@leveled_penciller:handle_call/3:1068 log_ref=p0008 db_id=4 Penciller closing for reason close
2026-09-11 18:35:00.342955+09:00 [info] <0.774.0>@leveled_penciller:handle_call/3:1084 log_ref=p0010 db_id=4 level zero discarded_count=0 on close of Penciller
2026-09-11 18:35:00.343029+09:00 [info] <0.776.0>@leveled_penciller:handle_call/3:1084 log_ref=p0010 db_id=3 level zero discarded_count=0 on close of Penciller
2026-09-11 18:35:00.343192+09:00 [info] <0.777.0>@leveled_penciller:handle_call/3:1084 log_ref=p0010 db_id=1 level zero discarded_count=0 on close of Penciller
2026-09-11 18:35:00.343037+09:00 [info] <0.773.0>@leveled_penciller:handle_call/3:1084 log_ref=p0010 db_id=7 level zero discarded_count=0 on close of Penciller
2026-09-11 18:35:00.343057+09:00 [info] <0.771.0>@leveled_penciller:handle_call/3:1084 log_ref=p0010 db_id=6 level zero discarded_count=0 on close of Penciller
2026-09-11 18:35:00.342397+09:00 [info] <0.778.0>@leveled_penciller:handle_call/3:1068 log_ref=p0008 db_id=2 Penciller closing for reason close
2026-09-11 18:35:00.342573+09:00 [info] <0.772.0>@leveled_penciller:handle_call/3:1068 log_ref=p0008 db_id=0 Penciller closing for reason close
2026-09-11 18:35:00.342177+09:00 [info] <0.775.0>@leveled_penciller:handle_call/3:1068 log_ref=p0008 db_id=5 Penciller closing for reason close
2026-09-11 18:35:00.344050+09:00 [info] <0.778.0>@leveled_penciller:handle_call/3:1084 log_ref=p0010 db_id=2 level zero discarded_count=0 on close of Penciller
2026-09-11 18:35:00.344173+09:00 [info] <0.775.0>@leveled_penciller:handle_call/3:1084 log_ref=p0010 db_id=5 level zero discarded_count=0 on close of Penciller
2026-09-11 18:35:00.344115+09:00 [info] <0.772.0>@leveled_penciller:handle_call/3:1084 log_ref=p0010 db_id=0 level zero discarded_count=0 on close of Penciller
2026-09-11 18:35:00.348442+09:00 [info] <0.733.0>@leveled_bookie:terminate/2:1803 log_ref=b0003 db_id=4 Bookie closing for reason normal
2026-09-11 18:35:00.348527+09:00 [info] <0.731.0>@leveled_bookie:terminate/2:1803 log_ref=b0003 db_id=5 Bookie closing for reason normal
2026-09-11 18:35:00.348442+09:00 [info] <0.734.0>@leveled_bookie:terminate/2:1803 log_ref=b0003 db_id=3 Bookie closing for reason normal
2026-09-11 18:35:00.348620+09:00 [info] <0.735.0>@leveled_bookie:terminate/2:1803 log_ref=b0003 db_id=7 Bookie closing for reason normal
2026-09-11 18:35:00.348949+09:00 [info] <0.736.0>@leveled_bookie:terminate/2:1803 log_ref=b0003 db_id=1 Bookie closing for reason normal
2026-09-11 18:35:00.348997+09:00 [info] <0.732.0>@leveled_bookie:terminate/2:1803 log_ref=b0003 db_id=2 Bookie closing for reason normal
2026-09-11 18:35:00.349081+09:00 [info] <0.730.0>@leveled_bookie:terminate/2:1803 log_ref=b0003 db_id=6 Bookie closing for reason normal
2026-09-11 18:35:00.349506+09:00 [info] <0.737.0>@leveled_bookie:terminate/2:1803 log_ref=b0003 db_id=0 Bookie closing for reason normal
2026-09-11 18:35:00.744174+09:00 [info] <0.829.0>@aae_treecache:save_to_disk/3:403 log_ref=c0003 Saving tree cache to path /var/lib/riak/tictac_aae/913438523331814323877303020447676887284957839360/aaetree/913438523331814323877303020447676887284957839360_3/ and filename 1.pnd
2026-09-11 18:35:00.744734+09:00 [info] <0.834.0>@aae_treecache:save_to_disk/3:403 log_ref=c0003 Saving tree cache to path /var/lib/riak/tictac_aae/0/aaetree/0_3/ and filename 1.pnd
2026-09-11 18:35:00.770363+09:00 [info] <0.830.0>@aae_treecache:save_to_disk/3:403 log_ref=c0003 Saving tree cache to path /var/lib/riak/tictac_aae/1278813932664540053428224228626747642198940975104/aaetree/1278813932664540053428224228626747642198940975104_3/ and filename 1.pnd
2026-09-11 18:35:00.795842+09:00 [info] <0.831.0>@aae_treecache:save_to_disk/3:403 log_ref=c0003 Saving tree cache to path /var/lib/riak/tictac_aae/365375409332725729550921208179070754913983135744/aaetree/365375409332725729550921208179070754913983135744_3/ and filename 1.pnd
2026-09-11 18:35:00.802728+09:00 [info] <0.828.0>@aae_treecache:save_to_disk/3:403 log_ref=c0003 Saving tree cache to path /var/lib/riak/tictac_aae/730750818665451459101842416358141509827966271488/aaetree/730750818665451459101842416358141509827966271488_3/ and filename 1.pnd
2026-09-11 18:35:00.807444+09:00 [info] <0.833.0>@aae_treecache:save_to_disk/3:403 log_ref=c0003 Saving tree cache to path /var/lib/riak/tictac_aae/182687704666362864775460604089535377456991567872/aaetree/182687704666362864775460604089535377456991567872_3/ and filename 1.pnd
2026-09-11 18:35:00.803939+09:00 [info] <0.827.0>@aae_treecache:save_to_disk/3:403 log_ref=c0003 Saving tree cache to path /var/lib/riak/tictac_aae/548063113999088594326381812268606132370974703616/aaetree/548063113999088594326381812268606132370974703616_3/ and filename 1.pnd
2026-09-11 18:35:00.827843+09:00 [info] <0.832.0>@aae_treecache:save_to_disk/3:403 log_ref=c0003 Saving tree cache to path /var/lib/riak/tictac_aae/1096126227998177188652763624537212264741949407232/aaetree/1096126227998177188652763624537212264741949407232_3/ and filename 1.pnd
2026-09-11 18:35:01.174107+09:00 [info] <0.819.0>@aae_treecache:save_to_disk/3:403 log_ref=c0003 Saving tree cache to path /var/lib/riak/tictac_aae/730750818665451459101842416358141509827966271488/aaetree/548063113999088594326381812268606132370974703616_3/ and filename 1.pnd
2026-09-11 18:35:01.191433+09:00 [info] <0.821.0>@aae_treecache:save_to_disk/3:403 log_ref=c0003 Saving tree cache to path /var/lib/riak/tictac_aae/1278813932664540053428224228626747642198940975104/aaetree/1096126227998177188652763624537212264741949407232_3/ and filename 1.pnd
2026-09-11 18:35:01.198972+09:00 [info] <0.822.0>@aae_treecache:save_to_disk/3:403 log_ref=c0003 Saving tree cache to path /var/lib/riak/tictac_aae/913438523331814323877303020447676887284957839360/aaetree/730750818665451459101842416358141509827966271488_3/ and filename 1.pnd
2026-09-11 18:35:01.210450+09:00 [info] <0.820.0>@aae_treecache:save_to_disk/3:403 log_ref=c0003 Saving tree cache to path /var/lib/riak/tictac_aae/365375409332725729550921208179070754913983135744/aaetree/182687704666362864775460604089535377456991567872_3/ and filename 1.pnd
2026-09-11 18:35:01.231230+09:00 [info] <0.825.0>@aae_treecache:save_to_disk/3:403 log_ref=c0003 Saving tree cache to path /var/lib/riak/tictac_aae/182687704666362864775460604089535377456991567872/aaetree/0_3/ and filename 1.pnd
2026-09-11 18:35:01.237819+09:00 [info] <0.823.0>@aae_treecache:save_to_disk/3:403 log_ref=c0003 Saving tree cache to path /var/lib/riak/tictac_aae/548063113999088594326381812268606132370974703616/aaetree/365375409332725729550921208179070754913983135744_3/ and filename 1.pnd
2026-09-11 18:35:01.238910+09:00 [info] <0.826.0>@aae_treecache:save_to_disk/3:403 log_ref=c0003 Saving tree cache to path /var/lib/riak/tictac_aae/0/aaetree/1278813932664540053428224228626747642198940975104_3/ and filename 1.pnd
2026-09-11 18:35:01.279615+09:00 [info] <0.824.0>@aae_treecache:save_to_disk/3:403 log_ref=c0003 Saving tree cache to path /var/lib/riak/tictac_aae/1096126227998177188652763624537212264741949407232/aaetree/913438523331814323877303020447676887284957839360_3/ and filename 1.pnd
2026-09-11 18:35:01.574334+09:00 [info] <0.813.0>@aae_treecache:save_to_disk/3:403 log_ref=c0003 Saving tree cache to path /var/lib/riak/tictac_aae/730750818665451459101842416358141509827966271488/aaetree/365375409332725729550921208179070754913983135744_3/ and filename 1.pnd
2026-09-11 18:35:01.613554+09:00 [info] <0.812.0>@aae_treecache:save_to_disk/3:403 log_ref=c0003 Saving tree cache to path /var/lib/riak/tictac_aae/913438523331814323877303020447676887284957839360/aaetree/548063113999088594326381812268606132370974703616_3/ and filename 1.pnd
2026-09-11 18:35:01.637743+09:00 [info] <0.814.0>@aae_treecache:save_to_disk/3:403 log_ref=c0003 Saving tree cache to path /var/lib/riak/tictac_aae/182687704666362864775460604089535377456991567872/aaetree/1278813932664540053428224228626747642198940975104_3/ and filename 1.pnd
2026-09-11 18:35:01.642172+09:00 [info] <0.818.0>@aae_treecache:save_to_disk/3:403 log_ref=c0003 Saving tree cache to path /var/lib/riak/tictac_aae/548063113999088594326381812268606132370974703616/aaetree/182687704666362864775460604089535377456991567872_3/ and filename 1.pnd
2026-09-11 18:35:01.643622+09:00 [info] <0.811.0>@aae_treecache:save_to_disk/3:403 log_ref=c0003 Saving tree cache to path /var/lib/riak/tictac_aae/1278813932664540053428224228626747642198940975104/aaetree/913438523331814323877303020447676887284957839360_3/ and filename 1.pnd
2026-09-11 18:35:01.668360+09:00 [info] <0.817.0>@aae_treecache:save_to_disk/3:403 log_ref=c0003 Saving tree cache to path /var/lib/riak/tictac_aae/0/aaetree/1096126227998177188652763624537212264741949407232_3/ and filename 1.pnd
2026-09-11 18:35:01.681741+09:00 [info] <0.816.0>@aae_treecache:save_to_disk/3:403 log_ref=c0003 Saving tree cache to path /var/lib/riak/tictac_aae/1096126227998177188652763624537212264741949407232/aaetree/730750818665451459101842416358141509827966271488_3/ and filename 1.pnd
2026-09-11 18:35:01.681364+09:00 [info] <0.815.0>@aae_treecache:save_to_disk/3:403 log_ref=c0003 Saving tree cache to path /var/lib/riak/tictac_aae/365375409332725729550921208179070754913983135744/aaetree/0_3/ and filename 1.pnd
2026-09-11 18:35:01.692124+09:00 [info] <0.208.0>@riak_core_app:stop/1:118 Stopped  application riak_core.
