2026-09-11 20:00:09.468353+09:00 [info] <0.44.0>@application_controller:info_started/2:2130 Application: kernel. Started at: 'openriak-kv@node-01.cluster-a.openriak'.
2026-09-11 20:00:09.481876+09:00 [info] <0.44.0>@application_controller:info_started/2:2130 Application: stdlib. Started at: 'openriak-kv@node-01.cluster-a.openriak'.
2026-09-11 20:00:09.482225+09:00 [info] <0.44.0>@application_controller:info_started/2:2130 Application: asn1. Started at: 'openriak-kv@node-01.cluster-a.openriak'.
2026-09-11 20:00:09.482496+09:00 [info] <0.44.0>@application_controller:info_started/2:2130 Application: crypto. Started at: 'openriak-kv@node-01.cluster-a.openriak'.
2026-09-11 20:00:09.482646+09:00 [info] <0.44.0>@application_controller:info_started/2:2130 Application: public_key. Started at: 'openriak-kv@node-01.cluster-a.openriak'.
2026-09-11 20:00:09.518625+09:00 [info] <0.77.0>@supervisor:report_progress/2:1582 Supervisor: {local,logger_sup}. Started: id=ssl_handler,pid=<0.97.0>.
2026-09-11 20:00:09.535307+09:00 [info] <0.100.0>@supervisor:report_progress/2:1582 Supervisor: {local,ssl_admin_sup}. Started: id=ssl_pem_cache,pid=<0.101.0>.
2026-09-11 20:00:09.547531+09:00 [info] <0.100.0>@supervisor:report_progress/2:1582 Supervisor: {local,ssl_admin_sup}. Started: id=ssl_manager,pid=<0.102.0>.
2026-09-11 20:00:09.550780+09:00 [info] <0.100.0>@supervisor:report_progress/2:1582 Supervisor: {local,ssl_admin_sup}. Started: id=tls_client_ticket_store,pid=<0.103.0>.
2026-09-11 20:00:09.551134+09:00 [info] <0.99.0>@supervisor:report_progress/2:1582 Supervisor: {local,ssl_sup}. Started: id=ssl_admin_sup,pid=<0.100.0>.
2026-09-11 20:00:09.558340+09:00 [info] <0.105.0>@supervisor:report_progress/2:1582 Supervisor: {local,tls_sup}. Started: id=tls_connection_sup,pid=<0.106.0>.
2026-09-11 20:00:09.561759+09:00 [info] <0.107.0>@supervisor:report_progress/2:1582 Supervisor: {local,tls_server_sup}. Started: id=ssl_listen_tracker_sup,pid=<0.108.0>.
2026-09-11 20:00:09.563865+09:00 [info] <0.107.0>@supervisor:report_progress/2:1582 Supervisor: {local,tls_server_sup}. Started: id=tls_server_session_ticket,pid=<0.109.0>.
2026-09-11 20:00:09.567161+09:00 [info] <0.107.0>@supervisor:report_progress/2:1582 Supervisor: {local,tls_server_sup}. Started: id=ssl_server_session_cache_sup,pid=<0.110.0>.
2026-09-11 20:00:09.575520+09:00 [info] <0.107.0>@supervisor:report_progress/2:1582 Supervisor: {local,tls_server_sup}. Started: id=ssl_upgrade_server_session_cache_sup,pid=<0.111.0>.
2026-09-11 20:00:09.577120+09:00 [info] <0.105.0>@supervisor:report_progress/2:1582 Supervisor: {local,tls_sup}. Started: id=tls_server_sup,pid=<0.107.0>.
2026-09-11 20:00:09.577481+09:00 [info] <0.104.0>@supervisor:report_progress/2:1582 Supervisor: {local,ssl_connection_sup}. Started: id=tls_sup,pid=<0.105.0>.
2026-09-11 20:00:09.585837+09:00 [info] <0.112.0>@supervisor:report_progress/2:1582 Supervisor: {local,dtls_sup}. Started: id=dtls_connection_sup,pid=<0.113.0>.
2026-09-11 20:00:09.591732+09:00 [info] <0.114.0>@supervisor:report_progress/2:1582 Supervisor: {local,dtls_server_sup}. Started: id=dtls_listener_sup,pid=<0.115.0>.
2026-09-11 20:00:09.597655+09:00 [info] <0.114.0>@supervisor:report_progress/2:1582 Supervisor: {local,dtls_server_sup}. Started: id=dtls_server_session_cache_sup,pid=<0.116.0>.
2026-09-11 20:00:09.597995+09:00 [info] <0.112.0>@supervisor:report_progress/2:1582 Supervisor: {local,dtls_sup}. Started: id=dtls_server_sup,pid=<0.114.0>.
2026-09-11 20:00:09.598143+09:00 [info] <0.104.0>@supervisor:report_progress/2:1582 Supervisor: {local,ssl_connection_sup}. Started: id=dtls_sup,pid=<0.112.0>.
2026-09-11 20:00:09.598304+09:00 [info] <0.99.0>@supervisor:report_progress/2:1582 Supervisor: {local,ssl_sup}. Started: id=ssl_connection_sup,pid=<0.104.0>.
2026-09-11 20:00:09.598542+09:00 [info] <0.44.0>@application_controller:info_started/2:2130 Application: ssl. Started at: 'openriak-kv@node-01.cluster-a.openriak'.
2026-09-11 20:00:09.598908+09:00 [info] <0.44.0>@application_controller:info_started/2:2130 Application: hut. Started at: 'openriak-kv@node-01.cluster-a.openriak'.
2026-09-11 20:00:09.616657+09:00 [info] <0.121.0>@supervisor:report_progress/2:1582 Supervisor: {local,setup_sup}. Started: id=setup_srv,pid=<0.122.0>.
2026-09-11 20:00:09.629318+09:00 [notice] <0.122.0>@: Setup running ...
2026-09-11 20:00:09.638470+09:00 [notice] <0.122.0>@: Directories verified. Res = ok
2026-09-11 20:00:09.645469+09:00 [notice] <0.122.0>@: Setup finished processing hooks (Mode=normal)...
2026-09-11 20:00:09.645827+09:00 [info] <0.44.0>@application_controller:info_started/2:2130 Application: setup. Started at: 'openriak-kv@node-01.cluster-a.openriak'.
2026-09-11 20:00:09.646120+09:00 [info] <0.44.0>@application_controller:info_started/2:2130 Application: syntax_tools. Started at: 'openriak-kv@node-01.cluster-a.openriak'.
2026-09-11 20:00:09.646368+09:00 [info] <0.44.0>@application_controller:info_started/2:2130 Application: compiler. Started at: 'openriak-kv@node-01.cluster-a.openriak'.
2026-09-11 20:00:09.646513+09:00 [info] <0.44.0>@application_controller:info_started/2:2130 Application: parse_trans. Started at: 'openriak-kv@node-01.cluster-a.openriak'.
2026-09-11 20:00:09.658584+09:00 [info] <0.129.0>@supervisor:report_progress/2:1582 Supervisor: {local,exometer_core_sup}. Started: id=exometer_admin,pid=<0.130.0>.
2026-09-11 20:00:09.661755+09:00 [info] <0.129.0>@supervisor:report_progress/2:1582 Supervisor: {local,exometer_core_sup}. Started: id=exometer_cache,pid=<0.131.0>.
2026-09-11 20:00:09.668354+09:00 [info] <0.129.0>@supervisor:report_progress/2:1582 Supervisor: {local,exometer_core_sup}. Started: id=exometer_report,pid=<0.132.0>.
2026-09-11 20:00:09.671711+09:00 [info] <0.129.0>@supervisor:report_progress/2:1582 Supervisor: {local,exometer_core_sup}. Started: id=exometer_report_logger_sup,pid=<0.133.0>.
2026-09-11 20:00:09.677013+09:00 [info] <0.129.0>@supervisor:report_progress/2:1582 Supervisor: {local,exometer_core_sup}. Started: id=exometer_alias,pid=<0.134.0>.
2026-09-11 20:00:09.677647+09:00 [info] <0.132.0>@exometer_report:do_start_reporters/1:695 Starting reporters with []
2026-09-11 20:00:09.678209+09:00 [info] <0.44.0>@application_controller:info_started/2:2130 Application: exometer_core. Started at: 'openriak-kv@node-01.cluster-a.openriak'.
2026-09-11 20:00:09.683332+09:00 [info] <0.139.0>@supervisor:report_progress/2:1582 Supervisor: {local,sasl_safe_sup}. Started: id=alarm_handler,pid=<0.140.0>.
2026-09-11 20:00:09.683625+09:00 [info] <0.138.0>@supervisor:report_progress/2:1582 Supervisor: {local,sasl_sup}. Started: id=sasl_safe_sup,pid=<0.139.0>.
2026-09-11 20:00:09.698036+09:00 [info] <0.138.0>@supervisor:report_progress/2:1582 Supervisor: {local,sasl_sup}. Started: id=release_handler,pid=<0.141.0>.
2026-09-11 20:00:09.698324+09:00 [info] <0.44.0>@application_controller:info_started/2:2130 Application: sasl. Started at: 'openriak-kv@node-01.cluster-a.openriak'.
2026-09-11 20:00:09.706090+09:00 [info] <0.49.0>@supervisor:report_progress/2:1582 Supervisor: {local,kernel_sup}. Started: id=timer_server,pid=<0.148.0>.
2026-09-11 20:00:09.706544+09:00 [info] <0.146.0>@supervisor:report_progress/2:1582 Supervisor: {local,riak_sysmon_sup}. Started: id=riak_sysmon_filter,pid=<0.147.0>.
2026-09-11 20:00:09.706707+09:00 [info] <0.146.0>@supervisor:report_progress/2:1582 Supervisor: {local,riak_sysmon_sup}. Started: id=riak_sysmon_mgr,pid=<0.150.0>.
2026-09-11 20:00:09.706861+09:00 [info] <0.44.0>@application_controller:info_started/2:2130 Application: riak_sysmon. Started at: 'openriak-kv@node-01.cluster-a.openriak'.
2026-09-11 20:00:09.713282+09:00 [info] <0.154.0>@supervisor:report_progress/2:1582 Supervisor: {local,os_mon_sup}. Started: id=disksup,pid=<0.155.0>.
2026-09-11 20:00:09.719673+09:00 [info] <0.154.0>@supervisor:report_progress/2:1582 Supervisor: {local,os_mon_sup}. Started: id=memsup,pid=<0.156.0>.
2026-09-11 20:00:09.733345+09:00 [info] <0.154.0>@supervisor:report_progress/2:1582 Supervisor: {local,os_mon_sup}. Started: id=cpu_sup,pid=<0.158.0>.
2026-09-11 20:00:09.733975+09:00 [info] <0.44.0>@application_controller:info_started/2:2130 Application: os_mon. Started at: 'openriak-kv@node-01.cluster-a.openriak'.
2026-09-11 20:00:09.734483+09:00 [info] <0.44.0>@application_controller:info_started/2:2130 Application: observer. Started at: 'openriak-kv@node-01.cluster-a.openriak'.
2026-09-11 20:00:09.760796+09:00 [info] <0.165.0>@supervisor:report_progress/2:1582 Supervisor: {local,runtime_tools_sup}. Started: id=ttb_autostart,pid=<0.166.0>.
2026-09-11 20:00:09.761375+09:00 [info] <0.44.0>@application_controller:info_started/2:2130 Application: runtime_tools. Started at: 'openriak-kv@node-01.cluster-a.openriak'.
2026-09-11 20:00:09.762074+09:00 [info] <0.44.0>@application_controller:info_started/2:2130 Application: xmerl. Started at: 'openriak-kv@node-01.cluster-a.openriak'.
2026-09-11 20:00:09.795482+09:00 [info] <0.173.0>@supervisor:report_progress/2:1582 Supervisor: {local,httpc_profile_sup}. Started: id=httpc_manager,pid=<0.174.0>.
2026-09-11 20:00:09.795813+09:00 [info] <0.172.0>@supervisor:report_progress/2:1582 Supervisor: {local,httpc_sup}. Started: id=httpc_profile_sup,pid=<0.173.0>.
2026-09-11 20:00:09.798357+09:00 [info] <0.172.0>@supervisor:report_progress/2:1582 Supervisor: {local,httpc_sup}. Started: id=httpc_handler_sup,pid=<0.175.0>.
2026-09-11 20:00:09.798764+09:00 [info] <0.171.0>@supervisor:report_progress/2:1582 Supervisor: {local,inets_sup}. Started: id=httpc_sup,pid=<0.172.0>.
2026-09-11 20:00:09.801990+09:00 [info] <0.171.0>@supervisor:report_progress/2:1582 Supervisor: {local,inets_sup}. Started: id=httpd_sup,pid=<0.176.0>.
2026-09-11 20:00:09.802355+09:00 [info] <0.44.0>@application_controller:info_started/2:2130 Application: inets. Started at: 'openriak-kv@node-01.cluster-a.openriak'.
2026-09-11 20:00:09.802705+09:00 [info] <0.44.0>@application_controller:info_started/2:2130 Application: mochiweb. Started at: 'openriak-kv@node-01.cluster-a.openriak'.
2026-09-11 20:00:09.811045+09:00 [info] <0.181.0>@supervisor:report_progress/2:1582 Supervisor: {local,webmachine_sup}. Started: id=webmachine_logger,pid=<0.182.0>.
2026-09-11 20:00:09.813982+09:00 [info] <0.181.0>@supervisor:report_progress/2:1582 Supervisor: {local,webmachine_sup}. Started: id=webmachine_logger_watcher_sup,pid=<0.183.0>.
2026-09-11 20:00:09.819034+09:00 [info] <0.181.0>@supervisor:report_progress/2:1582 Supervisor: {local,webmachine_sup}. Started: id=webmachine_router,pid=<0.184.0>.
2026-09-11 20:00:09.819356+09:00 [info] <0.44.0>@application_controller:info_started/2:2130 Application: webmachine. Started at: 'openriak-kv@node-01.cluster-a.openriak'.
2026-09-11 20:00:09.819734+09:00 [info] <0.44.0>@application_controller:info_started/2:2130 Application: basho_stats. Started at: 'openriak-kv@node-01.cluster-a.openriak'.
2026-09-11 20:00:09.825653+09:00 [info] <0.189.0>@supervisor:report_progress/2:1582 Supervisor: {local,bitcask_sup}. Started: id=bitcask_merge_worker,pid=<0.190.0>.
2026-09-11 20:00:09.827511+09:00 [info] <0.189.0>@supervisor:report_progress/2:1582 Supervisor: {local,bitcask_sup}. Started: id=bitcask_merge_delete,pid=<0.191.0>.
2026-09-11 20:00:09.827775+09:00 [info] <0.44.0>@application_controller:info_started/2:2130 Application: bitcask. Started at: 'openriak-kv@node-01.cluster-a.openriak'.
2026-09-11 20:00:09.828548+09:00 [info] <0.44.0>@application_controller:info_started/2:2130 Application: getopt. Started at: 'openriak-kv@node-01.cluster-a.openriak'.
2026-09-11 20:00:09.828860+09:00 [info] <0.44.0>@application_controller:info_started/2:2130 Application: cuttlefish. Started at: 'openriak-kv@node-01.cluster-a.openriak'.
2026-09-11 20:00:09.853606+09:00 [info] <0.197.0>@supervisor:report_progress/2:1582 Supervisor: {local,clique_sup}. Started: id=clique_manager,pid=<0.198.0>.
2026-09-11 20:00:09.854087+09:00 [info] <0.44.0>@application_controller:info_started/2:2130 Application: clique. Started at: 'openriak-kv@node-01.cluster-a.openriak'.
2026-09-11 20:00:09.854637+09:00 [info] <0.44.0>@application_controller:info_started/2:2130 Application: eleveldb. Started at: 'openriak-kv@node-01.cluster-a.openriak'.
2026-09-11 20:00:09.855388+09:00 [info] <0.44.0>@application_controller:info_started/2:2130 Application: pbkdf2. Started at: 'openriak-kv@node-01.cluster-a.openriak'.
2026-09-11 20:00:09.855734+09:00 [info] <0.44.0>@application_controller:info_started/2:2130 Application: poolboy. Started at: 'openriak-kv@node-01.cluster-a.openriak'.
2026-09-11 20:00:09.864696+09:00 [info] <0.44.0>@application_controller:info_started/2:2130 Application: cluster_info. Started at: 'openriak-kv@node-01.cluster-a.openriak'.
2026-09-11 20:00:09.922143+09:00 [info] <0.212.0>@supervisor:report_progress/2:1582 Supervisor: {local,riak_core_sup}. Started: id=riak_core_bg_manager,pid=<0.213.0>.
2026-09-11 20:00:09.930662+09:00 [info] <0.212.0>@supervisor:report_progress/2:1582 Supervisor: {local,riak_core_sup}. Started: id=riak_core_sysmon_minder,pid=<0.214.0>.
2026-09-11 20:00:09.933224+09:00 [info] <0.212.0>@supervisor:report_progress/2:1582 Supervisor: {local,riak_core_sup}. Started: id=riak_core_vnode_sup,pid=<0.215.0>.
2026-09-11 20:00:09.936388+09:00 [info] <0.212.0>@supervisor:report_progress/2:1582 Supervisor: {local,riak_core_sup}. Started: id=riak_core_eventhandler_sup,pid=<0.216.0>.
2026-09-11 20:00:09.939705+09:00 [info] <0.212.0>@supervisor:report_progress/2:1582 Supervisor: {local,riak_core_sup}. Started: id=riak_core_dist_mon,pid=<0.217.0>.
2026-09-11 20:00:09.945225+09:00 [info] <0.218.0>@supervisor:report_progress/2:1582 Supervisor: {local,riak_core_handoff_sup}. Started: id=riak_core_handoff_receiver_sup,pid=<0.219.0>.
2026-09-11 20:00:09.947909+09:00 [info] <0.218.0>@supervisor:report_progress/2:1582 Supervisor: {local,riak_core_handoff_sup}. Started: id=riak_core_handoff_sender_sup,pid=<0.220.0>.
2026-09-11 20:00:09.982802+09:00 [info] <0.221.0>@supervisor:report_progress/2:1582 Supervisor: {local,riak_core_handoff_listener_sup}. Started: id=riak_core_handoff_listener,pid=<0.222.0>.
2026-09-11 20:00:09.983283+09:00 [info] <0.218.0>@supervisor:report_progress/2:1582 Supervisor: {local,riak_core_handoff_sup}. Started: id=riak_core_handoff_listener_sup,pid=<0.221.0>.
2026-09-11 20:00:09.996324+09:00 [info] <0.218.0>@supervisor:report_progress/2:1582 Supervisor: {local,riak_core_handoff_sup}. Started: id=riak_core_handoff_manager,pid=<0.224.0>.
2026-09-11 20:00:09.996785+09:00 [info] <0.212.0>@supervisor:report_progress/2:1582 Supervisor: {local,riak_core_sup}. Started: id=riak_core_handoff_sup,pid=<0.218.0>.
2026-09-11 20:00:09.999694+09:00 [info] <0.212.0>@supervisor:report_progress/2:1582 Supervisor: {local,riak_core_sup}. Started: id=riak_core_ring_events,pid=<0.225.0>.
2026-09-11 20:00:10.326911+09:00 [warning] <0.226.0>@riak_core_ring_manager:reload_ring/1:388 No ring file available.
2026-09-11 20:00:10.345441+09:00 [info] <0.212.0>@supervisor:report_progress/2:1582 Supervisor: {local,riak_core_sup}. Started: id=riak_core_ring_manager,pid=<0.226.0>.
2026-09-11 20:00:10.357444+09:00 [info] <0.82.0>@supervisor:report_progress/2:1582 Supervisor: {local,kernel_safe_sup}. Started: id=dets_sup,pid=<0.230.0>.
2026-09-11 20:00:10.357633+09:00 [info] <0.82.0>@supervisor:report_progress/2:1582 Supervisor: {local,kernel_safe_sup}. Started: id=dets,pid=<0.231.0>.
2026-09-11 20:00:10.370178+09:00 [info] <0.212.0>@supervisor:report_progress/2:1582 Supervisor: {local,riak_core_sup}. Started: id=riak_core_metadata_manager,pid=<0.229.0>.
2026-09-11 20:00:10.429222+09:00 [info] <0.212.0>@supervisor:report_progress/2:1582 Supervisor: {local,riak_core_sup}. Started: id=riak_core_metadata_hashtree,pid=<0.234.0>.
2026-09-11 20:00:10.432982+09:00 [info] <0.212.0>@supervisor:report_progress/2:1582 Supervisor: {local,riak_core_sup}. Started: id=riak_core_broadcast,pid=<0.237.0>.
2026-09-11 20:00:10.435219+09:00 [info] <0.212.0>@supervisor:report_progress/2:1582 Supervisor: {local,riak_core_sup}. Started: id=riak_core_vnode_proxy_sup,pid=<0.238.0>.
2026-09-11 20:00:10.437229+09:00 [info] <0.212.0>@supervisor:report_progress/2:1582 Supervisor: {local,riak_core_sup}. Started: id=riak_core_node_watcher_events,pid=<0.239.0>.
2026-09-11 20:00:10.445085+09:00 [info] <0.212.0>@supervisor:report_progress/2:1582 Supervisor: {local,riak_core_sup}. Started: id=riak_core_node_watcher,pid=<0.240.0>.
2026-09-11 20:00:10.450702+09:00 [info] <0.212.0>@supervisor:report_progress/2:1582 Supervisor: {local,riak_core_sup}. Started: id=riak_core_vnode_manager,pid=<0.241.0>.
2026-09-11 20:00:10.454676+09:00 [info] <0.212.0>@supervisor:report_progress/2:1582 Supervisor: {local,riak_core_sup}. Started: id=riak_core_capability,pid=<0.242.0>.
2026-09-11 20:00:10.454941+09:00 [info] <0.212.0>@supervisor:report_progress/2:1582 Supervisor: {local,riak_core_sup}. Started: id=riak_core_gossip,pid=<0.243.0>.
2026-09-11 20:00:10.459632+09:00 [info] <0.212.0>@supervisor:report_progress/2:1582 Supervisor: {local,riak_core_sup}. Started: id=riak_core_claimant,pid=<0.244.0>.
2026-09-11 20:00:10.461314+09:00 [info] <0.212.0>@supervisor:report_progress/2:1582 Supervisor: {local,riak_core_sup}. Started: id=riak_core_table_owner,pid=<0.245.0>.
2026-09-11 20:00:10.466752+09:00 [info] <0.247.0>@supervisor:report_progress/2:1582 Supervisor: {local,riak_core_stats_sup}. Started: id=riak_core_stat_cache,pid=<0.248.0>.
2026-09-11 20:00:10.467116+09:00 [info] <0.246.0>@supervisor:report_progress/2:1582 Supervisor: {local,riak_core_stat_sup}. Started: id=riak_core_stats_sup,pid=<0.247.0>.
2026-09-11 20:00:10.467338+09:00 [info] <0.212.0>@supervisor:report_progress/2:1582 Supervisor: {local,riak_core_sup}. Started: id=riak_core_stat_sup,pid=<0.246.0>.
2026-09-11 20:00:10.468627+09:00 [info] <0.212.0>@supervisor:report_progress/2:1582 Supervisor: {local,riak_core_sup}. Started: id=riak_core_node_worker_pool_sup,pid=<0.249.0>.
2026-09-11 20:00:10.498203+09:00 [info] <0.247.0>@supervisor:report_progress/2:1582 Supervisor: {local,riak_core_stats_sup}. Started: id=riak_core_stat,pid=<0.250.0>.
2026-09-11 20:00:10.510403+09:00 [info] <0.216.0>@supervisor:report_progress/2:1582 Supervisor: {local,riak_core_eventhandler_sup}. Started: id={riak_core_ring_events,riak_core_ring_handler},pid=<0.273.0>.
2026-09-11 20:00:10.510694+09:00 [info] <0.242.0>@riak_core_capability:process_capability_changes/2:557 New capability: {riak_core,vnode_routing} = proxy
2026-09-11 20:00:10.518708+09:00 [info] <0.242.0>@riak_core_capability:process_capability_changes/2:557 New capability: {riak_core,staged_joins} = true
2026-09-11 20:00:10.526137+09:00 [info] <0.242.0>@riak_core_capability:process_capability_changes/2:557 New capability: {riak_core,resizable_ring} = true
2026-09-11 20:00:10.533761+09:00 [info] <0.242.0>@riak_core_capability:process_capability_changes/2:557 New capability: {riak_core,fold_req_version} = v2
2026-09-11 20:00:10.540941+09:00 [info] <0.242.0>@riak_core_capability:process_capability_changes/2:557 New capability: {riak_core,security} = true
2026-09-11 20:00:10.548307+09:00 [info] <0.242.0>@riak_core_capability:process_capability_changes/2:557 New capability: {riak_core,bucket_types} = true
2026-09-11 20:00:10.554915+09:00 [info] <0.242.0>@riak_core_capability:process_capability_changes/2:557 New capability: {riak_core,net_ticktime} = true
2026-09-11 20:00:10.720554+09:00 [info] <0.44.0>@application_controller:info_started/2:2130 Application: riak_core. Started at: 'openriak-kv@node-01.cluster-a.openriak'.
2026-09-11 20:00:10.725804+09:00 [info] <0.242.0>@riak_core_capability:process_capability_changes/2:557 New capability: {riak_pipe,trace_format} = ordsets
2026-09-11 20:00:10.735470+09:00 [info] <0.280.0>@supervisor:report_progress/2:1582 Supervisor: {local,riak_pipe_sup}. Started: id=riak_pipe_vnode_master,pid=<0.281.0>.
2026-09-11 20:00:10.736881+09:00 [info] <0.280.0>@supervisor:report_progress/2:1582 Supervisor: {local,riak_pipe_sup}. Started: id=riak_pipe_builder_sup,pid=<0.282.0>.
2026-09-11 20:00:10.738011+09:00 [info] <0.280.0>@supervisor:report_progress/2:1582 Supervisor: {local,riak_pipe_sup}. Started: id=riak_pipe_fitting_sup,pid=<0.283.0>.
2026-09-11 20:00:10.739052+09:00 [info] <0.280.0>@supervisor:report_progress/2:1582 Supervisor: {local,riak_pipe_sup}. Started: id=riak_pipe_qcover_sup,pid=<0.284.0>.
2026-09-11 20:00:10.741061+09:00 [info] <0.238.0>@supervisor:report_progress/2:1582 Supervisor: {local,riak_core_vnode_proxy_sup}. Started: id={riak_pipe_vnode,0},pid=<0.285.0>.
2026-09-11 20:00:10.741301+09:00 [info] <0.238.0>@supervisor:report_progress/2:1582 Supervisor: {local,riak_core_vnode_proxy_sup}. Started: id={riak_pipe_vnode,182687704666362864775460604089535377456991567872},pid=<0.286.0>.
2026-09-11 20:00:10.741424+09:00 [info] <0.238.0>@supervisor:report_progress/2:1582 Supervisor: {local,riak_core_vnode_proxy_sup}. Started: id={riak_pipe_vnode,365375409332725729550921208179070754913983135744},pid=<0.287.0>.
2026-09-11 20:00:10.741524+09:00 [info] <0.238.0>@supervisor:report_progress/2:1582 Supervisor: {local,riak_core_vnode_proxy_sup}. Started: id={riak_pipe_vnode,548063113999088594326381812268606132370974703616},pid=<0.288.0>.
2026-09-11 20:00:10.741606+09:00 [info] <0.238.0>@supervisor:report_progress/2:1582 Supervisor: {local,riak_core_vnode_proxy_sup}. Started: id={riak_pipe_vnode,730750818665451459101842416358141509827966271488},pid=<0.289.0>.
2026-09-11 20:00:10.741675+09:00 [info] <0.238.0>@supervisor:report_progress/2:1582 Supervisor: {local,riak_core_vnode_proxy_sup}. Started: id={riak_pipe_vnode,913438523331814323877303020447676887284957839360},pid=<0.290.0>.
2026-09-11 20:00:10.741751+09:00 [info] <0.238.0>@supervisor:report_progress/2:1582 Supervisor: {local,riak_core_vnode_proxy_sup}. Started: id={riak_pipe_vnode,1096126227998177188652763624537212264741949407232},pid=<0.291.0>.
2026-09-11 20:00:10.741810+09:00 [info] <0.238.0>@supervisor:report_progress/2:1582 Supervisor: {local,riak_core_vnode_proxy_sup}. Started: id={riak_pipe_vnode,1278813932664540053428224228626747642198940975104},pid=<0.292.0>.
2026-09-11 20:00:10.743896+09:00 [info] <0.247.0>@supervisor:report_progress/2:1582 Supervisor: {local,riak_core_stats_sup}. Started: id=riak_pipe_stat,pid=<0.293.0>.
2026-09-11 20:00:10.751408+09:00 [info] <0.44.0>@application_controller:info_started/2:2130 Application: riak_pipe. Started at: 'openriak-kv@node-01.cluster-a.openriak'.
2026-09-11 20:00:10.751861+09:00 [info] <0.44.0>@application_controller:info_started/2:2130 Application: tools. Started at: 'openriak-kv@node-01.cluster-a.openriak'.
2026-09-11 20:00:10.752383+09:00 [info] <0.44.0>@application_controller:info_started/2:2130 Application: riak_pb. Started at: 'openriak-kv@node-01.cluster-a.openriak'.
2026-09-11 20:00:10.758477+09:00 [info] <0.301.0>@supervisor:report_progress/2:1582 Supervisor: {local,riak_api_sup}. Started: id=riak_api_pb_registration_helper,pid=<0.302.0>.
2026-09-11 20:00:10.760448+09:00 [info] <0.301.0>@supervisor:report_progress/2:1582 Supervisor: {local,riak_api_sup}. Started: id=riak_api_pb_registrar,pid=<0.303.0>.
2026-09-11 20:00:10.762300+09:00 [info] <0.301.0>@supervisor:report_progress/2:1582 Supervisor: {local,riak_api_sup}. Started: id=riak_api_pb_sup,pid=<0.304.0>.
2026-09-11 20:00:10.762664+09:00 [info] <0.301.0>@supervisor:report_progress/2:1582 Supervisor: {local,riak_api_sup}. Started: id=[112,98,58,47,47,34,48,46,48,46,48,46,48,34,58,56,48,56,55],pid=<0.305.0>.
2026-09-11 20:00:10.779650+09:00 [info] <0.301.0>@supervisor:report_progress/2:1582 Supervisor: {local,riak_api_sup}. Started: id=[104,116,116,112,58,47,47,48,46,48,46,48,46,48,58,56,48,57,56],pid=<0.308.0>.
2026-09-11 20:00:10.782562+09:00 [info] <0.247.0>@supervisor:report_progress/2:1582 Supervisor: {local,riak_core_stats_sup}. Started: id=riak_api_stat,pid=<0.325.0>.
2026-09-11 20:00:10.792883+09:00 [info] <0.44.0>@application_controller:info_started/2:2130 Application: riak_api. Started at: 'openriak-kv@node-01.cluster-a.openriak'.
2026-09-11 20:00:10.796260+09:00 [info] <0.44.0>@application_controller:info_started/2:2130 Application: sidejob. Started at: 'openriak-kv@node-01.cluster-a.openriak'.
2026-09-11 20:00:10.796668+09:00 [info] <0.44.0>@application_controller:info_started/2:2130 Application: riak_dt. Started at: 'openriak-kv@node-01.cluster-a.openriak'.
2026-09-11 20:00:10.796872+09:00 [info] <0.44.0>@application_controller:info_started/2:2130 Application: sext. Started at: 'openriak-kv@node-01.cluster-a.openriak'.
2026-09-11 20:00:10.797194+09:00 [info] <0.44.0>@application_controller:info_started/2:2130 Application: lz4. Started at: 'openriak-kv@node-01.cluster-a.openriak'.
2026-09-11 20:00:10.797414+09:00 [info] <0.44.0>@application_controller:info_started/2:2130 Application: zstd. Started at: 'openriak-kv@node-01.cluster-a.openriak'.
2026-09-11 20:00:10.797639+09:00 [info] <0.44.0>@application_controller:info_started/2:2130 Application: leveled. Started at: 'openriak-kv@node-01.cluster-a.openriak'.
2026-09-11 20:00:10.797785+09:00 [info] <0.44.0>@application_controller:info_started/2:2130 Application: kv_index_tictactree. Started at: 'openriak-kv@node-01.cluster-a.openriak'.
2026-09-11 20:00:10.797933+09:00 [info] <0.44.0>@application_controller:info_started/2:2130 Application: hyper. Started at: 'openriak-kv@node-01.cluster-a.openriak'.
2026-09-11 20:00:10.798088+09:00 [info] <0.44.0>@application_controller:info_started/2:2130 Application: redbug. Started at: 'openriak-kv@node-01.cluster-a.openriak'.
2026-09-11 20:00:10.798276+09:00 [info] <0.44.0>@application_controller:info_started/2:2130 Application: recon. Started at: 'openriak-kv@node-01.cluster-a.openriak'.
2026-09-11 20:00:10.798384+09:00 [info] <0.44.0>@application_controller:info_started/2:2130 Application: riakc. Started at: 'openriak-kv@node-01.cluster-a.openriak'.
2026-09-11 20:00:10.804533+09:00 [info] <0.344.0>@supervisor:report_progress/2:1582 Supervisor: {local,ibrowse_sup}. Started: id=ibrowse,pid=<0.345.0>.
2026-09-11 20:00:10.804793+09:00 [info] <0.44.0>@application_controller:info_started/2:2130 Application: ibrowse. Started at: 'openriak-kv@node-01.cluster-a.openriak'.
2026-09-11 20:00:10.805002+09:00 [info] <0.44.0>@application_controller:info_started/2:2130 Application: rhc. Started at: 'openriak-kv@node-01.cluster-a.openriak'.
2026-09-11 20:00:10.819484+09:00 [info] <0.353.0>@supervisor:report_progress/2:1582 Supervisor: {local,riak_kv_put_fsm_sj_worker_sup}. Started: id=riak_kv_put_fsm_sj_1,pid=<0.354.0>.
2026-09-11 20:00:10.819812+09:00 [info] <0.353.0>@supervisor:report_progress/2:1582 Supervisor: {local,riak_kv_put_fsm_sj_worker_sup}. Started: id=riak_kv_put_fsm_sj_2,pid=<0.355.0>.
2026-09-11 20:00:10.820028+09:00 [info] <0.353.0>@supervisor:report_progress/2:1582 Supervisor: {local,riak_kv_put_fsm_sj_worker_sup}. Started: id=riak_kv_put_fsm_sj_3,pid=<0.356.0>.
2026-09-11 20:00:10.820183+09:00 [info] <0.353.0>@supervisor:report_progress/2:1582 Supervisor: {local,riak_kv_put_fsm_sj_worker_sup}. Started: id=riak_kv_put_fsm_sj_4,pid=<0.357.0>.
2026-09-11 20:00:10.820306+09:00 [info] <0.353.0>@supervisor:report_progress/2:1582 Supervisor: {local,riak_kv_put_fsm_sj_worker_sup}. Started: id=riak_kv_put_fsm_sj_5,pid=<0.358.0>.
2026-09-11 20:00:10.820423+09:00 [info] <0.353.0>@supervisor:report_progress/2:1582 Supervisor: {local,riak_kv_put_fsm_sj_worker_sup}. Started: id=riak_kv_put_fsm_sj_6,pid=<0.359.0>.
2026-09-11 20:00:10.820541+09:00 [info] <0.353.0>@supervisor:report_progress/2:1582 Supervisor: {local,riak_kv_put_fsm_sj_worker_sup}. Started: id=riak_kv_put_fsm_sj_7,pid=<0.360.0>.
2026-09-11 20:00:10.820653+09:00 [info] <0.353.0>@supervisor:report_progress/2:1582 Supervisor: {local,riak_kv_put_fsm_sj_worker_sup}. Started: id=riak_kv_put_fsm_sj_8,pid=<0.361.0>.
2026-09-11 20:00:10.820713+09:00 [info] <0.352.0>@supervisor:report_progress/2:1582 Supervisor: {local,riak_kv_put_fsm_sj}. Started: id=sidejob_worker_sup,pid=<0.353.0>.
2026-09-11 20:00:10.820907+09:00 [info] <0.352.0>@supervisor:report_progress/2:1582 Supervisor: {local,riak_kv_put_fsm_sj}. Started: id=riak_kv_put_fsm_sj_stats,pid=<0.362.0>.
2026-09-11 20:00:10.820981+09:00 [info] <0.330.0>@supervisor:report_progress/2:1582 Supervisor: {local,sidejob_sup}. Started: id=riak_kv_put_fsm_sj,pid=<0.352.0>.
2026-09-11 20:00:10.824616+09:00 [info] <0.365.0>@supervisor:report_progress/2:1582 Supervisor: {local,riak_kv_get_fsm_sj_worker_sup}. Started: id=riak_kv_get_fsm_sj_1,pid=<0.366.0>.
2026-09-11 20:00:10.824887+09:00 [info] <0.365.0>@supervisor:report_progress/2:1582 Supervisor: {local,riak_kv_get_fsm_sj_worker_sup}. Started: id=riak_kv_get_fsm_sj_2,pid=<0.367.0>.
2026-09-11 20:00:10.825044+09:00 [info] <0.365.0>@supervisor:report_progress/2:1582 Supervisor: {local,riak_kv_get_fsm_sj_worker_sup}. Started: id=riak_kv_get_fsm_sj_3,pid=<0.368.0>.
2026-09-11 20:00:10.825173+09:00 [info] <0.365.0>@supervisor:report_progress/2:1582 Supervisor: {local,riak_kv_get_fsm_sj_worker_sup}. Started: id=riak_kv_get_fsm_sj_4,pid=<0.369.0>.
2026-09-11 20:00:10.825290+09:00 [info] <0.365.0>@supervisor:report_progress/2:1582 Supervisor: {local,riak_kv_get_fsm_sj_worker_sup}. Started: id=riak_kv_get_fsm_sj_5,pid=<0.370.0>.
2026-09-11 20:00:10.825417+09:00 [info] <0.365.0>@supervisor:report_progress/2:1582 Supervisor: {local,riak_kv_get_fsm_sj_worker_sup}. Started: id=riak_kv_get_fsm_sj_6,pid=<0.371.0>.
2026-09-11 20:00:10.825532+09:00 [info] <0.365.0>@supervisor:report_progress/2:1582 Supervisor: {local,riak_kv_get_fsm_sj_worker_sup}. Started: id=riak_kv_get_fsm_sj_7,pid=<0.372.0>.
2026-09-11 20:00:10.825646+09:00 [info] <0.365.0>@supervisor:report_progress/2:1582 Supervisor: {local,riak_kv_get_fsm_sj_worker_sup}. Started: id=riak_kv_get_fsm_sj_8,pid=<0.373.0>.
2026-09-11 20:00:10.825696+09:00 [info] <0.364.0>@supervisor:report_progress/2:1582 Supervisor: {local,riak_kv_get_fsm_sj}. Started: id=sidejob_worker_sup,pid=<0.365.0>.
2026-09-11 20:00:10.825761+09:00 [info] <0.364.0>@supervisor:report_progress/2:1582 Supervisor: {local,riak_kv_get_fsm_sj}. Started: id=riak_kv_get_fsm_sj_stats,pid=<0.374.0>.
2026-09-11 20:00:10.825808+09:00 [info] <0.330.0>@supervisor:report_progress/2:1582 Supervisor: {local,sidejob_sup}. Started: id=riak_kv_get_fsm_sj,pid=<0.364.0>.
2026-09-11 20:00:10.836341+09:00 [info] <0.377.0>@supervisor:report_progress/2:1582 Supervisor: {local,riak_kv_stat_sj_worker_sup}. Started: id=riak_kv_stat_sj_1,pid=<0.378.0>.
2026-09-11 20:00:10.836988+09:00 [info] <0.377.0>@supervisor:report_progress/2:1582 Supervisor: {local,riak_kv_stat_sj_worker_sup}. Started: id=riak_kv_stat_sj_2,pid=<0.379.0>.
2026-09-11 20:00:10.837400+09:00 [info] <0.377.0>@supervisor:report_progress/2:1582 Supervisor: {local,riak_kv_stat_sj_worker_sup}. Started: id=riak_kv_stat_sj_3,pid=<0.380.0>.
2026-09-11 20:00:10.837637+09:00 [info] <0.377.0>@supervisor:report_progress/2:1582 Supervisor: {local,riak_kv_stat_sj_worker_sup}. Started: id=riak_kv_stat_sj_4,pid=<0.381.0>.
2026-09-11 20:00:10.837822+09:00 [info] <0.377.0>@supervisor:report_progress/2:1582 Supervisor: {local,riak_kv_stat_sj_worker_sup}. Started: id=riak_kv_stat_sj_5,pid=<0.382.0>.
2026-09-11 20:00:10.838006+09:00 [info] <0.377.0>@supervisor:report_progress/2:1582 Supervisor: {local,riak_kv_stat_sj_worker_sup}. Started: id=riak_kv_stat_sj_6,pid=<0.383.0>.
2026-09-11 20:00:10.838164+09:00 [info] <0.377.0>@supervisor:report_progress/2:1582 Supervisor: {local,riak_kv_stat_sj_worker_sup}. Started: id=riak_kv_stat_sj_7,pid=<0.384.0>.
2026-09-11 20:00:10.838344+09:00 [info] <0.377.0>@supervisor:report_progress/2:1582 Supervisor: {local,riak_kv_stat_sj_worker_sup}. Started: id=riak_kv_stat_sj_8,pid=<0.385.0>.
2026-09-11 20:00:10.838433+09:00 [info] <0.376.0>@supervisor:report_progress/2:1582 Supervisor: {local,riak_kv_stat_sj}. Started: id=sidejob_worker_sup,pid=<0.377.0>.
2026-09-11 20:00:10.838509+09:00 [info] <0.376.0>@supervisor:report_progress/2:1582 Supervisor: {local,riak_kv_stat_sj}. Started: id=riak_kv_stat_sj_stats,pid=<0.386.0>.
2026-09-11 20:00:10.838554+09:00 [info] <0.330.0>@supervisor:report_progress/2:1582 Supervisor: {local,sidejob_sup}. Started: id=riak_kv_stat_sj,pid=<0.376.0>.
2026-09-11 20:00:10.851102+09:00 [info] <0.350.0>@riak_kv_env:doc_env/0:47 Environment and OS variables:
2026-09-11 20:00:10.906142+09:00 [info] <0.242.0>@riak_core_capability:process_capability_changes/2:557 New capability: {riak_kv,object_hash_version} = 0
2026-09-11 20:00:10.913549+09:00 [info] <0.242.0>@riak_core_capability:process_capability_changes/2:557 New capability: {riak_kv,anti_entropy} = enabled_v1
2026-09-11 20:00:10.920668+09:00 [info] <0.388.0>@riak_core_throttle:enable_throttle/2:121 Enabling throttle for riak_kv/aae_throttle.
2026-09-11 20:00:10.920870+09:00 [info] <0.387.0>@supervisor:report_progress/2:1582 Supervisor: {local,riak_kv_sup}. Started: id=riak_kv_entropy_manager,pid=<0.388.0>.
2026-09-11 20:00:10.931309+09:00 [info] <0.387.0>@supervisor:report_progress/2:1582 Supervisor: {local,riak_kv_sup}. Started: id=riak_kv_ttaaefs_manager,pid=<0.389.0>.
2026-09-11 20:00:10.938256+09:00 [info] <0.387.0>@supervisor:report_progress/2:1582 Supervisor: {local,riak_kv_sup}. Started: id=riak_kv_replrtq_src,pid=<0.390.0>.
2026-09-11 20:00:10.942017+09:00 [info] <0.387.0>@supervisor:report_progress/2:1582 Supervisor: {local,riak_kv_sup}. Started: id=riak_kv_replrtq_snk,pid=<0.391.0>.
2026-09-11 20:00:10.944350+09:00 [info] <0.387.0>@supervisor:report_progress/2:1582 Supervisor: {local,riak_kv_sup}. Started: id=riak_kv_replrtq_peer,pid=<0.392.0>.
2026-09-11 20:00:10.948193+09:00 [info] <0.387.0>@supervisor:report_progress/2:1582 Supervisor: {local,riak_kv_sup}. Started: id=riak_kv_reaper,pid=<0.393.0>.
2026-09-11 20:00:10.950383+09:00 [info] <0.387.0>@supervisor:report_progress/2:1582 Supervisor: {local,riak_kv_sup}. Started: id=riak_kv_eraser,pid=<0.394.0>.
2026-09-11 20:00:10.952786+09:00 [info] <0.387.0>@supervisor:report_progress/2:1582 Supervisor: {local,riak_kv_sup}. Started: id=riak_kv_reader,pid=<0.395.0>.
2026-09-11 20:00:10.956175+09:00 [info] <0.387.0>@supervisor:report_progress/2:1582 Supervisor: {local,riak_kv_sup}. Started: id=riak_kv_token_manager,pid=<0.396.0>.
2026-09-11 20:00:10.956390+09:00 [info] <0.387.0>@supervisor:report_progress/2:1582 Supervisor: {local,riak_kv_sup}. Started: id=riak_kv_vnode_master,pid=<0.397.0>.
2026-09-11 20:00:10.956487+09:00 [info] <0.397.0>@riak_core:wait_for_service/2:498 Waiting for service riak_kv to start (0 seconds)
2026-09-11 20:00:10.961002+09:00 [info] <0.398.0>@supervisor:report_progress/2:1582 Supervisor: {local,riak_kv_w1c_sup}. Started: id=riak_kv_w1c_worker00,pid=<0.401.0>.
2026-09-11 20:00:10.961297+09:00 [info] <0.398.0>@supervisor:report_progress/2:1582 Supervisor: {local,riak_kv_w1c_sup}. Started: id=riak_kv_w1c_worker01,pid=<0.402.0>.
2026-09-11 20:00:10.961439+09:00 [info] <0.398.0>@supervisor:report_progress/2:1582 Supervisor: {local,riak_kv_w1c_sup}. Started: id=riak_kv_w1c_worker02,pid=<0.403.0>.
2026-09-11 20:00:10.961539+09:00 [info] <0.398.0>@supervisor:report_progress/2:1582 Supervisor: {local,riak_kv_w1c_sup}. Started: id=riak_kv_w1c_worker03,pid=<0.404.0>.
2026-09-11 20:00:10.961687+09:00 [info] <0.398.0>@supervisor:report_progress/2:1582 Supervisor: {local,riak_kv_w1c_sup}. Started: id=riak_kv_w1c_worker04,pid=<0.405.0>.
2026-09-11 20:00:10.961867+09:00 [info] <0.398.0>@supervisor:report_progress/2:1582 Supervisor: {local,riak_kv_w1c_sup}. Started: id=riak_kv_w1c_worker05,pid=<0.406.0>.
2026-09-11 20:00:10.961956+09:00 [info] <0.398.0>@supervisor:report_progress/2:1582 Supervisor: {local,riak_kv_w1c_sup}. Started: id=riak_kv_w1c_worker06,pid=<0.407.0>.
2026-09-11 20:00:10.962032+09:00 [info] <0.398.0>@supervisor:report_progress/2:1582 Supervisor: {local,riak_kv_w1c_sup}. Started: id=riak_kv_w1c_worker07,pid=<0.408.0>.
2026-09-11 20:00:10.962098+09:00 [info] <0.387.0>@supervisor:report_progress/2:1582 Supervisor: {local,riak_kv_sup}. Started: id=riak_kv_w1c_sup,pid=<0.398.0>.
2026-09-11 20:00:10.963475+09:00 [info] <0.387.0>@supervisor:report_progress/2:1582 Supervisor: {local,riak_kv_sup}. Started: id=riak_kv_delete_sup,pid=<0.409.0>.
2026-09-11 20:00:10.964811+09:00 [info] <0.387.0>@supervisor:report_progress/2:1582 Supervisor: {local,riak_kv_sup}. Started: id=riak_kv_mrc_sink_sup,pid=<0.411.0>.
2026-09-11 20:00:10.966259+09:00 [info] <0.387.0>@supervisor:report_progress/2:1582 Supervisor: {local,riak_kv_sup}. Started: id=riak_kv_buckets_fsm_sup,pid=<0.412.0>.
2026-09-11 20:00:10.967734+09:00 [info] <0.387.0>@supervisor:report_progress/2:1582 Supervisor: {local,riak_kv_sup}. Started: id=riak_kv_keys_fsm_sup,pid=<0.413.0>.
2026-09-11 20:00:10.970032+09:00 [info] <0.387.0>@supervisor:report_progress/2:1582 Supervisor: {local,riak_kv_sup}. Started: id=riak_kv_index_fsm_sup,pid=<0.414.0>.
2026-09-11 20:00:10.971477+09:00 [info] <0.387.0>@supervisor:report_progress/2:1582 Supervisor: {local,riak_kv_sup}. Started: id=riak_kv_query_sup,pid=<0.415.0>.
2026-09-11 20:00:10.972656+09:00 [info] <0.387.0>@supervisor:report_progress/2:1582 Supervisor: {local,riak_kv_sup}. Started: id=riak_kv_clusteraae_fsm_sup,pid=<0.416.0>.
2026-09-11 20:00:10.974096+09:00 [info] <0.387.0>@supervisor:report_progress/2:1582 Supervisor: {local,riak_kv_sup}. Started: id=riak_kv_hotbackup_fsm_sup,pid=<0.417.0>.
2026-09-11 20:00:10.976077+09:00 [info] <0.387.0>@supervisor:report_progress/2:1582 Supervisor: {local,riak_kv_sup}. Started: id=riak_kv_http_cache,pid=<0.418.0>.
2026-09-11 20:00:10.976371+09:00 [info] <0.242.0>@riak_core_capability:process_capability_changes/2:557 New capability: {riak_kv,vnode_vclocks} = true
2026-09-11 20:00:10.984090+09:00 [info] <0.242.0>@riak_core_capability:process_capability_changes/2:557 New capability: {riak_kv,legacy_keylisting} = false
2026-09-11 20:00:10.991562+09:00 [info] <0.242.0>@riak_core_capability:process_capability_changes/2:557 New capability: {riak_kv,listkeys_backpressure} = true
2026-09-11 20:00:10.998479+09:00 [info] <0.242.0>@riak_core_capability:process_capability_changes/2:557 New capability: {riak_kv,index_backpressure} = true
2026-09-11 20:00:11.006131+09:00 [info] <0.242.0>@riak_core_capability:process_capability_changes/2:557 New capability: {riak_kv,mapred_system} = pipe
2026-09-11 20:00:11.013228+09:00 [info] <0.242.0>@riak_core_capability:process_capability_changes/2:557 New capability: {riak_kv,mapred_2i_pipe} = true
2026-09-11 20:00:11.020535+09:00 [info] <0.242.0>@riak_core_capability:process_capability_changes/2:557 New capability: {riak_kv,handoff_data_encoding} = encode_raw
2026-09-11 20:00:11.030059+09:00 [info] <0.242.0>@riak_core_capability:process_capability_changes/2:557 New capability: {riak_kv,object_format} = v1
2026-09-11 20:00:11.037985+09:00 [info] <0.242.0>@riak_core_capability:process_capability_changes/2:557 New capability: {riak_kv,secondary_index_version} = v3
2026-09-11 20:00:11.045766+09:00 [info] <0.242.0>@riak_core_capability:process_capability_changes/2:557 New capability: {riak_kv,vclock_data_encoding} = encode_zlib
2026-09-11 20:00:11.054303+09:00 [info] <0.242.0>@riak_core_capability:process_capability_changes/2:557 New capability: {riak_kv,crdt} = [pncounter,riak_dt_pncounter,riak_dt_orswot,riak_dt_map,riak_kv_hll,riak_dt_gset]
2026-09-11 20:00:11.066946+09:00 [info] <0.242.0>@riak_core_capability:process_capability_changes/2:557 New capability: {riak_kv,crdt_epoch_versions} = [{riak_dt_map,2},{riak_dt_orswot,2},{riak_dt_pncounter,2},{riak_kv_hll,1},{riak_dt_gset,2}]
2026-09-11 20:00:11.073664+09:00 [info] <0.242.0>@riak_core_capability:process_capability_changes/2:557 New capability: {riak_kv,put_fsm_ack_execute} = enabled
2026-09-11 20:00:11.080436+09:00 [info] <0.242.0>@riak_core_capability:process_capability_changes/2:557 New capability: {riak_kv,get_request_type} = head
2026-09-11 20:00:11.087490+09:00 [info] <0.242.0>@riak_core_capability:process_capability_changes/2:557 New capability: {riak_kv,put_soft_limit} = true
2026-09-11 20:00:11.094594+09:00 [info] <0.242.0>@riak_core_capability:process_capability_changes/2:557 New capability: {riak_kv,tictacaae_prompted_repairs} = true
2026-09-11 20:00:11.102685+09:00 [info] <0.238.0>@supervisor:report_progress/2:1582 Supervisor: {local,riak_core_vnode_proxy_sup}. Started: id={riak_kv_vnode,0},pid=<0.419.0>.
2026-09-11 20:00:11.103014+09:00 [info] <0.238.0>@supervisor:report_progress/2:1582 Supervisor: {local,riak_core_vnode_proxy_sup}. Started: id={riak_kv_vnode,182687704666362864775460604089535377456991567872},pid=<0.420.0>.
2026-09-11 20:00:11.103182+09:00 [info] <0.238.0>@supervisor:report_progress/2:1582 Supervisor: {local,riak_core_vnode_proxy_sup}. Started: id={riak_kv_vnode,365375409332725729550921208179070754913983135744},pid=<0.421.0>.
2026-09-11 20:00:11.103290+09:00 [info] <0.238.0>@supervisor:report_progress/2:1582 Supervisor: {local,riak_core_vnode_proxy_sup}. Started: id={riak_kv_vnode,548063113999088594326381812268606132370974703616},pid=<0.422.0>.
2026-09-11 20:00:11.103360+09:00 [info] <0.238.0>@supervisor:report_progress/2:1582 Supervisor: {local,riak_core_vnode_proxy_sup}. Started: id={riak_kv_vnode,730750818665451459101842416358141509827966271488},pid=<0.423.0>.
2026-09-11 20:00:11.103481+09:00 [info] <0.238.0>@supervisor:report_progress/2:1582 Supervisor: {local,riak_core_vnode_proxy_sup}. Started: id={riak_kv_vnode,913438523331814323877303020447676887284957839360},pid=<0.424.0>.
2026-09-11 20:00:11.103550+09:00 [info] <0.238.0>@supervisor:report_progress/2:1582 Supervisor: {local,riak_core_vnode_proxy_sup}. Started: id={riak_kv_vnode,1096126227998177188652763624537212264741949407232},pid=<0.425.0>.
2026-09-11 20:00:11.103609+09:00 [info] <0.238.0>@supervisor:report_progress/2:1582 Supervisor: {local,riak_core_vnode_proxy_sup}. Started: id={riak_kv_vnode,1278813932664540053428224228626747642198940975104},pid=<0.426.0>.
2026-09-11 20:00:11.118311+09:00 [info] <0.247.0>@supervisor:report_progress/2:1582 Supervisor: {local,riak_core_stats_sup}. Started: id=riak_kv_stat,pid=<0.427.0>.
2026-09-11 20:00:11.138548+09:00 [info] <0.249.0>@riak_core_node_worker_pool:start_link/5:85 Registered worker pool of type af1_pool and size 2
2026-09-11 20:00:11.138747+09:00 [info] <0.249.0>@supervisor:report_progress/2:1582 Supervisor: {local,riak_core_node_worker_pool_sup}. Started: id=af1_pool,pid=<0.569.0>.
2026-09-11 20:00:11.138927+09:00 [info] <0.249.0>@riak_core_node_worker_pool:start_link/5:85 Registered worker pool of type af2_pool and size 1
2026-09-11 20:00:11.138980+09:00 [info] <0.249.0>@supervisor:report_progress/2:1582 Supervisor: {local,riak_core_node_worker_pool_sup}. Started: id=af2_pool,pid=<0.574.0>.
2026-09-11 20:00:11.139113+09:00 [info] <0.249.0>@riak_core_node_worker_pool:start_link/5:85 Registered worker pool of type af3_pool and size 4
2026-09-11 20:00:11.139159+09:00 [info] <0.249.0>@supervisor:report_progress/2:1582 Supervisor: {local,riak_core_node_worker_pool_sup}. Started: id=af3_pool,pid=<0.578.0>.
2026-09-11 20:00:11.139328+09:00 [info] <0.249.0>@riak_core_node_worker_pool:start_link/5:85 Registered worker pool of type af4_pool and size 1
2026-09-11 20:00:11.139377+09:00 [info] <0.249.0>@supervisor:report_progress/2:1582 Supervisor: {local,riak_core_node_worker_pool_sup}. Started: id=af4_pool,pid=<0.585.0>.
2026-09-11 20:00:11.139548+09:00 [info] <0.249.0>@riak_core_node_worker_pool:start_link/5:85 Registered worker pool of type be_pool and size 1
2026-09-11 20:00:11.139645+09:00 [info] <0.249.0>@supervisor:report_progress/2:1582 Supervisor: {local,riak_core_node_worker_pool_sup}. Started: id=be_pool,pid=<0.589.0>.
2026-09-11 20:00:11.157677+09:00 [info] <0.44.0>@application_controller:info_started/2:2130 Application: riak_kv. Started at: 'openriak-kv@node-01.cluster-a.openriak'.
2026-09-11 20:00:11.157986+09:00 [info] <0.44.0>@application_controller:info_started/2:2130 Application: ebloom. Started at: 'openriak-kv@node-01.cluster-a.openriak'.
2026-09-11 20:00:11.158263+09:00 [info] <0.44.0>@application_controller:info_started/2:2130 Application: bear. Started at: 'openriak-kv@node-01.cluster-a.openriak'.
2026-09-11 20:00:11.161789+09:00 [info] <0.598.0>@supervisor:report_progress/2:1582 Supervisor: {local,folsom_sup}. Started: id=folsom_sample_slide_sup,pid=<0.599.0>.
2026-09-11 20:00:11.163006+09:00 [info] <0.598.0>@supervisor:report_progress/2:1582 Supervisor: {local,folsom_sup}. Started: id=folsom_meter_timer_server,pid=<0.600.0>.
2026-09-11 20:00:11.164421+09:00 [info] <0.598.0>@supervisor:report_progress/2:1582 Supervisor: {local,folsom_sup}. Started: id=folsom_metrics_histogram_ets,pid=<0.601.0>.
2026-09-11 20:00:11.165749+09:00 [info] <0.598.0>@supervisor:report_progress/2:1582 Supervisor: {local,folsom_sup}. Started: id=folsom_metrics_spiral,pid=<0.602.0>.
2026-09-11 20:00:11.166926+09:00 [info] <0.598.0>@supervisor:report_progress/2:1582 Supervisor: {local,folsom_sup}. Started: id=folsom_metrics_history,pid=<0.603.0>.
2026-09-11 20:00:11.168347+09:00 [info] <0.598.0>@supervisor:report_progress/2:1582 Supervisor: {local,folsom_sup}. Started: id=folsom_metrics_histogram,pid=<0.604.0>.
2026-09-11 20:00:11.169996+09:00 [info] <0.598.0>@supervisor:report_progress/2:1582 Supervisor: {local,folsom_sup}. Started: id=folsom_metrics_duration,pid=<0.605.0>.
2026-09-11 20:00:11.172303+09:00 [info] <0.598.0>@supervisor:report_progress/2:1582 Supervisor: {local,folsom_sup}. Started: id=folsom_metrics_counter,pid=<0.606.0>.
2026-09-11 20:00:11.173684+09:00 [info] <0.598.0>@supervisor:report_progress/2:1582 Supervisor: {local,folsom_sup}. Started: id=folsom_metrics_gauge,pid=<0.607.0>.
2026-09-11 20:00:11.175110+09:00 [info] <0.598.0>@supervisor:report_progress/2:1582 Supervisor: {local,folsom_sup}. Started: id=folsom_metrics_meter,pid=<0.608.0>.
2026-09-11 20:00:11.176852+09:00 [info] <0.598.0>@supervisor:report_progress/2:1582 Supervisor: {local,folsom_sup}. Started: id=folsom_metrics_meter_reader,pid=<0.609.0>.
2026-09-11 20:00:11.177034+09:00 [info] <0.44.0>@application_controller:info_started/2:2130 Application: folsom. Started at: 'openriak-kv@node-01.cluster-a.openriak'.
2026-09-11 20:00:11.180992+09:00 [info] <0.613.0>@supervisor:report_progress/2:1582 Supervisor: {local,ranch_sup}. Started: id=ranch_server,pid=<0.614.0>.
2026-09-11 20:00:11.181205+09:00 [info] <0.44.0>@application_controller:info_started/2:2130 Application: ranch. Started at: 'openriak-kv@node-01.cluster-a.openriak'.
2026-09-11 20:00:11.183949+09:00 [info] <0.617.0>@riak_core:wait_for_service/2:498 Waiting for service riak_kv to start (0 seconds)
2026-09-11 20:00:20.451231+09:00 [info] <0.241.0>@riak_core_vnode_manager:update_never_started/4:1026 Update never started for Mod riak_kv_vnode with count 8 to be added to 0
2026-09-11 20:00:20.451400+09:00 [info] <0.241.0>@riak_core_vnode_manager:update_never_started/4:1026 Update never started for Mod riak_pipe_vnode with count 8 to be added to 8
2026-09-11 20:00:20.451573+09:00 [info] <0.729.0>@riak_core_vnode_manager:get_vnode/3:733 Will start VNode for partition 0 riak_pipe_vnode
2026-09-11 20:00:20.466363+09:00 [info] <0.729.0>@riak_core_vnode_manager:get_vnode/3:743 VNode initialization ready <0.730.0> 0 riak_pipe_vnode
2026-09-11 20:00:20.466669+09:00 [info] <0.739.0>@riak_core_vnode_manager:get_vnode/3:733 Will start VNode for partition 1278813932664540053428224228626747642198940975104 riak_kv_vnode
2026-09-11 20:00:20.466649+09:00 [info] <0.732.0>@riak_core_vnode_manager:get_vnode/3:733 Will start VNode for partition 0 riak_kv_vnode
2026-09-11 20:00:20.466687+09:00 [info] <0.733.0>@riak_core_vnode_manager:get_vnode/3:733 Will start VNode for partition 182687704666362864775460604089535377456991567872 riak_kv_vnode
2026-09-11 20:00:20.466917+09:00 [info] <0.735.0>@riak_core_vnode_manager:get_vnode/3:733 Will start VNode for partition 548063113999088594326381812268606132370974703616 riak_kv_vnode
2026-09-11 20:00:20.466938+09:00 [info] <0.738.0>@riak_core_vnode_manager:get_vnode/3:733 Will start VNode for partition 1096126227998177188652763624537212264741949407232 riak_kv_vnode
2026-09-11 20:00:20.466932+09:00 [info] <0.737.0>@riak_core_vnode_manager:get_vnode/3:733 Will start VNode for partition 913438523331814323877303020447676887284957839360 riak_kv_vnode
2026-09-11 20:00:20.466727+09:00 [info] <0.734.0>@riak_core_vnode_manager:get_vnode/3:733 Will start VNode for partition 365375409332725729550921208179070754913983135744 riak_kv_vnode
2026-09-11 20:00:20.466928+09:00 [info] <0.736.0>@riak_core_vnode_manager:get_vnode/3:733 Will start VNode for partition 730750818665451459101842416358141509827966271488 riak_kv_vnode
2026-09-11 20:00:20.510787+09:00 [info] <0.784.0>@leveled_inker:open_all_manifest/2:1269 log_ref=i0011 db_id=7 Manifest is empty, starting from manifest SQN 1
2026-09-11 20:00:20.510934+09:00 [info] <0.783.0>@leveled_inker:open_all_manifest/2:1269 log_ref=i0011 db_id=2 Manifest is empty, starting from manifest SQN 1
2026-09-11 20:00:20.510991+09:00 [info] <0.782.0>@leveled_inker:open_all_manifest/2:1269 log_ref=i0011 db_id=5 Manifest is empty, starting from manifest SQN 1
2026-09-11 20:00:20.511027+09:00 [info] <0.788.0>@leveled_inker:open_all_manifest/2:1269 log_ref=i0011 db_id=6 Manifest is empty, starting from manifest SQN 1
2026-09-11 20:00:20.511088+09:00 [info] <0.785.0>@leveled_inker:open_all_manifest/2:1269 log_ref=i0011 db_id=4 Manifest is empty, starting from manifest SQN 1
2026-09-11 20:00:20.511132+09:00 [info] <0.786.0>@leveled_inker:open_all_manifest/2:1269 log_ref=i0011 db_id=3 Manifest is empty, starting from manifest SQN 1
2026-09-11 20:00:20.511158+09:00 [info] <0.789.0>@leveled_inker:open_all_manifest/2:1269 log_ref=i0011 db_id=0 Manifest is empty, starting from manifest SQN 1
2026-09-11 20:00:20.511148+09:00 [info] <0.787.0>@leveled_inker:open_all_manifest/2:1269 log_ref=i0011 db_id=1 Manifest is empty, starting from manifest SQN 1
2026-09-11 20:00:20.525881+09:00 [info] <0.778.0>@leveled_monitor:handle_cast/2:534 log_ref=b0015 db_id=7 Put timing with sample_count=0 ink_time=0 prep_time=0 mem_time=0 with total_object_size=0 with sample_period=0 seconds
2026-09-11 20:00:20.526489+09:00 [info] <0.801.0>@leveled_cdb:starting/3:479 log_ref=cdb01 db_id=3 Opening file for writing with filename /var/lib/riak/leveled/548063113999088594326381812268606132370974703616/journal/journal_files/0_56ad784b-9878-4f29-bf5e-3bd683ffbccb.pnd
2026-09-11 20:00:20.526481+09:00 [info] <0.802.0>@leveled_cdb:starting/3:479 log_ref=cdb01 db_id=5 Opening file for writing with filename /var/lib/riak/leveled/913438523331814323877303020447676887284957839360/journal/journal_files/0_b90cf204-699f-48a0-9547-841cbaef2e05.pnd
2026-09-11 20:00:20.526738+09:00 [info] <0.800.0>@leveled_cdb:starting/3:479 log_ref=cdb01 db_id=6 Opening file for writing with filename /var/lib/riak/leveled/1096126227998177188652763624537212264741949407232/journal/journal_files/0_ccaa3d8f-5740-4ece-a2d8-9255e485e649.pnd
2026-09-11 20:00:20.526649+09:00 [info] <0.803.0>@leveled_cdb:starting/3:479 log_ref=cdb01 db_id=2 Opening file for writing with filename /var/lib/riak/leveled/365375409332725729550921208179070754913983135744/journal/journal_files/0_52c4de7e-de82-496c-8fe8-5e3776a761ab.pnd
2026-09-11 20:00:20.526818+09:00 [info] <0.806.0>@leveled_cdb:starting/3:479 log_ref=cdb01 db_id=1 Opening file for writing with filename /var/lib/riak/leveled/182687704666362864775460604089535377456991567872/journal/journal_files/0_e312088b-f6cb-43ca-95dd-ed389f9e7df2.pnd
2026-09-11 20:00:20.526874+09:00 [info] <0.804.0>@leveled_cdb:starting/3:479 log_ref=cdb01 db_id=0 Opening file for writing with filename /var/lib/riak/leveled/0/journal/journal_files/0_72098206-74dc-4e76-ae29-43fc83028b44.pnd
2026-09-11 20:00:20.526761+09:00 [info] <0.805.0>@leveled_cdb:starting/3:479 log_ref=cdb01 db_id=7 Opening file for writing with filename /var/lib/riak/leveled/1278813932664540053428224228626747642198940975104/journal/journal_files/0_e4949f67-d5cd-4523-890f-67decd2131ac.pnd
2026-09-11 20:00:20.526846+09:00 [info] <0.799.0>@leveled_cdb:starting/3:479 log_ref=cdb01 db_id=4 Opening file for writing with filename /var/lib/riak/leveled/730750818665451459101842416358141509827966271488/journal/journal_files/0_d00e7c82-4676-4bd7-9d8f-bcd39a4d5192.pnd
2026-09-11 20:00:20.527563+09:00 [info] <0.786.0>@leveled_inker:build_manifest/3:1238 log_ref=i0009 db_id=3 Updated manifest on startup:
2026-09-11 20:00:20.527557+09:00 [info] <0.788.0>@leveled_inker:build_manifest/3:1238 log_ref=i0009 db_id=6 Updated manifest on startup:
2026-09-11 20:00:20.527559+09:00 [info] <0.787.0>@leveled_inker:build_manifest/3:1238 log_ref=i0009 db_id=1 Updated manifest on startup:
2026-09-11 20:00:20.527743+09:00 [info] <0.782.0>@leveled_inker:build_manifest/3:1238 log_ref=i0009 db_id=5 Updated manifest on startup:
2026-09-11 20:00:20.527714+09:00 [info] <0.784.0>@leveled_inker:build_manifest/3:1238 log_ref=i0009 db_id=7 Updated manifest on startup:
2026-09-11 20:00:20.527752+09:00 [info] <0.783.0>@leveled_inker:build_manifest/3:1238 log_ref=i0009 db_id=2 Updated manifest on startup:
2026-09-11 20:00:20.528037+09:00 [info] <0.785.0>@leveled_inker:build_manifest/3:1238 log_ref=i0009 db_id=4 Updated manifest on startup:
2026-09-11 20:00:20.528234+09:00 [info] <0.783.0>@leveled_imanifest:writer/3:187 log_ref=i0016 db_id=2 Writing new version of manifest for manifestSQN=2
2026-09-11 20:00:20.528374+09:00 [info] <0.786.0>@leveled_imanifest:writer/3:187 log_ref=i0016 db_id=3 Writing new version of manifest for manifestSQN=2
2026-09-11 20:00:20.528394+09:00 [info] <0.788.0>@leveled_imanifest:writer/3:187 log_ref=i0016 db_id=6 Writing new version of manifest for manifestSQN=2
2026-09-11 20:00:20.528473+09:00 [info] <0.787.0>@leveled_imanifest:writer/3:187 log_ref=i0016 db_id=1 Writing new version of manifest for manifestSQN=2
2026-09-11 20:00:20.528508+09:00 [info] <0.782.0>@leveled_imanifest:writer/3:187 log_ref=i0016 db_id=5 Writing new version of manifest for manifestSQN=2
2026-09-11 20:00:20.528593+09:00 [info] <0.784.0>@leveled_imanifest:writer/3:187 log_ref=i0016 db_id=7 Writing new version of manifest for manifestSQN=2
2026-09-11 20:00:20.528592+09:00 [info] <0.785.0>@leveled_imanifest:writer/3:187 log_ref=i0016 db_id=4 Writing new version of manifest for manifestSQN=2
2026-09-11 20:00:20.529974+09:00 [info] <0.789.0>@leveled_inker:build_manifest/3:1238 log_ref=i0009 db_id=0 Updated manifest on startup:
2026-09-11 20:00:20.530249+09:00 [info] <0.789.0>@leveled_imanifest:writer/3:187 log_ref=i0016 db_id=0 Writing new version of manifest for manifestSQN=2
2026-09-11 20:00:20.541010+09:00 [info] <0.809.0>@leveled_pclerk:clerk_new/3:78 log_ref=pc001 db_id=3 Penciller's clerk <0.812.0> started with owner <0.809.0>
2026-09-11 20:00:20.542071+09:00 [info] <0.808.0>@leveled_pclerk:clerk_new/3:78 log_ref=pc001 db_id=2 Penciller's clerk <0.810.0> started with owner <0.808.0>
2026-09-11 20:00:20.542359+09:00 [info] <0.813.0>@leveled_pclerk:clerk_new/3:78 log_ref=pc001 db_id=0 Penciller's clerk <0.814.0> started with owner <0.813.0>
2026-09-11 20:00:20.542495+09:00 [info] <0.807.0>@leveled_pclerk:clerk_new/3:78 log_ref=pc001 db_id=1 Penciller's clerk <0.811.0> started with owner <0.807.0>
2026-09-11 20:00:20.542692+09:00 [info] <0.815.0>@leveled_pclerk:clerk_new/3:78 log_ref=pc001 db_id=5 Penciller's clerk <0.816.0> started with owner <0.815.0>
2026-09-11 20:00:20.542814+09:00 [info] <0.817.0>@leveled_pclerk:clerk_new/3:78 log_ref=pc001 db_id=6 Penciller's clerk <0.818.0> started with owner <0.817.0>
2026-09-11 20:00:20.542910+09:00 [info] <0.819.0>@leveled_pclerk:clerk_new/3:78 log_ref=pc001 db_id=4 Penciller's clerk <0.820.0> started with owner <0.819.0>
2026-09-11 20:00:20.543012+09:00 [info] <0.821.0>@leveled_pclerk:clerk_new/3:78 log_ref=pc001 db_id=7 Penciller's clerk <0.822.0> started with owner <0.821.0>
2026-09-11 20:00:20.550676+09:00 [info] <0.819.0>@leveled_pmanifest:open_manifestfile/2:1180 log_ref=p0013 db_id=4 Seqence number of 0 indicates no valid manifest
2026-09-11 20:00:20.550764+09:00 [info] <0.821.0>@leveled_pmanifest:open_manifestfile/2:1180 log_ref=p0013 db_id=7 Seqence number of 0 indicates no valid manifest
2026-09-11 20:00:20.550814+09:00 [info] <0.817.0>@leveled_pmanifest:open_manifestfile/2:1180 log_ref=p0013 db_id=6 Seqence number of 0 indicates no valid manifest
2026-09-11 20:00:20.551107+09:00 [info] <0.815.0>@leveled_pmanifest:open_manifestfile/2:1180 log_ref=p0013 db_id=5 Seqence number of 0 indicates no valid manifest
2026-09-11 20:00:20.551293+09:00 [info] <0.807.0>@leveled_pmanifest:open_manifestfile/2:1180 log_ref=p0013 db_id=1 Seqence number of 0 indicates no valid manifest
2026-09-11 20:00:20.551540+09:00 [info] <0.813.0>@leveled_pmanifest:open_manifestfile/2:1180 log_ref=p0013 db_id=0 Seqence number of 0 indicates no valid manifest
2026-09-11 20:00:20.551800+09:00 [info] <0.809.0>@leveled_pmanifest:open_manifestfile/2:1180 log_ref=p0013 db_id=3 Seqence number of 0 indicates no valid manifest
2026-09-11 20:00:20.551589+09:00 [info] <0.808.0>@leveled_pmanifest:open_manifestfile/2:1180 log_ref=p0013 db_id=2 Seqence number of 0 indicates no valid manifest
2026-09-11 20:00:20.553996+09:00 [info] <0.817.0>@leveled_penciller:start_from_file/1:1508 log_ref=p0014 db_id=6 Maximum sequence number of 0 found in nonzero levels
2026-09-11 20:00:20.554112+09:00 [info] <0.815.0>@leveled_penciller:start_from_file/1:1508 log_ref=p0014 db_id=5 Maximum sequence number of 0 found in nonzero levels
2026-09-11 20:00:20.553975+09:00 [info] <0.808.0>@leveled_penciller:start_from_file/1:1508 log_ref=p0014 db_id=2 Maximum sequence number of 0 found in nonzero levels
2026-09-11 20:00:20.554056+09:00 [info] <0.819.0>@leveled_penciller:start_from_file/1:1508 log_ref=p0014 db_id=4 Maximum sequence number of 0 found in nonzero levels
2026-09-11 20:00:20.554134+09:00 [info] <0.807.0>@leveled_penciller:start_from_file/1:1508 log_ref=p0014 db_id=1 Maximum sequence number of 0 found in nonzero levels
2026-09-11 20:00:20.554163+09:00 [info] <0.813.0>@leveled_penciller:start_from_file/1:1508 log_ref=p0014 db_id=0 Maximum sequence number of 0 found in nonzero levels
2026-09-11 20:00:20.554099+09:00 [info] <0.821.0>@leveled_penciller:start_from_file/1:1508 log_ref=p0014 db_id=7 Maximum sequence number of 0 found in nonzero levels
2026-09-11 20:00:20.554208+09:00 [info] <0.809.0>@leveled_penciller:start_from_file/1:1508 log_ref=p0014 db_id=3 Maximum sequence number of 0 found in nonzero levels
2026-09-11 20:00:20.554220+09:00 [info] <0.817.0>@leveled_penciller:start_from_file/1:1510 log_ref=p0035 db_id=6 Startup with Manifest SQN of 0
2026-09-11 20:00:20.554270+09:00 [info] <0.819.0>@leveled_penciller:start_from_file/1:1510 log_ref=p0035 db_id=4 Startup with Manifest SQN of 0
2026-09-11 20:00:20.554257+09:00 [info] <0.808.0>@leveled_penciller:start_from_file/1:1510 log_ref=p0035 db_id=2 Startup with Manifest SQN of 0
2026-09-11 20:00:20.554280+09:00 [info] <0.807.0>@leveled_penciller:start_from_file/1:1510 log_ref=p0035 db_id=1 Startup with Manifest SQN of 0
2026-09-11 20:00:20.554241+09:00 [info] <0.815.0>@leveled_penciller:start_from_file/1:1510 log_ref=p0035 db_id=5 Startup with Manifest SQN of 0
2026-09-11 20:00:20.554292+09:00 [info] <0.821.0>@leveled_penciller:start_from_file/1:1510 log_ref=p0035 db_id=7 Startup with Manifest SQN of 0
2026-09-11 20:00:20.554288+09:00 [info] <0.813.0>@leveled_penciller:start_from_file/1:1510 log_ref=p0035 db_id=0 Startup with Manifest SQN of 0
2026-09-11 20:00:20.554409+09:00 [info] <0.809.0>@leveled_penciller:start_from_file/1:1510 log_ref=p0035 db_id=3 Startup with Manifest SQN of 0
2026-09-11 20:00:20.557001+09:00 [info] <0.819.0>@leveled_penciller:start_from_file/1:1538 log_ref=p0017 db_id=4 No L0 file found
2026-09-11 20:00:20.557379+09:00 [info] <0.817.0>@leveled_penciller:start_from_file/1:1538 log_ref=p0017 db_id=6 No L0 file found
2026-09-11 20:00:20.557759+09:00 [info] <0.807.0>@leveled_penciller:start_from_file/1:1538 log_ref=p0017 db_id=1 No L0 file found
2026-09-11 20:00:20.557695+09:00 [info] <0.808.0>@leveled_penciller:start_from_file/1:1538 log_ref=p0017 db_id=2 No L0 file found
2026-09-11 20:00:20.557818+09:00 [info] <0.813.0>@leveled_penciller:start_from_file/1:1538 log_ref=p0017 db_id=0 No L0 file found
2026-09-11 20:00:20.557960+09:00 [info] <0.821.0>@leveled_penciller:start_from_file/1:1538 log_ref=p0017 db_id=7 No L0 file found
2026-09-11 20:00:20.558056+09:00 [info] <0.815.0>@leveled_penciller:start_from_file/1:1538 log_ref=p0017 db_id=5 No L0 file found
2026-09-11 20:00:20.558103+09:00 [info] <0.809.0>@leveled_penciller:start_from_file/1:1538 log_ref=p0017 db_id=3 No L0 file found
2026-09-11 20:00:20.558475+09:00 [info] <0.766.0>@leveled_bookie:startup/2:1993 log_ref=b0005 db_id=4 LedgerSQN=0 at startup
2026-09-11 20:00:20.558640+09:00 [info] <0.768.0>@leveled_bookie:startup/2:1993 log_ref=b0005 db_id=2 LedgerSQN=0 at startup
2026-09-11 20:00:20.558651+09:00 [info] <0.773.0>@leveled_bookie:startup/2:1993 log_ref=b0005 db_id=1 LedgerSQN=0 at startup
2026-09-11 20:00:20.558809+09:00 [info] <0.772.0>@leveled_bookie:startup/2:1993 log_ref=b0005 db_id=6 LedgerSQN=0 at startup
2026-09-11 20:00:20.558974+09:00 [info] <0.770.0>@leveled_bookie:startup/2:1993 log_ref=b0005 db_id=0 LedgerSQN=0 at startup
2026-09-11 20:00:20.559045+09:00 [info] <0.769.0>@leveled_bookie:startup/2:1993 log_ref=b0005 db_id=7 LedgerSQN=0 at startup
2026-09-11 20:00:20.559057+09:00 [info] <0.771.0>@leveled_bookie:startup/2:1993 log_ref=b0005 db_id=5 LedgerSQN=0 at startup
2026-09-11 20:00:20.559185+09:00 [info] <0.767.0>@leveled_bookie:startup/2:1993 log_ref=b0005 db_id=3 LedgerSQN=0 at startup
2026-09-11 20:00:20.561391+09:00 [info] <0.782.0>@leveled_bookie:startup/2:2004 log_ref=i0014 db_id=5 On startup loading from filename /var/lib/riak/leveled/913438523331814323877303020447676887284957839360/journal/journal_files/0_b90cf204-699f-48a0-9547-841cbaef2e05 from SQN 1
2026-09-11 20:00:20.561519+09:00 [info] <0.789.0>@leveled_bookie:startup/2:2004 log_ref=i0014 db_id=0 On startup loading from filename /var/lib/riak/leveled/0/journal/journal_files/0_72098206-74dc-4e76-ae29-43fc83028b44 from SQN 1
2026-09-11 20:00:20.561387+09:00 [info] <0.786.0>@leveled_bookie:startup/2:2004 log_ref=i0014 db_id=3 On startup loading from filename /var/lib/riak/leveled/548063113999088594326381812268606132370974703616/journal/journal_files/0_56ad784b-9878-4f29-bf5e-3bd683ffbccb from SQN 1
2026-09-11 20:00:20.561486+09:00 [info] <0.787.0>@leveled_bookie:startup/2:2004 log_ref=i0014 db_id=1 On startup loading from filename /var/lib/riak/leveled/182687704666362864775460604089535377456991567872/journal/journal_files/0_e312088b-f6cb-43ca-95dd-ed389f9e7df2 from SQN 1
2026-09-11 20:00:20.561526+09:00 [info] <0.783.0>@leveled_bookie:startup/2:2004 log_ref=i0014 db_id=2 On startup loading from filename /var/lib/riak/leveled/365375409332725729550921208179070754913983135744/journal/journal_files/0_52c4de7e-de82-496c-8fe8-5e3776a761ab from SQN 1
2026-09-11 20:00:20.561610+09:00 [info] <0.785.0>@leveled_bookie:startup/2:2004 log_ref=i0014 db_id=4 On startup loading from filename /var/lib/riak/leveled/730750818665451459101842416358141509827966271488/journal/journal_files/0_d00e7c82-4676-4bd7-9d8f-bcd39a4d5192 from SQN 1
2026-09-11 20:00:20.561413+09:00 [info] <0.784.0>@leveled_bookie:startup/2:2004 log_ref=i0014 db_id=7 On startup loading from filename /var/lib/riak/leveled/1278813932664540053428224228626747642198940975104/journal/journal_files/0_e4949f67-d5cd-4523-890f-67decd2131ac from SQN 1
2026-09-11 20:00:20.561570+09:00 [info] <0.788.0>@leveled_bookie:startup/2:2004 log_ref=i0014 db_id=6 On startup loading from filename /var/lib/riak/leveled/1096126227998177188652763624537212264741949407232/journal/journal_files/0_ccaa3d8f-5740-4ece-a2d8-9255e485e649 from SQN 1
2026-09-11 20:00:20.561815+09:00 [info] <0.773.0>@leveled_bookie:init/1:1409 log_ref=b0001 db_id=1 Bookie starting with Ink <0.787.0> Pcl <0.807.0>
2026-09-11 20:00:20.561868+09:00 [info] <0.769.0>@leveled_bookie:init/1:1409 log_ref=b0001 db_id=7 Bookie starting with Ink <0.784.0> Pcl <0.821.0>
2026-09-11 20:00:20.561978+09:00 [info] <0.766.0>@leveled_bookie:init/1:1409 log_ref=b0001 db_id=4 Bookie starting with Ink <0.785.0> Pcl <0.819.0>
2026-09-11 20:00:20.562054+09:00 [info] <0.742.0>@riak_kv_leveled_backend:schedule_journalcompaction/4:903 Schedule compaction for interval 4816 on partition 182687704666362864775460604089535377456991567872
2026-09-11 20:00:20.562019+09:00 [info] <0.768.0>@leveled_bookie:init/1:1409 log_ref=b0001 db_id=2 Bookie starting with Ink <0.783.0> Pcl <0.808.0>
2026-09-11 20:00:20.562054+09:00 [info] <0.740.0>@riak_kv_leveled_backend:schedule_journalcompaction/4:903 Schedule compaction for interval 1161 on partition 1278813932664540053428224228626747642198940975104
2026-09-11 20:00:20.562143+09:00 [info] <0.772.0>@leveled_bookie:init/1:1409 log_ref=b0001 db_id=6 Bookie starting with Ink <0.788.0> Pcl <0.817.0>
2026-09-11 20:00:20.562138+09:00 [info] <0.767.0>@leveled_bookie:init/1:1409 log_ref=b0001 db_id=3 Bookie starting with Ink <0.786.0> Pcl <0.809.0>
2026-09-11 20:00:20.562026+09:00 [info] <0.771.0>@leveled_bookie:init/1:1409 log_ref=b0001 db_id=5 Bookie starting with Ink <0.782.0> Pcl <0.815.0>
2026-09-11 20:00:20.562263+09:00 [info] <0.744.0>@riak_kv_leveled_backend:schedule_journalcompaction/4:903 Schedule compaction for interval 4906 on partition 1096126227998177188652763624537212264741949407232
2026-09-11 20:00:20.562131+09:00 [info] <0.747.0>@riak_kv_leveled_backend:schedule_journalcompaction/4:903 Schedule compaction for interval 2078 on partition 730750818665451459101842416358141509827966271488
2026-09-11 20:00:20.562226+09:00 [info] <0.746.0>@riak_kv_leveled_backend:schedule_journalcompaction/4:903 Schedule compaction for interval 4475 on partition 365375409332725729550921208179070754913983135744
2026-09-11 20:00:20.562326+09:00 [info] <0.745.0>@riak_kv_leveled_backend:schedule_journalcompaction/4:903 Schedule compaction for interval 5013 on partition 913438523331814323877303020447676887284957839360
2026-09-11 20:00:20.562321+09:00 [info] <0.743.0>@riak_kv_leveled_backend:schedule_journalcompaction/4:903 Schedule compaction for interval 1230 on partition 548063113999088594326381812268606132370974703616
2026-09-11 20:00:20.562573+09:00 [info] <0.770.0>@leveled_bookie:init/1:1409 log_ref=b0001 db_id=0 Bookie starting with Ink <0.789.0> Pcl <0.813.0>
2026-09-11 20:00:20.562662+09:00 [info] <0.741.0>@riak_kv_leveled_backend:schedule_journalcompaction/4:903 Schedule compaction for interval 1057 on partition 0
2026-09-11 20:00:20.589763+09:00 [info] <0.838.0>@aae_controller:init/1:674 log_ref=aae02 Native KeyStore type leveled_nko startup request
2026-09-11 20:00:20.589935+09:00 [info] <0.831.0>@aae_controller:init/1:674 log_ref=aae02 Native KeyStore type leveled_nko startup request
2026-09-11 20:00:20.589772+09:00 [info] <0.834.0>@aae_controller:init/1:674 log_ref=aae02 Native KeyStore type leveled_nko startup request
2026-09-11 20:00:20.589764+09:00 [info] <0.835.0>@aae_controller:init/1:674 log_ref=aae02 Native KeyStore type leveled_nko startup request
2026-09-11 20:00:20.589992+09:00 [info] <0.836.0>@aae_controller:init/1:674 log_ref=aae02 Native KeyStore type leveled_nko startup request
2026-09-11 20:00:20.589998+09:00 [info] <0.837.0>@aae_controller:init/1:674 log_ref=aae02 Native KeyStore type leveled_nko startup request
2026-09-11 20:00:20.590048+09:00 [info] <0.832.0>@aae_controller:init/1:674 log_ref=aae02 Native KeyStore type leveled_nko startup request
2026-09-11 20:00:20.590015+09:00 [info] <0.833.0>@aae_controller:init/1:674 log_ref=aae02 Native KeyStore type leveled_nko startup request
2026-09-11 20:00:20.590332+09:00 [warning] <0.840.0>@aae_keystore:open_manifest/1:1526 log_ref=ks002 No valid manifest found for AAE keystore at /var/lib/riak/tictac_aae/548063113999088594326381812268606132370974703616/leveled_nko/keystore reason not_present
2026-09-11 20:00:20.590306+09:00 [warning] <0.839.0>@aae_keystore:open_manifest/1:1526 log_ref=ks002 No valid manifest found for AAE keystore at /var/lib/riak/tictac_aae/730750818665451459101842416358141509827966271488/leveled_nko/keystore reason not_present
2026-09-11 20:00:20.590384+09:00 [warning] <0.842.0>@aae_keystore:open_manifest/1:1526 log_ref=ks002 No valid manifest found for AAE keystore at /var/lib/riak/tictac_aae/913438523331814323877303020447676887284957839360/leveled_nko/keystore reason not_present
2026-09-11 20:00:20.590650+09:00 [warning] <0.841.0>@aae_keystore:open_manifest/1:1526 log_ref=ks002 No valid manifest found for AAE keystore at /var/lib/riak/tictac_aae/1096126227998177188652763624537212264741949407232/leveled_nko/keystore reason not_present
2026-09-11 20:00:20.590676+09:00 [warning] <0.846.0>@aae_keystore:open_manifest/1:1526 log_ref=ks002 No valid manifest found for AAE keystore at /var/lib/riak/tictac_aae/182687704666362864775460604089535377456991567872/leveled_nko/keystore reason not_present
2026-09-11 20:00:20.590787+09:00 [warning] <0.845.0>@aae_keystore:open_manifest/1:1526 log_ref=ks002 No valid manifest found for AAE keystore at /var/lib/riak/tictac_aae/0/leveled_nko/keystore reason not_present
2026-09-11 20:00:20.590750+09:00 [warning] <0.844.0>@aae_keystore:open_manifest/1:1526 log_ref=ks002 No valid manifest found for AAE keystore at /var/lib/riak/tictac_aae/365375409332725729550921208179070754913983135744/leveled_nko/keystore reason not_present
2026-09-11 20:00:20.590828+09:00 [warning] <0.843.0>@aae_keystore:open_manifest/1:1526 log_ref=ks002 No valid manifest found for AAE keystore at /var/lib/riak/tictac_aae/1278813932664540053428224228626747642198940975104/leveled_nko/keystore reason not_present
2026-09-11 20:00:20.604636+09:00 [info] <0.854.0>@aae_treecache:init/1:224 log_ref=c0005 Starting cache with is_restored=false and IndexN of {182687704666362864775460604089535377456991567872,3}
2026-09-11 20:00:20.604780+09:00 [info] <0.849.0>@aae_treecache:init/1:224 log_ref=c0005 Starting cache with is_restored=false and IndexN of {365375409332725729550921208179070754913983135744,3}
2026-09-11 20:00:20.604636+09:00 [info] <0.848.0>@aae_treecache:init/1:224 log_ref=c0005 Starting cache with is_restored=false and IndexN of {1096126227998177188652763624537212264741949407232,3}
2026-09-11 20:00:20.604838+09:00 [info] <0.847.0>@aae_treecache:init/1:224 log_ref=c0005 Starting cache with is_restored=false and IndexN of {913438523331814323877303020447676887284957839360,3}
2026-09-11 20:00:20.604849+09:00 [info] <0.853.0>@aae_treecache:init/1:224 log_ref=c0005 Starting cache with is_restored=false and IndexN of {730750818665451459101842416358141509827966271488,3}
2026-09-11 20:00:20.604880+09:00 [info] <0.850.0>@aae_treecache:init/1:224 log_ref=c0005 Starting cache with is_restored=false and IndexN of {548063113999088594326381812268606132370974703616,3}
2026-09-11 20:00:20.604781+09:00 [info] <0.852.0>@aae_treecache:init/1:224 log_ref=c0005 Starting cache with is_restored=false and IndexN of {0,3}
2026-09-11 20:00:20.604961+09:00 [info] <0.851.0>@aae_treecache:init/1:224 log_ref=c0005 Starting cache with is_restored=false and IndexN of {1278813932664540053428224228626747642198940975104,3}
2026-09-11 20:00:20.607995+09:00 [info] <0.857.0>@aae_treecache:init/1:224 log_ref=c0005 Starting cache with is_restored=false and IndexN of {1278813932664540053428224228626747642198940975104,3}
2026-09-11 20:00:20.608206+09:00 [info] <0.859.0>@aae_treecache:init/1:224 log_ref=c0005 Starting cache with is_restored=false and IndexN of {730750818665451459101842416358141509827966271488,3}
2026-09-11 20:00:20.608497+09:00 [info] <0.860.0>@aae_treecache:init/1:224 log_ref=c0005 Starting cache with is_restored=false and IndexN of {182687704666362864775460604089535377456991567872,3}
2026-09-11 20:00:20.608471+09:00 [info] <0.858.0>@aae_treecache:init/1:224 log_ref=c0005 Starting cache with is_restored=false and IndexN of {913438523331814323877303020447676887284957839360,3}
2026-09-11 20:00:20.608555+09:00 [info] <0.855.0>@aae_treecache:init/1:224 log_ref=c0005 Starting cache with is_restored=false and IndexN of {365375409332725729550921208179070754913983135744,3}
2026-09-11 20:00:20.608700+09:00 [info] <0.861.0>@aae_treecache:init/1:224 log_ref=c0005 Starting cache with is_restored=false and IndexN of {0,3}
2026-09-11 20:00:20.608830+09:00 [info] <0.856.0>@aae_treecache:init/1:224 log_ref=c0005 Starting cache with is_restored=false and IndexN of {548063113999088594326381812268606132370974703616,3}
2026-09-11 20:00:20.608942+09:00 [info] <0.862.0>@aae_treecache:init/1:224 log_ref=c0005 Starting cache with is_restored=false and IndexN of {1096126227998177188652763624537212264741949407232,3}
2026-09-11 20:00:20.610324+09:00 [info] <0.864.0>@aae_treecache:init/1:224 log_ref=c0005 Starting cache with is_restored=false and IndexN of {913438523331814323877303020447676887284957839360,3}
2026-09-11 20:00:20.610386+09:00 [info] <0.863.0>@aae_treecache:init/1:224 log_ref=c0005 Starting cache with is_restored=false and IndexN of {0,3}
2026-09-11 20:00:20.610509+09:00 [info] <0.865.0>@aae_treecache:init/1:224 log_ref=c0005 Starting cache with is_restored=false and IndexN of {365375409332725729550921208179070754913983135744,3}
2026-09-11 20:00:20.610558+09:00 [info] <0.867.0>@aae_treecache:init/1:224 log_ref=c0005 Starting cache with is_restored=false and IndexN of {548063113999088594326381812268606132370974703616,3}
2026-09-11 20:00:20.610670+09:00 [info] <0.866.0>@aae_treecache:init/1:224 log_ref=c0005 Starting cache with is_restored=false and IndexN of {1096126227998177188652763624537212264741949407232,3}
2026-09-11 20:00:20.612248+09:00 [info] <0.869.0>@aae_treecache:init/1:224 log_ref=c0005 Starting cache with is_restored=false and IndexN of {730750818665451459101842416358141509827966271488,3}
2026-09-11 20:00:20.612248+09:00 [info] <0.868.0>@aae_treecache:init/1:224 log_ref=c0005 Starting cache with is_restored=false and IndexN of {182687704666362864775460604089535377456991567872,3}
2026-09-11 20:00:20.612531+09:00 [info] <0.870.0>@aae_treecache:init/1:224 log_ref=c0005 Starting cache with is_restored=false and IndexN of {1278813932664540053428224228626747642198940975104,3}
2026-09-11 20:00:20.613130+09:00 [info] <0.834.0>@aae_controller:init/1:719 log_ref=aae10 AAE controller started with IndexNs [{730750818665451459101842416358141509827966271488,3},{913438523331814323877303020447676887284957839360,3},{1096126227998177188652763624537212264741949407232,3}] and StoreType {native,leveled_nko,<0.772.0>}
2026-09-11 20:00:20.613200+09:00 [info] <0.833.0>@aae_controller:init/1:719 log_ref=aae10 AAE controller started with IndexNs [{1278813932664540053428224228626747642198940975104,3},{0,3},{182687704666362864775460604089535377456991567872,3}] and StoreType {native,leveled_nko,<0.773.0>}
2026-09-11 20:00:20.613273+09:00 [info] <0.835.0>@aae_controller:init/1:719 log_ref=aae10 AAE controller started with IndexNs [{913438523331814323877303020447676887284957839360,3},{1096126227998177188652763624537212264741949407232,3},{1278813932664540053428224228626747642198940975104,3}] and StoreType {native,leveled_nko,<0.769.0>}
2026-09-11 20:00:20.613362+09:00 [info] <0.837.0>@aae_controller:init/1:719 log_ref=aae10 AAE controller started with IndexNs [{0,3},{182687704666362864775460604089535377456991567872,3},{365375409332725729550921208179070754913983135744,3}] and StoreType {native,leveled_nko,<0.768.0>}
2026-09-11 20:00:20.613169+09:00 [info] <0.832.0>@aae_controller:init/1:719 log_ref=aae10 AAE controller started with IndexNs [{1096126227998177188652763624537212264741949407232,3},{1278813932664540053428224228626747642198940975104,3},{0,3}] and StoreType {native,leveled_nko,<0.770.0>}
2026-09-11 20:00:20.613349+09:00 [info] <0.836.0>@aae_controller:init/1:719 log_ref=aae10 AAE controller started with IndexNs [{548063113999088594326381812268606132370974703616,3},{730750818665451459101842416358141509827966271488,3},{913438523331814323877303020447676887284957839360,3}] and StoreType {native,leveled_nko,<0.771.0>}
2026-09-11 20:00:20.613408+09:00 [info] <0.744.0>@riak_kv_vnode:maybe_start_aaecontroller/2:402 AAE Controller started with pid=<0.834.0>
2026-09-11 20:00:20.613351+09:00 [info] <0.742.0>@riak_kv_vnode:maybe_start_aaecontroller/2:402 AAE Controller started with pid=<0.833.0>
2026-09-11 20:00:20.613480+09:00 [info] <0.741.0>@riak_kv_vnode:maybe_start_aaecontroller/2:402 AAE Controller started with pid=<0.832.0>
2026-09-11 20:00:20.613258+09:00 [info] <0.831.0>@aae_controller:init/1:719 log_ref=aae10 AAE controller started with IndexNs [{182687704666362864775460604089535377456991567872,3},{365375409332725729550921208179070754913983135744,3},{548063113999088594326381812268606132370974703616,3}] and StoreType {native,leveled_nko,<0.767.0>}
2026-09-11 20:00:20.613394+09:00 [info] <0.838.0>@aae_controller:init/1:719 log_ref=aae10 AAE controller started with IndexNs [{365375409332725729550921208179070754913983135744,3},{548063113999088594326381812268606132370974703616,3},{730750818665451459101842416358141509827966271488,3}] and StoreType {native,leveled_nko,<0.766.0>}
2026-09-11 20:00:20.613494+09:00 [info] <0.746.0>@riak_kv_vnode:maybe_start_aaecontroller/2:402 AAE Controller started with pid=<0.837.0>
2026-09-11 20:00:20.613515+09:00 [info] <0.745.0>@riak_kv_vnode:maybe_start_aaecontroller/2:402 AAE Controller started with pid=<0.836.0>
2026-09-11 20:00:20.613466+09:00 [info] <0.740.0>@riak_kv_vnode:maybe_start_aaecontroller/2:402 AAE Controller started with pid=<0.835.0>
2026-09-11 20:00:20.613553+09:00 [info] <0.743.0>@riak_kv_vnode:maybe_start_aaecontroller/2:402 AAE Controller started with pid=<0.831.0>
2026-09-11 20:00:20.613560+09:00 [info] <0.747.0>@riak_kv_vnode:maybe_start_aaecontroller/2:402 AAE Controller started with pid=<0.838.0>
2026-09-11 20:00:20.615212+09:00 [info] <0.739.0>@riak_core_vnode_manager:get_vnode/3:743 VNode initialization ready <0.740.0> 1278813932664540053428224228626747642198940975104 riak_kv_vnode
2026-09-11 20:00:20.615253+09:00 [info] <0.735.0>@riak_core_vnode_manager:get_vnode/3:743 VNode initialization ready <0.743.0> 548063113999088594326381812268606132370974703616 riak_kv_vnode
2026-09-11 20:00:20.615266+09:00 [info] <0.738.0>@riak_core_vnode_manager:get_vnode/3:743 VNode initialization ready <0.744.0> 1096126227998177188652763624537212264741949407232 riak_kv_vnode
2026-09-11 20:00:20.615345+09:00 [info] <0.737.0>@riak_core_vnode_manager:get_vnode/3:743 VNode initialization ready <0.745.0> 913438523331814323877303020447676887284957839360 riak_kv_vnode
2026-09-11 20:00:20.615306+09:00 [info] <0.734.0>@riak_core_vnode_manager:get_vnode/3:743 VNode initialization ready <0.746.0> 365375409332725729550921208179070754913983135744 riak_kv_vnode
2026-09-11 20:00:20.615296+09:00 [info] <0.736.0>@riak_core_vnode_manager:get_vnode/3:743 VNode initialization ready <0.747.0> 730750818665451459101842416358141509827966271488 riak_kv_vnode
2026-09-11 20:00:20.615405+09:00 [info] <0.733.0>@riak_core_vnode_manager:get_vnode/3:743 VNode initialization ready <0.742.0> 182687704666362864775460604089535377456991567872 riak_kv_vnode
2026-09-11 20:00:20.615530+09:00 [info] <0.732.0>@riak_core_vnode_manager:get_vnode/3:743 VNode initialization ready <0.741.0> 0 riak_kv_vnode
2026-09-11 20:00:20.615834+09:00 [info] <0.943.0>@riak_core_vnode_manager:get_vnode/3:733 Will start VNode for partition 182687704666362864775460604089535377456991567872 riak_pipe_vnode
2026-09-11 20:00:20.616405+09:00 [info] <0.943.0>@riak_core_vnode_manager:get_vnode/3:743 VNode initialization ready <0.944.0> 182687704666362864775460604089535377456991567872 riak_pipe_vnode
2026-09-11 20:00:20.616713+09:00 [info] <0.946.0>@riak_core_vnode_manager:get_vnode/3:733 Will start VNode for partition 365375409332725729550921208179070754913983135744 riak_pipe_vnode
2026-09-11 20:00:20.616997+09:00 [info] <0.946.0>@riak_core_vnode_manager:get_vnode/3:743 VNode initialization ready <0.947.0> 365375409332725729550921208179070754913983135744 riak_pipe_vnode
2026-09-11 20:00:20.617194+09:00 [info] <0.949.0>@riak_core_vnode_manager:get_vnode/3:733 Will start VNode for partition 548063113999088594326381812268606132370974703616 riak_pipe_vnode
2026-09-11 20:00:20.617509+09:00 [info] <0.949.0>@riak_core_vnode_manager:get_vnode/3:743 VNode initialization ready <0.950.0> 548063113999088594326381812268606132370974703616 riak_pipe_vnode
2026-09-11 20:00:20.617707+09:00 [info] <0.952.0>@riak_core_vnode_manager:get_vnode/3:733 Will start VNode for partition 730750818665451459101842416358141509827966271488 riak_pipe_vnode
2026-09-11 20:00:20.617986+09:00 [info] <0.952.0>@riak_core_vnode_manager:get_vnode/3:743 VNode initialization ready <0.953.0> 730750818665451459101842416358141509827966271488 riak_pipe_vnode
2026-09-11 20:00:20.618142+09:00 [info] <0.955.0>@riak_core_vnode_manager:get_vnode/3:733 Will start VNode for partition 913438523331814323877303020447676887284957839360 riak_pipe_vnode
2026-09-11 20:00:20.618528+09:00 [info] <0.955.0>@riak_core_vnode_manager:get_vnode/3:743 VNode initialization ready <0.956.0> 913438523331814323877303020447676887284957839360 riak_pipe_vnode
2026-09-11 20:00:20.619039+09:00 [info] <0.958.0>@riak_core_vnode_manager:get_vnode/3:733 Will start VNode for partition 1096126227998177188652763624537212264741949407232 riak_pipe_vnode
2026-09-11 20:00:20.619445+09:00 [info] <0.958.0>@riak_core_vnode_manager:get_vnode/3:743 VNode initialization ready <0.959.0> 1096126227998177188652763624537212264741949407232 riak_pipe_vnode
2026-09-11 20:00:20.619582+09:00 [info] <0.961.0>@riak_core_vnode_manager:get_vnode/3:733 Will start VNode for partition 1278813932664540053428224228626747642198940975104 riak_pipe_vnode
2026-09-11 20:00:20.619828+09:00 [info] <0.961.0>@riak_core_vnode_manager:get_vnode/3:743 VNode initialization ready <0.962.0> 1278813932664540053428224228626747642198940975104 riak_pipe_vnode
2026-09-11 20:00:20.658914+09:00 [info] <0.397.0>@riak_core:wait_for_service/2:492 Wait complete for service riak_kv (9 seconds)
2026-09-11 20:00:20.683008+09:00 [info] <0.617.0>@riak_core:wait_for_service/2:492 Wait complete for service riak_kv (9 seconds)
2026-09-11 20:00:20.693572+09:00 [info] <0.242.0>@riak_core_capability:process_capability_changes/2:557 New capability: {riak_repl,bloom_fold} = true
2026-09-11 20:00:20.701070+09:00 [info] <0.242.0>@riak_core_capability:process_capability_changes/2:557 New capability: {riak_repl,rtq_meta} = true
2026-09-11 20:00:20.708290+09:00 [info] <0.242.0>@riak_core_capability:process_capability_changes/2:557 New capability: {riak_repl,default_bucket_props_hash} = [consistent,datatype,n_val,write_once]
2026-09-11 20:00:20.719973+09:00 [info] <0.617.0>@riak_repl_app:start/2:70 REPL CS block skip disabled
2026-09-11 20:00:20.723829+09:00 [info] <0.967.0>@supervisor:report_progress/2:1582 Supervisor: {local,riak_repl_sup}. Started: id=riak_repl_client_sup,pid=<0.968.0>.
2026-09-11 20:00:20.725116+09:00 [info] <0.967.0>@supervisor:report_progress/2:1582 Supervisor: {local,riak_repl_sup}. Started: id=riak_repl_server_sup,pid=<0.969.0>.
2026-09-11 20:00:20.727780+09:00 [info] <0.967.0>@supervisor:report_progress/2:1582 Supervisor: {local,riak_repl_sup}. Started: id=riak_repl_leader,pid=<0.970.0>.
2026-09-11 20:00:20.732472+09:00 [info] <0.967.0>@supervisor:report_progress/2:1582 Supervisor: {local,riak_repl_sup}. Started: id=riak_repl2_leader,pid=<0.973.0>.
2026-09-11 20:00:20.742245+09:00 [info] <0.975.0>@riak_core_service_mgr:start_link/1:111 Starting Core Service Manager at {"127.0.0.1",9080}
2026-09-11 20:00:20.750441+09:00 [info] <0.973.0>@riak_repl2_leader:become_leader/2:217 Leader2: 'openriak-kv@node-01.cluster-a.openriak' elected as replication leader
2026-09-11 20:00:20.756453+09:00 [info] <0.979.0>@supervisor:report_progress/2:1582 Supervisor: {<0.979.0>,ranch_conns_sup_sup}. Started: id={ranch_conns_sup,1},pid=<0.980.0>.
2026-09-11 20:00:20.756756+09:00 [info] <0.979.0>@supervisor:report_progress/2:1582 Supervisor: {<0.979.0>,ranch_conns_sup_sup}. Started: id={ranch_conns_sup,2},pid=<0.981.0>.
2026-09-11 20:00:20.757007+09:00 [info] <0.979.0>@supervisor:report_progress/2:1582 Supervisor: {<0.979.0>,ranch_conns_sup_sup}. Started: id={ranch_conns_sup,3},pid=<0.982.0>.
2026-09-11 20:00:20.757123+09:00 [info] <0.979.0>@supervisor:report_progress/2:1582 Supervisor: {<0.979.0>,ranch_conns_sup_sup}. Started: id={ranch_conns_sup,4},pid=<0.983.0>.
2026-09-11 20:00:20.757176+09:00 [info] <0.979.0>@supervisor:report_progress/2:1582 Supervisor: {<0.979.0>,ranch_conns_sup_sup}. Started: id={ranch_conns_sup,5},pid=<0.984.0>.
2026-09-11 20:00:20.757257+09:00 [info] <0.979.0>@supervisor:report_progress/2:1582 Supervisor: {<0.979.0>,ranch_conns_sup_sup}. Started: id={ranch_conns_sup,6},pid=<0.985.0>.
2026-09-11 20:00:20.757606+09:00 [info] <0.979.0>@supervisor:report_progress/2:1582 Supervisor: {<0.979.0>,ranch_conns_sup_sup}. Started: id={ranch_conns_sup,7},pid=<0.986.0>.
2026-09-11 20:00:20.757731+09:00 [info] <0.979.0>@supervisor:report_progress/2:1582 Supervisor: {<0.979.0>,ranch_conns_sup_sup}. Started: id={ranch_conns_sup,8},pid=<0.987.0>.
2026-09-11 20:00:20.757786+09:00 [info] <0.979.0>@supervisor:report_progress/2:1582 Supervisor: {<0.979.0>,ranch_conns_sup_sup}. Started: id={ranch_conns_sup,9},pid=<0.988.0>.
2026-09-11 20:00:20.757851+09:00 [info] <0.979.0>@supervisor:report_progress/2:1582 Supervisor: {<0.979.0>,ranch_conns_sup_sup}. Started: id={ranch_conns_sup,10},pid=<0.989.0>.
2026-09-11 20:00:20.757899+09:00 [info] <0.979.0>@supervisor:report_progress/2:1582 Supervisor: {<0.979.0>,ranch_conns_sup_sup}. Started: id={ranch_conns_sup,11},pid=<0.990.0>.
2026-09-11 20:00:20.757961+09:00 [info] <0.979.0>@supervisor:report_progress/2:1582 Supervisor: {<0.979.0>,ranch_conns_sup_sup}. Started: id={ranch_conns_sup,12},pid=<0.991.0>.
2026-09-11 20:00:20.757996+09:00 [info] <0.979.0>@supervisor:report_progress/2:1582 Supervisor: {<0.979.0>,ranch_conns_sup_sup}. Started: id={ranch_conns_sup,13},pid=<0.992.0>.
2026-09-11 20:00:20.758128+09:00 [info] <0.979.0>@supervisor:report_progress/2:1582 Supervisor: {<0.979.0>,ranch_conns_sup_sup}. Started: id={ranch_conns_sup,14},pid=<0.993.0>.
2026-09-11 20:00:20.758179+09:00 [info] <0.979.0>@supervisor:report_progress/2:1582 Supervisor: {<0.979.0>,ranch_conns_sup_sup}. Started: id={ranch_conns_sup,15},pid=<0.994.0>.
2026-09-11 20:00:20.758249+09:00 [info] <0.979.0>@supervisor:report_progress/2:1582 Supervisor: {<0.979.0>,ranch_conns_sup_sup}. Started: id={ranch_conns_sup,16},pid=<0.995.0>.
2026-09-11 20:00:20.758331+09:00 [info] <0.979.0>@supervisor:report_progress/2:1582 Supervisor: {<0.979.0>,ranch_conns_sup_sup}. Started: id={ranch_conns_sup,17},pid=<0.996.0>.
2026-09-11 20:00:20.758402+09:00 [info] <0.979.0>@supervisor:report_progress/2:1582 Supervisor: {<0.979.0>,ranch_conns_sup_sup}. Started: id={ranch_conns_sup,18},pid=<0.997.0>.
2026-09-11 20:00:20.758443+09:00 [info] <0.979.0>@supervisor:report_progress/2:1582 Supervisor: {<0.979.0>,ranch_conns_sup_sup}. Started: id={ranch_conns_sup,19},pid=<0.998.0>.
2026-09-11 20:00:20.758496+09:00 [info] <0.979.0>@supervisor:report_progress/2:1582 Supervisor: {<0.979.0>,ranch_conns_sup_sup}. Started: id={ranch_conns_sup,20},pid=<0.999.0>.
2026-09-11 20:00:20.758575+09:00 [info] <0.979.0>@supervisor:report_progress/2:1582 Supervisor: {<0.979.0>,ranch_conns_sup_sup}. Started: id={ranch_conns_sup,21},pid=<0.1000.0>.
2026-09-11 20:00:20.758666+09:00 [info] <0.979.0>@supervisor:report_progress/2:1582 Supervisor: {<0.979.0>,ranch_conns_sup_sup}. Started: id={ranch_conns_sup,22},pid=<0.1001.0>.
2026-09-11 20:00:20.758712+09:00 [info] <0.979.0>@supervisor:report_progress/2:1582 Supervisor: {<0.979.0>,ranch_conns_sup_sup}. Started: id={ranch_conns_sup,23},pid=<0.1002.0>.
2026-09-11 20:00:20.758778+09:00 [info] <0.979.0>@supervisor:report_progress/2:1582 Supervisor: {<0.979.0>,ranch_conns_sup_sup}. Started: id={ranch_conns_sup,24},pid=<0.1003.0>.
2026-09-11 20:00:20.758816+09:00 [info] <0.979.0>@supervisor:report_progress/2:1582 Supervisor: {<0.979.0>,ranch_conns_sup_sup}. Started: id={ranch_conns_sup,25},pid=<0.1004.0>.
2026-09-11 20:00:20.758869+09:00 [info] <0.979.0>@supervisor:report_progress/2:1582 Supervisor: {<0.979.0>,ranch_conns_sup_sup}. Started: id={ranch_conns_sup,26},pid=<0.1005.0>.
2026-09-11 20:00:20.758915+09:00 [info] <0.979.0>@supervisor:report_progress/2:1582 Supervisor: {<0.979.0>,ranch_conns_sup_sup}. Started: id={ranch_conns_sup,27},pid=<0.1006.0>.
2026-09-11 20:00:20.758979+09:00 [info] <0.979.0>@supervisor:report_progress/2:1582 Supervisor: {<0.979.0>,ranch_conns_sup_sup}. Started: id={ranch_conns_sup,28},pid=<0.1007.0>.
2026-09-11 20:00:20.759021+09:00 [info] <0.979.0>@supervisor:report_progress/2:1582 Supervisor: {<0.979.0>,ranch_conns_sup_sup}. Started: id={ranch_conns_sup,29},pid=<0.1008.0>.
2026-09-11 20:00:20.759536+09:00 [info] <0.979.0>@supervisor:report_progress/2:1582 Supervisor: {<0.979.0>,ranch_conns_sup_sup}. Started: id={ranch_conns_sup,30},pid=<0.1009.0>.
2026-09-11 20:00:20.759689+09:00 [info] <0.979.0>@supervisor:report_progress/2:1582 Supervisor: {<0.979.0>,ranch_conns_sup_sup}. Started: id={ranch_conns_sup,31},pid=<0.1010.0>.
2026-09-11 20:00:20.759758+09:00 [info] <0.979.0>@supervisor:report_progress/2:1582 Supervisor: {<0.979.0>,ranch_conns_sup_sup}. Started: id={ranch_conns_sup,32},pid=<0.1011.0>.
2026-09-11 20:00:20.759824+09:00 [info] <0.979.0>@supervisor:report_progress/2:1582 Supervisor: {<0.979.0>,ranch_conns_sup_sup}. Started: id={ranch_conns_sup,33},pid=<0.1012.0>.
2026-09-11 20:00:20.760129+09:00 [info] <0.979.0>@supervisor:report_progress/2:1582 Supervisor: {<0.979.0>,ranch_conns_sup_sup}. Started: id={ranch_conns_sup,34},pid=<0.1013.0>.
2026-09-11 20:00:20.760299+09:00 [info] <0.979.0>@supervisor:report_progress/2:1582 Supervisor: {<0.979.0>,ranch_conns_sup_sup}. Started: id={ranch_conns_sup,35},pid=<0.1014.0>.
2026-09-11 20:00:20.760414+09:00 [info] <0.979.0>@supervisor:report_progress/2:1582 Supervisor: {<0.979.0>,ranch_conns_sup_sup}. Started: id={ranch_conns_sup,36},pid=<0.1015.0>.
2026-09-11 20:00:20.760495+09:00 [info] <0.979.0>@supervisor:report_progress/2:1582 Supervisor: {<0.979.0>,ranch_conns_sup_sup}. Started: id={ranch_conns_sup,37},pid=<0.1016.0>.
2026-09-11 20:00:20.760595+09:00 [info] <0.979.0>@supervisor:report_progress/2:1582 Supervisor: {<0.979.0>,ranch_conns_sup_sup}. Started: id={ranch_conns_sup,38},pid=<0.1017.0>.
2026-09-11 20:00:20.760641+09:00 [info] <0.979.0>@supervisor:report_progress/2:1582 Supervisor: {<0.979.0>,ranch_conns_sup_sup}. Started: id={ranch_conns_sup,39},pid=<0.1018.0>.
2026-09-11 20:00:20.760702+09:00 [info] <0.979.0>@supervisor:report_progress/2:1582 Supervisor: {<0.979.0>,ranch_conns_sup_sup}. Started: id={ranch_conns_sup,40},pid=<0.1019.0>.
2026-09-11 20:00:20.760738+09:00 [info] <0.979.0>@supervisor:report_progress/2:1582 Supervisor: {<0.979.0>,ranch_conns_sup_sup}. Started: id={ranch_conns_sup,41},pid=<0.1020.0>.
2026-09-11 20:00:20.760808+09:00 [info] <0.979.0>@supervisor:report_progress/2:1582 Supervisor: {<0.979.0>,ranch_conns_sup_sup}. Started: id={ranch_conns_sup,42},pid=<0.1021.0>.
2026-09-11 20:00:20.760855+09:00 [info] <0.979.0>@supervisor:report_progress/2:1582 Supervisor: {<0.979.0>,ranch_conns_sup_sup}. Started: id={ranch_conns_sup,43},pid=<0.1022.0>.
2026-09-11 20:00:20.760942+09:00 [info] <0.979.0>@supervisor:report_progress/2:1582 Supervisor: {<0.979.0>,ranch_conns_sup_sup}. Started: id={ranch_conns_sup,44},pid=<0.1023.0>.
2026-09-11 20:00:20.761025+09:00 [info] <0.979.0>@supervisor:report_progress/2:1582 Supervisor: {<0.979.0>,ranch_conns_sup_sup}. Started: id={ranch_conns_sup,45},pid=<0.1024.0>.
2026-09-11 20:00:20.761107+09:00 [info] <0.979.0>@supervisor:report_progress/2:1582 Supervisor: {<0.979.0>,ranch_conns_sup_sup}. Started: id={ranch_conns_sup,46},pid=<0.1025.0>.
2026-09-11 20:00:20.761150+09:00 [info] <0.979.0>@supervisor:report_progress/2:1582 Supervisor: {<0.979.0>,ranch_conns_sup_sup}. Started: id={ranch_conns_sup,47},pid=<0.1026.0>.
2026-09-11 20:00:20.761191+09:00 [info] <0.979.0>@supervisor:report_progress/2:1582 Supervisor: {<0.979.0>,ranch_conns_sup_sup}. Started: id={ranch_conns_sup,48},pid=<0.1027.0>.
2026-09-11 20:00:20.761235+09:00 [info] <0.979.0>@supervisor:report_progress/2:1582 Supervisor: {<0.979.0>,ranch_conns_sup_sup}. Started: id={ranch_conns_sup,49},pid=<0.1028.0>.
2026-09-11 20:00:20.761302+09:00 [info] <0.979.0>@supervisor:report_progress/2:1582 Supervisor: {<0.979.0>,ranch_conns_sup_sup}. Started: id={ranch_conns_sup,50},pid=<0.1029.0>.
2026-09-11 20:00:20.761343+09:00 [info] <0.979.0>@supervisor:report_progress/2:1582 Supervisor: {<0.979.0>,ranch_conns_sup_sup}. Started: id={ranch_conns_sup,51},pid=<0.1030.0>.
2026-09-11 20:00:20.761404+09:00 [info] <0.979.0>@supervisor:report_progress/2:1582 Supervisor: {<0.979.0>,ranch_conns_sup_sup}. Started: id={ranch_conns_sup,52},pid=<0.1031.0>.
2026-09-11 20:00:20.761453+09:00 [info] <0.979.0>@supervisor:report_progress/2:1582 Supervisor: {<0.979.0>,ranch_conns_sup_sup}. Started: id={ranch_conns_sup,53},pid=<0.1032.0>.
2026-09-11 20:00:20.761515+09:00 [info] <0.979.0>@supervisor:report_progress/2:1582 Supervisor: {<0.979.0>,ranch_conns_sup_sup}. Started: id={ranch_conns_sup,54},pid=<0.1033.0>.
2026-09-11 20:00:20.761580+09:00 [info] <0.979.0>@supervisor:report_progress/2:1582 Supervisor: {<0.979.0>,ranch_conns_sup_sup}. Started: id={ranch_conns_sup,55},pid=<0.1034.0>.
2026-09-11 20:00:20.761676+09:00 [info] <0.979.0>@supervisor:report_progress/2:1582 Supervisor: {<0.979.0>,ranch_conns_sup_sup}. Started: id={ranch_conns_sup,56},pid=<0.1035.0>.
2026-09-11 20:00:20.761781+09:00 [info] <0.979.0>@supervisor:report_progress/2:1582 Supervisor: {<0.979.0>,ranch_conns_sup_sup}. Started: id={ranch_conns_sup,57},pid=<0.1036.0>.
2026-09-11 20:00:20.761882+09:00 [info] <0.979.0>@supervisor:report_progress/2:1582 Supervisor: {<0.979.0>,ranch_conns_sup_sup}. Started: id={ranch_conns_sup,58},pid=<0.1037.0>.
2026-09-11 20:00:20.761978+09:00 [info] <0.979.0>@supervisor:report_progress/2:1582 Supervisor: {<0.979.0>,ranch_conns_sup_sup}. Started: id={ranch_conns_sup,59},pid=<0.1038.0>.
2026-09-11 20:00:20.762092+09:00 [info] <0.979.0>@supervisor:report_progress/2:1582 Supervisor: {<0.979.0>,ranch_conns_sup_sup}. Started: id={ranch_conns_sup,60},pid=<0.1039.0>.
2026-09-11 20:00:20.762233+09:00 [info] <0.979.0>@supervisor:report_progress/2:1582 Supervisor: {<0.979.0>,ranch_conns_sup_sup}. Started: id={ranch_conns_sup,61},pid=<0.1040.0>.
2026-09-11 20:00:20.762290+09:00 [info] <0.979.0>@supervisor:report_progress/2:1582 Supervisor: {<0.979.0>,ranch_conns_sup_sup}. Started: id={ranch_conns_sup,62},pid=<0.1041.0>.
2026-09-11 20:00:20.762457+09:00 [info] <0.979.0>@supervisor:report_progress/2:1582 Supervisor: {<0.979.0>,ranch_conns_sup_sup}. Started: id={ranch_conns_sup,63},pid=<0.1042.0>.
2026-09-11 20:00:20.762592+09:00 [info] <0.979.0>@supervisor:report_progress/2:1582 Supervisor: {<0.979.0>,ranch_conns_sup_sup}. Started: id={ranch_conns_sup,64},pid=<0.1043.0>.
2026-09-11 20:00:20.762670+09:00 [info] <0.979.0>@supervisor:report_progress/2:1582 Supervisor: {<0.979.0>,ranch_conns_sup_sup}. Started: id={ranch_conns_sup,65},pid=<0.1044.0>.
2026-09-11 20:00:20.762710+09:00 [info] <0.979.0>@supervisor:report_progress/2:1582 Supervisor: {<0.979.0>,ranch_conns_sup_sup}. Started: id={ranch_conns_sup,66},pid=<0.1045.0>.
2026-09-11 20:00:20.762773+09:00 [info] <0.979.0>@supervisor:report_progress/2:1582 Supervisor: {<0.979.0>,ranch_conns_sup_sup}. Started: id={ranch_conns_sup,67},pid=<0.1046.0>.
2026-09-11 20:00:20.762811+09:00 [info] <0.979.0>@supervisor:report_progress/2:1582 Supervisor: {<0.979.0>,ranch_conns_sup_sup}. Started: id={ranch_conns_sup,68},pid=<0.1047.0>.
2026-09-11 20:00:20.762941+09:00 [info] <0.979.0>@supervisor:report_progress/2:1582 Supervisor: {<0.979.0>,ranch_conns_sup_sup}. Started: id={ranch_conns_sup,69},pid=<0.1048.0>.
2026-09-11 20:00:20.763011+09:00 [info] <0.979.0>@supervisor:report_progress/2:1582 Supervisor: {<0.979.0>,ranch_conns_sup_sup}. Started: id={ranch_conns_sup,70},pid=<0.1049.0>.
2026-09-11 20:00:20.763072+09:00 [info] <0.979.0>@supervisor:report_progress/2:1582 Supervisor: {<0.979.0>,ranch_conns_sup_sup}. Started: id={ranch_conns_sup,71},pid=<0.1050.0>.
2026-09-11 20:00:20.763114+09:00 [info] <0.979.0>@supervisor:report_progress/2:1582 Supervisor: {<0.979.0>,ranch_conns_sup_sup}. Started: id={ranch_conns_sup,72},pid=<0.1051.0>.
2026-09-11 20:00:20.763169+09:00 [info] <0.979.0>@supervisor:report_progress/2:1582 Supervisor: {<0.979.0>,ranch_conns_sup_sup}. Started: id={ranch_conns_sup,73},pid=<0.1052.0>.
2026-09-11 20:00:20.763214+09:00 [info] <0.979.0>@supervisor:report_progress/2:1582 Supervisor: {<0.979.0>,ranch_conns_sup_sup}. Started: id={ranch_conns_sup,74},pid=<0.1053.0>.
2026-09-11 20:00:20.763277+09:00 [info] <0.979.0>@supervisor:report_progress/2:1582 Supervisor: {<0.979.0>,ranch_conns_sup_sup}. Started: id={ranch_conns_sup,75},pid=<0.1054.0>.
2026-09-11 20:00:20.763328+09:00 [info] <0.979.0>@supervisor:report_progress/2:1582 Supervisor: {<0.979.0>,ranch_conns_sup_sup}. Started: id={ranch_conns_sup,76},pid=<0.1055.0>.
2026-09-11 20:00:20.763389+09:00 [info] <0.979.0>@supervisor:report_progress/2:1582 Supervisor: {<0.979.0>,ranch_conns_sup_sup}. Started: id={ranch_conns_sup,77},pid=<0.1056.0>.
2026-09-11 20:00:20.763446+09:00 [info] <0.979.0>@supervisor:report_progress/2:1582 Supervisor: {<0.979.0>,ranch_conns_sup_sup}. Started: id={ranch_conns_sup,78},pid=<0.1057.0>.
2026-09-11 20:00:20.763491+09:00 [info] <0.979.0>@supervisor:report_progress/2:1582 Supervisor: {<0.979.0>,ranch_conns_sup_sup}. Started: id={ranch_conns_sup,79},pid=<0.1058.0>.
2026-09-11 20:00:20.763578+09:00 [info] <0.979.0>@supervisor:report_progress/2:1582 Supervisor: {<0.979.0>,ranch_conns_sup_sup}. Started: id={ranch_conns_sup,80},pid=<0.1059.0>.
2026-09-11 20:00:20.763652+09:00 [info] <0.979.0>@supervisor:report_progress/2:1582 Supervisor: {<0.979.0>,ranch_conns_sup_sup}. Started: id={ranch_conns_sup,81},pid=<0.1060.0>.
2026-09-11 20:00:20.763707+09:00 [info] <0.979.0>@supervisor:report_progress/2:1582 Supervisor: {<0.979.0>,ranch_conns_sup_sup}. Started: id={ranch_conns_sup,82},pid=<0.1061.0>.
2026-09-11 20:00:20.763748+09:00 [info] <0.979.0>@supervisor:report_progress/2:1582 Supervisor: {<0.979.0>,ranch_conns_sup_sup}. Started: id={ranch_conns_sup,83},pid=<0.1062.0>.
2026-09-11 20:00:20.763804+09:00 [info] <0.979.0>@supervisor:report_progress/2:1582 Supervisor: {<0.979.0>,ranch_conns_sup_sup}. Started: id={ranch_conns_sup,84},pid=<0.1063.0>.
2026-09-11 20:00:20.764110+09:00 [info] <0.979.0>@supervisor:report_progress/2:1582 Supervisor: {<0.979.0>,ranch_conns_sup_sup}. Started: id={ranch_conns_sup,85},pid=<0.1064.0>.
2026-09-11 20:00:20.764211+09:00 [info] <0.979.0>@supervisor:report_progress/2:1582 Supervisor: {<0.979.0>,ranch_conns_sup_sup}. Started: id={ranch_conns_sup,86},pid=<0.1065.0>.
2026-09-11 20:00:20.764270+09:00 [info] <0.979.0>@supervisor:report_progress/2:1582 Supervisor: {<0.979.0>,ranch_conns_sup_sup}. Started: id={ranch_conns_sup,87},pid=<0.1066.0>.
2026-09-11 20:00:20.764308+09:00 [info] <0.979.0>@supervisor:report_progress/2:1582 Supervisor: {<0.979.0>,ranch_conns_sup_sup}. Started: id={ranch_conns_sup,88},pid=<0.1067.0>.
2026-09-11 20:00:20.764365+09:00 [info] <0.979.0>@supervisor:report_progress/2:1582 Supervisor: {<0.979.0>,ranch_conns_sup_sup}. Started: id={ranch_conns_sup,89},pid=<0.1068.0>.
2026-09-11 20:00:20.764414+09:00 [info] <0.979.0>@supervisor:report_progress/2:1582 Supervisor: {<0.979.0>,ranch_conns_sup_sup}. Started: id={ranch_conns_sup,90},pid=<0.1069.0>.
2026-09-11 20:00:20.764458+09:00 [info] <0.979.0>@supervisor:report_progress/2:1582 Supervisor: {<0.979.0>,ranch_conns_sup_sup}. Started: id={ranch_conns_sup,91},pid=<0.1070.0>.
2026-09-11 20:00:20.764498+09:00 [info] <0.979.0>@supervisor:report_progress/2:1582 Supervisor: {<0.979.0>,ranch_conns_sup_sup}. Started: id={ranch_conns_sup,92},pid=<0.1071.0>.
2026-09-11 20:00:20.764582+09:00 [info] <0.979.0>@supervisor:report_progress/2:1582 Supervisor: {<0.979.0>,ranch_conns_sup_sup}. Started: id={ranch_conns_sup,93},pid=<0.1072.0>.
2026-09-11 20:00:20.764622+09:00 [info] <0.979.0>@supervisor:report_progress/2:1582 Supervisor: {<0.979.0>,ranch_conns_sup_sup}. Started: id={ranch_conns_sup,94},pid=<0.1073.0>.
2026-09-11 20:00:20.764682+09:00 [info] <0.979.0>@supervisor:report_progress/2:1582 Supervisor: {<0.979.0>,ranch_conns_sup_sup}. Started: id={ranch_conns_sup,95},pid=<0.1074.0>.
2026-09-11 20:00:20.764719+09:00 [info] <0.979.0>@supervisor:report_progress/2:1582 Supervisor: {<0.979.0>,ranch_conns_sup_sup}. Started: id={ranch_conns_sup,96},pid=<0.1075.0>.
2026-09-11 20:00:20.764762+09:00 [info] <0.979.0>@supervisor:report_progress/2:1582 Supervisor: {<0.979.0>,ranch_conns_sup_sup}. Started: id={ranch_conns_sup,97},pid=<0.1076.0>.
2026-09-11 20:00:20.764803+09:00 [info] <0.979.0>@supervisor:report_progress/2:1582 Supervisor: {<0.979.0>,ranch_conns_sup_sup}. Started: id={ranch_conns_sup,98},pid=<0.1077.0>.
2026-09-11 20:00:20.764877+09:00 [info] <0.979.0>@supervisor:report_progress/2:1582 Supervisor: {<0.979.0>,ranch_conns_sup_sup}. Started: id={ranch_conns_sup,99},pid=<0.1078.0>.
2026-09-11 20:00:20.764920+09:00 [info] <0.979.0>@supervisor:report_progress/2:1582 Supervisor: {<0.979.0>,ranch_conns_sup_sup}. Started: id={ranch_conns_sup,100},pid=<0.1079.0>.
2026-09-11 20:00:20.765030+09:00 [info] <0.978.0>@supervisor:report_progress/2:1582 Supervisor: {<0.978.0>,ranch_listener_sup}. Started: id=ranch_conns_sup_sup,pid=<0.979.0>.
2026-09-11 20:00:20.770014+09:00 [info] <0.1080.0>@supervisor:report_progress/2:1582 Supervisor: {<0.1080.0>,ranch_acceptors_sup}. Started: id={acceptor,<0.1080.0>,1},pid=<0.1081.0>.
2026-09-11 20:00:20.770255+09:00 [info] <0.1080.0>@supervisor:report_progress/2:1582 Supervisor: {<0.1080.0>,ranch_acceptors_sup}. Started: id={acceptor,<0.1080.0>,2},pid=<0.1082.0>.
2026-09-11 20:00:20.770472+09:00 [info] <0.1080.0>@supervisor:report_progress/2:1582 Supervisor: {<0.1080.0>,ranch_acceptors_sup}. Started: id={acceptor,<0.1080.0>,3},pid=<0.1083.0>.
2026-09-11 20:00:20.770621+09:00 [info] <0.1080.0>@supervisor:report_progress/2:1582 Supervisor: {<0.1080.0>,ranch_acceptors_sup}. Started: id={acceptor,<0.1080.0>,4},pid=<0.1084.0>.
2026-09-11 20:00:20.770728+09:00 [info] <0.1080.0>@supervisor:report_progress/2:1582 Supervisor: {<0.1080.0>,ranch_acceptors_sup}. Started: id={acceptor,<0.1080.0>,5},pid=<0.1085.0>.
2026-09-11 20:00:20.770852+09:00 [info] <0.1080.0>@supervisor:report_progress/2:1582 Supervisor: {<0.1080.0>,ranch_acceptors_sup}. Started: id={acceptor,<0.1080.0>,6},pid=<0.1086.0>.
2026-09-11 20:00:20.770931+09:00 [info] <0.1080.0>@supervisor:report_progress/2:1582 Supervisor: {<0.1080.0>,ranch_acceptors_sup}. Started: id={acceptor,<0.1080.0>,7},pid=<0.1087.0>.
2026-09-11 20:00:20.770989+09:00 [info] <0.1080.0>@supervisor:report_progress/2:1582 Supervisor: {<0.1080.0>,ranch_acceptors_sup}. Started: id={acceptor,<0.1080.0>,8},pid=<0.1088.0>.
2026-09-11 20:00:20.771065+09:00 [info] <0.1080.0>@supervisor:report_progress/2:1582 Supervisor: {<0.1080.0>,ranch_acceptors_sup}. Started: id={acceptor,<0.1080.0>,9},pid=<0.1089.0>.
2026-09-11 20:00:20.771118+09:00 [info] <0.1080.0>@supervisor:report_progress/2:1582 Supervisor: {<0.1080.0>,ranch_acceptors_sup}. Started: id={acceptor,<0.1080.0>,10},pid=<0.1090.0>.
2026-09-11 20:00:20.771192+09:00 [info] <0.1080.0>@supervisor:report_progress/2:1582 Supervisor: {<0.1080.0>,ranch_acceptors_sup}. Started: id={acceptor,<0.1080.0>,11},pid=<0.1091.0>.
2026-09-11 20:00:20.771273+09:00 [info] <0.1080.0>@supervisor:report_progress/2:1582 Supervisor: {<0.1080.0>,ranch_acceptors_sup}. Started: id={acceptor,<0.1080.0>,12},pid=<0.1092.0>.
2026-09-11 20:00:20.771327+09:00 [info] <0.1080.0>@supervisor:report_progress/2:1582 Supervisor: {<0.1080.0>,ranch_acceptors_sup}. Started: id={acceptor,<0.1080.0>,13},pid=<0.1093.0>.
2026-09-11 20:00:20.771411+09:00 [info] <0.1080.0>@supervisor:report_progress/2:1582 Supervisor: {<0.1080.0>,ranch_acceptors_sup}. Started: id={acceptor,<0.1080.0>,14},pid=<0.1094.0>.
2026-09-11 20:00:20.771472+09:00 [info] <0.1080.0>@supervisor:report_progress/2:1582 Supervisor: {<0.1080.0>,ranch_acceptors_sup}. Started: id={acceptor,<0.1080.0>,15},pid=<0.1095.0>.
2026-09-11 20:00:20.771536+09:00 [info] <0.1080.0>@supervisor:report_progress/2:1582 Supervisor: {<0.1080.0>,ranch_acceptors_sup}. Started: id={acceptor,<0.1080.0>,16},pid=<0.1096.0>.
2026-09-11 20:00:20.771616+09:00 [info] <0.1080.0>@supervisor:report_progress/2:1582 Supervisor: {<0.1080.0>,ranch_acceptors_sup}. Started: id={acceptor,<0.1080.0>,17},pid=<0.1097.0>.
2026-09-11 20:00:20.771669+09:00 [info] <0.1080.0>@supervisor:report_progress/2:1582 Supervisor: {<0.1080.0>,ranch_acceptors_sup}. Started: id={acceptor,<0.1080.0>,18},pid=<0.1098.0>.
2026-09-11 20:00:20.771758+09:00 [info] <0.1080.0>@supervisor:report_progress/2:1582 Supervisor: {<0.1080.0>,ranch_acceptors_sup}. Started: id={acceptor,<0.1080.0>,19},pid=<0.1099.0>.
2026-09-11 20:00:20.771808+09:00 [info] <0.1080.0>@supervisor:report_progress/2:1582 Supervisor: {<0.1080.0>,ranch_acceptors_sup}. Started: id={acceptor,<0.1080.0>,20},pid=<0.1100.0>.
2026-09-11 20:00:20.771878+09:00 [info] <0.1080.0>@supervisor:report_progress/2:1582 Supervisor: {<0.1080.0>,ranch_acceptors_sup}. Started: id={acceptor,<0.1080.0>,21},pid=<0.1101.0>.
2026-09-11 20:00:20.772018+09:00 [info] <0.1080.0>@supervisor:report_progress/2:1582 Supervisor: {<0.1080.0>,ranch_acceptors_sup}. Started: id={acceptor,<0.1080.0>,22},pid=<0.1102.0>.
2026-09-11 20:00:20.772080+09:00 [info] <0.1080.0>@supervisor:report_progress/2:1582 Supervisor: {<0.1080.0>,ranch_acceptors_sup}. Started: id={acceptor,<0.1080.0>,23},pid=<0.1103.0>.
2026-09-11 20:00:20.772150+09:00 [info] <0.1080.0>@supervisor:report_progress/2:1582 Supervisor: {<0.1080.0>,ranch_acceptors_sup}. Started: id={acceptor,<0.1080.0>,24},pid=<0.1104.0>.
2026-09-11 20:00:20.772200+09:00 [info] <0.1080.0>@supervisor:report_progress/2:1582 Supervisor: {<0.1080.0>,ranch_acceptors_sup}. Started: id={acceptor,<0.1080.0>,25},pid=<0.1105.0>.
2026-09-11 20:00:20.772346+09:00 [info] <0.1080.0>@supervisor:report_progress/2:1582 Supervisor: {<0.1080.0>,ranch_acceptors_sup}. Started: id={acceptor,<0.1080.0>,26},pid=<0.1106.0>.
2026-09-11 20:00:20.772434+09:00 [info] <0.1080.0>@supervisor:report_progress/2:1582 Supervisor: {<0.1080.0>,ranch_acceptors_sup}. Started: id={acceptor,<0.1080.0>,27},pid=<0.1107.0>.
2026-09-11 20:00:20.772545+09:00 [info] <0.1080.0>@supervisor:report_progress/2:1582 Supervisor: {<0.1080.0>,ranch_acceptors_sup}. Started: id={acceptor,<0.1080.0>,28},pid=<0.1108.0>.
2026-09-11 20:00:20.772625+09:00 [info] <0.1080.0>@supervisor:report_progress/2:1582 Supervisor: {<0.1080.0>,ranch_acceptors_sup}. Started: id={acceptor,<0.1080.0>,29},pid=<0.1109.0>.
2026-09-11 20:00:20.772680+09:00 [info] <0.1080.0>@supervisor:report_progress/2:1582 Supervisor: {<0.1080.0>,ranch_acceptors_sup}. Started: id={acceptor,<0.1080.0>,30},pid=<0.1110.0>.
2026-09-11 20:00:20.772745+09:00 [info] <0.1080.0>@supervisor:report_progress/2:1582 Supervisor: {<0.1080.0>,ranch_acceptors_sup}. Started: id={acceptor,<0.1080.0>,31},pid=<0.1111.0>.
2026-09-11 20:00:20.772810+09:00 [info] <0.1080.0>@supervisor:report_progress/2:1582 Supervisor: {<0.1080.0>,ranch_acceptors_sup}. Started: id={acceptor,<0.1080.0>,32},pid=<0.1112.0>.
2026-09-11 20:00:20.772861+09:00 [info] <0.1080.0>@supervisor:report_progress/2:1582 Supervisor: {<0.1080.0>,ranch_acceptors_sup}. Started: id={acceptor,<0.1080.0>,33},pid=<0.1113.0>.
2026-09-11 20:00:20.773013+09:00 [info] <0.1080.0>@supervisor:report_progress/2:1582 Supervisor: {<0.1080.0>,ranch_acceptors_sup}. Started: id={acceptor,<0.1080.0>,34},pid=<0.1114.0>.
2026-09-11 20:00:20.773293+09:00 [info] <0.1080.0>@supervisor:report_progress/2:1582 Supervisor: {<0.1080.0>,ranch_acceptors_sup}. Started: id={acceptor,<0.1080.0>,35},pid=<0.1115.0>.
2026-09-11 20:00:20.773406+09:00 [info] <0.1080.0>@supervisor:report_progress/2:1582 Supervisor: {<0.1080.0>,ranch_acceptors_sup}. Started: id={acceptor,<0.1080.0>,36},pid=<0.1116.0>.
2026-09-11 20:00:20.773489+09:00 [info] <0.1080.0>@supervisor:report_progress/2:1582 Supervisor: {<0.1080.0>,ranch_acceptors_sup}. Started: id={acceptor,<0.1080.0>,37},pid=<0.1117.0>.
2026-09-11 20:00:20.773545+09:00 [info] <0.1080.0>@supervisor:report_progress/2:1582 Supervisor: {<0.1080.0>,ranch_acceptors_sup}. Started: id={acceptor,<0.1080.0>,38},pid=<0.1118.0>.
2026-09-11 20:00:20.773627+09:00 [info] <0.1080.0>@supervisor:report_progress/2:1582 Supervisor: {<0.1080.0>,ranch_acceptors_sup}. Started: id={acceptor,<0.1080.0>,39},pid=<0.1119.0>.
2026-09-11 20:00:20.773742+09:00 [info] <0.1080.0>@supervisor:report_progress/2:1582 Supervisor: {<0.1080.0>,ranch_acceptors_sup}. Started: id={acceptor,<0.1080.0>,40},pid=<0.1120.0>.
2026-09-11 20:00:20.773835+09:00 [info] <0.1080.0>@supervisor:report_progress/2:1582 Supervisor: {<0.1080.0>,ranch_acceptors_sup}. Started: id={acceptor,<0.1080.0>,41},pid=<0.1121.0>.
2026-09-11 20:00:20.773913+09:00 [info] <0.1080.0>@supervisor:report_progress/2:1582 Supervisor: {<0.1080.0>,ranch_acceptors_sup}. Started: id={acceptor,<0.1080.0>,42},pid=<0.1122.0>.
2026-09-11 20:00:20.773968+09:00 [info] <0.1080.0>@supervisor:report_progress/2:1582 Supervisor: {<0.1080.0>,ranch_acceptors_sup}. Started: id={acceptor,<0.1080.0>,43},pid=<0.1123.0>.
2026-09-11 20:00:20.774053+09:00 [info] <0.1080.0>@supervisor:report_progress/2:1582 Supervisor: {<0.1080.0>,ranch_acceptors_sup}. Started: id={acceptor,<0.1080.0>,44},pid=<0.1124.0>.
2026-09-11 20:00:20.774109+09:00 [info] <0.1080.0>@supervisor:report_progress/2:1582 Supervisor: {<0.1080.0>,ranch_acceptors_sup}. Started: id={acceptor,<0.1080.0>,45},pid=<0.1125.0>.
2026-09-11 20:00:20.774178+09:00 [info] <0.1080.0>@supervisor:report_progress/2:1582 Supervisor: {<0.1080.0>,ranch_acceptors_sup}. Started: id={acceptor,<0.1080.0>,46},pid=<0.1126.0>.
2026-09-11 20:00:20.774305+09:00 [info] <0.1080.0>@supervisor:report_progress/2:1582 Supervisor: {<0.1080.0>,ranch_acceptors_sup}. Started: id={acceptor,<0.1080.0>,47},pid=<0.1127.0>.
2026-09-11 20:00:20.774405+09:00 [info] <0.1080.0>@supervisor:report_progress/2:1582 Supervisor: {<0.1080.0>,ranch_acceptors_sup}. Started: id={acceptor,<0.1080.0>,48},pid=<0.1128.0>.
2026-09-11 20:00:20.774496+09:00 [info] <0.1080.0>@supervisor:report_progress/2:1582 Supervisor: {<0.1080.0>,ranch_acceptors_sup}. Started: id={acceptor,<0.1080.0>,49},pid=<0.1129.0>.
2026-09-11 20:00:20.774645+09:00 [info] <0.1080.0>@supervisor:report_progress/2:1582 Supervisor: {<0.1080.0>,ranch_acceptors_sup}. Started: id={acceptor,<0.1080.0>,50},pid=<0.1130.0>.
2026-09-11 20:00:20.774757+09:00 [info] <0.1080.0>@supervisor:report_progress/2:1582 Supervisor: {<0.1080.0>,ranch_acceptors_sup}. Started: id={acceptor,<0.1080.0>,51},pid=<0.1131.0>.
2026-09-11 20:00:20.774836+09:00 [info] <0.1080.0>@supervisor:report_progress/2:1582 Supervisor: {<0.1080.0>,ranch_acceptors_sup}. Started: id={acceptor,<0.1080.0>,52},pid=<0.1132.0>.
2026-09-11 20:00:20.774899+09:00 [info] <0.1080.0>@supervisor:report_progress/2:1582 Supervisor: {<0.1080.0>,ranch_acceptors_sup}. Started: id={acceptor,<0.1080.0>,53},pid=<0.1133.0>.
2026-09-11 20:00:20.775352+09:00 [info] <0.1080.0>@supervisor:report_progress/2:1582 Supervisor: {<0.1080.0>,ranch_acceptors_sup}. Started: id={acceptor,<0.1080.0>,54},pid=<0.1134.0>.
2026-09-11 20:00:20.775534+09:00 [info] <0.1080.0>@supervisor:report_progress/2:1582 Supervisor: {<0.1080.0>,ranch_acceptors_sup}. Started: id={acceptor,<0.1080.0>,55},pid=<0.1135.0>.
2026-09-11 20:00:20.775655+09:00 [info] <0.1080.0>@supervisor:report_progress/2:1582 Supervisor: {<0.1080.0>,ranch_acceptors_sup}. Started: id={acceptor,<0.1080.0>,56},pid=<0.1136.0>.
2026-09-11 20:00:20.775825+09:00 [info] <0.1080.0>@supervisor:report_progress/2:1582 Supervisor: {<0.1080.0>,ranch_acceptors_sup}. Started: id={acceptor,<0.1080.0>,57},pid=<0.1137.0>.
2026-09-11 20:00:20.775946+09:00 [info] <0.1080.0>@supervisor:report_progress/2:1582 Supervisor: {<0.1080.0>,ranch_acceptors_sup}. Started: id={acceptor,<0.1080.0>,58},pid=<0.1138.0>.
2026-09-11 20:00:20.776034+09:00 [info] <0.1080.0>@supervisor:report_progress/2:1582 Supervisor: {<0.1080.0>,ranch_acceptors_sup}. Started: id={acceptor,<0.1080.0>,59},pid=<0.1139.0>.
2026-09-11 20:00:20.776092+09:00 [info] <0.1080.0>@supervisor:report_progress/2:1582 Supervisor: {<0.1080.0>,ranch_acceptors_sup}. Started: id={acceptor,<0.1080.0>,60},pid=<0.1140.0>.
2026-09-11 20:00:20.776169+09:00 [info] <0.1080.0>@supervisor:report_progress/2:1582 Supervisor: {<0.1080.0>,ranch_acceptors_sup}. Started: id={acceptor,<0.1080.0>,61},pid=<0.1141.0>.
2026-09-11 20:00:20.776236+09:00 [info] <0.1080.0>@supervisor:report_progress/2:1582 Supervisor: {<0.1080.0>,ranch_acceptors_sup}. Started: id={acceptor,<0.1080.0>,62},pid=<0.1142.0>.
2026-09-11 20:00:20.776290+09:00 [info] <0.1080.0>@supervisor:report_progress/2:1582 Supervisor: {<0.1080.0>,ranch_acceptors_sup}. Started: id={acceptor,<0.1080.0>,63},pid=<0.1143.0>.
2026-09-11 20:00:20.776402+09:00 [info] <0.1080.0>@supervisor:report_progress/2:1582 Supervisor: {<0.1080.0>,ranch_acceptors_sup}. Started: id={acceptor,<0.1080.0>,64},pid=<0.1144.0>.
2026-09-11 20:00:20.776488+09:00 [info] <0.1080.0>@supervisor:report_progress/2:1582 Supervisor: {<0.1080.0>,ranch_acceptors_sup}. Started: id={acceptor,<0.1080.0>,65},pid=<0.1145.0>.
2026-09-11 20:00:20.776709+09:00 [info] <0.1080.0>@supervisor:report_progress/2:1582 Supervisor: {<0.1080.0>,ranch_acceptors_sup}. Started: id={acceptor,<0.1080.0>,66},pid=<0.1146.0>.
2026-09-11 20:00:20.777001+09:00 [info] <0.1080.0>@supervisor:report_progress/2:1582 Supervisor: {<0.1080.0>,ranch_acceptors_sup}. Started: id={acceptor,<0.1080.0>,67},pid=<0.1147.0>.
2026-09-11 20:00:20.777238+09:00 [info] <0.1080.0>@supervisor:report_progress/2:1582 Supervisor: {<0.1080.0>,ranch_acceptors_sup}. Started: id={acceptor,<0.1080.0>,68},pid=<0.1148.0>.
2026-09-11 20:00:20.777394+09:00 [info] <0.1080.0>@supervisor:report_progress/2:1582 Supervisor: {<0.1080.0>,ranch_acceptors_sup}. Started: id={acceptor,<0.1080.0>,69},pid=<0.1149.0>.
2026-09-11 20:00:20.777465+09:00 [info] <0.1080.0>@supervisor:report_progress/2:1582 Supervisor: {<0.1080.0>,ranch_acceptors_sup}. Started: id={acceptor,<0.1080.0>,70},pid=<0.1150.0>.
2026-09-11 20:00:20.777586+09:00 [info] <0.1080.0>@supervisor:report_progress/2:1582 Supervisor: {<0.1080.0>,ranch_acceptors_sup}. Started: id={acceptor,<0.1080.0>,71},pid=<0.1151.0>.
2026-09-11 20:00:20.777750+09:00 [info] <0.1080.0>@supervisor:report_progress/2:1582 Supervisor: {<0.1080.0>,ranch_acceptors_sup}. Started: id={acceptor,<0.1080.0>,72},pid=<0.1152.0>.
2026-09-11 20:00:20.777840+09:00 [info] <0.1080.0>@supervisor:report_progress/2:1582 Supervisor: {<0.1080.0>,ranch_acceptors_sup}. Started: id={acceptor,<0.1080.0>,73},pid=<0.1153.0>.
2026-09-11 20:00:20.777942+09:00 [info] <0.1080.0>@supervisor:report_progress/2:1582 Supervisor: {<0.1080.0>,ranch_acceptors_sup}. Started: id={acceptor,<0.1080.0>,74},pid=<0.1154.0>.
2026-09-11 20:00:20.778025+09:00 [info] <0.1080.0>@supervisor:report_progress/2:1582 Supervisor: {<0.1080.0>,ranch_acceptors_sup}. Started: id={acceptor,<0.1080.0>,75},pid=<0.1155.0>.
2026-09-11 20:00:20.778120+09:00 [info] <0.1080.0>@supervisor:report_progress/2:1582 Supervisor: {<0.1080.0>,ranch_acceptors_sup}. Started: id={acceptor,<0.1080.0>,76},pid=<0.1156.0>.
2026-09-11 20:00:20.778232+09:00 [info] <0.1080.0>@supervisor:report_progress/2:1582 Supervisor: {<0.1080.0>,ranch_acceptors_sup}. Started: id={acceptor,<0.1080.0>,77},pid=<0.1157.0>.
2026-09-11 20:00:20.778331+09:00 [info] <0.1080.0>@supervisor:report_progress/2:1582 Supervisor: {<0.1080.0>,ranch_acceptors_sup}. Started: id={acceptor,<0.1080.0>,78},pid=<0.1158.0>.
2026-09-11 20:00:20.778448+09:00 [info] <0.1080.0>@supervisor:report_progress/2:1582 Supervisor: {<0.1080.0>,ranch_acceptors_sup}. Started: id={acceptor,<0.1080.0>,79},pid=<0.1159.0>.
2026-09-11 20:00:20.778543+09:00 [info] <0.1080.0>@supervisor:report_progress/2:1582 Supervisor: {<0.1080.0>,ranch_acceptors_sup}. Started: id={acceptor,<0.1080.0>,80},pid=<0.1160.0>.
2026-09-11 20:00:20.778631+09:00 [info] <0.1080.0>@supervisor:report_progress/2:1582 Supervisor: {<0.1080.0>,ranch_acceptors_sup}. Started: id={acceptor,<0.1080.0>,81},pid=<0.1161.0>.
2026-09-11 20:00:20.778714+09:00 [info] <0.1080.0>@supervisor:report_progress/2:1582 Supervisor: {<0.1080.0>,ranch_acceptors_sup}. Started: id={acceptor,<0.1080.0>,82},pid=<0.1162.0>.
2026-09-11 20:00:20.778779+09:00 [info] <0.1080.0>@supervisor:report_progress/2:1582 Supervisor: {<0.1080.0>,ranch_acceptors_sup}. Started: id={acceptor,<0.1080.0>,83},pid=<0.1163.0>.
2026-09-11 20:00:20.778859+09:00 [info] <0.1080.0>@supervisor:report_progress/2:1582 Supervisor: {<0.1080.0>,ranch_acceptors_sup}. Started: id={acceptor,<0.1080.0>,84},pid=<0.1164.0>.
2026-09-11 20:00:20.778991+09:00 [info] <0.1080.0>@supervisor:report_progress/2:1582 Supervisor: {<0.1080.0>,ranch_acceptors_sup}. Started: id={acceptor,<0.1080.0>,85},pid=<0.1165.0>.
2026-09-11 20:00:20.779085+09:00 [info] <0.1080.0>@supervisor:report_progress/2:1582 Supervisor: {<0.1080.0>,ranch_acceptors_sup}. Started: id={acceptor,<0.1080.0>,86},pid=<0.1166.0>.
2026-09-11 20:00:20.779167+09:00 [info] <0.1080.0>@supervisor:report_progress/2:1582 Supervisor: {<0.1080.0>,ranch_acceptors_sup}. Started: id={acceptor,<0.1080.0>,87},pid=<0.1167.0>.
2026-09-11 20:00:20.779235+09:00 [info] <0.1080.0>@supervisor:report_progress/2:1582 Supervisor: {<0.1080.0>,ranch_acceptors_sup}. Started: id={acceptor,<0.1080.0>,88},pid=<0.1168.0>.
2026-09-11 20:00:20.779375+09:00 [info] <0.1080.0>@supervisor:report_progress/2:1582 Supervisor: {<0.1080.0>,ranch_acceptors_sup}. Started: id={acceptor,<0.1080.0>,89},pid=<0.1169.0>.
2026-09-11 20:00:20.779458+09:00 [info] <0.1080.0>@supervisor:report_progress/2:1582 Supervisor: {<0.1080.0>,ranch_acceptors_sup}. Started: id={acceptor,<0.1080.0>,90},pid=<0.1170.0>.
2026-09-11 20:00:20.779533+09:00 [info] <0.1080.0>@supervisor:report_progress/2:1582 Supervisor: {<0.1080.0>,ranch_acceptors_sup}. Started: id={acceptor,<0.1080.0>,91},pid=<0.1171.0>.
2026-09-11 20:00:20.779613+09:00 [info] <0.1080.0>@supervisor:report_progress/2:1582 Supervisor: {<0.1080.0>,ranch_acceptors_sup}. Started: id={acceptor,<0.1080.0>,92},pid=<0.1172.0>.
2026-09-11 20:00:20.779690+09:00 [info] <0.1080.0>@supervisor:report_progress/2:1582 Supervisor: {<0.1080.0>,ranch_acceptors_sup}. Started: id={acceptor,<0.1080.0>,93},pid=<0.1173.0>.
2026-09-11 20:00:20.779817+09:00 [info] <0.1080.0>@supervisor:report_progress/2:1582 Supervisor: {<0.1080.0>,ranch_acceptors_sup}. Started: id={acceptor,<0.1080.0>,94},pid=<0.1174.0>.
2026-09-11 20:00:20.779917+09:00 [info] <0.1080.0>@supervisor:report_progress/2:1582 Supervisor: {<0.1080.0>,ranch_acceptors_sup}. Started: id={acceptor,<0.1080.0>,95},pid=<0.1175.0>.
2026-09-11 20:00:20.779999+09:00 [info] <0.1080.0>@supervisor:report_progress/2:1582 Supervisor: {<0.1080.0>,ranch_acceptors_sup}. Started: id={acceptor,<0.1080.0>,96},pid=<0.1176.0>.
2026-09-11 20:00:20.780102+09:00 [info] <0.1080.0>@supervisor:report_progress/2:1582 Supervisor: {<0.1080.0>,ranch_acceptors_sup}. Started: id={acceptor,<0.1080.0>,97},pid=<0.1177.0>.
2026-09-11 20:00:20.780218+09:00 [info] <0.1080.0>@supervisor:report_progress/2:1582 Supervisor: {<0.1080.0>,ranch_acceptors_sup}. Started: id={acceptor,<0.1080.0>,98},pid=<0.1178.0>.
2026-09-11 20:00:20.780339+09:00 [info] <0.1080.0>@supervisor:report_progress/2:1582 Supervisor: {<0.1080.0>,ranch_acceptors_sup}. Started: id={acceptor,<0.1080.0>,99},pid=<0.1179.0>.
2026-09-11 20:00:20.780407+09:00 [info] <0.1080.0>@supervisor:report_progress/2:1582 Supervisor: {<0.1080.0>,ranch_acceptors_sup}. Started: id={acceptor,<0.1080.0>,100},pid=<0.1180.0>.
2026-09-11 20:00:20.780511+09:00 [info] <0.978.0>@supervisor:report_progress/2:1582 Supervisor: {<0.978.0>,ranch_listener_sup}. Started: id=ranch_acceptors_sup,pid=<0.1080.0>.
2026-09-11 20:00:20.780657+09:00 [info] <0.613.0>@supervisor:report_progress/2:1582 Supervisor: {local,ranch_sup}. Started: id={ranch_listener_sup,{[49,50,55,46,48,46,48,46,49],9080}},pid=<0.978.0>.
2026-09-11 20:00:20.780828+09:00 [info] <0.976.0>@riak_core_service_mgr:start_dispatcher/3:524 Service manager: listening on 127.0.0.1:9080
2026-09-11 20:00:20.780963+09:00 [info] <0.975.0>@supervisor:report_progress/2:1582 Supervisor: {local,riak_core_cluster_mgr_sup}. Started: id=riak_core_service_mgr,pid=<0.976.0>.
2026-09-11 20:00:20.784139+09:00 [info] <0.975.0>@supervisor:report_progress/2:1582 Supervisor: {local,riak_core_cluster_mgr_sup}. Started: id=riak_core_connection_mgr,pid=<0.1181.0>.
2026-09-11 20:00:20.785742+09:00 [info] <0.975.0>@supervisor:report_progress/2:1582 Supervisor: {local,riak_core_cluster_mgr_sup}. Started: id=riak_core_cluster_conn_sup,pid=<0.1198.0>.
2026-09-11 20:00:20.788561+09:00 [info] <0.1199.0>@riak_core_cluster_mgr:become_leader/2:706 ClusterManager: 'openriak-kv@node-01.cluster-a.openriak' becoming the leader
2026-09-11 20:00:20.788731+09:00 [info] <0.975.0>@supervisor:report_progress/2:1582 Supervisor: {local,riak_core_cluster_mgr_sup}. Started: id=riak_repl_cluster_mgr,pid=<0.1199.0>.
2026-09-11 20:00:20.790929+09:00 [info] <0.1200.0>@riak_core_tcp_mon:init/1:167 Starting TCP Monitor
2026-09-11 20:00:20.791074+09:00 [info] <0.975.0>@supervisor:report_progress/2:1582 Supervisor: {local,riak_core_cluster_mgr_sup}. Started: id=riak_core_tcp_mon,pid=<0.1200.0>.
2026-09-11 20:00:20.791276+09:00 [info] <0.967.0>@supervisor:report_progress/2:1582 Supervisor: {local,riak_repl_sup}. Started: id=riak_core_cluster_mgr_sup,pid=<0.975.0>.
2026-09-11 20:00:20.794027+09:00 [info] <0.967.0>@supervisor:report_progress/2:1582 Supervisor: {local,riak_repl_sup}. Started: id=riak_repl2_fs_node_reserver,pid=<0.1201.0>.
2026-09-11 20:00:20.799524+09:00 [info] <0.1203.0>@supervisor:report_progress/2:1582 Supervisor: {local,riak_repl2_rtsource_sup}. Started: id=riak_repl2_rtq,pid=<0.1204.0>.
2026-09-11 20:00:20.801752+09:00 [info] <0.1203.0>@supervisor:report_progress/2:1582 Supervisor: {local,riak_repl2_rtsource_sup}. Started: id=riak_repl2_rtq_overload_counter,pid=<0.1205.0>.
2026-09-11 20:00:20.804742+09:00 [info] <0.1203.0>@supervisor:report_progress/2:1582 Supervisor: {local,riak_repl2_rtsource_sup}. Started: id=riak_repl2_rtsource_conn_sup,pid=<0.1206.0>.
2026-09-11 20:00:20.804890+09:00 [info] <0.1202.0>@supervisor:report_progress/2:1582 Supervisor: {local,riak_repl2_rt_sup}. Started: id=riak_repl2_rtsource_sup,pid=<0.1203.0>.
2026-09-11 20:00:20.807377+09:00 [info] <0.1207.0>@supervisor:report_progress/2:1582 Supervisor: {local,riak_repl2_rtsink_sup}. Started: id=riak_repl2_rtsink_pool,pid=<0.1208.0>.
2026-09-11 20:00:20.808834+09:00 [info] <0.1207.0>@supervisor:report_progress/2:1582 Supervisor: {local,riak_repl2_rtsink_sup}. Started: id=riak_repl2_rtsink_conn_sup,pid=<0.1215.0>.
2026-09-11 20:00:20.809014+09:00 [info] <0.1202.0>@supervisor:report_progress/2:1582 Supervisor: {local,riak_repl2_rt_sup}. Started: id=riak_repl2_rtsink_sup,pid=<0.1207.0>.
2026-09-11 20:00:20.809095+09:00 [info] <0.1202.0>@supervisor:report_progress/2:1582 Supervisor: {local,riak_repl2_rt_sup}. Started: id=riak_repl2_rt,pid=<0.1216.0>.
2026-09-11 20:00:20.809150+09:00 [info] <0.967.0>@supervisor:report_progress/2:1582 Supervisor: {local,riak_repl_sup}. Started: id=riak_repl2_rt_sup,pid=<0.1202.0>.
2026-09-11 20:00:20.810803+09:00 [info] <0.967.0>@supervisor:report_progress/2:1582 Supervisor: {local,riak_repl_sup}. Started: id=riak_repl2_fscoordinator_sup,pid=<0.1217.0>.
2026-09-11 20:00:20.812247+09:00 [info] <0.967.0>@supervisor:report_progress/2:1582 Supervisor: {local,riak_repl_sup}. Started: id=riak_repl2_fscoordinator_serv_sup,pid=<0.1218.0>.
2026-09-11 20:00:20.813465+09:00 [info] <0.967.0>@supervisor:report_progress/2:1582 Supervisor: {local,riak_repl_sup}. Started: id=riak_repl2_fssource_sup,pid=<0.1219.0>.
2026-09-11 20:00:20.814601+09:00 [info] <0.967.0>@supervisor:report_progress/2:1582 Supervisor: {local,riak_repl_sup}. Started: id=riak_repl2_fssink_pool,pid=<0.1220.0>.
2026-09-11 20:00:20.815793+09:00 [info] <0.967.0>@supervisor:report_progress/2:1582 Supervisor: {local,riak_repl_sup}. Started: id=riak_repl2_fssink_sup,pid=<0.1227.0>.
2026-09-11 20:00:20.817039+09:00 [info] <0.967.0>@supervisor:report_progress/2:1582 Supervisor: {local,riak_repl_sup}. Started: id=riak_repl2_pg_proxy_sup,pid=<0.1228.0>.
2026-09-11 20:00:20.820237+09:00 [info] <0.1229.0>@supervisor:report_progress/2:1582 Supervisor: {local,riak_repl2_pg_sup}. Started: id=riak_repl2_pg_block_provider_sup,pid=<0.1230.0>.
2026-09-11 20:00:20.821347+09:00 [info] <0.1229.0>@supervisor:report_progress/2:1582 Supervisor: {local,riak_repl2_pg_sup}. Started: id=riak_repl2_pg_block_requester_sup,pid=<0.1231.0>.
2026-09-11 20:00:20.821555+09:00 [info] <0.1229.0>@supervisor:report_progress/2:1582 Supervisor: {local,riak_repl2_pg_sup}. Started: id=riak_repl2_pg,pid=<0.1232.0>.
2026-09-11 20:00:20.821663+09:00 [info] <0.967.0>@supervisor:report_progress/2:1582 Supervisor: {local,riak_repl_sup}. Started: id=riak_repl2_pg_sup,pid=<0.1229.0>.
2026-09-11 20:00:20.827733+09:00 [info] <0.247.0>@supervisor:report_progress/2:1582 Supervisor: {local,riak_core_stats_sup}. Started: id=riak_core_connection_mgr_stats,pid=<0.1233.0>.
2026-09-11 20:00:20.844173+09:00 [info] <0.247.0>@supervisor:report_progress/2:1582 Supervisor: {local,riak_core_stats_sup}. Started: id=riak_repl_stats,pid=<0.1234.0>.
2026-09-11 20:00:20.860009+09:00 [info] <0.216.0>@supervisor:report_progress/2:1582 Supervisor: {local,riak_core_eventhandler_sup}. Started: id={riak_core_ring_events,riak_repl_ring_handler},pid=<0.1235.0>.
2026-09-11 20:00:20.870370+09:00 [info] <0.44.0>@application_controller:info_started/2:2130 Application: riak_repl. Started at: 'openriak-kv@node-01.cluster-a.openriak'.
2026-09-11 20:00:20.871074+09:00 [info] <0.44.0>@application_controller:info_started/2:2130 Application: canola. Started at: 'openriak-kv@node-01.cluster-a.openriak'.
2026-09-11 20:00:20.890041+09:00 [info] <0.44.0>@application_controller:info_started/2:2130 Application: riak_auth_mods. Started at: 'openriak-kv@node-01.cluster-a.openriak'.
2026-09-11 20:00:20.890361+09:00 [info] <0.44.0>@application_controller:info_started/2:2130 Application: riak_logger. Started at: 'openriak-kv@node-01.cluster-a.openriak'.
2026-09-11 20:00:26.544898+09:00 [info] <0.779.0>@leveled_monitor:handle_cast/2:534 log_ref=b0015 db_id=2 Put timing with sample_count=0 ink_time=0 prep_time=0 mem_time=0 with total_object_size=0 with sample_period=6 seconds
2026-09-11 20:00:27.348466+09:00 [info] <0.617.0>@riak_repl_app:prep_stop/1:336 Redirecting realtime replication traffic
2026-09-11 20:00:27.352816+09:00 [info] <0.82.0>@supervisor:report_progress/2:1582 Supervisor: {local,kernel_safe_sup}. Started: id=riak_repl2_rtq_proxy,pid=<0.1354.0>.
2026-09-11 20:00:27.353292+09:00 [info] <0.617.0>@riak_repl_app:prep_stop/1:339 Stopping application riak_repl - marked service down.
2026-09-11 20:00:27.360051+09:00 [info] <0.1355.0>@riak_repl_migration:init/0:33 Riak replication migration server started
2026-09-11 20:00:27.360255+09:00 [info] <0.617.0>@riak_repl_app:prep_stop/1:343 Started migration server
2026-09-11 20:00:27.360340+09:00 [info] <0.1355.0>@riak_repl_migration:handle_call/3:37 Realtime Repl queue migration sleeping
2026-09-11 20:00:27.461012+09:00 [info] <0.1355.0>@riak_repl_migration:handle_info/2:50 Queue empty, no replication queue migration required
2026-09-11 20:00:28.463426+09:00 [info] <0.617.0>@riak_repl_app:stop/1:139 Stopped application riak_repl
2026-09-11 20:00:28.467971+09:00 [info] <0.350.0>@riak_kv_app:prep_stop/1:275 Stopping application riak_kv - marked service down.
2026-09-11 20:00:28.468281+09:00 [info] <0.350.0>@riak_kv_app:prep_stop/1:279 Unregistered pb services
2026-09-11 20:00:28.469792+09:00 [info] <0.350.0>@riak_kv_app:prep_stop/1:284 unregistered webmachine routes
2026-09-11 20:00:28.469997+09:00 [info] <0.350.0>@riak_kv_app:prep_stop/1:286 all active put FSMs completed
2026-09-11 20:00:28.470746+09:00 [info] <0.350.0>@riak_kv_app:stop/1:297 Stopped  application riak_kv.
2026-09-11 20:00:28.477394+09:00 [info] <0.787.0>@leveled_inker:handle_call/3:780 log_ref=i0005 db_id=1 Inker closing journal for reason close
2026-09-11 20:00:28.477500+09:00 [info] <0.784.0>@leveled_inker:handle_call/3:780 log_ref=i0005 db_id=7 Inker closing journal for reason close
2026-09-11 20:00:28.477598+09:00 [info] <0.788.0>@leveled_inker:handle_call/3:780 log_ref=i0005 db_id=6 Inker closing journal for reason close
2026-09-11 20:00:28.477591+09:00 [info] <0.783.0>@leveled_inker:handle_call/3:780 log_ref=i0005 db_id=2 Inker closing journal for reason close
2026-09-11 20:00:28.477602+09:00 [info] <0.789.0>@leveled_inker:handle_call/3:780 log_ref=i0005 db_id=0 Inker closing journal for reason close
2026-09-11 20:00:28.477923+09:00 [info] <0.783.0>@leveled_inker:handle_call/3:782 log_ref=i0006 db_id=2 Close triggered with journal_sqn=0 and manifest_sqn=2
2026-09-11 20:00:28.477939+09:00 [info] <0.789.0>@leveled_inker:handle_call/3:782 log_ref=i0006 db_id=0 Close triggered with journal_sqn=1 and manifest_sqn=2
2026-09-11 20:00:28.477579+09:00 [info] <0.787.0>@leveled_inker:handle_call/3:782 log_ref=i0006 db_id=1 Close triggered with journal_sqn=1 and manifest_sqn=2
2026-09-11 20:00:28.477566+09:00 [info] <0.785.0>@leveled_inker:handle_call/3:780 log_ref=i0005 db_id=4 Inker closing journal for reason close
2026-09-11 20:00:28.477621+09:00 [info] <0.784.0>@leveled_inker:handle_call/3:782 log_ref=i0006 db_id=7 Close triggered with journal_sqn=1 and manifest_sqn=2
2026-09-11 20:00:28.477628+09:00 [info] <0.786.0>@leveled_inker:handle_call/3:780 log_ref=i0005 db_id=3 Inker closing journal for reason close
2026-09-11 20:00:28.477619+09:00 [info] <0.782.0>@leveled_inker:handle_call/3:780 log_ref=i0005 db_id=5 Inker closing journal for reason close
2026-09-11 20:00:28.478095+09:00 [info] <0.786.0>@leveled_inker:handle_call/3:782 log_ref=i0006 db_id=3 Close triggered with journal_sqn=0 and manifest_sqn=2
2026-09-11 20:00:28.478070+09:00 [info] <0.785.0>@leveled_inker:handle_call/3:782 log_ref=i0006 db_id=4 Close triggered with journal_sqn=0 and manifest_sqn=2
2026-09-11 20:00:28.478133+09:00 [info] <0.789.0>@leveled_inker:shutdown_manifest/1:1036 log_ref=i0007 db_id=0 Inker manifest when closing is:
2026-09-11 20:00:28.478088+09:00 [info] <0.783.0>@leveled_inker:shutdown_manifest/1:1036 log_ref=i0007 db_id=2 Inker manifest when closing is:
2026-09-11 20:00:28.478101+09:00 [info] <0.782.0>@leveled_inker:handle_call/3:782 log_ref=i0006 db_id=5 Close triggered with journal_sqn=0 and manifest_sqn=2
2026-09-11 20:00:28.477840+09:00 [info] <0.788.0>@leveled_inker:handle_call/3:782 log_ref=i0006 db_id=6 Close triggered with journal_sqn=0 and manifest_sqn=2
2026-09-11 20:00:28.478169+09:00 [info] <0.784.0>@leveled_inker:shutdown_manifest/1:1036 log_ref=i0007 db_id=7 Inker manifest when closing is:
2026-09-11 20:00:28.478239+09:00 [info] <0.785.0>@leveled_inker:shutdown_manifest/1:1036 log_ref=i0007 db_id=4 Inker manifest when closing is:
2026-09-11 20:00:28.478143+09:00 [info] <0.787.0>@leveled_inker:shutdown_manifest/1:1036 log_ref=i0007 db_id=1 Inker manifest when closing is:
2026-09-11 20:00:28.478211+09:00 [info] <0.786.0>@leveled_inker:shutdown_manifest/1:1036 log_ref=i0007 db_id=3 Inker manifest when closing is:
2026-09-11 20:00:28.478272+09:00 [info] <0.782.0>@leveled_inker:shutdown_manifest/1:1036 log_ref=i0007 db_id=5 Inker manifest when closing is:
2026-09-11 20:00:28.478287+09:00 [info] <0.788.0>@leveled_inker:shutdown_manifest/1:1036 log_ref=i0007 db_id=6 Inker manifest when closing is:
2026-09-11 20:00:28.478499+09:00 [info] <0.816.0>@leveled_pclerk:terminate/2:178 log_ref=pc005 db_id=5 Penciller's Clerk <0.816.0> shutdown now complete for reason normal
2026-09-11 20:00:28.478481+09:00 [info] <0.820.0>@leveled_pclerk:terminate/2:178 log_ref=pc005 db_id=4 Penciller's Clerk <0.820.0> shutdown now complete for reason normal
2026-09-11 20:00:28.478577+09:00 [info] <0.819.0>@leveled_penciller:handle_call/3:1068 log_ref=p0008 db_id=4 Penciller closing for reason close
2026-09-11 20:00:28.478618+09:00 [info] <0.819.0>@leveled_penciller:handle_call/3:1084 log_ref=p0010 db_id=4 level zero discarded_count=0 on close of Penciller
2026-09-11 20:00:28.478689+09:00 [info] <0.815.0>@leveled_penciller:handle_call/3:1068 log_ref=p0008 db_id=5 Penciller closing for reason close
2026-09-11 20:00:28.478704+09:00 [info] <0.812.0>@leveled_pclerk:terminate/2:178 log_ref=pc005 db_id=3 Penciller's Clerk <0.812.0> shutdown now complete for reason normal
2026-09-11 20:00:28.478723+09:00 [info] <0.815.0>@leveled_penciller:handle_call/3:1084 log_ref=p0010 db_id=5 level zero discarded_count=0 on close of Penciller
2026-09-11 20:00:28.478768+09:00 [info] <0.809.0>@leveled_penciller:handle_call/3:1068 log_ref=p0008 db_id=3 Penciller closing for reason close
2026-09-11 20:00:28.478715+09:00 [info] <0.818.0>@leveled_pclerk:terminate/2:178 log_ref=pc005 db_id=6 Penciller's Clerk <0.818.0> shutdown now complete for reason normal
2026-09-11 20:00:28.478724+09:00 [info] <0.811.0>@leveled_pclerk:terminate/2:178 log_ref=pc005 db_id=1 Penciller's Clerk <0.811.0> shutdown now complete for reason normal
2026-09-11 20:00:28.478788+09:00 [info] <0.766.0>@leveled_bookie:terminate/2:1803 log_ref=b0003 db_id=4 Bookie closing for reason normal
2026-09-11 20:00:28.478692+09:00 [info] <0.822.0>@leveled_pclerk:terminate/2:178 log_ref=pc005 db_id=7 Penciller's Clerk <0.822.0> shutdown now complete for reason normal
2026-09-11 20:00:28.478819+09:00 [info] <0.809.0>@leveled_penciller:handle_call/3:1084 log_ref=p0010 db_id=3 level zero discarded_count=0 on close of Penciller
2026-09-11 20:00:28.478870+09:00 [info] <0.817.0>@leveled_penciller:handle_call/3:1068 log_ref=p0008 db_id=6 Penciller closing for reason close
2026-09-11 20:00:28.478825+09:00 [info] <0.771.0>@leveled_bookie:terminate/2:1803 log_ref=b0003 db_id=5 Bookie closing for reason normal
2026-09-11 20:00:28.478902+09:00 [info] <0.821.0>@leveled_penciller:handle_call/3:1068 log_ref=p0008 db_id=7 Penciller closing for reason close
2026-09-11 20:00:28.478912+09:00 [info] <0.817.0>@leveled_penciller:handle_call/3:1084 log_ref=p0010 db_id=6 level zero discarded_count=0 on close of Penciller
2026-09-11 20:00:28.478977+09:00 [info] <0.767.0>@leveled_bookie:terminate/2:1803 log_ref=b0003 db_id=3 Bookie closing for reason normal
2026-09-11 20:00:28.478897+09:00 [info] <0.807.0>@leveled_penciller:handle_call/3:1068 log_ref=p0008 db_id=1 Penciller closing for reason close
2026-09-11 20:00:28.478971+09:00 [info] <0.821.0>@leveled_penciller:handle_call/3:1084 log_ref=p0010 db_id=7 level zero discarded_count=0 on close of Penciller
2026-09-11 20:00:28.478941+09:00 [info] <0.814.0>@leveled_pclerk:terminate/2:178 log_ref=pc005 db_id=0 Penciller's Clerk <0.814.0> shutdown now complete for reason normal
2026-09-11 20:00:28.479124+09:00 [info] <0.772.0>@leveled_bookie:terminate/2:1803 log_ref=b0003 db_id=6 Bookie closing for reason normal
2026-09-11 20:00:28.479086+09:00 [info] <0.807.0>@leveled_penciller:handle_call/3:1084 log_ref=p0010 db_id=1 level zero discarded_count=0 on close of Penciller
2026-09-11 20:00:28.479111+09:00 [info] <0.813.0>@leveled_penciller:handle_call/3:1068 log_ref=p0008 db_id=0 Penciller closing for reason close
2026-09-11 20:00:28.479236+09:00 [info] <0.769.0>@leveled_bookie:terminate/2:1803 log_ref=b0003 db_id=7 Bookie closing for reason normal
2026-09-11 20:00:28.479313+09:00 [info] <0.773.0>@leveled_bookie:terminate/2:1803 log_ref=b0003 db_id=1 Bookie closing for reason normal
2026-09-11 20:00:28.479284+09:00 [info] <0.813.0>@leveled_penciller:handle_call/3:1084 log_ref=p0010 db_id=0 level zero discarded_count=0 on close of Penciller
2026-09-11 20:00:28.479539+09:00 [info] <0.770.0>@leveled_bookie:terminate/2:1803 log_ref=b0003 db_id=0 Bookie closing for reason normal
2026-09-11 20:00:28.479854+09:00 [info] <0.810.0>@leveled_pclerk:terminate/2:178 log_ref=pc005 db_id=2 Penciller's Clerk <0.810.0> shutdown now complete for reason normal
2026-09-11 20:00:28.480174+09:00 [info] <0.808.0>@leveled_penciller:handle_call/3:1068 log_ref=p0008 db_id=2 Penciller closing for reason close
2026-09-11 20:00:28.480287+09:00 [info] <0.808.0>@leveled_penciller:handle_call/3:1084 log_ref=p0010 db_id=2 level zero discarded_count=0 on close of Penciller
2026-09-11 20:00:28.480396+09:00 [info] <0.768.0>@leveled_bookie:terminate/2:1803 log_ref=b0003 db_id=2 Bookie closing for reason normal
2026-09-11 20:00:28.527567+09:00 [info] <0.868.0>@aae_treecache:save_to_disk/3:403 log_ref=c0003 Saving tree cache to path /var/lib/riak/tictac_aae/182687704666362864775460604089535377456991567872/aaetree/182687704666362864775460604089535377456991567872_3/ and filename 1.pnd
2026-09-11 20:00:28.540586+09:00 [info] <0.867.0>@aae_treecache:save_to_disk/3:403 log_ref=c0003 Saving tree cache to path /var/lib/riak/tictac_aae/548063113999088594326381812268606132370974703616/aaetree/548063113999088594326381812268606132370974703616_3/ and filename 1.pnd
2026-09-11 20:00:28.540812+09:00 [info] <0.864.0>@aae_treecache:save_to_disk/3:403 log_ref=c0003 Saving tree cache to path /var/lib/riak/tictac_aae/913438523331814323877303020447676887284957839360/aaetree/913438523331814323877303020447676887284957839360_3/ and filename 1.pnd
2026-09-11 20:00:28.551004+09:00 [info] <0.863.0>@aae_treecache:save_to_disk/3:403 log_ref=c0003 Saving tree cache to path /var/lib/riak/tictac_aae/0/aaetree/0_3/ and filename 1.pnd
2026-09-11 20:00:28.552273+09:00 [info] <0.869.0>@aae_treecache:save_to_disk/3:403 log_ref=c0003 Saving tree cache to path /var/lib/riak/tictac_aae/730750818665451459101842416358141509827966271488/aaetree/730750818665451459101842416358141509827966271488_3/ and filename 1.pnd
2026-09-11 20:00:28.562233+09:00 [info] <0.866.0>@aae_treecache:save_to_disk/3:403 log_ref=c0003 Saving tree cache to path /var/lib/riak/tictac_aae/1096126227998177188652763624537212264741949407232/aaetree/1096126227998177188652763624537212264741949407232_3/ and filename 1.pnd
2026-09-11 20:00:28.563154+09:00 [info] <0.870.0>@aae_treecache:save_to_disk/3:403 log_ref=c0003 Saving tree cache to path /var/lib/riak/tictac_aae/1278813932664540053428224228626747642198940975104/aaetree/1278813932664540053428224228626747642198940975104_3/ and filename 1.pnd
2026-09-11 20:00:28.563628+09:00 [info] <0.865.0>@aae_treecache:save_to_disk/3:403 log_ref=c0003 Saving tree cache to path /var/lib/riak/tictac_aae/365375409332725729550921208179070754913983135744/aaetree/365375409332725729550921208179070754913983135744_3/ and filename 1.pnd
2026-09-11 20:00:28.613876+09:00 [info] <0.861.0>@aae_treecache:save_to_disk/3:403 log_ref=c0003 Saving tree cache to path /var/lib/riak/tictac_aae/182687704666362864775460604089535377456991567872/aaetree/0_3/ and filename 1.pnd
2026-09-11 20:00:28.622238+09:00 [info] <0.855.0>@aae_treecache:save_to_disk/3:403 log_ref=c0003 Saving tree cache to path /var/lib/riak/tictac_aae/548063113999088594326381812268606132370974703616/aaetree/365375409332725729550921208179070754913983135744_3/ and filename 1.pnd
2026-09-11 20:00:28.624972+09:00 [info] <0.859.0>@aae_treecache:save_to_disk/3:403 log_ref=c0003 Saving tree cache to path /var/lib/riak/tictac_aae/913438523331814323877303020447676887284957839360/aaetree/730750818665451459101842416358141509827966271488_3/ and filename 1.pnd
2026-09-11 20:00:28.628625+09:00 [info] <0.857.0>@aae_treecache:save_to_disk/3:403 log_ref=c0003 Saving tree cache to path /var/lib/riak/tictac_aae/0/aaetree/1278813932664540053428224228626747642198940975104_3/ and filename 1.pnd
2026-09-11 20:00:28.631210+09:00 [info] <0.856.0>@aae_treecache:save_to_disk/3:403 log_ref=c0003 Saving tree cache to path /var/lib/riak/tictac_aae/730750818665451459101842416358141509827966271488/aaetree/548063113999088594326381812268606132370974703616_3/ and filename 1.pnd
2026-09-11 20:00:28.636161+09:00 [info] <0.858.0>@aae_treecache:save_to_disk/3:403 log_ref=c0003 Saving tree cache to path /var/lib/riak/tictac_aae/1096126227998177188652763624537212264741949407232/aaetree/913438523331814323877303020447676887284957839360_3/ and filename 1.pnd
2026-09-11 20:00:28.638257+09:00 [info] <0.862.0>@aae_treecache:save_to_disk/3:403 log_ref=c0003 Saving tree cache to path /var/lib/riak/tictac_aae/1278813932664540053428224228626747642198940975104/aaetree/1096126227998177188652763624537212264741949407232_3/ and filename 1.pnd
2026-09-11 20:00:28.649903+09:00 [info] <0.860.0>@aae_treecache:save_to_disk/3:403 log_ref=c0003 Saving tree cache to path /var/lib/riak/tictac_aae/365375409332725729550921208179070754913983135744/aaetree/182687704666362864775460604089535377456991567872_3/ and filename 1.pnd
2026-09-11 20:00:28.691510+09:00 [info] <0.850.0>@aae_treecache:save_to_disk/3:403 log_ref=c0003 Saving tree cache to path /var/lib/riak/tictac_aae/913438523331814323877303020447676887284957839360/aaetree/548063113999088594326381812268606132370974703616_3/ and filename 1.pnd
2026-09-11 20:00:28.694906+09:00 [info] <0.847.0>@aae_treecache:save_to_disk/3:403 log_ref=c0003 Saving tree cache to path /var/lib/riak/tictac_aae/1278813932664540053428224228626747642198940975104/aaetree/913438523331814323877303020447676887284957839360_3/ and filename 1.pnd
2026-09-11 20:00:28.697710+09:00 [info] <0.849.0>@aae_treecache:save_to_disk/3:403 log_ref=c0003 Saving tree cache to path /var/lib/riak/tictac_aae/730750818665451459101842416358141509827966271488/aaetree/365375409332725729550921208179070754913983135744_3/ and filename 1.pnd
2026-09-11 20:00:28.704247+09:00 [info] <0.851.0>@aae_treecache:save_to_disk/3:403 log_ref=c0003 Saving tree cache to path /var/lib/riak/tictac_aae/182687704666362864775460604089535377456991567872/aaetree/1278813932664540053428224228626747642198940975104_3/ and filename 1.pnd
2026-09-11 20:00:28.709525+09:00 [info] <0.848.0>@aae_treecache:save_to_disk/3:403 log_ref=c0003 Saving tree cache to path /var/lib/riak/tictac_aae/0/aaetree/1096126227998177188652763624537212264741949407232_3/ and filename 1.pnd
2026-09-11 20:00:28.709529+09:00 [info] <0.854.0>@aae_treecache:save_to_disk/3:403 log_ref=c0003 Saving tree cache to path /var/lib/riak/tictac_aae/548063113999088594326381812268606132370974703616/aaetree/182687704666362864775460604089535377456991567872_3/ and filename 1.pnd
2026-09-11 20:00:28.709456+09:00 [info] <0.853.0>@aae_treecache:save_to_disk/3:403 log_ref=c0003 Saving tree cache to path /var/lib/riak/tictac_aae/1096126227998177188652763624537212264741949407232/aaetree/730750818665451459101842416358141509827966271488_3/ and filename 1.pnd
2026-09-11 20:00:28.728661+09:00 [info] <0.852.0>@aae_treecache:save_to_disk/3:403 log_ref=c0003 Saving tree cache to path /var/lib/riak/tictac_aae/365375409332725729550921208179070754913983135744/aaetree/0_3/ and filename 1.pnd
2026-09-11 20:00:28.730721+09:00 [info] <0.208.0>@riak_core_app:stop/1:118 Stopped  application riak_core.
