2026-09-11 23:02:57.267124+09:00 [info] <0.44.0>@application_controller:info_started/2:2130 Application: kernel. Started at: 'openriak-kv@node-02.cluster-a.openriak'.
2026-09-11 23:02:57.808477+09:00 [info] <0.44.0>@application_controller:info_started/2:2130 Application: stdlib. Started at: 'openriak-kv@node-02.cluster-a.openriak'.
2026-09-11 23:02:57.827673+09:00 [info] <0.44.0>@application_controller:info_started/2:2130 Application: asn1. Started at: 'openriak-kv@node-02.cluster-a.openriak'.
2026-09-11 23:02:57.843157+09:00 [info] <0.44.0>@application_controller:info_started/2:2130 Application: crypto. Started at: 'openriak-kv@node-02.cluster-a.openriak'.
2026-09-11 23:02:57.851430+09:00 [info] <0.44.0>@application_controller:info_started/2:2130 Application: public_key. Started at: 'openriak-kv@node-02.cluster-a.openriak'.
2026-09-11 23:02:58.174154+09:00 [info] <0.77.0>@supervisor:report_progress/2:1582 Supervisor: {local,logger_sup}. Started: id=ssl_handler,pid=<0.100.0>.
2026-09-11 23:02:58.387325+09:00 [info] <0.103.0>@supervisor:report_progress/2:1582 Supervisor: {local,ssl_admin_sup}. Started: id=ssl_pem_cache,pid=<0.104.0>.
2026-09-11 23:02:58.639552+09:00 [info] <0.103.0>@supervisor:report_progress/2:1582 Supervisor: {local,ssl_admin_sup}. Started: id=ssl_manager,pid=<0.105.0>.
2026-09-11 23:02:58.713613+09:00 [info] <0.103.0>@supervisor:report_progress/2:1582 Supervisor: {local,ssl_admin_sup}. Started: id=tls_client_ticket_store,pid=<0.106.0>.
2026-09-11 23:02:58.721612+09:00 [info] <0.102.0>@supervisor:report_progress/2:1582 Supervisor: {local,ssl_sup}. Started: id=ssl_admin_sup,pid=<0.103.0>.
2026-09-11 23:02:58.859078+09:00 [info] <0.108.0>@supervisor:report_progress/2:1582 Supervisor: {local,tls_sup}. Started: id=tls_connection_sup,pid=<0.109.0>.
2026-09-11 23:02:59.048282+09:00 [info] <0.110.0>@supervisor:report_progress/2:1582 Supervisor: {local,tls_server_sup}. Started: id=ssl_listen_tracker_sup,pid=<0.111.0>.
2026-09-11 23:02:59.127570+09:00 [info] <0.110.0>@supervisor:report_progress/2:1582 Supervisor: {local,tls_server_sup}. Started: id=tls_server_session_ticket,pid=<0.112.0>.
2026-09-11 23:02:59.171851+09:00 [info] <0.110.0>@supervisor:report_progress/2:1582 Supervisor: {local,tls_server_sup}. Started: id=ssl_server_session_cache_sup,pid=<0.113.0>.
2026-09-11 23:02:59.239305+09:00 [info] <0.110.0>@supervisor:report_progress/2:1582 Supervisor: {local,tls_server_sup}. Started: id=ssl_upgrade_server_session_cache_sup,pid=<0.114.0>.
2026-09-11 23:02:59.241145+09:00 [info] <0.108.0>@supervisor:report_progress/2:1582 Supervisor: {local,tls_sup}. Started: id=tls_server_sup,pid=<0.110.0>.
2026-09-11 23:02:59.254874+09:00 [info] <0.107.0>@supervisor:report_progress/2:1582 Supervisor: {local,ssl_connection_sup}. Started: id=tls_sup,pid=<0.108.0>.
2026-09-11 23:02:59.332211+09:00 [info] <0.115.0>@supervisor:report_progress/2:1582 Supervisor: {local,dtls_sup}. Started: id=dtls_connection_sup,pid=<0.116.0>.
2026-09-11 23:02:59.422505+09:00 [info] <0.117.0>@supervisor:report_progress/2:1582 Supervisor: {local,dtls_server_sup}. Started: id=dtls_listener_sup,pid=<0.118.0>.
2026-09-11 23:02:59.459589+09:00 [info] <0.117.0>@supervisor:report_progress/2:1582 Supervisor: {local,dtls_server_sup}. Started: id=dtls_server_session_cache_sup,pid=<0.119.0>.
2026-09-11 23:02:59.461204+09:00 [info] <0.115.0>@supervisor:report_progress/2:1582 Supervisor: {local,dtls_sup}. Started: id=dtls_server_sup,pid=<0.117.0>.
2026-09-11 23:02:59.481676+09:00 [info] <0.107.0>@supervisor:report_progress/2:1582 Supervisor: {local,ssl_connection_sup}. Started: id=dtls_sup,pid=<0.115.0>.
2026-09-11 23:02:59.483974+09:00 [info] <0.102.0>@supervisor:report_progress/2:1582 Supervisor: {local,ssl_sup}. Started: id=ssl_connection_sup,pid=<0.107.0>.
2026-09-11 23:02:59.497310+09:00 [info] <0.44.0>@application_controller:info_started/2:2130 Application: ssl. Started at: 'openriak-kv@node-02.cluster-a.openriak'.
2026-09-11 23:02:59.511836+09:00 [info] <0.44.0>@application_controller:info_started/2:2130 Application: hut. Started at: 'openriak-kv@node-02.cluster-a.openriak'.
2026-09-11 23:02:59.665212+09:00 [info] <0.124.0>@supervisor:report_progress/2:1582 Supervisor: {local,setup_sup}. Started: id=setup_srv,pid=<0.125.0>.
2026-09-11 23:03:00.129036+09:00 [notice] <0.125.0>@: Setup running ...
2026-09-11 23:03:00.269982+09:00 [notice] <0.125.0>@: Directories verified. Res = ok
2026-09-11 23:03:00.425391+09:00 [notice] <0.125.0>@: Setup finished processing hooks (Mode=normal)...
2026-09-11 23:03:00.437058+09:00 [info] <0.44.0>@application_controller:info_started/2:2130 Application: setup. Started at: 'openriak-kv@node-02.cluster-a.openriak'.
2026-09-11 23:03:00.447647+09:00 [info] <0.44.0>@application_controller:info_started/2:2130 Application: syntax_tools. Started at: 'openriak-kv@node-02.cluster-a.openriak'.
2026-09-11 23:03:00.462647+09:00 [info] <0.44.0>@application_controller:info_started/2:2130 Application: compiler. Started at: 'openriak-kv@node-02.cluster-a.openriak'.
2026-09-11 23:03:00.476710+09:00 [info] <0.44.0>@application_controller:info_started/2:2130 Application: parse_trans. Started at: 'openriak-kv@node-02.cluster-a.openriak'.
2026-09-11 23:03:00.882657+09:00 [info] <0.132.0>@supervisor:report_progress/2:1582 Supervisor: {local,exometer_core_sup}. Started: id=exometer_admin,pid=<0.133.0>.
2026-09-11 23:03:00.988993+09:00 [info] <0.132.0>@supervisor:report_progress/2:1582 Supervisor: {local,exometer_core_sup}. Started: id=exometer_cache,pid=<0.134.0>.
2026-09-11 23:03:01.419083+09:00 [info] <0.132.0>@supervisor:report_progress/2:1582 Supervisor: {local,exometer_core_sup}. Started: id=exometer_report,pid=<0.135.0>.
2026-09-11 23:03:01.451338+09:00 [info] <0.132.0>@supervisor:report_progress/2:1582 Supervisor: {local,exometer_core_sup}. Started: id=exometer_report_logger_sup,pid=<0.136.0>.
2026-09-11 23:03:01.634232+09:00 [info] <0.132.0>@supervisor:report_progress/2:1582 Supervisor: {local,exometer_core_sup}. Started: id=exometer_alias,pid=<0.137.0>.
2026-09-11 23:03:01.682767+09:00 [info] <0.135.0>@exometer_report:do_start_reporters/1:695 Starting reporters with []
2026-09-11 23:03:01.726766+09:00 [info] <0.44.0>@application_controller:info_started/2:2130 Application: exometer_core. Started at: 'openriak-kv@node-02.cluster-a.openriak'.
2026-09-11 23:03:01.867153+09:00 [info] <0.142.0>@supervisor:report_progress/2:1582 Supervisor: {local,sasl_safe_sup}. Started: id=alarm_handler,pid=<0.143.0>.
2026-09-11 23:03:01.884068+09:00 [info] <0.141.0>@supervisor:report_progress/2:1582 Supervisor: {local,sasl_sup}. Started: id=sasl_safe_sup,pid=<0.142.0>.
2026-09-11 23:03:02.844036+09:00 [info] <0.141.0>@supervisor:report_progress/2:1582 Supervisor: {local,sasl_sup}. Started: id=release_handler,pid=<0.144.0>.
2026-09-11 23:03:02.856993+09:00 [info] <0.44.0>@application_controller:info_started/2:2130 Application: sasl. Started at: 'openriak-kv@node-02.cluster-a.openriak'.
2026-09-11 23:03:03.079369+09:00 [info] <0.49.0>@supervisor:report_progress/2:1582 Supervisor: {local,kernel_sup}. Started: id=timer_server,pid=<0.151.0>.
2026-09-11 23:03:03.104094+09:00 [info] <0.149.0>@supervisor:report_progress/2:1582 Supervisor: {local,riak_sysmon_sup}. Started: id=riak_sysmon_filter,pid=<0.150.0>.
2026-09-11 23:03:03.117320+09:00 [info] <0.149.0>@supervisor:report_progress/2:1582 Supervisor: {local,riak_sysmon_sup}. Started: id=riak_sysmon_mgr,pid=<0.153.0>.
2026-09-11 23:03:03.123591+09:00 [info] <0.44.0>@application_controller:info_started/2:2130 Application: riak_sysmon. Started at: 'openriak-kv@node-02.cluster-a.openriak'.
2026-09-11 23:03:03.485741+09:00 [info] <0.157.0>@supervisor:report_progress/2:1582 Supervisor: {local,os_mon_sup}. Started: id=disksup,pid=<0.158.0>.
2026-09-11 23:03:03.871859+09:00 [info] <0.157.0>@supervisor:report_progress/2:1582 Supervisor: {local,os_mon_sup}. Started: id=memsup,pid=<0.159.0>.
2026-09-11 23:03:04.284301+09:00 [info] <0.157.0>@supervisor:report_progress/2:1582 Supervisor: {local,os_mon_sup}. Started: id=cpu_sup,pid=<0.161.0>.
2026-09-11 23:03:04.300272+09:00 [info] <0.44.0>@application_controller:info_started/2:2130 Application: os_mon. Started at: 'openriak-kv@node-02.cluster-a.openriak'.
2026-09-11 23:03:04.322375+09:00 [notice] <0.143.0>@: alarm_handler: {set,{system_memory_high_watermark,[]}}
2026-09-11 23:03:04.365006+09:00 [info] <0.44.0>@application_controller:info_started/2:2130 Application: observer. Started at: 'openriak-kv@node-02.cluster-a.openriak'.
2026-09-11 23:03:05.111182+09:00 [info] <0.168.0>@supervisor:report_progress/2:1582 Supervisor: {local,runtime_tools_sup}. Started: id=ttb_autostart,pid=<0.169.0>.
2026-09-11 23:03:05.123876+09:00 [info] <0.44.0>@application_controller:info_started/2:2130 Application: runtime_tools. Started at: 'openriak-kv@node-02.cluster-a.openriak'.
2026-09-11 23:03:05.138583+09:00 [info] <0.44.0>@application_controller:info_started/2:2130 Application: xmerl. Started at: 'openriak-kv@node-02.cluster-a.openriak'.
2026-09-11 23:03:06.457908+09:00 [info] <0.176.0>@supervisor:report_progress/2:1582 Supervisor: {local,httpc_profile_sup}. Started: id=httpc_manager,pid=<0.177.0>.
2026-09-11 23:03:06.481049+09:00 [info] <0.175.0>@supervisor:report_progress/2:1582 Supervisor: {local,httpc_sup}. Started: id=httpc_profile_sup,pid=<0.176.0>.
2026-09-11 23:03:06.540376+09:00 [info] <0.175.0>@supervisor:report_progress/2:1582 Supervisor: {local,httpc_sup}. Started: id=httpc_handler_sup,pid=<0.178.0>.
2026-09-11 23:03:06.543299+09:00 [info] <0.174.0>@supervisor:report_progress/2:1582 Supervisor: {local,inets_sup}. Started: id=httpc_sup,pid=<0.175.0>.
2026-09-11 23:03:06.679741+09:00 [info] <0.174.0>@supervisor:report_progress/2:1582 Supervisor: {local,inets_sup}. Started: id=httpd_sup,pid=<0.179.0>.
2026-09-11 23:03:06.699786+09:00 [info] <0.44.0>@application_controller:info_started/2:2130 Application: inets. Started at: 'openriak-kv@node-02.cluster-a.openriak'.
2026-09-11 23:03:06.720485+09:00 [info] <0.44.0>@application_controller:info_started/2:2130 Application: mochiweb. Started at: 'openriak-kv@node-02.cluster-a.openriak'.
2026-09-11 23:03:07.105082+09:00 [info] <0.184.0>@supervisor:report_progress/2:1582 Supervisor: {local,webmachine_sup}. Started: id=webmachine_logger,pid=<0.185.0>.
2026-09-11 23:03:07.164101+09:00 [info] <0.184.0>@supervisor:report_progress/2:1582 Supervisor: {local,webmachine_sup}. Started: id=webmachine_logger_watcher_sup,pid=<0.186.0>.
2026-09-11 23:03:07.283285+09:00 [info] <0.184.0>@supervisor:report_progress/2:1582 Supervisor: {local,webmachine_sup}. Started: id=webmachine_router,pid=<0.187.0>.
2026-09-11 23:03:07.315795+09:00 [info] <0.44.0>@application_controller:info_started/2:2130 Application: webmachine. Started at: 'openriak-kv@node-02.cluster-a.openriak'.
2026-09-11 23:03:07.346799+09:00 [info] <0.44.0>@application_controller:info_started/2:2130 Application: basho_stats. Started at: 'openriak-kv@node-02.cluster-a.openriak'.
2026-09-11 23:03:07.548155+09:00 [info] <0.192.0>@supervisor:report_progress/2:1582 Supervisor: {local,bitcask_sup}. Started: id=bitcask_merge_worker,pid=<0.193.0>.
2026-09-11 23:03:07.652020+09:00 [info] <0.192.0>@supervisor:report_progress/2:1582 Supervisor: {local,bitcask_sup}. Started: id=bitcask_merge_delete,pid=<0.194.0>.
2026-09-11 23:03:07.656730+09:00 [info] <0.44.0>@application_controller:info_started/2:2130 Application: bitcask. Started at: 'openriak-kv@node-02.cluster-a.openriak'.
2026-09-11 23:03:07.685569+09:00 [info] <0.44.0>@application_controller:info_started/2:2130 Application: getopt. Started at: 'openriak-kv@node-02.cluster-a.openriak'.
2026-09-11 23:03:07.694412+09:00 [info] <0.44.0>@application_controller:info_started/2:2130 Application: cuttlefish. Started at: 'openriak-kv@node-02.cluster-a.openriak'.
2026-09-11 23:03:08.347328+09:00 [info] <0.200.0>@supervisor:report_progress/2:1582 Supervisor: {local,clique_sup}. Started: id=clique_manager,pid=<0.201.0>.
2026-09-11 23:03:08.366744+09:00 [info] <0.44.0>@application_controller:info_started/2:2130 Application: clique. Started at: 'openriak-kv@node-02.cluster-a.openriak'.
2026-09-11 23:03:08.383001+09:00 [info] <0.44.0>@application_controller:info_started/2:2130 Application: eleveldb. Started at: 'openriak-kv@node-02.cluster-a.openriak'.
2026-09-11 23:03:08.395071+09:00 [info] <0.44.0>@application_controller:info_started/2:2130 Application: pbkdf2. Started at: 'openriak-kv@node-02.cluster-a.openriak'.
2026-09-11 23:03:08.411616+09:00 [info] <0.44.0>@application_controller:info_started/2:2130 Application: poolboy. Started at: 'openriak-kv@node-02.cluster-a.openriak'.
2026-09-11 23:03:08.760420+09:00 [info] <0.44.0>@application_controller:info_started/2:2130 Application: cluster_info. Started at: 'openriak-kv@node-02.cluster-a.openriak'.
2026-09-11 23:03:10.164218+09:00 [info] <0.212.0>@supervisor:report_progress/2:1582 Supervisor: {local,riak_core_sup}. Started: id=riak_core_bg_manager,pid=<0.213.0>.
2026-09-11 23:03:10.300093+09:00 [info] <0.212.0>@supervisor:report_progress/2:1582 Supervisor: {local,riak_core_sup}. Started: id=riak_core_sysmon_minder,pid=<0.214.0>.
2026-09-11 23:03:10.345368+09:00 [info] <0.212.0>@supervisor:report_progress/2:1582 Supervisor: {local,riak_core_sup}. Started: id=riak_core_vnode_sup,pid=<0.215.0>.
2026-09-11 23:03:10.392715+09:00 [info] <0.212.0>@supervisor:report_progress/2:1582 Supervisor: {local,riak_core_sup}. Started: id=riak_core_eventhandler_sup,pid=<0.216.0>.
2026-09-11 23:03:10.458197+09:00 [info] <0.212.0>@supervisor:report_progress/2:1582 Supervisor: {local,riak_core_sup}. Started: id=riak_core_dist_mon,pid=<0.217.0>.
2026-09-11 23:03:10.515791+09:00 [info] <0.218.0>@supervisor:report_progress/2:1582 Supervisor: {local,riak_core_handoff_sup}. Started: id=riak_core_handoff_receiver_sup,pid=<0.219.0>.
2026-09-11 23:03:10.556177+09:00 [info] <0.218.0>@supervisor:report_progress/2:1582 Supervisor: {local,riak_core_handoff_sup}. Started: id=riak_core_handoff_sender_sup,pid=<0.220.0>.
2026-09-11 23:03:11.061132+09:00 [info] <0.221.0>@supervisor:report_progress/2:1582 Supervisor: {local,riak_core_handoff_listener_sup}. Started: id=riak_core_handoff_listener,pid=<0.222.0>.
2026-09-11 23:03:11.072166+09:00 [info] <0.218.0>@supervisor:report_progress/2:1582 Supervisor: {local,riak_core_handoff_sup}. Started: id=riak_core_handoff_listener_sup,pid=<0.221.0>.
2026-09-11 23:03:11.424865+09:00 [info] <0.218.0>@supervisor:report_progress/2:1582 Supervisor: {local,riak_core_handoff_sup}. Started: id=riak_core_handoff_manager,pid=<0.224.0>.
2026-09-11 23:03:11.433651+09:00 [info] <0.212.0>@supervisor:report_progress/2:1582 Supervisor: {local,riak_core_sup}. Started: id=riak_core_handoff_sup,pid=<0.218.0>.
2026-09-11 23:03:11.484307+09:00 [info] <0.212.0>@supervisor:report_progress/2:1582 Supervisor: {local,riak_core_sup}. Started: id=riak_core_ring_events,pid=<0.225.0>.
2026-09-11 23:03:25.854166+09:00 [warning] <0.226.0>@riak_core_ring_manager:reload_ring/1:388 No ring file available.
2026-09-11 23:03:27.094624+09:00 [info] <0.212.0>@supervisor:report_progress/2:1582 Supervisor: {local,riak_core_sup}. Started: id=riak_core_ring_manager,pid=<0.226.0>.
2026-09-11 23:03:27.951078+09:00 [info] <0.82.0>@supervisor:report_progress/2:1582 Supervisor: {local,kernel_safe_sup}. Started: id=dets_sup,pid=<0.232.0>.
2026-09-11 23:03:27.964475+09:00 [info] <0.82.0>@supervisor:report_progress/2:1582 Supervisor: {local,kernel_safe_sup}. Started: id=dets,pid=<0.233.0>.
2026-09-11 23:03:29.145565+09:00 [info] <0.212.0>@supervisor:report_progress/2:1582 Supervisor: {local,riak_core_sup}. Started: id=riak_core_metadata_manager,pid=<0.229.0>.
2026-09-11 23:03:31.229258+09:00 [info] <0.212.0>@supervisor:report_progress/2:1582 Supervisor: {local,riak_core_sup}. Started: id=riak_core_metadata_hashtree,pid=<0.239.0>.
2026-09-11 23:03:31.345833+09:00 [info] <0.212.0>@supervisor:report_progress/2:1582 Supervisor: {local,riak_core_sup}. Started: id=riak_core_broadcast,pid=<0.243.0>.
2026-09-11 23:03:31.400306+09:00 [info] <0.212.0>@supervisor:report_progress/2:1582 Supervisor: {local,riak_core_sup}. Started: id=riak_core_vnode_proxy_sup,pid=<0.244.0>.
2026-09-11 23:03:31.438188+09:00 [info] <0.212.0>@supervisor:report_progress/2:1582 Supervisor: {local,riak_core_sup}. Started: id=riak_core_node_watcher_events,pid=<0.245.0>.
2026-09-11 23:03:31.568892+09:00 [info] <0.212.0>@supervisor:report_progress/2:1582 Supervisor: {local,riak_core_sup}. Started: id=riak_core_node_watcher,pid=<0.246.0>.
2026-09-11 23:03:31.758066+09:00 [info] <0.212.0>@supervisor:report_progress/2:1582 Supervisor: {local,riak_core_sup}. Started: id=riak_core_vnode_manager,pid=<0.247.0>.
2026-09-11 23:03:31.842235+09:00 [info] <0.212.0>@supervisor:report_progress/2:1582 Supervisor: {local,riak_core_sup}. Started: id=riak_core_capability,pid=<0.248.0>.
2026-09-11 23:03:31.860867+09:00 [info] <0.212.0>@supervisor:report_progress/2:1582 Supervisor: {local,riak_core_sup}. Started: id=riak_core_gossip,pid=<0.249.0>.
2026-09-11 23:03:32.037412+09:00 [info] <0.212.0>@supervisor:report_progress/2:1582 Supervisor: {local,riak_core_sup}. Started: id=riak_core_claimant,pid=<0.250.0>.
2026-09-11 23:03:32.066574+09:00 [info] <0.212.0>@supervisor:report_progress/2:1582 Supervisor: {local,riak_core_sup}. Started: id=riak_core_table_owner,pid=<0.251.0>.
2026-09-11 23:03:32.165166+09:00 [info] <0.253.0>@supervisor:report_progress/2:1582 Supervisor: {local,riak_core_stats_sup}. Started: id=riak_core_stat_cache,pid=<0.254.0>.
2026-09-11 23:03:32.166725+09:00 [info] <0.252.0>@supervisor:report_progress/2:1582 Supervisor: {local,riak_core_stat_sup}. Started: id=riak_core_stats_sup,pid=<0.253.0>.
2026-09-11 23:03:32.172480+09:00 [info] <0.212.0>@supervisor:report_progress/2:1582 Supervisor: {local,riak_core_sup}. Started: id=riak_core_stat_sup,pid=<0.252.0>.
2026-09-11 23:03:32.211895+09:00 [info] <0.212.0>@supervisor:report_progress/2:1582 Supervisor: {local,riak_core_sup}. Started: id=riak_core_node_worker_pool_sup,pid=<0.255.0>.
2026-09-11 23:03:33.493349+09:00 [info] <0.253.0>@supervisor:report_progress/2:1582 Supervisor: {local,riak_core_stats_sup}. Started: id=riak_core_stat,pid=<0.256.0>.
2026-09-11 23:03:33.698553+09:00 [info] <0.216.0>@supervisor:report_progress/2:1582 Supervisor: {local,riak_core_eventhandler_sup}. Started: id={riak_core_ring_events,riak_core_ring_handler},pid=<0.279.0>.
2026-09-11 23:03:33.720261+09:00 [info] <0.248.0>@riak_core_capability:process_capability_changes/2:557 New capability: {riak_core,vnode_routing} = proxy
2026-09-11 23:03:33.762300+09:00 [info] <0.248.0>@riak_core_capability:process_capability_changes/2:557 New capability: {riak_core,staged_joins} = true
2026-09-11 23:03:33.793057+09:00 [info] <0.248.0>@riak_core_capability:process_capability_changes/2:557 New capability: {riak_core,resizable_ring} = true
2026-09-11 23:03:33.812154+09:00 [info] <0.248.0>@riak_core_capability:process_capability_changes/2:557 New capability: {riak_core,fold_req_version} = v2
2026-09-11 23:03:33.861295+09:00 [info] <0.248.0>@riak_core_capability:process_capability_changes/2:557 New capability: {riak_core,security} = true
2026-09-11 23:03:33.891759+09:00 [info] <0.248.0>@riak_core_capability:process_capability_changes/2:557 New capability: {riak_core,bucket_types} = true
2026-09-11 23:03:33.926066+09:00 [info] <0.248.0>@riak_core_capability:process_capability_changes/2:557 New capability: {riak_core,net_ticktime} = true
2026-09-11 23:03:39.163443+09:00 [info] <0.44.0>@application_controller:info_started/2:2130 Application: riak_core. Started at: 'openriak-kv@node-02.cluster-a.openriak'.
2026-09-11 23:03:39.303814+09:00 [info] <0.248.0>@riak_core_capability:process_capability_changes/2:557 New capability: {riak_pipe,trace_format} = ordsets
2026-09-11 23:03:39.446790+09:00 [info] <0.285.0>@supervisor:report_progress/2:1582 Supervisor: {local,riak_pipe_sup}. Started: id=riak_pipe_vnode_master,pid=<0.286.0>.
2026-09-11 23:03:39.498597+09:00 [info] <0.285.0>@supervisor:report_progress/2:1582 Supervisor: {local,riak_pipe_sup}. Started: id=riak_pipe_builder_sup,pid=<0.287.0>.
2026-09-11 23:03:39.540416+09:00 [info] <0.285.0>@supervisor:report_progress/2:1582 Supervisor: {local,riak_pipe_sup}. Started: id=riak_pipe_fitting_sup,pid=<0.288.0>.
2026-09-11 23:03:39.574961+09:00 [info] <0.285.0>@supervisor:report_progress/2:1582 Supervisor: {local,riak_pipe_sup}. Started: id=riak_pipe_qcover_sup,pid=<0.289.0>.
2026-09-11 23:03:39.671755+09:00 [info] <0.244.0>@supervisor:report_progress/2:1582 Supervisor: {local,riak_core_vnode_proxy_sup}. Started: id={riak_pipe_vnode,0},pid=<0.290.0>.
2026-09-11 23:03:39.687350+09:00 [info] <0.244.0>@supervisor:report_progress/2:1582 Supervisor: {local,riak_core_vnode_proxy_sup}. Started: id={riak_pipe_vnode,182687704666362864775460604089535377456991567872},pid=<0.291.0>.
2026-09-11 23:03:39.692864+09:00 [info] <0.244.0>@supervisor:report_progress/2:1582 Supervisor: {local,riak_core_vnode_proxy_sup}. Started: id={riak_pipe_vnode,365375409332725729550921208179070754913983135744},pid=<0.292.0>.
2026-09-11 23:03:39.703591+09:00 [info] <0.244.0>@supervisor:report_progress/2:1582 Supervisor: {local,riak_core_vnode_proxy_sup}. Started: id={riak_pipe_vnode,548063113999088594326381812268606132370974703616},pid=<0.293.0>.
2026-09-11 23:03:39.708777+09:00 [info] <0.244.0>@supervisor:report_progress/2:1582 Supervisor: {local,riak_core_vnode_proxy_sup}. Started: id={riak_pipe_vnode,730750818665451459101842416358141509827966271488},pid=<0.294.0>.
2026-09-11 23:03:39.716162+09:00 [info] <0.244.0>@supervisor:report_progress/2:1582 Supervisor: {local,riak_core_vnode_proxy_sup}. Started: id={riak_pipe_vnode,913438523331814323877303020447676887284957839360},pid=<0.295.0>.
2026-09-11 23:03:39.725304+09:00 [info] <0.244.0>@supervisor:report_progress/2:1582 Supervisor: {local,riak_core_vnode_proxy_sup}. Started: id={riak_pipe_vnode,1096126227998177188652763624537212264741949407232},pid=<0.296.0>.
2026-09-11 23:03:39.734636+09:00 [info] <0.244.0>@supervisor:report_progress/2:1582 Supervisor: {local,riak_core_vnode_proxy_sup}. Started: id={riak_pipe_vnode,1278813932664540053428224228626747642198940975104},pid=<0.297.0>.
2026-09-11 23:03:39.806889+09:00 [info] <0.253.0>@supervisor:report_progress/2:1582 Supervisor: {local,riak_core_stats_sup}. Started: id=riak_pipe_stat,pid=<0.298.0>.
2026-09-11 23:03:39.846946+09:00 [info] <0.44.0>@application_controller:info_started/2:2130 Application: riak_pipe. Started at: 'openriak-kv@node-02.cluster-a.openriak'.
2026-09-11 23:03:39.856262+09:00 [info] <0.44.0>@application_controller:info_started/2:2130 Application: tools. Started at: 'openriak-kv@node-02.cluster-a.openriak'.
2026-09-11 23:03:39.866234+09:00 [info] <0.44.0>@application_controller:info_started/2:2130 Application: riak_pb. Started at: 'openriak-kv@node-02.cluster-a.openriak'.
2026-09-11 23:03:40.134853+09:00 [info] <0.306.0>@supervisor:report_progress/2:1582 Supervisor: {local,riak_api_sup}. Started: id=riak_api_pb_registration_helper,pid=<0.307.0>.
2026-09-11 23:03:40.219693+09:00 [info] <0.306.0>@supervisor:report_progress/2:1582 Supervisor: {local,riak_api_sup}. Started: id=riak_api_pb_registrar,pid=<0.308.0>.
2026-09-11 23:03:40.262169+09:00 [info] <0.306.0>@supervisor:report_progress/2:1582 Supervisor: {local,riak_api_sup}. Started: id=riak_api_pb_sup,pid=<0.309.0>.
2026-09-11 23:03:40.278685+09:00 [info] <0.306.0>@supervisor:report_progress/2:1582 Supervisor: {local,riak_api_sup}. Started: id=[112,98,58,47,47,34,48,46,48,46,48,46,48,34,58,56,48,56,55],pid=<0.310.0>.
2026-09-11 23:03:41.276472+09:00 [info] <0.306.0>@supervisor:report_progress/2:1582 Supervisor: {local,riak_api_sup}. Started: id=[104,116,116,112,58,47,47,48,46,48,46,48,46,48,58,56,48,57,56],pid=<0.313.0>.
2026-09-11 23:03:41.399230+09:00 [info] <0.253.0>@supervisor:report_progress/2:1582 Supervisor: {local,riak_core_stats_sup}. Started: id=riak_api_stat,pid=<0.330.0>.
2026-09-11 23:03:41.513113+09:00 [info] <0.44.0>@application_controller:info_started/2:2130 Application: riak_api. Started at: 'openriak-kv@node-02.cluster-a.openriak'.
2026-09-11 23:03:41.612313+09:00 [info] <0.44.0>@application_controller:info_started/2:2130 Application: sidejob. Started at: 'openriak-kv@node-02.cluster-a.openriak'.
2026-09-11 23:03:41.632204+09:00 [info] <0.44.0>@application_controller:info_started/2:2130 Application: riak_dt. Started at: 'openriak-kv@node-02.cluster-a.openriak'.
2026-09-11 23:03:41.653554+09:00 [info] <0.44.0>@application_controller:info_started/2:2130 Application: sext. Started at: 'openriak-kv@node-02.cluster-a.openriak'.
2026-09-11 23:03:41.665474+09:00 [info] <0.44.0>@application_controller:info_started/2:2130 Application: lz4. Started at: 'openriak-kv@node-02.cluster-a.openriak'.
2026-09-11 23:03:41.675052+09:00 [info] <0.44.0>@application_controller:info_started/2:2130 Application: zstd. Started at: 'openriak-kv@node-02.cluster-a.openriak'.
2026-09-11 23:03:41.685453+09:00 [info] <0.44.0>@application_controller:info_started/2:2130 Application: leveled. Started at: 'openriak-kv@node-02.cluster-a.openriak'.
2026-09-11 23:03:41.702420+09:00 [info] <0.44.0>@application_controller:info_started/2:2130 Application: kv_index_tictactree. Started at: 'openriak-kv@node-02.cluster-a.openriak'.
2026-09-11 23:03:41.718816+09:00 [info] <0.44.0>@application_controller:info_started/2:2130 Application: hyper. Started at: 'openriak-kv@node-02.cluster-a.openriak'.
2026-09-11 23:03:41.729551+09:00 [info] <0.44.0>@application_controller:info_started/2:2130 Application: redbug. Started at: 'openriak-kv@node-02.cluster-a.openriak'.
2026-09-11 23:03:41.745960+09:00 [info] <0.44.0>@application_controller:info_started/2:2130 Application: recon. Started at: 'openriak-kv@node-02.cluster-a.openriak'.
2026-09-11 23:03:41.767911+09:00 [info] <0.44.0>@application_controller:info_started/2:2130 Application: riakc. Started at: 'openriak-kv@node-02.cluster-a.openriak'.
2026-09-11 23:03:42.066640+09:00 [info] <0.247.0>@riak_core_vnode_manager:update_never_started/4:1026 Update never started for Mod riak_pipe_vnode with count 8 to be added to 0
2026-09-11 23:03:42.080558+09:00 [info] <0.351.0>@riak_core_vnode_manager:get_vnode/3:733 Will start VNode for partition 0 riak_pipe_vnode
2026-09-11 23:03:43.041374+09:00 [info] <0.352.0>@supervisor:report_progress/2:1582 Supervisor: {local,ibrowse_sup}. Started: id=ibrowse,pid=<0.354.0>.
2026-09-11 23:03:43.057060+09:00 [info] <0.44.0>@application_controller:info_started/2:2130 Application: ibrowse. Started at: 'openriak-kv@node-02.cluster-a.openriak'.
2026-09-11 23:03:43.068380+09:00 [info] <0.44.0>@application_controller:info_started/2:2130 Application: rhc. Started at: 'openriak-kv@node-02.cluster-a.openriak'.
2026-09-11 23:03:43.235990+09:00 [info] <0.351.0>@riak_core_vnode_manager:get_vnode/3:743 VNode initialization ready <0.355.0> 0 riak_pipe_vnode
2026-09-11 23:03:43.286613+09:00 [info] <0.362.0>@riak_core_vnode_manager:get_vnode/3:733 Will start VNode for partition 182687704666362864775460604089535377456991567872 riak_pipe_vnode
2026-09-11 23:03:43.337503+09:00 [info] <0.362.0>@riak_core_vnode_manager:get_vnode/3:743 VNode initialization ready <0.363.0> 182687704666362864775460604089535377456991567872 riak_pipe_vnode
2026-09-11 23:03:43.349789+09:00 [info] <0.381.0>@riak_core_vnode_manager:get_vnode/3:733 Will start VNode for partition 365375409332725729550921208179070754913983135744 riak_pipe_vnode
2026-09-11 23:03:43.375763+09:00 [info] <0.381.0>@riak_core_vnode_manager:get_vnode/3:743 VNode initialization ready <0.382.0> 365375409332725729550921208179070754913983135744 riak_pipe_vnode
2026-09-11 23:03:43.378099+09:00 [info] <0.384.0>@riak_core_vnode_manager:get_vnode/3:733 Will start VNode for partition 548063113999088594326381812268606132370974703616 riak_pipe_vnode
2026-09-11 23:03:43.415993+09:00 [info] <0.384.0>@riak_core_vnode_manager:get_vnode/3:743 VNode initialization ready <0.385.0> 548063113999088594326381812268606132370974703616 riak_pipe_vnode
2026-09-11 23:03:43.442978+09:00 [info] <0.387.0>@riak_core_vnode_manager:get_vnode/3:733 Will start VNode for partition 730750818665451459101842416358141509827966271488 riak_pipe_vnode
2026-09-11 23:03:43.488899+09:00 [info] <0.387.0>@riak_core_vnode_manager:get_vnode/3:743 VNode initialization ready <0.388.0> 730750818665451459101842416358141509827966271488 riak_pipe_vnode
2026-09-11 23:03:43.499311+09:00 [info] <0.390.0>@riak_core_vnode_manager:get_vnode/3:733 Will start VNode for partition 913438523331814323877303020447676887284957839360 riak_pipe_vnode
2026-09-11 23:03:43.538675+09:00 [info] <0.390.0>@riak_core_vnode_manager:get_vnode/3:743 VNode initialization ready <0.391.0> 913438523331814323877303020447676887284957839360 riak_pipe_vnode
2026-09-11 23:03:43.552504+09:00 [info] <0.393.0>@riak_core_vnode_manager:get_vnode/3:733 Will start VNode for partition 1096126227998177188652763624537212264741949407232 riak_pipe_vnode
2026-09-11 23:03:43.566944+09:00 [info] <0.393.0>@riak_core_vnode_manager:get_vnode/3:743 VNode initialization ready <0.394.0> 1096126227998177188652763624537212264741949407232 riak_pipe_vnode
2026-09-11 23:03:43.571432+09:00 [info] <0.396.0>@riak_core_vnode_manager:get_vnode/3:733 Will start VNode for partition 1278813932664540053428224228626747642198940975104 riak_pipe_vnode
2026-09-11 23:03:43.593976+09:00 [info] <0.396.0>@riak_core_vnode_manager:get_vnode/3:743 VNode initialization ready <0.397.0> 1278813932664540053428224228626747642198940975104 riak_pipe_vnode
2026-09-11 23:03:44.711388+09:00 [info] <0.401.0>@supervisor:report_progress/2:1582 Supervisor: {local,riak_kv_put_fsm_sj_worker_sup}. Started: id=riak_kv_put_fsm_sj_1,pid=<0.402.0>.
2026-09-11 23:03:44.720998+09:00 [info] <0.401.0>@supervisor:report_progress/2:1582 Supervisor: {local,riak_kv_put_fsm_sj_worker_sup}. Started: id=riak_kv_put_fsm_sj_2,pid=<0.403.0>.
2026-09-11 23:03:44.725887+09:00 [info] <0.401.0>@supervisor:report_progress/2:1582 Supervisor: {local,riak_kv_put_fsm_sj_worker_sup}. Started: id=riak_kv_put_fsm_sj_3,pid=<0.404.0>.
2026-09-11 23:03:44.761644+09:00 [info] <0.401.0>@supervisor:report_progress/2:1582 Supervisor: {local,riak_kv_put_fsm_sj_worker_sup}. Started: id=riak_kv_put_fsm_sj_4,pid=<0.405.0>.
2026-09-11 23:03:44.772656+09:00 [info] <0.400.0>@supervisor:report_progress/2:1582 Supervisor: {local,riak_kv_put_fsm_sj}. Started: id=sidejob_worker_sup,pid=<0.401.0>.
2026-09-11 23:03:44.774786+09:00 [info] <0.400.0>@supervisor:report_progress/2:1582 Supervisor: {local,riak_kv_put_fsm_sj}. Started: id=riak_kv_put_fsm_sj_stats,pid=<0.406.0>.
2026-09-11 23:03:44.784703+09:00 [info] <0.335.0>@supervisor:report_progress/2:1582 Supervisor: {local,sidejob_sup}. Started: id=riak_kv_put_fsm_sj,pid=<0.400.0>.
2026-09-11 23:03:44.946342+09:00 [info] <0.409.0>@supervisor:report_progress/2:1582 Supervisor: {local,riak_kv_get_fsm_sj_worker_sup}. Started: id=riak_kv_get_fsm_sj_1,pid=<0.410.0>.
2026-09-11 23:03:44.961556+09:00 [info] <0.409.0>@supervisor:report_progress/2:1582 Supervisor: {local,riak_kv_get_fsm_sj_worker_sup}. Started: id=riak_kv_get_fsm_sj_2,pid=<0.411.0>.
2026-09-11 23:03:44.971410+09:00 [info] <0.409.0>@supervisor:report_progress/2:1582 Supervisor: {local,riak_kv_get_fsm_sj_worker_sup}. Started: id=riak_kv_get_fsm_sj_3,pid=<0.412.0>.
2026-09-11 23:03:44.988918+09:00 [info] <0.409.0>@supervisor:report_progress/2:1582 Supervisor: {local,riak_kv_get_fsm_sj_worker_sup}. Started: id=riak_kv_get_fsm_sj_4,pid=<0.413.0>.
2026-09-11 23:03:44.991820+09:00 [info] <0.408.0>@supervisor:report_progress/2:1582 Supervisor: {local,riak_kv_get_fsm_sj}. Started: id=sidejob_worker_sup,pid=<0.409.0>.
2026-09-11 23:03:45.004710+09:00 [info] <0.408.0>@supervisor:report_progress/2:1582 Supervisor: {local,riak_kv_get_fsm_sj}. Started: id=riak_kv_get_fsm_sj_stats,pid=<0.414.0>.
2026-09-11 23:03:45.015418+09:00 [info] <0.335.0>@supervisor:report_progress/2:1582 Supervisor: {local,sidejob_sup}. Started: id=riak_kv_get_fsm_sj,pid=<0.408.0>.
2026-09-11 23:03:45.458975+09:00 [info] <0.417.0>@supervisor:report_progress/2:1582 Supervisor: {local,riak_kv_stat_sj_worker_sup}. Started: id=riak_kv_stat_sj_1,pid=<0.418.0>.
2026-09-11 23:03:45.466239+09:00 [info] <0.417.0>@supervisor:report_progress/2:1582 Supervisor: {local,riak_kv_stat_sj_worker_sup}. Started: id=riak_kv_stat_sj_2,pid=<0.435.0>.
2026-09-11 23:03:45.492682+09:00 [info] <0.417.0>@supervisor:report_progress/2:1582 Supervisor: {local,riak_kv_stat_sj_worker_sup}. Started: id=riak_kv_stat_sj_3,pid=<0.436.0>.
2026-09-11 23:03:45.496652+09:00 [info] <0.417.0>@supervisor:report_progress/2:1582 Supervisor: {local,riak_kv_stat_sj_worker_sup}. Started: id=riak_kv_stat_sj_4,pid=<0.437.0>.
2026-09-11 23:03:45.498169+09:00 [info] <0.416.0>@supervisor:report_progress/2:1582 Supervisor: {local,riak_kv_stat_sj}. Started: id=sidejob_worker_sup,pid=<0.417.0>.
2026-09-11 23:03:45.500084+09:00 [info] <0.416.0>@supervisor:report_progress/2:1582 Supervisor: {local,riak_kv_stat_sj}. Started: id=riak_kv_stat_sj_stats,pid=<0.438.0>.
2026-09-11 23:03:45.501455+09:00 [info] <0.335.0>@supervisor:report_progress/2:1582 Supervisor: {local,sidejob_sup}. Started: id=riak_kv_stat_sj,pid=<0.416.0>.
2026-09-11 23:03:45.839417+09:00 [info] <0.360.0>@riak_kv_env:doc_env/0:88 Environment and OS variables:
2026-09-11 23:03:46.587696+09:00 [info] <0.248.0>@riak_core_capability:process_capability_changes/2:557 New capability: {riak_kv,object_hash_version} = 0
2026-09-11 23:03:46.651306+09:00 [info] <0.248.0>@riak_core_capability:process_capability_changes/2:557 New capability: {riak_kv,anti_entropy} = enabled_v1
2026-09-11 23:03:46.743728+09:00 [info] <0.440.0>@riak_core_throttle:enable_throttle/2:121 Enabling throttle for riak_kv/aae_throttle.
2026-09-11 23:03:46.761768+09:00 [info] <0.439.0>@supervisor:report_progress/2:1582 Supervisor: {local,riak_kv_sup}. Started: id=riak_kv_entropy_manager,pid=<0.440.0>.
2026-09-11 23:03:47.386160+09:00 [info] <0.439.0>@supervisor:report_progress/2:1582 Supervisor: {local,riak_kv_sup}. Started: id=riak_kv_ttaaefs_manager,pid=<0.441.0>.
2026-09-11 23:03:47.792481+09:00 [info] <0.439.0>@supervisor:report_progress/2:1582 Supervisor: {local,riak_kv_sup}. Started: id=riak_kv_replrtq_src,pid=<0.458.0>.
2026-09-11 23:03:48.020869+09:00 [info] <0.439.0>@supervisor:report_progress/2:1582 Supervisor: {local,riak_kv_sup}. Started: id=riak_kv_replrtq_snk,pid=<0.460.0>.
2026-09-11 23:03:48.134744+09:00 [info] <0.439.0>@supervisor:report_progress/2:1582 Supervisor: {local,riak_kv_sup}. Started: id=riak_kv_replrtq_peer,pid=<0.461.0>.
2026-09-11 23:03:48.316385+09:00 [info] <0.439.0>@supervisor:report_progress/2:1582 Supervisor: {local,riak_kv_sup}. Started: id=riak_kv_reaper,pid=<0.462.0>.
2026-09-11 23:03:48.377340+09:00 [info] <0.439.0>@supervisor:report_progress/2:1582 Supervisor: {local,riak_kv_sup}. Started: id=riak_kv_eraser,pid=<0.463.0>.
2026-09-11 23:03:48.432408+09:00 [info] <0.439.0>@supervisor:report_progress/2:1582 Supervisor: {local,riak_kv_sup}. Started: id=riak_kv_reader,pid=<0.464.0>.
2026-09-11 23:03:48.614290+09:00 [info] <0.439.0>@supervisor:report_progress/2:1582 Supervisor: {local,riak_kv_sup}. Started: id=riak_kv_token_manager,pid=<0.465.0>.
2026-09-11 23:03:48.635922+09:00 [info] <0.439.0>@supervisor:report_progress/2:1582 Supervisor: {local,riak_kv_sup}. Started: id=riak_kv_vnode_master,pid=<0.466.0>.
2026-09-11 23:03:48.653429+09:00 [info] <0.466.0>@riak_core:wait_for_service/2:498 Waiting for service riak_kv to start (0 seconds)
2026-09-11 23:03:48.843837+09:00 [info] <0.467.0>@supervisor:report_progress/2:1582 Supervisor: {local,riak_kv_w1c_sup}. Started: id=riak_kv_w1c_worker00,pid=<0.468.0>.
2026-09-11 23:03:48.861842+09:00 [info] <0.467.0>@supervisor:report_progress/2:1582 Supervisor: {local,riak_kv_w1c_sup}. Started: id=riak_kv_w1c_worker01,pid=<0.469.0>.
2026-09-11 23:03:48.870271+09:00 [info] <0.467.0>@supervisor:report_progress/2:1582 Supervisor: {local,riak_kv_w1c_sup}. Started: id=riak_kv_w1c_worker02,pid=<0.470.0>.
2026-09-11 23:03:48.876382+09:00 [info] <0.467.0>@supervisor:report_progress/2:1582 Supervisor: {local,riak_kv_w1c_sup}. Started: id=riak_kv_w1c_worker03,pid=<0.471.0>.
2026-09-11 23:03:48.891735+09:00 [info] <0.467.0>@supervisor:report_progress/2:1582 Supervisor: {local,riak_kv_w1c_sup}. Started: id=riak_kv_w1c_worker04,pid=<0.472.0>.
2026-09-11 23:03:48.893345+09:00 [info] <0.467.0>@supervisor:report_progress/2:1582 Supervisor: {local,riak_kv_w1c_sup}. Started: id=riak_kv_w1c_worker05,pid=<0.473.0>.
2026-09-11 23:03:48.909261+09:00 [info] <0.467.0>@supervisor:report_progress/2:1582 Supervisor: {local,riak_kv_w1c_sup}. Started: id=riak_kv_w1c_worker06,pid=<0.474.0>.
2026-09-11 23:03:48.919252+09:00 [info] <0.467.0>@supervisor:report_progress/2:1582 Supervisor: {local,riak_kv_w1c_sup}. Started: id=riak_kv_w1c_worker07,pid=<0.475.0>.
2026-09-11 23:03:48.921904+09:00 [info] <0.439.0>@supervisor:report_progress/2:1582 Supervisor: {local,riak_kv_sup}. Started: id=riak_kv_w1c_sup,pid=<0.467.0>.
2026-09-11 23:03:48.990270+09:00 [info] <0.439.0>@supervisor:report_progress/2:1582 Supervisor: {local,riak_kv_sup}. Started: id=riak_kv_delete_sup,pid=<0.476.0>.
2026-09-11 23:03:49.069385+09:00 [info] <0.439.0>@supervisor:report_progress/2:1582 Supervisor: {local,riak_kv_sup}. Started: id=riak_kv_mrc_sink_sup,pid=<0.477.0>.
2026-09-11 23:03:49.117936+09:00 [info] <0.439.0>@supervisor:report_progress/2:1582 Supervisor: {local,riak_kv_sup}. Started: id=riak_kv_buckets_fsm_sup,pid=<0.478.0>.
2026-09-11 23:03:49.176373+09:00 [info] <0.439.0>@supervisor:report_progress/2:1582 Supervisor: {local,riak_kv_sup}. Started: id=riak_kv_keys_fsm_sup,pid=<0.479.0>.
2026-09-11 23:03:49.243541+09:00 [info] <0.439.0>@supervisor:report_progress/2:1582 Supervisor: {local,riak_kv_sup}. Started: id=riak_kv_index_fsm_sup,pid=<0.480.0>.
2026-09-11 23:03:49.314033+09:00 [info] <0.439.0>@supervisor:report_progress/2:1582 Supervisor: {local,riak_kv_sup}. Started: id=riak_kv_query_sup,pid=<0.482.0>.
2026-09-11 23:03:49.379429+09:00 [info] <0.439.0>@supervisor:report_progress/2:1582 Supervisor: {local,riak_kv_sup}. Started: id=riak_kv_query_filebuffer_sup,pid=<0.489.0>.
2026-09-11 23:03:49.458500+09:00 [info] <0.439.0>@supervisor:report_progress/2:1582 Supervisor: {local,riak_kv_sup}. Started: id=riak_kv_clusteraae_fsm_sup,pid=<0.500.0>.
2026-09-11 23:03:49.516153+09:00 [info] <0.439.0>@supervisor:report_progress/2:1582 Supervisor: {local,riak_kv_sup}. Started: id=riak_kv_hotbackup_fsm_sup,pid=<0.501.0>.
2026-09-11 23:03:49.586817+09:00 [info] <0.439.0>@supervisor:report_progress/2:1582 Supervisor: {local,riak_kv_sup}. Started: id=riak_kv_http_cache,pid=<0.502.0>.
2026-09-11 23:03:49.594897+09:00 [info] <0.248.0>@riak_core_capability:process_capability_changes/2:557 New capability: {riak_kv,vnode_vclocks} = true
2026-09-11 23:03:49.627193+09:00 [info] <0.248.0>@riak_core_capability:process_capability_changes/2:557 New capability: {riak_kv,legacy_keylisting} = false
2026-09-11 23:03:49.660553+09:00 [info] <0.248.0>@riak_core_capability:process_capability_changes/2:557 New capability: {riak_kv,listkeys_backpressure} = true
2026-09-11 23:03:49.697310+09:00 [info] <0.248.0>@riak_core_capability:process_capability_changes/2:557 New capability: {riak_kv,index_backpressure} = true
2026-09-11 23:03:49.747230+09:00 [info] <0.248.0>@riak_core_capability:process_capability_changes/2:557 New capability: {riak_kv,mapred_system} = pipe
2026-09-11 23:03:49.786670+09:00 [info] <0.248.0>@riak_core_capability:process_capability_changes/2:557 New capability: {riak_kv,mapred_2i_pipe} = true
2026-09-11 23:03:49.818106+09:00 [info] <0.248.0>@riak_core_capability:process_capability_changes/2:557 New capability: {riak_kv,handoff_data_encoding} = encode_raw
2026-09-11 23:03:49.854944+09:00 [info] <0.248.0>@riak_core_capability:process_capability_changes/2:557 New capability: {riak_kv,object_format} = v1
2026-09-11 23:03:49.894994+09:00 [info] <0.248.0>@riak_core_capability:process_capability_changes/2:557 New capability: {riak_kv,secondary_index_version} = v3
2026-09-11 23:03:49.926917+09:00 [info] <0.248.0>@riak_core_capability:process_capability_changes/2:557 New capability: {riak_kv,vclock_data_encoding} = encode_zlib
2026-09-11 23:03:50.000740+09:00 [info] <0.248.0>@riak_core_capability:process_capability_changes/2:557 New capability: {riak_kv,crdt} = [pncounter,riak_dt_pncounter,riak_dt_orswot,riak_dt_map,riak_kv_hll,riak_dt_gset]
2026-09-11 23:03:50.058870+09:00 [info] <0.248.0>@riak_core_capability:process_capability_changes/2:557 New capability: {riak_kv,crdt_epoch_versions} = [{riak_dt_map,2},{riak_dt_orswot,2},{riak_dt_pncounter,2},{riak_kv_hll,1},{riak_dt_gset,2}]
2026-09-11 23:03:50.108885+09:00 [info] <0.248.0>@riak_core_capability:process_capability_changes/2:557 New capability: {riak_kv,put_fsm_ack_execute} = enabled
2026-09-11 23:03:50.151914+09:00 [info] <0.248.0>@riak_core_capability:process_capability_changes/2:557 New capability: {riak_kv,get_request_type} = head
2026-09-11 23:03:50.205987+09:00 [info] <0.248.0>@riak_core_capability:process_capability_changes/2:557 New capability: {riak_kv,put_soft_limit} = true
2026-09-11 23:03:50.250129+09:00 [info] <0.248.0>@riak_core_capability:process_capability_changes/2:557 New capability: {riak_kv,tictacaae_prompted_repairs} = true
2026-09-11 23:03:50.304132+09:00 [info] <0.244.0>@supervisor:report_progress/2:1582 Supervisor: {local,riak_core_vnode_proxy_sup}. Started: id={riak_kv_vnode,0},pid=<0.503.0>.
2026-09-11 23:03:50.318726+09:00 [info] <0.244.0>@supervisor:report_progress/2:1582 Supervisor: {local,riak_core_vnode_proxy_sup}. Started: id={riak_kv_vnode,182687704666362864775460604089535377456991567872},pid=<0.504.0>.
2026-09-11 23:03:50.334860+09:00 [info] <0.244.0>@supervisor:report_progress/2:1582 Supervisor: {local,riak_core_vnode_proxy_sup}. Started: id={riak_kv_vnode,365375409332725729550921208179070754913983135744},pid=<0.505.0>.
2026-09-11 23:03:50.357063+09:00 [info] <0.244.0>@supervisor:report_progress/2:1582 Supervisor: {local,riak_core_vnode_proxy_sup}. Started: id={riak_kv_vnode,548063113999088594326381812268606132370974703616},pid=<0.506.0>.
2026-09-11 23:03:50.368164+09:00 [info] <0.244.0>@supervisor:report_progress/2:1582 Supervisor: {local,riak_core_vnode_proxy_sup}. Started: id={riak_kv_vnode,730750818665451459101842416358141509827966271488},pid=<0.507.0>.
2026-09-11 23:03:50.394413+09:00 [info] <0.244.0>@supervisor:report_progress/2:1582 Supervisor: {local,riak_core_vnode_proxy_sup}. Started: id={riak_kv_vnode,913438523331814323877303020447676887284957839360},pid=<0.508.0>.
2026-09-11 23:03:50.419591+09:00 [info] <0.244.0>@supervisor:report_progress/2:1582 Supervisor: {local,riak_core_vnode_proxy_sup}. Started: id={riak_kv_vnode,1096126227998177188652763624537212264741949407232},pid=<0.509.0>.
2026-09-11 23:03:50.437625+09:00 [info] <0.244.0>@supervisor:report_progress/2:1582 Supervisor: {local,riak_core_vnode_proxy_sup}. Started: id={riak_kv_vnode,1278813932664540053428224228626747642198940975104},pid=<0.510.0>.
2026-09-11 23:03:51.783507+09:00 [info] <0.247.0>@riak_core_vnode_manager:update_never_started/4:1026 Update never started for Mod riak_kv_vnode with count 8 to be added to 0
2026-09-11 23:03:51.806347+09:00 [info] <0.645.0>@riak_core:wait_for_application/2:478 Waiting for application riak_kv to start (0 seconds).
2026-09-11 23:03:51.800426+09:00 [info] <0.649.0>@riak_core_vnode_manager:get_vnode/3:733 Will start VNode for partition 0 riak_kv_vnode
2026-09-11 23:03:52.149948+09:00 [info] <0.253.0>@supervisor:report_progress/2:1582 Supervisor: {local,riak_core_stats_sup}. Started: id=riak_kv_stat,pid=<0.511.0>.
2026-09-11 23:03:54.607289+09:00 [info] <0.255.0>@riak_core_node_worker_pool:start_link/5:85 Registered worker pool of type af1_pool and size 2
2026-09-11 23:03:54.622431+09:00 [info] <0.255.0>@supervisor:report_progress/2:1582 Supervisor: {local,riak_core_node_worker_pool_sup}. Started: id=af1_pool,pid=<0.675.0>.
2026-09-11 23:03:54.640756+09:00 [info] <0.255.0>@riak_core_node_worker_pool:start_link/5:85 Registered worker pool of type af2_pool and size 1
2026-09-11 23:03:54.641868+09:00 [info] <0.255.0>@supervisor:report_progress/2:1582 Supervisor: {local,riak_core_node_worker_pool_sup}. Started: id=af2_pool,pid=<0.699.0>.
2026-09-11 23:03:54.698706+09:00 [info] <0.255.0>@riak_core_node_worker_pool:start_link/5:85 Registered worker pool of type af3_pool and size 4
2026-09-11 23:03:54.706231+09:00 [info] <0.255.0>@supervisor:report_progress/2:1582 Supervisor: {local,riak_core_node_worker_pool_sup}. Started: id=af3_pool,pid=<0.703.0>.
2026-09-11 23:03:54.716159+09:00 [info] <0.255.0>@riak_core_node_worker_pool:start_link/5:85 Registered worker pool of type af4_pool and size 1
2026-09-11 23:03:54.717229+09:00 [info] <0.255.0>@supervisor:report_progress/2:1582 Supervisor: {local,riak_core_node_worker_pool_sup}. Started: id=af4_pool,pid=<0.710.0>.
2026-09-11 23:03:54.727226+09:00 [info] <0.255.0>@riak_core_node_worker_pool:start_link/5:85 Registered worker pool of type be_pool and size 1
2026-09-11 23:03:54.738570+09:00 [info] <0.255.0>@supervisor:report_progress/2:1582 Supervisor: {local,riak_core_node_worker_pool_sup}. Started: id=be_pool,pid=<0.714.0>.
2026-09-11 23:03:56.390641+09:00 [info] <0.44.0>@application_controller:info_started/2:2130 Application: riak_kv. Started at: 'openriak-kv@node-02.cluster-a.openriak'.
2026-09-11 23:03:56.393594+09:00 [info] <0.44.0>@application_controller:info_started/2:2130 Application: ebloom. Started at: 'openriak-kv@node-02.cluster-a.openriak'.
2026-09-11 23:03:56.408697+09:00 [info] <0.44.0>@application_controller:info_started/2:2130 Application: bear. Started at: 'openriak-kv@node-02.cluster-a.openriak'.
2026-09-11 23:03:56.494141+09:00 [info] <0.645.0>@riak_core:wait_for_application/2:472 Wait complete for application riak_kv (4 seconds)
2026-09-11 23:03:57.097425+09:00 [info] <0.742.0>@supervisor:report_progress/2:1582 Supervisor: {local,folsom_sup}. Started: id=folsom_sample_slide_sup,pid=<0.743.0>.
2026-09-11 23:03:57.384538+09:00 [info] <0.742.0>@supervisor:report_progress/2:1582 Supervisor: {local,folsom_sup}. Started: id=folsom_meter_timer_server,pid=<0.745.0>.
2026-09-11 23:03:57.411661+09:00 [info] <0.741.0>@leveled_inker:open_all_manifest/3:1273 log_ref=i0011 db_id=0 Manifest is empty, starting from manifest SQN 1
2026-09-11 23:03:57.503133+09:00 [info] <0.742.0>@supervisor:report_progress/2:1582 Supervisor: {local,folsom_sup}. Started: id=folsom_metrics_histogram_ets,pid=<0.762.0>.
2026-09-11 23:03:58.259936+09:00 [info] <0.742.0>@supervisor:report_progress/2:1582 Supervisor: {local,folsom_sup}. Started: id=folsom_metrics_spiral,pid=<0.764.0>.
2026-09-11 23:03:59.047601+09:00 [info] <0.742.0>@supervisor:report_progress/2:1582 Supervisor: {local,folsom_sup}. Started: id=folsom_metrics_history,pid=<0.769.0>.
2026-09-11 23:03:59.211312+09:00 [info] <0.742.0>@supervisor:report_progress/2:1582 Supervisor: {local,folsom_sup}. Started: id=folsom_metrics_histogram,pid=<0.770.0>.
2026-09-11 23:03:59.680563+09:00 [info] <0.742.0>@supervisor:report_progress/2:1582 Supervisor: {local,folsom_sup}. Started: id=folsom_metrics_duration,pid=<0.788.0>.
2026-09-11 23:03:59.747225+09:00 [info] <0.789.0>@leveled_cdb:starting/3:479 log_ref=cdb01 db_id=0 Opening file for writing with filename /var/lib/riak/leveled/0/journal/journal_files/0_a10858af-6438-4cf7-875b-616d54ea4427.pnd
2026-09-11 23:03:59.812037+09:00 [info] <0.741.0>@leveled_inker:build_manifest/3:1242 log_ref=i0009 db_id=0 Updated manifest on startup:
2026-09-11 23:03:59.868091+09:00 [info] <0.742.0>@supervisor:report_progress/2:1582 Supervisor: {local,folsom_sup}. Started: id=folsom_metrics_counter,pid=<0.790.0>.
2026-09-11 23:03:59.860751+09:00 [info] <0.741.0>@leveled_imanifest:writer/3:187 log_ref=i0016 db_id=0 Writing new version of manifest for manifestSQN=2
2026-09-11 23:03:59.922736+09:00 [info] <0.742.0>@supervisor:report_progress/2:1582 Supervisor: {local,folsom_sup}. Started: id=folsom_metrics_gauge,pid=<0.791.0>.
2026-09-11 23:04:00.253959+09:00 [info] <0.742.0>@supervisor:report_progress/2:1582 Supervisor: {local,folsom_sup}. Started: id=folsom_metrics_meter,pid=<0.792.0>.
2026-09-11 23:04:00.588195+09:00 [info] <0.742.0>@supervisor:report_progress/2:1582 Supervisor: {local,folsom_sup}. Started: id=folsom_metrics_meter_reader,pid=<0.794.0>.
2026-09-11 23:04:00.590508+09:00 [info] <0.44.0>@application_controller:info_started/2:2130 Application: folsom. Started at: 'openriak-kv@node-02.cluster-a.openriak'.
2026-09-11 23:04:00.668020+09:00 [info] <0.793.0>@leveled_pclerk:clerk_new/3:78 log_ref=pc001 db_id=0 Penciller's clerk <0.798.0> started with owner <0.793.0>
2026-09-11 23:04:01.023279+09:00 [info] <0.793.0>@leveled_pmanifest:open_manifestfile/2:1180 log_ref=p0013 db_id=0 Seqence number of 0 indicates no valid manifest
2026-09-11 23:04:01.258192+09:00 [info] <0.793.0>@leveled_penciller:start_from_file/1:1532 log_ref=p0014 db_id=0 Maximum sequence number of 0 found in nonzero levels
2026-09-11 23:04:01.260031+09:00 [info] <0.793.0>@leveled_penciller:start_from_file/1:1534 log_ref=p0035 db_id=0 Startup with Manifest SQN of 0
2026-09-11 23:04:01.273667+09:00 [info] <0.799.0>@supervisor:report_progress/2:1582 Supervisor: {local,ranch_sup}. Started: id=ranch_server,pid=<0.800.0>.
2026-09-11 23:04:01.277287+09:00 [info] <0.44.0>@application_controller:info_started/2:2130 Application: ranch. Started at: 'openriak-kv@node-02.cluster-a.openriak'.
2026-09-11 23:04:01.290357+09:00 [info] <0.793.0>@leveled_penciller:start_from_file/1:1562 log_ref=p0017 db_id=0 No L0 file found
2026-09-11 23:04:01.585246+09:00 [info] <0.718.0>@leveled_bookie:startup/2:2017 log_ref=b0005 db_id=0 LedgerSQN=0 at startup
2026-09-11 23:04:01.599069+09:00 [info] <0.803.0>@riak_core:wait_for_service/2:498 Waiting for service riak_kv to start (0 seconds)
2026-09-11 23:04:01.590898+09:00 [info] <0.741.0>@leveled_bookie:startup/2:2028 log_ref=i0014 db_id=0 On startup loading from filename /var/lib/riak/leveled/0/journal/journal_files/0_a10858af-6438-4cf7-875b-616d54ea4427 from SQN 1
2026-09-11 23:04:01.625016+09:00 [info] <0.718.0>@leveled_bookie:init/1:1428 log_ref=b0001 db_id=0 Bookie starting with Ink <0.741.0> Pcl <0.793.0>
2026-09-11 23:04:01.666520+09:00 [info] <0.650.0>@riak_kv_leveled_backend:schedule_journalcompaction/4:903 Schedule compaction for interval 940 on partition 0
2026-09-11 23:04:04.268983+09:00 [info] <0.838.0>@aae_controller:init/1:674 log_ref=aae02 Native KeyStore type leveled_nko startup request
2026-09-11 23:04:04.309500+09:00 [warning] <0.839.0>@aae_keystore:open_manifest/1:1526 log_ref=ks002 No valid manifest found for AAE keystore at /var/lib/riak/tictac_aae/0/leveled_nko/keystore reason not_present
2026-09-11 23:04:04.641748+09:00 [info] <0.840.0>@aae_treecache:init/1:224 log_ref=c0005 Starting cache with is_restored=false and IndexN of {1096126227998177188652763624537212264741949407232,3}
2026-09-11 23:04:04.651360+09:00 [info] <0.841.0>@aae_treecache:init/1:224 log_ref=c0005 Starting cache with is_restored=false and IndexN of {1278813932664540053428224228626747642198940975104,3}
2026-09-11 23:04:04.688096+09:00 [info] <0.842.0>@aae_treecache:init/1:224 log_ref=c0005 Starting cache with is_restored=false and IndexN of {0,3}
2026-09-11 23:04:04.746411+09:00 [info] <0.838.0>@aae_controller:init/1:719 log_ref=aae10 AAE controller started with IndexNs [{1096126227998177188652763624537212264741949407232,3},{1278813932664540053428224228626747642198940975104,3},{0,3}] and StoreType {native,leveled_nko,<0.718.0>}
2026-09-11 23:04:04.750646+09:00 [info] <0.650.0>@riak_kv_vnode:maybe_start_aaecontroller/2:415 AAE Controller started with pid=<0.838.0>
2026-09-11 23:04:04.815614+09:00 [info] <0.649.0>@riak_core_vnode_manager:get_vnode/3:743 VNode initialization ready <0.650.0> 0 riak_kv_vnode
2026-09-11 23:04:04.826431+09:00 [info] <0.853.0>@riak_core_vnode_manager:get_vnode/3:733 Will start VNode for partition 365375409332725729550921208179070754913983135744 riak_kv_vnode
2026-09-11 23:04:04.828033+09:00 [info] <0.854.0>@riak_core_vnode_manager:get_vnode/3:733 Will start VNode for partition 548063113999088594326381812268606132370974703616 riak_kv_vnode
2026-09-11 23:04:04.824005+09:00 [info] <0.852.0>@riak_core_vnode_manager:get_vnode/3:733 Will start VNode for partition 182687704666362864775460604089535377456991567872 riak_kv_vnode
2026-09-11 23:04:04.830764+09:00 [info] <0.855.0>@riak_core_vnode_manager:get_vnode/3:733 Will start VNode for partition 730750818665451459101842416358141509827966271488 riak_kv_vnode
2026-09-11 23:04:04.831708+09:00 [info] <0.856.0>@riak_core_vnode_manager:get_vnode/3:733 Will start VNode for partition 913438523331814323877303020447676887284957839360 riak_kv_vnode
2026-09-11 23:04:04.837475+09:00 [info] <0.857.0>@riak_core_vnode_manager:get_vnode/3:733 Will start VNode for partition 1096126227998177188652763624537212264741949407232 riak_kv_vnode
2026-09-11 23:04:04.838409+09:00 [info] <0.858.0>@riak_core_vnode_manager:get_vnode/3:733 Will start VNode for partition 1278813932664540053428224228626747642198940975104 riak_kv_vnode
2026-09-11 23:04:05.352985+09:00 [info] <0.890.0>@leveled_inker:open_all_manifest/3:1273 log_ref=i0011 db_id=2 Manifest is empty, starting from manifest SQN 1
2026-09-11 23:04:05.372903+09:00 [info] <0.904.0>@leveled_cdb:starting/3:479 log_ref=cdb01 db_id=2 Opening file for writing with filename /var/lib/riak/leveled/365375409332725729550921208179070754913983135744/journal/journal_files/0_8c16f236-917a-4f6c-8215-111d21a62f8d.pnd
2026-09-11 23:04:05.377856+09:00 [info] <0.893.0>@leveled_inker:open_all_manifest/3:1273 log_ref=i0011 db_id=4 Manifest is empty, starting from manifest SQN 1
2026-09-11 23:04:05.401193+09:00 [info] <0.896.0>@leveled_inker:open_all_manifest/3:1273 log_ref=i0011 db_id=5 Manifest is empty, starting from manifest SQN 1
2026-09-11 23:04:05.382030+09:00 [info] <0.905.0>@leveled_cdb:starting/3:479 log_ref=cdb01 db_id=4 Opening file for writing with filename /var/lib/riak/leveled/730750818665451459101842416358141509827966271488/journal/journal_files/0_642212ca-a27c-445a-adb6-316f0a92cd81.pnd
2026-09-11 23:04:05.417124+09:00 [info] <0.897.0>@leveled_inker:open_all_manifest/3:1273 log_ref=i0011 db_id=3 Manifest is empty, starting from manifest SQN 1
2026-09-11 23:04:05.420535+09:00 [info] <0.907.0>@leveled_cdb:starting/3:479 log_ref=cdb01 db_id=5 Opening file for writing with filename /var/lib/riak/leveled/913438523331814323877303020447676887284957839360/journal/journal_files/0_172a318a-52c2-4c6c-b8da-6790e52b428b.pnd
2026-09-11 23:04:05.437316+09:00 [info] <0.890.0>@leveled_inker:build_manifest/3:1242 log_ref=i0009 db_id=2 Updated manifest on startup:
2026-09-11 23:04:05.438878+09:00 [info] <0.898.0>@leveled_inker:open_all_manifest/3:1273 log_ref=i0011 db_id=7 Manifest is empty, starting from manifest SQN 1
2026-09-11 23:04:05.432327+09:00 [info] <0.911.0>@leveled_cdb:starting/3:479 log_ref=cdb01 db_id=3 Opening file for writing with filename /var/lib/riak/leveled/548063113999088594326381812268606132370974703616/journal/journal_files/0_3598d729-7ff9-4164-b728-c8315b778dda.pnd
2026-09-11 23:04:05.454708+09:00 [info] <0.899.0>@leveled_inker:open_all_manifest/3:1273 log_ref=i0011 db_id=1 Manifest is empty, starting from manifest SQN 1
2026-09-11 23:04:05.477556+09:00 [info] <0.913.0>@leveled_cdb:starting/3:479 log_ref=cdb01 db_id=1 Opening file for writing with filename /var/lib/riak/leveled/182687704666362864775460604089535377456991567872/journal/journal_files/0_63ec21bc-3b3f-4f17-94a5-a58dcb6804ae.pnd
2026-09-11 23:04:05.439394+09:00 [info] <0.900.0>@leveled_inker:open_all_manifest/3:1273 log_ref=i0011 db_id=6 Manifest is empty, starting from manifest SQN 1
2026-09-11 23:04:05.459398+09:00 [info] <0.890.0>@leveled_imanifest:writer/3:187 log_ref=i0016 db_id=2 Writing new version of manifest for manifestSQN=2
2026-09-11 23:04:05.467340+09:00 [info] <0.912.0>@leveled_cdb:starting/3:479 log_ref=cdb01 db_id=7 Opening file for writing with filename /var/lib/riak/leveled/1278813932664540053428224228626747642198940975104/journal/journal_files/0_2b797f43-1778-47d6-822f-7c4c65909bcd.pnd
2026-09-11 23:04:05.500148+09:00 [info] <0.914.0>@leveled_cdb:starting/3:479 log_ref=cdb01 db_id=6 Opening file for writing with filename /var/lib/riak/leveled/1096126227998177188652763624537212264741949407232/journal/journal_files/0_21a2f00e-433f-452e-ace2-12260be63a54.pnd
2026-09-11 23:04:05.489898+09:00 [info] <0.893.0>@leveled_inker:build_manifest/3:1242 log_ref=i0009 db_id=4 Updated manifest on startup:
2026-09-11 23:04:05.482323+09:00 [info] <0.896.0>@leveled_inker:build_manifest/3:1242 log_ref=i0009 db_id=5 Updated manifest on startup:
2026-09-11 23:04:05.514405+09:00 [info] <0.896.0>@leveled_imanifest:writer/3:187 log_ref=i0016 db_id=5 Writing new version of manifest for manifestSQN=2
2026-09-11 23:04:05.509671+09:00 [info] <0.893.0>@leveled_imanifest:writer/3:187 log_ref=i0016 db_id=4 Writing new version of manifest for manifestSQN=2
2026-09-11 23:04:05.540652+09:00 [info] <0.897.0>@leveled_inker:build_manifest/3:1242 log_ref=i0009 db_id=3 Updated manifest on startup:
2026-09-11 23:04:05.547698+09:00 [info] <0.898.0>@leveled_inker:build_manifest/3:1242 log_ref=i0009 db_id=7 Updated manifest on startup:
2026-09-11 23:04:05.554446+09:00 [info] <0.899.0>@leveled_inker:build_manifest/3:1242 log_ref=i0009 db_id=1 Updated manifest on startup:
2026-09-11 23:04:05.564375+09:00 [info] <0.897.0>@leveled_imanifest:writer/3:187 log_ref=i0016 db_id=3 Writing new version of manifest for manifestSQN=2
2026-09-11 23:04:05.586122+09:00 [info] <0.898.0>@leveled_imanifest:writer/3:187 log_ref=i0016 db_id=7 Writing new version of manifest for manifestSQN=2
2026-09-11 23:04:05.595379+09:00 [info] <0.900.0>@leveled_inker:build_manifest/3:1242 log_ref=i0009 db_id=6 Updated manifest on startup:
2026-09-11 23:04:05.618083+09:00 [info] <0.899.0>@leveled_imanifest:writer/3:187 log_ref=i0016 db_id=1 Writing new version of manifest for manifestSQN=2
2026-09-11 23:04:05.629962+09:00 [info] <0.931.0>@leveled_pclerk:clerk_new/3:78 log_ref=pc001 db_id=2 Penciller's clerk <0.932.0> started with owner <0.931.0>
2026-09-11 23:04:05.629982+09:00 [info] <0.933.0>@leveled_pclerk:clerk_new/3:78 log_ref=pc001 db_id=5 Penciller's clerk <0.934.0> started with owner <0.933.0>
2026-09-11 23:04:05.643329+09:00 [info] <0.900.0>@leveled_imanifest:writer/3:187 log_ref=i0016 db_id=6 Writing new version of manifest for manifestSQN=2
2026-09-11 23:04:05.655515+09:00 [info] <0.935.0>@leveled_pclerk:clerk_new/3:78 log_ref=pc001 db_id=4 Penciller's clerk <0.936.0> started with owner <0.935.0>
2026-09-11 23:04:05.716706+09:00 [info] <0.939.0>@leveled_pclerk:clerk_new/3:78 log_ref=pc001 db_id=7 Penciller's clerk <0.940.0> started with owner <0.939.0>
2026-09-11 23:04:05.704218+09:00 [info] <0.937.0>@leveled_pclerk:clerk_new/3:78 log_ref=pc001 db_id=3 Penciller's clerk <0.938.0> started with owner <0.937.0>
2026-09-11 23:04:05.738289+09:00 [info] <0.941.0>@leveled_pclerk:clerk_new/3:78 log_ref=pc001 db_id=1 Penciller's clerk <0.942.0> started with owner <0.941.0>
2026-09-11 23:04:05.771086+09:00 [info] <0.943.0>@leveled_pclerk:clerk_new/3:78 log_ref=pc001 db_id=6 Penciller's clerk <0.944.0> started with owner <0.943.0>
2026-09-11 23:04:05.811226+09:00 [info] <0.933.0>@leveled_pmanifest:open_manifestfile/2:1180 log_ref=p0013 db_id=5 Seqence number of 0 indicates no valid manifest
2026-09-11 23:04:05.817394+09:00 [info] <0.933.0>@leveled_penciller:start_from_file/1:1532 log_ref=p0014 db_id=5 Maximum sequence number of 0 found in nonzero levels
2026-09-11 23:04:05.819818+09:00 [info] <0.931.0>@leveled_pmanifest:open_manifestfile/2:1180 log_ref=p0013 db_id=2 Seqence number of 0 indicates no valid manifest
2026-09-11 23:04:05.822003+09:00 [info] <0.933.0>@leveled_penciller:start_from_file/1:1534 log_ref=p0035 db_id=5 Startup with Manifest SQN of 0
2026-09-11 23:04:05.843980+09:00 [info] <0.935.0>@leveled_pmanifest:open_manifestfile/2:1180 log_ref=p0013 db_id=4 Seqence number of 0 indicates no valid manifest
2026-09-11 23:04:05.826840+09:00 [info] <0.931.0>@leveled_penciller:start_from_file/1:1532 log_ref=p0014 db_id=2 Maximum sequence number of 0 found in nonzero levels
2026-09-11 23:04:05.845443+09:00 [info] <0.935.0>@leveled_penciller:start_from_file/1:1532 log_ref=p0014 db_id=4 Maximum sequence number of 0 found in nonzero levels
2026-09-11 23:04:05.846159+09:00 [info] <0.931.0>@leveled_penciller:start_from_file/1:1534 log_ref=p0035 db_id=2 Startup with Manifest SQN of 0
2026-09-11 23:04:05.853096+09:00 [info] <0.935.0>@leveled_penciller:start_from_file/1:1534 log_ref=p0035 db_id=4 Startup with Manifest SQN of 0
2026-09-11 23:04:05.896086+09:00 [info] <0.939.0>@leveled_pmanifest:open_manifestfile/2:1180 log_ref=p0013 db_id=7 Seqence number of 0 indicates no valid manifest
2026-09-11 23:04:05.910831+09:00 [info] <0.939.0>@leveled_penciller:start_from_file/1:1532 log_ref=p0014 db_id=7 Maximum sequence number of 0 found in nonzero levels
2026-09-11 23:04:05.914167+09:00 [info] <0.937.0>@leveled_pmanifest:open_manifestfile/2:1180 log_ref=p0013 db_id=3 Seqence number of 0 indicates no valid manifest
2026-09-11 23:04:05.916776+09:00 [info] <0.939.0>@leveled_penciller:start_from_file/1:1534 log_ref=p0035 db_id=7 Startup with Manifest SQN of 0
2026-09-11 23:04:05.929647+09:00 [info] <0.937.0>@leveled_penciller:start_from_file/1:1532 log_ref=p0014 db_id=3 Maximum sequence number of 0 found in nonzero levels
2026-09-11 23:04:05.939258+09:00 [info] <0.937.0>@leveled_penciller:start_from_file/1:1534 log_ref=p0035 db_id=3 Startup with Manifest SQN of 0
2026-09-11 23:04:05.924079+09:00 [info] <0.941.0>@leveled_pmanifest:open_manifestfile/2:1180 log_ref=p0013 db_id=1 Seqence number of 0 indicates no valid manifest
2026-09-11 23:04:05.951926+09:00 [info] <0.941.0>@leveled_penciller:start_from_file/1:1532 log_ref=p0014 db_id=1 Maximum sequence number of 0 found in nonzero levels
2026-09-11 23:04:05.953171+09:00 [info] <0.941.0>@leveled_penciller:start_from_file/1:1534 log_ref=p0035 db_id=1 Startup with Manifest SQN of 0
2026-09-11 23:04:05.974734+09:00 [info] <0.933.0>@leveled_penciller:start_from_file/1:1562 log_ref=p0017 db_id=5 No L0 file found
2026-09-11 23:04:05.986305+09:00 [info] <0.943.0>@leveled_pmanifest:open_manifestfile/2:1180 log_ref=p0013 db_id=6 Seqence number of 0 indicates no valid manifest
2026-09-11 23:04:06.000804+09:00 [info] <0.931.0>@leveled_penciller:start_from_file/1:1562 log_ref=p0017 db_id=2 No L0 file found
2026-09-11 23:04:05.997753+09:00 [info] <0.943.0>@leveled_penciller:start_from_file/1:1532 log_ref=p0014 db_id=6 Maximum sequence number of 0 found in nonzero levels
2026-09-11 23:04:06.015480+09:00 [info] <0.943.0>@leveled_penciller:start_from_file/1:1534 log_ref=p0035 db_id=6 Startup with Manifest SQN of 0
2026-09-11 23:04:06.038705+09:00 [info] <0.884.0>@leveled_bookie:startup/2:2017 log_ref=b0005 db_id=5 LedgerSQN=0 at startup
2026-09-11 23:04:06.040351+09:00 [info] <0.896.0>@leveled_bookie:startup/2:2028 log_ref=i0014 db_id=5 On startup loading from filename /var/lib/riak/leveled/913438523331814323877303020447676887284957839360/journal/journal_files/0_172a318a-52c2-4c6c-b8da-6790e52b428b from SQN 1
2026-09-11 23:04:06.052448+09:00 [info] <0.935.0>@leveled_penciller:start_from_file/1:1562 log_ref=p0017 db_id=4 No L0 file found
2026-09-11 23:04:06.062872+09:00 [info] <0.880.0>@leveled_bookie:startup/2:2017 log_ref=b0005 db_id=2 LedgerSQN=0 at startup
2026-09-11 23:04:06.064490+09:00 [info] <0.890.0>@leveled_bookie:startup/2:2028 log_ref=i0014 db_id=2 On startup loading from filename /var/lib/riak/leveled/365375409332725729550921208179070754913983135744/journal/journal_files/0_8c16f236-917a-4f6c-8215-111d21a62f8d from SQN 1
2026-09-11 23:04:06.074965+09:00 [info] <0.939.0>@leveled_penciller:start_from_file/1:1562 log_ref=p0017 db_id=7 No L0 file found
2026-09-11 23:04:06.080837+09:00 [info] <0.937.0>@leveled_penciller:start_from_file/1:1562 log_ref=p0017 db_id=3 No L0 file found
2026-09-11 23:04:06.069154+09:00 [info] <0.884.0>@leveled_bookie:init/1:1428 log_ref=b0001 db_id=5 Bookie starting with Ink <0.896.0> Pcl <0.933.0>
2026-09-11 23:04:06.089192+09:00 [info] <0.941.0>@leveled_penciller:start_from_file/1:1562 log_ref=p0017 db_id=1 No L0 file found
2026-09-11 23:04:06.094719+09:00 [info] <0.865.0>@riak_kv_leveled_backend:schedule_journalcompaction/4:903 Schedule compaction for interval 6644 on partition 913438523331814323877303020447676887284957839360
2026-09-11 23:04:06.102498+09:00 [info] <0.882.0>@leveled_bookie:startup/2:2017 log_ref=b0005 db_id=4 LedgerSQN=0 at startup
2026-09-11 23:04:06.086155+09:00 [info] <0.880.0>@leveled_bookie:init/1:1428 log_ref=b0001 db_id=2 Bookie starting with Ink <0.890.0> Pcl <0.931.0>
2026-09-11 23:04:06.117452+09:00 [info] <0.891.0>@leveled_bookie:startup/2:2017 log_ref=b0005 db_id=7 LedgerSQN=0 at startup
2026-09-11 23:04:06.103700+09:00 [info] <0.893.0>@leveled_bookie:startup/2:2028 log_ref=i0014 db_id=4 On startup loading from filename /var/lib/riak/leveled/730750818665451459101842416358141509827966271488/journal/journal_files/0_642212ca-a27c-445a-adb6-316f0a92cd81 from SQN 1
2026-09-11 23:04:06.110119+09:00 [info] <0.859.0>@riak_kv_leveled_backend:schedule_journalcompaction/4:903 Schedule compaction for interval 7924 on partition 365375409332725729550921208179070754913983135744
2026-09-11 23:04:06.124678+09:00 [info] <0.882.0>@leveled_bookie:init/1:1428 log_ref=b0001 db_id=4 Bookie starting with Ink <0.893.0> Pcl <0.935.0>
2026-09-11 23:04:06.133381+09:00 [info] <0.864.0>@riak_kv_leveled_backend:schedule_journalcompaction/4:903 Schedule compaction for interval 1126 on partition 730750818665451459101842416358141509827966271488
2026-09-11 23:04:06.118649+09:00 [info] <0.898.0>@leveled_bookie:startup/2:2028 log_ref=i0014 db_id=7 On startup loading from filename /var/lib/riak/leveled/1278813932664540053428224228626747642198940975104/journal/journal_files/0_2b797f43-1778-47d6-822f-7c4c65909bcd from SQN 1
2026-09-11 23:04:06.119394+09:00 [info] <0.943.0>@leveled_penciller:start_from_file/1:1562 log_ref=p0017 db_id=6 No L0 file found
2026-09-11 23:04:06.134772+09:00 [info] <0.946.0>@aae_controller:init/1:674 log_ref=aae02 Native KeyStore type leveled_nko startup request
2026-09-11 23:04:06.143761+09:00 [info] <0.888.0>@leveled_bookie:startup/2:2017 log_ref=b0005 db_id=1 LedgerSQN=0 at startup
2026-09-11 23:04:06.143984+09:00 [info] <0.886.0>@leveled_bookie:startup/2:2017 log_ref=b0005 db_id=3 LedgerSQN=0 at startup
2026-09-11 23:04:06.161532+09:00 [warning] <0.947.0>@aae_keystore:open_manifest/1:1526 log_ref=ks002 No valid manifest found for AAE keystore at /var/lib/riak/tictac_aae/913438523331814323877303020447676887284957839360/leveled_nko/keystore reason not_present
2026-09-11 23:04:06.152182+09:00 [info] <0.899.0>@leveled_bookie:startup/2:2028 log_ref=i0014 db_id=1 On startup loading from filename /var/lib/riak/leveled/182687704666362864775460604089535377456991567872/journal/journal_files/0_63ec21bc-3b3f-4f17-94a5-a58dcb6804ae from SQN 1
2026-09-11 23:04:06.169184+09:00 [info] <0.897.0>@leveled_bookie:startup/2:2028 log_ref=i0014 db_id=3 On startup loading from filename /var/lib/riak/leveled/548063113999088594326381812268606132370974703616/journal/journal_files/0_3598d729-7ff9-4164-b728-c8315b778dda from SQN 1
2026-09-11 23:04:06.191268+09:00 [info] <0.894.0>@leveled_bookie:startup/2:2017 log_ref=b0005 db_id=6 LedgerSQN=0 at startup
2026-09-11 23:04:06.191268+09:00 [info] <0.950.0>@aae_controller:init/1:674 log_ref=aae02 Native KeyStore type leveled_nko startup request
2026-09-11 23:04:06.207758+09:00 [info] <0.900.0>@leveled_bookie:startup/2:2028 log_ref=i0014 db_id=6 On startup loading from filename /var/lib/riak/leveled/1096126227998177188652763624537212264741949407232/journal/journal_files/0_21a2f00e-433f-452e-ace2-12260be63a54 from SQN 1
2026-09-11 23:04:06.184710+09:00 [info] <0.891.0>@leveled_bookie:init/1:1428 log_ref=b0001 db_id=7 Bookie starting with Ink <0.898.0> Pcl <0.939.0>
2026-09-11 23:04:06.206999+09:00 [info] <0.953.0>@aae_controller:init/1:674 log_ref=aae02 Native KeyStore type leveled_nko startup request
2026-09-11 23:04:06.226817+09:00 [warning] <0.952.0>@aae_keystore:open_manifest/1:1526 log_ref=ks002 No valid manifest found for AAE keystore at /var/lib/riak/tictac_aae/730750818665451459101842416358141509827966271488/leveled_nko/keystore reason not_present
2026-09-11 23:04:06.215855+09:00 [info] <0.871.0>@riak_kv_leveled_backend:schedule_journalcompaction/4:903 Schedule compaction for interval 7255 on partition 1278813932664540053428224228626747642198940975104
2026-09-11 23:04:06.244307+09:00 [info] <0.886.0>@leveled_bookie:init/1:1428 log_ref=b0001 db_id=3 Bookie starting with Ink <0.897.0> Pcl <0.937.0>
2026-09-11 23:04:06.217099+09:00 [info] <0.888.0>@leveled_bookie:init/1:1428 log_ref=b0001 db_id=1 Bookie starting with Ink <0.899.0> Pcl <0.941.0>
2026-09-11 23:04:06.266649+09:00 [warning] <0.954.0>@aae_keystore:open_manifest/1:1526 log_ref=ks002 No valid manifest found for AAE keystore at /var/lib/riak/tictac_aae/365375409332725729550921208179070754913983135744/leveled_nko/keystore reason not_present
2026-09-11 23:04:06.263258+09:00 [info] <0.860.0>@riak_kv_leveled_backend:schedule_journalcompaction/4:903 Schedule compaction for interval 3305 on partition 548063113999088594326381812268606132370974703616
2026-09-11 23:04:06.259049+09:00 [info] <0.863.0>@riak_kv_leveled_backend:schedule_journalcompaction/4:903 Schedule compaction for interval 3048 on partition 182687704666362864775460604089535377456991567872
2026-09-11 23:04:06.291625+09:00 [info] <0.957.0>@aae_controller:init/1:674 log_ref=aae02 Native KeyStore type leveled_nko startup request
2026-09-11 23:04:06.318347+09:00 [info] <0.894.0>@leveled_bookie:init/1:1428 log_ref=b0001 db_id=6 Bookie starting with Ink <0.900.0> Pcl <0.943.0>
2026-09-11 23:04:06.310104+09:00 [info] <0.961.0>@aae_controller:init/1:674 log_ref=aae02 Native KeyStore type leveled_nko startup request
2026-09-11 23:04:06.326430+09:00 [info] <0.867.0>@riak_kv_leveled_backend:schedule_journalcompaction/4:903 Schedule compaction for interval 1234 on partition 1096126227998177188652763624537212264741949407232
2026-09-11 23:04:06.351524+09:00 [info] <0.963.0>@aae_controller:init/1:674 log_ref=aae02 Native KeyStore type leveled_nko startup request
2026-09-11 23:04:06.343298+09:00 [warning] <0.960.0>@aae_keystore:open_manifest/1:1526 log_ref=ks002 No valid manifest found for AAE keystore at /var/lib/riak/tictac_aae/1278813932664540053428224228626747642198940975104/leveled_nko/keystore reason not_present
2026-09-11 23:04:06.366236+09:00 [warning] <0.964.0>@aae_keystore:open_manifest/1:1526 log_ref=ks002 No valid manifest found for AAE keystore at /var/lib/riak/tictac_aae/548063113999088594326381812268606132370974703616/leveled_nko/keystore reason not_present
2026-09-11 23:04:06.374722+09:00 [warning] <0.966.0>@aae_keystore:open_manifest/1:1526 log_ref=ks002 No valid manifest found for AAE keystore at /var/lib/riak/tictac_aae/182687704666362864775460604089535377456991567872/leveled_nko/keystore reason not_present
2026-09-11 23:04:06.371485+09:00 [info] <0.968.0>@aae_controller:init/1:674 log_ref=aae02 Native KeyStore type leveled_nko startup request
2026-09-11 23:04:06.412190+09:00 [warning] <0.970.0>@aae_keystore:open_manifest/1:1526 log_ref=ks002 No valid manifest found for AAE keystore at /var/lib/riak/tictac_aae/1096126227998177188652763624537212264741949407232/leveled_nko/keystore reason not_present
2026-09-11 23:04:06.438931+09:00 [info] <0.951.0>@aae_treecache:init/1:224 log_ref=c0005 Starting cache with is_restored=false and IndexN of {548063113999088594326381812268606132370974703616,3}
2026-09-11 23:04:06.510083+09:00 [info] <0.955.0>@aae_treecache:init/1:224 log_ref=c0005 Starting cache with is_restored=false and IndexN of {365375409332725729550921208179070754913983135744,3}
2026-09-11 23:04:06.542886+09:00 [info] <0.958.0>@aae_treecache:init/1:224 log_ref=c0005 Starting cache with is_restored=false and IndexN of {0,3}
2026-09-11 23:04:06.567957+09:00 [info] <0.973.0>@aae_treecache:init/1:224 log_ref=c0005 Starting cache with is_restored=false and IndexN of {730750818665451459101842416358141509827966271488,3}
2026-09-11 23:04:06.635274+09:00 [info] <0.969.0>@aae_treecache:init/1:224 log_ref=c0005 Starting cache with is_restored=false and IndexN of {182687704666362864775460604089535377456991567872,3}
2026-09-11 23:04:06.661162+09:00 [info] <0.967.0>@aae_treecache:init/1:224 log_ref=c0005 Starting cache with is_restored=false and IndexN of {913438523331814323877303020447676887284957839360,3}
2026-09-11 23:04:06.667517+09:00 [info] <0.971.0>@aae_treecache:init/1:224 log_ref=c0005 Starting cache with is_restored=false and IndexN of {1278813932664540053428224228626747642198940975104,3}
2026-09-11 23:04:06.726709+09:00 [info] <0.974.0>@aae_treecache:init/1:224 log_ref=c0005 Starting cache with is_restored=false and IndexN of {548063113999088594326381812268606132370974703616,3}
2026-09-11 23:04:06.727369+09:00 [info] <0.975.0>@aae_treecache:init/1:224 log_ref=c0005 Starting cache with is_restored=false and IndexN of {182687704666362864775460604089535377456991567872,3}
2026-09-11 23:04:06.755246+09:00 [info] <0.972.0>@aae_treecache:init/1:224 log_ref=c0005 Starting cache with is_restored=false and IndexN of {730750818665451459101842416358141509827966271488,3}
2026-09-11 23:04:06.787937+09:00 [info] <0.977.0>@aae_treecache:init/1:224 log_ref=c0005 Starting cache with is_restored=false and IndexN of {365375409332725729550921208179070754913983135744,3}
2026-09-11 23:04:06.787393+09:00 [info] <0.976.0>@aae_treecache:init/1:224 log_ref=c0005 Starting cache with is_restored=false and IndexN of {913438523331814323877303020447676887284957839360,3}
2026-09-11 23:04:06.809230+09:00 [info] <0.946.0>@aae_controller:init/1:719 log_ref=aae10 AAE controller started with IndexNs [{548063113999088594326381812268606132370974703616,3},{730750818665451459101842416358141509827966271488,3},{913438523331814323877303020447676887284957839360,3}] and StoreType {native,leveled_nko,<0.884.0>}
2026-09-11 23:04:06.818357+09:00 [info] <0.865.0>@riak_kv_vnode:maybe_start_aaecontroller/2:415 AAE Controller started with pid=<0.946.0>
2026-09-11 23:04:06.824276+09:00 [info] <0.979.0>@aae_treecache:init/1:224 log_ref=c0005 Starting cache with is_restored=false and IndexN of {1096126227998177188652763624537212264741949407232,3}
2026-09-11 23:04:06.828784+09:00 [info] <0.978.0>@aae_treecache:init/1:224 log_ref=c0005 Starting cache with is_restored=false and IndexN of {0,3}
2026-09-11 23:04:06.855422+09:00 [info] <0.856.0>@riak_core_vnode_manager:get_vnode/3:743 VNode initialization ready <0.865.0> 913438523331814323877303020447676887284957839360 riak_kv_vnode
2026-09-11 23:04:06.872222+09:00 [info] <0.980.0>@aae_treecache:init/1:224 log_ref=c0005 Starting cache with is_restored=false and IndexN of {730750818665451459101842416358141509827966271488,3}
2026-09-11 23:04:06.876964+09:00 [info] <0.950.0>@aae_controller:init/1:719 log_ref=aae10 AAE controller started with IndexNs [{365375409332725729550921208179070754913983135744,3},{548063113999088594326381812268606132370974703616,3},{730750818665451459101842416358141509827966271488,3}] and StoreType {native,leveled_nko,<0.882.0>}
2026-09-11 23:04:06.888115+09:00 [info] <0.864.0>@riak_kv_vnode:maybe_start_aaecontroller/2:415 AAE Controller started with pid=<0.950.0>
2026-09-11 23:04:06.883767+09:00 [info] <0.982.0>@aae_treecache:init/1:224 log_ref=c0005 Starting cache with is_restored=false and IndexN of {913438523331814323877303020447676887284957839360,3}
2026-09-11 23:04:06.909582+09:00 [info] <0.855.0>@riak_core_vnode_manager:get_vnode/3:743 VNode initialization ready <0.864.0> 730750818665451459101842416358141509827966271488 riak_kv_vnode
2026-09-11 23:04:06.896430+09:00 [info] <0.981.0>@aae_treecache:init/1:224 log_ref=c0005 Starting cache with is_restored=false and IndexN of {365375409332725729550921208179070754913983135744,3}
2026-09-11 23:04:06.927314+09:00 [info] <0.953.0>@aae_controller:init/1:719 log_ref=aae10 AAE controller started with IndexNs [{0,3},{182687704666362864775460604089535377456991567872,3},{365375409332725729550921208179070754913983135744,3}] and StoreType {native,leveled_nko,<0.880.0>}
2026-09-11 23:04:06.947612+09:00 [info] <0.859.0>@riak_kv_vnode:maybe_start_aaecontroller/2:415 AAE Controller started with pid=<0.953.0>
2026-09-11 23:04:06.948326+09:00 [info] <0.985.0>@aae_treecache:init/1:224 log_ref=c0005 Starting cache with is_restored=false and IndexN of {1278813932664540053428224228626747642198940975104,3}
2026-09-11 23:04:06.936914+09:00 [info] <0.983.0>@aae_treecache:init/1:224 log_ref=c0005 Starting cache with is_restored=false and IndexN of {548063113999088594326381812268606132370974703616,3}
2026-09-11 23:04:06.960636+09:00 [info] <0.961.0>@aae_controller:init/1:719 log_ref=aae10 AAE controller started with IndexNs [{182687704666362864775460604089535377456991567872,3},{365375409332725729550921208179070754913983135744,3},{548063113999088594326381812268606132370974703616,3}] and StoreType {native,leveled_nko,<0.886.0>}
2026-09-11 23:04:06.961950+09:00 [info] <0.860.0>@riak_kv_vnode:maybe_start_aaecontroller/2:415 AAE Controller started with pid=<0.961.0>
2026-09-11 23:04:06.959255+09:00 [info] <0.957.0>@aae_controller:init/1:719 log_ref=aae10 AAE controller started with IndexNs [{913438523331814323877303020447676887284957839360,3},{1096126227998177188652763624537212264741949407232,3},{1278813932664540053428224228626747642198940975104,3}] and StoreType {native,leveled_nko,<0.891.0>}
2026-09-11 23:04:06.975357+09:00 [info] <0.853.0>@riak_core_vnode_manager:get_vnode/3:743 VNode initialization ready <0.859.0> 365375409332725729550921208179070754913983135744 riak_kv_vnode
2026-09-11 23:04:06.982652+09:00 [info] <0.1004.0>@aae_treecache:init/1:224 log_ref=c0005 Starting cache with is_restored=false and IndexN of {1096126227998177188652763624537212264741949407232,3}
2026-09-11 23:04:06.990009+09:00 [info] <0.871.0>@riak_kv_vnode:maybe_start_aaecontroller/2:415 AAE Controller started with pid=<0.957.0>
2026-09-11 23:04:07.001942+09:00 [info] <0.994.0>@aae_treecache:init/1:224 log_ref=c0005 Starting cache with is_restored=false and IndexN of {182687704666362864775460604089535377456991567872,3}
2026-09-11 23:04:07.002272+09:00 [info] <0.854.0>@riak_core_vnode_manager:get_vnode/3:743 VNode initialization ready <0.860.0> 548063113999088594326381812268606132370974703616 riak_kv_vnode
2026-09-11 23:04:06.997988+09:00 [info] <0.968.0>@aae_controller:init/1:719 log_ref=aae10 AAE controller started with IndexNs [{730750818665451459101842416358141509827966271488,3},{913438523331814323877303020447676887284957839360,3},{1096126227998177188652763624537212264741949407232,3}] and StoreType {native,leveled_nko,<0.894.0>}
2026-09-11 23:04:07.020822+09:00 [info] <0.963.0>@aae_controller:init/1:719 log_ref=aae10 AAE controller started with IndexNs [{1278813932664540053428224228626747642198940975104,3},{0,3},{182687704666362864775460604089535377456991567872,3}] and StoreType {native,leveled_nko,<0.888.0>}
2026-09-11 23:04:07.021552+09:00 [info] <0.867.0>@riak_kv_vnode:maybe_start_aaecontroller/2:415 AAE Controller started with pid=<0.968.0>
2026-09-11 23:04:07.027305+09:00 [info] <0.858.0>@riak_core_vnode_manager:get_vnode/3:743 VNode initialization ready <0.871.0> 1278813932664540053428224228626747642198940975104 riak_kv_vnode
2026-09-11 23:04:07.022154+09:00 [info] <0.863.0>@riak_kv_vnode:maybe_start_aaecontroller/2:415 AAE Controller started with pid=<0.963.0>
2026-09-11 23:04:07.043999+09:00 [info] <0.857.0>@riak_core_vnode_manager:get_vnode/3:743 VNode initialization ready <0.867.0> 1096126227998177188652763624537212264741949407232 riak_kv_vnode
2026-09-11 23:04:07.068764+09:00 [info] <0.852.0>@riak_core_vnode_manager:get_vnode/3:743 VNode initialization ready <0.863.0> 182687704666362864775460604089535377456991567872 riak_kv_vnode
2026-09-11 23:04:07.092047+09:00 [info] <0.803.0>@riak_core:wait_for_service/2:492 Wait complete for service riak_kv (4 seconds)
2026-09-11 23:04:07.162838+09:00 [info] <0.466.0>@riak_core:wait_for_service/2:492 Wait complete for service riak_kv (13 seconds)
2026-09-11 23:04:07.212267+09:00 [info] <0.248.0>@riak_core_capability:process_capability_changes/2:557 New capability: {riak_repl,bloom_fold} = true
2026-09-11 23:04:07.289461+09:00 [info] <0.248.0>@riak_core_capability:process_capability_changes/2:557 New capability: {riak_repl,rtq_meta} = true
2026-09-11 23:04:07.389874+09:00 [info] <0.248.0>@riak_core_capability:process_capability_changes/2:557 New capability: {riak_repl,default_bucket_props_hash} = [consistent,datatype,n_val,write_once]
2026-09-11 23:04:07.900150+09:00 [info] <0.803.0>@riak_repl_app:start/2:70 REPL CS block skip disabled
2026-09-11 23:04:08.067700+09:00 [info] <0.1070.0>@supervisor:report_progress/2:1582 Supervisor: {local,riak_repl_sup}. Started: id=riak_repl_client_sup,pid=<0.1071.0>.
2026-09-11 23:04:08.116494+09:00 [info] <0.1070.0>@supervisor:report_progress/2:1582 Supervisor: {local,riak_repl_sup}. Started: id=riak_repl_server_sup,pid=<0.1072.0>.
2026-09-11 23:04:08.357622+09:00 [info] <0.1070.0>@supervisor:report_progress/2:1582 Supervisor: {local,riak_repl_sup}. Started: id=riak_repl_leader,pid=<0.1073.0>.
2026-09-11 23:04:08.489252+09:00 [info] <0.1070.0>@supervisor:report_progress/2:1582 Supervisor: {local,riak_repl_sup}. Started: id=riak_repl2_leader,pid=<0.1076.0>.
2026-09-11 23:04:08.863996+09:00 [info] <0.1078.0>@riak_core_service_mgr:start_link/1:111 Starting Core Service Manager at {"127.0.0.1",9080}
2026-09-11 23:04:09.416022+09:00 [info] <0.1081.0>@supervisor:report_progress/2:1582 Supervisor: {<0.1081.0>,ranch_conns_sup_sup}. Started: id={ranch_conns_sup,1},pid=<0.1083.0>.
2026-09-11 23:04:09.426666+09:00 [info] <0.1081.0>@supervisor:report_progress/2:1582 Supervisor: {<0.1081.0>,ranch_conns_sup_sup}. Started: id={ranch_conns_sup,2},pid=<0.1084.0>.
2026-09-11 23:04:09.431414+09:00 [info] <0.1081.0>@supervisor:report_progress/2:1582 Supervisor: {<0.1081.0>,ranch_conns_sup_sup}. Started: id={ranch_conns_sup,3},pid=<0.1085.0>.
2026-09-11 23:04:09.452163+09:00 [info] <0.1081.0>@supervisor:report_progress/2:1582 Supervisor: {<0.1081.0>,ranch_conns_sup_sup}. Started: id={ranch_conns_sup,4},pid=<0.1086.0>.
2026-09-11 23:04:09.463497+09:00 [info] <0.1081.0>@supervisor:report_progress/2:1582 Supervisor: {<0.1081.0>,ranch_conns_sup_sup}. Started: id={ranch_conns_sup,5},pid=<0.1087.0>.
2026-09-11 23:04:09.473030+09:00 [info] <0.1081.0>@supervisor:report_progress/2:1582 Supervisor: {<0.1081.0>,ranch_conns_sup_sup}. Started: id={ranch_conns_sup,6},pid=<0.1088.0>.
2026-09-11 23:04:09.476995+09:00 [info] <0.1081.0>@supervisor:report_progress/2:1582 Supervisor: {<0.1081.0>,ranch_conns_sup_sup}. Started: id={ranch_conns_sup,7},pid=<0.1089.0>.
2026-09-11 23:04:09.487751+09:00 [info] <0.1081.0>@supervisor:report_progress/2:1582 Supervisor: {<0.1081.0>,ranch_conns_sup_sup}. Started: id={ranch_conns_sup,8},pid=<0.1090.0>.
2026-09-11 23:04:09.495451+09:00 [info] <0.1081.0>@supervisor:report_progress/2:1582 Supervisor: {<0.1081.0>,ranch_conns_sup_sup}. Started: id={ranch_conns_sup,9},pid=<0.1091.0>.
2026-09-11 23:04:09.511164+09:00 [info] <0.1081.0>@supervisor:report_progress/2:1582 Supervisor: {<0.1081.0>,ranch_conns_sup_sup}. Started: id={ranch_conns_sup,10},pid=<0.1092.0>.
2026-09-11 23:04:09.520791+09:00 [info] <0.1081.0>@supervisor:report_progress/2:1582 Supervisor: {<0.1081.0>,ranch_conns_sup_sup}. Started: id={ranch_conns_sup,11},pid=<0.1093.0>.
2026-09-11 23:04:09.529086+09:00 [info] <0.1081.0>@supervisor:report_progress/2:1582 Supervisor: {<0.1081.0>,ranch_conns_sup_sup}. Started: id={ranch_conns_sup,12},pid=<0.1094.0>.
2026-09-11 23:04:09.534897+09:00 [info] <0.1081.0>@supervisor:report_progress/2:1582 Supervisor: {<0.1081.0>,ranch_conns_sup_sup}. Started: id={ranch_conns_sup,13},pid=<0.1095.0>.
2026-09-11 23:04:09.538732+09:00 [info] <0.1081.0>@supervisor:report_progress/2:1582 Supervisor: {<0.1081.0>,ranch_conns_sup_sup}. Started: id={ranch_conns_sup,14},pid=<0.1096.0>.
2026-09-11 23:04:09.552476+09:00 [info] <0.1081.0>@supervisor:report_progress/2:1582 Supervisor: {<0.1081.0>,ranch_conns_sup_sup}. Started: id={ranch_conns_sup,15},pid=<0.1097.0>.
2026-09-11 23:04:09.567732+09:00 [info] <0.1081.0>@supervisor:report_progress/2:1582 Supervisor: {<0.1081.0>,ranch_conns_sup_sup}. Started: id={ranch_conns_sup,16},pid=<0.1098.0>.
2026-09-11 23:04:09.587178+09:00 [info] <0.1081.0>@supervisor:report_progress/2:1582 Supervisor: {<0.1081.0>,ranch_conns_sup_sup}. Started: id={ranch_conns_sup,17},pid=<0.1099.0>.
2026-09-11 23:04:09.589379+09:00 [info] <0.1081.0>@supervisor:report_progress/2:1582 Supervisor: {<0.1081.0>,ranch_conns_sup_sup}. Started: id={ranch_conns_sup,18},pid=<0.1102.0>.
2026-09-11 23:04:09.613946+09:00 [info] <0.1081.0>@supervisor:report_progress/2:1582 Supervisor: {<0.1081.0>,ranch_conns_sup_sup}. Started: id={ranch_conns_sup,19},pid=<0.1115.0>.
2026-09-11 23:04:09.618337+09:00 [info] <0.1081.0>@supervisor:report_progress/2:1582 Supervisor: {<0.1081.0>,ranch_conns_sup_sup}. Started: id={ranch_conns_sup,20},pid=<0.1116.0>.
2026-09-11 23:04:09.633489+09:00 [info] <0.1081.0>@supervisor:report_progress/2:1582 Supervisor: {<0.1081.0>,ranch_conns_sup_sup}. Started: id={ranch_conns_sup,21},pid=<0.1119.0>.
2026-09-11 23:04:09.635395+09:00 [info] <0.1081.0>@supervisor:report_progress/2:1582 Supervisor: {<0.1081.0>,ranch_conns_sup_sup}. Started: id={ranch_conns_sup,22},pid=<0.1120.0>.
2026-09-11 23:04:09.647023+09:00 [info] <0.1081.0>@supervisor:report_progress/2:1582 Supervisor: {<0.1081.0>,ranch_conns_sup_sup}. Started: id={ranch_conns_sup,23},pid=<0.1121.0>.
2026-09-11 23:04:09.656337+09:00 [info] <0.1081.0>@supervisor:report_progress/2:1582 Supervisor: {<0.1081.0>,ranch_conns_sup_sup}. Started: id={ranch_conns_sup,24},pid=<0.1122.0>.
2026-09-11 23:04:09.671065+09:00 [info] <0.1081.0>@supervisor:report_progress/2:1582 Supervisor: {<0.1081.0>,ranch_conns_sup_sup}. Started: id={ranch_conns_sup,25},pid=<0.1123.0>.
2026-09-11 23:04:09.682455+09:00 [info] <0.1081.0>@supervisor:report_progress/2:1582 Supervisor: {<0.1081.0>,ranch_conns_sup_sup}. Started: id={ranch_conns_sup,26},pid=<0.1124.0>.
2026-09-11 23:04:09.684121+09:00 [info] <0.1081.0>@supervisor:report_progress/2:1582 Supervisor: {<0.1081.0>,ranch_conns_sup_sup}. Started: id={ranch_conns_sup,27},pid=<0.1125.0>.
2026-09-11 23:04:09.692548+09:00 [info] <0.1081.0>@supervisor:report_progress/2:1582 Supervisor: {<0.1081.0>,ranch_conns_sup_sup}. Started: id={ranch_conns_sup,28},pid=<0.1126.0>.
2026-09-11 23:04:09.697626+09:00 [info] <0.1081.0>@supervisor:report_progress/2:1582 Supervisor: {<0.1081.0>,ranch_conns_sup_sup}. Started: id={ranch_conns_sup,29},pid=<0.1127.0>.
2026-09-11 23:04:09.715256+09:00 [info] <0.1081.0>@supervisor:report_progress/2:1582 Supervisor: {<0.1081.0>,ranch_conns_sup_sup}. Started: id={ranch_conns_sup,30},pid=<0.1128.0>.
2026-09-11 23:04:09.732392+09:00 [info] <0.1081.0>@supervisor:report_progress/2:1582 Supervisor: {<0.1081.0>,ranch_conns_sup_sup}. Started: id={ranch_conns_sup,31},pid=<0.1129.0>.
2026-09-11 23:04:09.746465+09:00 [info] <0.1081.0>@supervisor:report_progress/2:1582 Supervisor: {<0.1081.0>,ranch_conns_sup_sup}. Started: id={ranch_conns_sup,32},pid=<0.1130.0>.
2026-09-11 23:04:09.748270+09:00 [info] <0.1081.0>@supervisor:report_progress/2:1582 Supervisor: {<0.1081.0>,ranch_conns_sup_sup}. Started: id={ranch_conns_sup,33},pid=<0.1131.0>.
2026-09-11 23:04:09.758874+09:00 [info] <0.1081.0>@supervisor:report_progress/2:1582 Supervisor: {<0.1081.0>,ranch_conns_sup_sup}. Started: id={ranch_conns_sup,34},pid=<0.1132.0>.
2026-09-11 23:04:09.773828+09:00 [info] <0.1081.0>@supervisor:report_progress/2:1582 Supervisor: {<0.1081.0>,ranch_conns_sup_sup}. Started: id={ranch_conns_sup,35},pid=<0.1133.0>.
2026-09-11 23:04:09.785188+09:00 [info] <0.1081.0>@supervisor:report_progress/2:1582 Supervisor: {<0.1081.0>,ranch_conns_sup_sup}. Started: id={ranch_conns_sup,36},pid=<0.1134.0>.
2026-09-11 23:04:09.792027+09:00 [info] <0.1081.0>@supervisor:report_progress/2:1582 Supervisor: {<0.1081.0>,ranch_conns_sup_sup}. Started: id={ranch_conns_sup,37},pid=<0.1135.0>.
2026-09-11 23:04:09.801870+09:00 [info] <0.1081.0>@supervisor:report_progress/2:1582 Supervisor: {<0.1081.0>,ranch_conns_sup_sup}. Started: id={ranch_conns_sup,38},pid=<0.1136.0>.
2026-09-11 23:04:09.814780+09:00 [info] <0.1081.0>@supervisor:report_progress/2:1582 Supervisor: {<0.1081.0>,ranch_conns_sup_sup}. Started: id={ranch_conns_sup,39},pid=<0.1137.0>.
2026-09-11 23:04:09.816595+09:00 [info] <0.1081.0>@supervisor:report_progress/2:1582 Supervisor: {<0.1081.0>,ranch_conns_sup_sup}. Started: id={ranch_conns_sup,40},pid=<0.1138.0>.
2026-09-11 23:04:09.840244+09:00 [info] <0.1081.0>@supervisor:report_progress/2:1582 Supervisor: {<0.1081.0>,ranch_conns_sup_sup}. Started: id={ranch_conns_sup,41},pid=<0.1139.0>.
2026-09-11 23:04:09.853142+09:00 [info] <0.1081.0>@supervisor:report_progress/2:1582 Supervisor: {<0.1081.0>,ranch_conns_sup_sup}. Started: id={ranch_conns_sup,42},pid=<0.1140.0>.
2026-09-11 23:04:09.858014+09:00 [info] <0.1081.0>@supervisor:report_progress/2:1582 Supervisor: {<0.1081.0>,ranch_conns_sup_sup}. Started: id={ranch_conns_sup,43},pid=<0.1141.0>.
2026-09-11 23:04:09.878811+09:00 [info] <0.1081.0>@supervisor:report_progress/2:1582 Supervisor: {<0.1081.0>,ranch_conns_sup_sup}. Started: id={ranch_conns_sup,44},pid=<0.1142.0>.
2026-09-11 23:04:09.888923+09:00 [info] <0.1081.0>@supervisor:report_progress/2:1582 Supervisor: {<0.1081.0>,ranch_conns_sup_sup}. Started: id={ranch_conns_sup,45},pid=<0.1143.0>.
2026-09-11 23:04:09.923132+09:00 [info] <0.1081.0>@supervisor:report_progress/2:1582 Supervisor: {<0.1081.0>,ranch_conns_sup_sup}. Started: id={ranch_conns_sup,46},pid=<0.1144.0>.
2026-09-11 23:04:09.926234+09:00 [info] <0.1081.0>@supervisor:report_progress/2:1582 Supervisor: {<0.1081.0>,ranch_conns_sup_sup}. Started: id={ranch_conns_sup,47},pid=<0.1145.0>.
2026-09-11 23:04:09.946602+09:00 [info] <0.1081.0>@supervisor:report_progress/2:1582 Supervisor: {<0.1081.0>,ranch_conns_sup_sup}. Started: id={ranch_conns_sup,48},pid=<0.1146.0>.
2026-09-11 23:04:09.964209+09:00 [info] <0.1081.0>@supervisor:report_progress/2:1582 Supervisor: {<0.1081.0>,ranch_conns_sup_sup}. Started: id={ranch_conns_sup,49},pid=<0.1147.0>.
2026-09-11 23:04:09.979404+09:00 [info] <0.1081.0>@supervisor:report_progress/2:1582 Supervisor: {<0.1081.0>,ranch_conns_sup_sup}. Started: id={ranch_conns_sup,50},pid=<0.1148.0>.
2026-09-11 23:04:09.984423+09:00 [info] <0.1081.0>@supervisor:report_progress/2:1582 Supervisor: {<0.1081.0>,ranch_conns_sup_sup}. Started: id={ranch_conns_sup,51},pid=<0.1149.0>.
2026-09-11 23:04:09.996324+09:00 [info] <0.1081.0>@supervisor:report_progress/2:1582 Supervisor: {<0.1081.0>,ranch_conns_sup_sup}. Started: id={ranch_conns_sup,52},pid=<0.1150.0>.
2026-09-11 23:04:10.008017+09:00 [info] <0.1081.0>@supervisor:report_progress/2:1582 Supervisor: {<0.1081.0>,ranch_conns_sup_sup}. Started: id={ranch_conns_sup,53},pid=<0.1151.0>.
2026-09-11 23:04:10.013904+09:00 [info] <0.1081.0>@supervisor:report_progress/2:1582 Supervisor: {<0.1081.0>,ranch_conns_sup_sup}. Started: id={ranch_conns_sup,54},pid=<0.1152.0>.
2026-09-11 23:04:10.023837+09:00 [info] <0.1081.0>@supervisor:report_progress/2:1582 Supervisor: {<0.1081.0>,ranch_conns_sup_sup}. Started: id={ranch_conns_sup,55},pid=<0.1153.0>.
2026-09-11 23:04:10.026008+09:00 [info] <0.1081.0>@supervisor:report_progress/2:1582 Supervisor: {<0.1081.0>,ranch_conns_sup_sup}. Started: id={ranch_conns_sup,56},pid=<0.1154.0>.
2026-09-11 23:04:10.035956+09:00 [info] <0.1081.0>@supervisor:report_progress/2:1582 Supervisor: {<0.1081.0>,ranch_conns_sup_sup}. Started: id={ranch_conns_sup,57},pid=<0.1155.0>.
2026-09-11 23:04:10.046082+09:00 [info] <0.1081.0>@supervisor:report_progress/2:1582 Supervisor: {<0.1081.0>,ranch_conns_sup_sup}. Started: id={ranch_conns_sup,58},pid=<0.1156.0>.
2026-09-11 23:04:10.053053+09:00 [info] <0.1081.0>@supervisor:report_progress/2:1582 Supervisor: {<0.1081.0>,ranch_conns_sup_sup}. Started: id={ranch_conns_sup,59},pid=<0.1157.0>.
2026-09-11 23:04:10.058052+09:00 [info] <0.1081.0>@supervisor:report_progress/2:1582 Supervisor: {<0.1081.0>,ranch_conns_sup_sup}. Started: id={ranch_conns_sup,60},pid=<0.1158.0>.
2026-09-11 23:04:10.066082+09:00 [info] <0.1081.0>@supervisor:report_progress/2:1582 Supervisor: {<0.1081.0>,ranch_conns_sup_sup}. Started: id={ranch_conns_sup,61},pid=<0.1159.0>.
2026-09-11 23:04:10.076681+09:00 [info] <0.1081.0>@supervisor:report_progress/2:1582 Supervisor: {<0.1081.0>,ranch_conns_sup_sup}. Started: id={ranch_conns_sup,62},pid=<0.1160.0>.
2026-09-11 23:04:10.095791+09:00 [info] <0.1081.0>@supervisor:report_progress/2:1582 Supervisor: {<0.1081.0>,ranch_conns_sup_sup}. Started: id={ranch_conns_sup,63},pid=<0.1161.0>.
2026-09-11 23:04:10.106988+09:00 [info] <0.1081.0>@supervisor:report_progress/2:1582 Supervisor: {<0.1081.0>,ranch_conns_sup_sup}. Started: id={ranch_conns_sup,64},pid=<0.1162.0>.
2026-09-11 23:04:10.115755+09:00 [info] <0.1081.0>@supervisor:report_progress/2:1582 Supervisor: {<0.1081.0>,ranch_conns_sup_sup}. Started: id={ranch_conns_sup,65},pid=<0.1163.0>.
2026-09-11 23:04:10.117762+09:00 [info] <0.1081.0>@supervisor:report_progress/2:1582 Supervisor: {<0.1081.0>,ranch_conns_sup_sup}. Started: id={ranch_conns_sup,66},pid=<0.1164.0>.
2026-09-11 23:04:10.148116+09:00 [info] <0.1081.0>@supervisor:report_progress/2:1582 Supervisor: {<0.1081.0>,ranch_conns_sup_sup}. Started: id={ranch_conns_sup,67},pid=<0.1165.0>.
2026-09-11 23:04:10.168141+09:00 [info] <0.1081.0>@supervisor:report_progress/2:1582 Supervisor: {<0.1081.0>,ranch_conns_sup_sup}. Started: id={ranch_conns_sup,68},pid=<0.1166.0>.
2026-09-11 23:04:10.173214+09:00 [info] <0.1081.0>@supervisor:report_progress/2:1582 Supervisor: {<0.1081.0>,ranch_conns_sup_sup}. Started: id={ranch_conns_sup,69},pid=<0.1167.0>.
2026-09-11 23:04:10.178495+09:00 [info] <0.1081.0>@supervisor:report_progress/2:1582 Supervisor: {<0.1081.0>,ranch_conns_sup_sup}. Started: id={ranch_conns_sup,70},pid=<0.1168.0>.
2026-09-11 23:04:10.180293+09:00 [info] <0.1081.0>@supervisor:report_progress/2:1582 Supervisor: {<0.1081.0>,ranch_conns_sup_sup}. Started: id={ranch_conns_sup,71},pid=<0.1169.0>.
2026-09-11 23:04:10.199216+09:00 [info] <0.1081.0>@supervisor:report_progress/2:1582 Supervisor: {<0.1081.0>,ranch_conns_sup_sup}. Started: id={ranch_conns_sup,72},pid=<0.1170.0>.
2026-09-11 23:04:10.219965+09:00 [info] <0.1081.0>@supervisor:report_progress/2:1582 Supervisor: {<0.1081.0>,ranch_conns_sup_sup}. Started: id={ranch_conns_sup,73},pid=<0.1171.0>.
2026-09-11 23:04:10.221851+09:00 [info] <0.1081.0>@supervisor:report_progress/2:1582 Supervisor: {<0.1081.0>,ranch_conns_sup_sup}. Started: id={ranch_conns_sup,74},pid=<0.1172.0>.
2026-09-11 23:04:10.241954+09:00 [info] <0.1081.0>@supervisor:report_progress/2:1582 Supervisor: {<0.1081.0>,ranch_conns_sup_sup}. Started: id={ranch_conns_sup,75},pid=<0.1173.0>.
2026-09-11 23:04:10.256677+09:00 [info] <0.1081.0>@supervisor:report_progress/2:1582 Supervisor: {<0.1081.0>,ranch_conns_sup_sup}. Started: id={ranch_conns_sup,76},pid=<0.1174.0>.
2026-09-11 23:04:10.264747+09:00 [info] <0.1081.0>@supervisor:report_progress/2:1582 Supervisor: {<0.1081.0>,ranch_conns_sup_sup}. Started: id={ranch_conns_sup,77},pid=<0.1175.0>.
2026-09-11 23:04:10.269974+09:00 [info] <0.1081.0>@supervisor:report_progress/2:1582 Supervisor: {<0.1081.0>,ranch_conns_sup_sup}. Started: id={ranch_conns_sup,78},pid=<0.1176.0>.
2026-09-11 23:04:10.275345+09:00 [info] <0.1081.0>@supervisor:report_progress/2:1582 Supervisor: {<0.1081.0>,ranch_conns_sup_sup}. Started: id={ranch_conns_sup,79},pid=<0.1177.0>.
2026-09-11 23:04:10.285597+09:00 [info] <0.1081.0>@supervisor:report_progress/2:1582 Supervisor: {<0.1081.0>,ranch_conns_sup_sup}. Started: id={ranch_conns_sup,80},pid=<0.1178.0>.
2026-09-11 23:04:10.296160+09:00 [info] <0.1081.0>@supervisor:report_progress/2:1582 Supervisor: {<0.1081.0>,ranch_conns_sup_sup}. Started: id={ranch_conns_sup,81},pid=<0.1179.0>.
2026-09-11 23:04:10.298202+09:00 [info] <0.1081.0>@supervisor:report_progress/2:1582 Supervisor: {<0.1081.0>,ranch_conns_sup_sup}. Started: id={ranch_conns_sup,82},pid=<0.1180.0>.
2026-09-11 23:04:10.311993+09:00 [info] <0.1081.0>@supervisor:report_progress/2:1582 Supervisor: {<0.1081.0>,ranch_conns_sup_sup}. Started: id={ranch_conns_sup,83},pid=<0.1181.0>.
2026-09-11 23:04:10.322939+09:00 [info] <0.1081.0>@supervisor:report_progress/2:1582 Supervisor: {<0.1081.0>,ranch_conns_sup_sup}. Started: id={ranch_conns_sup,84},pid=<0.1182.0>.
2026-09-11 23:04:10.333298+09:00 [info] <0.1081.0>@supervisor:report_progress/2:1582 Supervisor: {<0.1081.0>,ranch_conns_sup_sup}. Started: id={ranch_conns_sup,85},pid=<0.1183.0>.
2026-09-11 23:04:10.343993+09:00 [info] <0.1081.0>@supervisor:report_progress/2:1582 Supervisor: {<0.1081.0>,ranch_conns_sup_sup}. Started: id={ranch_conns_sup,86},pid=<0.1184.0>.
2026-09-11 23:04:10.357614+09:00 [info] <0.1081.0>@supervisor:report_progress/2:1582 Supervisor: {<0.1081.0>,ranch_conns_sup_sup}. Started: id={ranch_conns_sup,87},pid=<0.1185.0>.
2026-09-11 23:04:10.366528+09:00 [info] <0.1081.0>@supervisor:report_progress/2:1582 Supervisor: {<0.1081.0>,ranch_conns_sup_sup}. Started: id={ranch_conns_sup,88},pid=<0.1186.0>.
2026-09-11 23:04:10.368357+09:00 [info] <0.1081.0>@supervisor:report_progress/2:1582 Supervisor: {<0.1081.0>,ranch_conns_sup_sup}. Started: id={ranch_conns_sup,89},pid=<0.1187.0>.
2026-09-11 23:04:10.389926+09:00 [info] <0.1081.0>@supervisor:report_progress/2:1582 Supervisor: {<0.1081.0>,ranch_conns_sup_sup}. Started: id={ranch_conns_sup,90},pid=<0.1188.0>.
2026-09-11 23:04:10.400067+09:00 [info] <0.1081.0>@supervisor:report_progress/2:1582 Supervisor: {<0.1081.0>,ranch_conns_sup_sup}. Started: id={ranch_conns_sup,91},pid=<0.1189.0>.
2026-09-11 23:04:10.418347+09:00 [info] <0.1081.0>@supervisor:report_progress/2:1582 Supervisor: {<0.1081.0>,ranch_conns_sup_sup}. Started: id={ranch_conns_sup,92},pid=<0.1190.0>.
2026-09-11 23:04:10.432898+09:00 [info] <0.1081.0>@supervisor:report_progress/2:1582 Supervisor: {<0.1081.0>,ranch_conns_sup_sup}. Started: id={ranch_conns_sup,93},pid=<0.1191.0>.
2026-09-11 23:04:10.455217+09:00 [info] <0.1081.0>@supervisor:report_progress/2:1582 Supervisor: {<0.1081.0>,ranch_conns_sup_sup}. Started: id={ranch_conns_sup,94},pid=<0.1192.0>.
2026-09-11 23:04:10.457160+09:00 [info] <0.1081.0>@supervisor:report_progress/2:1582 Supervisor: {<0.1081.0>,ranch_conns_sup_sup}. Started: id={ranch_conns_sup,95},pid=<0.1193.0>.
2026-09-11 23:04:10.470147+09:00 [info] <0.1081.0>@supervisor:report_progress/2:1582 Supervisor: {<0.1081.0>,ranch_conns_sup_sup}. Started: id={ranch_conns_sup,96},pid=<0.1194.0>.
2026-09-11 23:04:10.473086+09:00 [info] <0.1081.0>@supervisor:report_progress/2:1582 Supervisor: {<0.1081.0>,ranch_conns_sup_sup}. Started: id={ranch_conns_sup,97},pid=<0.1195.0>.
2026-09-11 23:04:10.480493+09:00 [info] <0.1081.0>@supervisor:report_progress/2:1582 Supervisor: {<0.1081.0>,ranch_conns_sup_sup}. Started: id={ranch_conns_sup,98},pid=<0.1196.0>.
2026-09-11 23:04:10.496976+09:00 [info] <0.1081.0>@supervisor:report_progress/2:1582 Supervisor: {<0.1081.0>,ranch_conns_sup_sup}. Started: id={ranch_conns_sup,99},pid=<0.1197.0>.
2026-09-11 23:04:10.502830+09:00 [info] <0.1081.0>@supervisor:report_progress/2:1582 Supervisor: {<0.1081.0>,ranch_conns_sup_sup}. Started: id={ranch_conns_sup,100},pid=<0.1198.0>.
2026-09-11 23:04:10.514689+09:00 [info] <0.1080.0>@supervisor:report_progress/2:1582 Supervisor: {<0.1080.0>,ranch_listener_sup}. Started: id=ranch_conns_sup_sup,pid=<0.1081.0>.
2026-09-11 23:04:10.675312+09:00 [info] <0.1199.0>@supervisor:report_progress/2:1582 Supervisor: {<0.1199.0>,ranch_acceptors_sup}. Started: id={acceptor,<0.1199.0>,1},pid=<0.1200.0>.
2026-09-11 23:04:10.695742+09:00 [info] <0.1199.0>@supervisor:report_progress/2:1582 Supervisor: {<0.1199.0>,ranch_acceptors_sup}. Started: id={acceptor,<0.1199.0>,2},pid=<0.1201.0>.
2026-09-11 23:04:10.704078+09:00 [info] <0.1199.0>@supervisor:report_progress/2:1582 Supervisor: {<0.1199.0>,ranch_acceptors_sup}. Started: id={acceptor,<0.1199.0>,3},pid=<0.1202.0>.
2026-09-11 23:04:10.722680+09:00 [info] <0.1199.0>@supervisor:report_progress/2:1582 Supervisor: {<0.1199.0>,ranch_acceptors_sup}. Started: id={acceptor,<0.1199.0>,4},pid=<0.1203.0>.
2026-09-11 23:04:10.735897+09:00 [info] <0.1199.0>@supervisor:report_progress/2:1582 Supervisor: {<0.1199.0>,ranch_acceptors_sup}. Started: id={acceptor,<0.1199.0>,5},pid=<0.1204.0>.
2026-09-11 23:04:10.747261+09:00 [info] <0.1199.0>@supervisor:report_progress/2:1582 Supervisor: {<0.1199.0>,ranch_acceptors_sup}. Started: id={acceptor,<0.1199.0>,6},pid=<0.1205.0>.
2026-09-11 23:04:10.761223+09:00 [info] <0.1199.0>@supervisor:report_progress/2:1582 Supervisor: {<0.1199.0>,ranch_acceptors_sup}. Started: id={acceptor,<0.1199.0>,7},pid=<0.1206.0>.
2026-09-11 23:04:10.778810+09:00 [info] <0.1199.0>@supervisor:report_progress/2:1582 Supervisor: {<0.1199.0>,ranch_acceptors_sup}. Started: id={acceptor,<0.1199.0>,8},pid=<0.1207.0>.
2026-09-11 23:04:10.787273+09:00 [info] <0.1199.0>@supervisor:report_progress/2:1582 Supervisor: {<0.1199.0>,ranch_acceptors_sup}. Started: id={acceptor,<0.1199.0>,9},pid=<0.1208.0>.
2026-09-11 23:04:10.805175+09:00 [info] <0.1199.0>@supervisor:report_progress/2:1582 Supervisor: {<0.1199.0>,ranch_acceptors_sup}. Started: id={acceptor,<0.1199.0>,10},pid=<0.1209.0>.
2026-09-11 23:04:10.822408+09:00 [info] <0.1199.0>@supervisor:report_progress/2:1582 Supervisor: {<0.1199.0>,ranch_acceptors_sup}. Started: id={acceptor,<0.1199.0>,11},pid=<0.1210.0>.
2026-09-11 23:04:10.828074+09:00 [info] <0.1199.0>@supervisor:report_progress/2:1582 Supervisor: {<0.1199.0>,ranch_acceptors_sup}. Started: id={acceptor,<0.1199.0>,12},pid=<0.1211.0>.
2026-09-11 23:04:10.854153+09:00 [info] <0.1199.0>@supervisor:report_progress/2:1582 Supervisor: {<0.1199.0>,ranch_acceptors_sup}. Started: id={acceptor,<0.1199.0>,13},pid=<0.1212.0>.
2026-09-11 23:04:10.875075+09:00 [info] <0.1199.0>@supervisor:report_progress/2:1582 Supervisor: {<0.1199.0>,ranch_acceptors_sup}. Started: id={acceptor,<0.1199.0>,14},pid=<0.1213.0>.
2026-09-11 23:04:10.886654+09:00 [info] <0.1199.0>@supervisor:report_progress/2:1582 Supervisor: {<0.1199.0>,ranch_acceptors_sup}. Started: id={acceptor,<0.1199.0>,15},pid=<0.1214.0>.
2026-09-11 23:04:10.902709+09:00 [info] <0.1199.0>@supervisor:report_progress/2:1582 Supervisor: {<0.1199.0>,ranch_acceptors_sup}. Started: id={acceptor,<0.1199.0>,16},pid=<0.1215.0>.
2026-09-11 23:04:10.913674+09:00 [info] <0.1199.0>@supervisor:report_progress/2:1582 Supervisor: {<0.1199.0>,ranch_acceptors_sup}. Started: id={acceptor,<0.1199.0>,17},pid=<0.1216.0>.
2026-09-11 23:04:10.927676+09:00 [info] <0.1199.0>@supervisor:report_progress/2:1582 Supervisor: {<0.1199.0>,ranch_acceptors_sup}. Started: id={acceptor,<0.1199.0>,18},pid=<0.1217.0>.
2026-09-11 23:04:10.933707+09:00 [info] <0.1199.0>@supervisor:report_progress/2:1582 Supervisor: {<0.1199.0>,ranch_acceptors_sup}. Started: id={acceptor,<0.1199.0>,19},pid=<0.1218.0>.
2026-09-11 23:04:10.940738+09:00 [info] <0.1199.0>@supervisor:report_progress/2:1582 Supervisor: {<0.1199.0>,ranch_acceptors_sup}. Started: id={acceptor,<0.1199.0>,20},pid=<0.1219.0>.
2026-09-11 23:04:10.953322+09:00 [info] <0.1199.0>@supervisor:report_progress/2:1582 Supervisor: {<0.1199.0>,ranch_acceptors_sup}. Started: id={acceptor,<0.1199.0>,21},pid=<0.1220.0>.
2026-09-11 23:04:10.970290+09:00 [info] <0.1199.0>@supervisor:report_progress/2:1582 Supervisor: {<0.1199.0>,ranch_acceptors_sup}. Started: id={acceptor,<0.1199.0>,22},pid=<0.1221.0>.
2026-09-11 23:04:10.976193+09:00 [info] <0.1199.0>@supervisor:report_progress/2:1582 Supervisor: {<0.1199.0>,ranch_acceptors_sup}. Started: id={acceptor,<0.1199.0>,23},pid=<0.1222.0>.
2026-09-11 23:04:10.983357+09:00 [info] <0.1199.0>@supervisor:report_progress/2:1582 Supervisor: {<0.1199.0>,ranch_acceptors_sup}. Started: id={acceptor,<0.1199.0>,24},pid=<0.1223.0>.
2026-09-11 23:04:11.009958+09:00 [info] <0.1199.0>@supervisor:report_progress/2:1582 Supervisor: {<0.1199.0>,ranch_acceptors_sup}. Started: id={acceptor,<0.1199.0>,25},pid=<0.1224.0>.
2026-09-11 23:04:11.021184+09:00 [info] <0.1199.0>@supervisor:report_progress/2:1582 Supervisor: {<0.1199.0>,ranch_acceptors_sup}. Started: id={acceptor,<0.1199.0>,26},pid=<0.1225.0>.
2026-09-11 23:04:11.028878+09:00 [info] <0.1199.0>@supervisor:report_progress/2:1582 Supervisor: {<0.1199.0>,ranch_acceptors_sup}. Started: id={acceptor,<0.1199.0>,27},pid=<0.1226.0>.
2026-09-11 23:04:11.041786+09:00 [info] <0.1199.0>@supervisor:report_progress/2:1582 Supervisor: {<0.1199.0>,ranch_acceptors_sup}. Started: id={acceptor,<0.1199.0>,28},pid=<0.1227.0>.
2026-09-11 23:04:11.063895+09:00 [info] <0.1199.0>@supervisor:report_progress/2:1582 Supervisor: {<0.1199.0>,ranch_acceptors_sup}. Started: id={acceptor,<0.1199.0>,29},pid=<0.1228.0>.
2026-09-11 23:04:11.075109+09:00 [info] <0.1199.0>@supervisor:report_progress/2:1582 Supervisor: {<0.1199.0>,ranch_acceptors_sup}. Started: id={acceptor,<0.1199.0>,30},pid=<0.1229.0>.
2026-09-11 23:04:11.087794+09:00 [info] <0.1199.0>@supervisor:report_progress/2:1582 Supervisor: {<0.1199.0>,ranch_acceptors_sup}. Started: id={acceptor,<0.1199.0>,31},pid=<0.1230.0>.
2026-09-11 23:04:11.100046+09:00 [info] <0.1199.0>@supervisor:report_progress/2:1582 Supervisor: {<0.1199.0>,ranch_acceptors_sup}. Started: id={acceptor,<0.1199.0>,32},pid=<0.1231.0>.
2026-09-11 23:04:11.110944+09:00 [info] <0.1199.0>@supervisor:report_progress/2:1582 Supervisor: {<0.1199.0>,ranch_acceptors_sup}. Started: id={acceptor,<0.1199.0>,33},pid=<0.1232.0>.
2026-09-11 23:04:11.119196+09:00 [info] <0.1199.0>@supervisor:report_progress/2:1582 Supervisor: {<0.1199.0>,ranch_acceptors_sup}. Started: id={acceptor,<0.1199.0>,34},pid=<0.1233.0>.
2026-09-11 23:04:11.135915+09:00 [info] <0.1199.0>@supervisor:report_progress/2:1582 Supervisor: {<0.1199.0>,ranch_acceptors_sup}. Started: id={acceptor,<0.1199.0>,35},pid=<0.1234.0>.
2026-09-11 23:04:11.149702+09:00 [info] <0.1199.0>@supervisor:report_progress/2:1582 Supervisor: {<0.1199.0>,ranch_acceptors_sup}. Started: id={acceptor,<0.1199.0>,36},pid=<0.1235.0>.
2026-09-11 23:04:11.161353+09:00 [info] <0.1199.0>@supervisor:report_progress/2:1582 Supervisor: {<0.1199.0>,ranch_acceptors_sup}. Started: id={acceptor,<0.1199.0>,37},pid=<0.1236.0>.
2026-09-11 23:04:11.176835+09:00 [info] <0.1199.0>@supervisor:report_progress/2:1582 Supervisor: {<0.1199.0>,ranch_acceptors_sup}. Started: id={acceptor,<0.1199.0>,38},pid=<0.1237.0>.
2026-09-11 23:04:11.182088+09:00 [info] <0.1199.0>@supervisor:report_progress/2:1582 Supervisor: {<0.1199.0>,ranch_acceptors_sup}. Started: id={acceptor,<0.1199.0>,39},pid=<0.1238.0>.
2026-09-11 23:04:11.200163+09:00 [info] <0.1199.0>@supervisor:report_progress/2:1582 Supervisor: {<0.1199.0>,ranch_acceptors_sup}. Started: id={acceptor,<0.1199.0>,40},pid=<0.1239.0>.
2026-09-11 23:04:11.205833+09:00 [info] <0.1199.0>@supervisor:report_progress/2:1582 Supervisor: {<0.1199.0>,ranch_acceptors_sup}. Started: id={acceptor,<0.1199.0>,41},pid=<0.1240.0>.
2026-09-11 23:04:11.219559+09:00 [info] <0.1199.0>@supervisor:report_progress/2:1582 Supervisor: {<0.1199.0>,ranch_acceptors_sup}. Started: id={acceptor,<0.1199.0>,42},pid=<0.1241.0>.
2026-09-11 23:04:11.242137+09:00 [info] <0.1199.0>@supervisor:report_progress/2:1582 Supervisor: {<0.1199.0>,ranch_acceptors_sup}. Started: id={acceptor,<0.1199.0>,43},pid=<0.1242.0>.
2026-09-11 23:04:11.249301+09:00 [info] <0.1199.0>@supervisor:report_progress/2:1582 Supervisor: {<0.1199.0>,ranch_acceptors_sup}. Started: id={acceptor,<0.1199.0>,44},pid=<0.1243.0>.
2026-09-11 23:04:11.267357+09:00 [info] <0.1199.0>@supervisor:report_progress/2:1582 Supervisor: {<0.1199.0>,ranch_acceptors_sup}. Started: id={acceptor,<0.1199.0>,45},pid=<0.1244.0>.
2026-09-11 23:04:11.283061+09:00 [info] <0.1199.0>@supervisor:report_progress/2:1582 Supervisor: {<0.1199.0>,ranch_acceptors_sup}. Started: id={acceptor,<0.1199.0>,46},pid=<0.1245.0>.
2026-09-11 23:04:11.294194+09:00 [info] <0.1199.0>@supervisor:report_progress/2:1582 Supervisor: {<0.1199.0>,ranch_acceptors_sup}. Started: id={acceptor,<0.1199.0>,47},pid=<0.1246.0>.
2026-09-11 23:04:11.307088+09:00 [info] <0.1199.0>@supervisor:report_progress/2:1582 Supervisor: {<0.1199.0>,ranch_acceptors_sup}. Started: id={acceptor,<0.1199.0>,48},pid=<0.1247.0>.
2026-09-11 23:04:11.319029+09:00 [info] <0.1199.0>@supervisor:report_progress/2:1582 Supervisor: {<0.1199.0>,ranch_acceptors_sup}. Started: id={acceptor,<0.1199.0>,49},pid=<0.1248.0>.
2026-09-11 23:04:11.325727+09:00 [info] <0.1199.0>@supervisor:report_progress/2:1582 Supervisor: {<0.1199.0>,ranch_acceptors_sup}. Started: id={acceptor,<0.1199.0>,50},pid=<0.1249.0>.
2026-09-11 23:04:11.336133+09:00 [info] <0.1199.0>@supervisor:report_progress/2:1582 Supervisor: {<0.1199.0>,ranch_acceptors_sup}. Started: id={acceptor,<0.1199.0>,51},pid=<0.1250.0>.
2026-09-11 23:04:11.346651+09:00 [info] <0.1199.0>@supervisor:report_progress/2:1582 Supervisor: {<0.1199.0>,ranch_acceptors_sup}. Started: id={acceptor,<0.1199.0>,52},pid=<0.1251.0>.
2026-09-11 23:04:11.369403+09:00 [info] <0.1199.0>@supervisor:report_progress/2:1582 Supervisor: {<0.1199.0>,ranch_acceptors_sup}. Started: id={acceptor,<0.1199.0>,53},pid=<0.1252.0>.
2026-09-11 23:04:11.374706+09:00 [info] <0.1199.0>@supervisor:report_progress/2:1582 Supervisor: {<0.1199.0>,ranch_acceptors_sup}. Started: id={acceptor,<0.1199.0>,54},pid=<0.1253.0>.
2026-09-11 23:04:11.387158+09:00 [info] <0.1199.0>@supervisor:report_progress/2:1582 Supervisor: {<0.1199.0>,ranch_acceptors_sup}. Started: id={acceptor,<0.1199.0>,55},pid=<0.1254.0>.
2026-09-11 23:04:11.402034+09:00 [info] <0.1199.0>@supervisor:report_progress/2:1582 Supervisor: {<0.1199.0>,ranch_acceptors_sup}. Started: id={acceptor,<0.1199.0>,56},pid=<0.1255.0>.
2026-09-11 23:04:11.426450+09:00 [info] <0.1199.0>@supervisor:report_progress/2:1582 Supervisor: {<0.1199.0>,ranch_acceptors_sup}. Started: id={acceptor,<0.1199.0>,57},pid=<0.1256.0>.
2026-09-11 23:04:11.448760+09:00 [info] <0.1199.0>@supervisor:report_progress/2:1582 Supervisor: {<0.1199.0>,ranch_acceptors_sup}. Started: id={acceptor,<0.1199.0>,58},pid=<0.1257.0>.
2026-09-11 23:04:11.466205+09:00 [info] <0.1199.0>@supervisor:report_progress/2:1582 Supervisor: {<0.1199.0>,ranch_acceptors_sup}. Started: id={acceptor,<0.1199.0>,59},pid=<0.1258.0>.
2026-09-11 23:04:11.483957+09:00 [info] <0.1199.0>@supervisor:report_progress/2:1582 Supervisor: {<0.1199.0>,ranch_acceptors_sup}. Started: id={acceptor,<0.1199.0>,60},pid=<0.1259.0>.
2026-09-11 23:04:11.503148+09:00 [info] <0.1199.0>@supervisor:report_progress/2:1582 Supervisor: {<0.1199.0>,ranch_acceptors_sup}. Started: id={acceptor,<0.1199.0>,61},pid=<0.1260.0>.
2026-09-11 23:04:11.524626+09:00 [info] <0.1199.0>@supervisor:report_progress/2:1582 Supervisor: {<0.1199.0>,ranch_acceptors_sup}. Started: id={acceptor,<0.1199.0>,62},pid=<0.1261.0>.
2026-09-11 23:04:11.535421+09:00 [info] <0.1199.0>@supervisor:report_progress/2:1582 Supervisor: {<0.1199.0>,ranch_acceptors_sup}. Started: id={acceptor,<0.1199.0>,63},pid=<0.1262.0>.
2026-09-11 23:04:11.555043+09:00 [info] <0.1199.0>@supervisor:report_progress/2:1582 Supervisor: {<0.1199.0>,ranch_acceptors_sup}. Started: id={acceptor,<0.1199.0>,64},pid=<0.1263.0>.
2026-09-11 23:04:11.572072+09:00 [info] <0.735.0>@leveled_monitor:handle_cast/2:778 log_ref=cdb19 db_id=0 Sample timings in microseconds for sample_count=0 with totals of cycle_count=0 index_time=0 read_time=0 with sample_period=15 seconds
2026-09-11 23:04:11.569071+09:00 [info] <0.1199.0>@supervisor:report_progress/2:1582 Supervisor: {<0.1199.0>,ranch_acceptors_sup}. Started: id={acceptor,<0.1199.0>,65},pid=<0.1264.0>.
2026-09-11 23:04:11.586185+09:00 [info] <0.1199.0>@supervisor:report_progress/2:1582 Supervisor: {<0.1199.0>,ranch_acceptors_sup}. Started: id={acceptor,<0.1199.0>,66},pid=<0.1267.0>.
2026-09-11 23:04:11.607604+09:00 [info] <0.1199.0>@supervisor:report_progress/2:1582 Supervisor: {<0.1199.0>,ranch_acceptors_sup}. Started: id={acceptor,<0.1199.0>,67},pid=<0.1268.0>.
2026-09-11 23:04:11.620365+09:00 [info] <0.1199.0>@supervisor:report_progress/2:1582 Supervisor: {<0.1199.0>,ranch_acceptors_sup}. Started: id={acceptor,<0.1199.0>,68},pid=<0.1272.0>.
2026-09-11 23:04:11.643675+09:00 [info] <0.1199.0>@supervisor:report_progress/2:1582 Supervisor: {<0.1199.0>,ranch_acceptors_sup}. Started: id={acceptor,<0.1199.0>,69},pid=<0.1279.0>.
2026-09-11 23:04:11.659689+09:00 [info] <0.1199.0>@supervisor:report_progress/2:1582 Supervisor: {<0.1199.0>,ranch_acceptors_sup}. Started: id={acceptor,<0.1199.0>,70},pid=<0.1285.0>.
2026-09-11 23:04:11.671815+09:00 [info] <0.1199.0>@supervisor:report_progress/2:1582 Supervisor: {<0.1199.0>,ranch_acceptors_sup}. Started: id={acceptor,<0.1199.0>,71},pid=<0.1286.0>.
2026-09-11 23:04:11.690256+09:00 [info] <0.1199.0>@supervisor:report_progress/2:1582 Supervisor: {<0.1199.0>,ranch_acceptors_sup}. Started: id={acceptor,<0.1199.0>,72},pid=<0.1287.0>.
2026-09-11 23:04:11.700738+09:00 [info] <0.1199.0>@supervisor:report_progress/2:1582 Supervisor: {<0.1199.0>,ranch_acceptors_sup}. Started: id={acceptor,<0.1199.0>,73},pid=<0.1288.0>.
2026-09-11 23:04:11.721311+09:00 [info] <0.1199.0>@supervisor:report_progress/2:1582 Supervisor: {<0.1199.0>,ranch_acceptors_sup}. Started: id={acceptor,<0.1199.0>,74},pid=<0.1289.0>.
2026-09-11 23:04:11.736291+09:00 [info] <0.1199.0>@supervisor:report_progress/2:1582 Supervisor: {<0.1199.0>,ranch_acceptors_sup}. Started: id={acceptor,<0.1199.0>,75},pid=<0.1290.0>.
2026-09-11 23:04:11.751096+09:00 [info] <0.1199.0>@supervisor:report_progress/2:1582 Supervisor: {<0.1199.0>,ranch_acceptors_sup}. Started: id={acceptor,<0.1199.0>,76},pid=<0.1291.0>.
2026-09-11 23:04:11.767099+09:00 [info] <0.1199.0>@supervisor:report_progress/2:1582 Supervisor: {<0.1199.0>,ranch_acceptors_sup}. Started: id={acceptor,<0.1199.0>,77},pid=<0.1292.0>.
2026-09-11 23:04:11.785968+09:00 [info] <0.1199.0>@supervisor:report_progress/2:1582 Supervisor: {<0.1199.0>,ranch_acceptors_sup}. Started: id={acceptor,<0.1199.0>,78},pid=<0.1293.0>.
2026-09-11 23:04:11.790282+09:00 [info] <0.1199.0>@supervisor:report_progress/2:1582 Supervisor: {<0.1199.0>,ranch_acceptors_sup}. Started: id={acceptor,<0.1199.0>,79},pid=<0.1294.0>.
2026-09-11 23:04:11.812649+09:00 [info] <0.1199.0>@supervisor:report_progress/2:1582 Supervisor: {<0.1199.0>,ranch_acceptors_sup}. Started: id={acceptor,<0.1199.0>,80},pid=<0.1295.0>.
2026-09-11 23:04:11.815243+09:00 [info] <0.1199.0>@supervisor:report_progress/2:1582 Supervisor: {<0.1199.0>,ranch_acceptors_sup}. Started: id={acceptor,<0.1199.0>,81},pid=<0.1296.0>.
2026-09-11 23:04:11.828495+09:00 [info] <0.1199.0>@supervisor:report_progress/2:1582 Supervisor: {<0.1199.0>,ranch_acceptors_sup}. Started: id={acceptor,<0.1199.0>,82},pid=<0.1297.0>.
2026-09-11 23:04:11.831359+09:00 [info] <0.1199.0>@supervisor:report_progress/2:1582 Supervisor: {<0.1199.0>,ranch_acceptors_sup}. Started: id={acceptor,<0.1199.0>,83},pid=<0.1298.0>.
2026-09-11 23:04:11.850768+09:00 [info] <0.1199.0>@supervisor:report_progress/2:1582 Supervisor: {<0.1199.0>,ranch_acceptors_sup}. Started: id={acceptor,<0.1199.0>,84},pid=<0.1299.0>.
2026-09-11 23:04:11.863303+09:00 [info] <0.1199.0>@supervisor:report_progress/2:1582 Supervisor: {<0.1199.0>,ranch_acceptors_sup}. Started: id={acceptor,<0.1199.0>,85},pid=<0.1300.0>.
2026-09-11 23:04:11.887392+09:00 [info] <0.1199.0>@supervisor:report_progress/2:1582 Supervisor: {<0.1199.0>,ranch_acceptors_sup}. Started: id={acceptor,<0.1199.0>,86},pid=<0.1301.0>.
2026-09-11 23:04:11.896919+09:00 [info] <0.1199.0>@supervisor:report_progress/2:1582 Supervisor: {<0.1199.0>,ranch_acceptors_sup}. Started: id={acceptor,<0.1199.0>,87},pid=<0.1302.0>.
2026-09-11 23:04:11.919408+09:00 [info] <0.1199.0>@supervisor:report_progress/2:1582 Supervisor: {<0.1199.0>,ranch_acceptors_sup}. Started: id={acceptor,<0.1199.0>,88},pid=<0.1303.0>.
2026-09-11 23:04:11.942837+09:00 [info] <0.1199.0>@supervisor:report_progress/2:1582 Supervisor: {<0.1199.0>,ranch_acceptors_sup}. Started: id={acceptor,<0.1199.0>,89},pid=<0.1304.0>.
2026-09-11 23:04:11.954814+09:00 [info] <0.1199.0>@supervisor:report_progress/2:1582 Supervisor: {<0.1199.0>,ranch_acceptors_sup}. Started: id={acceptor,<0.1199.0>,90},pid=<0.1305.0>.
2026-09-11 23:04:11.976247+09:00 [info] <0.1199.0>@supervisor:report_progress/2:1582 Supervisor: {<0.1199.0>,ranch_acceptors_sup}. Started: id={acceptor,<0.1199.0>,91},pid=<0.1306.0>.
2026-09-11 23:04:11.983805+09:00 [info] <0.1199.0>@supervisor:report_progress/2:1582 Supervisor: {<0.1199.0>,ranch_acceptors_sup}. Started: id={acceptor,<0.1199.0>,92},pid=<0.1307.0>.
2026-09-11 23:04:12.009705+09:00 [info] <0.1199.0>@supervisor:report_progress/2:1582 Supervisor: {<0.1199.0>,ranch_acceptors_sup}. Started: id={acceptor,<0.1199.0>,93},pid=<0.1308.0>.
2026-09-11 23:04:12.026394+09:00 [info] <0.1199.0>@supervisor:report_progress/2:1582 Supervisor: {<0.1199.0>,ranch_acceptors_sup}. Started: id={acceptor,<0.1199.0>,94},pid=<0.1309.0>.
2026-09-11 23:04:12.039283+09:00 [info] <0.1199.0>@supervisor:report_progress/2:1582 Supervisor: {<0.1199.0>,ranch_acceptors_sup}. Started: id={acceptor,<0.1199.0>,95},pid=<0.1310.0>.
2026-09-11 23:04:12.050055+09:00 [info] <0.1199.0>@supervisor:report_progress/2:1582 Supervisor: {<0.1199.0>,ranch_acceptors_sup}. Started: id={acceptor,<0.1199.0>,96},pid=<0.1311.0>.
2026-09-11 23:04:12.064775+09:00 [info] <0.1199.0>@supervisor:report_progress/2:1582 Supervisor: {<0.1199.0>,ranch_acceptors_sup}. Started: id={acceptor,<0.1199.0>,97},pid=<0.1312.0>.
2026-09-11 23:04:12.073016+09:00 [info] <0.1199.0>@supervisor:report_progress/2:1582 Supervisor: {<0.1199.0>,ranch_acceptors_sup}. Started: id={acceptor,<0.1199.0>,98},pid=<0.1313.0>.
2026-09-11 23:04:12.075256+09:00 [info] <0.1199.0>@supervisor:report_progress/2:1582 Supervisor: {<0.1199.0>,ranch_acceptors_sup}. Started: id={acceptor,<0.1199.0>,99},pid=<0.1314.0>.
2026-09-11 23:04:12.100139+09:00 [info] <0.1199.0>@supervisor:report_progress/2:1582 Supervisor: {<0.1199.0>,ranch_acceptors_sup}. Started: id={acceptor,<0.1199.0>,100},pid=<0.1315.0>.
2026-09-11 23:04:12.104576+09:00 [info] <0.1080.0>@supervisor:report_progress/2:1582 Supervisor: {<0.1080.0>,ranch_listener_sup}. Started: id=ranch_acceptors_sup,pid=<0.1199.0>.
2026-09-11 23:04:12.106219+09:00 [info] <0.799.0>@supervisor:report_progress/2:1582 Supervisor: {local,ranch_sup}. Started: id={ranch_listener_sup,{[49,50,55,46,48,46,48,46,49],9080}},pid=<0.1080.0>.
2026-09-11 23:04:12.119974+09:00 [info] <0.1079.0>@riak_core_service_mgr:start_dispatcher/3:524 Service manager: listening on 127.0.0.1:9080
2026-09-11 23:04:12.122024+09:00 [info] <0.1078.0>@supervisor:report_progress/2:1582 Supervisor: {local,riak_core_cluster_mgr_sup}. Started: id=riak_core_service_mgr,pid=<0.1079.0>.
2026-09-11 23:04:12.423969+09:00 [info] <0.1078.0>@supervisor:report_progress/2:1582 Supervisor: {local,riak_core_cluster_mgr_sup}. Started: id=riak_core_connection_mgr,pid=<0.1316.0>.
2026-09-11 23:04:12.484011+09:00 [info] <0.1078.0>@supervisor:report_progress/2:1582 Supervisor: {local,riak_core_cluster_mgr_sup}. Started: id=riak_core_cluster_conn_sup,pid=<0.1317.0>.
2026-09-11 23:04:12.744677+09:00 [info] <0.1078.0>@supervisor:report_progress/2:1582 Supervisor: {local,riak_core_cluster_mgr_sup}. Started: id=riak_repl_cluster_mgr,pid=<0.1318.0>.
2026-09-11 23:04:12.914671+09:00 [info] <0.1320.0>@riak_core_tcp_mon:init/1:167 Starting TCP Monitor
2026-09-11 23:04:12.925083+09:00 [info] <0.1078.0>@supervisor:report_progress/2:1582 Supervisor: {local,riak_core_cluster_mgr_sup}. Started: id=riak_core_tcp_mon,pid=<0.1320.0>.
2026-09-11 23:04:12.930618+09:00 [info] <0.1070.0>@supervisor:report_progress/2:1582 Supervisor: {local,riak_repl_sup}. Started: id=riak_core_cluster_mgr_sup,pid=<0.1078.0>.
2026-09-11 23:04:12.993356+09:00 [info] <0.1070.0>@supervisor:report_progress/2:1582 Supervisor: {local,riak_repl_sup}. Started: id=riak_repl2_fs_node_reserver,pid=<0.1321.0>.
2026-09-11 23:04:13.253641+09:00 [info] <0.1323.0>@supervisor:report_progress/2:1582 Supervisor: {local,riak_repl2_rtsource_sup}. Started: id=riak_repl2_rtq,pid=<0.1324.0>.
2026-09-11 23:04:13.310686+09:00 [info] <0.1323.0>@supervisor:report_progress/2:1582 Supervisor: {local,riak_repl2_rtsource_sup}. Started: id=riak_repl2_rtq_overload_counter,pid=<0.1325.0>.
2026-09-11 23:04:13.534635+09:00 [info] <0.1323.0>@supervisor:report_progress/2:1582 Supervisor: {local,riak_repl2_rtsource_sup}. Started: id=riak_repl2_rtsource_conn_sup,pid=<0.1326.0>.
2026-09-11 23:04:13.539812+09:00 [info] <0.1322.0>@supervisor:report_progress/2:1582 Supervisor: {local,riak_repl2_rt_sup}. Started: id=riak_repl2_rtsource_sup,pid=<0.1323.0>.
2026-09-11 23:04:13.900340+09:00 [info] <0.1327.0>@supervisor:report_progress/2:1582 Supervisor: {local,riak_repl2_rtsink_sup}. Started: id=riak_repl2_rtsink_pool,pid=<0.1328.0>.
2026-09-11 23:04:14.002317+09:00 [info] <0.1327.0>@supervisor:report_progress/2:1582 Supervisor: {local,riak_repl2_rtsink_sup}. Started: id=riak_repl2_rtsink_conn_sup,pid=<0.1351.0>.
2026-09-11 23:04:14.005603+09:00 [info] <0.1322.0>@supervisor:report_progress/2:1582 Supervisor: {local,riak_repl2_rt_sup}. Started: id=riak_repl2_rtsink_sup,pid=<0.1327.0>.
2026-09-11 23:04:14.007248+09:00 [info] <0.1322.0>@supervisor:report_progress/2:1582 Supervisor: {local,riak_repl2_rt_sup}. Started: id=riak_repl2_rt,pid=<0.1352.0>.
2026-09-11 23:04:14.019195+09:00 [info] <0.1070.0>@supervisor:report_progress/2:1582 Supervisor: {local,riak_repl_sup}. Started: id=riak_repl2_rt_sup,pid=<0.1322.0>.
2026-09-11 23:04:14.106103+09:00 [info] <0.1070.0>@supervisor:report_progress/2:1582 Supervisor: {local,riak_repl_sup}. Started: id=riak_repl2_fscoordinator_sup,pid=<0.1353.0>.
2026-09-11 23:04:14.150114+09:00 [info] <0.1070.0>@supervisor:report_progress/2:1582 Supervisor: {local,riak_repl_sup}. Started: id=riak_repl2_fscoordinator_serv_sup,pid=<0.1354.0>.
2026-09-11 23:04:14.205535+09:00 [info] <0.1070.0>@supervisor:report_progress/2:1582 Supervisor: {local,riak_repl_sup}. Started: id=riak_repl2_fssource_sup,pid=<0.1355.0>.
2026-09-11 23:04:14.261134+09:00 [info] <0.1070.0>@supervisor:report_progress/2:1582 Supervisor: {local,riak_repl_sup}. Started: id=riak_repl2_fssink_pool,pid=<0.1356.0>.
2026-09-11 23:04:14.323297+09:00 [info] <0.1070.0>@supervisor:report_progress/2:1582 Supervisor: {local,riak_repl_sup}. Started: id=riak_repl2_fssink_sup,pid=<0.1363.0>.
2026-09-11 23:04:14.400568+09:00 [info] <0.1070.0>@supervisor:report_progress/2:1582 Supervisor: {local,riak_repl_sup}. Started: id=riak_repl2_pg_proxy_sup,pid=<0.1364.0>.
2026-09-11 23:04:14.561562+09:00 [info] <0.889.0>@leveled_monitor:handle_cast/2:778 log_ref=cdb19 db_id=1 Sample timings in microseconds for sample_count=0 with totals of cycle_count=0 index_time=0 read_time=0 with sample_period=9 seconds
2026-09-11 23:04:14.646304+09:00 [info] <0.1365.0>@supervisor:report_progress/2:1582 Supervisor: {local,riak_repl2_pg_sup}. Started: id=riak_repl2_pg_block_provider_sup,pid=<0.1366.0>.
2026-09-11 23:04:14.695859+09:00 [info] <0.1365.0>@supervisor:report_progress/2:1582 Supervisor: {local,riak_repl2_pg_sup}. Started: id=riak_repl2_pg_block_requester_sup,pid=<0.1367.0>.
2026-09-11 23:04:14.702115+09:00 [info] <0.1365.0>@supervisor:report_progress/2:1582 Supervisor: {local,riak_repl2_pg_sup}. Started: id=riak_repl2_pg,pid=<0.1368.0>.
2026-09-11 23:04:14.705947+09:00 [info] <0.1070.0>@supervisor:report_progress/2:1582 Supervisor: {local,riak_repl_sup}. Started: id=riak_repl2_pg_sup,pid=<0.1365.0>.
2026-09-11 23:04:15.057561+09:00 [info] <0.253.0>@supervisor:report_progress/2:1582 Supervisor: {local,riak_core_stats_sup}. Started: id=riak_core_connection_mgr_stats,pid=<0.1369.0>.
2026-09-11 23:04:15.345216+09:00 [info] <0.253.0>@supervisor:report_progress/2:1582 Supervisor: {local,riak_core_stats_sup}. Started: id=riak_repl_stats,pid=<0.1370.0>.
2026-09-11 23:04:15.676515+09:00 [info] <0.1076.0>@riak_repl2_leader:become_leader/2:217 Leader2: 'openriak-kv@node-02.cluster-a.openriak' elected as replication leader
2026-09-11 23:04:15.694739+09:00 [info] <0.1318.0>@riak_core_cluster_mgr:become_leader/2:706 ClusterManager: 'openriak-kv@node-02.cluster-a.openriak' becoming the leader
2026-09-11 23:04:15.741784+09:00 [info] <0.216.0>@supervisor:report_progress/2:1582 Supervisor: {local,riak_core_eventhandler_sup}. Started: id={riak_core_ring_events,riak_repl_ring_handler},pid=<0.1371.0>.
2026-09-11 23:04:16.239139+09:00 [info] <0.44.0>@application_controller:info_started/2:2130 Application: riak_repl. Started at: 'openriak-kv@node-02.cluster-a.openriak'.
2026-09-11 23:04:16.262757+09:00 [info] <0.44.0>@application_controller:info_started/2:2130 Application: canola. Started at: 'openriak-kv@node-02.cluster-a.openriak'.
2026-09-11 23:04:16.575372+09:00 [info] <0.44.0>@application_controller:info_started/2:2130 Application: riak_auth_mods. Started at: 'openriak-kv@node-02.cluster-a.openriak'.
2026-09-11 23:04:16.579798+09:00 [info] <0.44.0>@application_controller:info_started/2:2130 Application: riak_logger. Started at: 'openriak-kv@node-02.cluster-a.openriak'.
2026-09-11 23:04:17.792036+09:00 [info] <0.458.0>@riak_kv_replrtq_src:handle_info/2:646 QueueName=q1_ttaaefs has queue sizes p1=0 p2=0 p3=0
2026-09-11 23:04:27.112838+09:00 [info] <0.883.0>@leveled_monitor:handle_cast/2:668 log_ref=b0018 db_id=4 Positive HEAD responses timed with sample_count=0 and cache_count=0 found_count=0 fetch_ledger_time=0 fetch_ledgercache_time=0 rsp_time=0 notfound_time=0 with sample_period=21 seconds
2026-09-11 23:04:41.547217+09:00 [info] <0.735.0>@leveled_monitor:handle_cast/2:704 log_ref=b0017 db_id=0 Snapshot timing with sample_count=0 and bookie_time=0 pcl_time=0 with sample_period=45 seconds
2026-09-11 23:04:42.301888+09:00 [info] <0.895.0>@leveled_monitor:handle_cast/2:668 log_ref=b0018 db_id=6 Positive HEAD responses timed with sample_count=0 and cache_count=0 found_count=0 fetch_ledger_time=0 fetch_ledgercache_time=0 rsp_time=0 notfound_time=0 with sample_period=37 seconds
2026-09-11 23:04:44.566175+09:00 [info] <0.889.0>@leveled_monitor:handle_cast/2:733 log_ref=p0032 db_id=1 Fetch head timing with sample_count=0 and level timings of foundmem_time=0 found0_time=0 found1_time=0 found2_time=0 found3_time=0 foundlower_time=0 missed_time=0 with counts of foundmem_count=0 found0_count=0 found1_count=0 found2_count=0 found3_count=0 foundlower_count=0 missed_count=0 with sample_period=39 seconds
2026-09-11 23:04:47.391428+09:00 [info] <0.441.0>@riak_kv_ttaaefs_manager:handle_info/2:785 Initiated Tictac AAE Full-Sync Mgr with scope=disabled
2026-09-11 23:04:47.407172+09:00 [info] <0.441.0>@riak_kv_ttaaefs_manager:handle_info/2:805 Initiating schedule at startup SlotInfo {1,1,1} Schedule [{no_check,24},{all_check,0},{day_check,0},{hour_check,0},{range_check,0},{auto_check,0}]
2026-09-11 23:04:47.430326+09:00 [info] <0.441.0>@riak_kv_ttaaefs_manager:handle_info/2:823 Scheduling work_item=no_check in 3352 seconds 23 items to run in schedule
2026-09-11 23:04:47.694972+09:00 [info] <0.885.0>@leveled_monitor:handle_cast/2:733 log_ref=p0032 db_id=5 Fetch head timing with sample_count=0 and level timings of foundmem_time=0 found0_time=0 found1_time=0 found2_time=0 found3_time=0 foundlower_time=0 missed_time=0 with counts of foundmem_count=0 found0_count=0 found1_count=0 found2_count=0 found3_count=0 foundlower_count=0 missed_count=0 with sample_period=42 seconds
2026-09-11 23:04:47.799620+09:00 [info] <0.458.0>@riak_kv_replrtq_src:handle_info/2:646 QueueName=q1_ttaaefs has queue sizes p1=0 p2=0 p3=0
2026-09-11 23:04:48.305378+09:00 [info] <0.462.0>@riak_kv_overflow_queue:log/5:133 riak_kv_reaper job_id=0 has attempts=0 aborts=0 Queue lengths queue_p2=0 queue_p1=0 Overflow lengths overflow_p2=0 overflow_p1=0 Discard counts discard_p2=0 discard_p1=0
2026-09-11 23:04:48.371389+09:00 [info] <0.463.0>@riak_kv_overflow_queue:log/5:133 riak_kv_eraser job_id=0 has attempts=0 aborts=0 Queue lengths queue_p2=0 queue_p1=0 Overflow lengths overflow_p2=0 overflow_p1=0 Discard counts discard_p2=0 discard_p1=0
2026-09-11 23:04:48.424109+09:00 [info] <0.464.0>@riak_kv_overflow_queue:log/5:133 riak_kv_reader job_id=0 has attempts=0 aborts=0 Queue lengths queue_p2=0 queue_p1=0 Overflow lengths overflow_p2=0 overflow_p1=0 Discard counts discard_p2=0 discard_p1=0
2026-09-11 23:04:51.132821+09:00 [info] <0.892.0>@leveled_monitor:handle_cast/2:704 log_ref=b0017 db_id=7 Snapshot timing with sample_count=1 and bookie_time=152 pcl_time=23554 with sample_period=45 seconds
2026-09-11 23:04:54.598774+09:00 [info] <0.675.0>@riak_core_worker_pool:handle_info/3:257 worker_pool=af1_pool has qlen=0 and no items checked out
2026-09-11 23:04:54.646663+09:00 [info] <0.699.0>@riak_core_worker_pool:handle_info/3:257 worker_pool=af2_pool has qlen=0 and no items checked out
2026-09-11 23:04:54.699716+09:00 [info] <0.703.0>@riak_core_worker_pool:handle_info/3:257 worker_pool=af3_pool has qlen=0 and no items checked out
2026-09-11 23:04:54.718703+09:00 [info] <0.710.0>@riak_core_worker_pool:handle_info/3:257 worker_pool=af4_pool has qlen=0 and no items checked out
2026-09-11 23:04:54.728770+09:00 [info] <0.714.0>@riak_core_worker_pool:handle_info/3:257 worker_pool=be_pool has qlen=0 and no items checked out
2026-09-11 23:04:56.150930+09:00 [info] <0.881.0>@leveled_monitor:handle_cast/2:778 log_ref=cdb19 db_id=2 Sample timings in microseconds for sample_count=0 with totals of cycle_count=0 index_time=0 read_time=0 with sample_period=51 seconds
2026-09-11 23:04:57.123598+09:00 [info] <0.883.0>@leveled_monitor:handle_cast/2:687 log_ref=b0015 db_id=4 Put timing with sample_count=0 ink_time=0 prep_time=0 mem_time=0 with total_object_size=0 with sample_period=51 seconds
2026-09-11 23:04:58.076427+09:00 [info] <0.887.0>@leveled_monitor:handle_cast/2:687 log_ref=b0015 db_id=3 Put timing with sample_count=0 ink_time=0 prep_time=0 mem_time=0 with total_object_size=0 with sample_period=52 seconds
2026-09-11 23:05:11.548958+09:00 [info] <0.735.0>@leveled_monitor:handle_cast/2:668 log_ref=b0018 db_id=0 Positive HEAD responses timed with sample_count=0 and cache_count=0 found_count=0 fetch_ledger_time=0 fetch_ledgercache_time=0 rsp_time=0 notfound_time=0 with sample_period=75 seconds
2026-09-11 23:05:12.312030+09:00 [info] <0.895.0>@leveled_monitor:handle_cast/2:647 log_ref=b0016 db_id=6 Get timing with sample_count=0 and head_time=0 body_time=0 with fetch_count=0 with sample_period=67 seconds
2026-09-11 23:05:14.569832+09:00 [info] <0.889.0>@leveled_monitor:handle_cast/2:704 log_ref=b0017 db_id=1 Snapshot timing with sample_count=0 and bookie_time=0 pcl_time=0 with sample_period=69 seconds
2026-09-11 23:05:17.699793+09:00 [info] <0.885.0>@leveled_monitor:handle_cast/2:704 log_ref=b0017 db_id=5 Snapshot timing with sample_count=0 and bookie_time=0 pcl_time=0 with sample_period=72 seconds
2026-09-11 23:05:17.803628+09:00 [info] <0.458.0>@riak_kv_replrtq_src:handle_info/2:646 QueueName=q1_ttaaefs has queue sizes p1=0 p2=0 p3=0
2026-09-11 23:05:21.149070+09:00 [info] <0.892.0>@leveled_monitor:handle_cast/2:778 log_ref=cdb19 db_id=7 Sample timings in microseconds for sample_count=0 with totals of cycle_count=0 index_time=0 read_time=0 with sample_period=75 seconds
2026-09-11 23:05:26.151782+09:00 [info] <0.881.0>@leveled_monitor:handle_cast/2:704 log_ref=b0017 db_id=2 Snapshot timing with sample_count=0 and bookie_time=0 pcl_time=0 with sample_period=81 seconds
2026-09-11 23:05:28.080259+09:00 [info] <0.887.0>@leveled_monitor:handle_cast/2:668 log_ref=b0018 db_id=3 Positive HEAD responses timed with sample_count=0 and cache_count=0 found_count=0 fetch_ledger_time=0 fetch_ledgercache_time=0 rsp_time=0 notfound_time=0 with sample_period=82 seconds
2026-09-11 23:05:42.319829+09:00 [info] <0.895.0>@leveled_monitor:handle_cast/2:733 log_ref=p0032 db_id=6 Fetch head timing with sample_count=0 and level timings of foundmem_time=0 found0_time=0 found1_time=0 found2_time=0 found3_time=0 foundlower_time=0 missed_time=0 with counts of foundmem_count=0 found0_count=0 found1_count=0 found2_count=0 found3_count=0 foundlower_count=0 missed_count=0 with sample_period=97 seconds
2026-09-11 23:05:44.570771+09:00 [info] <0.889.0>@leveled_monitor:handle_cast/2:668 log_ref=b0018 db_id=1 Positive HEAD responses timed with sample_count=0 and cache_count=0 found_count=0 fetch_ledger_time=0 fetch_ledgercache_time=0 rsp_time=0 notfound_time=0 with sample_period=99 seconds
2026-09-11 23:05:47.700797+09:00 [info] <0.885.0>@leveled_monitor:handle_cast/2:778 log_ref=cdb19 db_id=5 Sample timings in microseconds for sample_count=0 with totals of cycle_count=0 index_time=0 read_time=0 with sample_period=102 seconds
2026-09-11 23:05:47.807263+09:00 [info] <0.458.0>@riak_kv_replrtq_src:handle_info/2:646 QueueName=q1_ttaaefs has queue sizes p1=0 p2=0 p3=0
2026-09-11 23:05:48.324383+09:00 [info] <0.462.0>@riak_kv_overflow_queue:log/5:133 riak_kv_reaper job_id=0 has attempts=0 aborts=0 Queue lengths queue_p2=0 queue_p1=0 Overflow lengths overflow_p2=0 overflow_p1=0 Discard counts discard_p2=0 discard_p1=0
2026-09-11 23:05:48.381346+09:00 [info] <0.463.0>@riak_kv_overflow_queue:log/5:133 riak_kv_eraser job_id=0 has attempts=0 aborts=0 Queue lengths queue_p2=0 queue_p1=0 Overflow lengths overflow_p2=0 overflow_p1=0 Discard counts discard_p2=0 discard_p1=0
2026-09-11 23:05:48.437617+09:00 [info] <0.464.0>@riak_kv_overflow_queue:log/5:133 riak_kv_reader job_id=0 has attempts=0 aborts=0 Queue lengths queue_p2=0 queue_p1=0 Overflow lengths overflow_p2=0 overflow_p1=0 Discard counts discard_p2=0 discard_p1=0
2026-09-11 23:05:48.852759+09:00 [info] <0.710.0>@riak_core_worker_pool:handle_info/3:257 worker_pool=af4_pool has qlen=0 and no items checked out
2026-09-11 23:05:49.126633+09:00 [info] <0.699.0>@riak_core_worker_pool:handle_info/3:257 worker_pool=af2_pool has qlen=0 and no items checked out
2026-09-11 23:05:51.090783+09:00 [info] <0.675.0>@riak_core_worker_pool:handle_info/3:257 worker_pool=af1_pool has qlen=0 and no items checked out
2026-09-11 23:05:51.187609+09:00 [info] <0.703.0>@riak_core_worker_pool:handle_info/3:257 worker_pool=af3_pool has qlen=0 and no items checked out
2026-09-11 23:05:52.529660+09:00 [info] <0.714.0>@riak_core_worker_pool:handle_info/3:257 worker_pool=be_pool has qlen=0 and no items checked out
2026-09-11 23:05:57.125764+09:00 [info] <0.883.0>@leveled_monitor:handle_cast/2:733 log_ref=p0032 db_id=4 Fetch head timing with sample_count=0 and level timings of foundmem_time=0 found0_time=0 found1_time=0 found2_time=0 found3_time=0 foundlower_time=0 missed_time=0 with counts of foundmem_count=0 found0_count=0 found1_count=0 found2_count=0 found3_count=0 foundlower_count=0 missed_count=0 with sample_period=112 seconds
2026-09-11 23:06:11.550770+09:00 [info] <0.735.0>@leveled_monitor:handle_cast/2:687 log_ref=b0015 db_id=0 Put timing with sample_count=0 ink_time=0 prep_time=0 mem_time=0 with total_object_size=0 with sample_period=135 seconds
2026-09-11 23:06:12.320924+09:00 [info] <0.895.0>@leveled_monitor:handle_cast/2:687 log_ref=b0015 db_id=6 Put timing with sample_count=0 ink_time=0 prep_time=0 mem_time=0 with total_object_size=0 with sample_period=127 seconds
2026-09-11 23:06:17.701827+09:00 [info] <0.885.0>@leveled_monitor:handle_cast/2:647 log_ref=b0016 db_id=5 Get timing with sample_count=0 and head_time=0 body_time=0 with fetch_count=0 with sample_period=132 seconds
2026-09-11 23:06:17.812873+09:00 [info] <0.458.0>@riak_kv_replrtq_src:handle_info/2:646 QueueName=q1_ttaaefs has queue sizes p1=0 p2=0 p3=0
2026-09-11 23:06:21.150956+09:00 [info] <0.892.0>@leveled_monitor:handle_cast/2:733 log_ref=p0032 db_id=7 Fetch head timing with sample_count=0 and level timings of foundmem_time=0 found0_time=0 found1_time=0 found2_time=0 found3_time=0 foundlower_time=0 missed_time=0 with counts of foundmem_count=0 found0_count=0 found1_count=0 found2_count=0 found3_count=0 foundlower_count=0 missed_count=0 with sample_period=135 seconds
2026-09-11 23:06:26.159822+09:00 [info] <0.881.0>@leveled_monitor:handle_cast/2:687 log_ref=b0015 db_id=2 Put timing with sample_count=0 ink_time=0 prep_time=0 mem_time=0 with total_object_size=0 with sample_period=141 seconds
2026-09-11 23:06:27.137845+09:00 [info] <0.883.0>@leveled_monitor:handle_cast/2:778 log_ref=cdb19 db_id=4 Sample timings in microseconds for sample_count=0 with totals of cycle_count=0 index_time=0 read_time=0 with sample_period=142 seconds
2026-09-11 23:06:28.084756+09:00 [info] <0.887.0>@leveled_monitor:handle_cast/2:733 log_ref=p0032 db_id=3 Fetch head timing with sample_count=0 and level timings of foundmem_time=0 found0_time=0 found1_time=0 found2_time=0 found3_time=0 foundlower_time=0 missed_time=0 with counts of foundmem_count=0 found0_count=0 found1_count=0 found2_count=0 found3_count=0 foundlower_count=0 missed_count=0 with sample_period=142 seconds
2026-09-11 23:06:41.552930+09:00 [info] <0.735.0>@leveled_monitor:handle_cast/2:647 log_ref=b0016 db_id=0 Get timing with sample_count=0 and head_time=0 body_time=0 with fetch_count=0 with sample_period=165 seconds
2026-09-11 23:06:42.325977+09:00 [info] <0.895.0>@leveled_monitor:handle_cast/2:704 log_ref=b0017 db_id=6 Snapshot timing with sample_count=0 and bookie_time=0 pcl_time=0 with sample_period=157 seconds
2026-09-11 23:06:44.579795+09:00 [info] <0.889.0>@leveled_monitor:handle_cast/2:647 log_ref=b0016 db_id=1 Get timing with sample_count=0 and head_time=0 body_time=0 with fetch_count=0 with sample_period=159 seconds
2026-09-11 23:06:45.324666+09:00 [info] <0.699.0>@riak_core_worker_pool:handle_info/3:257 worker_pool=af2_pool has qlen=0 and no items checked out
2026-09-11 23:06:46.059732+09:00 [info] <0.710.0>@riak_core_worker_pool:handle_info/3:257 worker_pool=af4_pool has qlen=0 and no items checked out
2026-09-11 23:06:46.556645+09:00 [info] <0.703.0>@riak_core_worker_pool:handle_info/3:257 worker_pool=af3_pool has qlen=0 and no items checked out
2026-09-11 23:06:47.702773+09:00 [info] <0.885.0>@leveled_monitor:handle_cast/2:687 log_ref=b0015 db_id=5 Put timing with sample_count=0 ink_time=0 prep_time=0 mem_time=0 with total_object_size=0 with sample_period=162 seconds
2026-09-11 23:06:47.817848+09:00 [info] <0.458.0>@riak_kv_replrtq_src:handle_info/2:646 QueueName=q1_ttaaefs has queue sizes p1=0 p2=0 p3=0
2026-09-11 23:06:48.345608+09:00 [info] <0.462.0>@riak_kv_overflow_queue:log/5:133 riak_kv_reaper job_id=0 has attempts=0 aborts=0 Queue lengths queue_p2=0 queue_p1=0 Overflow lengths overflow_p2=0 overflow_p1=0 Discard counts discard_p2=0 discard_p1=0
2026-09-11 23:06:48.387168+09:00 [info] <0.463.0>@riak_kv_overflow_queue:log/5:133 riak_kv_eraser job_id=0 has attempts=0 aborts=0 Queue lengths queue_p2=0 queue_p1=0 Overflow lengths overflow_p2=0 overflow_p1=0 Discard counts discard_p2=0 discard_p1=0
2026-09-11 23:06:48.444161+09:00 [info] <0.464.0>@riak_kv_overflow_queue:log/5:133 riak_kv_reader job_id=0 has attempts=0 aborts=0 Queue lengths queue_p2=0 queue_p1=0 Overflow lengths overflow_p2=0 overflow_p1=0 Discard counts discard_p2=0 discard_p1=0
2026-09-11 23:06:50.013703+09:00 [info] <0.714.0>@riak_core_worker_pool:handle_info/3:257 worker_pool=be_pool has qlen=0 and no items checked out
2026-09-11 23:06:50.394663+09:00 [info] <0.675.0>@riak_core_worker_pool:handle_info/3:257 worker_pool=af1_pool has qlen=0 and no items checked out
2026-09-11 23:06:51.153826+09:00 [info] <0.892.0>@leveled_monitor:handle_cast/2:647 log_ref=b0016 db_id=7 Get timing with sample_count=0 and head_time=0 body_time=0 with fetch_count=0 with sample_period=165 seconds
2026-09-11 23:06:56.160699+09:00 [info] <0.881.0>@leveled_monitor:handle_cast/2:733 log_ref=p0032 db_id=2 Fetch head timing with sample_count=0 and level timings of foundmem_time=0 found0_time=0 found1_time=0 found2_time=0 found3_time=0 foundlower_time=0 missed_time=0 with counts of foundmem_count=0 found0_count=0 found1_count=0 found2_count=0 found3_count=0 foundlower_count=0 missed_count=0 with sample_period=171 seconds
2026-09-11 23:06:57.141885+09:00 [info] <0.883.0>@leveled_monitor:handle_cast/2:704 log_ref=b0017 db_id=4 Snapshot timing with sample_count=0 and bookie_time=0 pcl_time=0 with sample_period=172 seconds
2026-09-11 23:06:58.085770+09:00 [info] <0.887.0>@leveled_monitor:handle_cast/2:704 log_ref=b0017 db_id=3 Snapshot timing with sample_count=0 and bookie_time=0 pcl_time=0 with sample_period=172 seconds
2026-09-11 23:07:11.555699+09:00 [info] <0.735.0>@leveled_monitor:handle_cast/2:733 log_ref=p0032 db_id=0 Fetch head timing with sample_count=0 and level timings of foundmem_time=0 found0_time=0 found1_time=0 found2_time=0 found3_time=0 foundlower_time=0 missed_time=0 with counts of foundmem_count=0 found0_count=0 found1_count=0 found2_count=0 found3_count=0 foundlower_count=0 missed_count=0 with sample_period=195 seconds
2026-09-11 23:07:14.581213+09:00 [info] <0.889.0>@leveled_monitor:handle_cast/2:687 log_ref=b0015 db_id=1 Put timing with sample_count=0 ink_time=0 prep_time=0 mem_time=0 with total_object_size=0 with sample_period=189 seconds
2026-09-11 23:07:17.825815+09:00 [info] <0.458.0>@riak_kv_replrtq_src:handle_info/2:646 QueueName=q1_ttaaefs has queue sizes p1=0 p2=0 p3=0
2026-09-11 23:07:21.157382+09:00 [info] <0.892.0>@leveled_monitor:handle_cast/2:668 log_ref=b0018 db_id=7 Positive HEAD responses timed with sample_count=0 and cache_count=0 found_count=0 fetch_ledger_time=0 fetch_ledgercache_time=0 rsp_time=0 notfound_time=0 with sample_period=195 seconds
2026-09-11 23:07:26.164085+09:00 [info] <0.881.0>@leveled_monitor:handle_cast/2:647 log_ref=b0016 db_id=2 Get timing with sample_count=0 and head_time=0 body_time=0 with fetch_count=0 with sample_period=201 seconds
2026-09-11 23:07:27.142700+09:00 [info] <0.883.0>@leveled_monitor:handle_cast/2:647 log_ref=b0016 db_id=4 Get timing with sample_count=0 and head_time=0 body_time=0 with fetch_count=0 with sample_period=202 seconds
2026-09-11 23:07:28.088763+09:00 [info] <0.887.0>@leveled_monitor:handle_cast/2:647 log_ref=b0016 db_id=3 Get timing with sample_count=0 and head_time=0 body_time=0 with fetch_count=0 with sample_period=202 seconds
2026-09-11 23:07:39.540956+09:00 [info] <0.699.0>@riak_core_worker_pool:handle_info/3:257 worker_pool=af2_pool has qlen=0 and no items checked out
2026-09-11 23:07:41.558267+09:00 [info] <0.735.0>@leveled_monitor:handle_cast/2:778 log_ref=cdb19 db_id=0 Sample timings in microseconds for sample_count=0 with totals of cycle_count=0 index_time=0 read_time=0 with sample_period=209 seconds
2026-09-11 23:07:42.046726+09:00 [info] <0.710.0>@riak_core_worker_pool:handle_info/3:257 worker_pool=af4_pool has qlen=0 and no items checked out
2026-09-11 23:07:42.327844+09:00 [info] <0.895.0>@leveled_monitor:handle_cast/2:778 log_ref=cdb19 db_id=6 Sample timings in microseconds for sample_count=0 with totals of cycle_count=0 index_time=0 read_time=0 with sample_period=217 seconds
2026-09-11 23:07:44.581771+09:00 [info] <0.889.0>@leveled_monitor:handle_cast/2:778 log_ref=cdb19 db_id=1 Sample timings in microseconds for sample_count=0 with totals of cycle_count=0 index_time=0 read_time=0 with sample_period=210 seconds
2026-09-11 23:07:44.825634+09:00 [info] <0.703.0>@riak_core_worker_pool:handle_info/3:257 worker_pool=af3_pool has qlen=0 and no items checked out
2026-09-11 23:07:46.645956+09:00 [info] <0.714.0>@riak_core_worker_pool:handle_info/3:257 worker_pool=be_pool has qlen=0 and no items checked out
2026-09-11 23:07:47.704768+09:00 [info] <0.885.0>@leveled_monitor:handle_cast/2:668 log_ref=b0018 db_id=5 Positive HEAD responses timed with sample_count=0 and cache_count=0 found_count=0 fetch_ledger_time=0 fetch_ledgercache_time=0 rsp_time=0 notfound_time=0 with sample_period=222 seconds
2026-09-11 23:07:47.830657+09:00 [info] <0.458.0>@riak_kv_replrtq_src:handle_info/2:646 QueueName=q1_ttaaefs has queue sizes p1=0 p2=0 p3=0
2026-09-11 23:07:48.225557+09:00 [info] <0.675.0>@riak_core_worker_pool:handle_info/3:257 worker_pool=af1_pool has qlen=0 and no items checked out
2026-09-11 23:07:48.348017+09:00 [info] <0.462.0>@riak_kv_overflow_queue:log/5:133 riak_kv_reaper job_id=0 has attempts=0 aborts=0 Queue lengths queue_p2=0 queue_p1=0 Overflow lengths overflow_p2=0 overflow_p1=0 Discard counts discard_p2=0 discard_p1=0
2026-09-11 23:07:48.389962+09:00 [info] <0.463.0>@riak_kv_overflow_queue:log/5:133 riak_kv_eraser job_id=0 has attempts=0 aborts=0 Queue lengths queue_p2=0 queue_p1=0 Overflow lengths overflow_p2=0 overflow_p1=0 Discard counts discard_p2=0 discard_p1=0
2026-09-11 23:07:48.454933+09:00 [info] <0.464.0>@riak_kv_overflow_queue:log/5:133 riak_kv_reader job_id=0 has attempts=0 aborts=0 Queue lengths queue_p2=0 queue_p1=0 Overflow lengths overflow_p2=0 overflow_p1=0 Discard counts discard_p2=0 discard_p1=0
2026-09-11 23:07:51.157994+09:00 [info] <0.892.0>@leveled_monitor:handle_cast/2:687 log_ref=b0015 db_id=7 Put timing with sample_count=0 ink_time=0 prep_time=0 mem_time=0 with total_object_size=0 with sample_period=225 seconds
2026-09-11 23:07:56.165825+09:00 [info] <0.881.0>@leveled_monitor:handle_cast/2:668 log_ref=b0018 db_id=2 Positive HEAD responses timed with sample_count=0 and cache_count=0 found_count=0 fetch_ledger_time=0 fetch_ledgercache_time=0 rsp_time=0 notfound_time=0 with sample_period=231 seconds
2026-09-11 23:07:57.147908+09:00 [info] <0.883.0>@leveled_monitor:handle_cast/2:668 log_ref=b0018 db_id=4 Positive HEAD responses timed with sample_count=0 and cache_count=0 found_count=0 fetch_ledger_time=0 fetch_ledgercache_time=0 rsp_time=0 notfound_time=0 with sample_period=210 seconds
2026-09-11 23:07:58.094492+09:00 [info] <0.887.0>@leveled_monitor:handle_cast/2:778 log_ref=cdb19 db_id=3 Sample timings in microseconds for sample_count=0 with totals of cycle_count=0 index_time=0 read_time=0 with sample_period=232 seconds
2026-09-11 23:08:11.563927+09:00 [info] <0.735.0>@leveled_monitor:handle_cast/2:704 log_ref=b0017 db_id=0 Snapshot timing with sample_count=0 and bookie_time=0 pcl_time=0 with sample_period=210 seconds
2026-09-11 23:08:12.337424+09:00 [info] <0.895.0>@leveled_monitor:handle_cast/2:668 log_ref=b0018 db_id=6 Positive HEAD responses timed with sample_count=0 and cache_count=0 found_count=0 fetch_ledger_time=0 fetch_ledgercache_time=0 rsp_time=0 notfound_time=0 with sample_period=210 seconds
2026-09-11 23:08:14.585871+09:00 [info] <0.889.0>@leveled_monitor:handle_cast/2:733 log_ref=p0032 db_id=1 Fetch head timing with sample_count=0 and level timings of foundmem_time=0 found0_time=0 found1_time=0 found2_time=0 found3_time=0 foundlower_time=0 missed_time=0 with counts of foundmem_count=0 found0_count=0 found1_count=0 found2_count=0 found3_count=0 foundlower_count=0 missed_count=0 with sample_period=210 seconds
2026-09-11 23:08:17.708601+09:00 [info] <0.885.0>@leveled_monitor:handle_cast/2:733 log_ref=p0032 db_id=5 Fetch head timing with sample_count=0 and level timings of foundmem_time=0 found0_time=0 found1_time=0 found2_time=0 found3_time=0 foundlower_time=0 missed_time=0 with counts of foundmem_count=0 found0_count=0 found1_count=0 found2_count=0 found3_count=0 foundlower_count=0 missed_count=0 with sample_period=210 seconds
2026-09-11 23:08:17.834348+09:00 [info] <0.458.0>@riak_kv_replrtq_src:handle_info/2:646 QueueName=q1_ttaaefs has queue sizes p1=0 p2=0 p3=0
2026-09-11 23:08:21.163874+09:00 [info] <0.892.0>@leveled_monitor:handle_cast/2:704 log_ref=b0017 db_id=7 Snapshot timing with sample_count=0 and bookie_time=0 pcl_time=0 with sample_period=210 seconds
2026-09-11 23:08:26.166811+09:00 [info] <0.881.0>@leveled_monitor:handle_cast/2:778 log_ref=cdb19 db_id=2 Sample timings in microseconds for sample_count=0 with totals of cycle_count=0 index_time=0 read_time=0 with sample_period=210 seconds
2026-09-11 23:08:27.148721+09:00 [info] <0.883.0>@leveled_monitor:handle_cast/2:687 log_ref=b0015 db_id=4 Put timing with sample_count=0 ink_time=0 prep_time=0 mem_time=0 with total_object_size=0 with sample_period=210 seconds
2026-09-11 23:08:28.102857+09:00 [info] <0.887.0>@leveled_monitor:handle_cast/2:687 log_ref=b0015 db_id=3 Put timing with sample_count=0 ink_time=0 prep_time=0 mem_time=0 with total_object_size=0 with sample_period=210 seconds
2026-09-11 23:08:33.833901+09:00 [info] <0.3592.0>@supervisor_bridge:report_progress/4:139 Supervisor: {local,inet_gethost_native_sup}. Started: pid=<0.3593.0>,mfa={inet_gethost_native,init,[[]]}.
2026-09-11 23:08:33.852271+09:00 [info] <0.82.0>@supervisor:report_progress/2:1582 Supervisor: {local,kernel_safe_sup}. Started: id=inet_gethost_native_sup,pid=<0.3592.0>.
2026-09-11 23:08:34.753831+09:00 [info] <0.1076.0>@riak_repl2_leader:become_leader/2:217 Leader2: 'openriak-kv@node-02.cluster-a.openriak' elected as replication leader
2026-09-11 23:08:37.099507+09:00 [info] <0.699.0>@riak_core_worker_pool:handle_info/3:257 worker_pool=af2_pool has qlen=0 and no items checked out
2026-09-11 23:08:40.734740+09:00 [info] <0.710.0>@riak_core_worker_pool:handle_info/3:257 worker_pool=af4_pool has qlen=0 and no items checked out
2026-09-11 23:08:41.013701+09:00 [info] <0.703.0>@riak_core_worker_pool:handle_info/3:257 worker_pool=af3_pool has qlen=0 and no items checked out
2026-09-11 23:08:41.564883+09:00 [info] <0.735.0>@leveled_monitor:handle_cast/2:668 log_ref=b0018 db_id=0 Positive HEAD responses timed with sample_count=0 and cache_count=0 found_count=0 fetch_ledger_time=0 fetch_ledgercache_time=0 rsp_time=0 notfound_time=0 with sample_period=210 seconds
2026-09-11 23:08:42.338675+09:00 [info] <0.895.0>@leveled_monitor:handle_cast/2:647 log_ref=b0016 db_id=6 Get timing with sample_count=0 and head_time=0 body_time=0 with fetch_count=0 with sample_period=210 seconds
2026-09-11 23:08:42.661028+09:00 [info] <0.714.0>@riak_core_worker_pool:handle_info/3:257 worker_pool=be_pool has qlen=0 and no items checked out
2026-09-11 23:08:44.049273+09:00 [warning] <0.718.0>@leveled_bookie:handle_call/3:1754 log_ref=b0011 db_id=0 Call to destroy the store and so all files to be removed
2026-09-11 23:08:44.067566+09:00 [warning] <0.741.0>@leveled_inker:handle_call/3:780 log_ref=i0018 db_id=0 We're doomed - intention recorded to destroy all files
2026-09-11 23:08:44.073030+09:00 [info] <0.741.0>@leveled_inker:handle_call/3:784 log_ref=i0005 db_id=0 Inker closing journal for reason doom
2026-09-11 23:08:44.083510+09:00 [info] <0.741.0>@leveled_inker:handle_call/3:786 log_ref=i0006 db_id=0 Close triggered with journal_sqn=0 and manifest_sqn=2
2026-09-11 23:08:44.096302+09:00 [info] <0.741.0>@leveled_inker:shutdown_manifest/1:1040 log_ref=i0007 db_id=0 Inker manifest when closing is:
2026-09-11 23:08:44.123999+09:00 [warning] <0.793.0>@leveled_penciller:handle_call/3:1097 log_ref=p0030 db_id=0 We're doomed - intention recorded to destroy all files
2026-09-11 23:08:44.136980+09:00 [info] <0.798.0>@leveled_pclerk:terminate/2:178 log_ref=pc005 db_id=0 Penciller's Clerk <0.798.0> shutdown now complete for reason normal
2026-09-11 23:08:44.226773+09:00 [info] <0.718.0>@leveled_bookie:terminate/2:1827 log_ref=b0003 db_id=0 Bookie closing for reason normal
2026-09-11 23:08:44.248505+09:00 [info] <0.841.0>@aae_treecache:handle_cast/2:354 log_ref=c0004 Destroying tree cache for partition {1278813932664540053428224228626747642198940975104,3}
2026-09-11 23:08:44.245408+09:00 [info] <0.842.0>@aae_treecache:handle_cast/2:354 log_ref=c0004 Destroying tree cache for partition {0,3}
2026-09-11 23:08:44.257785+09:00 [info] <0.840.0>@aae_treecache:handle_cast/2:354 log_ref=c0004 Destroying tree cache for partition {1096126227998177188652763624537212264741949407232,3}
2026-09-11 23:08:44.271428+09:00 [info] <0.650.0>@riak_core_vnode:finish_handoff/2:788 0 riak_kv_vnode vnode finished handoff and deleted in 299 milliseconds
2026-09-11 23:08:44.497431+09:00 [info] <0.363.0>@riak_core_vnode:finish_handoff/2:788 182687704666362864775460604089535377456991567872 riak_pipe_vnode vnode finished handoff and deleted in 0 milliseconds
2026-09-11 23:08:44.586687+09:00 [info] <0.889.0>@leveled_monitor:handle_cast/2:704 log_ref=b0017 db_id=1 Snapshot timing with sample_count=0 and bookie_time=0 pcl_time=0 with sample_period=210 seconds
2026-09-11 23:08:46.249948+09:00 [warning] <0.886.0>@leveled_bookie:handle_call/3:1754 log_ref=b0011 db_id=3 Call to destroy the store and so all files to be removed
2026-09-11 23:08:46.251316+09:00 [warning] <0.897.0>@leveled_inker:handle_call/3:780 log_ref=i0018 db_id=3 We're doomed - intention recorded to destroy all files
2026-09-11 23:08:46.262582+09:00 [info] <0.897.0>@leveled_inker:handle_call/3:784 log_ref=i0005 db_id=3 Inker closing journal for reason doom
2026-09-11 23:08:46.263633+09:00 [info] <0.897.0>@leveled_inker:handle_call/3:786 log_ref=i0006 db_id=3 Close triggered with journal_sqn=0 and manifest_sqn=2
2026-09-11 23:08:46.272389+09:00 [info] <0.897.0>@leveled_inker:shutdown_manifest/1:1040 log_ref=i0007 db_id=3 Inker manifest when closing is:
2026-09-11 23:08:46.286678+09:00 [warning] <0.937.0>@leveled_penciller:handle_call/3:1097 log_ref=p0030 db_id=3 We're doomed - intention recorded to destroy all files
2026-09-11 23:08:46.287966+09:00 [info] <0.938.0>@leveled_pclerk:terminate/2:178 log_ref=pc005 db_id=3 Penciller's Clerk <0.938.0> shutdown now complete for reason normal
2026-09-11 23:08:46.348784+09:00 [info] <0.886.0>@leveled_bookie:terminate/2:1827 log_ref=b0003 db_id=3 Bookie closing for reason normal
2026-09-11 23:08:46.356338+09:00 [info] <0.983.0>@aae_treecache:handle_cast/2:354 log_ref=c0004 Destroying tree cache for partition {548063113999088594326381812268606132370974703616,3}
2026-09-11 23:08:46.357300+09:00 [info] <0.977.0>@aae_treecache:handle_cast/2:354 log_ref=c0004 Destroying tree cache for partition {365375409332725729550921208179070754913983135744,3}
2026-09-11 23:08:46.369136+09:00 [info] <0.860.0>@riak_core_vnode:finish_handoff/2:788 548063113999088594326381812268606132370974703616 riak_kv_vnode vnode finished handoff and deleted in 206 milliseconds
2026-09-11 23:08:46.358223+09:00 [info] <0.969.0>@aae_treecache:handle_cast/2:354 log_ref=c0004 Destroying tree cache for partition {182687704666362864775460604089535377456991567872,3}
2026-09-11 23:08:46.629468+09:00 [warning] <0.880.0>@leveled_bookie:handle_call/3:1754 log_ref=b0011 db_id=2 Call to destroy the store and so all files to be removed
2026-09-11 23:08:46.630907+09:00 [warning] <0.890.0>@leveled_inker:handle_call/3:780 log_ref=i0018 db_id=2 We're doomed - intention recorded to destroy all files
2026-09-11 23:08:46.640809+09:00 [info] <0.890.0>@leveled_inker:handle_call/3:784 log_ref=i0005 db_id=2 Inker closing journal for reason doom
2026-09-11 23:08:46.645131+09:00 [info] <0.890.0>@leveled_inker:handle_call/3:786 log_ref=i0006 db_id=2 Close triggered with journal_sqn=0 and manifest_sqn=2
2026-09-11 23:08:46.659395+09:00 [info] <0.890.0>@leveled_inker:shutdown_manifest/1:1040 log_ref=i0007 db_id=2 Inker manifest when closing is:
2026-09-11 23:08:46.664952+09:00 [warning] <0.931.0>@leveled_penciller:handle_call/3:1097 log_ref=p0030 db_id=2 We're doomed - intention recorded to destroy all files
2026-09-11 23:08:46.666633+09:00 [info] <0.932.0>@leveled_pclerk:terminate/2:178 log_ref=pc005 db_id=2 Penciller's Clerk <0.932.0> shutdown now complete for reason normal
2026-09-11 23:08:46.761177+09:00 [info] <0.880.0>@leveled_bookie:terminate/2:1827 log_ref=b0003 db_id=2 Bookie closing for reason normal
2026-09-11 23:08:46.766113+09:00 [info] <0.981.0>@aae_treecache:handle_cast/2:354 log_ref=c0004 Destroying tree cache for partition {365375409332725729550921208179070754913983135744,3}
2026-09-11 23:08:46.767077+09:00 [info] <0.975.0>@aae_treecache:handle_cast/2:354 log_ref=c0004 Destroying tree cache for partition {182687704666362864775460604089535377456991567872,3}
2026-09-11 23:08:46.768853+09:00 [info] <0.958.0>@aae_treecache:handle_cast/2:354 log_ref=c0004 Destroying tree cache for partition {0,3}
2026-09-11 23:08:46.772329+09:00 [info] <0.859.0>@riak_core_vnode:finish_handoff/2:788 365375409332725729550921208179070754913983135744 riak_kv_vnode vnode finished handoff and deleted in 223 milliseconds
2026-09-11 23:08:46.875963+09:00 [info] <0.675.0>@riak_core_worker_pool:handle_info/3:257 worker_pool=af1_pool has qlen=0 and no items checked out
2026-09-11 23:08:47.710097+09:00 [info] <0.885.0>@leveled_monitor:handle_cast/2:704 log_ref=b0017 db_id=5 Snapshot timing with sample_count=0 and bookie_time=0 pcl_time=0 with sample_period=210 seconds
2026-09-11 23:08:47.843037+09:00 [info] <0.458.0>@riak_kv_replrtq_src:handle_info/2:646 QueueName=q1_ttaaefs has queue sizes p1=0 p2=0 p3=0
2026-09-11 23:08:48.351190+09:00 [info] <0.462.0>@riak_kv_overflow_queue:log/5:133 riak_kv_reaper job_id=0 has attempts=0 aborts=0 Queue lengths queue_p2=0 queue_p1=0 Overflow lengths overflow_p2=0 overflow_p1=0 Discard counts discard_p2=0 discard_p1=0
2026-09-11 23:08:48.403052+09:00 [info] <0.463.0>@riak_kv_overflow_queue:log/5:133 riak_kv_eraser job_id=0 has attempts=0 aborts=0 Queue lengths queue_p2=0 queue_p1=0 Overflow lengths overflow_p2=0 overflow_p1=0 Discard counts discard_p2=0 discard_p1=0
2026-09-11 23:08:48.476153+09:00 [info] <0.464.0>@riak_kv_overflow_queue:log/5:133 riak_kv_reader job_id=0 has attempts=0 aborts=0 Queue lengths queue_p2=0 queue_p1=0 Overflow lengths overflow_p2=0 overflow_p1=0 Discard counts discard_p2=0 discard_p1=0
2026-09-11 23:08:50.337097+09:00 [warning] <0.882.0>@leveled_bookie:handle_call/3:1754 log_ref=b0011 db_id=4 Call to destroy the store and so all files to be removed
2026-09-11 23:08:50.347029+09:00 [warning] <0.893.0>@leveled_inker:handle_call/3:780 log_ref=i0018 db_id=4 We're doomed - intention recorded to destroy all files
2026-09-11 23:08:50.348280+09:00 [info] <0.893.0>@leveled_inker:handle_call/3:784 log_ref=i0005 db_id=4 Inker closing journal for reason doom
2026-09-11 23:08:50.355586+09:00 [info] <0.893.0>@leveled_inker:handle_call/3:786 log_ref=i0006 db_id=4 Close triggered with journal_sqn=0 and manifest_sqn=2
2026-09-11 23:08:50.370712+09:00 [info] <0.893.0>@leveled_inker:shutdown_manifest/1:1040 log_ref=i0007 db_id=4 Inker manifest when closing is:
2026-09-11 23:08:50.389064+09:00 [warning] <0.935.0>@leveled_penciller:handle_call/3:1097 log_ref=p0030 db_id=4 We're doomed - intention recorded to destroy all files
2026-09-11 23:08:50.395404+09:00 [info] <0.936.0>@leveled_pclerk:terminate/2:178 log_ref=pc005 db_id=4 Penciller's Clerk <0.936.0> shutdown now complete for reason normal
2026-09-11 23:08:50.504474+09:00 [info] <0.882.0>@leveled_bookie:terminate/2:1827 log_ref=b0003 db_id=4 Bookie closing for reason normal
2026-09-11 23:08:50.517914+09:00 [info] <0.955.0>@aae_treecache:handle_cast/2:354 log_ref=c0004 Destroying tree cache for partition {365375409332725729550921208179070754913983135744,3}
2026-09-11 23:08:50.519828+09:00 [info] <0.980.0>@aae_treecache:handle_cast/2:354 log_ref=c0004 Destroying tree cache for partition {730750818665451459101842416358141509827966271488,3}
2026-09-11 23:08:50.520784+09:00 [info] <0.974.0>@aae_treecache:handle_cast/2:354 log_ref=c0004 Destroying tree cache for partition {548063113999088594326381812268606132370974703616,3}
2026-09-11 23:08:50.521735+09:00 [info] <0.864.0>@riak_core_vnode:finish_handoff/2:788 730750818665451459101842416358141509827966271488 riak_kv_vnode vnode finished handoff and deleted in 272 milliseconds
2026-09-11 23:08:51.169856+09:00 [info] <0.892.0>@leveled_monitor:handle_cast/2:778 log_ref=cdb19 db_id=7 Sample timings in microseconds for sample_count=0 with totals of cycle_count=0 index_time=0 read_time=0 with sample_period=210 seconds
2026-09-11 23:08:56.770153+09:00 [info] <0.226.0>@riak_core_gossip:log_node_added/2:362 'openriak-kv@node-05.cluster-a.openriak' joined cluster with status 'joining'
2026-09-11 23:08:56.802723+09:00 [info] <0.3618.0>@riak_repl_leader_helper:handle_DOWN/3:110 Replication candidate node 'openriak-kv@node-01.cluster-a.openriak' down
2026-09-11 23:08:58.822841+09:00 [info] <0.391.0>@riak_core_vnode:finish_handoff/2:788 913438523331814323877303020447676887284957839360 riak_pipe_vnode vnode finished handoff and deleted in 0 milliseconds
2026-09-11 23:09:01.684505+09:00 [info] <0.1318.0>@riak_core_cluster_mgr:become_proxy/2:719 ClusterManager: 'openriak-kv@node-02.cluster-a.openriak' becoming a proxy to 'openriak-kv@node-05.cluster-a.openriak'
2026-09-11 23:09:02.402593+09:00 [info] <0.394.0>@riak_core_vnode:finish_handoff/2:788 1096126227998177188652763624537212264741949407232 riak_pipe_vnode vnode finished handoff and deleted in 0 milliseconds
2026-09-11 23:09:02.726009+09:00 [info] <0.388.0>@riak_core_vnode:finish_handoff/2:788 730750818665451459101842416358141509827966271488 riak_pipe_vnode vnode finished handoff and deleted in 0 milliseconds
2026-09-11 23:09:09.398703+09:00 [info] <0.355.0>@riak_core_vnode:finish_handoff/2:788 0 riak_pipe_vnode vnode finished handoff and deleted in 0 milliseconds
2026-09-11 23:09:12.340049+09:00 [info] <0.895.0>@leveled_monitor:handle_cast/2:733 log_ref=p0032 db_id=6 Fetch head timing with sample_count=0 and level timings of foundmem_time=0 found0_time=0 found1_time=0 found2_time=0 found3_time=0 foundlower_time=0 missed_time=0 with counts of foundmem_count=0 found0_count=0 found1_count=0 found2_count=0 found3_count=0 foundlower_count=0 missed_count=0 with sample_period=210 seconds
2026-09-11 23:09:14.587785+09:00 [info] <0.889.0>@leveled_monitor:handle_cast/2:668 log_ref=b0018 db_id=1 Positive HEAD responses timed with sample_count=0 and cache_count=0 found_count=0 fetch_ledger_time=0 fetch_ledgercache_time=0 rsp_time=0 notfound_time=0 with sample_period=210 seconds
2026-09-11 23:09:15.052937+09:00 [warning] <0.894.0>@leveled_bookie:handle_call/3:1754 log_ref=b0011 db_id=6 Call to destroy the store and so all files to be removed
2026-09-11 23:09:15.058719+09:00 [warning] <0.900.0>@leveled_inker:handle_call/3:780 log_ref=i0018 db_id=6 We're doomed - intention recorded to destroy all files
2026-09-11 23:09:15.062516+09:00 [info] <0.900.0>@leveled_inker:handle_call/3:784 log_ref=i0005 db_id=6 Inker closing journal for reason doom
2026-09-11 23:09:15.064467+09:00 [info] <0.900.0>@leveled_inker:handle_call/3:786 log_ref=i0006 db_id=6 Close triggered with journal_sqn=0 and manifest_sqn=2
2026-09-11 23:09:15.067340+09:00 [info] <0.900.0>@leveled_inker:shutdown_manifest/1:1040 log_ref=i0007 db_id=6 Inker manifest when closing is:
2026-09-11 23:09:15.070145+09:00 [warning] <0.943.0>@leveled_penciller:handle_call/3:1097 log_ref=p0030 db_id=6 We're doomed - intention recorded to destroy all files
2026-09-11 23:09:15.075262+09:00 [info] <0.944.0>@leveled_pclerk:terminate/2:178 log_ref=pc005 db_id=6 Penciller's Clerk <0.944.0> shutdown now complete for reason normal
2026-09-11 23:09:15.112808+09:00 [info] <0.894.0>@leveled_bookie:terminate/2:1827 log_ref=b0003 db_id=6 Bookie closing for reason normal
2026-09-11 23:09:15.115205+09:00 [info] <0.1004.0>@aae_treecache:handle_cast/2:354 log_ref=c0004 Destroying tree cache for partition {1096126227998177188652763624537212264741949407232,3}
2026-09-11 23:09:15.117917+09:00 [info] <0.972.0>@aae_treecache:handle_cast/2:354 log_ref=c0004 Destroying tree cache for partition {730750818665451459101842416358141509827966271488,3}
2026-09-11 23:09:15.120407+09:00 [info] <0.867.0>@riak_core_vnode:finish_handoff/2:788 1096126227998177188652763624537212264741949407232 riak_kv_vnode vnode finished handoff and deleted in 113 milliseconds
2026-09-11 23:09:15.117307+09:00 [info] <0.982.0>@aae_treecache:handle_cast/2:354 log_ref=c0004 Destroying tree cache for partition {913438523331814323877303020447676887284957839360,3}
2026-09-11 23:09:17.711180+09:00 [info] <0.885.0>@leveled_monitor:handle_cast/2:778 log_ref=cdb19 db_id=5 Sample timings in microseconds for sample_count=0 with totals of cycle_count=0 index_time=0 read_time=0 with sample_period=210 seconds
2026-09-11 23:09:17.844653+09:00 [info] <0.458.0>@riak_kv_replrtq_src:handle_info/2:646 QueueName=q1_ttaaefs has queue sizes p1=0 p2=0 p3=0
2026-09-11 23:09:30.685875+09:00 [warning] <0.888.0>@leveled_bookie:handle_call/3:1754 log_ref=b0011 db_id=1 Call to destroy the store and so all files to be removed
2026-09-11 23:09:30.704283+09:00 [warning] <0.899.0>@leveled_inker:handle_call/3:780 log_ref=i0018 db_id=1 We're doomed - intention recorded to destroy all files
2026-09-11 23:09:30.709787+09:00 [info] <0.899.0>@leveled_inker:handle_call/3:784 log_ref=i0005 db_id=1 Inker closing journal for reason doom
2026-09-11 23:09:30.726327+09:00 [info] <0.899.0>@leveled_inker:handle_call/3:786 log_ref=i0006 db_id=1 Close triggered with journal_sqn=0 and manifest_sqn=2
2026-09-11 23:09:30.732248+09:00 [info] <0.899.0>@leveled_inker:shutdown_manifest/1:1040 log_ref=i0007 db_id=1 Inker manifest when closing is:
2026-09-11 23:09:30.735797+09:00 [warning] <0.941.0>@leveled_penciller:handle_call/3:1097 log_ref=p0030 db_id=1 We're doomed - intention recorded to destroy all files
2026-09-11 23:09:30.747617+09:00 [info] <0.942.0>@leveled_pclerk:terminate/2:178 log_ref=pc005 db_id=1 Penciller's Clerk <0.942.0> shutdown now complete for reason normal
2026-09-11 23:09:30.860610+09:00 [info] <0.888.0>@leveled_bookie:terminate/2:1827 log_ref=b0003 db_id=1 Bookie closing for reason normal
2026-09-11 23:09:30.873096+09:00 [info] <0.971.0>@aae_treecache:handle_cast/2:354 log_ref=c0004 Destroying tree cache for partition {1278813932664540053428224228626747642198940975104,3}
2026-09-11 23:09:30.869617+09:00 [info] <0.978.0>@aae_treecache:handle_cast/2:354 log_ref=c0004 Destroying tree cache for partition {0,3}
2026-09-11 23:09:30.867470+09:00 [info] <0.994.0>@aae_treecache:handle_cast/2:354 log_ref=c0004 Destroying tree cache for partition {182687704666362864775460604089535377456991567872,3}
2026-09-11 23:09:30.876689+09:00 [info] <0.863.0>@riak_core_vnode:finish_handoff/2:788 182687704666362864775460604089535377456991567872 riak_kv_vnode vnode finished handoff and deleted in 258 milliseconds
2026-09-11 23:09:33.915603+09:00 [info] <0.699.0>@riak_core_worker_pool:handle_info/3:257 worker_pool=af2_pool has qlen=0 and no items checked out
2026-09-11 23:09:35.509635+09:00 [info] <0.710.0>@riak_core_worker_pool:handle_info/3:257 worker_pool=af4_pool has qlen=0 and no items checked out
2026-09-11 23:09:38.493654+09:00 [info] <0.714.0>@riak_core_worker_pool:handle_info/3:257 worker_pool=be_pool has qlen=0 and no items checked out
2026-09-11 23:09:39.329622+09:00 [info] <0.703.0>@riak_core_worker_pool:handle_info/3:257 worker_pool=af3_pool has qlen=0 and no items checked out
2026-09-11 23:09:40.102641+09:00 [info] <0.385.0>@riak_core_vnode:finish_handoff/2:788 548063113999088594326381812268606132370974703616 riak_pipe_vnode vnode finished handoff and deleted in 1 milliseconds
2026-09-11 23:09:41.237869+09:00 [warning] <0.891.0>@leveled_bookie:handle_call/3:1754 log_ref=b0011 db_id=7 Call to destroy the store and so all files to be removed
2026-09-11 23:09:41.253717+09:00 [warning] <0.898.0>@leveled_inker:handle_call/3:780 log_ref=i0018 db_id=7 We're doomed - intention recorded to destroy all files
2026-09-11 23:09:41.254871+09:00 [info] <0.898.0>@leveled_inker:handle_call/3:784 log_ref=i0005 db_id=7 Inker closing journal for reason doom
2026-09-11 23:09:41.255994+09:00 [info] <0.898.0>@leveled_inker:handle_call/3:786 log_ref=i0006 db_id=7 Close triggered with journal_sqn=0 and manifest_sqn=2
2026-09-11 23:09:41.257599+09:00 [info] <0.898.0>@leveled_inker:shutdown_manifest/1:1040 log_ref=i0007 db_id=7 Inker manifest when closing is:
2026-09-11 23:09:41.261042+09:00 [warning] <0.939.0>@leveled_penciller:handle_call/3:1097 log_ref=p0030 db_id=7 We're doomed - intention recorded to destroy all files
2026-09-11 23:09:41.267356+09:00 [info] <0.940.0>@leveled_pclerk:terminate/2:178 log_ref=pc005 db_id=7 Penciller's Clerk <0.940.0> shutdown now complete for reason normal
2026-09-11 23:09:41.304128+09:00 [info] <0.891.0>@leveled_bookie:terminate/2:1827 log_ref=b0003 db_id=7 Bookie closing for reason normal
2026-09-11 23:09:41.307104+09:00 [info] <0.985.0>@aae_treecache:handle_cast/2:354 log_ref=c0004 Destroying tree cache for partition {1278813932664540053428224228626747642198940975104,3}
2026-09-11 23:09:41.308771+09:00 [info] <0.967.0>@aae_treecache:handle_cast/2:354 log_ref=c0004 Destroying tree cache for partition {913438523331814323877303020447676887284957839360,3}
2026-09-11 23:09:41.314375+09:00 [info] <0.871.0>@riak_core_vnode:finish_handoff/2:788 1278813932664540053428224228626747642198940975104 riak_kv_vnode vnode finished handoff and deleted in 119 milliseconds
2026-09-11 23:09:41.312802+09:00 [info] <0.979.0>@aae_treecache:handle_cast/2:354 log_ref=c0004 Destroying tree cache for partition {1096126227998177188652763624537212264741949407232,3}
2026-09-11 23:09:42.946304+09:00 [info] <0.675.0>@riak_core_worker_pool:handle_info/3:257 worker_pool=af1_pool has qlen=0 and no items checked out
2026-09-11 23:09:47.712854+09:00 [info] <0.885.0>@leveled_monitor:handle_cast/2:647 log_ref=b0016 db_id=5 Get timing with sample_count=0 and head_time=0 body_time=0 with fetch_count=0 with sample_period=210 seconds
2026-09-11 23:09:47.848673+09:00 [info] <0.458.0>@riak_kv_replrtq_src:handle_info/2:646 QueueName=q1_ttaaefs has queue sizes p1=0 p2=0 p3=0
2026-09-11 23:09:48.359035+09:00 [info] <0.462.0>@riak_kv_overflow_queue:log/5:133 riak_kv_reaper job_id=0 has attempts=0 aborts=0 Queue lengths queue_p2=0 queue_p1=0 Overflow lengths overflow_p2=0 overflow_p1=0 Discard counts discard_p2=0 discard_p1=0
2026-09-11 23:09:48.410973+09:00 [info] <0.463.0>@riak_kv_overflow_queue:log/5:133 riak_kv_eraser job_id=0 has attempts=0 aborts=0 Queue lengths queue_p2=0 queue_p1=0 Overflow lengths overflow_p2=0 overflow_p1=0 Discard counts discard_p2=0 discard_p1=0
2026-09-11 23:09:48.483949+09:00 [info] <0.464.0>@riak_kv_overflow_queue:log/5:133 riak_kv_reader job_id=0 has attempts=0 aborts=0 Queue lengths queue_p2=0 queue_p1=0 Overflow lengths overflow_p2=0 overflow_p1=0 Discard counts discard_p2=0 discard_p1=0
2026-09-11 23:09:49.100071+09:00 [info] <0.397.0>@riak_core_vnode:finish_handoff/2:788 1278813932664540053428224228626747642198940975104 riak_pipe_vnode vnode finished handoff and deleted in 0 milliseconds
2026-09-11 23:09:59.100397+09:00 [warning] <0.884.0>@leveled_bookie:handle_call/3:1754 log_ref=b0011 db_id=5 Call to destroy the store and so all files to be removed
2026-09-11 23:09:59.106882+09:00 [warning] <0.896.0>@leveled_inker:handle_call/3:780 log_ref=i0018 db_id=5 We're doomed - intention recorded to destroy all files
2026-09-11 23:09:59.117323+09:00 [info] <0.896.0>@leveled_inker:handle_call/3:784 log_ref=i0005 db_id=5 Inker closing journal for reason doom
2026-09-11 23:09:59.120849+09:00 [info] <0.896.0>@leveled_inker:handle_call/3:786 log_ref=i0006 db_id=5 Close triggered with journal_sqn=0 and manifest_sqn=2
2026-09-11 23:09:59.125408+09:00 [info] <0.896.0>@leveled_inker:shutdown_manifest/1:1040 log_ref=i0007 db_id=5 Inker manifest when closing is:
2026-09-11 23:09:59.146938+09:00 [warning] <0.933.0>@leveled_penciller:handle_call/3:1097 log_ref=p0030 db_id=5 We're doomed - intention recorded to destroy all files
2026-09-11 23:09:59.148448+09:00 [info] <0.934.0>@leveled_pclerk:terminate/2:178 log_ref=pc005 db_id=5 Penciller's Clerk <0.934.0> shutdown now complete for reason normal
2026-09-11 23:09:59.227782+09:00 [info] <0.884.0>@leveled_bookie:terminate/2:1827 log_ref=b0003 db_id=5 Bookie closing for reason normal
2026-09-11 23:09:59.230173+09:00 [info] <0.973.0>@aae_treecache:handle_cast/2:354 log_ref=c0004 Destroying tree cache for partition {730750818665451459101842416358141509827966271488,3}
2026-09-11 23:09:59.239297+09:00 [info] <0.865.0>@riak_core_vnode:finish_handoff/2:788 913438523331814323877303020447676887284957839360 riak_kv_vnode vnode finished handoff and deleted in 223 milliseconds
2026-09-11 23:09:59.229662+09:00 [info] <0.976.0>@aae_treecache:handle_cast/2:354 log_ref=c0004 Destroying tree cache for partition {913438523331814323877303020447676887284957839360,3}
2026-09-11 23:09:59.257954+09:00 [info] <0.951.0>@aae_treecache:handle_cast/2:354 log_ref=c0004 Destroying tree cache for partition {548063113999088594326381812268606132370974703616,3}
2026-09-11 23:10:05.314490+09:00 [info] <0.382.0>@riak_core_vnode:finish_handoff/2:788 365375409332725729550921208179070754913983135744 riak_pipe_vnode vnode finished handoff and deleted in 0 milliseconds
2026-09-11 23:10:17.850726+09:00 [info] <0.458.0>@riak_kv_replrtq_src:handle_info/2:646 QueueName=q1_ttaaefs has queue sizes p1=0 p2=0 p3=0
2026-09-11 23:10:22.118892+09:00 [info] <0.226.0>@riak_core_gossip:log_node_changed/3:359 'openriak-kv@node-02.cluster-a.openriak' changed from 'joining' to 'valid'
2026-09-11 23:10:22.127788+09:00 [info] <0.226.0>@riak_core_gossip:log_node_changed/3:359 'openriak-kv@node-05.cluster-a.openriak' changed from 'joining' to 'valid'
2026-09-11 23:10:30.409638+09:00 [info] <0.710.0>@riak_core_worker_pool:handle_info/3:257 worker_pool=af4_pool has qlen=0 and no items checked out
2026-09-11 23:10:31.185608+09:00 [info] <0.699.0>@riak_core_worker_pool:handle_info/3:257 worker_pool=af2_pool has qlen=0 and no items checked out
2026-09-11 23:10:33.682596+09:00 [info] <0.714.0>@riak_core_worker_pool:handle_info/3:257 worker_pool=be_pool has qlen=0 and no items checked out
2026-09-11 23:10:34.190662+09:00 [info] <0.703.0>@riak_core_worker_pool:handle_info/3:257 worker_pool=af3_pool has qlen=0 and no items checked out
2026-09-11 23:10:37.204674+09:00 [info] <0.4928.0>@riak_core_vnode_manager:get_vnode/3:733 Will start VNode for partition 913438523331814323877303020447676887284957839360 riak_kv_vnode
2026-09-11 23:10:37.199288+09:00 [info] <0.4927.0>@riak_core_vnode_manager:get_vnode/3:733 Will start VNode for partition 182687704666362864775460604089535377456991567872 riak_kv_vnode
2026-09-11 23:10:37.429172+09:00 [info] <0.4938.0>@leveled_inker:open_all_manifest/3:1273 log_ref=i0011 db_id=5 Manifest is empty, starting from manifest SQN 1
2026-09-11 23:10:37.441133+09:00 [info] <0.4941.0>@leveled_inker:open_all_manifest/3:1273 log_ref=i0011 db_id=1 Manifest is empty, starting from manifest SQN 1
2026-09-11 23:10:37.431165+09:00 [info] <0.4944.0>@leveled_cdb:starting/3:479 log_ref=cdb01 db_id=5 Opening file for writing with filename /var/lib/riak/leveled/913438523331814323877303020447676887284957839360/journal/journal_files/0_e65207ec-684b-4399-8f29-c58f44866f0b.pnd
2026-09-11 23:10:37.447895+09:00 [info] <0.4945.0>@leveled_cdb:starting/3:479 log_ref=cdb01 db_id=1 Opening file for writing with filename /var/lib/riak/leveled/182687704666362864775460604089535377456991567872/journal/journal_files/0_0370e05d-2ab8-4cb4-9577-b4904c43c52f.pnd
2026-09-11 23:10:37.460502+09:00 [info] <0.4938.0>@leveled_inker:build_manifest/3:1242 log_ref=i0009 db_id=5 Updated manifest on startup:
2026-09-11 23:10:37.469934+09:00 [info] <0.4938.0>@leveled_imanifest:writer/3:187 log_ref=i0016 db_id=5 Writing new version of manifest for manifestSQN=2
2026-09-11 23:10:37.488316+09:00 [info] <0.4941.0>@leveled_inker:build_manifest/3:1242 log_ref=i0009 db_id=1 Updated manifest on startup:
2026-09-11 23:10:37.500563+09:00 [info] <0.4947.0>@leveled_pclerk:clerk_new/3:78 log_ref=pc001 db_id=5 Penciller's clerk <0.4948.0> started with owner <0.4947.0>
2026-09-11 23:10:37.507523+09:00 [info] <0.4941.0>@leveled_imanifest:writer/3:187 log_ref=i0016 db_id=1 Writing new version of manifest for manifestSQN=2
2026-09-11 23:10:37.538910+09:00 [info] <0.4947.0>@leveled_pmanifest:open_manifestfile/2:1180 log_ref=p0013 db_id=5 Seqence number of 0 indicates no valid manifest
2026-09-11 23:10:37.551747+09:00 [info] <0.4949.0>@leveled_pclerk:clerk_new/3:78 log_ref=pc001 db_id=1 Penciller's clerk <0.4950.0> started with owner <0.4949.0>
2026-09-11 23:10:37.540019+09:00 [info] <0.4947.0>@leveled_penciller:start_from_file/1:1532 log_ref=p0014 db_id=5 Maximum sequence number of 0 found in nonzero levels
2026-09-11 23:10:37.553311+09:00 [info] <0.4947.0>@leveled_penciller:start_from_file/1:1534 log_ref=p0035 db_id=5 Startup with Manifest SQN of 0
2026-09-11 23:10:37.576496+09:00 [info] <0.4949.0>@leveled_pmanifest:open_manifestfile/2:1180 log_ref=p0013 db_id=1 Seqence number of 0 indicates no valid manifest
2026-09-11 23:10:37.586151+09:00 [info] <0.4949.0>@leveled_penciller:start_from_file/1:1532 log_ref=p0014 db_id=1 Maximum sequence number of 0 found in nonzero levels
2026-09-11 23:10:37.589805+09:00 [info] <0.4947.0>@leveled_penciller:start_from_file/1:1562 log_ref=p0017 db_id=5 No L0 file found
2026-09-11 23:10:37.599451+09:00 [info] <0.4949.0>@leveled_penciller:start_from_file/1:1534 log_ref=p0035 db_id=1 Startup with Manifest SQN of 0
2026-09-11 23:10:37.617345+09:00 [info] <0.4936.0>@leveled_bookie:startup/2:2017 log_ref=b0005 db_id=5 LedgerSQN=0 at startup
2026-09-11 23:10:37.627601+09:00 [info] <0.4938.0>@leveled_bookie:startup/2:2028 log_ref=i0014 db_id=5 On startup loading from filename /var/lib/riak/leveled/913438523331814323877303020447676887284957839360/journal/journal_files/0_e65207ec-684b-4399-8f29-c58f44866f0b from SQN 1
2026-09-11 23:10:37.635871+09:00 [info] <0.4949.0>@leveled_penciller:start_from_file/1:1562 log_ref=p0017 db_id=1 No L0 file found
2026-09-11 23:10:37.652981+09:00 [info] <0.4939.0>@leveled_bookie:startup/2:2017 log_ref=b0005 db_id=1 LedgerSQN=0 at startup
2026-09-11 23:10:37.649725+09:00 [info] <0.4936.0>@leveled_bookie:init/1:1428 log_ref=b0001 db_id=5 Bookie starting with Ink <0.4938.0> Pcl <0.4947.0>
2026-09-11 23:10:37.654064+09:00 [info] <0.4941.0>@leveled_bookie:startup/2:2028 log_ref=i0014 db_id=1 On startup loading from filename /var/lib/riak/leveled/182687704666362864775460604089535377456991567872/journal/journal_files/0_0370e05d-2ab8-4cb4-9577-b4904c43c52f from SQN 1
2026-09-11 23:10:37.663397+09:00 [info] <0.4929.0>@riak_kv_leveled_backend:schedule_journalcompaction/4:903 Schedule compaction for interval 4866 on partition 913438523331814323877303020447676887284957839360
2026-09-11 23:10:37.685623+09:00 [info] <0.4939.0>@leveled_bookie:init/1:1428 log_ref=b0001 db_id=1 Bookie starting with Ink <0.4941.0> Pcl <0.4949.0>
2026-09-11 23:10:37.700874+09:00 [info] <0.4931.0>@riak_kv_leveled_backend:schedule_journalcompaction/4:903 Schedule compaction for interval 3568 on partition 182687704666362864775460604089535377456991567872
2026-09-11 23:10:37.715830+09:00 [info] <0.4952.0>@aae_controller:init/1:674 log_ref=aae02 Native KeyStore type leveled_nko startup request
2026-09-11 23:10:37.725395+09:00 [info] <0.4955.0>@aae_controller:init/1:674 log_ref=aae02 Native KeyStore type leveled_nko startup request
2026-09-11 23:10:37.745325+09:00 [warning] <0.4954.0>@aae_keystore:open_manifest/1:1526 log_ref=ks002 No valid manifest found for AAE keystore at /var/lib/riak/tictac_aae/913438523331814323877303020447676887284957839360/leveled_nko/keystore reason not_present
2026-09-11 23:10:37.754987+09:00 [warning] <0.4956.0>@aae_keystore:open_manifest/1:1526 log_ref=ks002 No valid manifest found for AAE keystore at /var/lib/riak/tictac_aae/182687704666362864775460604089535377456991567872/leveled_nko/keystore reason not_present
2026-09-11 23:10:37.783491+09:00 [info] <0.4958.0>@aae_treecache:init/1:224 log_ref=c0005 Starting cache with is_restored=false and IndexN of {1278813932664540053428224228626747642198940975104,3}
2026-09-11 23:10:37.771987+09:00 [info] <0.4957.0>@aae_treecache:init/1:224 log_ref=c0005 Starting cache with is_restored=false and IndexN of {548063113999088594326381812268606132370974703616,3}
2026-09-11 23:10:37.809648+09:00 [info] <0.4960.0>@aae_treecache:init/1:224 log_ref=c0005 Starting cache with is_restored=false and IndexN of {730750818665451459101842416358141509827966271488,3}
2026-09-11 23:10:37.824349+09:00 [info] <0.4959.0>@aae_treecache:init/1:224 log_ref=c0005 Starting cache with is_restored=false and IndexN of {0,3}
2026-09-11 23:10:37.843273+09:00 [info] <0.4961.0>@aae_treecache:init/1:224 log_ref=c0005 Starting cache with is_restored=false and IndexN of {913438523331814323877303020447676887284957839360,3}
2026-09-11 23:10:37.846091+09:00 [info] <0.4952.0>@aae_controller:init/1:719 log_ref=aae10 AAE controller started with IndexNs [{548063113999088594326381812268606132370974703616,3},{730750818665451459101842416358141509827966271488,3},{913438523331814323877303020447676887284957839360,3}] and StoreType {native,leveled_nko,<0.4936.0>}
2026-09-11 23:10:37.855731+09:00 [info] <0.4929.0>@riak_kv_vnode:maybe_start_aaecontroller/2:415 AAE Controller started with pid=<0.4952.0>
2026-09-11 23:10:37.857798+09:00 [info] <0.4962.0>@aae_treecache:init/1:224 log_ref=c0005 Starting cache with is_restored=false and IndexN of {182687704666362864775460604089535377456991567872,3}
2026-09-11 23:10:37.873310+09:00 [info] <0.4955.0>@aae_controller:init/1:719 log_ref=aae10 AAE controller started with IndexNs [{1278813932664540053428224228626747642198940975104,3},{0,3},{182687704666362864775460604089535377456991567872,3}] and StoreType {native,leveled_nko,<0.4939.0>}
2026-09-11 23:10:37.887886+09:00 [info] <0.4931.0>@riak_kv_vnode:maybe_start_aaecontroller/2:415 AAE Controller started with pid=<0.4955.0>
2026-09-11 23:10:37.885211+09:00 [info] <0.4928.0>@riak_core_vnode_manager:get_vnode/3:743 VNode initialization ready <0.4929.0> 913438523331814323877303020447676887284957839360 riak_kv_vnode
2026-09-11 23:10:37.911061+09:00 [info] <0.4927.0>@riak_core_vnode_manager:get_vnode/3:743 VNode initialization ready <0.4931.0> 182687704666362864775460604089535377456991567872 riak_kv_vnode
2026-09-11 23:10:37.926819+09:00 [info] <0.4981.0>@riak_core_vnode_manager:get_vnode/3:733 Will start VNode for partition 182687704666362864775460604089535377456991567872 riak_pipe_vnode
2026-09-11 23:10:37.942693+09:00 [info] <0.4981.0>@riak_core_vnode_manager:get_vnode/3:743 VNode initialization ready <0.4982.0> 182687704666362864775460604089535377456991567872 riak_pipe_vnode
2026-09-11 23:10:37.946363+09:00 [info] <0.4984.0>@riak_core_vnode_manager:get_vnode/3:733 Will start VNode for partition 913438523331814323877303020447676887284957839360 riak_pipe_vnode
2026-09-11 23:10:37.963077+09:00 [info] <0.4984.0>@riak_core_vnode_manager:get_vnode/3:743 VNode initialization ready <0.4985.0> 913438523331814323877303020447676887284957839360 riak_pipe_vnode
2026-09-11 23:10:41.777631+09:00 [info] <0.675.0>@riak_core_worker_pool:handle_info/3:257 worker_pool=af1_pool has qlen=0 and no items checked out
2026-09-11 23:10:47.852590+09:00 [info] <0.458.0>@riak_kv_replrtq_src:handle_info/2:646 QueueName=q1_ttaaefs has queue sizes p1=0 p2=0 p3=0
2026-09-11 23:10:48.365190+09:00 [info] <0.462.0>@riak_kv_overflow_queue:log/5:133 riak_kv_reaper job_id=0 has attempts=0 aborts=0 Queue lengths queue_p2=0 queue_p1=0 Overflow lengths overflow_p2=0 overflow_p1=0 Discard counts discard_p2=0 discard_p1=0
2026-09-11 23:10:48.415195+09:00 [info] <0.463.0>@riak_kv_overflow_queue:log/5:133 riak_kv_eraser job_id=0 has attempts=0 aborts=0 Queue lengths queue_p2=0 queue_p1=0 Overflow lengths overflow_p2=0 overflow_p1=0 Discard counts discard_p2=0 discard_p1=0
2026-09-11 23:10:48.489216+09:00 [info] <0.464.0>@riak_kv_overflow_queue:log/5:133 riak_kv_reader job_id=0 has attempts=0 aborts=0 Queue lengths queue_p2=0 queue_p1=0 Overflow lengths overflow_p2=0 overflow_p1=0 Discard counts discard_p2=0 discard_p1=0
2026-09-11 23:11:04.876100+09:00 [info] <0.4940.0>@leveled_monitor:handle_cast/2:668 log_ref=b0018 db_id=1 Positive HEAD responses timed with sample_count=0 and cache_count=0 found_count=0 fetch_ledger_time=0 fetch_ledgercache_time=0 rsp_time=0 notfound_time=0 with sample_period=27 seconds
2026-09-11 23:11:17.854634+09:00 [info] <0.458.0>@riak_kv_replrtq_src:handle_info/2:646 QueueName=q1_ttaaefs has queue sizes p1=0 p2=0 p3=0
2026-09-11 23:11:27.793782+09:00 [info] <0.710.0>@riak_core_worker_pool:handle_info/3:257 worker_pool=af4_pool has qlen=0 and no items checked out
2026-09-11 23:11:28.348683+09:00 [info] <0.699.0>@riak_core_worker_pool:handle_info/3:257 worker_pool=af2_pool has qlen=0 and no items checked out
2026-09-11 23:11:29.995650+09:00 [info] <0.703.0>@riak_core_worker_pool:handle_info/3:257 worker_pool=af3_pool has qlen=0 and no items checked out
2026-09-11 23:11:30.882895+09:00 [info] <0.4937.0>@leveled_monitor:handle_cast/2:687 log_ref=b0015 db_id=5 Put timing with sample_count=0 ink_time=0 prep_time=0 mem_time=0 with total_object_size=0 with sample_period=53 seconds
2026-09-11 23:11:31.959209+09:00 [info] <0.714.0>@riak_core_worker_pool:handle_info/3:257 worker_pool=be_pool has qlen=0 and no items checked out
2026-09-11 23:11:34.879887+09:00 [info] <0.4940.0>@leveled_monitor:handle_cast/2:704 log_ref=b0017 db_id=1 Snapshot timing with sample_count=0 and bookie_time=0 pcl_time=0 with sample_period=57 seconds
2026-09-11 23:11:40.634605+09:00 [info] <0.675.0>@riak_core_worker_pool:handle_info/3:257 worker_pool=af1_pool has qlen=0 and no items checked out
2026-09-11 23:11:47.860795+09:00 [info] <0.458.0>@riak_kv_replrtq_src:handle_info/2:646 QueueName=q1_ttaaefs has queue sizes p1=0 p2=0 p3=0
2026-09-11 23:11:48.370030+09:00 [info] <0.462.0>@riak_kv_overflow_queue:log/5:133 riak_kv_reaper job_id=0 has attempts=0 aborts=0 Queue lengths queue_p2=0 queue_p1=0 Overflow lengths overflow_p2=0 overflow_p1=0 Discard counts discard_p2=0 discard_p1=0
2026-09-11 23:11:48.420030+09:00 [info] <0.463.0>@riak_kv_overflow_queue:log/5:133 riak_kv_eraser job_id=0 has attempts=0 aborts=0 Queue lengths queue_p2=0 queue_p1=0 Overflow lengths overflow_p2=0 overflow_p1=0 Discard counts discard_p2=0 discard_p1=0
2026-09-11 23:11:48.495150+09:00 [info] <0.464.0>@riak_kv_overflow_queue:log/5:133 riak_kv_reader job_id=0 has attempts=0 aborts=0 Queue lengths queue_p2=0 queue_p1=0 Overflow lengths overflow_p2=0 overflow_p1=0 Discard counts discard_p2=0 discard_p1=0
2026-09-11 23:12:00.886816+09:00 [info] <0.4937.0>@leveled_monitor:handle_cast/2:668 log_ref=b0018 db_id=5 Positive HEAD responses timed with sample_count=0 and cache_count=0 found_count=0 fetch_ledger_time=0 fetch_ledgercache_time=0 rsp_time=0 notfound_time=0 with sample_period=83 seconds
2026-09-11 23:12:04.886745+09:00 [info] <0.4940.0>@leveled_monitor:handle_cast/2:647 log_ref=b0016 db_id=1 Get timing with sample_count=0 and head_time=0 body_time=0 with fetch_count=0 with sample_period=87 seconds
2026-09-11 23:12:17.862641+09:00 [info] <0.458.0>@riak_kv_replrtq_src:handle_info/2:646 QueueName=q1_ttaaefs has queue sizes p1=0 p2=0 p3=0
2026-09-11 23:12:26.594173+09:00 [info] <0.699.0>@riak_core_worker_pool:handle_info/3:257 worker_pool=af2_pool has qlen=0 and no items checked out
2026-09-11 23:12:27.409678+09:00 [info] <0.710.0>@riak_core_worker_pool:handle_info/3:257 worker_pool=af4_pool has qlen=0 and no items checked out
2026-09-11 23:12:29.278712+09:00 [info] <0.714.0>@riak_core_worker_pool:handle_info/3:257 worker_pool=be_pool has qlen=0 and no items checked out
2026-09-11 23:12:29.343739+09:00 [info] <0.703.0>@riak_core_worker_pool:handle_info/3:257 worker_pool=af3_pool has qlen=0 and no items checked out
2026-09-11 23:12:30.887849+09:00 [info] <0.4937.0>@leveled_monitor:handle_cast/2:704 log_ref=b0017 db_id=5 Snapshot timing with sample_count=0 and bookie_time=0 pcl_time=0 with sample_period=113 seconds
2026-09-11 23:12:37.103637+09:00 [info] <0.675.0>@riak_core_worker_pool:handle_info/3:257 worker_pool=af1_pool has qlen=0 and no items checked out
2026-09-11 23:12:47.864870+09:00 [info] <0.458.0>@riak_kv_replrtq_src:handle_info/2:646 QueueName=q1_ttaaefs has queue sizes p1=0 p2=0 p3=0
2026-09-11 23:12:48.375556+09:00 [info] <0.462.0>@riak_kv_overflow_queue:log/5:133 riak_kv_reaper job_id=0 has attempts=0 aborts=0 Queue lengths queue_p2=0 queue_p1=0 Overflow lengths overflow_p2=0 overflow_p1=0 Discard counts discard_p2=0 discard_p1=0
2026-09-11 23:12:48.423155+09:00 [info] <0.463.0>@riak_kv_overflow_queue:log/5:133 riak_kv_eraser job_id=0 has attempts=0 aborts=0 Queue lengths queue_p2=0 queue_p1=0 Overflow lengths overflow_p2=0 overflow_p1=0 Discard counts discard_p2=0 discard_p1=0
2026-09-11 23:12:48.503174+09:00 [info] <0.464.0>@riak_kv_overflow_queue:log/5:133 riak_kv_reader job_id=0 has attempts=0 aborts=0 Queue lengths queue_p2=0 queue_p1=0 Overflow lengths overflow_p2=0 overflow_p1=0 Discard counts discard_p2=0 discard_p1=0
2026-09-11 23:12:52.451985+09:00 [info] <0.226.0>@riak_core_gossip:log_node_added/2:362 'openriak-kv@node-03.cluster-a.openriak' joined cluster with status 'joining'
2026-09-11 23:12:53.142654+09:00 [info] <0.226.0>@riak_core_gossip:log_node_added/2:362 'openriak-kv@node-04.cluster-a.openriak' joined cluster with status 'joining'
2026-09-11 23:12:53.341320+09:00 [info] <0.1076.0>@riak_repl2_leader:become_leader/2:217 Leader2: 'openriak-kv@node-02.cluster-a.openriak' elected as replication leader
2026-09-11 23:12:53.351757+09:00 [info] <0.1318.0>@riak_core_cluster_mgr:become_leader/2:706 ClusterManager: 'openriak-kv@node-02.cluster-a.openriak' becoming the leader
2026-09-11 23:13:00.892105+09:00 [info] <0.4937.0>@leveled_monitor:handle_cast/2:778 log_ref=cdb19 db_id=5 Sample timings in microseconds for sample_count=0 with totals of cycle_count=0 index_time=0 read_time=0 with sample_period=143 seconds
2026-09-11 23:13:04.891122+09:00 [info] <0.4940.0>@leveled_monitor:handle_cast/2:687 log_ref=b0015 db_id=1 Put timing with sample_count=0 ink_time=0 prep_time=0 mem_time=0 with total_object_size=0 with sample_period=147 seconds
2026-09-11 23:13:17.870111+09:00 [info] <0.458.0>@riak_kv_replrtq_src:handle_info/2:646 QueueName=q1_ttaaefs has queue sizes p1=0 p2=0 p3=0
2026-09-11 23:13:22.316690+09:00 [info] <0.699.0>@riak_core_worker_pool:handle_info/3:257 worker_pool=af2_pool has qlen=0 and no items checked out
2026-09-11 23:13:26.416829+09:00 [info] <0.710.0>@riak_core_worker_pool:handle_info/3:257 worker_pool=af4_pool has qlen=0 and no items checked out
2026-09-11 23:13:27.184622+09:00 [info] <0.703.0>@riak_core_worker_pool:handle_info/3:257 worker_pool=af3_pool has qlen=0 and no items checked out
2026-09-11 23:13:28.764666+09:00 [info] <0.714.0>@riak_core_worker_pool:handle_info/3:257 worker_pool=be_pool has qlen=0 and no items checked out
2026-09-11 23:13:30.897910+09:00 [info] <0.4937.0>@leveled_monitor:handle_cast/2:733 log_ref=p0032 db_id=5 Fetch head timing with sample_count=0 and level timings of foundmem_time=0 found0_time=0 found1_time=0 found2_time=0 found3_time=0 foundlower_time=0 missed_time=0 with counts of foundmem_count=0 found0_count=0 found1_count=0 found2_count=0 found3_count=0 foundlower_count=0 missed_count=0 with sample_period=173 seconds
2026-09-11 23:13:34.891772+09:00 [info] <0.4940.0>@leveled_monitor:handle_cast/2:778 log_ref=cdb19 db_id=1 Sample timings in microseconds for sample_count=0 with totals of cycle_count=0 index_time=0 read_time=0 with sample_period=177 seconds
2026-09-11 23:13:35.398625+09:00 [info] <0.675.0>@riak_core_worker_pool:handle_info/3:257 worker_pool=af1_pool has qlen=0 and no items checked out
2026-09-11 23:13:47.875061+09:00 [info] <0.458.0>@riak_kv_replrtq_src:handle_info/2:646 QueueName=q1_ttaaefs has queue sizes p1=0 p2=0 p3=0
2026-09-11 23:13:48.382287+09:00 [info] <0.462.0>@riak_kv_overflow_queue:log/5:133 riak_kv_reaper job_id=0 has attempts=0 aborts=0 Queue lengths queue_p2=0 queue_p1=0 Overflow lengths overflow_p2=0 overflow_p1=0 Discard counts discard_p2=0 discard_p1=0
2026-09-11 23:13:48.426129+09:00 [info] <0.463.0>@riak_kv_overflow_queue:log/5:133 riak_kv_eraser job_id=0 has attempts=0 aborts=0 Queue lengths queue_p2=0 queue_p1=0 Overflow lengths overflow_p2=0 overflow_p1=0 Discard counts discard_p2=0 discard_p1=0
2026-09-11 23:13:48.509717+09:00 [info] <0.464.0>@riak_kv_overflow_queue:log/5:133 riak_kv_reader job_id=0 has attempts=0 aborts=0 Queue lengths queue_p2=0 queue_p1=0 Overflow lengths overflow_p2=0 overflow_p1=0 Discard counts discard_p2=0 discard_p1=0
2026-09-11 23:14:00.900606+09:00 [info] <0.4937.0>@leveled_monitor:handle_cast/2:647 log_ref=b0016 db_id=5 Get timing with sample_count=0 and head_time=0 body_time=0 with fetch_count=0 with sample_period=203 seconds
2026-09-11 23:14:04.895109+09:00 [info] <0.4940.0>@leveled_monitor:handle_cast/2:733 log_ref=p0032 db_id=1 Fetch head timing with sample_count=0 and level timings of foundmem_time=0 found0_time=0 found1_time=0 found2_time=0 found3_time=0 foundlower_time=0 missed_time=0 with counts of foundmem_count=0 found0_count=0 found1_count=0 found2_count=0 found3_count=0 foundlower_count=0 missed_count=0 with sample_period=207 seconds
2026-09-11 23:14:17.877730+09:00 [info] <0.458.0>@riak_kv_replrtq_src:handle_info/2:646 QueueName=q1_ttaaefs has queue sizes p1=0 p2=0 p3=0
2026-09-11 23:14:21.038756+09:00 [info] <0.699.0>@riak_core_worker_pool:handle_info/3:257 worker_pool=af2_pool has qlen=0 and no items checked out
2026-09-11 23:14:23.382589+09:00 [info] <0.703.0>@riak_core_worker_pool:handle_info/3:257 worker_pool=af3_pool has qlen=0 and no items checked out
2026-09-11 23:14:25.779714+09:00 [info] <0.710.0>@riak_core_worker_pool:handle_info/3:257 worker_pool=af4_pool has qlen=0 and no items checked out
2026-09-11 23:14:26.465835+09:00 [info] <0.714.0>@riak_core_worker_pool:handle_info/3:257 worker_pool=be_pool has qlen=0 and no items checked out
2026-09-11 23:14:32.306567+09:00 [info] <0.675.0>@riak_core_worker_pool:handle_info/3:257 worker_pool=af1_pool has qlen=0 and no items checked out
2026-09-11 23:14:34.898178+09:00 [info] <0.4940.0>@leveled_monitor:handle_cast/2:668 log_ref=b0018 db_id=1 Positive HEAD responses timed with sample_count=0 and cache_count=0 found_count=0 fetch_ledger_time=0 fetch_ledgercache_time=0 rsp_time=0 notfound_time=0 with sample_period=210 seconds
2026-09-11 23:14:47.891749+09:00 [info] <0.458.0>@riak_kv_replrtq_src:handle_info/2:646 QueueName=q1_ttaaefs has queue sizes p1=0 p2=0 p3=0
2026-09-11 23:14:48.386327+09:00 [info] <0.462.0>@riak_kv_overflow_queue:log/5:133 riak_kv_reaper job_id=0 has attempts=0 aborts=0 Queue lengths queue_p2=0 queue_p1=0 Overflow lengths overflow_p2=0 overflow_p1=0 Discard counts discard_p2=0 discard_p1=0
2026-09-11 23:14:48.431150+09:00 [info] <0.463.0>@riak_kv_overflow_queue:log/5:133 riak_kv_eraser job_id=0 has attempts=0 aborts=0 Queue lengths queue_p2=0 queue_p1=0 Overflow lengths overflow_p2=0 overflow_p1=0 Discard counts discard_p2=0 discard_p1=0
2026-09-11 23:14:48.512205+09:00 [info] <0.464.0>@riak_kv_overflow_queue:log/5:133 riak_kv_reader job_id=0 has attempts=0 aborts=0 Queue lengths queue_p2=0 queue_p1=0 Overflow lengths overflow_p2=0 overflow_p1=0 Discard counts discard_p2=0 discard_p1=0
2026-09-11 23:15:00.907973+09:00 [info] <0.4937.0>@leveled_monitor:handle_cast/2:687 log_ref=b0015 db_id=5 Put timing with sample_count=0 ink_time=0 prep_time=0 mem_time=0 with total_object_size=0 with sample_period=210 seconds
2026-09-11 23:15:04.903776+09:00 [info] <0.4940.0>@leveled_monitor:handle_cast/2:704 log_ref=b0017 db_id=1 Snapshot timing with sample_count=0 and bookie_time=0 pcl_time=0 with sample_period=210 seconds
2026-09-11 23:15:17.897637+09:00 [info] <0.458.0>@riak_kv_replrtq_src:handle_info/2:646 QueueName=q1_ttaaefs has queue sizes p1=0 p2=0 p3=0
2026-09-11 23:15:18.759638+09:00 [info] <0.699.0>@riak_core_worker_pool:handle_info/3:257 worker_pool=af2_pool has qlen=0 and no items checked out
2026-09-11 23:15:21.818672+09:00 [info] <0.714.0>@riak_core_worker_pool:handle_info/3:257 worker_pool=be_pool has qlen=0 and no items checked out
2026-09-11 23:15:22.363632+09:00 [info] <0.703.0>@riak_core_worker_pool:handle_info/3:257 worker_pool=af3_pool has qlen=0 and no items checked out
2026-09-11 23:15:23.938994+09:00 [info] <0.226.0>@riak_core_gossip:log_node_changed/3:359 'openriak-kv@node-03.cluster-a.openriak' changed from 'joining' to 'valid'
2026-09-11 23:15:23.948235+09:00 [info] <0.226.0>@riak_core_gossip:log_node_changed/3:359 'openriak-kv@node-04.cluster-a.openriak' changed from 'joining' to 'valid'
2026-09-11 23:15:24.242535+09:00 [info] <0.710.0>@riak_core_worker_pool:handle_info/3:257 worker_pool=af4_pool has qlen=0 and no items checked out
2026-09-11 23:15:30.910612+09:00 [info] <0.4937.0>@leveled_monitor:handle_cast/2:668 log_ref=b0018 db_id=5 Positive HEAD responses timed with sample_count=0 and cache_count=0 found_count=0 fetch_ledger_time=0 fetch_ledgercache_time=0 rsp_time=0 notfound_time=0 with sample_period=210 seconds
2026-09-11 23:15:31.011980+09:00 [info] <0.675.0>@riak_core_worker_pool:handle_info/3:257 worker_pool=af1_pool has qlen=0 and no items checked out
2026-09-11 23:15:34.907298+09:00 [info] <0.4940.0>@leveled_monitor:handle_cast/2:647 log_ref=b0016 db_id=1 Get timing with sample_count=0 and head_time=0 body_time=0 with fetch_count=0 with sample_period=210 seconds
2026-09-11 23:15:47.899638+09:00 [info] <0.458.0>@riak_kv_replrtq_src:handle_info/2:646 QueueName=q1_ttaaefs has queue sizes p1=0 p2=0 p3=0
2026-09-11 23:15:48.388971+09:00 [info] <0.462.0>@riak_kv_overflow_queue:log/5:133 riak_kv_reaper job_id=0 has attempts=0 aborts=0 Queue lengths queue_p2=0 queue_p1=0 Overflow lengths overflow_p2=0 overflow_p1=0 Discard counts discard_p2=0 discard_p1=0
2026-09-11 23:15:48.452006+09:00 [info] <0.463.0>@riak_kv_overflow_queue:log/5:133 riak_kv_eraser job_id=0 has attempts=0 aborts=0 Queue lengths queue_p2=0 queue_p1=0 Overflow lengths overflow_p2=0 overflow_p1=0 Discard counts discard_p2=0 discard_p1=0
2026-09-11 23:15:48.514955+09:00 [info] <0.464.0>@riak_kv_overflow_queue:log/5:133 riak_kv_reader job_id=0 has attempts=0 aborts=0 Queue lengths queue_p2=0 queue_p1=0 Overflow lengths overflow_p2=0 overflow_p1=0 Discard counts discard_p2=0 discard_p1=0
2026-09-11 23:16:00.914880+09:00 [info] <0.4937.0>@leveled_monitor:handle_cast/2:704 log_ref=b0017 db_id=5 Snapshot timing with sample_count=0 and bookie_time=0 pcl_time=0 with sample_period=210 seconds
2026-09-11 23:16:17.310231+09:00 [info] <0.699.0>@riak_core_worker_pool:handle_info/3:257 worker_pool=af2_pool has qlen=0 and no items checked out
2026-09-11 23:16:17.904832+09:00 [info] <0.458.0>@riak_kv_replrtq_src:handle_info/2:646 QueueName=q1_ttaaefs has queue sizes p1=0 p2=0 p3=0
2026-09-11 23:16:18.160615+09:00 [info] <0.714.0>@riak_core_worker_pool:handle_info/3:257 worker_pool=be_pool has qlen=0 and no items checked out
2026-09-11 23:16:18.678614+09:00 [info] <0.710.0>@riak_core_worker_pool:handle_info/3:257 worker_pool=af4_pool has qlen=0 and no items checked out
2026-09-11 23:16:20.851524+09:00 [info] <0.703.0>@riak_core_worker_pool:handle_info/3:257 worker_pool=af3_pool has qlen=0 and no items checked out
2026-09-11 23:16:29.398684+09:00 [info] <0.675.0>@riak_core_worker_pool:handle_info/3:257 worker_pool=af1_pool has qlen=0 and no items checked out
2026-09-11 23:16:30.915888+09:00 [info] <0.4937.0>@leveled_monitor:handle_cast/2:778 log_ref=cdb19 db_id=5 Sample timings in microseconds for sample_count=0 with totals of cycle_count=0 index_time=0 read_time=0 with sample_period=210 seconds
2026-09-11 23:16:34.920879+09:00 [info] <0.4940.0>@leveled_monitor:handle_cast/2:687 log_ref=b0015 db_id=1 Put timing with sample_count=0 ink_time=0 prep_time=0 mem_time=0 with total_object_size=0 with sample_period=210 seconds
2026-09-11 23:16:47.906627+09:00 [info] <0.458.0>@riak_kv_replrtq_src:handle_info/2:646 QueueName=q1_ttaaefs has queue sizes p1=0 p2=0 p3=0
2026-09-11 23:16:48.400982+09:00 [info] <0.462.0>@riak_kv_overflow_queue:log/5:133 riak_kv_reaper job_id=0 has attempts=0 aborts=0 Queue lengths queue_p2=0 queue_p1=0 Overflow lengths overflow_p2=0 overflow_p1=0 Discard counts discard_p2=0 discard_p1=0
2026-09-11 23:16:48.470149+09:00 [info] <0.463.0>@riak_kv_overflow_queue:log/5:133 riak_kv_eraser job_id=0 has attempts=0 aborts=0 Queue lengths queue_p2=0 queue_p1=0 Overflow lengths overflow_p2=0 overflow_p1=0 Discard counts discard_p2=0 discard_p1=0
2026-09-11 23:16:48.525237+09:00 [info] <0.464.0>@riak_kv_overflow_queue:log/5:133 riak_kv_reader job_id=0 has attempts=0 aborts=0 Queue lengths queue_p2=0 queue_p1=0 Overflow lengths overflow_p2=0 overflow_p1=0 Discard counts discard_p2=0 discard_p1=0
2026-09-11 23:17:00.930829+09:00 [info] <0.4937.0>@leveled_monitor:handle_cast/2:733 log_ref=p0032 db_id=5 Fetch head timing with sample_count=0 and level timings of foundmem_time=0 found0_time=0 found1_time=0 found2_time=0 found3_time=0 foundlower_time=0 missed_time=0 with counts of foundmem_count=0 found0_count=0 found1_count=0 found2_count=0 found3_count=0 foundlower_count=0 missed_count=0 with sample_period=210 seconds
2026-09-11 23:17:04.921983+09:00 [info] <0.4940.0>@leveled_monitor:handle_cast/2:778 log_ref=cdb19 db_id=1 Sample timings in microseconds for sample_count=0 with totals of cycle_count=0 index_time=0 read_time=0 with sample_period=210 seconds
2026-09-11 23:17:12.184706+09:00 [info] <0.699.0>@riak_core_worker_pool:handle_info/3:257 worker_pool=af2_pool has qlen=0 and no items checked out
2026-09-11 23:17:13.195665+09:00 [info] <0.710.0>@riak_core_worker_pool:handle_info/3:257 worker_pool=af4_pool has qlen=0 and no items checked out
2026-09-11 23:17:15.620123+09:00 [info] <0.714.0>@riak_core_worker_pool:handle_info/3:257 worker_pool=be_pool has qlen=0 and no items checked out
2026-09-11 23:17:17.126567+09:00 [info] <0.703.0>@riak_core_worker_pool:handle_info/3:257 worker_pool=af3_pool has qlen=0 and no items checked out
2026-09-11 23:17:17.908617+09:00 [info] <0.458.0>@riak_kv_replrtq_src:handle_info/2:646 QueueName=q1_ttaaefs has queue sizes p1=0 p2=0 p3=0
2026-09-11 23:17:28.413754+09:00 [info] <0.675.0>@riak_core_worker_pool:handle_info/3:257 worker_pool=af1_pool has qlen=0 and no items checked out
2026-09-11 23:17:30.935851+09:00 [info] <0.4937.0>@leveled_monitor:handle_cast/2:647 log_ref=b0016 db_id=5 Get timing with sample_count=0 and head_time=0 body_time=0 with fetch_count=0 with sample_period=210 seconds
2026-09-11 23:17:34.922743+09:00 [info] <0.4940.0>@leveled_monitor:handle_cast/2:733 log_ref=p0032 db_id=1 Fetch head timing with sample_count=0 and level timings of foundmem_time=0 found0_time=0 found1_time=0 found2_time=0 found3_time=0 foundlower_time=0 missed_time=0 with counts of foundmem_count=0 found0_count=0 found1_count=0 found2_count=0 found3_count=0 foundlower_count=0 missed_count=0 with sample_period=210 seconds
2026-09-11 23:17:47.910680+09:00 [info] <0.458.0>@riak_kv_replrtq_src:handle_info/2:646 QueueName=q1_ttaaefs has queue sizes p1=0 p2=0 p3=0
2026-09-11 23:17:48.419366+09:00 [info] <0.462.0>@riak_kv_overflow_queue:log/5:133 riak_kv_reaper job_id=0 has attempts=0 aborts=0 Queue lengths queue_p2=0 queue_p1=0 Overflow lengths overflow_p2=0 overflow_p1=0 Discard counts discard_p2=0 discard_p1=0
2026-09-11 23:17:48.486091+09:00 [info] <0.463.0>@riak_kv_overflow_queue:log/5:133 riak_kv_eraser job_id=0 has attempts=0 aborts=0 Queue lengths queue_p2=0 queue_p1=0 Overflow lengths overflow_p2=0 overflow_p1=0 Discard counts discard_p2=0 discard_p1=0
2026-09-11 23:17:48.530988+09:00 [info] <0.464.0>@riak_kv_overflow_queue:log/5:133 riak_kv_reader job_id=0 has attempts=0 aborts=0 Queue lengths queue_p2=0 queue_p1=0 Overflow lengths overflow_p2=0 overflow_p1=0 Discard counts discard_p2=0 discard_p1=0
2026-09-11 23:18:04.935149+09:00 [info] <0.4940.0>@leveled_monitor:handle_cast/2:668 log_ref=b0018 db_id=1 Positive HEAD responses timed with sample_count=0 and cache_count=0 found_count=0 fetch_ledger_time=0 fetch_ledgercache_time=0 rsp_time=0 notfound_time=0 with sample_period=210 seconds
2026-09-11 23:18:10.949615+09:00 [info] <0.699.0>@riak_core_worker_pool:handle_info/3:257 worker_pool=af2_pool has qlen=0 and no items checked out
2026-09-11 23:18:11.036648+09:00 [info] <0.714.0>@riak_core_worker_pool:handle_info/3:257 worker_pool=be_pool has qlen=0 and no items checked out
2026-09-11 23:18:12.626620+09:00 [info] <0.710.0>@riak_core_worker_pool:handle_info/3:257 worker_pool=af4_pool has qlen=0 and no items checked out
2026-09-11 23:18:16.942173+09:00 [info] <0.703.0>@riak_core_worker_pool:handle_info/3:257 worker_pool=af3_pool has qlen=0 and no items checked out
2026-09-11 23:18:17.916665+09:00 [info] <0.458.0>@riak_kv_replrtq_src:handle_info/2:646 QueueName=q1_ttaaefs has queue sizes p1=0 p2=0 p3=0
2026-09-11 23:18:22.873563+09:00 [info] <0.675.0>@riak_core_worker_pool:handle_info/3:257 worker_pool=af1_pool has qlen=0 and no items checked out
2026-09-11 23:18:30.941522+09:00 [info] <0.4937.0>@leveled_monitor:handle_cast/2:687 log_ref=b0015 db_id=5 Put timing with sample_count=0 ink_time=0 prep_time=0 mem_time=0 with total_object_size=0 with sample_period=210 seconds
2026-09-11 23:18:34.936617+09:00 [info] <0.4940.0>@leveled_monitor:handle_cast/2:704 log_ref=b0017 db_id=1 Snapshot timing with sample_count=0 and bookie_time=0 pcl_time=0 with sample_period=210 seconds
2026-09-11 23:18:47.928721+09:00 [info] <0.458.0>@riak_kv_replrtq_src:handle_info/2:646 QueueName=q1_ttaaefs has queue sizes p1=0 p2=0 p3=0
2026-09-11 23:18:48.422147+09:00 [info] <0.462.0>@riak_kv_overflow_queue:log/5:133 riak_kv_reaper job_id=0 has attempts=0 aborts=0 Queue lengths queue_p2=0 queue_p1=0 Overflow lengths overflow_p2=0 overflow_p1=0 Discard counts discard_p2=0 discard_p1=0
2026-09-11 23:18:48.489219+09:00 [info] <0.463.0>@riak_kv_overflow_queue:log/5:133 riak_kv_eraser job_id=0 has attempts=0 aborts=0 Queue lengths queue_p2=0 queue_p1=0 Overflow lengths overflow_p2=0 overflow_p1=0 Discard counts discard_p2=0 discard_p1=0
2026-09-11 23:18:48.535234+09:00 [info] <0.464.0>@riak_kv_overflow_queue:log/5:133 riak_kv_reader job_id=0 has attempts=0 aborts=0 Queue lengths queue_p2=0 queue_p1=0 Overflow lengths overflow_p2=0 overflow_p1=0 Discard counts discard_p2=0 discard_p1=0
2026-09-11 23:19:00.942071+09:00 [info] <0.4937.0>@leveled_monitor:handle_cast/2:668 log_ref=b0018 db_id=5 Positive HEAD responses timed with sample_count=0 and cache_count=0 found_count=0 fetch_ledger_time=0 fetch_ledgercache_time=0 rsp_time=0 notfound_time=0 with sample_period=210 seconds
2026-09-11 23:19:04.940772+09:00 [info] <0.4940.0>@leveled_monitor:handle_cast/2:647 log_ref=b0016 db_id=1 Get timing with sample_count=0 and head_time=0 body_time=0 with fetch_count=0 with sample_period=210 seconds
2026-09-11 23:19:07.077604+09:00 [info] <0.710.0>@riak_core_worker_pool:handle_info/3:257 worker_pool=af4_pool has qlen=0 and no items checked out
2026-09-11 23:19:07.863254+09:00 [info] <0.714.0>@riak_core_worker_pool:handle_info/3:257 worker_pool=be_pool has qlen=0 and no items checked out
2026-09-11 23:19:08.373693+09:00 [info] <0.699.0>@riak_core_worker_pool:handle_info/3:257 worker_pool=af2_pool has qlen=0 and no items checked out
2026-09-11 23:19:11.826651+09:00 [info] <0.703.0>@riak_core_worker_pool:handle_info/3:257 worker_pool=af3_pool has qlen=0 and no items checked out
2026-09-11 23:19:17.867718+09:00 [info] <0.675.0>@riak_core_worker_pool:handle_info/3:257 worker_pool=af1_pool has qlen=0 and no items checked out
2026-09-11 23:19:17.935459+09:00 [info] <0.458.0>@riak_kv_replrtq_src:handle_info/2:646 QueueName=q1_ttaaefs has queue sizes p1=0 p2=0 p3=0
2026-09-11 23:19:30.942821+09:00 [info] <0.4937.0>@leveled_monitor:handle_cast/2:704 log_ref=b0017 db_id=5 Snapshot timing with sample_count=0 and bookie_time=0 pcl_time=0 with sample_period=210 seconds
2026-09-11 23:19:47.937627+09:00 [info] <0.458.0>@riak_kv_replrtq_src:handle_info/2:646 QueueName=q1_ttaaefs has queue sizes p1=0 p2=0 p3=0
2026-09-11 23:19:48.434295+09:00 [info] <0.462.0>@riak_kv_overflow_queue:log/5:133 riak_kv_reaper job_id=0 has attempts=0 aborts=0 Queue lengths queue_p2=0 queue_p1=0 Overflow lengths overflow_p2=0 overflow_p1=0 Discard counts discard_p2=0 discard_p1=0
2026-09-11 23:19:48.510507+09:00 [info] <0.463.0>@riak_kv_overflow_queue:log/5:133 riak_kv_eraser job_id=0 has attempts=0 aborts=0 Queue lengths queue_p2=0 queue_p1=0 Overflow lengths overflow_p2=0 overflow_p1=0 Discard counts discard_p2=0 discard_p1=0
2026-09-11 23:19:48.538200+09:00 [info] <0.464.0>@riak_kv_overflow_queue:log/5:133 riak_kv_reader job_id=0 has attempts=0 aborts=0 Queue lengths queue_p2=0 queue_p1=0 Overflow lengths overflow_p2=0 overflow_p1=0 Discard counts discard_p2=0 discard_p1=0
2026-09-11 23:20:00.943721+09:00 [info] <0.4937.0>@leveled_monitor:handle_cast/2:778 log_ref=cdb19 db_id=5 Sample timings in microseconds for sample_count=0 with totals of cycle_count=0 index_time=0 read_time=0 with sample_period=210 seconds
2026-09-11 23:20:03.742703+09:00 [info] <0.714.0>@riak_core_worker_pool:handle_info/3:257 worker_pool=be_pool has qlen=0 and no items checked out
2026-09-11 23:20:04.811676+09:00 [info] <0.710.0>@riak_core_worker_pool:handle_info/3:257 worker_pool=af4_pool has qlen=0 and no items checked out
2026-09-11 23:20:04.949428+09:00 [info] <0.4940.0>@leveled_monitor:handle_cast/2:687 log_ref=b0015 db_id=1 Put timing with sample_count=0 ink_time=0 prep_time=0 mem_time=0 with total_object_size=0 with sample_period=210 seconds
2026-09-11 23:20:05.057916+09:00 [info] <0.699.0>@riak_core_worker_pool:handle_info/3:257 worker_pool=af2_pool has qlen=0 and no items checked out
2026-09-11 23:20:05.914351+09:00 [info] <0.703.0>@riak_core_worker_pool:handle_info/3:257 worker_pool=af3_pool has qlen=0 and no items checked out
2026-09-11 23:20:17.861655+09:00 [info] <0.675.0>@riak_core_worker_pool:handle_info/3:257 worker_pool=af1_pool has qlen=0 and no items checked out
2026-09-11 23:20:17.941997+09:00 [info] <0.458.0>@riak_kv_replrtq_src:handle_info/2:646 QueueName=q1_ttaaefs has queue sizes p1=0 p2=0 p3=0
2026-09-11 23:20:30.947785+09:00 [info] <0.4937.0>@leveled_monitor:handle_cast/2:733 log_ref=p0032 db_id=5 Fetch head timing with sample_count=0 and level timings of foundmem_time=0 found0_time=0 found1_time=0 found2_time=0 found3_time=0 foundlower_time=0 missed_time=0 with counts of foundmem_count=0 found0_count=0 found1_count=0 found2_count=0 found3_count=0 foundlower_count=0 missed_count=0 with sample_period=210 seconds
2026-09-11 23:20:34.950694+09:00 [info] <0.4940.0>@leveled_monitor:handle_cast/2:778 log_ref=cdb19 db_id=1 Sample timings in microseconds for sample_count=0 with totals of cycle_count=0 index_time=0 read_time=0 with sample_period=210 seconds
2026-09-11 23:20:37.907317+09:00 [info] <0.4931.0>@riak_kv_vnode:handle_command/3:1492 Tictac AAE loop completed for partition=182687704666362864775460604089535377456991567872 with exchanges expected=6 exchanges completed=0 total deltas=0 total exchange_time=0 seconds loop duration=600 seconds (elapsed)
2026-09-11 23:20:47.951482+09:00 [info] <0.458.0>@riak_kv_replrtq_src:handle_info/2:646 QueueName=q1_ttaaefs has queue sizes p1=0 p2=0 p3=0
2026-09-11 23:20:48.442056+09:00 [info] <0.462.0>@riak_kv_overflow_queue:log/5:133 riak_kv_reaper job_id=0 has attempts=0 aborts=0 Queue lengths queue_p2=0 queue_p1=0 Overflow lengths overflow_p2=0 overflow_p1=0 Discard counts discard_p2=0 discard_p1=0
2026-09-11 23:20:48.513161+09:00 [info] <0.463.0>@riak_kv_overflow_queue:log/5:133 riak_kv_eraser job_id=0 has attempts=0 aborts=0 Queue lengths queue_p2=0 queue_p1=0 Overflow lengths overflow_p2=0 overflow_p1=0 Discard counts discard_p2=0 discard_p1=0
2026-09-11 23:20:48.551833+09:00 [info] <0.464.0>@riak_kv_overflow_queue:log/5:133 riak_kv_reader job_id=0 has attempts=0 aborts=0 Queue lengths queue_p2=0 queue_p1=0 Overflow lengths overflow_p2=0 overflow_p1=0 Discard counts discard_p2=0 discard_p1=0
2026-09-11 23:21:00.399735+09:00 [info] <0.714.0>@riak_core_worker_pool:handle_info/3:257 worker_pool=be_pool has qlen=0 and no items checked out
2026-09-11 23:21:00.953913+09:00 [info] <0.4937.0>@leveled_monitor:handle_cast/2:647 log_ref=b0016 db_id=5 Get timing with sample_count=0 and head_time=0 body_time=0 with fetch_count=0 with sample_period=210 seconds
2026-09-11 23:21:01.609329+09:00 [info] <0.710.0>@riak_core_worker_pool:handle_info/3:257 worker_pool=af4_pool has qlen=0 and no items checked out
2026-09-11 23:21:03.840681+09:00 [info] <0.699.0>@riak_core_worker_pool:handle_info/3:257 worker_pool=af2_pool has qlen=0 and no items checked out
2026-09-11 23:21:04.042696+09:00 [info] <0.703.0>@riak_core_worker_pool:handle_info/3:257 worker_pool=af3_pool has qlen=0 and no items checked out
2026-09-11 23:21:04.986007+09:00 [info] <0.4940.0>@leveled_monitor:handle_cast/2:733 log_ref=p0032 db_id=1 Fetch head timing with sample_count=0 and level timings of foundmem_time=0 found0_time=0 found1_time=0 found2_time=0 found3_time=0 foundlower_time=0 missed_time=0 with counts of foundmem_count=0 found0_count=0 found1_count=0 found2_count=0 found3_count=0 foundlower_count=0 missed_count=0 with sample_period=210 seconds
2026-09-11 23:21:13.734707+09:00 [info] <0.675.0>@riak_core_worker_pool:handle_info/3:257 worker_pool=af1_pool has qlen=0 and no items checked out
2026-09-11 23:21:17.958643+09:00 [info] <0.458.0>@riak_kv_replrtq_src:handle_info/2:646 QueueName=q1_ttaaefs has queue sizes p1=0 p2=0 p3=0
2026-09-11 23:21:34.988890+09:00 [info] <0.4940.0>@leveled_monitor:handle_cast/2:668 log_ref=b0018 db_id=1 Positive HEAD responses timed with sample_count=0 and cache_count=0 found_count=0 fetch_ledger_time=0 fetch_ledgercache_time=0 rsp_time=0 notfound_time=0 with sample_period=210 seconds
2026-09-11 23:21:47.961676+09:00 [info] <0.458.0>@riak_kv_replrtq_src:handle_info/2:646 QueueName=q1_ttaaefs has queue sizes p1=0 p2=0 p3=0
2026-09-11 23:21:48.444989+09:00 [info] <0.462.0>@riak_kv_overflow_queue:log/5:133 riak_kv_reaper job_id=0 has attempts=0 aborts=0 Queue lengths queue_p2=0 queue_p1=0 Overflow lengths overflow_p2=0 overflow_p1=0 Discard counts discard_p2=0 discard_p1=0
2026-09-11 23:21:48.528934+09:00 [info] <0.463.0>@riak_kv_overflow_queue:log/5:133 riak_kv_eraser job_id=0 has attempts=0 aborts=0 Queue lengths queue_p2=0 queue_p1=0 Overflow lengths overflow_p2=0 overflow_p1=0 Discard counts discard_p2=0 discard_p1=0
2026-09-11 23:21:48.555000+09:00 [info] <0.464.0>@riak_kv_overflow_queue:log/5:133 riak_kv_reader job_id=0 has attempts=0 aborts=0 Queue lengths queue_p2=0 queue_p1=0 Overflow lengths overflow_p2=0 overflow_p1=0 Discard counts discard_p2=0 discard_p1=0
2026-09-11 23:21:59.518423+09:00 [info] <0.710.0>@riak_core_worker_pool:handle_info/3:257 worker_pool=af4_pool has qlen=0 and no items checked out
2026-09-11 23:21:59.657605+09:00 [info] <0.714.0>@riak_core_worker_pool:handle_info/3:257 worker_pool=be_pool has qlen=0 and no items checked out
2026-09-11 23:22:00.962895+09:00 [info] <0.4937.0>@leveled_monitor:handle_cast/2:687 log_ref=b0015 db_id=5 Put timing with sample_count=0 ink_time=0 prep_time=0 mem_time=0 with total_object_size=0 with sample_period=210 seconds
2026-09-11 23:22:01.284636+09:00 [info] <0.699.0>@riak_core_worker_pool:handle_info/3:257 worker_pool=af2_pool has qlen=0 and no items checked out
2026-09-11 23:22:03.135737+09:00 [info] <0.703.0>@riak_core_worker_pool:handle_info/3:257 worker_pool=af3_pool has qlen=0 and no items checked out
2026-09-11 23:22:04.995802+09:00 [info] <0.4940.0>@leveled_monitor:handle_cast/2:704 log_ref=b0017 db_id=1 Snapshot timing with sample_count=0 and bookie_time=0 pcl_time=0 with sample_period=210 seconds
2026-09-11 23:22:10.956612+09:00 [info] <0.675.0>@riak_core_worker_pool:handle_info/3:257 worker_pool=af1_pool has qlen=0 and no items checked out
2026-09-11 23:22:17.975842+09:00 [info] <0.458.0>@riak_kv_replrtq_src:handle_info/2:646 QueueName=q1_ttaaefs has queue sizes p1=0 p2=0 p3=0
2026-09-11 23:22:26.614531+09:00 [info] <0.4929.0>@riak_kv_vnode:handle_command/3:1492 Tictac AAE loop completed for partition=913438523331814323877303020447676887284957839360 with exchanges expected=6 exchanges completed=0 total deltas=0 total exchange_time=0 seconds loop duration=708 seconds (elapsed)
2026-09-11 23:22:30.963739+09:00 [info] <0.4937.0>@leveled_monitor:handle_cast/2:668 log_ref=b0018 db_id=5 Positive HEAD responses timed with sample_count=0 and cache_count=0 found_count=0 fetch_ledger_time=0 fetch_ledgercache_time=0 rsp_time=0 notfound_time=0 with sample_period=210 seconds
2026-09-11 23:22:34.996788+09:00 [info] <0.4940.0>@leveled_monitor:handle_cast/2:647 log_ref=b0016 db_id=1 Get timing with sample_count=0 and head_time=0 body_time=0 with fetch_count=0 with sample_period=210 seconds
2026-09-11 23:22:47.980687+09:00 [info] <0.458.0>@riak_kv_replrtq_src:handle_info/2:646 QueueName=q1_ttaaefs has queue sizes p1=0 p2=0 p3=0
2026-09-11 23:22:48.448184+09:00 [info] <0.462.0>@riak_kv_overflow_queue:log/5:133 riak_kv_reaper job_id=0 has attempts=0 aborts=0 Queue lengths queue_p2=0 queue_p1=0 Overflow lengths overflow_p2=0 overflow_p1=0 Discard counts discard_p2=0 discard_p1=0
2026-09-11 23:22:48.532348+09:00 [info] <0.463.0>@riak_kv_overflow_queue:log/5:133 riak_kv_eraser job_id=0 has attempts=0 aborts=0 Queue lengths queue_p2=0 queue_p1=0 Overflow lengths overflow_p2=0 overflow_p1=0 Discard counts discard_p2=0 discard_p1=0
2026-09-11 23:22:48.566804+09:00 [info] <0.464.0>@riak_kv_overflow_queue:log/5:133 riak_kv_reader job_id=0 has attempts=0 aborts=0 Queue lengths queue_p2=0 queue_p1=0 Overflow lengths overflow_p2=0 overflow_p1=0 Discard counts discard_p2=0 discard_p1=0
2026-09-11 23:22:56.187707+09:00 [info] <0.714.0>@riak_core_worker_pool:handle_info/3:257 worker_pool=be_pool has qlen=0 and no items checked out
2026-09-11 23:22:56.795916+09:00 [info] <0.699.0>@riak_core_worker_pool:handle_info/3:257 worker_pool=af2_pool has qlen=0 and no items checked out
2026-09-11 23:22:57.102671+09:00 [info] <0.710.0>@riak_core_worker_pool:handle_info/3:257 worker_pool=af4_pool has qlen=0 and no items checked out
2026-09-11 23:22:59.649656+09:00 [info] <0.703.0>@riak_core_worker_pool:handle_info/3:257 worker_pool=af3_pool has qlen=0 and no items checked out
2026-09-11 23:23:00.964797+09:00 [info] <0.4937.0>@leveled_monitor:handle_cast/2:704 log_ref=b0017 db_id=5 Snapshot timing with sample_count=0 and bookie_time=0 pcl_time=0 with sample_period=210 seconds
2026-09-11 23:23:05.981676+09:00 [info] <0.675.0>@riak_core_worker_pool:handle_info/3:257 worker_pool=af1_pool has qlen=0 and no items checked out
2026-09-11 23:23:17.982907+09:00 [info] <0.458.0>@riak_kv_replrtq_src:handle_info/2:646 QueueName=q1_ttaaefs has queue sizes p1=0 p2=0 p3=0
2026-09-11 23:23:30.965753+09:00 [info] <0.4937.0>@leveled_monitor:handle_cast/2:778 log_ref=cdb19 db_id=5 Sample timings in microseconds for sample_count=0 with totals of cycle_count=0 index_time=0 read_time=0 with sample_period=210 seconds
2026-09-11 23:23:35.019835+09:00 [info] <0.4940.0>@leveled_monitor:handle_cast/2:687 log_ref=b0015 db_id=1 Put timing with sample_count=0 ink_time=0 prep_time=0 mem_time=0 with total_object_size=0 with sample_period=210 seconds
2026-09-11 23:23:47.989764+09:00 [info] <0.458.0>@riak_kv_replrtq_src:handle_info/2:646 QueueName=q1_ttaaefs has queue sizes p1=0 p2=0 p3=0
2026-09-11 23:23:48.454037+09:00 [info] <0.462.0>@riak_kv_overflow_queue:log/5:133 riak_kv_reaper job_id=0 has attempts=0 aborts=0 Queue lengths queue_p2=0 queue_p1=0 Overflow lengths overflow_p2=0 overflow_p1=0 Discard counts discard_p2=0 discard_p1=0
2026-09-11 23:23:48.545057+09:00 [info] <0.463.0>@riak_kv_overflow_queue:log/5:133 riak_kv_eraser job_id=0 has attempts=0 aborts=0 Queue lengths queue_p2=0 queue_p1=0 Overflow lengths overflow_p2=0 overflow_p1=0 Discard counts discard_p2=0 discard_p1=0
2026-09-11 23:23:48.581940+09:00 [info] <0.464.0>@riak_kv_overflow_queue:log/5:133 riak_kv_reader job_id=0 has attempts=0 aborts=0 Queue lengths queue_p2=0 queue_p1=0 Overflow lengths overflow_p2=0 overflow_p1=0 Discard counts discard_p2=0 discard_p1=0
2026-09-11 23:23:53.516632+09:00 [info] <0.714.0>@riak_core_worker_pool:handle_info/3:257 worker_pool=be_pool has qlen=0 and no items checked out
2026-09-11 23:23:54.816558+09:00 [info] <0.710.0>@riak_core_worker_pool:handle_info/3:257 worker_pool=af4_pool has qlen=0 and no items checked out
2026-09-11 23:23:54.915822+09:00 [info] <0.703.0>@riak_core_worker_pool:handle_info/3:257 worker_pool=af3_pool has qlen=0 and no items checked out
2026-09-11 23:23:56.553180+09:00 [info] <0.699.0>@riak_core_worker_pool:handle_info/3:257 worker_pool=af2_pool has qlen=0 and no items checked out
2026-09-11 23:24:00.967613+09:00 [info] <0.4937.0>@leveled_monitor:handle_cast/2:733 log_ref=p0032 db_id=5 Fetch head timing with sample_count=0 and level timings of foundmem_time=0 found0_time=0 found1_time=0 found2_time=0 found3_time=0 foundlower_time=0 missed_time=0 with counts of foundmem_count=0 found0_count=0 found1_count=0 found2_count=0 found3_count=0 foundlower_count=0 missed_count=0 with sample_period=210 seconds
2026-09-11 23:24:02.219620+09:00 [info] <0.675.0>@riak_core_worker_pool:handle_info/3:257 worker_pool=af1_pool has qlen=0 and no items checked out
2026-09-11 23:24:05.020779+09:00 [info] <0.4940.0>@leveled_monitor:handle_cast/2:778 log_ref=cdb19 db_id=1 Sample timings in microseconds for sample_count=0 with totals of cycle_count=0 index_time=0 read_time=0 with sample_period=210 seconds
2026-09-11 23:24:17.992963+09:00 [info] <0.458.0>@riak_kv_replrtq_src:handle_info/2:646 QueueName=q1_ttaaefs has queue sizes p1=0 p2=0 p3=0
2026-09-11 23:24:30.968736+09:00 [info] <0.4937.0>@leveled_monitor:handle_cast/2:647 log_ref=b0016 db_id=5 Get timing with sample_count=0 and head_time=0 body_time=0 with fetch_count=0 with sample_period=210 seconds
2026-09-11 23:24:35.022771+09:00 [info] <0.4940.0>@leveled_monitor:handle_cast/2:733 log_ref=p0032 db_id=1 Fetch head timing with sample_count=0 and level timings of foundmem_time=0 found0_time=0 found1_time=0 found2_time=0 found3_time=0 foundlower_time=0 missed_time=0 with counts of foundmem_count=0 found0_count=0 found1_count=0 found2_count=0 found3_count=0 foundlower_count=0 missed_count=0 with sample_period=210 seconds
2026-09-11 23:24:47.994594+09:00 [info] <0.458.0>@riak_kv_replrtq_src:handle_info/2:646 QueueName=q1_ttaaefs has queue sizes p1=0 p2=0 p3=0
2026-09-11 23:24:48.459130+09:00 [info] <0.462.0>@riak_kv_overflow_queue:log/5:133 riak_kv_reaper job_id=0 has attempts=0 aborts=0 Queue lengths queue_p2=0 queue_p1=0 Overflow lengths overflow_p2=0 overflow_p1=0 Discard counts discard_p2=0 discard_p1=0
2026-09-11 23:24:48.549306+09:00 [info] <0.463.0>@riak_kv_overflow_queue:log/5:133 riak_kv_eraser job_id=0 has attempts=0 aborts=0 Queue lengths queue_p2=0 queue_p1=0 Overflow lengths overflow_p2=0 overflow_p1=0 Discard counts discard_p2=0 discard_p1=0
2026-09-11 23:24:48.584103+09:00 [info] <0.464.0>@riak_kv_overflow_queue:log/5:133 riak_kv_reader job_id=0 has attempts=0 aborts=0 Queue lengths queue_p2=0 queue_p1=0 Overflow lengths overflow_p2=0 overflow_p1=0 Discard counts discard_p2=0 discard_p1=0
2026-09-11 23:24:49.275613+09:00 [info] <0.703.0>@riak_core_worker_pool:handle_info/3:257 worker_pool=af3_pool has qlen=0 and no items checked out
2026-09-11 23:24:50.807652+09:00 [info] <0.710.0>@riak_core_worker_pool:handle_info/3:257 worker_pool=af4_pool has qlen=0 and no items checked out
2026-09-11 23:24:51.559737+09:00 [info] <0.699.0>@riak_core_worker_pool:handle_info/3:257 worker_pool=af2_pool has qlen=0 and no items checked out
2026-09-11 23:24:51.968666+09:00 [info] <0.714.0>@riak_core_worker_pool:handle_info/3:257 worker_pool=be_pool has qlen=0 and no items checked out
2026-09-11 23:24:56.291695+09:00 [info] <0.675.0>@riak_core_worker_pool:handle_info/3:257 worker_pool=af1_pool has qlen=0 and no items checked out
2026-09-11 23:25:05.027073+09:00 [info] <0.4940.0>@leveled_monitor:handle_cast/2:668 log_ref=b0018 db_id=1 Positive HEAD responses timed with sample_count=0 and cache_count=0 found_count=0 fetch_ledger_time=0 fetch_ledgercache_time=0 rsp_time=0 notfound_time=0 with sample_period=210 seconds
2026-09-11 23:25:17.996758+09:00 [info] <0.458.0>@riak_kv_replrtq_src:handle_info/2:646 QueueName=q1_ttaaefs has queue sizes p1=0 p2=0 p3=0
2026-09-11 23:25:30.973879+09:00 [info] <0.4937.0>@leveled_monitor:handle_cast/2:687 log_ref=b0015 db_id=5 Put timing with sample_count=0 ink_time=0 prep_time=0 mem_time=0 with total_object_size=0 with sample_period=210 seconds
2026-09-11 23:25:35.033316+09:00 [info] <0.4940.0>@leveled_monitor:handle_cast/2:704 log_ref=b0017 db_id=1 Snapshot timing with sample_count=0 and bookie_time=0 pcl_time=0 with sample_period=210 seconds
2026-09-11 23:25:46.008866+09:00 [info] <0.714.0>@riak_core_worker_pool:handle_info/3:257 worker_pool=be_pool has qlen=0 and no items checked out
2026-09-11 23:25:46.181359+09:00 [info] <0.710.0>@riak_core_worker_pool:handle_info/3:257 worker_pool=af4_pool has qlen=0 and no items checked out
2026-09-11 23:25:46.813918+09:00 [info] <0.699.0>@riak_core_worker_pool:handle_info/3:257 worker_pool=af2_pool has qlen=0 and no items checked out
2026-09-11 23:25:47.100655+09:00 [info] <0.703.0>@riak_core_worker_pool:handle_info/3:257 worker_pool=af3_pool has qlen=0 and no items checked out
2026-09-11 23:25:47.998649+09:00 [info] <0.458.0>@riak_kv_replrtq_src:handle_info/2:646 QueueName=q1_ttaaefs has queue sizes p1=0 p2=0 p3=0
2026-09-11 23:25:48.465080+09:00 [info] <0.462.0>@riak_kv_overflow_queue:log/5:133 riak_kv_reaper job_id=0 has attempts=0 aborts=0 Queue lengths queue_p2=0 queue_p1=0 Overflow lengths overflow_p2=0 overflow_p1=0 Discard counts discard_p2=0 discard_p1=0
2026-09-11 23:25:48.558967+09:00 [info] <0.463.0>@riak_kv_overflow_queue:log/5:133 riak_kv_eraser job_id=0 has attempts=0 aborts=0 Queue lengths queue_p2=0 queue_p1=0 Overflow lengths overflow_p2=0 overflow_p1=0 Discard counts discard_p2=0 discard_p1=0
2026-09-11 23:25:48.588493+09:00 [info] <0.464.0>@riak_kv_overflow_queue:log/5:133 riak_kv_reader job_id=0 has attempts=0 aborts=0 Queue lengths queue_p2=0 queue_p1=0 Overflow lengths overflow_p2=0 overflow_p1=0 Discard counts discard_p2=0 discard_p1=0
2026-09-11 23:25:51.554911+09:00 [info] <0.675.0>@riak_core_worker_pool:handle_info/3:257 worker_pool=af1_pool has qlen=0 and no items checked out
2026-09-11 23:26:00.974769+09:00 [info] <0.4937.0>@leveled_monitor:handle_cast/2:668 log_ref=b0018 db_id=5 Positive HEAD responses timed with sample_count=0 and cache_count=0 found_count=0 fetch_ledger_time=0 fetch_ledgercache_time=0 rsp_time=0 notfound_time=0 with sample_period=210 seconds
2026-09-11 23:26:05.036866+09:00 [info] <0.4940.0>@leveled_monitor:handle_cast/2:647 log_ref=b0016 db_id=1 Get timing with sample_count=0 and head_time=0 body_time=0 with fetch_count=0 with sample_period=210 seconds
2026-09-11 23:26:18.003722+09:00 [info] <0.458.0>@riak_kv_replrtq_src:handle_info/2:646 QueueName=q1_ttaaefs has queue sizes p1=0 p2=0 p3=0
2026-09-11 23:26:30.979762+09:00 [info] <0.4937.0>@leveled_monitor:handle_cast/2:704 log_ref=b0017 db_id=5 Snapshot timing with sample_count=0 and bookie_time=0 pcl_time=0 with sample_period=210 seconds
2026-09-11 23:26:40.630651+09:00 [info] <0.710.0>@riak_core_worker_pool:handle_info/3:257 worker_pool=af4_pool has qlen=0 and no items checked out
2026-09-11 23:26:42.804063+09:00 [info] <0.714.0>@riak_core_worker_pool:handle_info/3:257 worker_pool=be_pool has qlen=0 and no items checked out
2026-09-11 23:26:45.272776+09:00 [info] <0.703.0>@riak_core_worker_pool:handle_info/3:257 worker_pool=af3_pool has qlen=0 and no items checked out
2026-09-11 23:26:45.431647+09:00 [info] <0.699.0>@riak_core_worker_pool:handle_info/3:257 worker_pool=af2_pool has qlen=0 and no items checked out
2026-09-11 23:26:47.728667+09:00 [info] <0.675.0>@riak_core_worker_pool:handle_info/3:257 worker_pool=af1_pool has qlen=0 and no items checked out
2026-09-11 23:26:48.007794+09:00 [info] <0.458.0>@riak_kv_replrtq_src:handle_info/2:646 QueueName=q1_ttaaefs has queue sizes p1=0 p2=0 p3=0
2026-09-11 23:26:48.474228+09:00 [info] <0.462.0>@riak_kv_overflow_queue:log/5:133 riak_kv_reaper job_id=0 has attempts=0 aborts=0 Queue lengths queue_p2=0 queue_p1=0 Overflow lengths overflow_p2=0 overflow_p1=0 Discard counts discard_p2=0 discard_p1=0
2026-09-11 23:26:48.565222+09:00 [info] <0.463.0>@riak_kv_overflow_queue:log/5:133 riak_kv_eraser job_id=0 has attempts=0 aborts=0 Queue lengths queue_p2=0 queue_p1=0 Overflow lengths overflow_p2=0 overflow_p1=0 Discard counts discard_p2=0 discard_p1=0
2026-09-11 23:26:48.595231+09:00 [info] <0.464.0>@riak_kv_overflow_queue:log/5:133 riak_kv_reader job_id=0 has attempts=0 aborts=0 Queue lengths queue_p2=0 queue_p1=0 Overflow lengths overflow_p2=0 overflow_p1=0 Discard counts discard_p2=0 discard_p1=0
2026-09-11 23:27:00.983197+09:00 [info] <0.4937.0>@leveled_monitor:handle_cast/2:778 log_ref=cdb19 db_id=5 Sample timings in microseconds for sample_count=0 with totals of cycle_count=0 index_time=0 read_time=0 with sample_period=210 seconds
2026-09-11 23:27:05.038810+09:00 [info] <0.4940.0>@leveled_monitor:handle_cast/2:687 log_ref=b0015 db_id=1 Put timing with sample_count=0 ink_time=0 prep_time=0 mem_time=0 with total_object_size=0 with sample_period=210 seconds
2026-09-11 23:27:18.030375+09:00 [info] <0.458.0>@riak_kv_replrtq_src:handle_info/2:646 QueueName=q1_ttaaefs has queue sizes p1=0 p2=0 p3=0
2026-09-11 23:27:30.984999+09:00 [info] <0.4937.0>@leveled_monitor:handle_cast/2:733 log_ref=p0032 db_id=5 Fetch head timing with sample_count=0 and level timings of foundmem_time=0 found0_time=0 found1_time=0 found2_time=0 found3_time=0 foundlower_time=0 missed_time=0 with counts of foundmem_count=0 found0_count=0 found1_count=0 found2_count=0 found3_count=0 foundlower_count=0 missed_count=0 with sample_period=210 seconds
2026-09-11 23:27:35.042178+09:00 [info] <0.4940.0>@leveled_monitor:handle_cast/2:778 log_ref=cdb19 db_id=1 Sample timings in microseconds for sample_count=0 with totals of cycle_count=0 index_time=0 read_time=0 with sample_period=210 seconds
2026-09-11 23:27:38.127611+09:00 [info] <0.714.0>@riak_core_worker_pool:handle_info/3:257 worker_pool=be_pool has qlen=0 and no items checked out
2026-09-11 23:27:40.159649+09:00 [info] <0.710.0>@riak_core_worker_pool:handle_info/3:257 worker_pool=af4_pool has qlen=0 and no items checked out
2026-09-11 23:27:40.326639+09:00 [info] <0.703.0>@riak_core_worker_pool:handle_info/3:257 worker_pool=af3_pool has qlen=0 and no items checked out
2026-09-11 23:27:42.033696+09:00 [info] <0.675.0>@riak_core_worker_pool:handle_info/3:257 worker_pool=af1_pool has qlen=0 and no items checked out
2026-09-11 23:27:45.296606+09:00 [info] <0.699.0>@riak_core_worker_pool:handle_info/3:257 worker_pool=af2_pool has qlen=0 and no items checked out
2026-09-11 23:27:48.032649+09:00 [info] <0.458.0>@riak_kv_replrtq_src:handle_info/2:646 QueueName=q1_ttaaefs has queue sizes p1=0 p2=0 p3=0
2026-09-11 23:27:48.480041+09:00 [info] <0.462.0>@riak_kv_overflow_queue:log/5:133 riak_kv_reaper job_id=0 has attempts=0 aborts=0 Queue lengths queue_p2=0 queue_p1=0 Overflow lengths overflow_p2=0 overflow_p1=0 Discard counts discard_p2=0 discard_p1=0
2026-09-11 23:27:48.578292+09:00 [info] <0.463.0>@riak_kv_overflow_queue:log/5:133 riak_kv_eraser job_id=0 has attempts=0 aborts=0 Queue lengths queue_p2=0 queue_p1=0 Overflow lengths overflow_p2=0 overflow_p1=0 Discard counts discard_p2=0 discard_p1=0
2026-09-11 23:27:48.599103+09:00 [info] <0.464.0>@riak_kv_overflow_queue:log/5:133 riak_kv_reader job_id=0 has attempts=0 aborts=0 Queue lengths queue_p2=0 queue_p1=0 Overflow lengths overflow_p2=0 overflow_p1=0 Discard counts discard_p2=0 discard_p1=0
2026-09-11 23:28:00.985772+09:00 [info] <0.4937.0>@leveled_monitor:handle_cast/2:647 log_ref=b0016 db_id=5 Get timing with sample_count=0 and head_time=0 body_time=0 with fetch_count=0 with sample_period=209 seconds
2026-09-11 23:28:05.042769+09:00 [info] <0.4940.0>@leveled_monitor:handle_cast/2:733 log_ref=p0032 db_id=1 Fetch head timing with sample_count=0 and level timings of foundmem_time=0 found0_time=0 found1_time=0 found2_time=0 found3_time=0 foundlower_time=0 missed_time=0 with counts of foundmem_count=0 found0_count=0 found1_count=0 found2_count=0 found3_count=0 foundlower_count=0 missed_count=0 with sample_period=210 seconds
2026-09-11 23:28:18.034869+09:00 [info] <0.458.0>@riak_kv_replrtq_src:handle_info/2:646 QueueName=q1_ttaaefs has queue sizes p1=0 p2=0 p3=0
2026-09-11 23:28:35.045717+09:00 [info] <0.4940.0>@leveled_monitor:handle_cast/2:668 log_ref=b0018 db_id=1 Positive HEAD responses timed with sample_count=0 and cache_count=0 found_count=0 fetch_ledger_time=0 fetch_ledgercache_time=0 rsp_time=0 notfound_time=0 with sample_period=210 seconds
2026-09-11 23:28:36.984584+09:00 [info] <0.675.0>@riak_core_worker_pool:handle_info/3:257 worker_pool=af1_pool has qlen=0 and no items checked out
2026-09-11 23:28:37.081040+09:00 [info] <0.710.0>@riak_core_worker_pool:handle_info/3:257 worker_pool=af4_pool has qlen=0 and no items checked out
2026-09-11 23:28:38.098589+09:00 [info] <0.714.0>@riak_core_worker_pool:handle_info/3:257 worker_pool=be_pool has qlen=0 and no items checked out
2026-09-11 23:28:38.694234+09:00 [info] <0.22604.0>@aae_exchange:init/1:347 log_ref=ex001 Exchange id=f348e2b7-d70c-4c9d-a76a-81466eb77ddc with target_count=2 expected purpose=kv_aae
2026-09-11 23:28:39.824723+09:00 [info] <0.703.0>@riak_core_worker_pool:handle_info/3:257 worker_pool=af3_pool has qlen=0 and no items checked out
2026-09-11 23:28:40.010401+09:00 [info] <0.22604.0>@aae_exchange:terminate/3:707 log_ref=ex003 Normal exit for full exchange purpose=kv_aae in_sync=true pending_state=root_compare for exchange id=f348e2b7-d70c-4c9d-a76a-81466eb77ddc scope of mismatched_segments=0 root_compare_loops=1 branch_compare_loops=0 keys_passed_for_repair=0
2026-09-11 23:28:41.835007+09:00 [info] <0.699.0>@riak_core_worker_pool:handle_info/3:257 worker_pool=af2_pool has qlen=0 and no items checked out
2026-09-11 23:28:48.036952+09:00 [info] <0.458.0>@riak_kv_replrtq_src:handle_info/2:646 QueueName=q1_ttaaefs has queue sizes p1=0 p2=0 p3=0
2026-09-11 23:28:48.483603+09:00 [info] <0.462.0>@riak_kv_overflow_queue:log/5:133 riak_kv_reaper job_id=0 has attempts=0 aborts=0 Queue lengths queue_p2=0 queue_p1=0 Overflow lengths overflow_p2=0 overflow_p1=0 Discard counts discard_p2=0 discard_p1=0
2026-09-11 23:28:48.603459+09:00 [info] <0.463.0>@riak_kv_overflow_queue:log/5:133 riak_kv_eraser job_id=0 has attempts=0 aborts=0 Queue lengths queue_p2=0 queue_p1=0 Overflow lengths overflow_p2=0 overflow_p1=0 Discard counts discard_p2=0 discard_p1=0
2026-09-11 23:28:48.621008+09:00 [info] <0.464.0>@riak_kv_overflow_queue:log/5:133 riak_kv_reader job_id=0 has attempts=0 aborts=0 Queue lengths queue_p2=0 queue_p1=0 Overflow lengths overflow_p2=0 overflow_p1=0 Discard counts discard_p2=0 discard_p1=0
2026-09-11 23:29:00.987830+09:00 [info] <0.4937.0>@leveled_monitor:handle_cast/2:687 log_ref=b0015 db_id=5 Put timing with sample_count=0 ink_time=0 prep_time=0 mem_time=0 with total_object_size=0 with sample_period=210 seconds
2026-09-11 23:29:05.051614+09:00 [info] <0.4940.0>@leveled_monitor:handle_cast/2:704 log_ref=b0017 db_id=1 Snapshot timing with sample_count=0 and bookie_time=0 pcl_time=0 with sample_period=210 seconds
2026-09-11 23:29:18.041617+09:00 [info] <0.458.0>@riak_kv_replrtq_src:handle_info/2:646 QueueName=q1_ttaaefs has queue sizes p1=0 p2=0 p3=0
2026-09-11 23:29:30.990512+09:00 [info] <0.4937.0>@leveled_monitor:handle_cast/2:668 log_ref=b0018 db_id=5 Positive HEAD responses timed with sample_count=0 and cache_count=0 found_count=0 fetch_ledger_time=0 fetch_ledgercache_time=0 rsp_time=0 notfound_time=0 with sample_period=210 seconds
2026-09-11 23:29:32.987672+09:00 [info] <0.710.0>@riak_core_worker_pool:handle_info/3:257 worker_pool=af4_pool has qlen=0 and no items checked out
2026-09-11 23:29:33.117802+09:00 [info] <0.675.0>@riak_core_worker_pool:handle_info/3:257 worker_pool=af1_pool has qlen=0 and no items checked out
2026-09-11 23:29:35.058755+09:00 [info] <0.4940.0>@leveled_monitor:handle_cast/2:647 log_ref=b0016 db_id=1 Get timing with sample_count=0 and head_time=0 body_time=0 with fetch_count=0 with sample_period=210 seconds
2026-09-11 23:29:35.076544+09:00 [info] <0.714.0>@riak_core_worker_pool:handle_info/3:257 worker_pool=be_pool has qlen=0 and no items checked out
2026-09-11 23:29:35.596587+09:00 [info] <0.703.0>@riak_core_worker_pool:handle_info/3:257 worker_pool=af3_pool has qlen=0 and no items checked out
2026-09-11 23:29:40.217660+09:00 [info] <0.699.0>@riak_core_worker_pool:handle_info/3:257 worker_pool=af2_pool has qlen=0 and no items checked out
2026-09-11 23:29:48.045720+09:00 [info] <0.458.0>@riak_kv_replrtq_src:handle_info/2:646 QueueName=q1_ttaaefs has queue sizes p1=0 p2=0 p3=0
2026-09-11 23:29:48.495244+09:00 [info] <0.462.0>@riak_kv_overflow_queue:log/5:133 riak_kv_reaper job_id=0 has attempts=0 aborts=0 Queue lengths queue_p2=0 queue_p1=0 Overflow lengths overflow_p2=0 overflow_p1=0 Discard counts discard_p2=0 discard_p1=0
2026-09-11 23:29:48.636038+09:00 [info] <0.463.0>@riak_kv_overflow_queue:log/5:133 riak_kv_eraser job_id=0 has attempts=0 aborts=0 Queue lengths queue_p2=0 queue_p1=0 Overflow lengths overflow_p2=0 overflow_p1=0 Discard counts discard_p2=0 discard_p1=0
2026-09-11 23:29:48.638257+09:00 [info] <0.464.0>@riak_kv_overflow_queue:log/5:133 riak_kv_reader job_id=0 has attempts=0 aborts=0 Queue lengths queue_p2=0 queue_p1=0 Overflow lengths overflow_p2=0 overflow_p1=0 Discard counts discard_p2=0 discard_p1=0
2026-09-11 23:30:00.990811+09:00 [info] <0.4937.0>@leveled_monitor:handle_cast/2:704 log_ref=b0017 db_id=5 Snapshot timing with sample_count=0 and bookie_time=0 pcl_time=0 with sample_period=210 seconds
2026-09-11 23:30:18.047684+09:00 [info] <0.458.0>@riak_kv_replrtq_src:handle_info/2:646 QueueName=q1_ttaaefs has queue sizes p1=0 p2=0 p3=0
2026-09-11 23:30:26.615013+09:00 [warning] <0.4929.0>@riak_kv_vnode:handle_command/3:1578 Skipping a tick due to non_zero skip_count=2
2026-09-11 23:30:28.704698+09:00 [info] <0.710.0>@riak_core_worker_pool:handle_info/3:257 worker_pool=af4_pool has qlen=0 and no items checked out
2026-09-11 23:30:29.996856+09:00 [info] <0.675.0>@riak_core_worker_pool:handle_info/3:257 worker_pool=af1_pool has qlen=0 and no items checked out
2026-09-11 23:30:30.766693+09:00 [info] <0.703.0>@riak_core_worker_pool:handle_info/3:257 worker_pool=af3_pool has qlen=0 and no items checked out
2026-09-11 23:30:30.993694+09:00 [info] <0.4937.0>@leveled_monitor:handle_cast/2:778 log_ref=cdb19 db_id=5 Sample timings in microseconds for sample_count=0 with totals of cycle_count=0 index_time=0 read_time=0 with sample_period=210 seconds
2026-09-11 23:30:32.375641+09:00 [info] <0.714.0>@riak_core_worker_pool:handle_info/3:257 worker_pool=be_pool has qlen=0 and no items checked out
2026-09-11 23:30:35.061813+09:00 [info] <0.4940.0>@leveled_monitor:handle_cast/2:687 log_ref=b0015 db_id=1 Put timing with sample_count=0 ink_time=0 prep_time=0 mem_time=0 with total_object_size=0 with sample_period=210 seconds
2026-09-11 23:30:38.142316+09:00 [info] <0.699.0>@riak_core_worker_pool:handle_info/3:257 worker_pool=af2_pool has qlen=0 and no items checked out
2026-09-11 23:30:48.059606+09:00 [info] <0.458.0>@riak_kv_replrtq_src:handle_info/2:646 QueueName=q1_ttaaefs has queue sizes p1=0 p2=0 p3=0
2026-09-11 23:30:48.500722+09:00 [info] <0.462.0>@riak_kv_overflow_queue:log/5:133 riak_kv_reaper job_id=0 has attempts=0 aborts=0 Queue lengths queue_p2=0 queue_p1=0 Overflow lengths overflow_p2=0 overflow_p1=0 Discard counts discard_p2=0 discard_p1=0
2026-09-11 23:30:48.652926+09:00 [info] <0.463.0>@riak_kv_overflow_queue:log/5:133 riak_kv_eraser job_id=0 has attempts=0 aborts=0 Queue lengths queue_p2=0 queue_p1=0 Overflow lengths overflow_p2=0 overflow_p1=0 Discard counts discard_p2=0 discard_p1=0
2026-09-11 23:30:48.660079+09:00 [info] <0.464.0>@riak_kv_overflow_queue:log/5:133 riak_kv_reader job_id=0 has attempts=0 aborts=0 Queue lengths queue_p2=0 queue_p1=0 Overflow lengths overflow_p2=0 overflow_p1=0 Discard counts discard_p2=0 discard_p1=0
2026-09-11 23:31:00.995657+09:00 [info] <0.4937.0>@leveled_monitor:handle_cast/2:733 log_ref=p0032 db_id=5 Fetch head timing with sample_count=0 and level timings of foundmem_time=0 found0_time=0 found1_time=0 found2_time=0 found3_time=0 foundlower_time=0 missed_time=0 with counts of foundmem_count=0 found0_count=0 found1_count=0 found2_count=0 found3_count=0 foundlower_count=0 missed_count=0 with sample_period=210 seconds
2026-09-11 23:31:05.062782+09:00 [info] <0.4940.0>@leveled_monitor:handle_cast/2:778 log_ref=cdb19 db_id=1 Sample timings in microseconds for sample_count=0 with totals of cycle_count=0 index_time=0 read_time=0 with sample_period=210 seconds
2026-09-11 23:31:18.061804+09:00 [info] <0.458.0>@riak_kv_replrtq_src:handle_info/2:646 QueueName=q1_ttaaefs has queue sizes p1=0 p2=0 p3=0
2026-09-11 23:31:22.810681+09:00 [info] <0.710.0>@riak_core_worker_pool:handle_info/3:257 worker_pool=af4_pool has qlen=0 and no items checked out
2026-09-11 23:31:27.931313+09:00 [info] <0.703.0>@riak_core_worker_pool:handle_info/3:257 worker_pool=af3_pool has qlen=0 and no items checked out
2026-09-11 23:31:28.881641+09:00 [info] <0.714.0>@riak_core_worker_pool:handle_info/3:257 worker_pool=be_pool has qlen=0 and no items checked out
2026-09-11 23:31:29.355690+09:00 [info] <0.675.0>@riak_core_worker_pool:handle_info/3:257 worker_pool=af1_pool has qlen=0 and no items checked out
2026-09-11 23:31:31.000010+09:00 [info] <0.4937.0>@leveled_monitor:handle_cast/2:647 log_ref=b0016 db_id=5 Get timing with sample_count=0 and head_time=0 body_time=0 with fetch_count=0 with sample_period=210 seconds
2026-09-11 23:31:32.948175+09:00 [info] <0.699.0>@riak_core_worker_pool:handle_info/3:257 worker_pool=af2_pool has qlen=0 and no items checked out
2026-09-11 23:31:35.076095+09:00 [info] <0.4940.0>@leveled_monitor:handle_cast/2:733 log_ref=p0032 db_id=1 Fetch head timing with sample_count=0 and level timings of foundmem_time=0 found0_time=0 found1_time=0 found2_time=0 found3_time=0 foundlower_time=0 missed_time=0 with counts of foundmem_count=0 found0_count=0 found1_count=0 found2_count=0 found3_count=0 foundlower_count=0 missed_count=0 with sample_period=210 seconds
2026-09-11 23:31:48.071757+09:00 [info] <0.458.0>@riak_kv_replrtq_src:handle_info/2:646 QueueName=q1_ttaaefs has queue sizes p1=0 p2=0 p3=0
2026-09-11 23:31:48.506081+09:00 [info] <0.462.0>@riak_kv_overflow_queue:log/5:133 riak_kv_reaper job_id=0 has attempts=0 aborts=0 Queue lengths queue_p2=0 queue_p1=0 Overflow lengths overflow_p2=0 overflow_p1=0 Discard counts discard_p2=0 discard_p1=0
2026-09-11 23:31:48.668804+09:00 [info] <0.463.0>@riak_kv_overflow_queue:log/5:133 riak_kv_eraser job_id=0 has attempts=0 aborts=0 Queue lengths queue_p2=0 queue_p1=0 Overflow lengths overflow_p2=0 overflow_p1=0 Discard counts discard_p2=0 discard_p1=0
2026-09-11 23:31:48.670036+09:00 [info] <0.464.0>@riak_kv_overflow_queue:log/5:133 riak_kv_reader job_id=0 has attempts=0 aborts=0 Queue lengths queue_p2=0 queue_p1=0 Overflow lengths overflow_p2=0 overflow_p1=0 Discard counts discard_p2=0 discard_p1=0
2026-09-11 23:32:05.076780+09:00 [info] <0.4940.0>@leveled_monitor:handle_cast/2:668 log_ref=b0018 db_id=1 Positive HEAD responses timed with sample_count=0 and cache_count=0 found_count=0 fetch_ledger_time=0 fetch_ledgercache_time=0 rsp_time=0 notfound_time=0 with sample_period=210 seconds
2026-09-11 23:32:18.078735+09:00 [info] <0.458.0>@riak_kv_replrtq_src:handle_info/2:646 QueueName=q1_ttaaefs has queue sizes p1=0 p2=0 p3=0
2026-09-11 23:32:21.839735+09:00 [info] <0.710.0>@riak_core_worker_pool:handle_info/3:257 worker_pool=af4_pool has qlen=0 and no items checked out
2026-09-11 23:32:23.545628+09:00 [info] <0.675.0>@riak_core_worker_pool:handle_info/3:257 worker_pool=af1_pool has qlen=0 and no items checked out
2026-09-11 23:32:25.327646+09:00 [info] <0.703.0>@riak_core_worker_pool:handle_info/3:257 worker_pool=af3_pool has qlen=0 and no items checked out
2026-09-11 23:32:28.136622+09:00 [info] <0.714.0>@riak_core_worker_pool:handle_info/3:257 worker_pool=be_pool has qlen=0 and no items checked out
2026-09-11 23:32:29.955666+09:00 [info] <0.699.0>@riak_core_worker_pool:handle_info/3:257 worker_pool=af2_pool has qlen=0 and no items checked out
2026-09-11 23:32:31.002927+09:00 [info] <0.4937.0>@leveled_monitor:handle_cast/2:687 log_ref=b0015 db_id=5 Put timing with sample_count=0 ink_time=0 prep_time=0 mem_time=0 with total_object_size=0 with sample_period=210 seconds
2026-09-11 23:32:35.082813+09:00 [info] <0.4940.0>@leveled_monitor:handle_cast/2:704 log_ref=b0017 db_id=1 Snapshot timing with sample_count=0 and bookie_time=0 pcl_time=0 with sample_period=210 seconds
2026-09-11 23:32:48.091987+09:00 [info] <0.458.0>@riak_kv_replrtq_src:handle_info/2:646 QueueName=q1_ttaaefs has queue sizes p1=0 p2=0 p3=0
2026-09-11 23:32:48.511157+09:00 [info] <0.462.0>@riak_kv_overflow_queue:log/5:133 riak_kv_reaper job_id=0 has attempts=0 aborts=0 Queue lengths queue_p2=0 queue_p1=0 Overflow lengths overflow_p2=0 overflow_p1=0 Discard counts discard_p2=0 discard_p1=0
2026-09-11 23:32:48.687005+09:00 [info] <0.463.0>@riak_kv_overflow_queue:log/5:133 riak_kv_eraser job_id=0 has attempts=0 aborts=0 Queue lengths queue_p2=0 queue_p1=0 Overflow lengths overflow_p2=0 overflow_p1=0 Discard counts discard_p2=0 discard_p1=0
2026-09-11 23:32:48.688416+09:00 [info] <0.464.0>@riak_kv_overflow_queue:log/5:133 riak_kv_reader job_id=0 has attempts=0 aborts=0 Queue lengths queue_p2=0 queue_p1=0 Overflow lengths overflow_p2=0 overflow_p1=0 Discard counts discard_p2=0 discard_p1=0
2026-09-11 23:33:01.007932+09:00 [info] <0.4937.0>@leveled_monitor:handle_cast/2:668 log_ref=b0018 db_id=5 Positive HEAD responses timed with sample_count=0 and cache_count=0 found_count=0 fetch_ledger_time=0 fetch_ledgercache_time=0 rsp_time=0 notfound_time=0 with sample_period=210 seconds
2026-09-11 23:33:05.090093+09:00 [info] <0.4940.0>@leveled_monitor:handle_cast/2:647 log_ref=b0016 db_id=1 Get timing with sample_count=0 and head_time=0 body_time=0 with fetch_count=0 with sample_period=210 seconds
2026-09-11 23:33:18.095717+09:00 [info] <0.458.0>@riak_kv_replrtq_src:handle_info/2:646 QueueName=q1_ttaaefs has queue sizes p1=0 p2=0 p3=0
2026-09-11 23:33:21.383624+09:00 [info] <0.710.0>@riak_core_worker_pool:handle_info/3:257 worker_pool=af4_pool has qlen=0 and no items checked out
2026-09-11 23:33:22.813859+09:00 [info] <0.675.0>@riak_core_worker_pool:handle_info/3:257 worker_pool=af1_pool has qlen=0 and no items checked out
2026-09-11 23:33:23.021671+09:00 [info] <0.703.0>@riak_core_worker_pool:handle_info/3:257 worker_pool=af3_pool has qlen=0 and no items checked out
2026-09-11 23:33:26.737565+09:00 [info] <0.714.0>@riak_core_worker_pool:handle_info/3:257 worker_pool=be_pool has qlen=0 and no items checked out
2026-09-11 23:33:28.778651+09:00 [info] <0.699.0>@riak_core_worker_pool:handle_info/3:257 worker_pool=af2_pool has qlen=0 and no items checked out
2026-09-11 23:33:31.008896+09:00 [info] <0.4937.0>@leveled_monitor:handle_cast/2:704 log_ref=b0017 db_id=5 Snapshot timing with sample_count=0 and bookie_time=0 pcl_time=0 with sample_period=210 seconds
2026-09-11 23:33:48.100661+09:00 [info] <0.458.0>@riak_kv_replrtq_src:handle_info/2:646 QueueName=q1_ttaaefs has queue sizes p1=0 p2=0 p3=0
2026-09-11 23:33:48.520098+09:00 [info] <0.462.0>@riak_kv_overflow_queue:log/5:133 riak_kv_reaper job_id=0 has attempts=0 aborts=0 Queue lengths queue_p2=0 queue_p1=0 Overflow lengths overflow_p2=0 overflow_p1=0 Discard counts discard_p2=0 discard_p1=0
2026-09-11 23:33:48.711580+09:00 [info] <0.463.0>@riak_kv_overflow_queue:log/5:133 riak_kv_eraser job_id=0 has attempts=0 aborts=0 Queue lengths queue_p2=0 queue_p1=0 Overflow lengths overflow_p2=0 overflow_p1=0 Discard counts discard_p2=0 discard_p1=0
2026-09-11 23:33:48.712854+09:00 [info] <0.464.0>@riak_kv_overflow_queue:log/5:133 riak_kv_reader job_id=0 has attempts=0 aborts=0 Queue lengths queue_p2=0 queue_p1=0 Overflow lengths overflow_p2=0 overflow_p1=0 Discard counts discard_p2=0 discard_p1=0
2026-09-11 23:34:01.009735+09:00 [info] <0.4937.0>@leveled_monitor:handle_cast/2:778 log_ref=cdb19 db_id=5 Sample timings in microseconds for sample_count=0 with totals of cycle_count=0 index_time=0 read_time=0 with sample_period=210 seconds
2026-09-11 23:34:05.091770+09:00 [info] <0.4940.0>@leveled_monitor:handle_cast/2:687 log_ref=b0015 db_id=1 Put timing with sample_count=0 ink_time=0 prep_time=0 mem_time=0 with total_object_size=0 with sample_period=210 seconds
2026-09-11 23:34:17.995749+09:00 [info] <0.675.0>@riak_core_worker_pool:handle_info/3:257 worker_pool=af1_pool has qlen=0 and no items checked out
2026-09-11 23:34:18.103156+09:00 [info] <0.458.0>@riak_kv_replrtq_src:handle_info/2:646 QueueName=q1_ttaaefs has queue sizes p1=0 p2=0 p3=0
2026-09-11 23:34:18.219335+09:00 [info] <0.703.0>@riak_core_worker_pool:handle_info/3:257 worker_pool=af3_pool has qlen=0 and no items checked out
2026-09-11 23:34:21.052818+09:00 [info] <0.710.0>@riak_core_worker_pool:handle_info/3:257 worker_pool=af4_pool has qlen=0 and no items checked out
2026-09-11 23:34:23.265689+09:00 [info] <0.699.0>@riak_core_worker_pool:handle_info/3:257 worker_pool=af2_pool has qlen=0 and no items checked out
2026-09-11 23:34:23.957755+09:00 [info] <0.714.0>@riak_core_worker_pool:handle_info/3:257 worker_pool=be_pool has qlen=0 and no items checked out
2026-09-11 23:34:31.017855+09:00 [info] <0.4937.0>@leveled_monitor:handle_cast/2:733 log_ref=p0032 db_id=5 Fetch head timing with sample_count=0 and level timings of foundmem_time=0 found0_time=0 found1_time=0 found2_time=0 found3_time=0 foundlower_time=0 missed_time=0 with counts of foundmem_count=0 found0_count=0 found1_count=0 found2_count=0 found3_count=0 foundlower_count=0 missed_count=0 with sample_period=210 seconds
2026-09-11 23:34:35.093416+09:00 [info] <0.4940.0>@leveled_monitor:handle_cast/2:778 log_ref=cdb19 db_id=1 Sample timings in microseconds for sample_count=0 with totals of cycle_count=0 index_time=0 read_time=0 with sample_period=210 seconds
2026-09-11 23:34:48.104788+09:00 [info] <0.458.0>@riak_kv_replrtq_src:handle_info/2:646 QueueName=q1_ttaaefs has queue sizes p1=0 p2=0 p3=0
2026-09-11 23:34:48.525258+09:00 [info] <0.462.0>@riak_kv_overflow_queue:log/5:133 riak_kv_reaper job_id=0 has attempts=0 aborts=0 Queue lengths queue_p2=0 queue_p1=0 Overflow lengths overflow_p2=0 overflow_p1=0 Discard counts discard_p2=0 discard_p1=0
2026-09-11 23:34:48.723596+09:00 [info] <0.464.0>@riak_kv_overflow_queue:log/5:133 riak_kv_reader job_id=0 has attempts=0 aborts=0 Queue lengths queue_p2=0 queue_p1=0 Overflow lengths overflow_p2=0 overflow_p1=0 Discard counts discard_p2=0 discard_p1=0
2026-09-11 23:34:48.722238+09:00 [info] <0.463.0>@riak_kv_overflow_queue:log/5:133 riak_kv_eraser job_id=0 has attempts=0 aborts=0 Queue lengths queue_p2=0 queue_p1=0 Overflow lengths overflow_p2=0 overflow_p1=0 Discard counts discard_p2=0 discard_p1=0
2026-09-11 23:35:01.018980+09:00 [info] <0.4937.0>@leveled_monitor:handle_cast/2:647 log_ref=b0016 db_id=5 Get timing with sample_count=0 and head_time=0 body_time=0 with fetch_count=0 with sample_period=210 seconds
2026-09-11 23:35:05.096919+09:00 [info] <0.4940.0>@leveled_monitor:handle_cast/2:733 log_ref=p0032 db_id=1 Fetch head timing with sample_count=0 and level timings of foundmem_time=0 found0_time=0 found1_time=0 found2_time=0 found3_time=0 foundlower_time=0 missed_time=0 with counts of foundmem_count=0 found0_count=0 found1_count=0 found2_count=0 found3_count=0 foundlower_count=0 missed_count=0 with sample_period=210 seconds
2026-09-11 23:35:13.307503+09:00 [info] <0.703.0>@riak_core_worker_pool:handle_info/3:257 worker_pool=af3_pool has qlen=0 and no items checked out
2026-09-11 23:35:15.152616+09:00 [info] <0.675.0>@riak_core_worker_pool:handle_info/3:257 worker_pool=af1_pool has qlen=0 and no items checked out
2026-09-11 23:35:16.172298+09:00 [info] <0.710.0>@riak_core_worker_pool:handle_info/3:257 worker_pool=af4_pool has qlen=0 and no items checked out
2026-09-11 23:35:18.111612+09:00 [info] <0.458.0>@riak_kv_replrtq_src:handle_info/2:646 QueueName=q1_ttaaefs has queue sizes p1=0 p2=0 p3=0
2026-09-11 23:35:18.293596+09:00 [info] <0.699.0>@riak_core_worker_pool:handle_info/3:257 worker_pool=af2_pool has qlen=0 and no items checked out
2026-09-11 23:35:22.172682+09:00 [info] <0.714.0>@riak_core_worker_pool:handle_info/3:257 worker_pool=be_pool has qlen=0 and no items checked out
2026-09-11 23:35:35.105961+09:00 [info] <0.4940.0>@leveled_monitor:handle_cast/2:668 log_ref=b0018 db_id=1 Positive HEAD responses timed with sample_count=0 and cache_count=0 found_count=0 fetch_ledger_time=0 fetch_ledgercache_time=0 rsp_time=0 notfound_time=0 with sample_period=210 seconds
2026-09-11 23:35:48.114780+09:00 [info] <0.458.0>@riak_kv_replrtq_src:handle_info/2:646 QueueName=q1_ttaaefs has queue sizes p1=0 p2=0 p3=0
2026-09-11 23:35:48.532034+09:00 [info] <0.462.0>@riak_kv_overflow_queue:log/5:133 riak_kv_reaper job_id=0 has attempts=0 aborts=0 Queue lengths queue_p2=0 queue_p1=0 Overflow lengths overflow_p2=0 overflow_p1=0 Discard counts discard_p2=0 discard_p1=0
2026-09-11 23:35:48.733735+09:00 [info] <0.464.0>@riak_kv_overflow_queue:log/5:133 riak_kv_reader job_id=0 has attempts=0 aborts=0 Queue lengths queue_p2=0 queue_p1=0 Overflow lengths overflow_p2=0 overflow_p1=0 Discard counts discard_p2=0 discard_p1=0
2026-09-11 23:35:48.747737+09:00 [info] <0.463.0>@riak_kv_overflow_queue:log/5:133 riak_kv_eraser job_id=0 has attempts=0 aborts=0 Queue lengths queue_p2=0 queue_p1=0 Overflow lengths overflow_p2=0 overflow_p1=0 Discard counts discard_p2=0 discard_p1=0
2026-09-11 23:36:01.025421+09:00 [info] <0.4937.0>@leveled_monitor:handle_cast/2:687 log_ref=b0015 db_id=5 Put timing with sample_count=0 ink_time=0 prep_time=0 mem_time=0 with total_object_size=0 with sample_period=210 seconds
2026-09-11 23:36:05.109340+09:00 [info] <0.4940.0>@leveled_monitor:handle_cast/2:704 log_ref=b0017 db_id=1 Snapshot timing with sample_count=0 and bookie_time=0 pcl_time=0 with sample_period=210 seconds
2026-09-11 23:36:09.669688+09:00 [info] <0.675.0>@riak_core_worker_pool:handle_info/3:257 worker_pool=af1_pool has qlen=0 and no items checked out
2026-09-11 23:36:11.241619+09:00 [info] <0.703.0>@riak_core_worker_pool:handle_info/3:257 worker_pool=af3_pool has qlen=0 and no items checked out
2026-09-11 23:36:13.602705+09:00 [info] <0.710.0>@riak_core_worker_pool:handle_info/3:257 worker_pool=af4_pool has qlen=0 and no items checked out
2026-09-11 23:36:16.631369+09:00 [info] <0.699.0>@riak_core_worker_pool:handle_info/3:257 worker_pool=af2_pool has qlen=0 and no items checked out
2026-09-11 23:36:18.121683+09:00 [info] <0.458.0>@riak_kv_replrtq_src:handle_info/2:646 QueueName=q1_ttaaefs has queue sizes p1=0 p2=0 p3=0
2026-09-11 23:36:18.366656+09:00 [info] <0.714.0>@riak_core_worker_pool:handle_info/3:257 worker_pool=be_pool has qlen=0 and no items checked out
2026-09-11 23:36:31.026825+09:00 [info] <0.4937.0>@leveled_monitor:handle_cast/2:668 log_ref=b0018 db_id=5 Positive HEAD responses timed with sample_count=0 and cache_count=0 found_count=0 fetch_ledger_time=0 fetch_ledgercache_time=0 rsp_time=0 notfound_time=0 with sample_period=210 seconds
2026-09-11 23:36:35.116835+09:00 [info] <0.4940.0>@leveled_monitor:handle_cast/2:647 log_ref=b0016 db_id=1 Get timing with sample_count=0 and head_time=0 body_time=0 with fetch_count=0 with sample_period=210 seconds
2026-09-11 23:36:37.896054+09:00 [info] <0.30805.0>@aae_exchange:init/1:347 log_ref=ex001 Exchange id=34d2bb97-bdb5-4188-8589-6bdf6353149d with target_count=2 expected purpose=kv_aae
2026-09-11 23:36:39.336764+09:00 [info] <0.30805.0>@aae_exchange:terminate/3:707 log_ref=ex003 Normal exit for full exchange purpose=kv_aae in_sync=true pending_state=root_compare for exchange id=34d2bb97-bdb5-4188-8589-6bdf6353149d scope of mismatched_segments=0 root_compare_loops=1 branch_compare_loops=0 keys_passed_for_repair=0
2026-09-11 23:36:48.123621+09:00 [info] <0.458.0>@riak_kv_replrtq_src:handle_info/2:646 QueueName=q1_ttaaefs has queue sizes p1=0 p2=0 p3=0
2026-09-11 23:36:48.537287+09:00 [info] <0.462.0>@riak_kv_overflow_queue:log/5:133 riak_kv_reaper job_id=0 has attempts=0 aborts=0 Queue lengths queue_p2=0 queue_p1=0 Overflow lengths overflow_p2=0 overflow_p1=0 Discard counts discard_p2=0 discard_p1=0
2026-09-11 23:36:48.744494+09:00 [info] <0.464.0>@riak_kv_overflow_queue:log/5:133 riak_kv_reader job_id=0 has attempts=0 aborts=0 Queue lengths queue_p2=0 queue_p1=0 Overflow lengths overflow_p2=0 overflow_p1=0 Discard counts discard_p2=0 discard_p1=0
2026-09-11 23:36:48.772210+09:00 [info] <0.463.0>@riak_kv_overflow_queue:log/5:133 riak_kv_eraser job_id=0 has attempts=0 aborts=0 Queue lengths queue_p2=0 queue_p1=0 Overflow lengths overflow_p2=0 overflow_p1=0 Discard counts discard_p2=0 discard_p1=0
2026-09-11 23:37:01.038847+09:00 [info] <0.4937.0>@leveled_monitor:handle_cast/2:704 log_ref=b0017 db_id=5 Snapshot timing with sample_count=0 and bookie_time=0 pcl_time=0 with sample_period=210 seconds
2026-09-11 23:37:04.785612+09:00 [info] <0.675.0>@riak_core_worker_pool:handle_info/3:257 worker_pool=af1_pool has qlen=0 and no items checked out
2026-09-11 23:37:10.916646+09:00 [info] <0.703.0>@riak_core_worker_pool:handle_info/3:257 worker_pool=af3_pool has qlen=0 and no items checked out
2026-09-11 23:37:11.605665+09:00 [info] <0.710.0>@riak_core_worker_pool:handle_info/3:257 worker_pool=af4_pool has qlen=0 and no items checked out
2026-09-11 23:37:16.517664+09:00 [info] <0.699.0>@riak_core_worker_pool:handle_info/3:257 worker_pool=af2_pool has qlen=0 and no items checked out
2026-09-11 23:37:17.547724+09:00 [info] <0.714.0>@riak_core_worker_pool:handle_info/3:257 worker_pool=be_pool has qlen=0 and no items checked out
2026-09-11 23:37:18.147920+09:00 [info] <0.458.0>@riak_kv_replrtq_src:handle_info/2:646 QueueName=q1_ttaaefs has queue sizes p1=0 p2=0 p3=0
2026-09-11 23:37:31.047731+09:00 [info] <0.4937.0>@leveled_monitor:handle_cast/2:778 log_ref=cdb19 db_id=5 Sample timings in microseconds for sample_count=0 with totals of cycle_count=0 index_time=0 read_time=0 with sample_period=210 seconds
2026-09-11 23:37:35.132065+09:00 [info] <0.4940.0>@leveled_monitor:handle_cast/2:687 log_ref=b0015 db_id=1 Put timing with sample_count=0 ink_time=0 prep_time=0 mem_time=0 with total_object_size=0 with sample_period=210 seconds
2026-09-11 23:37:48.149622+09:00 [info] <0.458.0>@riak_kv_replrtq_src:handle_info/2:646 QueueName=q1_ttaaefs has queue sizes p1=0 p2=0 p3=0
2026-09-11 23:37:48.553233+09:00 [info] <0.462.0>@riak_kv_overflow_queue:log/5:133 riak_kv_reaper job_id=0 has attempts=0 aborts=0 Queue lengths queue_p2=0 queue_p1=0 Overflow lengths overflow_p2=0 overflow_p1=0 Discard counts discard_p2=0 discard_p1=0
2026-09-11 23:37:48.746959+09:00 [info] <0.464.0>@riak_kv_overflow_queue:log/5:133 riak_kv_reader job_id=0 has attempts=0 aborts=0 Queue lengths queue_p2=0 queue_p1=0 Overflow lengths overflow_p2=0 overflow_p1=0 Discard counts discard_p2=0 discard_p1=0
2026-09-11 23:37:48.775894+09:00 [info] <0.463.0>@riak_kv_overflow_queue:log/5:133 riak_kv_eraser job_id=0 has attempts=0 aborts=0 Queue lengths queue_p2=0 queue_p1=0 Overflow lengths overflow_p2=0 overflow_p1=0 Discard counts discard_p2=0 discard_p1=0
2026-09-11 23:38:01.048798+09:00 [info] <0.4937.0>@leveled_monitor:handle_cast/2:733 log_ref=p0032 db_id=5 Fetch head timing with sample_count=0 and level timings of foundmem_time=0 found0_time=0 found1_time=0 found2_time=0 found3_time=0 foundlower_time=0 missed_time=0 with counts of foundmem_count=0 found0_count=0 found1_count=0 found2_count=0 found3_count=0 foundlower_count=0 missed_count=0 with sample_period=210 seconds
2026-09-11 23:38:01.624610+09:00 [info] <0.675.0>@riak_core_worker_pool:handle_info/3:257 worker_pool=af1_pool has qlen=0 and no items checked out
2026-09-11 23:38:05.135819+09:00 [info] <0.4940.0>@leveled_monitor:handle_cast/2:778 log_ref=cdb19 db_id=1 Sample timings in microseconds for sample_count=0 with totals of cycle_count=0 index_time=0 read_time=0 with sample_period=210 seconds
2026-09-11 23:38:05.991695+09:00 [info] <0.703.0>@riak_core_worker_pool:handle_info/3:257 worker_pool=af3_pool has qlen=0 and no items checked out
2026-09-11 23:38:06.705656+09:00 [info] <0.710.0>@riak_core_worker_pool:handle_info/3:257 worker_pool=af4_pool has qlen=0 and no items checked out
2026-09-11 23:38:12.642611+09:00 [info] <0.714.0>@riak_core_worker_pool:handle_info/3:257 worker_pool=be_pool has qlen=0 and no items checked out
2026-09-11 23:38:16.020707+09:00 [info] <0.699.0>@riak_core_worker_pool:handle_info/3:257 worker_pool=af2_pool has qlen=0 and no items checked out
2026-09-11 23:38:18.154596+09:00 [info] <0.458.0>@riak_kv_replrtq_src:handle_info/2:646 QueueName=q1_ttaaefs has queue sizes p1=0 p2=0 p3=0
2026-09-11 23:38:26.619131+09:00 [warning] <0.4929.0>@riak_kv_vnode:handle_command/3:1578 Skipping a tick due to non_zero skip_count=1
2026-09-11 23:38:31.057744+09:00 [info] <0.4937.0>@leveled_monitor:handle_cast/2:647 log_ref=b0016 db_id=5 Get timing with sample_count=0 and head_time=0 body_time=0 with fetch_count=0 with sample_period=210 seconds
2026-09-11 23:38:35.138500+09:00 [info] <0.4940.0>@leveled_monitor:handle_cast/2:733 log_ref=p0032 db_id=1 Fetch head timing with sample_count=0 and level timings of foundmem_time=0 found0_time=0 found1_time=0 found2_time=0 found3_time=0 foundlower_time=0 missed_time=0 with counts of foundmem_count=0 found0_count=0 found1_count=0 found2_count=0 found3_count=0 foundlower_count=0 missed_count=0 with sample_period=210 seconds
2026-09-11 23:38:48.162919+09:00 [info] <0.458.0>@riak_kv_replrtq_src:handle_info/2:646 QueueName=q1_ttaaefs has queue sizes p1=0 p2=0 p3=0
2026-09-11 23:38:48.558300+09:00 [info] <0.462.0>@riak_kv_overflow_queue:log/5:133 riak_kv_reaper job_id=0 has attempts=0 aborts=0 Queue lengths queue_p2=0 queue_p1=0 Overflow lengths overflow_p2=0 overflow_p1=0 Discard counts discard_p2=0 discard_p1=0
2026-09-11 23:38:48.750223+09:00 [info] <0.464.0>@riak_kv_overflow_queue:log/5:133 riak_kv_reader job_id=0 has attempts=0 aborts=0 Queue lengths queue_p2=0 queue_p1=0 Overflow lengths overflow_p2=0 overflow_p1=0 Discard counts discard_p2=0 discard_p1=0
2026-09-11 23:38:48.784284+09:00 [info] <0.463.0>@riak_kv_overflow_queue:log/5:133 riak_kv_eraser job_id=0 has attempts=0 aborts=0 Queue lengths queue_p2=0 queue_p1=0 Overflow lengths overflow_p2=0 overflow_p1=0 Discard counts discard_p2=0 discard_p1=0
2026-09-11 23:39:01.086747+09:00 [info] <0.675.0>@riak_core_worker_pool:handle_info/3:257 worker_pool=af1_pool has qlen=0 and no items checked out
2026-09-11 23:39:02.447626+09:00 [info] <0.703.0>@riak_core_worker_pool:handle_info/3:257 worker_pool=af3_pool has qlen=0 and no items checked out
2026-09-11 23:39:04.560681+09:00 [info] <0.710.0>@riak_core_worker_pool:handle_info/3:257 worker_pool=af4_pool has qlen=0 and no items checked out
2026-09-11 23:39:05.147221+09:00 [info] <0.4940.0>@leveled_monitor:handle_cast/2:668 log_ref=b0018 db_id=1 Positive HEAD responses timed with sample_count=0 and cache_count=0 found_count=0 fetch_ledger_time=0 fetch_ledgercache_time=0 rsp_time=0 notfound_time=0 with sample_period=210 seconds
2026-09-11 23:39:08.519637+09:00 [info] <0.714.0>@riak_core_worker_pool:handle_info/3:257 worker_pool=be_pool has qlen=0 and no items checked out
2026-09-11 23:39:11.131825+09:00 [info] <0.699.0>@riak_core_worker_pool:handle_info/3:257 worker_pool=af2_pool has qlen=0 and no items checked out
2026-09-11 23:39:18.166372+09:00 [info] <0.458.0>@riak_kv_replrtq_src:handle_info/2:646 QueueName=q1_ttaaefs has queue sizes p1=0 p2=0 p3=0
2026-09-11 23:39:31.062950+09:00 [info] <0.4937.0>@leveled_monitor:handle_cast/2:687 log_ref=b0015 db_id=5 Put timing with sample_count=0 ink_time=0 prep_time=0 mem_time=0 with total_object_size=0 with sample_period=210 seconds
2026-09-11 23:39:35.149818+09:00 [info] <0.4940.0>@leveled_monitor:handle_cast/2:704 log_ref=b0017 db_id=1 Snapshot timing with sample_count=0 and bookie_time=0 pcl_time=0 with sample_period=210 seconds
2026-09-11 23:39:48.168607+09:00 [info] <0.458.0>@riak_kv_replrtq_src:handle_info/2:646 QueueName=q1_ttaaefs has queue sizes p1=0 p2=0 p3=0
2026-09-11 23:39:48.578998+09:00 [info] <0.462.0>@riak_kv_overflow_queue:log/5:133 riak_kv_reaper job_id=0 has attempts=0 aborts=0 Queue lengths queue_p2=0 queue_p1=0 Overflow lengths overflow_p2=0 overflow_p1=0 Discard counts discard_p2=0 discard_p1=0
2026-09-11 23:39:48.768967+09:00 [info] <0.464.0>@riak_kv_overflow_queue:log/5:133 riak_kv_reader job_id=0 has attempts=0 aborts=0 Queue lengths queue_p2=0 queue_p1=0 Overflow lengths overflow_p2=0 overflow_p1=0 Discard counts discard_p2=0 discard_p1=0
2026-09-11 23:39:48.796450+09:00 [info] <0.463.0>@riak_kv_overflow_queue:log/5:133 riak_kv_eraser job_id=0 has attempts=0 aborts=0 Queue lengths queue_p2=0 queue_p1=0 Overflow lengths overflow_p2=0 overflow_p1=0 Discard counts discard_p2=0 discard_p1=0
2026-09-11 23:39:56.481600+09:00 [info] <0.675.0>@riak_core_worker_pool:handle_info/3:257 worker_pool=af1_pool has qlen=0 and no items checked out
2026-09-11 23:39:59.447989+09:00 [info] <0.710.0>@riak_core_worker_pool:handle_info/3:257 worker_pool=af4_pool has qlen=0 and no items checked out
2026-09-11 23:39:59.672677+09:00 [info] <0.703.0>@riak_core_worker_pool:handle_info/3:257 worker_pool=af3_pool has qlen=0 and no items checked out
2026-09-11 23:40:01.064860+09:00 [info] <0.4937.0>@leveled_monitor:handle_cast/2:668 log_ref=b0018 db_id=5 Positive HEAD responses timed with sample_count=0 and cache_count=0 found_count=0 fetch_ledger_time=0 fetch_ledgercache_time=0 rsp_time=0 notfound_time=0 with sample_period=210 seconds
2026-09-11 23:40:05.160377+09:00 [info] <0.4940.0>@leveled_monitor:handle_cast/2:647 log_ref=b0016 db_id=1 Get timing with sample_count=0 and head_time=0 body_time=0 with fetch_count=0 with sample_period=210 seconds
2026-09-11 23:40:06.139630+09:00 [info] <0.699.0>@riak_core_worker_pool:handle_info/3:257 worker_pool=af2_pool has qlen=0 and no items checked out
2026-09-11 23:40:07.061656+09:00 [info] <0.714.0>@riak_core_worker_pool:handle_info/3:257 worker_pool=be_pool has qlen=0 and no items checked out
2026-09-11 23:40:18.170720+09:00 [info] <0.458.0>@riak_kv_replrtq_src:handle_info/2:646 QueueName=q1_ttaaefs has queue sizes p1=0 p2=0 p3=0
2026-09-11 23:40:31.067398+09:00 [info] <0.4937.0>@leveled_monitor:handle_cast/2:704 log_ref=b0017 db_id=5 Snapshot timing with sample_count=0 and bookie_time=0 pcl_time=0 with sample_period=210 seconds
2026-09-11 23:40:48.177615+09:00 [info] <0.458.0>@riak_kv_replrtq_src:handle_info/2:646 QueueName=q1_ttaaefs has queue sizes p1=0 p2=0 p3=0
2026-09-11 23:40:48.593290+09:00 [info] <0.462.0>@riak_kv_overflow_queue:log/5:133 riak_kv_reaper job_id=0 has attempts=0 aborts=0 Queue lengths queue_p2=0 queue_p1=0 Overflow lengths overflow_p2=0 overflow_p1=0 Discard counts discard_p2=0 discard_p1=0
2026-09-11 23:40:48.784709+09:00 [info] <0.464.0>@riak_kv_overflow_queue:log/5:133 riak_kv_reader job_id=0 has attempts=0 aborts=0 Queue lengths queue_p2=0 queue_p1=0 Overflow lengths overflow_p2=0 overflow_p1=0 Discard counts discard_p2=0 discard_p1=0
2026-09-11 23:40:48.810569+09:00 [info] <0.463.0>@riak_kv_overflow_queue:log/5:133 riak_kv_eraser job_id=0 has attempts=0 aborts=0 Queue lengths queue_p2=0 queue_p1=0 Overflow lengths overflow_p2=0 overflow_p1=0 Discard counts discard_p2=0 discard_p1=0
2026-09-11 23:40:52.622616+09:00 [info] <0.675.0>@riak_core_worker_pool:handle_info/3:257 worker_pool=af1_pool has qlen=0 and no items checked out
2026-09-11 23:40:54.092733+09:00 [info] <0.710.0>@riak_core_worker_pool:handle_info/3:257 worker_pool=af4_pool has qlen=0 and no items checked out
2026-09-11 23:40:56.769733+09:00 [info] <0.703.0>@riak_core_worker_pool:handle_info/3:257 worker_pool=af3_pool has qlen=0 and no items checked out
2026-09-11 23:41:01.068802+09:00 [info] <0.4937.0>@leveled_monitor:handle_cast/2:778 log_ref=cdb19 db_id=5 Sample timings in microseconds for sample_count=0 with totals of cycle_count=0 index_time=0 read_time=0 with sample_period=210 seconds
2026-09-11 23:41:02.341648+09:00 [info] <0.699.0>@riak_core_worker_pool:handle_info/3:257 worker_pool=af2_pool has qlen=0 and no items checked out
2026-09-11 23:41:04.179602+09:00 [info] <0.714.0>@riak_core_worker_pool:handle_info/3:257 worker_pool=be_pool has qlen=0 and no items checked out
2026-09-11 23:41:05.170231+09:00 [info] <0.4940.0>@leveled_monitor:handle_cast/2:687 log_ref=b0015 db_id=1 Put timing with sample_count=0 ink_time=0 prep_time=0 mem_time=0 with total_object_size=0 with sample_period=210 seconds
2026-09-11 23:41:18.182684+09:00 [info] <0.458.0>@riak_kv_replrtq_src:handle_info/2:646 QueueName=q1_ttaaefs has queue sizes p1=0 p2=0 p3=0
2026-09-11 23:41:31.070802+09:00 [info] <0.4937.0>@leveled_monitor:handle_cast/2:733 log_ref=p0032 db_id=5 Fetch head timing with sample_count=0 and level timings of foundmem_time=0 found0_time=0 found1_time=0 found2_time=0 found3_time=0 foundlower_time=0 missed_time=0 with counts of foundmem_count=0 found0_count=0 found1_count=0 found2_count=0 found3_count=0 foundlower_count=0 missed_count=0 with sample_period=210 seconds
2026-09-11 23:41:35.170714+09:00 [info] <0.4940.0>@leveled_monitor:handle_cast/2:778 log_ref=cdb19 db_id=1 Sample timings in microseconds for sample_count=0 with totals of cycle_count=0 index_time=0 read_time=0 with sample_period=210 seconds
2026-09-11 23:41:47.965641+09:00 [info] <0.675.0>@riak_core_worker_pool:handle_info/3:257 worker_pool=af1_pool has qlen=0 and no items checked out
2026-09-11 23:41:48.193815+09:00 [info] <0.458.0>@riak_kv_replrtq_src:handle_info/2:646 QueueName=q1_ttaaefs has queue sizes p1=0 p2=0 p3=0
2026-09-11 23:41:48.603935+09:00 [info] <0.462.0>@riak_kv_overflow_queue:log/5:133 riak_kv_reaper job_id=0 has attempts=0 aborts=0 Queue lengths queue_p2=0 queue_p1=0 Overflow lengths overflow_p2=0 overflow_p1=0 Discard counts discard_p2=0 discard_p1=0
2026-09-11 23:41:48.791011+09:00 [info] <0.464.0>@riak_kv_overflow_queue:log/5:133 riak_kv_reader job_id=0 has attempts=0 aborts=0 Queue lengths queue_p2=0 queue_p1=0 Overflow lengths overflow_p2=0 overflow_p1=0 Discard counts discard_p2=0 discard_p1=0
2026-09-11 23:41:48.816989+09:00 [info] <0.463.0>@riak_kv_overflow_queue:log/5:133 riak_kv_eraser job_id=0 has attempts=0 aborts=0 Queue lengths queue_p2=0 queue_p1=0 Overflow lengths overflow_p2=0 overflow_p1=0 Discard counts discard_p2=0 discard_p1=0
2026-09-11 23:41:51.696677+09:00 [info] <0.703.0>@riak_core_worker_pool:handle_info/3:257 worker_pool=af3_pool has qlen=0 and no items checked out
2026-09-11 23:41:52.655665+09:00 [info] <0.710.0>@riak_core_worker_pool:handle_info/3:257 worker_pool=af4_pool has qlen=0 and no items checked out
2026-09-11 23:41:59.132513+09:00 [info] <0.714.0>@riak_core_worker_pool:handle_info/3:257 worker_pool=be_pool has qlen=0 and no items checked out
2026-09-11 23:42:01.071719+09:00 [info] <0.4937.0>@leveled_monitor:handle_cast/2:647 log_ref=b0016 db_id=5 Get timing with sample_count=0 and head_time=0 body_time=0 with fetch_count=0 with sample_period=210 seconds
2026-09-11 23:42:02.000634+09:00 [info] <0.699.0>@riak_core_worker_pool:handle_info/3:257 worker_pool=af2_pool has qlen=0 and no items checked out
2026-09-11 23:42:05.171690+09:00 [info] <0.4940.0>@leveled_monitor:handle_cast/2:733 log_ref=p0032 db_id=1 Fetch head timing with sample_count=0 and level timings of foundmem_time=0 found0_time=0 found1_time=0 found2_time=0 found3_time=0 foundlower_time=0 missed_time=0 with counts of foundmem_count=0 found0_count=0 found1_count=0 found2_count=0 found3_count=0 foundlower_count=0 missed_count=0 with sample_period=210 seconds
2026-09-11 23:42:18.197743+09:00 [info] <0.458.0>@riak_kv_replrtq_src:handle_info/2:646 QueueName=q1_ttaaefs has queue sizes p1=0 p2=0 p3=0
2026-09-11 23:42:35.175863+09:00 [info] <0.4940.0>@leveled_monitor:handle_cast/2:668 log_ref=b0018 db_id=1 Positive HEAD responses timed with sample_count=0 and cache_count=0 found_count=0 fetch_ledger_time=0 fetch_ledgercache_time=0 rsp_time=0 notfound_time=0 with sample_period=210 seconds
2026-09-11 23:42:47.475014+09:00 [info] <0.675.0>@riak_core_worker_pool:handle_info/3:257 worker_pool=af1_pool has qlen=0 and no items checked out
2026-09-11 23:42:47.508326+09:00 [info] <0.703.0>@riak_core_worker_pool:handle_info/3:257 worker_pool=af3_pool has qlen=0 and no items checked out
2026-09-11 23:42:48.202692+09:00 [info] <0.458.0>@riak_kv_replrtq_src:handle_info/2:646 QueueName=q1_ttaaefs has queue sizes p1=0 p2=0 p3=0
2026-09-11 23:42:48.608256+09:00 [info] <0.462.0>@riak_kv_overflow_queue:log/5:133 riak_kv_reaper job_id=0 has attempts=0 aborts=0 Queue lengths queue_p2=0 queue_p1=0 Overflow lengths overflow_p2=0 overflow_p1=0 Discard counts discard_p2=0 discard_p1=0
2026-09-11 23:42:48.799135+09:00 [info] <0.464.0>@riak_kv_overflow_queue:log/5:133 riak_kv_reader job_id=0 has attempts=0 aborts=0 Queue lengths queue_p2=0 queue_p1=0 Overflow lengths overflow_p2=0 overflow_p1=0 Discard counts discard_p2=0 discard_p1=0
2026-09-11 23:42:48.825270+09:00 [info] <0.463.0>@riak_kv_overflow_queue:log/5:133 riak_kv_eraser job_id=0 has attempts=0 aborts=0 Queue lengths queue_p2=0 queue_p1=0 Overflow lengths overflow_p2=0 overflow_p1=0 Discard counts discard_p2=0 discard_p1=0
2026-09-11 23:42:49.466910+09:00 [info] <0.710.0>@riak_core_worker_pool:handle_info/3:257 worker_pool=af4_pool has qlen=0 and no items checked out
2026-09-11 23:42:57.594656+09:00 [info] <0.714.0>@riak_core_worker_pool:handle_info/3:257 worker_pool=be_pool has qlen=0 and no items checked out
2026-09-11 23:42:58.217620+09:00 [info] <0.699.0>@riak_core_worker_pool:handle_info/3:257 worker_pool=af2_pool has qlen=0 and no items checked out
2026-09-11 23:43:01.084448+09:00 [info] <0.4937.0>@leveled_monitor:handle_cast/2:687 log_ref=b0015 db_id=5 Put timing with sample_count=0 ink_time=0 prep_time=0 mem_time=0 with total_object_size=0 with sample_period=210 seconds
2026-09-11 23:43:05.177852+09:00 [info] <0.4940.0>@leveled_monitor:handle_cast/2:704 log_ref=b0017 db_id=1 Snapshot timing with sample_count=0 and bookie_time=0 pcl_time=0 with sample_period=210 seconds
2026-09-11 23:43:18.213869+09:00 [info] <0.458.0>@riak_kv_replrtq_src:handle_info/2:646 QueueName=q1_ttaaefs has queue sizes p1=0 p2=0 p3=0
2026-09-11 23:43:31.087134+09:00 [info] <0.4937.0>@leveled_monitor:handle_cast/2:668 log_ref=b0018 db_id=5 Positive HEAD responses timed with sample_count=0 and cache_count=0 found_count=0 fetch_ledger_time=0 fetch_ledgercache_time=0 rsp_time=0 notfound_time=0 with sample_period=210 seconds
2026-09-11 23:43:35.180815+09:00 [info] <0.4940.0>@leveled_monitor:handle_cast/2:647 log_ref=b0016 db_id=1 Get timing with sample_count=0 and head_time=0 body_time=0 with fetch_count=0 with sample_period=210 seconds
2026-09-11 23:43:44.432628+09:00 [info] <0.703.0>@riak_core_worker_pool:handle_info/3:257 worker_pool=af3_pool has qlen=0 and no items checked out
2026-09-11 23:43:45.618671+09:00 [info] <0.675.0>@riak_core_worker_pool:handle_info/3:257 worker_pool=af1_pool has qlen=0 and no items checked out
2026-09-11 23:43:46.649832+09:00 [info] <0.710.0>@riak_core_worker_pool:handle_info/3:257 worker_pool=af4_pool has qlen=0 and no items checked out
2026-09-11 23:43:48.217674+09:00 [info] <0.458.0>@riak_kv_replrtq_src:handle_info/2:646 QueueName=q1_ttaaefs has queue sizes p1=0 p2=0 p3=0
2026-09-11 23:43:48.614221+09:00 [info] <0.462.0>@riak_kv_overflow_queue:log/5:133 riak_kv_reaper job_id=0 has attempts=0 aborts=0 Queue lengths queue_p2=0 queue_p1=0 Overflow lengths overflow_p2=0 overflow_p1=0 Discard counts discard_p2=0 discard_p1=0
2026-09-11 23:43:48.808059+09:00 [info] <0.464.0>@riak_kv_overflow_queue:log/5:133 riak_kv_reader job_id=0 has attempts=0 aborts=0 Queue lengths queue_p2=0 queue_p1=0 Overflow lengths overflow_p2=0 overflow_p1=0 Discard counts discard_p2=0 discard_p1=0
2026-09-11 23:43:48.827997+09:00 [info] <0.463.0>@riak_kv_overflow_queue:log/5:133 riak_kv_eraser job_id=0 has attempts=0 aborts=0 Queue lengths queue_p2=0 queue_p1=0 Overflow lengths overflow_p2=0 overflow_p1=0 Discard counts discard_p2=0 discard_p1=0
2026-09-11 23:43:52.644484+09:00 [info] <0.714.0>@riak_core_worker_pool:handle_info/3:257 worker_pool=be_pool has qlen=0 and no items checked out
2026-09-11 23:43:58.127671+09:00 [info] <0.699.0>@riak_core_worker_pool:handle_info/3:257 worker_pool=af2_pool has qlen=0 and no items checked out
2026-09-11 23:44:01.087730+09:00 [info] <0.4937.0>@leveled_monitor:handle_cast/2:704 log_ref=b0017 db_id=5 Snapshot timing with sample_count=0 and bookie_time=0 pcl_time=0 with sample_period=210 seconds
2026-09-11 23:44:18.220832+09:00 [info] <0.458.0>@riak_kv_replrtq_src:handle_info/2:646 QueueName=q1_ttaaefs has queue sizes p1=0 p2=0 p3=0
2026-09-11 23:44:31.095789+09:00 [info] <0.4937.0>@leveled_monitor:handle_cast/2:778 log_ref=cdb19 db_id=5 Sample timings in microseconds for sample_count=0 with totals of cycle_count=0 index_time=0 read_time=0 with sample_period=210 seconds
2026-09-11 23:44:35.184743+09:00 [info] <0.4940.0>@leveled_monitor:handle_cast/2:687 log_ref=b0015 db_id=1 Put timing with sample_count=0 ink_time=0 prep_time=0 mem_time=0 with total_object_size=0 with sample_period=210 seconds
2026-09-11 23:44:37.900024+09:00 [info] <0.39041.0>@aae_exchange:init/1:347 log_ref=ex001 Exchange id=d62f1769-6315-4812-9a84-fe69a50455b5 with target_count=2 expected purpose=kv_aae
2026-09-11 23:44:38.721119+09:00 [info] <0.39041.0>@aae_exchange:terminate/3:707 log_ref=ex003 Normal exit for full exchange purpose=kv_aae in_sync=true pending_state=root_compare for exchange id=d62f1769-6315-4812-9a84-fe69a50455b5 scope of mismatched_segments=0 root_compare_loops=1 branch_compare_loops=0 keys_passed_for_repair=0
2026-09-11 23:44:39.734748+09:00 [info] <0.703.0>@riak_core_worker_pool:handle_info/3:257 worker_pool=af3_pool has qlen=0 and no items checked out
2026-09-11 23:44:44.979624+09:00 [info] <0.675.0>@riak_core_worker_pool:handle_info/3:257 worker_pool=af1_pool has qlen=0 and no items checked out
2026-09-11 23:44:45.350756+09:00 [info] <0.710.0>@riak_core_worker_pool:handle_info/3:257 worker_pool=af4_pool has qlen=0 and no items checked out
2026-09-11 23:44:48.235061+09:00 [info] <0.458.0>@riak_kv_replrtq_src:handle_info/2:646 QueueName=q1_ttaaefs has queue sizes p1=0 p2=0 p3=0
2026-09-11 23:44:48.404025+09:00 [info] <0.714.0>@riak_core_worker_pool:handle_info/3:257 worker_pool=be_pool has qlen=0 and no items checked out
2026-09-11 23:44:48.622161+09:00 [info] <0.462.0>@riak_kv_overflow_queue:log/5:133 riak_kv_reaper job_id=0 has attempts=0 aborts=0 Queue lengths queue_p2=0 queue_p1=0 Overflow lengths overflow_p2=0 overflow_p1=0 Discard counts discard_p2=0 discard_p1=0
2026-09-11 23:44:48.811192+09:00 [info] <0.464.0>@riak_kv_overflow_queue:log/5:133 riak_kv_reader job_id=0 has attempts=0 aborts=0 Queue lengths queue_p2=0 queue_p1=0 Overflow lengths overflow_p2=0 overflow_p1=0 Discard counts discard_p2=0 discard_p1=0
2026-09-11 23:44:48.835911+09:00 [info] <0.463.0>@riak_kv_overflow_queue:log/5:133 riak_kv_eraser job_id=0 has attempts=0 aborts=0 Queue lengths queue_p2=0 queue_p1=0 Overflow lengths overflow_p2=0 overflow_p1=0 Discard counts discard_p2=0 discard_p1=0
2026-09-11 23:44:52.269631+09:00 [info] <0.699.0>@riak_core_worker_pool:handle_info/3:257 worker_pool=af2_pool has qlen=0 and no items checked out
2026-09-11 23:45:01.096821+09:00 [info] <0.4937.0>@leveled_monitor:handle_cast/2:733 log_ref=p0032 db_id=5 Fetch head timing with sample_count=0 and level timings of foundmem_time=0 found0_time=0 found1_time=0 found2_time=0 found3_time=0 foundlower_time=0 missed_time=0 with counts of foundmem_count=0 found0_count=0 found1_count=0 found2_count=0 found3_count=0 foundlower_count=0 missed_count=0 with sample_period=210 seconds
2026-09-11 23:45:05.185817+09:00 [info] <0.4940.0>@leveled_monitor:handle_cast/2:778 log_ref=cdb19 db_id=1 Sample timings in microseconds for sample_count=0 with totals of cycle_count=0 index_time=0 read_time=0 with sample_period=210 seconds
2026-09-11 23:45:18.236613+09:00 [info] <0.458.0>@riak_kv_replrtq_src:handle_info/2:646 QueueName=q1_ttaaefs has queue sizes p1=0 p2=0 p3=0
2026-09-11 23:45:31.101815+09:00 [info] <0.4937.0>@leveled_monitor:handle_cast/2:647 log_ref=b0016 db_id=5 Get timing with sample_count=0 and head_time=0 body_time=0 with fetch_count=0 with sample_period=210 seconds
2026-09-11 23:45:34.138670+09:00 [info] <0.703.0>@riak_core_worker_pool:handle_info/3:257 worker_pool=af3_pool has qlen=0 and no items checked out
2026-09-11 23:45:35.190855+09:00 [info] <0.4940.0>@leveled_monitor:handle_cast/2:733 log_ref=p0032 db_id=1 Fetch head timing with sample_count=0 and level timings of foundmem_time=0 found0_time=0 found1_time=0 found2_time=0 found3_time=0 foundlower_time=0 missed_time=0 with counts of foundmem_count=0 found0_count=0 found1_count=0 found2_count=0 found3_count=0 foundlower_count=0 missed_count=0 with sample_period=210 seconds
2026-09-11 23:45:41.536655+09:00 [info] <0.675.0>@riak_core_worker_pool:handle_info/3:257 worker_pool=af1_pool has qlen=0 and no items checked out
2026-09-11 23:45:43.181631+09:00 [info] <0.714.0>@riak_core_worker_pool:handle_info/3:257 worker_pool=be_pool has qlen=0 and no items checked out
2026-09-11 23:45:44.060110+09:00 [info] <0.710.0>@riak_core_worker_pool:handle_info/3:257 worker_pool=af4_pool has qlen=0 and no items checked out
2026-09-11 23:45:47.768672+09:00 [info] <0.699.0>@riak_core_worker_pool:handle_info/3:257 worker_pool=af2_pool has qlen=0 and no items checked out
2026-09-11 23:45:48.238620+09:00 [info] <0.458.0>@riak_kv_replrtq_src:handle_info/2:646 QueueName=q1_ttaaefs has queue sizes p1=0 p2=0 p3=0
2026-09-11 23:45:48.636101+09:00 [info] <0.462.0>@riak_kv_overflow_queue:log/5:133 riak_kv_reaper job_id=0 has attempts=0 aborts=0 Queue lengths queue_p2=0 queue_p1=0 Overflow lengths overflow_p2=0 overflow_p1=0 Discard counts discard_p2=0 discard_p1=0
2026-09-11 23:45:48.826714+09:00 [info] <0.464.0>@riak_kv_overflow_queue:log/5:133 riak_kv_reader job_id=0 has attempts=0 aborts=0 Queue lengths queue_p2=0 queue_p1=0 Overflow lengths overflow_p2=0 overflow_p1=0 Discard counts discard_p2=0 discard_p1=0
2026-09-11 23:45:48.848935+09:00 [info] <0.463.0>@riak_kv_overflow_queue:log/5:133 riak_kv_eraser job_id=0 has attempts=0 aborts=0 Queue lengths queue_p2=0 queue_p1=0 Overflow lengths overflow_p2=0 overflow_p1=0 Discard counts discard_p2=0 discard_p1=0
2026-09-11 23:46:05.193805+09:00 [info] <0.4940.0>@leveled_monitor:handle_cast/2:668 log_ref=b0018 db_id=1 Positive HEAD responses timed with sample_count=0 and cache_count=0 found_count=0 fetch_ledger_time=0 fetch_ledgercache_time=0 rsp_time=0 notfound_time=0 with sample_period=210 seconds
2026-09-11 23:46:18.246769+09:00 [info] <0.458.0>@riak_kv_replrtq_src:handle_info/2:646 QueueName=q1_ttaaefs has queue sizes p1=0 p2=0 p3=0
2026-09-11 23:46:26.623102+09:00 [info] <0.40902.0>@aae_exchange:init/1:347 log_ref=ex001 Exchange id=a105d9aa-793d-4ac5-b12f-7322af4f8dd1 with target_count=2 expected purpose=kv_aae
2026-09-11 23:46:27.568362+09:00 [info] <0.40902.0>@aae_exchange:terminate/3:707 log_ref=ex003 Normal exit for full exchange purpose=kv_aae in_sync=true pending_state=root_compare for exchange id=a105d9aa-793d-4ac5-b12f-7322af4f8dd1 scope of mismatched_segments=0 root_compare_loops=1 branch_compare_loops=0 keys_passed_for_repair=0
2026-09-11 23:46:31.103864+09:00 [info] <0.4937.0>@leveled_monitor:handle_cast/2:687 log_ref=b0015 db_id=5 Put timing with sample_count=0 ink_time=0 prep_time=0 mem_time=0 with total_object_size=0 with sample_period=210 seconds
2026-09-11 23:46:33.766564+09:00 [info] <0.703.0>@riak_core_worker_pool:handle_info/3:257 worker_pool=af3_pool has qlen=0 and no items checked out
2026-09-11 23:46:35.194770+09:00 [info] <0.4940.0>@leveled_monitor:handle_cast/2:704 log_ref=b0017 db_id=1 Snapshot timing with sample_count=0 and bookie_time=0 pcl_time=0 with sample_period=210 seconds
2026-09-11 23:46:40.109588+09:00 [info] <0.714.0>@riak_core_worker_pool:handle_info/3:257 worker_pool=be_pool has qlen=0 and no items checked out
2026-09-11 23:46:40.309981+09:00 [info] <0.675.0>@riak_core_worker_pool:handle_info/3:257 worker_pool=af1_pool has qlen=0 and no items checked out
2026-09-11 23:46:42.736688+09:00 [info] <0.699.0>@riak_core_worker_pool:handle_info/3:257 worker_pool=af2_pool has qlen=0 and no items checked out
2026-09-11 23:46:43.304633+09:00 [info] <0.710.0>@riak_core_worker_pool:handle_info/3:257 worker_pool=af4_pool has qlen=0 and no items checked out
2026-09-11 23:46:48.248598+09:00 [info] <0.458.0>@riak_kv_replrtq_src:handle_info/2:646 QueueName=q1_ttaaefs has queue sizes p1=0 p2=0 p3=0
2026-09-11 23:46:48.639385+09:00 [info] <0.462.0>@riak_kv_overflow_queue:log/5:133 riak_kv_reaper job_id=0 has attempts=0 aborts=0 Queue lengths queue_p2=0 queue_p1=0 Overflow lengths overflow_p2=0 overflow_p1=0 Discard counts discard_p2=0 discard_p1=0
2026-09-11 23:46:48.839045+09:00 [info] <0.464.0>@riak_kv_overflow_queue:log/5:133 riak_kv_reader job_id=0 has attempts=0 aborts=0 Queue lengths queue_p2=0 queue_p1=0 Overflow lengths overflow_p2=0 overflow_p1=0 Discard counts discard_p2=0 discard_p1=0
2026-09-11 23:46:48.851732+09:00 [info] <0.463.0>@riak_kv_overflow_queue:log/5:133 riak_kv_eraser job_id=0 has attempts=0 aborts=0 Queue lengths queue_p2=0 queue_p1=0 Overflow lengths overflow_p2=0 overflow_p1=0 Discard counts discard_p2=0 discard_p1=0
2026-09-11 23:47:01.107122+09:00 [info] <0.4937.0>@leveled_monitor:handle_cast/2:668 log_ref=b0018 db_id=5 Positive HEAD responses timed with sample_count=0 and cache_count=0 found_count=0 fetch_ledger_time=0 fetch_ledgercache_time=0 rsp_time=0 notfound_time=0 with sample_period=210 seconds
2026-09-11 23:47:05.195740+09:00 [info] <0.4940.0>@leveled_monitor:handle_cast/2:647 log_ref=b0016 db_id=1 Get timing with sample_count=0 and head_time=0 body_time=0 with fetch_count=0 with sample_period=210 seconds
2026-09-11 23:47:18.250606+09:00 [info] <0.458.0>@riak_kv_replrtq_src:handle_info/2:646 QueueName=q1_ttaaefs has queue sizes p1=0 p2=0 p3=0
2026-09-11 23:47:30.816685+09:00 [info] <0.703.0>@riak_core_worker_pool:handle_info/3:257 worker_pool=af3_pool has qlen=0 and no items checked out
2026-09-11 23:47:31.114798+09:00 [info] <0.4937.0>@leveled_monitor:handle_cast/2:704 log_ref=b0017 db_id=5 Snapshot timing with sample_count=0 and bookie_time=0 pcl_time=0 with sample_period=210 seconds
2026-09-11 23:47:36.152592+09:00 [info] <0.714.0>@riak_core_worker_pool:handle_info/3:257 worker_pool=be_pool has qlen=0 and no items checked out
2026-09-11 23:47:38.854655+09:00 [info] <0.699.0>@riak_core_worker_pool:handle_info/3:257 worker_pool=af2_pool has qlen=0 and no items checked out
2026-09-11 23:47:39.263855+09:00 [info] <0.675.0>@riak_core_worker_pool:handle_info/3:257 worker_pool=af1_pool has qlen=0 and no items checked out
2026-09-11 23:47:39.269699+09:00 [info] <0.710.0>@riak_core_worker_pool:handle_info/3:257 worker_pool=af4_pool has qlen=0 and no items checked out
2026-09-11 23:47:48.255920+09:00 [info] <0.458.0>@riak_kv_replrtq_src:handle_info/2:646 QueueName=q1_ttaaefs has queue sizes p1=0 p2=0 p3=0
2026-09-11 23:47:48.649102+09:00 [info] <0.462.0>@riak_kv_overflow_queue:log/5:133 riak_kv_reaper job_id=0 has attempts=0 aborts=0 Queue lengths queue_p2=0 queue_p1=0 Overflow lengths overflow_p2=0 overflow_p1=0 Discard counts discard_p2=0 discard_p1=0
2026-09-11 23:47:48.844169+09:00 [info] <0.464.0>@riak_kv_overflow_queue:log/5:133 riak_kv_reader job_id=0 has attempts=0 aborts=0 Queue lengths queue_p2=0 queue_p1=0 Overflow lengths overflow_p2=0 overflow_p1=0 Discard counts discard_p2=0 discard_p1=0
2026-09-11 23:47:48.870100+09:00 [info] <0.463.0>@riak_kv_overflow_queue:log/5:133 riak_kv_eraser job_id=0 has attempts=0 aborts=0 Queue lengths queue_p2=0 queue_p1=0 Overflow lengths overflow_p2=0 overflow_p1=0 Discard counts discard_p2=0 discard_p1=0
2026-09-11 23:48:01.119410+09:00 [info] <0.4937.0>@leveled_monitor:handle_cast/2:778 log_ref=cdb19 db_id=5 Sample timings in microseconds for sample_count=0 with totals of cycle_count=0 index_time=0 read_time=0 with sample_period=210 seconds
2026-09-11 23:48:05.197875+09:00 [info] <0.4940.0>@leveled_monitor:handle_cast/2:687 log_ref=b0015 db_id=1 Put timing with sample_count=0 ink_time=0 prep_time=0 mem_time=0 with total_object_size=0 with sample_period=210 seconds
2026-09-11 23:48:18.261628+09:00 [info] <0.458.0>@riak_kv_replrtq_src:handle_info/2:646 QueueName=q1_ttaaefs has queue sizes p1=0 p2=0 p3=0
2026-09-11 23:48:28.129795+09:00 [info] <0.703.0>@riak_core_worker_pool:handle_info/3:257 worker_pool=af3_pool has qlen=0 and no items checked out
2026-09-11 23:48:31.119793+09:00 [info] <0.4937.0>@leveled_monitor:handle_cast/2:733 log_ref=p0032 db_id=5 Fetch head timing with sample_count=0 and level timings of foundmem_time=0 found0_time=0 found1_time=0 found2_time=0 found3_time=0 foundlower_time=0 missed_time=0 with counts of foundmem_count=0 found0_count=0 found1_count=0 found2_count=0 found3_count=0 foundlower_count=0 missed_count=0 with sample_period=209 seconds
2026-09-11 23:48:35.201089+09:00 [info] <0.4940.0>@leveled_monitor:handle_cast/2:778 log_ref=cdb19 db_id=1 Sample timings in microseconds for sample_count=0 with totals of cycle_count=0 index_time=0 read_time=0 with sample_period=210 seconds
2026-09-11 23:48:35.307096+09:00 [info] <0.714.0>@riak_core_worker_pool:handle_info/3:257 worker_pool=be_pool has qlen=0 and no items checked out
2026-09-11 23:48:36.629189+09:00 [info] <0.710.0>@riak_core_worker_pool:handle_info/3:257 worker_pool=af4_pool has qlen=0 and no items checked out
2026-09-11 23:48:37.925664+09:00 [info] <0.675.0>@riak_core_worker_pool:handle_info/3:257 worker_pool=af1_pool has qlen=0 and no items checked out
2026-09-11 23:48:37.978660+09:00 [info] <0.699.0>@riak_core_worker_pool:handle_info/3:257 worker_pool=af2_pool has qlen=0 and no items checked out
2026-09-11 23:48:48.282610+09:00 [info] <0.458.0>@riak_kv_replrtq_src:handle_info/2:646 QueueName=q1_ttaaefs has queue sizes p1=0 p2=0 p3=0
2026-09-11 23:48:48.653339+09:00 [info] <0.462.0>@riak_kv_overflow_queue:log/5:133 riak_kv_reaper job_id=0 has attempts=0 aborts=0 Queue lengths queue_p2=0 queue_p1=0 Overflow lengths overflow_p2=0 overflow_p1=0 Discard counts discard_p2=0 discard_p1=0
2026-09-11 23:48:48.855311+09:00 [info] <0.464.0>@riak_kv_overflow_queue:log/5:133 riak_kv_reader job_id=0 has attempts=0 aborts=0 Queue lengths queue_p2=0 queue_p1=0 Overflow lengths overflow_p2=0 overflow_p1=0 Discard counts discard_p2=0 discard_p1=0
2026-09-11 23:48:48.884617+09:00 [info] <0.463.0>@riak_kv_overflow_queue:log/5:133 riak_kv_eraser job_id=0 has attempts=0 aborts=0 Queue lengths queue_p2=0 queue_p1=0 Overflow lengths overflow_p2=0 overflow_p1=0 Discard counts discard_p2=0 discard_p1=0
2026-09-11 23:49:01.125412+09:00 [info] <0.4937.0>@leveled_monitor:handle_cast/2:647 log_ref=b0016 db_id=5 Get timing with sample_count=0 and head_time=0 body_time=0 with fetch_count=0 with sample_period=210 seconds
2026-09-11 23:49:05.207303+09:00 [info] <0.4940.0>@leveled_monitor:handle_cast/2:733 log_ref=p0032 db_id=1 Fetch head timing with sample_count=0 and level timings of foundmem_time=0 found0_time=0 found1_time=0 found2_time=0 found3_time=0 foundlower_time=0 missed_time=0 with counts of foundmem_count=0 found0_count=0 found1_count=0 found2_count=0 found3_count=0 foundlower_count=0 missed_count=0 with sample_period=210 seconds
2026-09-11 23:49:18.288805+09:00 [info] <0.458.0>@riak_kv_replrtq_src:handle_info/2:646 QueueName=q1_ttaaefs has queue sizes p1=0 p2=0 p3=0
2026-09-11 23:49:27.082959+09:00 [info] <0.703.0>@riak_core_worker_pool:handle_info/3:257 worker_pool=af3_pool has qlen=0 and no items checked out
2026-09-11 23:49:30.742644+09:00 [info] <0.714.0>@riak_core_worker_pool:handle_info/3:257 worker_pool=be_pool has qlen=0 and no items checked out
2026-09-11 23:49:31.246193+09:00 [info] <0.710.0>@riak_core_worker_pool:handle_info/3:257 worker_pool=af4_pool has qlen=0 and no items checked out
2026-09-11 23:49:34.504628+09:00 [info] <0.699.0>@riak_core_worker_pool:handle_info/3:257 worker_pool=af2_pool has qlen=0 and no items checked out
2026-09-11 23:49:35.210597+09:00 [info] <0.4940.0>@leveled_monitor:handle_cast/2:668 log_ref=b0018 db_id=1 Positive HEAD responses timed with sample_count=0 and cache_count=0 found_count=0 fetch_ledger_time=0 fetch_ledgercache_time=0 rsp_time=0 notfound_time=0 with sample_period=210 seconds
2026-09-11 23:49:35.682080+09:00 [info] <0.675.0>@riak_core_worker_pool:handle_info/3:257 worker_pool=af1_pool has qlen=0 and no items checked out
2026-09-11 23:49:48.291348+09:00 [info] <0.458.0>@riak_kv_replrtq_src:handle_info/2:646 QueueName=q1_ttaaefs has queue sizes p1=0 p2=0 p3=0
2026-09-11 23:49:48.667736+09:00 [info] <0.462.0>@riak_kv_overflow_queue:log/5:133 riak_kv_reaper job_id=0 has attempts=0 aborts=0 Queue lengths queue_p2=0 queue_p1=0 Overflow lengths overflow_p2=0 overflow_p1=0 Discard counts discard_p2=0 discard_p1=0
2026-09-11 23:49:48.863755+09:00 [info] <0.464.0>@riak_kv_overflow_queue:log/5:133 riak_kv_reader job_id=0 has attempts=0 aborts=0 Queue lengths queue_p2=0 queue_p1=0 Overflow lengths overflow_p2=0 overflow_p1=0 Discard counts discard_p2=0 discard_p1=0
2026-09-11 23:49:48.893612+09:00 [info] <0.463.0>@riak_kv_overflow_queue:log/5:133 riak_kv_eraser job_id=0 has attempts=0 aborts=0 Queue lengths queue_p2=0 queue_p1=0 Overflow lengths overflow_p2=0 overflow_p1=0 Discard counts discard_p2=0 discard_p1=0
2026-09-11 23:50:01.126814+09:00 [info] <0.4937.0>@leveled_monitor:handle_cast/2:687 log_ref=b0015 db_id=5 Put timing with sample_count=0 ink_time=0 prep_time=0 mem_time=0 with total_object_size=0 with sample_period=210 seconds
2026-09-11 23:50:05.211723+09:00 [info] <0.4940.0>@leveled_monitor:handle_cast/2:704 log_ref=b0017 db_id=1 Snapshot timing with sample_count=0 and bookie_time=0 pcl_time=0 with sample_period=210 seconds
2026-09-11 23:50:18.294539+09:00 [info] <0.458.0>@riak_kv_replrtq_src:handle_info/2:646 QueueName=q1_ttaaefs has queue sizes p1=0 p2=0 p3=0
2026-09-11 23:50:25.557605+09:00 [info] <0.703.0>@riak_core_worker_pool:handle_info/3:257 worker_pool=af3_pool has qlen=0 and no items checked out
2026-09-11 23:50:27.806677+09:00 [info] <0.714.0>@riak_core_worker_pool:handle_info/3:257 worker_pool=be_pool has qlen=0 and no items checked out
2026-09-11 23:50:29.199793+09:00 [info] <0.699.0>@riak_core_worker_pool:handle_info/3:257 worker_pool=af2_pool has qlen=0 and no items checked out
2026-09-11 23:50:30.644594+09:00 [info] <0.710.0>@riak_core_worker_pool:handle_info/3:257 worker_pool=af4_pool has qlen=0 and no items checked out
2026-09-11 23:50:31.127828+09:00 [info] <0.4937.0>@leveled_monitor:handle_cast/2:668 log_ref=b0018 db_id=5 Positive HEAD responses timed with sample_count=0 and cache_count=0 found_count=0 fetch_ledger_time=0 fetch_ledgercache_time=0 rsp_time=0 notfound_time=0 with sample_period=209 seconds
2026-09-11 23:50:32.239991+09:00 [info] <0.675.0>@riak_core_worker_pool:handle_info/3:257 worker_pool=af1_pool has qlen=0 and no items checked out
2026-09-11 23:50:35.216281+09:00 [info] <0.4940.0>@leveled_monitor:handle_cast/2:647 log_ref=b0016 db_id=1 Get timing with sample_count=0 and head_time=0 body_time=0 with fetch_count=0 with sample_period=210 seconds
2026-09-11 23:50:48.298943+09:00 [info] <0.458.0>@riak_kv_replrtq_src:handle_info/2:646 QueueName=q1_ttaaefs has queue sizes p1=0 p2=0 p3=0
2026-09-11 23:50:48.672399+09:00 [info] <0.462.0>@riak_kv_overflow_queue:log/5:133 riak_kv_reaper job_id=0 has attempts=0 aborts=0 Queue lengths queue_p2=0 queue_p1=0 Overflow lengths overflow_p2=0 overflow_p1=0 Discard counts discard_p2=0 discard_p1=0
2026-09-11 23:50:48.870633+09:00 [info] <0.464.0>@riak_kv_overflow_queue:log/5:133 riak_kv_reader job_id=0 has attempts=0 aborts=0 Queue lengths queue_p2=0 queue_p1=0 Overflow lengths overflow_p2=0 overflow_p1=0 Discard counts discard_p2=0 discard_p1=0
2026-09-11 23:50:48.907134+09:00 [info] <0.463.0>@riak_kv_overflow_queue:log/5:133 riak_kv_eraser job_id=0 has attempts=0 aborts=0 Queue lengths queue_p2=0 queue_p1=0 Overflow lengths overflow_p2=0 overflow_p1=0 Discard counts discard_p2=0 discard_p1=0
2026-09-11 23:51:01.128802+09:00 [info] <0.4937.0>@leveled_monitor:handle_cast/2:704 log_ref=b0017 db_id=5 Snapshot timing with sample_count=0 and bookie_time=0 pcl_time=0 with sample_period=210 seconds
2026-09-11 23:51:18.315680+09:00 [info] <0.458.0>@riak_kv_replrtq_src:handle_info/2:646 QueueName=q1_ttaaefs has queue sizes p1=0 p2=0 p3=0
2026-09-11 23:51:24.369635+09:00 [info] <0.703.0>@riak_core_worker_pool:handle_info/3:257 worker_pool=af3_pool has qlen=0 and no items checked out
2026-09-11 23:51:24.768683+09:00 [info] <0.710.0>@riak_core_worker_pool:handle_info/3:257 worker_pool=af4_pool has qlen=0 and no items checked out
2026-09-11 23:51:26.401623+09:00 [info] <0.675.0>@riak_core_worker_pool:handle_info/3:257 worker_pool=af1_pool has qlen=0 and no items checked out
2026-09-11 23:51:27.044615+09:00 [info] <0.714.0>@riak_core_worker_pool:handle_info/3:257 worker_pool=be_pool has qlen=0 and no items checked out
2026-09-11 23:51:27.639646+09:00 [info] <0.699.0>@riak_core_worker_pool:handle_info/3:257 worker_pool=af2_pool has qlen=0 and no items checked out
2026-09-11 23:51:31.129690+09:00 [info] <0.4937.0>@leveled_monitor:handle_cast/2:778 log_ref=cdb19 db_id=5 Sample timings in microseconds for sample_count=0 with totals of cycle_count=0 index_time=0 read_time=0 with sample_period=209 seconds
2026-09-11 23:51:35.225780+09:00 [info] <0.4940.0>@leveled_monitor:handle_cast/2:687 log_ref=b0015 db_id=1 Put timing with sample_count=0 ink_time=0 prep_time=0 mem_time=0 with total_object_size=0 with sample_period=210 seconds
2026-09-11 23:51:48.317591+09:00 [info] <0.458.0>@riak_kv_replrtq_src:handle_info/2:646 QueueName=q1_ttaaefs has queue sizes p1=0 p2=0 p3=0
2026-09-11 23:51:48.683637+09:00 [info] <0.462.0>@riak_kv_overflow_queue:log/5:133 riak_kv_reaper job_id=0 has attempts=0 aborts=0 Queue lengths queue_p2=0 queue_p1=0 Overflow lengths overflow_p2=0 overflow_p1=0 Discard counts discard_p2=0 discard_p1=0
2026-09-11 23:51:48.873263+09:00 [info] <0.464.0>@riak_kv_overflow_queue:log/5:133 riak_kv_reader job_id=0 has attempts=0 aborts=0 Queue lengths queue_p2=0 queue_p1=0 Overflow lengths overflow_p2=0 overflow_p1=0 Discard counts discard_p2=0 discard_p1=0
2026-09-11 23:51:48.910151+09:00 [info] <0.463.0>@riak_kv_overflow_queue:log/5:133 riak_kv_eraser job_id=0 has attempts=0 aborts=0 Queue lengths queue_p2=0 queue_p1=0 Overflow lengths overflow_p2=0 overflow_p1=0 Discard counts discard_p2=0 discard_p1=0
2026-09-11 23:52:01.130740+09:00 [info] <0.4937.0>@leveled_monitor:handle_cast/2:733 log_ref=p0032 db_id=5 Fetch head timing with sample_count=0 and level timings of foundmem_time=0 found0_time=0 found1_time=0 found2_time=0 found3_time=0 foundlower_time=0 missed_time=0 with counts of foundmem_count=0 found0_count=0 found1_count=0 found2_count=0 found3_count=0 foundlower_count=0 missed_count=0 with sample_period=210 seconds
2026-09-11 23:52:05.234676+09:00 [info] <0.4940.0>@leveled_monitor:handle_cast/2:778 log_ref=cdb19 db_id=1 Sample timings in microseconds for sample_count=0 with totals of cycle_count=0 index_time=0 read_time=0 with sample_period=210 seconds
2026-09-11 23:52:18.319731+09:00 [info] <0.458.0>@riak_kv_replrtq_src:handle_info/2:646 QueueName=q1_ttaaefs has queue sizes p1=0 p2=0 p3=0
2026-09-11 23:52:19.027628+09:00 [info] <0.710.0>@riak_core_worker_pool:handle_info/3:257 worker_pool=af4_pool has qlen=0 and no items checked out
2026-09-11 23:52:21.268605+09:00 [info] <0.714.0>@riak_core_worker_pool:handle_info/3:257 worker_pool=be_pool has qlen=0 and no items checked out
2026-09-11 23:52:21.750559+09:00 [info] <0.699.0>@riak_core_worker_pool:handle_info/3:257 worker_pool=af2_pool has qlen=0 and no items checked out
2026-09-11 23:52:22.337595+09:00 [info] <0.703.0>@riak_core_worker_pool:handle_info/3:257 worker_pool=af3_pool has qlen=0 and no items checked out
2026-09-11 23:52:25.777682+09:00 [info] <0.675.0>@riak_core_worker_pool:handle_info/3:257 worker_pool=af1_pool has qlen=0 and no items checked out
2026-09-11 23:52:31.132201+09:00 [info] <0.4937.0>@leveled_monitor:handle_cast/2:647 log_ref=b0016 db_id=5 Get timing with sample_count=0 and head_time=0 body_time=0 with fetch_count=0 with sample_period=210 seconds
2026-09-11 23:52:35.231886+09:00 [info] <0.4940.0>@leveled_monitor:handle_cast/2:733 log_ref=p0032 db_id=1 Fetch head timing with sample_count=0 and level timings of foundmem_time=0 found0_time=0 found1_time=0 found2_time=0 found3_time=0 foundlower_time=0 missed_time=0 with counts of foundmem_count=0 found0_count=0 found1_count=0 found2_count=0 found3_count=0 foundlower_count=0 missed_count=0 with sample_period=210 seconds
2026-09-11 23:52:37.902246+09:00 [info] <0.47255.0>@aae_exchange:init/1:347 log_ref=ex001 Exchange id=267b32e5-12d3-428a-a122-cc50700dbca3 with target_count=2 expected purpose=kv_aae
2026-09-11 23:52:38.904815+09:00 [info] <0.47255.0>@aae_exchange:terminate/3:707 log_ref=ex003 Normal exit for full exchange purpose=kv_aae in_sync=true pending_state=root_compare for exchange id=267b32e5-12d3-428a-a122-cc50700dbca3 scope of mismatched_segments=0 root_compare_loops=1 branch_compare_loops=0 keys_passed_for_repair=0
2026-09-11 23:52:48.321599+09:00 [info] <0.458.0>@riak_kv_replrtq_src:handle_info/2:646 QueueName=q1_ttaaefs has queue sizes p1=0 p2=0 p3=0
2026-09-11 23:52:48.686153+09:00 [info] <0.462.0>@riak_kv_overflow_queue:log/5:133 riak_kv_reaper job_id=0 has attempts=0 aborts=0 Queue lengths queue_p2=0 queue_p1=0 Overflow lengths overflow_p2=0 overflow_p1=0 Discard counts discard_p2=0 discard_p1=0
2026-09-11 23:52:48.878271+09:00 [info] <0.464.0>@riak_kv_overflow_queue:log/5:133 riak_kv_reader job_id=0 has attempts=0 aborts=0 Queue lengths queue_p2=0 queue_p1=0 Overflow lengths overflow_p2=0 overflow_p1=0 Discard counts discard_p2=0 discard_p1=0
2026-09-11 23:52:48.919170+09:00 [info] <0.463.0>@riak_kv_overflow_queue:log/5:133 riak_kv_eraser job_id=0 has attempts=0 aborts=0 Queue lengths queue_p2=0 queue_p1=0 Overflow lengths overflow_p2=0 overflow_p1=0 Discard counts discard_p2=0 discard_p1=0
2026-09-11 23:53:05.237811+09:00 [info] <0.4940.0>@leveled_monitor:handle_cast/2:668 log_ref=b0018 db_id=1 Positive HEAD responses timed with sample_count=0 and cache_count=0 found_count=0 fetch_ledger_time=0 fetch_ledgercache_time=0 rsp_time=0 notfound_time=0 with sample_period=210 seconds
2026-09-11 23:53:15.518626+09:00 [info] <0.714.0>@riak_core_worker_pool:handle_info/3:257 worker_pool=be_pool has qlen=0 and no items checked out
2026-09-11 23:53:15.950922+09:00 [info] <0.699.0>@riak_core_worker_pool:handle_info/3:257 worker_pool=af2_pool has qlen=0 and no items checked out
2026-09-11 23:53:16.341582+09:00 [info] <0.710.0>@riak_core_worker_pool:handle_info/3:257 worker_pool=af4_pool has qlen=0 and no items checked out
2026-09-11 23:53:18.323600+09:00 [info] <0.458.0>@riak_kv_replrtq_src:handle_info/2:646 QueueName=q1_ttaaefs has queue sizes p1=0 p2=0 p3=0
2026-09-11 23:53:20.390649+09:00 [info] <0.703.0>@riak_core_worker_pool:handle_info/3:257 worker_pool=af3_pool has qlen=0 and no items checked out
2026-09-11 23:53:21.084026+09:00 [info] <0.675.0>@riak_core_worker_pool:handle_info/3:257 worker_pool=af1_pool has qlen=0 and no items checked out
2026-09-11 23:53:31.134009+09:00 [info] <0.4937.0>@leveled_monitor:handle_cast/2:687 log_ref=b0015 db_id=5 Put timing with sample_count=0 ink_time=0 prep_time=0 mem_time=0 with total_object_size=0 with sample_period=210 seconds
2026-09-11 23:53:35.240255+09:00 [info] <0.4940.0>@leveled_monitor:handle_cast/2:704 log_ref=b0017 db_id=1 Snapshot timing with sample_count=0 and bookie_time=0 pcl_time=0 with sample_period=210 seconds
2026-09-11 23:53:48.328777+09:00 [info] <0.458.0>@riak_kv_replrtq_src:handle_info/2:646 QueueName=q1_ttaaefs has queue sizes p1=0 p2=0 p3=0
2026-09-11 23:53:48.689002+09:00 [info] <0.462.0>@riak_kv_overflow_queue:log/5:133 riak_kv_reaper job_id=0 has attempts=0 aborts=0 Queue lengths queue_p2=0 queue_p1=0 Overflow lengths overflow_p2=0 overflow_p1=0 Discard counts discard_p2=0 discard_p1=0
2026-09-11 23:53:48.882773+09:00 [info] <0.464.0>@riak_kv_overflow_queue:log/5:133 riak_kv_reader job_id=0 has attempts=0 aborts=0 Queue lengths queue_p2=0 queue_p1=0 Overflow lengths overflow_p2=0 overflow_p1=0 Discard counts discard_p2=0 discard_p1=0
2026-09-11 23:53:48.927852+09:00 [info] <0.463.0>@riak_kv_overflow_queue:log/5:133 riak_kv_eraser job_id=0 has attempts=0 aborts=0 Queue lengths queue_p2=0 queue_p1=0 Overflow lengths overflow_p2=0 overflow_p1=0 Discard counts discard_p2=0 discard_p1=0
2026-09-11 23:54:01.140821+09:00 [info] <0.4937.0>@leveled_monitor:handle_cast/2:668 log_ref=b0018 db_id=5 Positive HEAD responses timed with sample_count=0 and cache_count=0 found_count=0 fetch_ledger_time=0 fetch_ledgercache_time=0 rsp_time=0 notfound_time=0 with sample_period=210 seconds
2026-09-11 23:54:05.248561+09:00 [info] <0.4940.0>@leveled_monitor:handle_cast/2:647 log_ref=b0016 db_id=1 Get timing with sample_count=0 and head_time=0 body_time=0 with fetch_count=0 with sample_period=210 seconds
2026-09-11 23:54:10.594676+09:00 [info] <0.699.0>@riak_core_worker_pool:handle_info/3:257 worker_pool=af2_pool has qlen=0 and no items checked out
2026-09-11 23:54:12.384554+09:00 [info] <0.710.0>@riak_core_worker_pool:handle_info/3:257 worker_pool=af4_pool has qlen=0 and no items checked out
2026-09-11 23:54:13.944608+09:00 [info] <0.714.0>@riak_core_worker_pool:handle_info/3:257 worker_pool=be_pool has qlen=0 and no items checked out
2026-09-11 23:54:18.207746+09:00 [info] <0.675.0>@riak_core_worker_pool:handle_info/3:257 worker_pool=af1_pool has qlen=0 and no items checked out
2026-09-11 23:54:18.340711+09:00 [info] <0.458.0>@riak_kv_replrtq_src:handle_info/2:646 QueueName=q1_ttaaefs has queue sizes p1=0 p2=0 p3=0
2026-09-11 23:54:20.319385+09:00 [info] <0.703.0>@riak_core_worker_pool:handle_info/3:257 worker_pool=af3_pool has qlen=0 and no items checked out
2026-09-11 23:54:26.624119+09:00 [info] <0.49145.0>@aae_exchange:init/1:347 log_ref=ex001 Exchange id=64543d2d-20d6-40cb-950f-c0abc8d393f9 with target_count=2 expected purpose=kv_aae
2026-09-11 23:54:27.281890+09:00 [info] <0.49145.0>@aae_exchange:terminate/3:707 log_ref=ex003 Normal exit for full exchange purpose=kv_aae in_sync=true pending_state=root_compare for exchange id=64543d2d-20d6-40cb-950f-c0abc8d393f9 scope of mismatched_segments=0 root_compare_loops=1 branch_compare_loops=0 keys_passed_for_repair=0
2026-09-11 23:54:31.153342+09:00 [info] <0.4937.0>@leveled_monitor:handle_cast/2:704 log_ref=b0017 db_id=5 Snapshot timing with sample_count=0 and bookie_time=0 pcl_time=0 with sample_period=210 seconds
2026-09-11 23:54:48.354675+09:00 [info] <0.458.0>@riak_kv_replrtq_src:handle_info/2:646 QueueName=q1_ttaaefs has queue sizes p1=0 p2=0 p3=0
2026-09-11 23:54:48.707073+09:00 [info] <0.462.0>@riak_kv_overflow_queue:log/5:133 riak_kv_reaper job_id=0 has attempts=0 aborts=0 Queue lengths queue_p2=0 queue_p1=0 Overflow lengths overflow_p2=0 overflow_p1=0 Discard counts discard_p2=0 discard_p1=0
2026-09-11 23:54:48.895668+09:00 [info] <0.464.0>@riak_kv_overflow_queue:log/5:133 riak_kv_reader job_id=0 has attempts=0 aborts=0 Queue lengths queue_p2=0 queue_p1=0 Overflow lengths overflow_p2=0 overflow_p1=0 Discard counts discard_p2=0 discard_p1=0
2026-09-11 23:54:48.961206+09:00 [info] <0.463.0>@riak_kv_overflow_queue:log/5:133 riak_kv_eraser job_id=0 has attempts=0 aborts=0 Queue lengths queue_p2=0 queue_p1=0 Overflow lengths overflow_p2=0 overflow_p1=0 Discard counts discard_p2=0 discard_p1=0
2026-09-11 23:55:01.154819+09:00 [info] <0.4937.0>@leveled_monitor:handle_cast/2:778 log_ref=cdb19 db_id=5 Sample timings in microseconds for sample_count=0 with totals of cycle_count=0 index_time=0 read_time=0 with sample_period=210 seconds
2026-09-11 23:55:05.246960+09:00 [info] <0.4940.0>@leveled_monitor:handle_cast/2:687 log_ref=b0015 db_id=1 Put timing with sample_count=1 ink_time=15041 prep_time=458 mem_time=358 with total_object_size=176 with sample_period=210 seconds
2026-09-11 23:55:09.102684+09:00 [info] <0.710.0>@riak_core_worker_pool:handle_info/3:257 worker_pool=af4_pool has qlen=0 and no items checked out
2026-09-11 23:55:10.313898+09:00 [info] <0.699.0>@riak_core_worker_pool:handle_info/3:257 worker_pool=af2_pool has qlen=0 and no items checked out
2026-09-11 23:55:11.445887+09:00 [info] <0.714.0>@riak_core_worker_pool:handle_info/3:257 worker_pool=be_pool has qlen=0 and no items checked out
2026-09-11 23:55:16.070621+09:00 [info] <0.675.0>@riak_core_worker_pool:handle_info/3:257 worker_pool=af1_pool has qlen=0 and no items checked out
2026-09-11 23:55:18.361853+09:00 [info] <0.458.0>@riak_kv_replrtq_src:handle_info/2:646 QueueName=q1_ttaaefs has queue sizes p1=0 p2=0 p3=0
2026-09-11 23:55:19.205900+09:00 [info] <0.703.0>@riak_core_worker_pool:handle_info/3:257 worker_pool=af3_pool has qlen=0 and no items checked out
2026-09-11 23:55:31.156713+09:00 [info] <0.4937.0>@leveled_monitor:handle_cast/2:733 log_ref=p0032 db_id=5 Fetch head timing with sample_count=0 and level timings of foundmem_time=0 found0_time=0 found1_time=0 found2_time=0 found3_time=0 foundlower_time=0 missed_time=0 with counts of foundmem_count=0 found0_count=0 found1_count=0 found2_count=0 found3_count=0 foundlower_count=0 missed_count=0 with sample_period=210 seconds
2026-09-11 23:55:35.252907+09:00 [info] <0.4940.0>@leveled_monitor:handle_cast/2:778 log_ref=cdb19 db_id=1 Sample timings in microseconds for sample_count=0 with totals of cycle_count=0 index_time=0 read_time=0 with sample_period=210 seconds
2026-09-11 23:55:48.365888+09:00 [info] <0.458.0>@riak_kv_replrtq_src:handle_info/2:646 QueueName=q1_ttaaefs has queue sizes p1=0 p2=0 p3=0
2026-09-11 23:55:48.711006+09:00 [info] <0.462.0>@riak_kv_overflow_queue:log/5:133 riak_kv_reaper job_id=0 has attempts=0 aborts=0 Queue lengths queue_p2=0 queue_p1=0 Overflow lengths overflow_p2=0 overflow_p1=0 Discard counts discard_p2=0 discard_p1=0
2026-09-11 23:55:48.913868+09:00 [info] <0.464.0>@riak_kv_overflow_queue:log/5:133 riak_kv_reader job_id=0 has attempts=0 aborts=0 Queue lengths queue_p2=0 queue_p1=0 Overflow lengths overflow_p2=0 overflow_p1=0 Discard counts discard_p2=0 discard_p1=0
2026-09-11 23:55:48.974324+09:00 [info] <0.463.0>@riak_kv_overflow_queue:log/5:133 riak_kv_eraser job_id=0 has attempts=0 aborts=0 Queue lengths queue_p2=0 queue_p1=0 Overflow lengths overflow_p2=0 overflow_p1=0 Discard counts discard_p2=0 discard_p1=0
2026-09-11 23:56:01.157760+09:00 [info] <0.4937.0>@leveled_monitor:handle_cast/2:647 log_ref=b0016 db_id=5 Get timing with sample_count=0 and head_time=0 body_time=0 with fetch_count=0 with sample_period=210 seconds
2026-09-11 23:56:05.253844+09:00 [info] <0.4940.0>@leveled_monitor:handle_cast/2:733 log_ref=p0032 db_id=1 Fetch head timing with sample_count=0 and level timings of foundmem_time=0 found0_time=0 found1_time=0 found2_time=0 found3_time=0 foundlower_time=0 missed_time=0 with counts of foundmem_count=0 found0_count=0 found1_count=0 found2_count=0 found3_count=0 foundlower_count=0 missed_count=0 with sample_period=210 seconds
2026-09-11 23:56:07.025675+09:00 [info] <0.699.0>@riak_core_worker_pool:handle_info/3:257 worker_pool=af2_pool has qlen=0 and no items checked out
2026-09-11 23:56:07.072547+09:00 [info] <0.710.0>@riak_core_worker_pool:handle_info/3:257 worker_pool=af4_pool has qlen=0 and no items checked out
2026-09-11 23:56:08.458603+09:00 [info] <0.714.0>@riak_core_worker_pool:handle_info/3:257 worker_pool=be_pool has qlen=0 and no items checked out
2026-09-11 23:56:13.981627+09:00 [info] <0.675.0>@riak_core_worker_pool:handle_info/3:257 worker_pool=af1_pool has qlen=0 and no items checked out
2026-09-11 23:56:17.463679+09:00 [info] <0.703.0>@riak_core_worker_pool:handle_info/3:257 worker_pool=af3_pool has qlen=0 and no items checked out
2026-09-11 23:56:18.372395+09:00 [info] <0.458.0>@riak_kv_replrtq_src:handle_info/2:646 QueueName=q1_ttaaefs has queue sizes p1=0 p2=0 p3=0
2026-09-11 23:56:35.255101+09:00 [info] <0.4940.0>@leveled_monitor:handle_cast/2:668 log_ref=b0018 db_id=1 Positive HEAD responses timed with sample_count=1 and cache_count=1 found_count=1 fetch_ledger_time=0 fetch_ledgercache_time=38 rsp_time=7614 notfound_time=0 with sample_period=210 seconds
2026-09-11 23:56:48.377791+09:00 [info] <0.458.0>@riak_kv_replrtq_src:handle_info/2:646 QueueName=q1_ttaaefs has queue sizes p1=0 p2=0 p3=0
2026-09-11 23:56:48.717293+09:00 [info] <0.462.0>@riak_kv_overflow_queue:log/5:133 riak_kv_reaper job_id=0 has attempts=0 aborts=0 Queue lengths queue_p2=0 queue_p1=0 Overflow lengths overflow_p2=0 overflow_p1=0 Discard counts discard_p2=0 discard_p1=0
2026-09-11 23:56:48.942265+09:00 [info] <0.464.0>@riak_kv_overflow_queue:log/5:133 riak_kv_reader job_id=0 has attempts=0 aborts=0 Queue lengths queue_p2=0 queue_p1=0 Overflow lengths overflow_p2=0 overflow_p1=0 Discard counts discard_p2=0 discard_p1=0
2026-09-11 23:56:48.983178+09:00 [info] <0.463.0>@riak_kv_overflow_queue:log/5:133 riak_kv_eraser job_id=0 has attempts=0 aborts=0 Queue lengths queue_p2=0 queue_p1=0 Overflow lengths overflow_p2=0 overflow_p1=0 Discard counts discard_p2=0 discard_p1=0
2026-09-11 23:57:01.162945+09:00 [info] <0.4937.0>@leveled_monitor:handle_cast/2:687 log_ref=b0015 db_id=5 Put timing with sample_count=0 ink_time=0 prep_time=0 mem_time=0 with total_object_size=0 with sample_period=210 seconds
2026-09-11 23:57:03.355691+09:00 [info] <0.710.0>@riak_core_worker_pool:handle_info/3:257 worker_pool=af4_pool has qlen=0 and no items checked out
2026-09-11 23:57:03.364078+09:00 [info] <0.6401.0>@riak_repl_leader_helper:handle_DOWN/3:110 Replication candidate node 'openriak-kv@node-05.cluster-a.openriak' down
2026-09-11 23:57:05.021607+09:00 [info] <0.714.0>@riak_core_worker_pool:handle_info/3:257 worker_pool=be_pool has qlen=0 and no items checked out
2026-09-11 23:57:05.259787+09:00 [info] <0.4940.0>@leveled_monitor:handle_cast/2:704 log_ref=b0017 db_id=1 Snapshot timing with sample_count=0 and bookie_time=0 pcl_time=0 with sample_period=210 seconds
2026-09-11 23:57:06.185613+09:00 [info] <0.699.0>@riak_core_worker_pool:handle_info/3:257 worker_pool=af2_pool has qlen=0 and no items checked out
2026-09-11 23:57:08.845094+09:00 [info] <0.6401.0>@riak_repl_leader_helper:handle_DOWN/3:110 Replication candidate node 'openriak-kv@node-01.cluster-a.openriak' down
2026-09-11 23:57:10.108951+09:00 [info] <0.6401.0>@riak_repl_leader_helper:handle_DOWN/3:110 Replication candidate node 'openriak-kv@node-03.cluster-a.openriak' down
2026-09-11 23:57:10.825694+09:00 [info] <0.675.0>@riak_core_worker_pool:handle_info/3:257 worker_pool=af1_pool has qlen=0 and no items checked out
2026-09-11 23:57:11.661064+09:00 [info] <0.703.0>@riak_core_worker_pool:handle_info/3:257 worker_pool=af3_pool has qlen=0 and no items checked out
2026-09-11 23:57:13.834685+09:00 [info] <0.803.0>@riak_repl_app:prep_stop/1:336 Redirecting realtime replication traffic
2026-09-11 23:57:13.958703+09:00 [info] <0.82.0>@supervisor:report_progress/2:1582 Supervisor: {local,kernel_safe_sup}. Started: id=riak_repl2_rtq_proxy,pid=<0.52004.0>.
2026-09-11 23:57:13.971684+09:00 [info] <0.803.0>@riak_repl_app:prep_stop/1:339 Stopping application riak_repl - marked service down.
2026-09-11 23:57:14.011547+09:00 [info] <0.52005.0>@riak_repl_migration:init/1:33 Riak replication migration server started
2026-09-11 23:57:14.017954+09:00 [info] <0.803.0>@riak_repl_app:prep_stop/1:343 Started migration server
2026-09-11 23:57:14.023455+09:00 [info] <0.52005.0>@riak_repl_migration:handle_call/3:37 Realtime Repl queue migration sleeping
2026-09-11 23:57:14.129743+09:00 [info] <0.52005.0>@riak_repl_migration:handle_info/2:50 Queue empty, no replication queue migration required
2026-09-11 23:57:15.225999+09:00 [info] <0.803.0>@riak_repl_app:stop/1:139 Stopped application riak_repl
2026-09-11 23:57:15.593118+09:00 [info] <0.360.0>@riak_kv_app:prep_stop/1:275 Stopping application riak_kv - marked service down.
2026-09-11 23:57:15.615836+09:00 [info] <0.360.0>@riak_kv_app:prep_stop/1:279 Unregistered pb services
2026-09-11 23:57:15.694920+09:00 [info] <0.360.0>@riak_kv_app:prep_stop/1:284 unregistered webmachine routes
2026-09-11 23:57:15.702345+09:00 [info] <0.360.0>@riak_kv_app:prep_stop/1:286 all active put FSMs completed
2026-09-11 23:57:15.727584+09:00 [info] <0.360.0>@riak_kv_app:stop/1:297 Stopped  application riak_kv.
2026-09-11 23:57:16.153179+09:00 [info] <0.4938.0>@leveled_inker:handle_call/3:784 log_ref=i0005 db_id=5 Inker closing journal for reason close
2026-09-11 23:57:16.161339+09:00 [info] <0.4938.0>@leveled_inker:handle_call/3:786 log_ref=i0006 db_id=5 Close triggered with journal_sqn=0 and manifest_sqn=2
2026-09-11 23:57:16.159603+09:00 [info] <0.4941.0>@leveled_inker:handle_call/3:784 log_ref=i0005 db_id=1 Inker closing journal for reason close
2026-09-11 23:57:16.163217+09:00 [info] <0.4938.0>@leveled_inker:shutdown_manifest/1:1040 log_ref=i0007 db_id=5 Inker manifest when closing is:
2026-09-11 23:57:16.167975+09:00 [info] <0.4941.0>@leveled_inker:handle_call/3:786 log_ref=i0006 db_id=1 Close triggered with journal_sqn=5 and manifest_sqn=2
2026-09-11 23:57:16.171303+09:00 [info] <0.4941.0>@leveled_inker:shutdown_manifest/1:1040 log_ref=i0007 db_id=1 Inker manifest when closing is:
2026-09-11 23:57:16.178911+09:00 [info] <0.4950.0>@leveled_pclerk:terminate/2:178 log_ref=pc005 db_id=1 Penciller's Clerk <0.4950.0> shutdown now complete for reason normal
2026-09-11 23:57:16.177508+09:00 [info] <0.4948.0>@leveled_pclerk:terminate/2:178 log_ref=pc005 db_id=5 Penciller's Clerk <0.4948.0> shutdown now complete for reason normal
2026-09-11 23:57:16.184493+09:00 [info] <0.4947.0>@leveled_penciller:handle_call/3:1072 log_ref=p0008 db_id=5 Penciller closing for reason close
2026-09-11 23:57:16.180696+09:00 [info] <0.4949.0>@leveled_penciller:handle_call/3:1072 log_ref=p0008 db_id=1 Penciller closing for reason close
2026-09-11 23:57:16.191186+09:00 [info] <0.4949.0>@leveled_penciller:handle_call/3:1088 log_ref=p0010 db_id=1 level zero discarded_count=0 on close of Penciller
2026-09-11 23:57:16.190153+09:00 [info] <0.4947.0>@leveled_penciller:handle_call/3:1088 log_ref=p0010 db_id=5 level zero discarded_count=0 on close of Penciller
2026-09-11 23:57:16.199256+09:00 [info] <0.4939.0>@leveled_bookie:terminate/2:1827 log_ref=b0003 db_id=1 Bookie closing for reason normal
2026-09-11 23:57:16.205791+09:00 [info] <0.4936.0>@leveled_bookie:terminate/2:1827 log_ref=b0003 db_id=5 Bookie closing for reason normal
2026-09-11 23:57:18.193156+09:00 [info] <0.4962.0>@aae_treecache:save_to_disk/3:403 log_ref=c0003 Saving tree cache to path /var/lib/riak/tictac_aae/182687704666362864775460604089535377456991567872/aaetree/182687704666362864775460604089535377456991567872_3/ and filename 1.pnd
2026-09-11 23:57:18.228446+09:00 [info] <0.4961.0>@aae_treecache:save_to_disk/3:403 log_ref=c0003 Saving tree cache to path /var/lib/riak/tictac_aae/913438523331814323877303020447676887284957839360/aaetree/913438523331814323877303020447676887284957839360_3/ and filename 1.pnd
2026-09-11 23:57:19.889825+09:00 [info] <0.4959.0>@aae_treecache:save_to_disk/3:403 log_ref=c0003 Saving tree cache to path /var/lib/riak/tictac_aae/182687704666362864775460604089535377456991567872/aaetree/0_3/ and filename 1.pnd
2026-09-11 23:57:19.992803+09:00 [info] <0.4960.0>@aae_treecache:save_to_disk/3:403 log_ref=c0003 Saving tree cache to path /var/lib/riak/tictac_aae/913438523331814323877303020447676887284957839360/aaetree/730750818665451459101842416358141509827966271488_3/ and filename 1.pnd
2026-09-11 23:57:21.764359+09:00 [info] <0.52004.0>@riak_repl2_rtq_proxy:handle_info/2:94 rtq proxy target 'openriak-kv@node-04.cluster-a.openriak' is down
2026-09-11 23:57:21.813891+09:00 [info] <0.4958.0>@aae_treecache:save_to_disk/3:403 log_ref=c0003 Saving tree cache to path /var/lib/riak/tictac_aae/182687704666362864775460604089535377456991567872/aaetree/1278813932664540053428224228626747642198940975104_3/ and filename 1.pnd
2026-09-11 23:57:21.852059+09:00 [info] <0.4957.0>@aae_treecache:save_to_disk/3:403 log_ref=c0003 Saving tree cache to path /var/lib/riak/tictac_aae/913438523331814323877303020447676887284957839360/aaetree/548063113999088594326381812268606132370974703616_3/ and filename 1.pnd
2026-09-11 23:57:21.933133+09:00 [info] <0.211.0>@riak_core_app:stop/1:118 Stopped  application riak_core.
2026-09-11 23:57:22.285252+09:00 [notice] <0.143.0>@: alarm_handler: {clear,system_memory_high_watermark}
