2026-09-11 20:49:40.535947+09:00 [info] <0.44.0>@application_controller:info_started/2:2130 Application: kernel. Started at: 'openriak-kv@node-03.cluster-a.openriak'.
2026-09-11 20:49:40.541404+09:00 [info] <0.44.0>@application_controller:info_started/2:2130 Application: stdlib. Started at: 'openriak-kv@node-03.cluster-a.openriak'.
2026-09-11 20:49:40.541629+09:00 [info] <0.44.0>@application_controller:info_started/2:2130 Application: asn1. Started at: 'openriak-kv@node-03.cluster-a.openriak'.
2026-09-11 20:49:40.541762+09:00 [info] <0.44.0>@application_controller:info_started/2:2130 Application: crypto. Started at: 'openriak-kv@node-03.cluster-a.openriak'.
2026-09-11 20:49:40.541841+09:00 [info] <0.44.0>@application_controller:info_started/2:2130 Application: public_key. Started at: 'openriak-kv@node-03.cluster-a.openriak'.
2026-09-11 20:49:40.546500+09:00 [info] <0.77.0>@supervisor:report_progress/2:1582 Supervisor: {local,logger_sup}. Started: id=ssl_handler,pid=<0.96.0>.
2026-09-11 20:49:40.552043+09:00 [info] <0.99.0>@supervisor:report_progress/2:1582 Supervisor: {local,ssl_admin_sup}. Started: id=ssl_pem_cache,pid=<0.100.0>.
2026-09-11 20:49:40.558828+09:00 [info] <0.99.0>@supervisor:report_progress/2:1582 Supervisor: {local,ssl_admin_sup}. Started: id=ssl_manager,pid=<0.101.0>.
2026-09-11 20:49:40.560516+09:00 [info] <0.99.0>@supervisor:report_progress/2:1582 Supervisor: {local,ssl_admin_sup}. Started: id=tls_client_ticket_store,pid=<0.102.0>.
2026-09-11 20:49:40.560940+09:00 [info] <0.98.0>@supervisor:report_progress/2:1582 Supervisor: {local,ssl_sup}. Started: id=ssl_admin_sup,pid=<0.99.0>.
2026-09-11 20:49:40.564819+09:00 [info] <0.104.0>@supervisor:report_progress/2:1582 Supervisor: {local,tls_sup}. Started: id=tls_connection_sup,pid=<0.105.0>.
2026-09-11 20:49:40.600352+09:00 [info] <0.106.0>@supervisor:report_progress/2:1582 Supervisor: {local,tls_server_sup}. Started: id=ssl_listen_tracker_sup,pid=<0.108.0>.
2026-09-11 20:49:40.601249+09:00 [info] <0.106.0>@supervisor:report_progress/2:1582 Supervisor: {local,tls_server_sup}. Started: id=tls_server_session_ticket,pid=<0.109.0>.
2026-09-11 20:49:40.601968+09:00 [info] <0.106.0>@supervisor:report_progress/2:1582 Supervisor: {local,tls_server_sup}. Started: id=ssl_server_session_cache_sup,pid=<0.110.0>.
2026-09-11 20:49:40.602685+09:00 [info] <0.106.0>@supervisor:report_progress/2:1582 Supervisor: {local,tls_server_sup}. Started: id=ssl_upgrade_server_session_cache_sup,pid=<0.111.0>.
2026-09-11 20:49:40.602841+09:00 [info] <0.104.0>@supervisor:report_progress/2:1582 Supervisor: {local,tls_sup}. Started: id=tls_server_sup,pid=<0.106.0>.
2026-09-11 20:49:40.602928+09:00 [info] <0.103.0>@supervisor:report_progress/2:1582 Supervisor: {local,ssl_connection_sup}. Started: id=tls_sup,pid=<0.104.0>.
2026-09-11 20:49:40.606444+09:00 [info] <0.112.0>@supervisor:report_progress/2:1582 Supervisor: {local,dtls_sup}. Started: id=dtls_connection_sup,pid=<0.113.0>.
2026-09-11 20:49:40.608109+09:00 [info] <0.114.0>@supervisor:report_progress/2:1582 Supervisor: {local,dtls_server_sup}. Started: id=dtls_listener_sup,pid=<0.115.0>.
2026-09-11 20:49:40.614945+09:00 [info] <0.114.0>@supervisor:report_progress/2:1582 Supervisor: {local,dtls_server_sup}. Started: id=dtls_server_session_cache_sup,pid=<0.116.0>.
2026-09-11 20:49:40.615135+09:00 [info] <0.112.0>@supervisor:report_progress/2:1582 Supervisor: {local,dtls_sup}. Started: id=dtls_server_sup,pid=<0.114.0>.
2026-09-11 20:49:40.615206+09:00 [info] <0.103.0>@supervisor:report_progress/2:1582 Supervisor: {local,ssl_connection_sup}. Started: id=dtls_sup,pid=<0.112.0>.
2026-09-11 20:49:40.615276+09:00 [info] <0.98.0>@supervisor:report_progress/2:1582 Supervisor: {local,ssl_sup}. Started: id=ssl_connection_sup,pid=<0.103.0>.
2026-09-11 20:49:40.615406+09:00 [info] <0.44.0>@application_controller:info_started/2:2130 Application: ssl. Started at: 'openriak-kv@node-03.cluster-a.openriak'.
2026-09-11 20:49:40.615603+09:00 [info] <0.44.0>@application_controller:info_started/2:2130 Application: hut. Started at: 'openriak-kv@node-03.cluster-a.openriak'.
2026-09-11 20:49:40.621650+09:00 [info] <0.121.0>@supervisor:report_progress/2:1582 Supervisor: {local,setup_sup}. Started: id=setup_srv,pid=<0.122.0>.
2026-09-11 20:49:40.628970+09:00 [notice] <0.122.0>@: Setup running ...
2026-09-11 20:49:40.636549+09:00 [notice] <0.122.0>@: Directories verified. Res = ok
2026-09-11 20:49:40.639965+09:00 [notice] <0.122.0>@: Setup finished processing hooks (Mode=normal)...
2026-09-11 20:49:40.640200+09:00 [info] <0.44.0>@application_controller:info_started/2:2130 Application: setup. Started at: 'openriak-kv@node-03.cluster-a.openriak'.
2026-09-11 20:49:40.640460+09:00 [info] <0.44.0>@application_controller:info_started/2:2130 Application: syntax_tools. Started at: 'openriak-kv@node-03.cluster-a.openriak'.
2026-09-11 20:49:40.640686+09:00 [info] <0.44.0>@application_controller:info_started/2:2130 Application: compiler. Started at: 'openriak-kv@node-03.cluster-a.openriak'.
2026-09-11 20:49:40.640854+09:00 [info] <0.44.0>@application_controller:info_started/2:2130 Application: parse_trans. Started at: 'openriak-kv@node-03.cluster-a.openriak'.
2026-09-11 20:49:40.647213+09:00 [info] <0.129.0>@supervisor:report_progress/2:1582 Supervisor: {local,exometer_core_sup}. Started: id=exometer_admin,pid=<0.130.0>.
2026-09-11 20:49:40.648421+09:00 [info] <0.129.0>@supervisor:report_progress/2:1582 Supervisor: {local,exometer_core_sup}. Started: id=exometer_cache,pid=<0.131.0>.
2026-09-11 20:49:40.652277+09:00 [info] <0.129.0>@supervisor:report_progress/2:1582 Supervisor: {local,exometer_core_sup}. Started: id=exometer_report,pid=<0.132.0>.
2026-09-11 20:49:40.653746+09:00 [info] <0.129.0>@supervisor:report_progress/2:1582 Supervisor: {local,exometer_core_sup}. Started: id=exometer_report_logger_sup,pid=<0.133.0>.
2026-09-11 20:49:40.656443+09:00 [info] <0.129.0>@supervisor:report_progress/2:1582 Supervisor: {local,exometer_core_sup}. Started: id=exometer_alias,pid=<0.134.0>.
2026-09-11 20:49:40.656886+09:00 [info] <0.132.0>@exometer_report:do_start_reporters/1:695 Starting reporters with []
2026-09-11 20:49:40.657235+09:00 [info] <0.44.0>@application_controller:info_started/2:2130 Application: exometer_core. Started at: 'openriak-kv@node-03.cluster-a.openriak'.
2026-09-11 20:49:40.661476+09:00 [info] <0.139.0>@supervisor:report_progress/2:1582 Supervisor: {local,sasl_safe_sup}. Started: id=alarm_handler,pid=<0.140.0>.
2026-09-11 20:49:40.661645+09:00 [info] <0.138.0>@supervisor:report_progress/2:1582 Supervisor: {local,sasl_sup}. Started: id=sasl_safe_sup,pid=<0.139.0>.
2026-09-11 20:49:40.672768+09:00 [info] <0.138.0>@supervisor:report_progress/2:1582 Supervisor: {local,sasl_sup}. Started: id=release_handler,pid=<0.141.0>.
2026-09-11 20:49:40.673128+09:00 [info] <0.44.0>@application_controller:info_started/2:2130 Application: sasl. Started at: 'openriak-kv@node-03.cluster-a.openriak'.
2026-09-11 20:49:40.677467+09:00 [info] <0.49.0>@supervisor:report_progress/2:1582 Supervisor: {local,kernel_sup}. Started: id=timer_server,pid=<0.148.0>.
2026-09-11 20:49:40.677723+09:00 [info] <0.146.0>@supervisor:report_progress/2:1582 Supervisor: {local,riak_sysmon_sup}. Started: id=riak_sysmon_filter,pid=<0.147.0>.
2026-09-11 20:49:40.677886+09:00 [info] <0.146.0>@supervisor:report_progress/2:1582 Supervisor: {local,riak_sysmon_sup}. Started: id=riak_sysmon_mgr,pid=<0.150.0>.
2026-09-11 20:49:40.678041+09:00 [info] <0.44.0>@application_controller:info_started/2:2130 Application: riak_sysmon. Started at: 'openriak-kv@node-03.cluster-a.openriak'.
2026-09-11 20:49:40.704883+09:00 [info] <0.154.0>@supervisor:report_progress/2:1582 Supervisor: {local,os_mon_sup}. Started: id=disksup,pid=<0.155.0>.
2026-09-11 20:49:40.715787+09:00 [info] <0.154.0>@supervisor:report_progress/2:1582 Supervisor: {local,os_mon_sup}. Started: id=memsup,pid=<0.156.0>.
2026-09-11 20:49:40.721115+09:00 [info] <0.154.0>@supervisor:report_progress/2:1582 Supervisor: {local,os_mon_sup}. Started: id=cpu_sup,pid=<0.158.0>.
2026-09-11 20:49:40.721571+09:00 [info] <0.44.0>@application_controller:info_started/2:2130 Application: os_mon. Started at: 'openriak-kv@node-03.cluster-a.openriak'.
2026-09-11 20:49:40.721871+09:00 [info] <0.44.0>@application_controller:info_started/2:2130 Application: observer. Started at: 'openriak-kv@node-03.cluster-a.openriak'.
2026-09-11 20:49:40.750979+09:00 [info] <0.165.0>@supervisor:report_progress/2:1582 Supervisor: {local,runtime_tools_sup}. Started: id=ttb_autostart,pid=<0.166.0>.
2026-09-11 20:49:40.751336+09:00 [info] <0.44.0>@application_controller:info_started/2:2130 Application: runtime_tools. Started at: 'openriak-kv@node-03.cluster-a.openriak'.
2026-09-11 20:49:40.751596+09:00 [info] <0.44.0>@application_controller:info_started/2:2130 Application: xmerl. Started at: 'openriak-kv@node-03.cluster-a.openriak'.
2026-09-11 20:49:40.769315+09:00 [notice] <0.140.0>@: alarm_handler: {set,{system_memory_high_watermark,[]}}
2026-09-11 20:49:40.820697+09:00 [info] <0.173.0>@supervisor:report_progress/2:1582 Supervisor: {local,httpc_profile_sup}. Started: id=httpc_manager,pid=<0.174.0>.
2026-09-11 20:49:40.820947+09:00 [info] <0.172.0>@supervisor:report_progress/2:1582 Supervisor: {local,httpc_sup}. Started: id=httpc_profile_sup,pid=<0.173.0>.
2026-09-11 20:49:40.823088+09:00 [info] <0.172.0>@supervisor:report_progress/2:1582 Supervisor: {local,httpc_sup}. Started: id=httpc_handler_sup,pid=<0.175.0>.
2026-09-11 20:49:40.823326+09:00 [info] <0.171.0>@supervisor:report_progress/2:1582 Supervisor: {local,inets_sup}. Started: id=httpc_sup,pid=<0.172.0>.
2026-09-11 20:49:40.827977+09:00 [info] <0.171.0>@supervisor:report_progress/2:1582 Supervisor: {local,inets_sup}. Started: id=httpd_sup,pid=<0.176.0>.
2026-09-11 20:49:40.828532+09:00 [info] <0.44.0>@application_controller:info_started/2:2130 Application: inets. Started at: 'openriak-kv@node-03.cluster-a.openriak'.
2026-09-11 20:49:40.829746+09:00 [info] <0.44.0>@application_controller:info_started/2:2130 Application: mochiweb. Started at: 'openriak-kv@node-03.cluster-a.openriak'.
2026-09-11 20:49:40.841419+09:00 [info] <0.181.0>@supervisor:report_progress/2:1582 Supervisor: {local,webmachine_sup}. Started: id=webmachine_logger,pid=<0.182.0>.
2026-09-11 20:49:40.843132+09:00 [info] <0.181.0>@supervisor:report_progress/2:1582 Supervisor: {local,webmachine_sup}. Started: id=webmachine_logger_watcher_sup,pid=<0.183.0>.
2026-09-11 20:49:40.844808+09:00 [info] <0.181.0>@supervisor:report_progress/2:1582 Supervisor: {local,webmachine_sup}. Started: id=webmachine_router,pid=<0.184.0>.
2026-09-11 20:49:40.845028+09:00 [info] <0.44.0>@application_controller:info_started/2:2130 Application: webmachine. Started at: 'openriak-kv@node-03.cluster-a.openriak'.
2026-09-11 20:49:40.845371+09:00 [info] <0.44.0>@application_controller:info_started/2:2130 Application: basho_stats. Started at: 'openriak-kv@node-03.cluster-a.openriak'.
2026-09-11 20:49:40.848878+09:00 [info] <0.189.0>@supervisor:report_progress/2:1582 Supervisor: {local,bitcask_sup}. Started: id=bitcask_merge_worker,pid=<0.190.0>.
2026-09-11 20:49:40.850582+09:00 [info] <0.189.0>@supervisor:report_progress/2:1582 Supervisor: {local,bitcask_sup}. Started: id=bitcask_merge_delete,pid=<0.191.0>.
2026-09-11 20:49:40.850802+09:00 [info] <0.44.0>@application_controller:info_started/2:2130 Application: bitcask. Started at: 'openriak-kv@node-03.cluster-a.openriak'.
2026-09-11 20:49:40.851037+09:00 [info] <0.44.0>@application_controller:info_started/2:2130 Application: getopt. Started at: 'openriak-kv@node-03.cluster-a.openriak'.
2026-09-11 20:49:40.851183+09:00 [info] <0.44.0>@application_controller:info_started/2:2130 Application: cuttlefish. Started at: 'openriak-kv@node-03.cluster-a.openriak'.
2026-09-11 20:49:40.863496+09:00 [info] <0.197.0>@supervisor:report_progress/2:1582 Supervisor: {local,clique_sup}. Started: id=clique_manager,pid=<0.198.0>.
2026-09-11 20:49:40.863751+09:00 [info] <0.44.0>@application_controller:info_started/2:2130 Application: clique. Started at: 'openriak-kv@node-03.cluster-a.openriak'.
2026-09-11 20:49:40.863950+09:00 [info] <0.44.0>@application_controller:info_started/2:2130 Application: eleveldb. Started at: 'openriak-kv@node-03.cluster-a.openriak'.
2026-09-11 20:49:40.864093+09:00 [info] <0.44.0>@application_controller:info_started/2:2130 Application: pbkdf2. Started at: 'openriak-kv@node-03.cluster-a.openriak'.
2026-09-11 20:49:40.864181+09:00 [info] <0.44.0>@application_controller:info_started/2:2130 Application: poolboy. Started at: 'openriak-kv@node-03.cluster-a.openriak'.
2026-09-11 20:49:40.868225+09:00 [info] <0.44.0>@application_controller:info_started/2:2130 Application: cluster_info. Started at: 'openriak-kv@node-03.cluster-a.openriak'.
2026-09-11 20:49:40.891628+09:00 [info] <0.209.0>@supervisor:report_progress/2:1582 Supervisor: {local,riak_core_sup}. Started: id=riak_core_bg_manager,pid=<0.210.0>.
2026-09-11 20:49:40.894091+09:00 [info] <0.209.0>@supervisor:report_progress/2:1582 Supervisor: {local,riak_core_sup}. Started: id=riak_core_sysmon_minder,pid=<0.211.0>.
2026-09-11 20:49:40.895138+09:00 [info] <0.209.0>@supervisor:report_progress/2:1582 Supervisor: {local,riak_core_sup}. Started: id=riak_core_vnode_sup,pid=<0.212.0>.
2026-09-11 20:49:40.896089+09:00 [info] <0.209.0>@supervisor:report_progress/2:1582 Supervisor: {local,riak_core_sup}. Started: id=riak_core_eventhandler_sup,pid=<0.213.0>.
2026-09-11 20:49:40.897427+09:00 [info] <0.209.0>@supervisor:report_progress/2:1582 Supervisor: {local,riak_core_sup}. Started: id=riak_core_dist_mon,pid=<0.214.0>.
2026-09-11 20:49:40.899128+09:00 [info] <0.215.0>@supervisor:report_progress/2:1582 Supervisor: {local,riak_core_handoff_sup}. Started: id=riak_core_handoff_receiver_sup,pid=<0.216.0>.
2026-09-11 20:49:40.900055+09:00 [info] <0.215.0>@supervisor:report_progress/2:1582 Supervisor: {local,riak_core_handoff_sup}. Started: id=riak_core_handoff_sender_sup,pid=<0.217.0>.
2026-09-11 20:49:40.906455+09:00 [info] <0.218.0>@supervisor:report_progress/2:1582 Supervisor: {local,riak_core_handoff_listener_sup}. Started: id=riak_core_handoff_listener,pid=<0.219.0>.
2026-09-11 20:49:40.906659+09:00 [info] <0.215.0>@supervisor:report_progress/2:1582 Supervisor: {local,riak_core_handoff_sup}. Started: id=riak_core_handoff_listener_sup,pid=<0.218.0>.
2026-09-11 20:49:40.910599+09:00 [info] <0.215.0>@supervisor:report_progress/2:1582 Supervisor: {local,riak_core_handoff_sup}. Started: id=riak_core_handoff_manager,pid=<0.221.0>.
2026-09-11 20:49:40.910812+09:00 [info] <0.209.0>@supervisor:report_progress/2:1582 Supervisor: {local,riak_core_sup}. Started: id=riak_core_handoff_sup,pid=<0.215.0>.
2026-09-11 20:49:40.911896+09:00 [info] <0.209.0>@supervisor:report_progress/2:1582 Supervisor: {local,riak_core_sup}. Started: id=riak_core_ring_events,pid=<0.222.0>.
2026-09-11 20:49:41.197513+09:00 [warning] <0.223.0>@riak_core_ring_manager:reload_ring/1:388 No ring file available.
2026-09-11 20:49:41.227272+09:00 [info] <0.209.0>@supervisor:report_progress/2:1582 Supervisor: {local,riak_core_sup}. Started: id=riak_core_ring_manager,pid=<0.223.0>.
2026-09-11 20:49:41.251181+09:00 [info] <0.82.0>@supervisor:report_progress/2:1582 Supervisor: {local,kernel_safe_sup}. Started: id=dets_sup,pid=<0.227.0>.
2026-09-11 20:49:41.251554+09:00 [info] <0.82.0>@supervisor:report_progress/2:1582 Supervisor: {local,kernel_safe_sup}. Started: id=dets,pid=<0.228.0>.
2026-09-11 20:49:41.284446+09:00 [info] <0.209.0>@supervisor:report_progress/2:1582 Supervisor: {local,riak_core_sup}. Started: id=riak_core_metadata_manager,pid=<0.226.0>.
2026-09-11 20:49:41.398917+09:00 [info] <0.209.0>@supervisor:report_progress/2:1582 Supervisor: {local,riak_core_sup}. Started: id=riak_core_metadata_hashtree,pid=<0.231.0>.
2026-09-11 20:49:41.402984+09:00 [info] <0.209.0>@supervisor:report_progress/2:1582 Supervisor: {local,riak_core_sup}. Started: id=riak_core_broadcast,pid=<0.234.0>.
2026-09-11 20:49:41.407047+09:00 [info] <0.209.0>@supervisor:report_progress/2:1582 Supervisor: {local,riak_core_sup}. Started: id=riak_core_vnode_proxy_sup,pid=<0.235.0>.
2026-09-11 20:49:41.414979+09:00 [info] <0.209.0>@supervisor:report_progress/2:1582 Supervisor: {local,riak_core_sup}. Started: id=riak_core_node_watcher_events,pid=<0.236.0>.
2026-09-11 20:49:41.419158+09:00 [info] <0.209.0>@supervisor:report_progress/2:1582 Supervisor: {local,riak_core_sup}. Started: id=riak_core_node_watcher,pid=<0.237.0>.
2026-09-11 20:49:41.426742+09:00 [info] <0.209.0>@supervisor:report_progress/2:1582 Supervisor: {local,riak_core_sup}. Started: id=riak_core_vnode_manager,pid=<0.238.0>.
2026-09-11 20:49:41.437611+09:00 [info] <0.209.0>@supervisor:report_progress/2:1582 Supervisor: {local,riak_core_sup}. Started: id=riak_core_capability,pid=<0.239.0>.
2026-09-11 20:49:41.437868+09:00 [info] <0.209.0>@supervisor:report_progress/2:1582 Supervisor: {local,riak_core_sup}. Started: id=riak_core_gossip,pid=<0.240.0>.
2026-09-11 20:49:41.450008+09:00 [info] <0.209.0>@supervisor:report_progress/2:1582 Supervisor: {local,riak_core_sup}. Started: id=riak_core_claimant,pid=<0.241.0>.
2026-09-11 20:49:41.456388+09:00 [info] <0.209.0>@supervisor:report_progress/2:1582 Supervisor: {local,riak_core_sup}. Started: id=riak_core_table_owner,pid=<0.242.0>.
2026-09-11 20:49:41.463525+09:00 [info] <0.244.0>@supervisor:report_progress/2:1582 Supervisor: {local,riak_core_stats_sup}. Started: id=riak_core_stat_cache,pid=<0.245.0>.
2026-09-11 20:49:41.463698+09:00 [info] <0.243.0>@supervisor:report_progress/2:1582 Supervisor: {local,riak_core_stat_sup}. Started: id=riak_core_stats_sup,pid=<0.244.0>.
2026-09-11 20:49:41.463773+09:00 [info] <0.209.0>@supervisor:report_progress/2:1582 Supervisor: {local,riak_core_sup}. Started: id=riak_core_stat_sup,pid=<0.243.0>.
2026-09-11 20:49:41.511152+09:00 [info] <0.209.0>@supervisor:report_progress/2:1582 Supervisor: {local,riak_core_sup}. Started: id=riak_core_node_worker_pool_sup,pid=<0.246.0>.
2026-09-11 20:49:41.554204+09:00 [info] <0.244.0>@supervisor:report_progress/2:1582 Supervisor: {local,riak_core_stats_sup}. Started: id=riak_core_stat,pid=<0.247.0>.
2026-09-11 20:49:41.578170+09:00 [info] <0.213.0>@supervisor:report_progress/2:1582 Supervisor: {local,riak_core_eventhandler_sup}. Started: id={riak_core_ring_events,riak_core_ring_handler},pid=<0.270.0>.
2026-09-11 20:49:41.578614+09:00 [info] <0.239.0>@riak_core_capability:process_capability_changes/2:557 New capability: {riak_core,vnode_routing} = proxy
2026-09-11 20:49:41.587437+09:00 [info] <0.239.0>@riak_core_capability:process_capability_changes/2:557 New capability: {riak_core,staged_joins} = true
2026-09-11 20:49:41.599968+09:00 [info] <0.239.0>@riak_core_capability:process_capability_changes/2:557 New capability: {riak_core,resizable_ring} = true
2026-09-11 20:49:41.609765+09:00 [info] <0.239.0>@riak_core_capability:process_capability_changes/2:557 New capability: {riak_core,fold_req_version} = v2
2026-09-11 20:49:41.631892+09:00 [info] <0.239.0>@riak_core_capability:process_capability_changes/2:557 New capability: {riak_core,security} = true
2026-09-11 20:49:41.642199+09:00 [info] <0.239.0>@riak_core_capability:process_capability_changes/2:557 New capability: {riak_core,bucket_types} = true
2026-09-11 20:49:41.649449+09:00 [info] <0.239.0>@riak_core_capability:process_capability_changes/2:557 New capability: {riak_core,net_ticktime} = true
2026-09-11 20:49:42.044469+09:00 [info] <0.44.0>@application_controller:info_started/2:2130 Application: riak_core. Started at: 'openriak-kv@node-03.cluster-a.openriak'.
2026-09-11 20:49:42.060273+09:00 [info] <0.239.0>@riak_core_capability:process_capability_changes/2:557 New capability: {riak_pipe,trace_format} = ordsets
2026-09-11 20:49:42.086151+09:00 [info] <0.277.0>@supervisor:report_progress/2:1582 Supervisor: {local,riak_pipe_sup}. Started: id=riak_pipe_vnode_master,pid=<0.278.0>.
2026-09-11 20:49:42.089633+09:00 [info] <0.277.0>@supervisor:report_progress/2:1582 Supervisor: {local,riak_pipe_sup}. Started: id=riak_pipe_builder_sup,pid=<0.279.0>.
2026-09-11 20:49:42.091466+09:00 [info] <0.277.0>@supervisor:report_progress/2:1582 Supervisor: {local,riak_pipe_sup}. Started: id=riak_pipe_fitting_sup,pid=<0.280.0>.
2026-09-11 20:49:42.093205+09:00 [info] <0.277.0>@supervisor:report_progress/2:1582 Supervisor: {local,riak_pipe_sup}. Started: id=riak_pipe_qcover_sup,pid=<0.281.0>.
2026-09-11 20:49:42.097264+09:00 [info] <0.235.0>@supervisor:report_progress/2:1582 Supervisor: {local,riak_core_vnode_proxy_sup}. Started: id={riak_pipe_vnode,0},pid=<0.282.0>.
2026-09-11 20:49:42.097483+09:00 [info] <0.235.0>@supervisor:report_progress/2:1582 Supervisor: {local,riak_core_vnode_proxy_sup}. Started: id={riak_pipe_vnode,182687704666362864775460604089535377456991567872},pid=<0.283.0>.
2026-09-11 20:49:42.097580+09:00 [info] <0.235.0>@supervisor:report_progress/2:1582 Supervisor: {local,riak_core_vnode_proxy_sup}. Started: id={riak_pipe_vnode,365375409332725729550921208179070754913983135744},pid=<0.284.0>.
2026-09-11 20:49:42.097745+09:00 [info] <0.235.0>@supervisor:report_progress/2:1582 Supervisor: {local,riak_core_vnode_proxy_sup}. Started: id={riak_pipe_vnode,548063113999088594326381812268606132370974703616},pid=<0.285.0>.
2026-09-11 20:49:42.097861+09:00 [info] <0.235.0>@supervisor:report_progress/2:1582 Supervisor: {local,riak_core_vnode_proxy_sup}. Started: id={riak_pipe_vnode,730750818665451459101842416358141509827966271488},pid=<0.286.0>.
2026-09-11 20:49:42.097934+09:00 [info] <0.235.0>@supervisor:report_progress/2:1582 Supervisor: {local,riak_core_vnode_proxy_sup}. Started: id={riak_pipe_vnode,913438523331814323877303020447676887284957839360},pid=<0.287.0>.
2026-09-11 20:49:42.098009+09:00 [info] <0.235.0>@supervisor:report_progress/2:1582 Supervisor: {local,riak_core_vnode_proxy_sup}. Started: id={riak_pipe_vnode,1096126227998177188652763624537212264741949407232},pid=<0.288.0>.
2026-09-11 20:49:42.098080+09:00 [info] <0.235.0>@supervisor:report_progress/2:1582 Supervisor: {local,riak_core_vnode_proxy_sup}. Started: id={riak_pipe_vnode,1278813932664540053428224228626747642198940975104},pid=<0.289.0>.
2026-09-11 20:49:42.101838+09:00 [info] <0.244.0>@supervisor:report_progress/2:1582 Supervisor: {local,riak_core_stats_sup}. Started: id=riak_pipe_stat,pid=<0.290.0>.
2026-09-11 20:49:42.134412+09:00 [info] <0.44.0>@application_controller:info_started/2:2130 Application: riak_pipe. Started at: 'openriak-kv@node-03.cluster-a.openriak'.
2026-09-11 20:49:42.135574+09:00 [info] <0.44.0>@application_controller:info_started/2:2130 Application: tools. Started at: 'openriak-kv@node-03.cluster-a.openriak'.
2026-09-11 20:49:42.136246+09:00 [info] <0.44.0>@application_controller:info_started/2:2130 Application: riak_pb. Started at: 'openriak-kv@node-03.cluster-a.openriak'.
2026-09-11 20:49:42.176215+09:00 [info] <0.298.0>@supervisor:report_progress/2:1582 Supervisor: {local,riak_api_sup}. Started: id=riak_api_pb_registration_helper,pid=<0.299.0>.
2026-09-11 20:49:42.184960+09:00 [info] <0.298.0>@supervisor:report_progress/2:1582 Supervisor: {local,riak_api_sup}. Started: id=riak_api_pb_registrar,pid=<0.300.0>.
2026-09-11 20:49:42.188406+09:00 [info] <0.298.0>@supervisor:report_progress/2:1582 Supervisor: {local,riak_api_sup}. Started: id=riak_api_pb_sup,pid=<0.301.0>.
2026-09-11 20:49:42.189052+09:00 [info] <0.298.0>@supervisor:report_progress/2:1582 Supervisor: {local,riak_api_sup}. Started: id=[112,98,58,47,47,34,48,46,48,46,48,46,48,34,58,56,48,56,55],pid=<0.302.0>.
2026-09-11 20:49:42.490029+09:00 [info] <0.298.0>@supervisor:report_progress/2:1582 Supervisor: {local,riak_api_sup}. Started: id=[104,116,116,112,58,47,47,48,46,48,46,48,46,48,58,56,48,57,56],pid=<0.305.0>.
2026-09-11 20:49:42.495269+09:00 [info] <0.244.0>@supervisor:report_progress/2:1582 Supervisor: {local,riak_core_stats_sup}. Started: id=riak_api_stat,pid=<0.322.0>.
2026-09-11 20:49:42.523132+09:00 [info] <0.44.0>@application_controller:info_started/2:2130 Application: riak_api. Started at: 'openriak-kv@node-03.cluster-a.openriak'.
2026-09-11 20:49:42.528575+09:00 [info] <0.44.0>@application_controller:info_started/2:2130 Application: sidejob. Started at: 'openriak-kv@node-03.cluster-a.openriak'.
2026-09-11 20:49:42.528951+09:00 [info] <0.44.0>@application_controller:info_started/2:2130 Application: riak_dt. Started at: 'openriak-kv@node-03.cluster-a.openriak'.
2026-09-11 20:49:42.529100+09:00 [info] <0.44.0>@application_controller:info_started/2:2130 Application: sext. Started at: 'openriak-kv@node-03.cluster-a.openriak'.
2026-09-11 20:49:42.529256+09:00 [info] <0.44.0>@application_controller:info_started/2:2130 Application: lz4. Started at: 'openriak-kv@node-03.cluster-a.openriak'.
2026-09-11 20:49:42.529361+09:00 [info] <0.44.0>@application_controller:info_started/2:2130 Application: zstd. Started at: 'openriak-kv@node-03.cluster-a.openriak'.
2026-09-11 20:49:42.529478+09:00 [info] <0.44.0>@application_controller:info_started/2:2130 Application: leveled. Started at: 'openriak-kv@node-03.cluster-a.openriak'.
2026-09-11 20:49:42.529562+09:00 [info] <0.44.0>@application_controller:info_started/2:2130 Application: kv_index_tictactree. Started at: 'openriak-kv@node-03.cluster-a.openriak'.
2026-09-11 20:49:42.529665+09:00 [info] <0.44.0>@application_controller:info_started/2:2130 Application: hyper. Started at: 'openriak-kv@node-03.cluster-a.openriak'.
2026-09-11 20:49:42.529788+09:00 [info] <0.44.0>@application_controller:info_started/2:2130 Application: redbug. Started at: 'openriak-kv@node-03.cluster-a.openriak'.
2026-09-11 20:49:42.529943+09:00 [info] <0.44.0>@application_controller:info_started/2:2130 Application: recon. Started at: 'openriak-kv@node-03.cluster-a.openriak'.
2026-09-11 20:49:42.530036+09:00 [info] <0.44.0>@application_controller:info_started/2:2130 Application: riakc. Started at: 'openriak-kv@node-03.cluster-a.openriak'.
2026-09-11 20:49:42.557189+09:00 [info] <0.343.0>@supervisor:report_progress/2:1582 Supervisor: {local,ibrowse_sup}. Started: id=ibrowse,pid=<0.345.0>.
2026-09-11 20:49:42.557675+09:00 [info] <0.44.0>@application_controller:info_started/2:2130 Application: ibrowse. Started at: 'openriak-kv@node-03.cluster-a.openriak'.
2026-09-11 20:49:42.558099+09:00 [info] <0.44.0>@application_controller:info_started/2:2130 Application: rhc. Started at: 'openriak-kv@node-03.cluster-a.openriak'.
2026-09-11 20:49:42.679654+09:00 [info] <0.353.0>@supervisor:report_progress/2:1582 Supervisor: {local,riak_kv_put_fsm_sj_worker_sup}. Started: id=riak_kv_put_fsm_sj_1,pid=<0.354.0>.
2026-09-11 20:49:42.680125+09:00 [info] <0.353.0>@supervisor:report_progress/2:1582 Supervisor: {local,riak_kv_put_fsm_sj_worker_sup}. Started: id=riak_kv_put_fsm_sj_2,pid=<0.355.0>.
2026-09-11 20:49:42.680439+09:00 [info] <0.353.0>@supervisor:report_progress/2:1582 Supervisor: {local,riak_kv_put_fsm_sj_worker_sup}. Started: id=riak_kv_put_fsm_sj_3,pid=<0.356.0>.
2026-09-11 20:49:42.680869+09:00 [info] <0.353.0>@supervisor:report_progress/2:1582 Supervisor: {local,riak_kv_put_fsm_sj_worker_sup}. Started: id=riak_kv_put_fsm_sj_4,pid=<0.357.0>.
2026-09-11 20:49:42.681844+09:00 [info] <0.353.0>@supervisor:report_progress/2:1582 Supervisor: {local,riak_kv_put_fsm_sj_worker_sup}. Started: id=riak_kv_put_fsm_sj_5,pid=<0.358.0>.
2026-09-11 20:49:42.682177+09:00 [info] <0.353.0>@supervisor:report_progress/2:1582 Supervisor: {local,riak_kv_put_fsm_sj_worker_sup}. Started: id=riak_kv_put_fsm_sj_6,pid=<0.359.0>.
2026-09-11 20:49:42.682435+09:00 [info] <0.353.0>@supervisor:report_progress/2:1582 Supervisor: {local,riak_kv_put_fsm_sj_worker_sup}. Started: id=riak_kv_put_fsm_sj_7,pid=<0.360.0>.
2026-09-11 20:49:42.682628+09:00 [info] <0.353.0>@supervisor:report_progress/2:1582 Supervisor: {local,riak_kv_put_fsm_sj_worker_sup}. Started: id=riak_kv_put_fsm_sj_8,pid=<0.361.0>.
2026-09-11 20:49:42.682761+09:00 [info] <0.352.0>@supervisor:report_progress/2:1582 Supervisor: {local,riak_kv_put_fsm_sj}. Started: id=sidejob_worker_sup,pid=<0.353.0>.
2026-09-11 20:49:42.682958+09:00 [info] <0.352.0>@supervisor:report_progress/2:1582 Supervisor: {local,riak_kv_put_fsm_sj}. Started: id=riak_kv_put_fsm_sj_stats,pid=<0.362.0>.
2026-09-11 20:49:42.683107+09:00 [info] <0.327.0>@supervisor:report_progress/2:1582 Supervisor: {local,sidejob_sup}. Started: id=riak_kv_put_fsm_sj,pid=<0.352.0>.
2026-09-11 20:49:42.687123+09:00 [info] <0.365.0>@supervisor:report_progress/2:1582 Supervisor: {local,riak_kv_get_fsm_sj_worker_sup}. Started: id=riak_kv_get_fsm_sj_1,pid=<0.366.0>.
2026-09-11 20:49:42.687454+09:00 [info] <0.365.0>@supervisor:report_progress/2:1582 Supervisor: {local,riak_kv_get_fsm_sj_worker_sup}. Started: id=riak_kv_get_fsm_sj_2,pid=<0.367.0>.
2026-09-11 20:49:42.687650+09:00 [info] <0.365.0>@supervisor:report_progress/2:1582 Supervisor: {local,riak_kv_get_fsm_sj_worker_sup}. Started: id=riak_kv_get_fsm_sj_3,pid=<0.368.0>.
2026-09-11 20:49:42.687818+09:00 [info] <0.365.0>@supervisor:report_progress/2:1582 Supervisor: {local,riak_kv_get_fsm_sj_worker_sup}. Started: id=riak_kv_get_fsm_sj_4,pid=<0.369.0>.
2026-09-11 20:49:42.687968+09:00 [info] <0.365.0>@supervisor:report_progress/2:1582 Supervisor: {local,riak_kv_get_fsm_sj_worker_sup}. Started: id=riak_kv_get_fsm_sj_5,pid=<0.370.0>.
2026-09-11 20:49:42.688109+09:00 [info] <0.365.0>@supervisor:report_progress/2:1582 Supervisor: {local,riak_kv_get_fsm_sj_worker_sup}. Started: id=riak_kv_get_fsm_sj_6,pid=<0.371.0>.
2026-09-11 20:49:42.688247+09:00 [info] <0.365.0>@supervisor:report_progress/2:1582 Supervisor: {local,riak_kv_get_fsm_sj_worker_sup}. Started: id=riak_kv_get_fsm_sj_7,pid=<0.372.0>.
2026-09-11 20:49:42.688386+09:00 [info] <0.365.0>@supervisor:report_progress/2:1582 Supervisor: {local,riak_kv_get_fsm_sj_worker_sup}. Started: id=riak_kv_get_fsm_sj_8,pid=<0.373.0>.
2026-09-11 20:49:42.688449+09:00 [info] <0.364.0>@supervisor:report_progress/2:1582 Supervisor: {local,riak_kv_get_fsm_sj}. Started: id=sidejob_worker_sup,pid=<0.365.0>.
2026-09-11 20:49:42.688547+09:00 [info] <0.364.0>@supervisor:report_progress/2:1582 Supervisor: {local,riak_kv_get_fsm_sj}. Started: id=riak_kv_get_fsm_sj_stats,pid=<0.374.0>.
2026-09-11 20:49:42.688605+09:00 [info] <0.327.0>@supervisor:report_progress/2:1582 Supervisor: {local,sidejob_sup}. Started: id=riak_kv_get_fsm_sj,pid=<0.364.0>.
2026-09-11 20:49:42.697038+09:00 [info] <0.377.0>@supervisor:report_progress/2:1582 Supervisor: {local,riak_kv_stat_sj_worker_sup}. Started: id=riak_kv_stat_sj_1,pid=<0.378.0>.
2026-09-11 20:49:42.697393+09:00 [info] <0.377.0>@supervisor:report_progress/2:1582 Supervisor: {local,riak_kv_stat_sj_worker_sup}. Started: id=riak_kv_stat_sj_2,pid=<0.379.0>.
2026-09-11 20:49:42.697588+09:00 [info] <0.377.0>@supervisor:report_progress/2:1582 Supervisor: {local,riak_kv_stat_sj_worker_sup}. Started: id=riak_kv_stat_sj_3,pid=<0.380.0>.
2026-09-11 20:49:42.697741+09:00 [info] <0.377.0>@supervisor:report_progress/2:1582 Supervisor: {local,riak_kv_stat_sj_worker_sup}. Started: id=riak_kv_stat_sj_4,pid=<0.381.0>.
2026-09-11 20:49:42.697886+09:00 [info] <0.377.0>@supervisor:report_progress/2:1582 Supervisor: {local,riak_kv_stat_sj_worker_sup}. Started: id=riak_kv_stat_sj_5,pid=<0.382.0>.
2026-09-11 20:49:42.698054+09:00 [info] <0.377.0>@supervisor:report_progress/2:1582 Supervisor: {local,riak_kv_stat_sj_worker_sup}. Started: id=riak_kv_stat_sj_6,pid=<0.383.0>.
2026-09-11 20:49:42.698199+09:00 [info] <0.377.0>@supervisor:report_progress/2:1582 Supervisor: {local,riak_kv_stat_sj_worker_sup}. Started: id=riak_kv_stat_sj_7,pid=<0.384.0>.
2026-09-11 20:49:42.698448+09:00 [info] <0.377.0>@supervisor:report_progress/2:1582 Supervisor: {local,riak_kv_stat_sj_worker_sup}. Started: id=riak_kv_stat_sj_8,pid=<0.385.0>.
2026-09-11 20:49:42.698537+09:00 [info] <0.376.0>@supervisor:report_progress/2:1582 Supervisor: {local,riak_kv_stat_sj}. Started: id=sidejob_worker_sup,pid=<0.377.0>.
2026-09-11 20:49:42.698683+09:00 [info] <0.376.0>@supervisor:report_progress/2:1582 Supervisor: {local,riak_kv_stat_sj}. Started: id=riak_kv_stat_sj_stats,pid=<0.386.0>.
2026-09-11 20:49:42.698903+09:00 [info] <0.327.0>@supervisor:report_progress/2:1582 Supervisor: {local,sidejob_sup}. Started: id=riak_kv_stat_sj,pid=<0.376.0>.
2026-09-11 20:49:42.795047+09:00 [info] <0.350.0>@riak_kv_env:doc_env/0:88 Environment and OS variables:
2026-09-11 20:49:42.896603+09:00 [info] <0.350.0>@riak_kv_env:doc_env/0:107 Open files limit: 100000
2026-09-11 20:49:42.896816+09:00 [notice] <0.350.0>@riak_kv_env:doc_env/0:107 Core dumps are disabled, this may hinder debugging. Enable with ulimit -c
2026-09-11 20:49:42.902451+09:00 [warning] <0.350.0>@riak_kv_env:doc_env/0:107 ERTS process limit of 262144 is low, at least 524288 is recommended. Set with riak.conf: erlang.process_limit
2026-09-11 20:49:42.902741+09:00 [info] <0.350.0>@riak_kv_env:doc_env/0:107 ERTS ports limit: 262144
2026-09-11 20:49:42.902872+09:00 [info] <0.350.0>@riak_kv_env:doc_env/0:107 ERTS ETS table limit: 256000
2026-09-11 20:49:42.902943+09:00 [notice] <0.350.0>@riak_kv_env:doc_env/0:107 ERTS thread pool limit of 64 is high, not more than 16 is recommended. Set with riak.conf: erlang.async_threads
2026-09-11 20:49:42.903034+09:00 [info] <0.350.0>@riak_kv_env:doc_env/0:107 ERTS dist buffer busy limit: 33554432
2026-09-11 20:49:42.903094+09:00 [info] <0.350.0>@riak_kv_env:doc_env/0:107 ERTS time warp mode: multi_time_warp
2026-09-11 20:49:42.903136+09:00 [notice] <0.350.0>@riak_kv_env:doc_env/0:107 ERTS fullsweep generations of 0 is low, 16-16384 is recommended. Set with riak.conf: erlang.fullsweep_after
2026-09-11 20:49:42.903209+09:00 [info] <0.350.0>@riak_kv_env:doc_env/0:107 ERTS Schedulers: 8 for 8 CPU cores
2026-09-11 20:49:42.903250+09:00 [notice] <0.350.0>@riak_kv_env:doc_env/0:107 sysctl net.core.netdev_max_backlog is not supported on this platform
2026-09-11 20:49:42.903309+09:00 [warning] <0.350.0>@riak_kv_env:doc_env/0:107 sysctl net.core.rmem_default is 212992, should be at least 4194304
2026-09-11 20:49:42.903367+09:00 [warning] <0.350.0>@riak_kv_env:doc_env/0:107 sysctl net.core.rmem_max is 4194304, should be at least 8388608
2026-09-11 20:49:42.903410+09:00 [info] <0.350.0>@riak_kv_env:doc_env/0:107 sysctl net.core.somaxconn is 4096, at least 2048
2026-09-11 20:49:42.903461+09:00 [warning] <0.350.0>@riak_kv_env:doc_env/0:107 sysctl net.core.wmem_default is 212992, should be at least 4194304
2026-09-11 20:49:42.903519+09:00 [warning] <0.350.0>@riak_kv_env:doc_env/0:107 sysctl net.core.wmem_max is 4194304, should be at least 8388608
2026-09-11 20:49:42.903576+09:00 [warning] <0.350.0>@riak_kv_env:doc_env/0:107 sysctl net.ipv4.tcp_fin_timeout is 60, should be not more than 30
2026-09-11 20:49:42.903629+09:00 [info] <0.350.0>@riak_kv_env:doc_env/0:107 sysctl net.ipv4.tcp_keepalive_intvl is 75, not more than 90
2026-09-11 20:49:42.905289+09:00 [warning] <0.350.0>@riak_kv_env:doc_env/0:107 sysctl net.ipv4.tcp_max_syn_backlog is 2048, should be at least 16384
2026-09-11 20:49:42.905384+09:00 [info] <0.350.0>@riak_kv_env:doc_env/0:107 sysctl net.ipv4.tcp_moderate_rcvbuf is 1, equal to 1
2026-09-11 20:49:42.905432+09:00 [info] <0.350.0>@riak_kv_env:doc_env/0:107 sysctl net.ipv4.tcp_sack is 1, equal to 1
2026-09-11 20:49:42.905494+09:00 [info] <0.350.0>@riak_kv_env:doc_env/0:107 sysctl net.ipv4.tcp_timestamps is 1, at least 1
2026-09-11 20:49:42.905552+09:00 [warning] <0.350.0>@riak_kv_env:doc_env/0:107 sysctl net.ipv4.tcp_tw_reuse is 2, should be equal to 1
2026-09-11 20:49:42.905618+09:00 [info] <0.350.0>@riak_kv_env:doc_env/0:107 sysctl net.ipv4.tcp_window_scaling is 1, equal to 1
2026-09-11 20:49:42.905675+09:00 [warning] <0.350.0>@riak_kv_env:doc_env/0:107 sysctl vm.swappiness is 60, should be not more than 10
2026-09-11 20:49:42.959029+09:00 [info] <0.239.0>@riak_core_capability:process_capability_changes/2:557 New capability: {riak_kv,object_hash_version} = 0
2026-09-11 20:49:42.972933+09:00 [info] <0.239.0>@riak_core_capability:process_capability_changes/2:557 New capability: {riak_kv,anti_entropy} = enabled_v1
2026-09-11 20:49:42.981820+09:00 [info] <0.388.0>@riak_core_throttle:enable_throttle/2:121 Enabling throttle for riak_kv/aae_throttle.
2026-09-11 20:49:42.982130+09:00 [info] <0.387.0>@supervisor:report_progress/2:1582 Supervisor: {local,riak_kv_sup}. Started: id=riak_kv_entropy_manager,pid=<0.388.0>.
2026-09-11 20:49:42.997777+09:00 [info] <0.387.0>@supervisor:report_progress/2:1582 Supervisor: {local,riak_kv_sup}. Started: id=riak_kv_ttaaefs_manager,pid=<0.389.0>.
2026-09-11 20:49:43.017506+09:00 [info] <0.387.0>@supervisor:report_progress/2:1582 Supervisor: {local,riak_kv_sup}. Started: id=riak_kv_replrtq_src,pid=<0.390.0>.
2026-09-11 20:49:43.024867+09:00 [info] <0.387.0>@supervisor:report_progress/2:1582 Supervisor: {local,riak_kv_sup}. Started: id=riak_kv_replrtq_snk,pid=<0.391.0>.
2026-09-11 20:49:43.028950+09:00 [info] <0.387.0>@supervisor:report_progress/2:1582 Supervisor: {local,riak_kv_sup}. Started: id=riak_kv_replrtq_peer,pid=<0.392.0>.
2026-09-11 20:49:43.051734+09:00 [info] <0.387.0>@supervisor:report_progress/2:1582 Supervisor: {local,riak_kv_sup}. Started: id=riak_kv_reaper,pid=<0.393.0>.
2026-09-11 20:49:43.058350+09:00 [info] <0.387.0>@supervisor:report_progress/2:1582 Supervisor: {local,riak_kv_sup}. Started: id=riak_kv_eraser,pid=<0.394.0>.
2026-09-11 20:49:43.064613+09:00 [info] <0.387.0>@supervisor:report_progress/2:1582 Supervisor: {local,riak_kv_sup}. Started: id=riak_kv_reader,pid=<0.395.0>.
2026-09-11 20:49:43.072033+09:00 [info] <0.387.0>@supervisor:report_progress/2:1582 Supervisor: {local,riak_kv_sup}. Started: id=riak_kv_token_manager,pid=<0.396.0>.
2026-09-11 20:49:43.072382+09:00 [info] <0.387.0>@supervisor:report_progress/2:1582 Supervisor: {local,riak_kv_sup}. Started: id=riak_kv_vnode_master,pid=<0.397.0>.
2026-09-11 20:49:43.072501+09:00 [info] <0.397.0>@riak_core:wait_for_service/2:498 Waiting for service riak_kv to start (0 seconds)
2026-09-11 20:49:43.080239+09:00 [info] <0.398.0>@supervisor:report_progress/2:1582 Supervisor: {local,riak_kv_w1c_sup}. Started: id=riak_kv_w1c_worker00,pid=<0.399.0>.
2026-09-11 20:49:43.080573+09:00 [info] <0.398.0>@supervisor:report_progress/2:1582 Supervisor: {local,riak_kv_w1c_sup}. Started: id=riak_kv_w1c_worker01,pid=<0.400.0>.
2026-09-11 20:49:43.080729+09:00 [info] <0.398.0>@supervisor:report_progress/2:1582 Supervisor: {local,riak_kv_w1c_sup}. Started: id=riak_kv_w1c_worker02,pid=<0.401.0>.
2026-09-11 20:49:43.080884+09:00 [info] <0.398.0>@supervisor:report_progress/2:1582 Supervisor: {local,riak_kv_w1c_sup}. Started: id=riak_kv_w1c_worker03,pid=<0.402.0>.
2026-09-11 20:49:43.081001+09:00 [info] <0.398.0>@supervisor:report_progress/2:1582 Supervisor: {local,riak_kv_w1c_sup}. Started: id=riak_kv_w1c_worker04,pid=<0.403.0>.
2026-09-11 20:49:43.081130+09:00 [info] <0.398.0>@supervisor:report_progress/2:1582 Supervisor: {local,riak_kv_w1c_sup}. Started: id=riak_kv_w1c_worker05,pid=<0.404.0>.
2026-09-11 20:49:43.081664+09:00 [info] <0.398.0>@supervisor:report_progress/2:1582 Supervisor: {local,riak_kv_w1c_sup}. Started: id=riak_kv_w1c_worker06,pid=<0.405.0>.
2026-09-11 20:49:43.081758+09:00 [info] <0.398.0>@supervisor:report_progress/2:1582 Supervisor: {local,riak_kv_w1c_sup}. Started: id=riak_kv_w1c_worker07,pid=<0.406.0>.
2026-09-11 20:49:43.081818+09:00 [info] <0.387.0>@supervisor:report_progress/2:1582 Supervisor: {local,riak_kv_sup}. Started: id=riak_kv_w1c_sup,pid=<0.398.0>.
2026-09-11 20:49:43.089828+09:00 [info] <0.387.0>@supervisor:report_progress/2:1582 Supervisor: {local,riak_kv_sup}. Started: id=riak_kv_delete_sup,pid=<0.407.0>.
2026-09-11 20:49:43.092352+09:00 [info] <0.387.0>@supervisor:report_progress/2:1582 Supervisor: {local,riak_kv_sup}. Started: id=riak_kv_mrc_sink_sup,pid=<0.408.0>.
2026-09-11 20:49:43.094236+09:00 [info] <0.387.0>@supervisor:report_progress/2:1582 Supervisor: {local,riak_kv_sup}. Started: id=riak_kv_buckets_fsm_sup,pid=<0.409.0>.
2026-09-11 20:49:43.095854+09:00 [info] <0.387.0>@supervisor:report_progress/2:1582 Supervisor: {local,riak_kv_sup}. Started: id=riak_kv_keys_fsm_sup,pid=<0.410.0>.
2026-09-11 20:49:43.097281+09:00 [info] <0.387.0>@supervisor:report_progress/2:1582 Supervisor: {local,riak_kv_sup}. Started: id=riak_kv_index_fsm_sup,pid=<0.411.0>.
2026-09-11 20:49:43.098797+09:00 [info] <0.387.0>@supervisor:report_progress/2:1582 Supervisor: {local,riak_kv_sup}. Started: id=riak_kv_query_sup,pid=<0.412.0>.
2026-09-11 20:49:43.100137+09:00 [info] <0.387.0>@supervisor:report_progress/2:1582 Supervisor: {local,riak_kv_sup}. Started: id=riak_kv_query_filebuffer_sup,pid=<0.413.0>.
2026-09-11 20:49:43.101713+09:00 [info] <0.387.0>@supervisor:report_progress/2:1582 Supervisor: {local,riak_kv_sup}. Started: id=riak_kv_clusteraae_fsm_sup,pid=<0.414.0>.
2026-09-11 20:49:43.103272+09:00 [info] <0.387.0>@supervisor:report_progress/2:1582 Supervisor: {local,riak_kv_sup}. Started: id=riak_kv_hotbackup_fsm_sup,pid=<0.415.0>.
2026-09-11 20:49:43.104705+09:00 [info] <0.387.0>@supervisor:report_progress/2:1582 Supervisor: {local,riak_kv_sup}. Started: id=riak_kv_http_cache,pid=<0.416.0>.
2026-09-11 20:49:43.104942+09:00 [info] <0.239.0>@riak_core_capability:process_capability_changes/2:557 New capability: {riak_kv,vnode_vclocks} = true
2026-09-11 20:49:43.126029+09:00 [info] <0.239.0>@riak_core_capability:process_capability_changes/2:557 New capability: {riak_kv,legacy_keylisting} = false
2026-09-11 20:49:43.147942+09:00 [info] <0.239.0>@riak_core_capability:process_capability_changes/2:557 New capability: {riak_kv,listkeys_backpressure} = true
2026-09-11 20:49:43.163052+09:00 [info] <0.239.0>@riak_core_capability:process_capability_changes/2:557 New capability: {riak_kv,index_backpressure} = true
2026-09-11 20:49:43.175579+09:00 [info] <0.239.0>@riak_core_capability:process_capability_changes/2:557 New capability: {riak_kv,mapred_system} = pipe
2026-09-11 20:49:43.194621+09:00 [info] <0.239.0>@riak_core_capability:process_capability_changes/2:557 New capability: {riak_kv,mapred_2i_pipe} = true
2026-09-11 20:49:43.208941+09:00 [info] <0.239.0>@riak_core_capability:process_capability_changes/2:557 New capability: {riak_kv,handoff_data_encoding} = encode_raw
2026-09-11 20:49:43.231275+09:00 [info] <0.239.0>@riak_core_capability:process_capability_changes/2:557 New capability: {riak_kv,object_format} = v1
2026-09-11 20:49:43.244022+09:00 [info] <0.239.0>@riak_core_capability:process_capability_changes/2:557 New capability: {riak_kv,secondary_index_version} = v3
2026-09-11 20:49:43.268049+09:00 [info] <0.239.0>@riak_core_capability:process_capability_changes/2:557 New capability: {riak_kv,vclock_data_encoding} = encode_zlib
2026-09-11 20:49:43.292265+09:00 [info] <0.239.0>@riak_core_capability:process_capability_changes/2:557 New capability: {riak_kv,crdt} = [pncounter,riak_dt_pncounter,riak_dt_orswot,riak_dt_map,riak_kv_hll,riak_dt_gset]
2026-09-11 20:49:43.304240+09:00 [info] <0.239.0>@riak_core_capability:process_capability_changes/2:557 New capability: {riak_kv,crdt_epoch_versions} = [{riak_dt_map,2},{riak_dt_orswot,2},{riak_dt_pncounter,2},{riak_kv_hll,1},{riak_dt_gset,2}]
2026-09-11 20:49:43.314104+09:00 [info] <0.239.0>@riak_core_capability:process_capability_changes/2:557 New capability: {riak_kv,put_fsm_ack_execute} = enabled
2026-09-11 20:49:43.323372+09:00 [info] <0.239.0>@riak_core_capability:process_capability_changes/2:557 New capability: {riak_kv,get_request_type} = head
2026-09-11 20:49:43.337988+09:00 [info] <0.239.0>@riak_core_capability:process_capability_changes/2:557 New capability: {riak_kv,put_soft_limit} = true
2026-09-11 20:49:43.350131+09:00 [info] <0.239.0>@riak_core_capability:process_capability_changes/2:557 New capability: {riak_kv,tictacaae_prompted_repairs} = true
2026-09-11 20:49:43.361876+09:00 [info] <0.235.0>@supervisor:report_progress/2:1582 Supervisor: {local,riak_core_vnode_proxy_sup}. Started: id={riak_kv_vnode,0},pid=<0.420.0>.
2026-09-11 20:49:43.373561+09:00 [info] <0.235.0>@supervisor:report_progress/2:1582 Supervisor: {local,riak_core_vnode_proxy_sup}. Started: id={riak_kv_vnode,182687704666362864775460604089535377456991567872},pid=<0.421.0>.
2026-09-11 20:49:43.373914+09:00 [info] <0.235.0>@supervisor:report_progress/2:1582 Supervisor: {local,riak_core_vnode_proxy_sup}. Started: id={riak_kv_vnode,365375409332725729550921208179070754913983135744},pid=<0.422.0>.
2026-09-11 20:49:43.374043+09:00 [info] <0.235.0>@supervisor:report_progress/2:1582 Supervisor: {local,riak_core_vnode_proxy_sup}. Started: id={riak_kv_vnode,548063113999088594326381812268606132370974703616},pid=<0.423.0>.
2026-09-11 20:49:43.374125+09:00 [info] <0.235.0>@supervisor:report_progress/2:1582 Supervisor: {local,riak_core_vnode_proxy_sup}. Started: id={riak_kv_vnode,730750818665451459101842416358141509827966271488},pid=<0.424.0>.
2026-09-11 20:49:43.374196+09:00 [info] <0.235.0>@supervisor:report_progress/2:1582 Supervisor: {local,riak_core_vnode_proxy_sup}. Started: id={riak_kv_vnode,913438523331814323877303020447676887284957839360},pid=<0.425.0>.
2026-09-11 20:49:43.374263+09:00 [info] <0.235.0>@supervisor:report_progress/2:1582 Supervisor: {local,riak_core_vnode_proxy_sup}. Started: id={riak_kv_vnode,1096126227998177188652763624537212264741949407232},pid=<0.426.0>.
2026-09-11 20:49:43.374319+09:00 [info] <0.235.0>@supervisor:report_progress/2:1582 Supervisor: {local,riak_core_vnode_proxy_sup}. Started: id={riak_kv_vnode,1278813932664540053428224228626747642198940975104},pid=<0.427.0>.
2026-09-11 20:49:43.395700+09:00 [info] <0.244.0>@supervisor:report_progress/2:1582 Supervisor: {local,riak_core_stats_sup}. Started: id=riak_kv_stat,pid=<0.428.0>.
2026-09-11 20:49:43.469316+09:00 [info] <0.246.0>@riak_core_node_worker_pool:start_link/5:85 Registered worker pool of type af1_pool and size 2
2026-09-11 20:49:43.469601+09:00 [info] <0.246.0>@supervisor:report_progress/2:1582 Supervisor: {local,riak_core_node_worker_pool_sup}. Started: id=af1_pool,pid=<0.570.0>.
2026-09-11 20:49:43.469921+09:00 [info] <0.246.0>@riak_core_node_worker_pool:start_link/5:85 Registered worker pool of type af2_pool and size 1
2026-09-11 20:49:43.469997+09:00 [info] <0.246.0>@supervisor:report_progress/2:1582 Supervisor: {local,riak_core_node_worker_pool_sup}. Started: id=af2_pool,pid=<0.575.0>.
2026-09-11 20:49:43.470291+09:00 [info] <0.246.0>@riak_core_node_worker_pool:start_link/5:85 Registered worker pool of type af3_pool and size 4
2026-09-11 20:49:43.470360+09:00 [info] <0.246.0>@supervisor:report_progress/2:1582 Supervisor: {local,riak_core_node_worker_pool_sup}. Started: id=af3_pool,pid=<0.579.0>.
2026-09-11 20:49:43.470831+09:00 [info] <0.246.0>@riak_core_node_worker_pool:start_link/5:85 Registered worker pool of type af4_pool and size 1
2026-09-11 20:49:43.470974+09:00 [info] <0.246.0>@supervisor:report_progress/2:1582 Supervisor: {local,riak_core_node_worker_pool_sup}. Started: id=af4_pool,pid=<0.586.0>.
2026-09-11 20:49:43.471202+09:00 [info] <0.246.0>@riak_core_node_worker_pool:start_link/5:85 Registered worker pool of type be_pool and size 1
2026-09-11 20:49:43.471272+09:00 [info] <0.246.0>@supervisor:report_progress/2:1582 Supervisor: {local,riak_core_node_worker_pool_sup}. Started: id=be_pool,pid=<0.590.0>.
2026-09-11 20:49:43.511129+09:00 [info] <0.44.0>@application_controller:info_started/2:2130 Application: riak_kv. Started at: 'openriak-kv@node-03.cluster-a.openriak'.
2026-09-11 20:49:43.511506+09:00 [info] <0.44.0>@application_controller:info_started/2:2130 Application: ebloom. Started at: 'openriak-kv@node-03.cluster-a.openriak'.
2026-09-11 20:49:43.511810+09:00 [info] <0.44.0>@application_controller:info_started/2:2130 Application: bear. Started at: 'openriak-kv@node-03.cluster-a.openriak'.
2026-09-11 20:49:43.518178+09:00 [info] <0.599.0>@supervisor:report_progress/2:1582 Supervisor: {local,folsom_sup}. Started: id=folsom_sample_slide_sup,pid=<0.600.0>.
2026-09-11 20:49:43.521023+09:00 [info] <0.599.0>@supervisor:report_progress/2:1582 Supervisor: {local,folsom_sup}. Started: id=folsom_meter_timer_server,pid=<0.601.0>.
2026-09-11 20:49:43.523142+09:00 [info] <0.599.0>@supervisor:report_progress/2:1582 Supervisor: {local,folsom_sup}. Started: id=folsom_metrics_histogram_ets,pid=<0.602.0>.
2026-09-11 20:49:43.531586+09:00 [info] <0.599.0>@supervisor:report_progress/2:1582 Supervisor: {local,folsom_sup}. Started: id=folsom_metrics_spiral,pid=<0.603.0>.
2026-09-11 20:49:43.533646+09:00 [info] <0.599.0>@supervisor:report_progress/2:1582 Supervisor: {local,folsom_sup}. Started: id=folsom_metrics_history,pid=<0.604.0>.
2026-09-11 20:49:43.536486+09:00 [info] <0.599.0>@supervisor:report_progress/2:1582 Supervisor: {local,folsom_sup}. Started: id=folsom_metrics_histogram,pid=<0.605.0>.
2026-09-11 20:49:43.539532+09:00 [info] <0.599.0>@supervisor:report_progress/2:1582 Supervisor: {local,folsom_sup}. Started: id=folsom_metrics_duration,pid=<0.606.0>.
2026-09-11 20:49:43.546981+09:00 [info] <0.599.0>@supervisor:report_progress/2:1582 Supervisor: {local,folsom_sup}. Started: id=folsom_metrics_counter,pid=<0.607.0>.
2026-09-11 20:49:43.548482+09:00 [info] <0.599.0>@supervisor:report_progress/2:1582 Supervisor: {local,folsom_sup}. Started: id=folsom_metrics_gauge,pid=<0.608.0>.
2026-09-11 20:49:43.553790+09:00 [info] <0.599.0>@supervisor:report_progress/2:1582 Supervisor: {local,folsom_sup}. Started: id=folsom_metrics_meter,pid=<0.609.0>.
2026-09-11 20:49:43.558016+09:00 [info] <0.599.0>@supervisor:report_progress/2:1582 Supervisor: {local,folsom_sup}. Started: id=folsom_metrics_meter_reader,pid=<0.610.0>.
2026-09-11 20:49:43.558327+09:00 [info] <0.44.0>@application_controller:info_started/2:2130 Application: folsom. Started at: 'openriak-kv@node-03.cluster-a.openriak'.
2026-09-11 20:49:43.570977+09:00 [info] <0.614.0>@supervisor:report_progress/2:1582 Supervisor: {local,ranch_sup}. Started: id=ranch_server,pid=<0.615.0>.
2026-09-11 20:49:43.571303+09:00 [info] <0.44.0>@application_controller:info_started/2:2130 Application: ranch. Started at: 'openriak-kv@node-03.cluster-a.openriak'.
2026-09-11 20:49:43.576731+09:00 [info] <0.618.0>@riak_core:wait_for_service/2:498 Waiting for service riak_kv to start (0 seconds)
2026-09-11 20:49:51.430564+09:00 [info] <0.238.0>@riak_core_vnode_manager:update_never_started/4:1026 Update never started for Mod riak_kv_vnode with count 8 to be added to 0
2026-09-11 20:49:51.438043+09:00 [info] <0.238.0>@riak_core_vnode_manager:update_never_started/4:1026 Update never started for Mod riak_pipe_vnode with count 8 to be added to 8
2026-09-11 20:49:51.439042+09:00 [info] <0.734.0>@riak_core_vnode_manager:get_vnode/3:733 Will start VNode for partition 0 riak_pipe_vnode
2026-09-11 20:49:51.505878+09:00 [info] <0.734.0>@riak_core_vnode_manager:get_vnode/3:743 VNode initialization ready <0.735.0> 0 riak_pipe_vnode
2026-09-11 20:49:51.506198+09:00 [info] <0.737.0>@riak_core_vnode_manager:get_vnode/3:733 Will start VNode for partition 0 riak_kv_vnode
2026-09-11 20:49:51.506261+09:00 [info] <0.738.0>@riak_core_vnode_manager:get_vnode/3:733 Will start VNode for partition 182687704666362864775460604089535377456991567872 riak_kv_vnode
2026-09-11 20:49:51.506291+09:00 [info] <0.739.0>@riak_core_vnode_manager:get_vnode/3:733 Will start VNode for partition 365375409332725729550921208179070754913983135744 riak_kv_vnode
2026-09-11 20:49:51.506314+09:00 [info] <0.740.0>@riak_core_vnode_manager:get_vnode/3:733 Will start VNode for partition 548063113999088594326381812268606132370974703616 riak_kv_vnode
2026-09-11 20:49:51.506334+09:00 [info] <0.741.0>@riak_core_vnode_manager:get_vnode/3:733 Will start VNode for partition 730750818665451459101842416358141509827966271488 riak_kv_vnode
2026-09-11 20:49:51.506995+09:00 [info] <0.742.0>@riak_core_vnode_manager:get_vnode/3:733 Will start VNode for partition 913438523331814323877303020447676887284957839360 riak_kv_vnode
2026-09-11 20:49:51.507117+09:00 [info] <0.743.0>@riak_core_vnode_manager:get_vnode/3:733 Will start VNode for partition 1096126227998177188652763624537212264741949407232 riak_kv_vnode
2026-09-11 20:49:51.507170+09:00 [info] <0.744.0>@riak_core_vnode_manager:get_vnode/3:733 Will start VNode for partition 1278813932664540053428224228626747642198940975104 riak_kv_vnode
2026-09-11 20:49:51.583518+09:00 [info] <0.788.0>@leveled_inker:open_all_manifest/3:1273 log_ref=i0011 db_id=3 Manifest is empty, starting from manifest SQN 1
2026-09-11 20:49:51.583639+09:00 [info] <0.792.0>@leveled_inker:open_all_manifest/3:1273 log_ref=i0011 db_id=4 Manifest is empty, starting from manifest SQN 1
2026-09-11 20:49:51.583688+09:00 [info] <0.789.0>@leveled_inker:open_all_manifest/3:1273 log_ref=i0011 db_id=1 Manifest is empty, starting from manifest SQN 1
2026-09-11 20:49:51.583723+09:00 [info] <0.790.0>@leveled_inker:open_all_manifest/3:1273 log_ref=i0011 db_id=0 Manifest is empty, starting from manifest SQN 1
2026-09-11 20:49:51.583763+09:00 [info] <0.793.0>@leveled_inker:open_all_manifest/3:1273 log_ref=i0011 db_id=5 Manifest is empty, starting from manifest SQN 1
2026-09-11 20:49:51.583801+09:00 [info] <0.787.0>@leveled_inker:open_all_manifest/3:1273 log_ref=i0011 db_id=7 Manifest is empty, starting from manifest SQN 1
2026-09-11 20:49:51.583839+09:00 [info] <0.791.0>@leveled_inker:open_all_manifest/3:1273 log_ref=i0011 db_id=6 Manifest is empty, starting from manifest SQN 1
2026-09-11 20:49:51.583854+09:00 [info] <0.794.0>@leveled_inker:open_all_manifest/3:1273 log_ref=i0011 db_id=2 Manifest is empty, starting from manifest SQN 1
2026-09-11 20:49:51.601359+09:00 [info] <0.807.0>@leveled_cdb:starting/3:479 log_ref=cdb01 db_id=7 Opening file for writing with filename /var/lib/riak/leveled/1278813932664540053428224228626747642198940975104/journal/journal_files/0_7cbc4bdd-37f5-4603-bf24-7b623745b554.pnd
2026-09-11 20:49:51.601530+09:00 [info] <0.808.0>@leveled_cdb:starting/3:479 log_ref=cdb01 db_id=0 Opening file for writing with filename /var/lib/riak/leveled/0/journal/journal_files/0_8ddedba0-fbd7-4bd2-bad4-a3b905262483.pnd
2026-09-11 20:49:51.601596+09:00 [info] <0.809.0>@leveled_cdb:starting/3:479 log_ref=cdb01 db_id=1 Opening file for writing with filename /var/lib/riak/leveled/182687704666362864775460604089535377456991567872/journal/journal_files/0_cf3e9c4d-2ed4-4b00-ad44-eda0ed519504.pnd
2026-09-11 20:49:51.601646+09:00 [info] <0.810.0>@leveled_cdb:starting/3:479 log_ref=cdb01 db_id=4 Opening file for writing with filename /var/lib/riak/leveled/730750818665451459101842416358141509827966271488/journal/journal_files/0_7c8b4003-623d-40c5-8ed4-405cfeef6f6b.pnd
2026-09-11 20:49:51.601688+09:00 [info] <0.811.0>@leveled_cdb:starting/3:479 log_ref=cdb01 db_id=3 Opening file for writing with filename /var/lib/riak/leveled/548063113999088594326381812268606132370974703616/journal/journal_files/0_977339ad-0410-4c3f-8a01-c30a428afdc2.pnd
2026-09-11 20:49:51.601729+09:00 [info] <0.804.0>@leveled_cdb:starting/3:479 log_ref=cdb01 db_id=5 Opening file for writing with filename /var/lib/riak/leveled/913438523331814323877303020447676887284957839360/journal/journal_files/0_bcf37bc1-939d-47d8-93f3-77ef32c6be80.pnd
2026-09-11 20:49:51.601769+09:00 [info] <0.806.0>@leveled_cdb:starting/3:479 log_ref=cdb01 db_id=6 Opening file for writing with filename /var/lib/riak/leveled/1096126227998177188652763624537212264741949407232/journal/journal_files/0_8ad5bb3d-7bed-4658-bcb7-ade27a89369e.pnd
2026-09-11 20:49:51.601804+09:00 [info] <0.805.0>@leveled_cdb:starting/3:479 log_ref=cdb01 db_id=2 Opening file for writing with filename /var/lib/riak/leveled/365375409332725729550921208179070754913983135744/journal/journal_files/0_dadfbe3a-5ab2-4a6b-90aa-ab9676fb276c.pnd
2026-09-11 20:49:51.603404+09:00 [info] <0.789.0>@leveled_inker:build_manifest/3:1242 log_ref=i0009 db_id=1 Updated manifest on startup:
2026-09-11 20:49:51.603812+09:00 [info] <0.791.0>@leveled_inker:build_manifest/3:1242 log_ref=i0009 db_id=6 Updated manifest on startup:
2026-09-11 20:49:51.603809+09:00 [info] <0.793.0>@leveled_inker:build_manifest/3:1242 log_ref=i0009 db_id=5 Updated manifest on startup:
2026-09-11 20:49:51.603956+09:00 [info] <0.792.0>@leveled_inker:build_manifest/3:1242 log_ref=i0009 db_id=4 Updated manifest on startup:
2026-09-11 20:49:51.603976+09:00 [info] <0.794.0>@leveled_inker:build_manifest/3:1242 log_ref=i0009 db_id=2 Updated manifest on startup:
2026-09-11 20:49:51.603910+09:00 [info] <0.788.0>@leveled_inker:build_manifest/3:1242 log_ref=i0009 db_id=3 Updated manifest on startup:
2026-09-11 20:49:51.604616+09:00 [info] <0.789.0>@leveled_imanifest:writer/3:187 log_ref=i0016 db_id=1 Writing new version of manifest for manifestSQN=2
2026-09-11 20:49:51.604675+09:00 [info] <0.791.0>@leveled_imanifest:writer/3:187 log_ref=i0016 db_id=6 Writing new version of manifest for manifestSQN=2
2026-09-11 20:49:51.605150+09:00 [info] <0.794.0>@leveled_imanifest:writer/3:187 log_ref=i0016 db_id=2 Writing new version of manifest for manifestSQN=2
2026-09-11 20:49:51.604898+09:00 [info] <0.793.0>@leveled_imanifest:writer/3:187 log_ref=i0016 db_id=5 Writing new version of manifest for manifestSQN=2
2026-09-11 20:49:51.605013+09:00 [info] <0.792.0>@leveled_imanifest:writer/3:187 log_ref=i0016 db_id=4 Writing new version of manifest for manifestSQN=2
2026-09-11 20:49:51.607892+09:00 [info] <0.788.0>@leveled_imanifest:writer/3:187 log_ref=i0016 db_id=3 Writing new version of manifest for manifestSQN=2
2026-09-11 20:49:51.609357+09:00 [info] <0.787.0>@leveled_inker:build_manifest/3:1242 log_ref=i0009 db_id=7 Updated manifest on startup:
2026-09-11 20:49:51.609800+09:00 [info] <0.787.0>@leveled_imanifest:writer/3:187 log_ref=i0016 db_id=7 Writing new version of manifest for manifestSQN=2
2026-09-11 20:49:51.605409+09:00 [info] <0.790.0>@leveled_inker:build_manifest/3:1242 log_ref=i0009 db_id=0 Updated manifest on startup:
2026-09-11 20:49:51.610598+09:00 [info] <0.790.0>@leveled_imanifest:writer/3:187 log_ref=i0016 db_id=0 Writing new version of manifest for manifestSQN=2
2026-09-11 20:49:51.626859+09:00 [info] <0.812.0>@leveled_pclerk:clerk_new/3:78 log_ref=pc001 db_id=2 Penciller's clerk <0.816.0> started with owner <0.812.0>
2026-09-11 20:49:51.627052+09:00 [info] <0.813.0>@leveled_pclerk:clerk_new/3:78 log_ref=pc001 db_id=5 Penciller's clerk <0.817.0> started with owner <0.813.0>
2026-09-11 20:49:51.627092+09:00 [info] <0.814.0>@leveled_pclerk:clerk_new/3:78 log_ref=pc001 db_id=1 Penciller's clerk <0.818.0> started with owner <0.814.0>
2026-09-11 20:49:51.627123+09:00 [info] <0.815.0>@leveled_pclerk:clerk_new/3:78 log_ref=pc001 db_id=6 Penciller's clerk <0.819.0> started with owner <0.815.0>
2026-09-11 20:49:51.629080+09:00 [info] <0.820.0>@leveled_pclerk:clerk_new/3:78 log_ref=pc001 db_id=3 Penciller's clerk <0.821.0> started with owner <0.820.0>
2026-09-11 20:49:51.629616+09:00 [info] <0.822.0>@leveled_pclerk:clerk_new/3:78 log_ref=pc001 db_id=7 Penciller's clerk <0.823.0> started with owner <0.822.0>
2026-09-11 20:49:51.629807+09:00 [info] <0.824.0>@leveled_pclerk:clerk_new/3:78 log_ref=pc001 db_id=0 Penciller's clerk <0.825.0> started with owner <0.824.0>
2026-09-11 20:49:51.629950+09:00 [info] <0.826.0>@leveled_pclerk:clerk_new/3:78 log_ref=pc001 db_id=4 Penciller's clerk <0.827.0> started with owner <0.826.0>
2026-09-11 20:49:51.640849+09:00 [info] <0.826.0>@leveled_pmanifest:open_manifestfile/2:1180 log_ref=p0013 db_id=4 Seqence number of 0 indicates no valid manifest
2026-09-11 20:49:51.641323+09:00 [info] <0.824.0>@leveled_pmanifest:open_manifestfile/2:1180 log_ref=p0013 db_id=0 Seqence number of 0 indicates no valid manifest
2026-09-11 20:49:51.641483+09:00 [info] <0.822.0>@leveled_pmanifest:open_manifestfile/2:1180 log_ref=p0013 db_id=7 Seqence number of 0 indicates no valid manifest
2026-09-11 20:49:51.646520+09:00 [info] <0.820.0>@leveled_pmanifest:open_manifestfile/2:1180 log_ref=p0013 db_id=3 Seqence number of 0 indicates no valid manifest
2026-09-11 20:49:51.646870+09:00 [info] <0.820.0>@leveled_penciller:start_from_file/1:1532 log_ref=p0014 db_id=3 Maximum sequence number of 0 found in nonzero levels
2026-09-11 20:49:51.646881+09:00 [info] <0.826.0>@leveled_penciller:start_from_file/1:1532 log_ref=p0014 db_id=4 Maximum sequence number of 0 found in nonzero levels
2026-09-11 20:49:51.646919+09:00 [info] <0.822.0>@leveled_penciller:start_from_file/1:1532 log_ref=p0014 db_id=7 Maximum sequence number of 0 found in nonzero levels
2026-09-11 20:49:51.646933+09:00 [info] <0.824.0>@leveled_penciller:start_from_file/1:1532 log_ref=p0014 db_id=0 Maximum sequence number of 0 found in nonzero levels
2026-09-11 20:49:51.647130+09:00 [info] <0.820.0>@leveled_penciller:start_from_file/1:1534 log_ref=p0035 db_id=3 Startup with Manifest SQN of 0
2026-09-11 20:49:51.647148+09:00 [info] <0.826.0>@leveled_penciller:start_from_file/1:1534 log_ref=p0035 db_id=4 Startup with Manifest SQN of 0
2026-09-11 20:49:51.647163+09:00 [info] <0.822.0>@leveled_penciller:start_from_file/1:1534 log_ref=p0035 db_id=7 Startup with Manifest SQN of 0
2026-09-11 20:49:51.647177+09:00 [info] <0.824.0>@leveled_penciller:start_from_file/1:1534 log_ref=p0035 db_id=0 Startup with Manifest SQN of 0
2026-09-11 20:49:51.647605+09:00 [info] <0.815.0>@leveled_pmanifest:open_manifestfile/2:1180 log_ref=p0013 db_id=6 Seqence number of 0 indicates no valid manifest
2026-09-11 20:49:51.647669+09:00 [info] <0.815.0>@leveled_penciller:start_from_file/1:1532 log_ref=p0014 db_id=6 Maximum sequence number of 0 found in nonzero levels
2026-09-11 20:49:51.647728+09:00 [info] <0.815.0>@leveled_penciller:start_from_file/1:1534 log_ref=p0035 db_id=6 Startup with Manifest SQN of 0
2026-09-11 20:49:51.647906+09:00 [info] <0.814.0>@leveled_pmanifest:open_manifestfile/2:1180 log_ref=p0013 db_id=1 Seqence number of 0 indicates no valid manifest
2026-09-11 20:49:51.647961+09:00 [info] <0.814.0>@leveled_penciller:start_from_file/1:1532 log_ref=p0014 db_id=1 Maximum sequence number of 0 found in nonzero levels
2026-09-11 20:49:51.648009+09:00 [info] <0.814.0>@leveled_penciller:start_from_file/1:1534 log_ref=p0035 db_id=1 Startup with Manifest SQN of 0
2026-09-11 20:49:51.648216+09:00 [info] <0.812.0>@leveled_pmanifest:open_manifestfile/2:1180 log_ref=p0013 db_id=2 Seqence number of 0 indicates no valid manifest
2026-09-11 20:49:51.648267+09:00 [info] <0.812.0>@leveled_penciller:start_from_file/1:1532 log_ref=p0014 db_id=2 Maximum sequence number of 0 found in nonzero levels
2026-09-11 20:49:51.648319+09:00 [info] <0.812.0>@leveled_penciller:start_from_file/1:1534 log_ref=p0035 db_id=2 Startup with Manifest SQN of 0
2026-09-11 20:49:51.648467+09:00 [info] <0.813.0>@leveled_pmanifest:open_manifestfile/2:1180 log_ref=p0013 db_id=5 Seqence number of 0 indicates no valid manifest
2026-09-11 20:49:51.648518+09:00 [info] <0.813.0>@leveled_penciller:start_from_file/1:1532 log_ref=p0014 db_id=5 Maximum sequence number of 0 found in nonzero levels
2026-09-11 20:49:51.648581+09:00 [info] <0.813.0>@leveled_penciller:start_from_file/1:1534 log_ref=p0035 db_id=5 Startup with Manifest SQN of 0
2026-09-11 20:49:51.655596+09:00 [info] <0.820.0>@leveled_penciller:start_from_file/1:1562 log_ref=p0017 db_id=3 No L0 file found
2026-09-11 20:49:51.655721+09:00 [info] <0.826.0>@leveled_penciller:start_from_file/1:1562 log_ref=p0017 db_id=4 No L0 file found
2026-09-11 20:49:51.655785+09:00 [info] <0.822.0>@leveled_penciller:start_from_file/1:1562 log_ref=p0017 db_id=7 No L0 file found
2026-09-11 20:49:51.655836+09:00 [info] <0.824.0>@leveled_penciller:start_from_file/1:1562 log_ref=p0017 db_id=0 No L0 file found
2026-09-11 20:49:51.655866+09:00 [info] <0.815.0>@leveled_penciller:start_from_file/1:1562 log_ref=p0017 db_id=6 No L0 file found
2026-09-11 20:49:51.655898+09:00 [info] <0.814.0>@leveled_penciller:start_from_file/1:1562 log_ref=p0017 db_id=1 No L0 file found
2026-09-11 20:49:51.655927+09:00 [info] <0.812.0>@leveled_penciller:start_from_file/1:1562 log_ref=p0017 db_id=2 No L0 file found
2026-09-11 20:49:51.655975+09:00 [info] <0.813.0>@leveled_penciller:start_from_file/1:1562 log_ref=p0017 db_id=5 No L0 file found
2026-09-11 20:49:51.656509+09:00 [info] <0.783.0>@leveled_bookie:startup/2:2017 log_ref=b0005 db_id=3 LedgerSQN=0 at startup
2026-09-11 20:49:51.656653+09:00 [info] <0.775.0>@leveled_bookie:startup/2:2017 log_ref=b0005 db_id=4 LedgerSQN=0 at startup
2026-09-11 20:49:51.656780+09:00 [info] <0.774.0>@leveled_bookie:startup/2:2017 log_ref=b0005 db_id=6 LedgerSQN=0 at startup
2026-09-11 20:49:51.656850+09:00 [info] <0.773.0>@leveled_bookie:startup/2:2017 log_ref=b0005 db_id=7 LedgerSQN=0 at startup
2026-09-11 20:49:51.657068+09:00 [info] <0.772.0>@leveled_bookie:startup/2:2017 log_ref=b0005 db_id=1 LedgerSQN=0 at startup
2026-09-11 20:49:51.657163+09:00 [info] <0.785.0>@leveled_bookie:startup/2:2017 log_ref=b0005 db_id=2 LedgerSQN=0 at startup
2026-09-11 20:49:51.657261+09:00 [info] <0.781.0>@leveled_bookie:startup/2:2017 log_ref=b0005 db_id=5 LedgerSQN=0 at startup
2026-09-11 20:49:51.659632+09:00 [info] <0.771.0>@leveled_bookie:startup/2:2017 log_ref=b0005 db_id=0 LedgerSQN=0 at startup
2026-09-11 20:49:51.660489+09:00 [info] <0.790.0>@leveled_bookie:startup/2:2028 log_ref=i0014 db_id=0 On startup loading from filename /var/lib/riak/leveled/0/journal/journal_files/0_8ddedba0-fbd7-4bd2-bad4-a3b905262483 from SQN 1
2026-09-11 20:49:51.660989+09:00 [info] <0.794.0>@leveled_bookie:startup/2:2028 log_ref=i0014 db_id=2 On startup loading from filename /var/lib/riak/leveled/365375409332725729550921208179070754913983135744/journal/journal_files/0_dadfbe3a-5ab2-4a6b-90aa-ab9676fb276c from SQN 1
2026-09-11 20:49:51.661455+09:00 [info] <0.787.0>@leveled_bookie:startup/2:2028 log_ref=i0014 db_id=7 On startup loading from filename /var/lib/riak/leveled/1278813932664540053428224228626747642198940975104/journal/journal_files/0_7cbc4bdd-37f5-4603-bf24-7b623745b554 from SQN 1
2026-09-11 20:49:51.661615+09:00 [info] <0.792.0>@leveled_bookie:startup/2:2028 log_ref=i0014 db_id=4 On startup loading from filename /var/lib/riak/leveled/730750818665451459101842416358141509827966271488/journal/journal_files/0_7c8b4003-623d-40c5-8ed4-405cfeef6f6b from SQN 1
2026-09-11 20:49:51.661699+09:00 [info] <0.788.0>@leveled_bookie:startup/2:2028 log_ref=i0014 db_id=3 On startup loading from filename /var/lib/riak/leveled/548063113999088594326381812268606132370974703616/journal/journal_files/0_977339ad-0410-4c3f-8a01-c30a428afdc2 from SQN 1
2026-09-11 20:49:51.661808+09:00 [info] <0.789.0>@leveled_bookie:startup/2:2028 log_ref=i0014 db_id=1 On startup loading from filename /var/lib/riak/leveled/182687704666362864775460604089535377456991567872/journal/journal_files/0_cf3e9c4d-2ed4-4b00-ad44-eda0ed519504 from SQN 1
2026-09-11 20:49:51.662169+09:00 [info] <0.793.0>@leveled_bookie:startup/2:2028 log_ref=i0014 db_id=5 On startup loading from filename /var/lib/riak/leveled/913438523331814323877303020447676887284957839360/journal/journal_files/0_bcf37bc1-939d-47d8-93f3-77ef32c6be80 from SQN 1
2026-09-11 20:49:51.662522+09:00 [info] <0.781.0>@leveled_bookie:init/1:1428 log_ref=b0001 db_id=5 Bookie starting with Ink <0.793.0> Pcl <0.813.0>
2026-09-11 20:49:51.662669+09:00 [info] <0.783.0>@leveled_bookie:init/1:1428 log_ref=b0001 db_id=3 Bookie starting with Ink <0.788.0> Pcl <0.820.0>
2026-09-11 20:49:51.662736+09:00 [info] <0.775.0>@leveled_bookie:init/1:1428 log_ref=b0001 db_id=4 Bookie starting with Ink <0.792.0> Pcl <0.826.0>
2026-09-11 20:49:51.662886+09:00 [info] <0.773.0>@leveled_bookie:init/1:1428 log_ref=b0001 db_id=7 Bookie starting with Ink <0.787.0> Pcl <0.822.0>
2026-09-11 20:49:51.663055+09:00 [info] <0.772.0>@leveled_bookie:init/1:1428 log_ref=b0001 db_id=1 Bookie starting with Ink <0.789.0> Pcl <0.814.0>
2026-09-11 20:49:51.661947+09:00 [info] <0.791.0>@leveled_bookie:startup/2:2028 log_ref=i0014 db_id=6 On startup loading from filename /var/lib/riak/leveled/1096126227998177188652763624537212264741949407232/journal/journal_files/0_8ad5bb3d-7bed-4658-bcb7-ade27a89369e from SQN 1
2026-09-11 20:49:51.663823+09:00 [info] <0.785.0>@leveled_bookie:init/1:1428 log_ref=b0001 db_id=2 Bookie starting with Ink <0.794.0> Pcl <0.812.0>
2026-09-11 20:49:51.664218+09:00 [info] <0.771.0>@leveled_bookie:init/1:1428 log_ref=b0001 db_id=0 Bookie starting with Ink <0.790.0> Pcl <0.824.0>
2026-09-11 20:49:51.664429+09:00 [info] <0.774.0>@leveled_bookie:init/1:1428 log_ref=b0001 db_id=6 Bookie starting with Ink <0.791.0> Pcl <0.815.0>
2026-09-11 20:49:51.664722+09:00 [info] <0.750.0>@riak_kv_leveled_backend:schedule_journalcompaction/4:903 Schedule compaction for interval 1982 on partition 913438523331814323877303020447676887284957839360
2026-09-11 20:49:51.664754+09:00 [info] <0.747.0>@riak_kv_leveled_backend:schedule_journalcompaction/4:903 Schedule compaction for interval 3981 on partition 365375409332725729550921208179070754913983135744
2026-09-11 20:49:51.664779+09:00 [info] <0.752.0>@riak_kv_leveled_backend:schedule_journalcompaction/4:903 Schedule compaction for interval 4859 on partition 1278813932664540053428224228626747642198940975104
2026-09-11 20:49:51.664798+09:00 [info] <0.748.0>@riak_kv_leveled_backend:schedule_journalcompaction/4:903 Schedule compaction for interval 11153 on partition 548063113999088594326381812268606132370974703616
2026-09-11 20:49:51.664770+09:00 [info] <0.746.0>@riak_kv_leveled_backend:schedule_journalcompaction/4:903 Schedule compaction for interval 2073 on partition 182687704666362864775460604089535377456991567872
2026-09-11 20:49:51.664790+09:00 [info] <0.749.0>@riak_kv_leveled_backend:schedule_journalcompaction/4:903 Schedule compaction for interval 3048 on partition 730750818665451459101842416358141509827966271488
2026-09-11 20:49:51.664866+09:00 [info] <0.745.0>@riak_kv_leveled_backend:schedule_journalcompaction/4:903 Schedule compaction for interval 1440 on partition 0
2026-09-11 20:49:51.664738+09:00 [info] <0.751.0>@riak_kv_leveled_backend:schedule_journalcompaction/4:903 Schedule compaction for interval 4700 on partition 1096126227998177188652763624537212264741949407232
2026-09-11 20:49:51.711015+09:00 [info] <0.842.0>@aae_controller:init/1:674 log_ref=aae02 Native KeyStore type leveled_nko startup request
2026-09-11 20:49:51.711143+09:00 [info] <0.843.0>@aae_controller:init/1:674 log_ref=aae02 Native KeyStore type leveled_nko startup request
2026-09-11 20:49:51.711321+09:00 [info] <0.841.0>@aae_controller:init/1:674 log_ref=aae02 Native KeyStore type leveled_nko startup request
2026-09-11 20:49:51.711348+09:00 [info] <0.839.0>@aae_controller:init/1:674 log_ref=aae02 Native KeyStore type leveled_nko startup request
2026-09-11 20:49:51.711336+09:00 [info] <0.840.0>@aae_controller:init/1:674 log_ref=aae02 Native KeyStore type leveled_nko startup request
2026-09-11 20:49:51.711361+09:00 [info] <0.838.0>@aae_controller:init/1:674 log_ref=aae02 Native KeyStore type leveled_nko startup request
2026-09-11 20:49:51.711372+09:00 [info] <0.837.0>@aae_controller:init/1:674 log_ref=aae02 Native KeyStore type leveled_nko startup request
2026-09-11 20:49:51.711412+09:00 [info] <0.836.0>@aae_controller:init/1:674 log_ref=aae02 Native KeyStore type leveled_nko startup request
2026-09-11 20:49:51.711922+09:00 [warning] <0.852.0>@aae_keystore:open_manifest/1:1526 log_ref=ks002 No valid manifest found for AAE keystore at /var/lib/riak/tictac_aae/1096126227998177188652763624537212264741949407232/leveled_nko/keystore reason not_present
2026-09-11 20:49:51.711925+09:00 [warning] <0.846.0>@aae_keystore:open_manifest/1:1526 log_ref=ks002 No valid manifest found for AAE keystore at /var/lib/riak/tictac_aae/182687704666362864775460604089535377456991567872/leveled_nko/keystore reason not_present
2026-09-11 20:49:51.712013+09:00 [warning] <0.847.0>@aae_keystore:open_manifest/1:1526 log_ref=ks002 No valid manifest found for AAE keystore at /var/lib/riak/tictac_aae/913438523331814323877303020447676887284957839360/leveled_nko/keystore reason not_present
2026-09-11 20:49:51.712194+09:00 [warning] <0.848.0>@aae_keystore:open_manifest/1:1526 log_ref=ks002 No valid manifest found for AAE keystore at /var/lib/riak/tictac_aae/0/leveled_nko/keystore reason not_present
2026-09-11 20:49:51.712279+09:00 [warning] <0.850.0>@aae_keystore:open_manifest/1:1526 log_ref=ks002 No valid manifest found for AAE keystore at /var/lib/riak/tictac_aae/548063113999088594326381812268606132370974703616/leveled_nko/keystore reason not_present
2026-09-11 20:49:51.712346+09:00 [warning] <0.849.0>@aae_keystore:open_manifest/1:1526 log_ref=ks002 No valid manifest found for AAE keystore at /var/lib/riak/tictac_aae/1278813932664540053428224228626747642198940975104/leveled_nko/keystore reason not_present
2026-09-11 20:49:51.712482+09:00 [warning] <0.851.0>@aae_keystore:open_manifest/1:1526 log_ref=ks002 No valid manifest found for AAE keystore at /var/lib/riak/tictac_aae/730750818665451459101842416358141509827966271488/leveled_nko/keystore reason not_present
2026-09-11 20:49:51.712604+09:00 [warning] <0.853.0>@aae_keystore:open_manifest/1:1526 log_ref=ks002 No valid manifest found for AAE keystore at /var/lib/riak/tictac_aae/365375409332725729550921208179070754913983135744/leveled_nko/keystore reason not_present
2026-09-11 20:49:51.736455+09:00 [info] <0.854.0>@aae_treecache:init/1:224 log_ref=c0005 Starting cache with is_restored=false and IndexN of {913438523331814323877303020447676887284957839360,3}
2026-09-11 20:49:51.737562+09:00 [info] <0.855.0>@aae_treecache:init/1:224 log_ref=c0005 Starting cache with is_restored=false and IndexN of {730750818665451459101842416358141509827966271488,3}
2026-09-11 20:49:51.738044+09:00 [info] <0.856.0>@aae_treecache:init/1:224 log_ref=c0005 Starting cache with is_restored=false and IndexN of {182687704666362864775460604089535377456991567872,3}
2026-09-11 20:49:51.738411+09:00 [info] <0.857.0>@aae_treecache:init/1:224 log_ref=c0005 Starting cache with is_restored=false and IndexN of {1096126227998177188652763624537212264741949407232,3}
2026-09-11 20:49:51.738719+09:00 [info] <0.858.0>@aae_treecache:init/1:224 log_ref=c0005 Starting cache with is_restored=false and IndexN of {0,3}
2026-09-11 20:49:51.739122+09:00 [info] <0.859.0>@aae_treecache:init/1:224 log_ref=c0005 Starting cache with is_restored=false and IndexN of {365375409332725729550921208179070754913983135744,3}
2026-09-11 20:49:51.739572+09:00 [info] <0.860.0>@aae_treecache:init/1:224 log_ref=c0005 Starting cache with is_restored=false and IndexN of {548063113999088594326381812268606132370974703616,3}
2026-09-11 20:49:51.739912+09:00 [info] <0.861.0>@aae_treecache:init/1:224 log_ref=c0005 Starting cache with is_restored=false and IndexN of {1278813932664540053428224228626747642198940975104,3}
2026-09-11 20:49:51.745681+09:00 [info] <0.866.0>@aae_treecache:init/1:224 log_ref=c0005 Starting cache with is_restored=false and IndexN of {1096126227998177188652763624537212264741949407232,3}
2026-09-11 20:49:51.748620+09:00 [info] <0.867.0>@aae_treecache:init/1:224 log_ref=c0005 Starting cache with is_restored=false and IndexN of {913438523331814323877303020447676887284957839360,3}
2026-09-11 20:49:51.749324+09:00 [info] <0.868.0>@aae_treecache:init/1:224 log_ref=c0005 Starting cache with is_restored=false and IndexN of {365375409332725729550921208179070754913983135744,3}
2026-09-11 20:49:51.750069+09:00 [info] <0.869.0>@aae_treecache:init/1:224 log_ref=c0005 Starting cache with is_restored=false and IndexN of {1278813932664540053428224228626747642198940975104,3}
2026-09-11 20:49:51.750412+09:00 [info] <0.870.0>@aae_treecache:init/1:224 log_ref=c0005 Starting cache with is_restored=false and IndexN of {182687704666362864775460604089535377456991567872,3}
2026-09-11 20:49:51.750710+09:00 [info] <0.871.0>@aae_treecache:init/1:224 log_ref=c0005 Starting cache with is_restored=false and IndexN of {548063113999088594326381812268606132370974703616,3}
2026-09-11 20:49:51.752423+09:00 [info] <0.872.0>@aae_treecache:init/1:224 log_ref=c0005 Starting cache with is_restored=false and IndexN of {730750818665451459101842416358141509827966271488,3}
2026-09-11 20:49:51.752606+09:00 [info] <0.873.0>@aae_treecache:init/1:224 log_ref=c0005 Starting cache with is_restored=false and IndexN of {0,3}
2026-09-11 20:49:51.754668+09:00 [info] <0.874.0>@aae_treecache:init/1:224 log_ref=c0005 Starting cache with is_restored=false and IndexN of {1278813932664540053428224228626747642198940975104,3}
2026-09-11 20:49:51.754868+09:00 [info] <0.875.0>@aae_treecache:init/1:224 log_ref=c0005 Starting cache with is_restored=false and IndexN of {1096126227998177188652763624537212264741949407232,3}
2026-09-11 20:49:51.755216+09:00 [info] <0.876.0>@aae_treecache:init/1:224 log_ref=c0005 Starting cache with is_restored=false and IndexN of {548063113999088594326381812268606132370974703616,3}
2026-09-11 20:49:51.755933+09:00 [info] <0.877.0>@aae_treecache:init/1:224 log_ref=c0005 Starting cache with is_restored=false and IndexN of {0,3}
2026-09-11 20:49:51.756211+09:00 [info] <0.878.0>@aae_treecache:init/1:224 log_ref=c0005 Starting cache with is_restored=false and IndexN of {365375409332725729550921208179070754913983135744,3}
2026-09-11 20:49:51.757791+09:00 [info] <0.879.0>@aae_treecache:init/1:224 log_ref=c0005 Starting cache with is_restored=false and IndexN of {730750818665451459101842416358141509827966271488,3}
2026-09-11 20:49:51.758002+09:00 [info] <0.880.0>@aae_treecache:init/1:224 log_ref=c0005 Starting cache with is_restored=false and IndexN of {913438523331814323877303020447676887284957839360,3}
2026-09-11 20:49:51.758738+09:00 [info] <0.840.0>@aae_controller:init/1:719 log_ref=aae10 AAE controller started with IndexNs [{730750818665451459101842416358141509827966271488,3},{913438523331814323877303020447676887284957839360,3},{1096126227998177188652763624537212264741949407232,3}] and StoreType {native,leveled_nko,<0.774.0>}
2026-09-11 20:49:51.758548+09:00 [info] <0.836.0>@aae_controller:init/1:719 log_ref=aae10 AAE controller started with IndexNs [{0,3},{182687704666362864775460604089535377456991567872,3},{365375409332725729550921208179070754913983135744,3}] and StoreType {native,leveled_nko,<0.785.0>}
2026-09-11 20:49:51.758619+09:00 [info] <0.841.0>@aae_controller:init/1:719 log_ref=aae10 AAE controller started with IndexNs [{1096126227998177188652763624537212264741949407232,3},{1278813932664540053428224228626747642198940975104,3},{0,3}] and StoreType {native,leveled_nko,<0.771.0>}
2026-09-11 20:49:51.758665+09:00 [info] <0.837.0>@aae_controller:init/1:719 log_ref=aae10 AAE controller started with IndexNs [{365375409332725729550921208179070754913983135744,3},{548063113999088594326381812268606132370974703616,3},{730750818665451459101842416358141509827966271488,3}] and StoreType {native,leveled_nko,<0.775.0>}
2026-09-11 20:49:51.758709+09:00 [info] <0.843.0>@aae_controller:init/1:719 log_ref=aae10 AAE controller started with IndexNs [{548063113999088594326381812268606132370974703616,3},{730750818665451459101842416358141509827966271488,3},{913438523331814323877303020447676887284957839360,3}] and StoreType {native,leveled_nko,<0.781.0>}
2026-09-11 20:49:51.758938+09:00 [info] <0.881.0>@aae_treecache:init/1:224 log_ref=c0005 Starting cache with is_restored=false and IndexN of {182687704666362864775460604089535377456991567872,3}
2026-09-11 20:49:51.759169+09:00 [info] <0.749.0>@riak_kv_vnode:maybe_start_aaecontroller/2:415 AAE Controller started with pid=<0.837.0>
2026-09-11 20:49:51.758995+09:00 [info] <0.747.0>@riak_kv_vnode:maybe_start_aaecontroller/2:415 AAE Controller started with pid=<0.836.0>
2026-09-11 20:49:51.758962+09:00 [info] <0.751.0>@riak_kv_vnode:maybe_start_aaecontroller/2:415 AAE Controller started with pid=<0.840.0>
2026-09-11 20:49:51.759096+09:00 [info] <0.745.0>@riak_kv_vnode:maybe_start_aaecontroller/2:415 AAE Controller started with pid=<0.841.0>
2026-09-11 20:49:51.759313+09:00 [info] <0.839.0>@aae_controller:init/1:719 log_ref=aae10 AAE controller started with IndexNs [{913438523331814323877303020447676887284957839360,3},{1096126227998177188652763624537212264741949407232,3},{1278813932664540053428224228626747642198940975104,3}] and StoreType {native,leveled_nko,<0.773.0>}
2026-09-11 20:49:51.759212+09:00 [info] <0.750.0>@riak_kv_vnode:maybe_start_aaecontroller/2:415 AAE Controller started with pid=<0.843.0>
2026-09-11 20:49:51.759383+09:00 [info] <0.752.0>@riak_kv_vnode:maybe_start_aaecontroller/2:415 AAE Controller started with pid=<0.839.0>
2026-09-11 20:49:51.759454+09:00 [info] <0.842.0>@aae_controller:init/1:719 log_ref=aae10 AAE controller started with IndexNs [{1278813932664540053428224228626747642198940975104,3},{0,3},{182687704666362864775460604089535377456991567872,3}] and StoreType {native,leveled_nko,<0.772.0>}
2026-09-11 20:49:51.759506+09:00 [info] <0.746.0>@riak_kv_vnode:maybe_start_aaecontroller/2:415 AAE Controller started with pid=<0.842.0>
2026-09-11 20:49:51.758700+09:00 [info] <0.838.0>@aae_controller:init/1:719 log_ref=aae10 AAE controller started with IndexNs [{182687704666362864775460604089535377456991567872,3},{365375409332725729550921208179070754913983135744,3},{548063113999088594326381812268606132370974703616,3}] and StoreType {native,leveled_nko,<0.783.0>}
2026-09-11 20:49:51.759635+09:00 [info] <0.748.0>@riak_kv_vnode:maybe_start_aaecontroller/2:415 AAE Controller started with pid=<0.838.0>
2026-09-11 20:49:51.763254+09:00 [info] <0.744.0>@riak_core_vnode_manager:get_vnode/3:743 VNode initialization ready <0.752.0> 1278813932664540053428224228626747642198940975104 riak_kv_vnode
2026-09-11 20:49:51.763369+09:00 [info] <0.743.0>@riak_core_vnode_manager:get_vnode/3:743 VNode initialization ready <0.751.0> 1096126227998177188652763624537212264741949407232 riak_kv_vnode
2026-09-11 20:49:51.763525+09:00 [info] <0.741.0>@riak_core_vnode_manager:get_vnode/3:743 VNode initialization ready <0.749.0> 730750818665451459101842416358141509827966271488 riak_kv_vnode
2026-09-11 20:49:51.763768+09:00 [info] <0.739.0>@riak_core_vnode_manager:get_vnode/3:743 VNode initialization ready <0.747.0> 365375409332725729550921208179070754913983135744 riak_kv_vnode
2026-09-11 20:49:51.763848+09:00 [info] <0.737.0>@riak_core_vnode_manager:get_vnode/3:743 VNode initialization ready <0.745.0> 0 riak_kv_vnode
2026-09-11 20:49:51.763901+09:00 [info] <0.738.0>@riak_core_vnode_manager:get_vnode/3:743 VNode initialization ready <0.746.0> 182687704666362864775460604089535377456991567872 riak_kv_vnode
2026-09-11 20:49:51.763960+09:00 [info] <0.740.0>@riak_core_vnode_manager:get_vnode/3:743 VNode initialization ready <0.748.0> 548063113999088594326381812268606132370974703616 riak_kv_vnode
2026-09-11 20:49:51.764060+09:00 [info] <0.742.0>@riak_core_vnode_manager:get_vnode/3:743 VNode initialization ready <0.750.0> 913438523331814323877303020447676887284957839360 riak_kv_vnode
2026-09-11 20:49:51.764269+09:00 [info] <0.954.0>@riak_core_vnode_manager:get_vnode/3:733 Will start VNode for partition 182687704666362864775460604089535377456991567872 riak_pipe_vnode
2026-09-11 20:49:51.764653+09:00 [info] <0.954.0>@riak_core_vnode_manager:get_vnode/3:743 VNode initialization ready <0.955.0> 182687704666362864775460604089535377456991567872 riak_pipe_vnode
2026-09-11 20:49:51.764878+09:00 [info] <0.957.0>@riak_core_vnode_manager:get_vnode/3:733 Will start VNode for partition 365375409332725729550921208179070754913983135744 riak_pipe_vnode
2026-09-11 20:49:51.765202+09:00 [info] <0.957.0>@riak_core_vnode_manager:get_vnode/3:743 VNode initialization ready <0.958.0> 365375409332725729550921208179070754913983135744 riak_pipe_vnode
2026-09-11 20:49:51.765474+09:00 [info] <0.960.0>@riak_core_vnode_manager:get_vnode/3:733 Will start VNode for partition 548063113999088594326381812268606132370974703616 riak_pipe_vnode
2026-09-11 20:49:51.766081+09:00 [info] <0.960.0>@riak_core_vnode_manager:get_vnode/3:743 VNode initialization ready <0.961.0> 548063113999088594326381812268606132370974703616 riak_pipe_vnode
2026-09-11 20:49:51.766257+09:00 [info] <0.963.0>@riak_core_vnode_manager:get_vnode/3:733 Will start VNode for partition 730750818665451459101842416358141509827966271488 riak_pipe_vnode
2026-09-11 20:49:51.766571+09:00 [info] <0.963.0>@riak_core_vnode_manager:get_vnode/3:743 VNode initialization ready <0.964.0> 730750818665451459101842416358141509827966271488 riak_pipe_vnode
2026-09-11 20:49:51.766738+09:00 [info] <0.966.0>@riak_core_vnode_manager:get_vnode/3:733 Will start VNode for partition 913438523331814323877303020447676887284957839360 riak_pipe_vnode
2026-09-11 20:49:51.767185+09:00 [info] <0.966.0>@riak_core_vnode_manager:get_vnode/3:743 VNode initialization ready <0.967.0> 913438523331814323877303020447676887284957839360 riak_pipe_vnode
2026-09-11 20:49:51.767534+09:00 [info] <0.969.0>@riak_core_vnode_manager:get_vnode/3:733 Will start VNode for partition 1096126227998177188652763624537212264741949407232 riak_pipe_vnode
2026-09-11 20:49:51.767988+09:00 [info] <0.969.0>@riak_core_vnode_manager:get_vnode/3:743 VNode initialization ready <0.970.0> 1096126227998177188652763624537212264741949407232 riak_pipe_vnode
2026-09-11 20:49:51.768226+09:00 [info] <0.972.0>@riak_core_vnode_manager:get_vnode/3:733 Will start VNode for partition 1278813932664540053428224228626747642198940975104 riak_pipe_vnode
2026-09-11 20:49:51.768552+09:00 [info] <0.972.0>@riak_core_vnode_manager:get_vnode/3:743 VNode initialization ready <0.973.0> 1278813932664540053428224228626747642198940975104 riak_pipe_vnode
2026-09-11 20:49:51.789950+09:00 [info] <0.618.0>@riak_core:wait_for_service/2:492 Wait complete for service riak_kv (8 seconds)
2026-09-11 20:49:51.806653+09:00 [info] <0.239.0>@riak_core_capability:process_capability_changes/2:557 New capability: {riak_repl,bloom_fold} = true
2026-09-11 20:49:51.817834+09:00 [info] <0.239.0>@riak_core_capability:process_capability_changes/2:557 New capability: {riak_repl,rtq_meta} = true
2026-09-11 20:49:51.833519+09:00 [info] <0.239.0>@riak_core_capability:process_capability_changes/2:557 New capability: {riak_repl,default_bucket_props_hash} = [consistent,datatype,n_val,write_once]
2026-09-11 20:49:51.846017+09:00 [info] <0.397.0>@riak_core:wait_for_service/2:492 Wait complete for service riak_kv (8 seconds)
2026-09-11 20:49:51.847934+09:00 [info] <0.618.0>@riak_repl_app:start/2:70 REPL CS block skip disabled
2026-09-11 20:49:51.852797+09:00 [info] <0.975.0>@supervisor:report_progress/2:1582 Supervisor: {local,riak_repl_sup}. Started: id=riak_repl_client_sup,pid=<0.976.0>.
2026-09-11 20:49:51.856770+09:00 [info] <0.975.0>@supervisor:report_progress/2:1582 Supervisor: {local,riak_repl_sup}. Started: id=riak_repl_server_sup,pid=<0.977.0>.
2026-09-11 20:49:51.860624+09:00 [info] <0.975.0>@supervisor:report_progress/2:1582 Supervisor: {local,riak_repl_sup}. Started: id=riak_repl_leader,pid=<0.978.0>.
2026-09-11 20:49:51.864592+09:00 [info] <0.975.0>@supervisor:report_progress/2:1582 Supervisor: {local,riak_repl_sup}. Started: id=riak_repl2_leader,pid=<0.981.0>.
2026-09-11 20:49:51.887974+09:00 [info] <0.983.0>@riak_core_service_mgr:start_link/1:111 Starting Core Service Manager at {"127.0.0.1",9080}
2026-09-11 20:49:51.901000+09:00 [info] <0.981.0>@riak_repl2_leader:become_leader/2:217 Leader2: 'openriak-kv@node-03.cluster-a.openriak' elected as replication leader
2026-09-11 20:49:51.906601+09:00 [info] <0.987.0>@supervisor:report_progress/2:1582 Supervisor: {<0.987.0>,ranch_conns_sup_sup}. Started: id={ranch_conns_sup,1},pid=<0.988.0>.
2026-09-11 20:49:51.906911+09:00 [info] <0.987.0>@supervisor:report_progress/2:1582 Supervisor: {<0.987.0>,ranch_conns_sup_sup}. Started: id={ranch_conns_sup,2},pid=<0.989.0>.
2026-09-11 20:49:51.907012+09:00 [info] <0.987.0>@supervisor:report_progress/2:1582 Supervisor: {<0.987.0>,ranch_conns_sup_sup}. Started: id={ranch_conns_sup,3},pid=<0.990.0>.
2026-09-11 20:49:51.907097+09:00 [info] <0.987.0>@supervisor:report_progress/2:1582 Supervisor: {<0.987.0>,ranch_conns_sup_sup}. Started: id={ranch_conns_sup,4},pid=<0.991.0>.
2026-09-11 20:49:51.907143+09:00 [info] <0.987.0>@supervisor:report_progress/2:1582 Supervisor: {<0.987.0>,ranch_conns_sup_sup}. Started: id={ranch_conns_sup,5},pid=<0.992.0>.
2026-09-11 20:49:51.907205+09:00 [info] <0.987.0>@supervisor:report_progress/2:1582 Supervisor: {<0.987.0>,ranch_conns_sup_sup}. Started: id={ranch_conns_sup,6},pid=<0.993.0>.
2026-09-11 20:49:51.907247+09:00 [info] <0.987.0>@supervisor:report_progress/2:1582 Supervisor: {<0.987.0>,ranch_conns_sup_sup}. Started: id={ranch_conns_sup,7},pid=<0.994.0>.
2026-09-11 20:49:51.907319+09:00 [info] <0.987.0>@supervisor:report_progress/2:1582 Supervisor: {<0.987.0>,ranch_conns_sup_sup}. Started: id={ranch_conns_sup,8},pid=<0.995.0>.
2026-09-11 20:49:51.907357+09:00 [info] <0.987.0>@supervisor:report_progress/2:1582 Supervisor: {<0.987.0>,ranch_conns_sup_sup}. Started: id={ranch_conns_sup,9},pid=<0.996.0>.
2026-09-11 20:49:51.907418+09:00 [info] <0.987.0>@supervisor:report_progress/2:1582 Supervisor: {<0.987.0>,ranch_conns_sup_sup}. Started: id={ranch_conns_sup,10},pid=<0.997.0>.
2026-09-11 20:49:51.907464+09:00 [info] <0.987.0>@supervisor:report_progress/2:1582 Supervisor: {<0.987.0>,ranch_conns_sup_sup}. Started: id={ranch_conns_sup,11},pid=<0.998.0>.
2026-09-11 20:49:51.907521+09:00 [info] <0.987.0>@supervisor:report_progress/2:1582 Supervisor: {<0.987.0>,ranch_conns_sup_sup}. Started: id={ranch_conns_sup,12},pid=<0.999.0>.
2026-09-11 20:49:51.907556+09:00 [info] <0.987.0>@supervisor:report_progress/2:1582 Supervisor: {<0.987.0>,ranch_conns_sup_sup}. Started: id={ranch_conns_sup,13},pid=<0.1000.0>.
2026-09-11 20:49:51.907660+09:00 [info] <0.987.0>@supervisor:report_progress/2:1582 Supervisor: {<0.987.0>,ranch_conns_sup_sup}. Started: id={ranch_conns_sup,14},pid=<0.1001.0>.
2026-09-11 20:49:51.907712+09:00 [info] <0.987.0>@supervisor:report_progress/2:1582 Supervisor: {<0.987.0>,ranch_conns_sup_sup}. Started: id={ranch_conns_sup,15},pid=<0.1002.0>.
2026-09-11 20:49:51.907778+09:00 [info] <0.987.0>@supervisor:report_progress/2:1582 Supervisor: {<0.987.0>,ranch_conns_sup_sup}. Started: id={ranch_conns_sup,16},pid=<0.1003.0>.
2026-09-11 20:49:51.907810+09:00 [info] <0.987.0>@supervisor:report_progress/2:1582 Supervisor: {<0.987.0>,ranch_conns_sup_sup}. Started: id={ranch_conns_sup,17},pid=<0.1004.0>.
2026-09-11 20:49:51.907859+09:00 [info] <0.987.0>@supervisor:report_progress/2:1582 Supervisor: {<0.987.0>,ranch_conns_sup_sup}. Started: id={ranch_conns_sup,18},pid=<0.1005.0>.
2026-09-11 20:49:51.907895+09:00 [info] <0.987.0>@supervisor:report_progress/2:1582 Supervisor: {<0.987.0>,ranch_conns_sup_sup}. Started: id={ranch_conns_sup,19},pid=<0.1006.0>.
2026-09-11 20:49:51.907941+09:00 [info] <0.987.0>@supervisor:report_progress/2:1582 Supervisor: {<0.987.0>,ranch_conns_sup_sup}. Started: id={ranch_conns_sup,20},pid=<0.1007.0>.
2026-09-11 20:49:51.907977+09:00 [info] <0.987.0>@supervisor:report_progress/2:1582 Supervisor: {<0.987.0>,ranch_conns_sup_sup}. Started: id={ranch_conns_sup,21},pid=<0.1008.0>.
2026-09-11 20:49:51.908025+09:00 [info] <0.987.0>@supervisor:report_progress/2:1582 Supervisor: {<0.987.0>,ranch_conns_sup_sup}. Started: id={ranch_conns_sup,22},pid=<0.1009.0>.
2026-09-11 20:49:51.908057+09:00 [info] <0.987.0>@supervisor:report_progress/2:1582 Supervisor: {<0.987.0>,ranch_conns_sup_sup}. Started: id={ranch_conns_sup,23},pid=<0.1010.0>.
2026-09-11 20:49:51.908089+09:00 [info] <0.987.0>@supervisor:report_progress/2:1582 Supervisor: {<0.987.0>,ranch_conns_sup_sup}. Started: id={ranch_conns_sup,24},pid=<0.1011.0>.
2026-09-11 20:49:51.908122+09:00 [info] <0.987.0>@supervisor:report_progress/2:1582 Supervisor: {<0.987.0>,ranch_conns_sup_sup}. Started: id={ranch_conns_sup,25},pid=<0.1012.0>.
2026-09-11 20:49:51.908173+09:00 [info] <0.987.0>@supervisor:report_progress/2:1582 Supervisor: {<0.987.0>,ranch_conns_sup_sup}. Started: id={ranch_conns_sup,26},pid=<0.1013.0>.
2026-09-11 20:49:51.908211+09:00 [info] <0.987.0>@supervisor:report_progress/2:1582 Supervisor: {<0.987.0>,ranch_conns_sup_sup}. Started: id={ranch_conns_sup,27},pid=<0.1014.0>.
2026-09-11 20:49:51.908243+09:00 [info] <0.987.0>@supervisor:report_progress/2:1582 Supervisor: {<0.987.0>,ranch_conns_sup_sup}. Started: id={ranch_conns_sup,28},pid=<0.1015.0>.
2026-09-11 20:49:51.908274+09:00 [info] <0.987.0>@supervisor:report_progress/2:1582 Supervisor: {<0.987.0>,ranch_conns_sup_sup}. Started: id={ranch_conns_sup,29},pid=<0.1016.0>.
2026-09-11 20:49:51.908458+09:00 [info] <0.987.0>@supervisor:report_progress/2:1582 Supervisor: {<0.987.0>,ranch_conns_sup_sup}. Started: id={ranch_conns_sup,30},pid=<0.1017.0>.
2026-09-11 20:49:51.908511+09:00 [info] <0.987.0>@supervisor:report_progress/2:1582 Supervisor: {<0.987.0>,ranch_conns_sup_sup}. Started: id={ranch_conns_sup,31},pid=<0.1018.0>.
2026-09-11 20:49:51.908566+09:00 [info] <0.987.0>@supervisor:report_progress/2:1582 Supervisor: {<0.987.0>,ranch_conns_sup_sup}. Started: id={ranch_conns_sup,32},pid=<0.1019.0>.
2026-09-11 20:49:51.908598+09:00 [info] <0.987.0>@supervisor:report_progress/2:1582 Supervisor: {<0.987.0>,ranch_conns_sup_sup}. Started: id={ranch_conns_sup,33},pid=<0.1020.0>.
2026-09-11 20:49:51.908647+09:00 [info] <0.987.0>@supervisor:report_progress/2:1582 Supervisor: {<0.987.0>,ranch_conns_sup_sup}. Started: id={ranch_conns_sup,34},pid=<0.1021.0>.
2026-09-11 20:49:51.908679+09:00 [info] <0.987.0>@supervisor:report_progress/2:1582 Supervisor: {<0.987.0>,ranch_conns_sup_sup}. Started: id={ranch_conns_sup,35},pid=<0.1022.0>.
2026-09-11 20:49:51.908727+09:00 [info] <0.987.0>@supervisor:report_progress/2:1582 Supervisor: {<0.987.0>,ranch_conns_sup_sup}. Started: id={ranch_conns_sup,36},pid=<0.1023.0>.
2026-09-11 20:49:51.908759+09:00 [info] <0.987.0>@supervisor:report_progress/2:1582 Supervisor: {<0.987.0>,ranch_conns_sup_sup}. Started: id={ranch_conns_sup,37},pid=<0.1024.0>.
2026-09-11 20:49:51.908815+09:00 [info] <0.987.0>@supervisor:report_progress/2:1582 Supervisor: {<0.987.0>,ranch_conns_sup_sup}. Started: id={ranch_conns_sup,38},pid=<0.1025.0>.
2026-09-11 20:49:51.908851+09:00 [info] <0.987.0>@supervisor:report_progress/2:1582 Supervisor: {<0.987.0>,ranch_conns_sup_sup}. Started: id={ranch_conns_sup,39},pid=<0.1026.0>.
2026-09-11 20:49:51.908900+09:00 [info] <0.987.0>@supervisor:report_progress/2:1582 Supervisor: {<0.987.0>,ranch_conns_sup_sup}. Started: id={ranch_conns_sup,40},pid=<0.1027.0>.
2026-09-11 20:49:51.908933+09:00 [info] <0.987.0>@supervisor:report_progress/2:1582 Supervisor: {<0.987.0>,ranch_conns_sup_sup}. Started: id={ranch_conns_sup,41},pid=<0.1028.0>.
2026-09-11 20:49:51.908983+09:00 [info] <0.987.0>@supervisor:report_progress/2:1582 Supervisor: {<0.987.0>,ranch_conns_sup_sup}. Started: id={ranch_conns_sup,42},pid=<0.1029.0>.
2026-09-11 20:49:51.909016+09:00 [info] <0.987.0>@supervisor:report_progress/2:1582 Supervisor: {<0.987.0>,ranch_conns_sup_sup}. Started: id={ranch_conns_sup,43},pid=<0.1030.0>.
2026-09-11 20:49:51.909049+09:00 [info] <0.987.0>@supervisor:report_progress/2:1582 Supervisor: {<0.987.0>,ranch_conns_sup_sup}. Started: id={ranch_conns_sup,44},pid=<0.1031.0>.
2026-09-11 20:49:51.909086+09:00 [info] <0.987.0>@supervisor:report_progress/2:1582 Supervisor: {<0.987.0>,ranch_conns_sup_sup}. Started: id={ranch_conns_sup,45},pid=<0.1032.0>.
2026-09-11 20:49:51.909157+09:00 [info] <0.987.0>@supervisor:report_progress/2:1582 Supervisor: {<0.987.0>,ranch_conns_sup_sup}. Started: id={ranch_conns_sup,46},pid=<0.1033.0>.
2026-09-11 20:49:51.909190+09:00 [info] <0.987.0>@supervisor:report_progress/2:1582 Supervisor: {<0.987.0>,ranch_conns_sup_sup}. Started: id={ranch_conns_sup,47},pid=<0.1034.0>.
2026-09-11 20:49:51.909239+09:00 [info] <0.987.0>@supervisor:report_progress/2:1582 Supervisor: {<0.987.0>,ranch_conns_sup_sup}. Started: id={ranch_conns_sup,48},pid=<0.1035.0>.
2026-09-11 20:49:51.909272+09:00 [info] <0.987.0>@supervisor:report_progress/2:1582 Supervisor: {<0.987.0>,ranch_conns_sup_sup}. Started: id={ranch_conns_sup,49},pid=<0.1036.0>.
2026-09-11 20:49:51.909321+09:00 [info] <0.987.0>@supervisor:report_progress/2:1582 Supervisor: {<0.987.0>,ranch_conns_sup_sup}. Started: id={ranch_conns_sup,50},pid=<0.1037.0>.
2026-09-11 20:49:51.909354+09:00 [info] <0.987.0>@supervisor:report_progress/2:1582 Supervisor: {<0.987.0>,ranch_conns_sup_sup}. Started: id={ranch_conns_sup,51},pid=<0.1038.0>.
2026-09-11 20:49:51.909403+09:00 [info] <0.987.0>@supervisor:report_progress/2:1582 Supervisor: {<0.987.0>,ranch_conns_sup_sup}. Started: id={ranch_conns_sup,52},pid=<0.1039.0>.
2026-09-11 20:49:51.909436+09:00 [info] <0.987.0>@supervisor:report_progress/2:1582 Supervisor: {<0.987.0>,ranch_conns_sup_sup}. Started: id={ranch_conns_sup,53},pid=<0.1040.0>.
2026-09-11 20:49:51.909506+09:00 [info] <0.987.0>@supervisor:report_progress/2:1582 Supervisor: {<0.987.0>,ranch_conns_sup_sup}. Started: id={ranch_conns_sup,54},pid=<0.1041.0>.
2026-09-11 20:49:51.909555+09:00 [info] <0.987.0>@supervisor:report_progress/2:1582 Supervisor: {<0.987.0>,ranch_conns_sup_sup}. Started: id={ranch_conns_sup,55},pid=<0.1042.0>.
2026-09-11 20:49:51.909607+09:00 [info] <0.987.0>@supervisor:report_progress/2:1582 Supervisor: {<0.987.0>,ranch_conns_sup_sup}. Started: id={ranch_conns_sup,56},pid=<0.1043.0>.
2026-09-11 20:49:51.909644+09:00 [info] <0.987.0>@supervisor:report_progress/2:1582 Supervisor: {<0.987.0>,ranch_conns_sup_sup}. Started: id={ranch_conns_sup,57},pid=<0.1044.0>.
2026-09-11 20:49:51.909677+09:00 [info] <0.987.0>@supervisor:report_progress/2:1582 Supervisor: {<0.987.0>,ranch_conns_sup_sup}. Started: id={ranch_conns_sup,58},pid=<0.1045.0>.
2026-09-11 20:49:51.909710+09:00 [info] <0.987.0>@supervisor:report_progress/2:1582 Supervisor: {<0.987.0>,ranch_conns_sup_sup}. Started: id={ranch_conns_sup,59},pid=<0.1046.0>.
2026-09-11 20:49:51.909764+09:00 [info] <0.987.0>@supervisor:report_progress/2:1582 Supervisor: {<0.987.0>,ranch_conns_sup_sup}. Started: id={ranch_conns_sup,60},pid=<0.1047.0>.
2026-09-11 20:49:51.909798+09:00 [info] <0.987.0>@supervisor:report_progress/2:1582 Supervisor: {<0.987.0>,ranch_conns_sup_sup}. Started: id={ranch_conns_sup,61},pid=<0.1048.0>.
2026-09-11 20:49:51.909831+09:00 [info] <0.987.0>@supervisor:report_progress/2:1582 Supervisor: {<0.987.0>,ranch_conns_sup_sup}. Started: id={ranch_conns_sup,62},pid=<0.1049.0>.
2026-09-11 20:49:51.909864+09:00 [info] <0.987.0>@supervisor:report_progress/2:1582 Supervisor: {<0.987.0>,ranch_conns_sup_sup}. Started: id={ranch_conns_sup,63},pid=<0.1050.0>.
2026-09-11 20:49:51.909933+09:00 [info] <0.987.0>@supervisor:report_progress/2:1582 Supervisor: {<0.987.0>,ranch_conns_sup_sup}. Started: id={ranch_conns_sup,64},pid=<0.1051.0>.
2026-09-11 20:49:51.909967+09:00 [info] <0.987.0>@supervisor:report_progress/2:1582 Supervisor: {<0.987.0>,ranch_conns_sup_sup}. Started: id={ranch_conns_sup,65},pid=<0.1052.0>.
2026-09-11 20:49:51.910017+09:00 [info] <0.987.0>@supervisor:report_progress/2:1582 Supervisor: {<0.987.0>,ranch_conns_sup_sup}. Started: id={ranch_conns_sup,66},pid=<0.1053.0>.
2026-09-11 20:49:51.910050+09:00 [info] <0.987.0>@supervisor:report_progress/2:1582 Supervisor: {<0.987.0>,ranch_conns_sup_sup}. Started: id={ranch_conns_sup,67},pid=<0.1054.0>.
2026-09-11 20:49:51.910084+09:00 [info] <0.987.0>@supervisor:report_progress/2:1582 Supervisor: {<0.987.0>,ranch_conns_sup_sup}. Started: id={ranch_conns_sup,68},pid=<0.1055.0>.
2026-09-11 20:49:51.910118+09:00 [info] <0.987.0>@supervisor:report_progress/2:1582 Supervisor: {<0.987.0>,ranch_conns_sup_sup}. Started: id={ranch_conns_sup,69},pid=<0.1056.0>.
2026-09-11 20:49:51.910187+09:00 [info] <0.987.0>@supervisor:report_progress/2:1582 Supervisor: {<0.987.0>,ranch_conns_sup_sup}. Started: id={ranch_conns_sup,70},pid=<0.1057.0>.
2026-09-11 20:49:51.910220+09:00 [info] <0.987.0>@supervisor:report_progress/2:1582 Supervisor: {<0.987.0>,ranch_conns_sup_sup}. Started: id={ranch_conns_sup,71},pid=<0.1058.0>.
2026-09-11 20:49:51.910271+09:00 [info] <0.987.0>@supervisor:report_progress/2:1582 Supervisor: {<0.987.0>,ranch_conns_sup_sup}. Started: id={ranch_conns_sup,72},pid=<0.1059.0>.
2026-09-11 20:49:51.910305+09:00 [info] <0.987.0>@supervisor:report_progress/2:1582 Supervisor: {<0.987.0>,ranch_conns_sup_sup}. Started: id={ranch_conns_sup,73},pid=<0.1060.0>.
2026-09-11 20:49:51.910354+09:00 [info] <0.987.0>@supervisor:report_progress/2:1582 Supervisor: {<0.987.0>,ranch_conns_sup_sup}. Started: id={ranch_conns_sup,74},pid=<0.1061.0>.
2026-09-11 20:49:51.910391+09:00 [info] <0.987.0>@supervisor:report_progress/2:1582 Supervisor: {<0.987.0>,ranch_conns_sup_sup}. Started: id={ranch_conns_sup,75},pid=<0.1062.0>.
2026-09-11 20:49:51.910428+09:00 [info] <0.987.0>@supervisor:report_progress/2:1582 Supervisor: {<0.987.0>,ranch_conns_sup_sup}. Started: id={ranch_conns_sup,76},pid=<0.1063.0>.
2026-09-11 20:49:51.910463+09:00 [info] <0.987.0>@supervisor:report_progress/2:1582 Supervisor: {<0.987.0>,ranch_conns_sup_sup}. Started: id={ranch_conns_sup,77},pid=<0.1064.0>.
2026-09-11 20:49:51.910549+09:00 [info] <0.987.0>@supervisor:report_progress/2:1582 Supervisor: {<0.987.0>,ranch_conns_sup_sup}. Started: id={ranch_conns_sup,78},pid=<0.1065.0>.
2026-09-11 20:49:51.910588+09:00 [info] <0.987.0>@supervisor:report_progress/2:1582 Supervisor: {<0.987.0>,ranch_conns_sup_sup}. Started: id={ranch_conns_sup,79},pid=<0.1066.0>.
2026-09-11 20:49:51.910626+09:00 [info] <0.987.0>@supervisor:report_progress/2:1582 Supervisor: {<0.987.0>,ranch_conns_sup_sup}. Started: id={ranch_conns_sup,80},pid=<0.1067.0>.
2026-09-11 20:49:51.910678+09:00 [info] <0.987.0>@supervisor:report_progress/2:1582 Supervisor: {<0.987.0>,ranch_conns_sup_sup}. Started: id={ranch_conns_sup,81},pid=<0.1068.0>.
2026-09-11 20:49:51.910711+09:00 [info] <0.987.0>@supervisor:report_progress/2:1582 Supervisor: {<0.987.0>,ranch_conns_sup_sup}. Started: id={ranch_conns_sup,82},pid=<0.1069.0>.
2026-09-11 20:49:51.910912+09:00 [info] <0.987.0>@supervisor:report_progress/2:1582 Supervisor: {<0.987.0>,ranch_conns_sup_sup}. Started: id={ranch_conns_sup,83},pid=<0.1070.0>.
2026-09-11 20:49:51.911392+09:00 [info] <0.987.0>@supervisor:report_progress/2:1582 Supervisor: {<0.987.0>,ranch_conns_sup_sup}. Started: id={ranch_conns_sup,84},pid=<0.1071.0>.
2026-09-11 20:49:51.912078+09:00 [info] <0.987.0>@supervisor:report_progress/2:1582 Supervisor: {<0.987.0>,ranch_conns_sup_sup}. Started: id={ranch_conns_sup,85},pid=<0.1072.0>.
2026-09-11 20:49:51.912277+09:00 [info] <0.987.0>@supervisor:report_progress/2:1582 Supervisor: {<0.987.0>,ranch_conns_sup_sup}. Started: id={ranch_conns_sup,86},pid=<0.1073.0>.
2026-09-11 20:49:51.912702+09:00 [info] <0.987.0>@supervisor:report_progress/2:1582 Supervisor: {<0.987.0>,ranch_conns_sup_sup}. Started: id={ranch_conns_sup,87},pid=<0.1074.0>.
2026-09-11 20:49:51.912796+09:00 [info] <0.987.0>@supervisor:report_progress/2:1582 Supervisor: {<0.987.0>,ranch_conns_sup_sup}. Started: id={ranch_conns_sup,88},pid=<0.1075.0>.
2026-09-11 20:49:51.912888+09:00 [info] <0.987.0>@supervisor:report_progress/2:1582 Supervisor: {<0.987.0>,ranch_conns_sup_sup}. Started: id={ranch_conns_sup,89},pid=<0.1076.0>.
2026-09-11 20:49:51.912946+09:00 [info] <0.987.0>@supervisor:report_progress/2:1582 Supervisor: {<0.987.0>,ranch_conns_sup_sup}. Started: id={ranch_conns_sup,90},pid=<0.1077.0>.
2026-09-11 20:49:51.913033+09:00 [info] <0.987.0>@supervisor:report_progress/2:1582 Supervisor: {<0.987.0>,ranch_conns_sup_sup}. Started: id={ranch_conns_sup,91},pid=<0.1078.0>.
2026-09-11 20:49:51.913081+09:00 [info] <0.987.0>@supervisor:report_progress/2:1582 Supervisor: {<0.987.0>,ranch_conns_sup_sup}. Started: id={ranch_conns_sup,92},pid=<0.1079.0>.
2026-09-11 20:49:51.913149+09:00 [info] <0.987.0>@supervisor:report_progress/2:1582 Supervisor: {<0.987.0>,ranch_conns_sup_sup}. Started: id={ranch_conns_sup,93},pid=<0.1080.0>.
2026-09-11 20:49:51.913194+09:00 [info] <0.987.0>@supervisor:report_progress/2:1582 Supervisor: {<0.987.0>,ranch_conns_sup_sup}. Started: id={ranch_conns_sup,94},pid=<0.1081.0>.
2026-09-11 20:49:51.913256+09:00 [info] <0.987.0>@supervisor:report_progress/2:1582 Supervisor: {<0.987.0>,ranch_conns_sup_sup}. Started: id={ranch_conns_sup,95},pid=<0.1082.0>.
2026-09-11 20:49:51.913323+09:00 [info] <0.987.0>@supervisor:report_progress/2:1582 Supervisor: {<0.987.0>,ranch_conns_sup_sup}. Started: id={ranch_conns_sup,96},pid=<0.1083.0>.
2026-09-11 20:49:51.913367+09:00 [info] <0.987.0>@supervisor:report_progress/2:1582 Supervisor: {<0.987.0>,ranch_conns_sup_sup}. Started: id={ranch_conns_sup,97},pid=<0.1084.0>.
2026-09-11 20:49:51.913407+09:00 [info] <0.987.0>@supervisor:report_progress/2:1582 Supervisor: {<0.987.0>,ranch_conns_sup_sup}. Started: id={ranch_conns_sup,98},pid=<0.1085.0>.
2026-09-11 20:49:51.913480+09:00 [info] <0.987.0>@supervisor:report_progress/2:1582 Supervisor: {<0.987.0>,ranch_conns_sup_sup}. Started: id={ranch_conns_sup,99},pid=<0.1086.0>.
2026-09-11 20:49:51.913539+09:00 [info] <0.987.0>@supervisor:report_progress/2:1582 Supervisor: {<0.987.0>,ranch_conns_sup_sup}. Started: id={ranch_conns_sup,100},pid=<0.1087.0>.
2026-09-11 20:49:51.913629+09:00 [info] <0.986.0>@supervisor:report_progress/2:1582 Supervisor: {<0.986.0>,ranch_listener_sup}. Started: id=ranch_conns_sup_sup,pid=<0.987.0>.
2026-09-11 20:49:51.917765+09:00 [info] <0.1088.0>@supervisor:report_progress/2:1582 Supervisor: {<0.1088.0>,ranch_acceptors_sup}. Started: id={acceptor,<0.1088.0>,1},pid=<0.1089.0>.
2026-09-11 20:49:51.918024+09:00 [info] <0.1088.0>@supervisor:report_progress/2:1582 Supervisor: {<0.1088.0>,ranch_acceptors_sup}. Started: id={acceptor,<0.1088.0>,2},pid=<0.1090.0>.
2026-09-11 20:49:51.918164+09:00 [info] <0.1088.0>@supervisor:report_progress/2:1582 Supervisor: {<0.1088.0>,ranch_acceptors_sup}. Started: id={acceptor,<0.1088.0>,3},pid=<0.1091.0>.
2026-09-11 20:49:51.918266+09:00 [info] <0.1088.0>@supervisor:report_progress/2:1582 Supervisor: {<0.1088.0>,ranch_acceptors_sup}. Started: id={acceptor,<0.1088.0>,4},pid=<0.1092.0>.
2026-09-11 20:49:51.918369+09:00 [info] <0.1088.0>@supervisor:report_progress/2:1582 Supervisor: {<0.1088.0>,ranch_acceptors_sup}. Started: id={acceptor,<0.1088.0>,5},pid=<0.1093.0>.
2026-09-11 20:49:51.918468+09:00 [info] <0.1088.0>@supervisor:report_progress/2:1582 Supervisor: {<0.1088.0>,ranch_acceptors_sup}. Started: id={acceptor,<0.1088.0>,6},pid=<0.1094.0>.
2026-09-11 20:49:51.918564+09:00 [info] <0.1088.0>@supervisor:report_progress/2:1582 Supervisor: {<0.1088.0>,ranch_acceptors_sup}. Started: id={acceptor,<0.1088.0>,7},pid=<0.1095.0>.
2026-09-11 20:49:51.918630+09:00 [info] <0.1088.0>@supervisor:report_progress/2:1582 Supervisor: {<0.1088.0>,ranch_acceptors_sup}. Started: id={acceptor,<0.1088.0>,8},pid=<0.1096.0>.
2026-09-11 20:49:51.918717+09:00 [info] <0.1088.0>@supervisor:report_progress/2:1582 Supervisor: {<0.1088.0>,ranch_acceptors_sup}. Started: id={acceptor,<0.1088.0>,9},pid=<0.1097.0>.
2026-09-11 20:49:51.918880+09:00 [info] <0.1088.0>@supervisor:report_progress/2:1582 Supervisor: {<0.1088.0>,ranch_acceptors_sup}. Started: id={acceptor,<0.1088.0>,10},pid=<0.1098.0>.
2026-09-11 20:49:51.918952+09:00 [info] <0.1088.0>@supervisor:report_progress/2:1582 Supervisor: {<0.1088.0>,ranch_acceptors_sup}. Started: id={acceptor,<0.1088.0>,11},pid=<0.1099.0>.
2026-09-11 20:49:51.919033+09:00 [info] <0.1088.0>@supervisor:report_progress/2:1582 Supervisor: {<0.1088.0>,ranch_acceptors_sup}. Started: id={acceptor,<0.1088.0>,12},pid=<0.1100.0>.
2026-09-11 20:49:51.919099+09:00 [info] <0.1088.0>@supervisor:report_progress/2:1582 Supervisor: {<0.1088.0>,ranch_acceptors_sup}. Started: id={acceptor,<0.1088.0>,13},pid=<0.1101.0>.
2026-09-11 20:49:51.919181+09:00 [info] <0.1088.0>@supervisor:report_progress/2:1582 Supervisor: {<0.1088.0>,ranch_acceptors_sup}. Started: id={acceptor,<0.1088.0>,14},pid=<0.1102.0>.
2026-09-11 20:49:51.919260+09:00 [info] <0.1088.0>@supervisor:report_progress/2:1582 Supervisor: {<0.1088.0>,ranch_acceptors_sup}. Started: id={acceptor,<0.1088.0>,15},pid=<0.1103.0>.
2026-09-11 20:49:51.919318+09:00 [info] <0.1088.0>@supervisor:report_progress/2:1582 Supervisor: {<0.1088.0>,ranch_acceptors_sup}. Started: id={acceptor,<0.1088.0>,16},pid=<0.1104.0>.
2026-09-11 20:49:51.919409+09:00 [info] <0.1088.0>@supervisor:report_progress/2:1582 Supervisor: {<0.1088.0>,ranch_acceptors_sup}. Started: id={acceptor,<0.1088.0>,17},pid=<0.1105.0>.
2026-09-11 20:49:51.919469+09:00 [info] <0.1088.0>@supervisor:report_progress/2:1582 Supervisor: {<0.1088.0>,ranch_acceptors_sup}. Started: id={acceptor,<0.1088.0>,18},pid=<0.1106.0>.
2026-09-11 20:49:51.919542+09:00 [info] <0.1088.0>@supervisor:report_progress/2:1582 Supervisor: {<0.1088.0>,ranch_acceptors_sup}. Started: id={acceptor,<0.1088.0>,19},pid=<0.1107.0>.
2026-09-11 20:49:51.919621+09:00 [info] <0.1088.0>@supervisor:report_progress/2:1582 Supervisor: {<0.1088.0>,ranch_acceptors_sup}. Started: id={acceptor,<0.1088.0>,20},pid=<0.1108.0>.
2026-09-11 20:49:51.919724+09:00 [info] <0.1088.0>@supervisor:report_progress/2:1582 Supervisor: {<0.1088.0>,ranch_acceptors_sup}. Started: id={acceptor,<0.1088.0>,21},pid=<0.1109.0>.
2026-09-11 20:49:51.919835+09:00 [info] <0.1088.0>@supervisor:report_progress/2:1582 Supervisor: {<0.1088.0>,ranch_acceptors_sup}. Started: id={acceptor,<0.1088.0>,22},pid=<0.1110.0>.
2026-09-11 20:49:51.919904+09:00 [info] <0.1088.0>@supervisor:report_progress/2:1582 Supervisor: {<0.1088.0>,ranch_acceptors_sup}. Started: id={acceptor,<0.1088.0>,23},pid=<0.1111.0>.
2026-09-11 20:49:51.920031+09:00 [info] <0.1088.0>@supervisor:report_progress/2:1582 Supervisor: {<0.1088.0>,ranch_acceptors_sup}. Started: id={acceptor,<0.1088.0>,24},pid=<0.1112.0>.
2026-09-11 20:49:51.920126+09:00 [info] <0.1088.0>@supervisor:report_progress/2:1582 Supervisor: {<0.1088.0>,ranch_acceptors_sup}. Started: id={acceptor,<0.1088.0>,25},pid=<0.1113.0>.
2026-09-11 20:49:51.920190+09:00 [info] <0.1088.0>@supervisor:report_progress/2:1582 Supervisor: {<0.1088.0>,ranch_acceptors_sup}. Started: id={acceptor,<0.1088.0>,26},pid=<0.1114.0>.
2026-09-11 20:49:51.920274+09:00 [info] <0.1088.0>@supervisor:report_progress/2:1582 Supervisor: {<0.1088.0>,ranch_acceptors_sup}. Started: id={acceptor,<0.1088.0>,27},pid=<0.1115.0>.
2026-09-11 20:49:51.920332+09:00 [info] <0.1088.0>@supervisor:report_progress/2:1582 Supervisor: {<0.1088.0>,ranch_acceptors_sup}. Started: id={acceptor,<0.1088.0>,28},pid=<0.1116.0>.
2026-09-11 20:49:51.920535+09:00 [info] <0.1088.0>@supervisor:report_progress/2:1582 Supervisor: {<0.1088.0>,ranch_acceptors_sup}. Started: id={acceptor,<0.1088.0>,29},pid=<0.1117.0>.
2026-09-11 20:49:51.920691+09:00 [info] <0.1088.0>@supervisor:report_progress/2:1582 Supervisor: {<0.1088.0>,ranch_acceptors_sup}. Started: id={acceptor,<0.1088.0>,30},pid=<0.1118.0>.
2026-09-11 20:49:51.920969+09:00 [info] <0.1088.0>@supervisor:report_progress/2:1582 Supervisor: {<0.1088.0>,ranch_acceptors_sup}. Started: id={acceptor,<0.1088.0>,31},pid=<0.1119.0>.
2026-09-11 20:49:51.921284+09:00 [info] <0.1088.0>@supervisor:report_progress/2:1582 Supervisor: {<0.1088.0>,ranch_acceptors_sup}. Started: id={acceptor,<0.1088.0>,32},pid=<0.1120.0>.
2026-09-11 20:49:51.921423+09:00 [info] <0.1088.0>@supervisor:report_progress/2:1582 Supervisor: {<0.1088.0>,ranch_acceptors_sup}. Started: id={acceptor,<0.1088.0>,33},pid=<0.1121.0>.
2026-09-11 20:49:51.921610+09:00 [info] <0.1088.0>@supervisor:report_progress/2:1582 Supervisor: {<0.1088.0>,ranch_acceptors_sup}. Started: id={acceptor,<0.1088.0>,34},pid=<0.1122.0>.
2026-09-11 20:49:51.921804+09:00 [info] <0.1088.0>@supervisor:report_progress/2:1582 Supervisor: {<0.1088.0>,ranch_acceptors_sup}. Started: id={acceptor,<0.1088.0>,35},pid=<0.1123.0>.
2026-09-11 20:49:51.921949+09:00 [info] <0.1088.0>@supervisor:report_progress/2:1582 Supervisor: {<0.1088.0>,ranch_acceptors_sup}. Started: id={acceptor,<0.1088.0>,36},pid=<0.1124.0>.
2026-09-11 20:49:51.922119+09:00 [info] <0.1088.0>@supervisor:report_progress/2:1582 Supervisor: {<0.1088.0>,ranch_acceptors_sup}. Started: id={acceptor,<0.1088.0>,37},pid=<0.1125.0>.
2026-09-11 20:49:51.922337+09:00 [info] <0.1088.0>@supervisor:report_progress/2:1582 Supervisor: {<0.1088.0>,ranch_acceptors_sup}. Started: id={acceptor,<0.1088.0>,38},pid=<0.1126.0>.
2026-09-11 20:49:51.923418+09:00 [info] <0.1088.0>@supervisor:report_progress/2:1582 Supervisor: {<0.1088.0>,ranch_acceptors_sup}. Started: id={acceptor,<0.1088.0>,39},pid=<0.1127.0>.
2026-09-11 20:49:51.923641+09:00 [info] <0.1088.0>@supervisor:report_progress/2:1582 Supervisor: {<0.1088.0>,ranch_acceptors_sup}. Started: id={acceptor,<0.1088.0>,40},pid=<0.1128.0>.
2026-09-11 20:49:51.923779+09:00 [info] <0.1088.0>@supervisor:report_progress/2:1582 Supervisor: {<0.1088.0>,ranch_acceptors_sup}. Started: id={acceptor,<0.1088.0>,41},pid=<0.1129.0>.
2026-09-11 20:49:51.923918+09:00 [info] <0.1088.0>@supervisor:report_progress/2:1582 Supervisor: {<0.1088.0>,ranch_acceptors_sup}. Started: id={acceptor,<0.1088.0>,42},pid=<0.1130.0>.
2026-09-11 20:49:51.924046+09:00 [info] <0.1088.0>@supervisor:report_progress/2:1582 Supervisor: {<0.1088.0>,ranch_acceptors_sup}. Started: id={acceptor,<0.1088.0>,43},pid=<0.1131.0>.
2026-09-11 20:49:51.924180+09:00 [info] <0.1088.0>@supervisor:report_progress/2:1582 Supervisor: {<0.1088.0>,ranch_acceptors_sup}. Started: id={acceptor,<0.1088.0>,44},pid=<0.1132.0>.
2026-09-11 20:49:51.924304+09:00 [info] <0.1088.0>@supervisor:report_progress/2:1582 Supervisor: {<0.1088.0>,ranch_acceptors_sup}. Started: id={acceptor,<0.1088.0>,45},pid=<0.1133.0>.
2026-09-11 20:49:51.924452+09:00 [info] <0.1088.0>@supervisor:report_progress/2:1582 Supervisor: {<0.1088.0>,ranch_acceptors_sup}. Started: id={acceptor,<0.1088.0>,46},pid=<0.1134.0>.
2026-09-11 20:49:51.924651+09:00 [info] <0.1088.0>@supervisor:report_progress/2:1582 Supervisor: {<0.1088.0>,ranch_acceptors_sup}. Started: id={acceptor,<0.1088.0>,47},pid=<0.1135.0>.
2026-09-11 20:49:51.924793+09:00 [info] <0.1088.0>@supervisor:report_progress/2:1582 Supervisor: {<0.1088.0>,ranch_acceptors_sup}. Started: id={acceptor,<0.1088.0>,48},pid=<0.1136.0>.
2026-09-11 20:49:51.924891+09:00 [info] <0.1088.0>@supervisor:report_progress/2:1582 Supervisor: {<0.1088.0>,ranch_acceptors_sup}. Started: id={acceptor,<0.1088.0>,49},pid=<0.1137.0>.
2026-09-11 20:49:51.924994+09:00 [info] <0.1088.0>@supervisor:report_progress/2:1582 Supervisor: {<0.1088.0>,ranch_acceptors_sup}. Started: id={acceptor,<0.1088.0>,50},pid=<0.1138.0>.
2026-09-11 20:49:51.925060+09:00 [info] <0.1088.0>@supervisor:report_progress/2:1582 Supervisor: {<0.1088.0>,ranch_acceptors_sup}. Started: id={acceptor,<0.1088.0>,51},pid=<0.1139.0>.
2026-09-11 20:49:51.925145+09:00 [info] <0.1088.0>@supervisor:report_progress/2:1582 Supervisor: {<0.1088.0>,ranch_acceptors_sup}. Started: id={acceptor,<0.1088.0>,52},pid=<0.1140.0>.
2026-09-11 20:49:51.925208+09:00 [info] <0.1088.0>@supervisor:report_progress/2:1582 Supervisor: {<0.1088.0>,ranch_acceptors_sup}. Started: id={acceptor,<0.1088.0>,53},pid=<0.1141.0>.
2026-09-11 20:49:51.925286+09:00 [info] <0.1088.0>@supervisor:report_progress/2:1582 Supervisor: {<0.1088.0>,ranch_acceptors_sup}. Started: id={acceptor,<0.1088.0>,54},pid=<0.1142.0>.
2026-09-11 20:49:51.925368+09:00 [info] <0.1088.0>@supervisor:report_progress/2:1582 Supervisor: {<0.1088.0>,ranch_acceptors_sup}. Started: id={acceptor,<0.1088.0>,55},pid=<0.1143.0>.
2026-09-11 20:49:51.925456+09:00 [info] <0.1088.0>@supervisor:report_progress/2:1582 Supervisor: {<0.1088.0>,ranch_acceptors_sup}. Started: id={acceptor,<0.1088.0>,56},pid=<0.1144.0>.
2026-09-11 20:49:51.925559+09:00 [info] <0.1088.0>@supervisor:report_progress/2:1582 Supervisor: {<0.1088.0>,ranch_acceptors_sup}. Started: id={acceptor,<0.1088.0>,57},pid=<0.1145.0>.
2026-09-11 20:49:51.925688+09:00 [info] <0.1088.0>@supervisor:report_progress/2:1582 Supervisor: {<0.1088.0>,ranch_acceptors_sup}. Started: id={acceptor,<0.1088.0>,58},pid=<0.1146.0>.
2026-09-11 20:49:51.925835+09:00 [info] <0.1088.0>@supervisor:report_progress/2:1582 Supervisor: {<0.1088.0>,ranch_acceptors_sup}. Started: id={acceptor,<0.1088.0>,59},pid=<0.1147.0>.
2026-09-11 20:49:51.925931+09:00 [info] <0.1088.0>@supervisor:report_progress/2:1582 Supervisor: {<0.1088.0>,ranch_acceptors_sup}. Started: id={acceptor,<0.1088.0>,60},pid=<0.1148.0>.
2026-09-11 20:49:51.926019+09:00 [info] <0.1088.0>@supervisor:report_progress/2:1582 Supervisor: {<0.1088.0>,ranch_acceptors_sup}. Started: id={acceptor,<0.1088.0>,61},pid=<0.1149.0>.
2026-09-11 20:49:51.926100+09:00 [info] <0.1088.0>@supervisor:report_progress/2:1582 Supervisor: {<0.1088.0>,ranch_acceptors_sup}. Started: id={acceptor,<0.1088.0>,62},pid=<0.1150.0>.
2026-09-11 20:49:51.926212+09:00 [info] <0.1088.0>@supervisor:report_progress/2:1582 Supervisor: {<0.1088.0>,ranch_acceptors_sup}. Started: id={acceptor,<0.1088.0>,63},pid=<0.1151.0>.
2026-09-11 20:49:51.926290+09:00 [info] <0.1088.0>@supervisor:report_progress/2:1582 Supervisor: {<0.1088.0>,ranch_acceptors_sup}. Started: id={acceptor,<0.1088.0>,64},pid=<0.1152.0>.
2026-09-11 20:49:51.926380+09:00 [info] <0.1088.0>@supervisor:report_progress/2:1582 Supervisor: {<0.1088.0>,ranch_acceptors_sup}. Started: id={acceptor,<0.1088.0>,65},pid=<0.1153.0>.
2026-09-11 20:49:51.926437+09:00 [info] <0.1088.0>@supervisor:report_progress/2:1582 Supervisor: {<0.1088.0>,ranch_acceptors_sup}. Started: id={acceptor,<0.1088.0>,66},pid=<0.1154.0>.
2026-09-11 20:49:51.926530+09:00 [info] <0.1088.0>@supervisor:report_progress/2:1582 Supervisor: {<0.1088.0>,ranch_acceptors_sup}. Started: id={acceptor,<0.1088.0>,67},pid=<0.1155.0>.
2026-09-11 20:49:51.926595+09:00 [info] <0.1088.0>@supervisor:report_progress/2:1582 Supervisor: {<0.1088.0>,ranch_acceptors_sup}. Started: id={acceptor,<0.1088.0>,68},pid=<0.1156.0>.
2026-09-11 20:49:51.926671+09:00 [info] <0.1088.0>@supervisor:report_progress/2:1582 Supervisor: {<0.1088.0>,ranch_acceptors_sup}. Started: id={acceptor,<0.1088.0>,69},pid=<0.1157.0>.
2026-09-11 20:49:51.926766+09:00 [info] <0.1088.0>@supervisor:report_progress/2:1582 Supervisor: {<0.1088.0>,ranch_acceptors_sup}. Started: id={acceptor,<0.1088.0>,70},pid=<0.1158.0>.
2026-09-11 20:49:51.926853+09:00 [info] <0.1088.0>@supervisor:report_progress/2:1582 Supervisor: {<0.1088.0>,ranch_acceptors_sup}. Started: id={acceptor,<0.1088.0>,71},pid=<0.1159.0>.
2026-09-11 20:49:51.926941+09:00 [info] <0.1088.0>@supervisor:report_progress/2:1582 Supervisor: {<0.1088.0>,ranch_acceptors_sup}. Started: id={acceptor,<0.1088.0>,72},pid=<0.1160.0>.
2026-09-11 20:49:51.927000+09:00 [info] <0.1088.0>@supervisor:report_progress/2:1582 Supervisor: {<0.1088.0>,ranch_acceptors_sup}. Started: id={acceptor,<0.1088.0>,73},pid=<0.1161.0>.
2026-09-11 20:49:51.927087+09:00 [info] <0.1088.0>@supervisor:report_progress/2:1582 Supervisor: {<0.1088.0>,ranch_acceptors_sup}. Started: id={acceptor,<0.1088.0>,74},pid=<0.1162.0>.
2026-09-11 20:49:51.927198+09:00 [info] <0.1088.0>@supervisor:report_progress/2:1582 Supervisor: {<0.1088.0>,ranch_acceptors_sup}. Started: id={acceptor,<0.1088.0>,75},pid=<0.1163.0>.
2026-09-11 20:49:51.927747+09:00 [info] <0.1088.0>@supervisor:report_progress/2:1582 Supervisor: {<0.1088.0>,ranch_acceptors_sup}. Started: id={acceptor,<0.1088.0>,76},pid=<0.1164.0>.
2026-09-11 20:49:51.928575+09:00 [info] <0.1088.0>@supervisor:report_progress/2:1582 Supervisor: {<0.1088.0>,ranch_acceptors_sup}. Started: id={acceptor,<0.1088.0>,77},pid=<0.1165.0>.
2026-09-11 20:49:51.929077+09:00 [info] <0.1088.0>@supervisor:report_progress/2:1582 Supervisor: {<0.1088.0>,ranch_acceptors_sup}. Started: id={acceptor,<0.1088.0>,78},pid=<0.1166.0>.
2026-09-11 20:49:51.929283+09:00 [info] <0.1088.0>@supervisor:report_progress/2:1582 Supervisor: {<0.1088.0>,ranch_acceptors_sup}. Started: id={acceptor,<0.1088.0>,79},pid=<0.1167.0>.
2026-09-11 20:49:51.929388+09:00 [info] <0.1088.0>@supervisor:report_progress/2:1582 Supervisor: {<0.1088.0>,ranch_acceptors_sup}. Started: id={acceptor,<0.1088.0>,80},pid=<0.1168.0>.
2026-09-11 20:49:51.929466+09:00 [info] <0.1088.0>@supervisor:report_progress/2:1582 Supervisor: {<0.1088.0>,ranch_acceptors_sup}. Started: id={acceptor,<0.1088.0>,81},pid=<0.1169.0>.
2026-09-11 20:49:51.929600+09:00 [info] <0.1088.0>@supervisor:report_progress/2:1582 Supervisor: {<0.1088.0>,ranch_acceptors_sup}. Started: id={acceptor,<0.1088.0>,82},pid=<0.1170.0>.
2026-09-11 20:49:51.929682+09:00 [info] <0.1088.0>@supervisor:report_progress/2:1582 Supervisor: {<0.1088.0>,ranch_acceptors_sup}. Started: id={acceptor,<0.1088.0>,83},pid=<0.1171.0>.
2026-09-11 20:49:51.929773+09:00 [info] <0.1088.0>@supervisor:report_progress/2:1582 Supervisor: {<0.1088.0>,ranch_acceptors_sup}. Started: id={acceptor,<0.1088.0>,84},pid=<0.1172.0>.
2026-09-11 20:49:51.929866+09:00 [info] <0.1088.0>@supervisor:report_progress/2:1582 Supervisor: {<0.1088.0>,ranch_acceptors_sup}. Started: id={acceptor,<0.1088.0>,85},pid=<0.1173.0>.
2026-09-11 20:49:51.929930+09:00 [info] <0.1088.0>@supervisor:report_progress/2:1582 Supervisor: {<0.1088.0>,ranch_acceptors_sup}. Started: id={acceptor,<0.1088.0>,86},pid=<0.1174.0>.
2026-09-11 20:49:51.930020+09:00 [info] <0.1088.0>@supervisor:report_progress/2:1582 Supervisor: {<0.1088.0>,ranch_acceptors_sup}. Started: id={acceptor,<0.1088.0>,87},pid=<0.1175.0>.
2026-09-11 20:49:51.930080+09:00 [info] <0.1088.0>@supervisor:report_progress/2:1582 Supervisor: {<0.1088.0>,ranch_acceptors_sup}. Started: id={acceptor,<0.1088.0>,88},pid=<0.1176.0>.
2026-09-11 20:49:51.930166+09:00 [info] <0.1088.0>@supervisor:report_progress/2:1582 Supervisor: {<0.1088.0>,ranch_acceptors_sup}. Started: id={acceptor,<0.1088.0>,89},pid=<0.1177.0>.
2026-09-11 20:49:51.930245+09:00 [info] <0.1088.0>@supervisor:report_progress/2:1582 Supervisor: {<0.1088.0>,ranch_acceptors_sup}. Started: id={acceptor,<0.1088.0>,90},pid=<0.1178.0>.
2026-09-11 20:49:51.930304+09:00 [info] <0.1088.0>@supervisor:report_progress/2:1582 Supervisor: {<0.1088.0>,ranch_acceptors_sup}. Started: id={acceptor,<0.1088.0>,91},pid=<0.1179.0>.
2026-09-11 20:49:51.930391+09:00 [info] <0.1088.0>@supervisor:report_progress/2:1582 Supervisor: {<0.1088.0>,ranch_acceptors_sup}. Started: id={acceptor,<0.1088.0>,92},pid=<0.1180.0>.
2026-09-11 20:49:51.930488+09:00 [info] <0.1088.0>@supervisor:report_progress/2:1582 Supervisor: {<0.1088.0>,ranch_acceptors_sup}. Started: id={acceptor,<0.1088.0>,93},pid=<0.1181.0>.
2026-09-11 20:49:51.930605+09:00 [info] <0.1088.0>@supervisor:report_progress/2:1582 Supervisor: {<0.1088.0>,ranch_acceptors_sup}. Started: id={acceptor,<0.1088.0>,94},pid=<0.1182.0>.
2026-09-11 20:49:51.930733+09:00 [info] <0.1088.0>@supervisor:report_progress/2:1582 Supervisor: {<0.1088.0>,ranch_acceptors_sup}. Started: id={acceptor,<0.1088.0>,95},pid=<0.1183.0>.
2026-09-11 20:49:51.930830+09:00 [info] <0.1088.0>@supervisor:report_progress/2:1582 Supervisor: {<0.1088.0>,ranch_acceptors_sup}. Started: id={acceptor,<0.1088.0>,96},pid=<0.1184.0>.
2026-09-11 20:49:51.930931+09:00 [info] <0.1088.0>@supervisor:report_progress/2:1582 Supervisor: {<0.1088.0>,ranch_acceptors_sup}. Started: id={acceptor,<0.1088.0>,97},pid=<0.1185.0>.
2026-09-11 20:49:51.930995+09:00 [info] <0.1088.0>@supervisor:report_progress/2:1582 Supervisor: {<0.1088.0>,ranch_acceptors_sup}. Started: id={acceptor,<0.1088.0>,98},pid=<0.1186.0>.
2026-09-11 20:49:51.931076+09:00 [info] <0.1088.0>@supervisor:report_progress/2:1582 Supervisor: {<0.1088.0>,ranch_acceptors_sup}. Started: id={acceptor,<0.1088.0>,99},pid=<0.1187.0>.
2026-09-11 20:49:51.931166+09:00 [info] <0.1088.0>@supervisor:report_progress/2:1582 Supervisor: {<0.1088.0>,ranch_acceptors_sup}. Started: id={acceptor,<0.1088.0>,100},pid=<0.1188.0>.
2026-09-11 20:49:51.931256+09:00 [info] <0.986.0>@supervisor:report_progress/2:1582 Supervisor: {<0.986.0>,ranch_listener_sup}. Started: id=ranch_acceptors_sup,pid=<0.1088.0>.
2026-09-11 20:49:51.931448+09:00 [info] <0.614.0>@supervisor:report_progress/2:1582 Supervisor: {local,ranch_sup}. Started: id={ranch_listener_sup,{[49,50,55,46,48,46,48,46,49],9080}},pid=<0.986.0>.
2026-09-11 20:49:51.931533+09:00 [info] <0.984.0>@riak_core_service_mgr:start_dispatcher/3:524 Service manager: listening on 127.0.0.1:9080
2026-09-11 20:49:51.931603+09:00 [info] <0.983.0>@supervisor:report_progress/2:1582 Supervisor: {local,riak_core_cluster_mgr_sup}. Started: id=riak_core_service_mgr,pid=<0.984.0>.
2026-09-11 20:49:51.940031+09:00 [info] <0.983.0>@supervisor:report_progress/2:1582 Supervisor: {local,riak_core_cluster_mgr_sup}. Started: id=riak_core_connection_mgr,pid=<0.1189.0>.
2026-09-11 20:49:51.946595+09:00 [info] <0.983.0>@supervisor:report_progress/2:1582 Supervisor: {local,riak_core_cluster_mgr_sup}. Started: id=riak_core_cluster_conn_sup,pid=<0.1190.0>.
2026-09-11 20:49:51.957687+09:00 [info] <0.1191.0>@riak_core_cluster_mgr:become_leader/2:706 ClusterManager: 'openriak-kv@node-03.cluster-a.openriak' becoming the leader
2026-09-11 20:49:51.957886+09:00 [info] <0.983.0>@supervisor:report_progress/2:1582 Supervisor: {local,riak_core_cluster_mgr_sup}. Started: id=riak_repl_cluster_mgr,pid=<0.1191.0>.
2026-09-11 20:49:51.961195+09:00 [info] <0.1192.0>@riak_core_tcp_mon:init/1:167 Starting TCP Monitor
2026-09-11 20:49:51.961401+09:00 [info] <0.983.0>@supervisor:report_progress/2:1582 Supervisor: {local,riak_core_cluster_mgr_sup}. Started: id=riak_core_tcp_mon,pid=<0.1192.0>.
2026-09-11 20:49:51.961704+09:00 [info] <0.975.0>@supervisor:report_progress/2:1582 Supervisor: {local,riak_repl_sup}. Started: id=riak_core_cluster_mgr_sup,pid=<0.983.0>.
2026-09-11 20:49:51.964043+09:00 [info] <0.975.0>@supervisor:report_progress/2:1582 Supervisor: {local,riak_repl_sup}. Started: id=riak_repl2_fs_node_reserver,pid=<0.1193.0>.
2026-09-11 20:49:51.970949+09:00 [info] <0.1195.0>@supervisor:report_progress/2:1582 Supervisor: {local,riak_repl2_rtsource_sup}. Started: id=riak_repl2_rtq,pid=<0.1196.0>.
2026-09-11 20:49:51.975168+09:00 [info] <0.1195.0>@supervisor:report_progress/2:1582 Supervisor: {local,riak_repl2_rtsource_sup}. Started: id=riak_repl2_rtq_overload_counter,pid=<0.1197.0>.
2026-09-11 20:49:51.983053+09:00 [info] <0.1195.0>@supervisor:report_progress/2:1582 Supervisor: {local,riak_repl2_rtsource_sup}. Started: id=riak_repl2_rtsource_conn_sup,pid=<0.1198.0>.
2026-09-11 20:49:51.983307+09:00 [info] <0.1194.0>@supervisor:report_progress/2:1582 Supervisor: {local,riak_repl2_rt_sup}. Started: id=riak_repl2_rtsource_sup,pid=<0.1195.0>.
2026-09-11 20:49:51.995127+09:00 [info] <0.1199.0>@supervisor:report_progress/2:1582 Supervisor: {local,riak_repl2_rtsink_sup}. Started: id=riak_repl2_rtsink_pool,pid=<0.1200.0>.
2026-09-11 20:49:51.997124+09:00 [info] <0.1199.0>@supervisor:report_progress/2:1582 Supervisor: {local,riak_repl2_rtsink_sup}. Started: id=riak_repl2_rtsink_conn_sup,pid=<0.1207.0>.
2026-09-11 20:49:51.997321+09:00 [info] <0.1194.0>@supervisor:report_progress/2:1582 Supervisor: {local,riak_repl2_rt_sup}. Started: id=riak_repl2_rtsink_sup,pid=<0.1199.0>.
2026-09-11 20:49:51.997421+09:00 [info] <0.1194.0>@supervisor:report_progress/2:1582 Supervisor: {local,riak_repl2_rt_sup}. Started: id=riak_repl2_rt,pid=<0.1208.0>.
2026-09-11 20:49:51.997514+09:00 [info] <0.975.0>@supervisor:report_progress/2:1582 Supervisor: {local,riak_repl_sup}. Started: id=riak_repl2_rt_sup,pid=<0.1194.0>.
2026-09-11 20:49:51.999534+09:00 [info] <0.975.0>@supervisor:report_progress/2:1582 Supervisor: {local,riak_repl_sup}. Started: id=riak_repl2_fscoordinator_sup,pid=<0.1209.0>.
2026-09-11 20:49:52.001355+09:00 [info] <0.975.0>@supervisor:report_progress/2:1582 Supervisor: {local,riak_repl_sup}. Started: id=riak_repl2_fscoordinator_serv_sup,pid=<0.1210.0>.
2026-09-11 20:49:52.003223+09:00 [info] <0.975.0>@supervisor:report_progress/2:1582 Supervisor: {local,riak_repl_sup}. Started: id=riak_repl2_fssource_sup,pid=<0.1211.0>.
2026-09-11 20:49:52.006885+09:00 [info] <0.975.0>@supervisor:report_progress/2:1582 Supervisor: {local,riak_repl_sup}. Started: id=riak_repl2_fssink_pool,pid=<0.1212.0>.
2026-09-11 20:49:52.009507+09:00 [info] <0.975.0>@supervisor:report_progress/2:1582 Supervisor: {local,riak_repl_sup}. Started: id=riak_repl2_fssink_sup,pid=<0.1219.0>.
2026-09-11 20:49:52.014987+09:00 [info] <0.975.0>@supervisor:report_progress/2:1582 Supervisor: {local,riak_repl_sup}. Started: id=riak_repl2_pg_proxy_sup,pid=<0.1220.0>.
2026-09-11 20:49:52.023148+09:00 [info] <0.1221.0>@supervisor:report_progress/2:1582 Supervisor: {local,riak_repl2_pg_sup}. Started: id=riak_repl2_pg_block_provider_sup,pid=<0.1222.0>.
2026-09-11 20:49:52.025328+09:00 [info] <0.1221.0>@supervisor:report_progress/2:1582 Supervisor: {local,riak_repl2_pg_sup}. Started: id=riak_repl2_pg_block_requester_sup,pid=<0.1223.0>.
2026-09-11 20:49:52.025590+09:00 [info] <0.1221.0>@supervisor:report_progress/2:1582 Supervisor: {local,riak_repl2_pg_sup}. Started: id=riak_repl2_pg,pid=<0.1224.0>.
2026-09-11 20:49:52.025678+09:00 [info] <0.975.0>@supervisor:report_progress/2:1582 Supervisor: {local,riak_repl_sup}. Started: id=riak_repl2_pg_sup,pid=<0.1221.0>.
2026-09-11 20:49:52.033785+09:00 [info] <0.244.0>@supervisor:report_progress/2:1582 Supervisor: {local,riak_core_stats_sup}. Started: id=riak_core_connection_mgr_stats,pid=<0.1225.0>.
2026-09-11 20:49:52.059325+09:00 [info] <0.244.0>@supervisor:report_progress/2:1582 Supervisor: {local,riak_core_stats_sup}. Started: id=riak_repl_stats,pid=<0.1226.0>.
2026-09-11 20:49:52.085208+09:00 [info] <0.213.0>@supervisor:report_progress/2:1582 Supervisor: {local,riak_core_eventhandler_sup}. Started: id={riak_core_ring_events,riak_repl_ring_handler},pid=<0.1227.0>.
2026-09-11 20:49:52.098591+09:00 [info] <0.44.0>@application_controller:info_started/2:2130 Application: riak_repl. Started at: 'openriak-kv@node-03.cluster-a.openriak'.
2026-09-11 20:49:52.099067+09:00 [info] <0.44.0>@application_controller:info_started/2:2130 Application: canola. Started at: 'openriak-kv@node-03.cluster-a.openriak'.
2026-09-11 20:49:52.132377+09:00 [info] <0.44.0>@application_controller:info_started/2:2130 Application: riak_auth_mods. Started at: 'openriak-kv@node-03.cluster-a.openriak'.
2026-09-11 20:49:52.132858+09:00 [info] <0.44.0>@application_controller:info_started/2:2130 Application: riak_logger. Started at: 'openriak-kv@node-03.cluster-a.openriak'.
2026-09-11 20:50:00.391163+09:00 [info] <0.1339.0>@supervisor_bridge:report_progress/4:139 Supervisor: {local,inet_gethost_native_sup}. Started: pid=<0.1340.0>,mfa={inet_gethost_native,init,[[]]}.
2026-09-11 20:50:00.391512+09:00 [info] <0.82.0>@supervisor:report_progress/2:1582 Supervisor: {local,kernel_safe_sup}. Started: id=inet_gethost_native_sup,pid=<0.1339.0>.
2026-09-11 20:50:00.437203+09:00 [info] <0.981.0>@riak_repl2_leader:become_leader/2:217 Leader2: 'openriak-kv@node-03.cluster-a.openriak' elected as replication leader
2026-09-11 20:50:01.816775+09:00 [info] <0.223.0>@riak_core_gossip:log_node_added/2:362 'openriak-kv@node-04.cluster-a.openriak' joined cluster with status 'joining'
2026-09-11 20:50:01.851282+09:00 [info] <0.1191.0>@riak_core_cluster_mgr:become_proxy/2:719 ClusterManager: 'openriak-kv@node-03.cluster-a.openriak' becoming a proxy to 'openriak-kv@node-04.cluster-a.openriak'
2026-09-11 20:50:02.898174+09:00 [info] <0.223.0>@riak_core_gossip:log_node_added/2:362 'openriak-kv@node-05.cluster-a.openriak' joined cluster with status 'joining'
2026-09-11 20:50:03.030010+09:00 [info] <0.779.0>@leveled_monitor:handle_cast/2:733 log_ref=p0032 db_id=6 Fetch head timing with sample_count=0 and level timings of foundmem_time=0 found0_time=0 found1_time=0 found2_time=0 found3_time=0 foundlower_time=0 missed_time=0 with counts of foundmem_count=0 found0_count=0 found1_count=0 found2_count=0 found3_count=0 foundlower_count=0 missed_count=0 with sample_period=11 seconds
2026-09-11 20:50:08.725032+09:00 [info] <0.223.0>@riak_core_gossip:log_node_changed/3:359 'openriak-kv@node-02.cluster-a.openriak' changed from 'joining' to 'valid'
2026-09-11 20:50:08.725246+09:00 [info] <0.223.0>@riak_core_gossip:log_node_changed/3:359 'openriak-kv@node-03.cluster-a.openriak' changed from 'joining' to 'valid'
2026-09-11 20:50:08.725356+09:00 [info] <0.223.0>@riak_core_gossip:log_node_changed/3:359 'openriak-kv@node-04.cluster-a.openriak' changed from 'joining' to 'valid'
2026-09-11 20:50:08.725677+09:00 [info] <0.223.0>@riak_core_gossip:log_node_changed/3:359 'openriak-kv@node-05.cluster-a.openriak' changed from 'joining' to 'valid'
2026-09-11 20:50:11.187766+09:00 [info] <0.778.0>@leveled_monitor:handle_cast/2:733 log_ref=p0032 db_id=0 Fetch head timing with sample_count=0 and level timings of foundmem_time=0 found0_time=0 found1_time=0 found2_time=0 found3_time=0 foundlower_time=0 missed_time=0 with counts of foundmem_count=0 found0_count=0 found1_count=0 found2_count=0 found3_count=0 foundlower_count=0 missed_count=0 with sample_period=19 seconds
2026-09-11 20:50:13.334876+09:00 [info] <0.777.0>@leveled_monitor:handle_cast/2:647 log_ref=b0016 db_id=7 Get timing with sample_count=0 and head_time=0 body_time=0 with fetch_count=0 with sample_period=21 seconds
2026-09-11 20:50:14.968709+09:00 [info] <0.390.0>@riak_kv_replrtq_src:handle_info/2:646 QueueName=q1_ttaaefs has queue sizes p1=0 p2=0 p3=0
2026-09-11 20:50:16.499859+09:00 [info] <0.786.0>@leveled_monitor:handle_cast/2:647 log_ref=b0016 db_id=2 Get timing with sample_count=0 and head_time=0 body_time=0 with fetch_count=0 with sample_period=24 seconds
2026-09-11 20:50:25.385826+09:00 [info] <0.780.0>@leveled_monitor:handle_cast/2:778 log_ref=cdb19 db_id=1 Sample timings in microseconds for sample_count=0 with totals of cycle_count=0 index_time=0 read_time=0 with sample_period=33 seconds
2026-09-11 20:50:25.532862+09:00 [info] <0.784.0>@leveled_monitor:handle_cast/2:647 log_ref=b0016 db_id=3 Get timing with sample_count=0 and head_time=0 body_time=0 with fetch_count=0 with sample_period=33 seconds
2026-09-11 20:50:31.883839+09:00 [info] <0.776.0>@leveled_monitor:handle_cast/2:647 log_ref=b0016 db_id=4 Get timing with sample_count=0 and head_time=0 body_time=0 with fetch_count=0 with sample_period=40 seconds
2026-09-11 20:50:34.981757+09:00 [info] <0.779.0>@leveled_monitor:handle_cast/2:668 log_ref=b0018 db_id=6 Positive HEAD responses timed with sample_count=0 and cache_count=0 found_count=0 fetch_ledger_time=0 fetch_ledgercache_time=0 rsp_time=0 notfound_time=0 with sample_period=43 seconds
2026-09-11 20:50:43.090308+09:00 [info] <0.778.0>@leveled_monitor:handle_cast/2:704 log_ref=b0017 db_id=0 Snapshot timing with sample_count=0 and bookie_time=0 pcl_time=0 with sample_period=51 seconds
2026-09-11 20:50:45.238546+09:00 [info] <0.777.0>@leveled_monitor:handle_cast/2:778 log_ref=cdb19 db_id=7 Sample timings in microseconds for sample_count=0 with totals of cycle_count=0 index_time=0 read_time=0 with sample_period=53 seconds
2026-09-11 20:50:46.850369+09:00 [info] <0.389.0>@riak_kv_ttaaefs_manager:handle_info/2:785 Initiated Tictac AAE Full-Sync Mgr with scope=disabled
2026-09-11 20:50:46.850841+09:00 [info] <0.389.0>@riak_kv_ttaaefs_manager:handle_info/2:805 Initiating schedule at startup SlotInfo {3,5,1} Schedule [{no_check,24},{all_check,0},{day_check,0},{hour_check,0},{range_check,0},{auto_check,0}]
2026-09-11 20:50:46.851404+09:00 [info] <0.389.0>@riak_kv_ttaaefs_manager:handle_info/2:823 Scheduling work_item=no_check in 2015 seconds 23 items to run in schedule
2026-09-11 20:50:46.871366+09:00 [info] <0.390.0>@riak_kv_replrtq_src:handle_info/2:646 QueueName=q1_ttaaefs has queue sizes p1=0 p2=0 p3=0
2026-09-11 20:50:46.900360+09:00 [info] <0.393.0>@riak_kv_overflow_queue:log/5:133 riak_kv_reaper job_id=0 has attempts=0 aborts=0 Queue lengths queue_p2=0 queue_p1=0 Overflow lengths overflow_p2=0 overflow_p1=0 Discard counts discard_p2=0 discard_p1=0
2026-09-11 20:50:46.910511+09:00 [info] <0.394.0>@riak_kv_overflow_queue:log/5:133 riak_kv_eraser job_id=0 has attempts=0 aborts=0 Queue lengths queue_p2=0 queue_p1=0 Overflow lengths overflow_p2=0 overflow_p1=0 Discard counts discard_p2=0 discard_p1=0
2026-09-11 20:50:46.916563+09:00 [info] <0.395.0>@riak_kv_overflow_queue:log/5:133 riak_kv_reader job_id=0 has attempts=0 aborts=0 Queue lengths queue_p2=0 queue_p1=0 Overflow lengths overflow_p2=0 overflow_p1=0 Discard counts discard_p2=0 discard_p1=0
2026-09-11 20:50:47.322553+09:00 [info] <0.570.0>@riak_core_worker_pool:handle_info/3:257 worker_pool=af1_pool has qlen=0 and no items checked out
2026-09-11 20:50:47.324506+09:00 [info] <0.575.0>@riak_core_worker_pool:handle_info/3:257 worker_pool=af2_pool has qlen=0 and no items checked out
2026-09-11 20:50:47.324573+09:00 [info] <0.579.0>@riak_core_worker_pool:handle_info/3:257 worker_pool=af3_pool has qlen=0 and no items checked out
2026-09-11 20:50:47.324623+09:00 [info] <0.586.0>@riak_core_worker_pool:handle_info/3:257 worker_pool=af4_pool has qlen=0 and no items checked out
2026-09-11 20:50:47.324653+09:00 [info] <0.590.0>@riak_core_worker_pool:handle_info/3:257 worker_pool=be_pool has qlen=0 and no items checked out
2026-09-11 20:50:47.438496+09:00 [info] <0.782.0>@leveled_monitor:handle_cast/2:704 log_ref=b0017 db_id=5 Snapshot timing with sample_count=0 and bookie_time=0 pcl_time=0 with sample_period=55 seconds
2026-09-11 20:50:48.429088+09:00 [info] <0.786.0>@leveled_monitor:handle_cast/2:704 log_ref=b0017 db_id=2 Snapshot timing with sample_count=0 and bookie_time=0 pcl_time=0 with sample_period=56 seconds
2026-09-11 20:50:57.288358+09:00 [info] <0.780.0>@leveled_monitor:handle_cast/2:704 log_ref=b0017 db_id=1 Snapshot timing with sample_count=0 and bookie_time=0 pcl_time=0 with sample_period=65 seconds
2026-09-11 20:50:57.435330+09:00 [info] <0.784.0>@leveled_monitor:handle_cast/2:778 log_ref=cdb19 db_id=3 Sample timings in microseconds for sample_count=0 with totals of cycle_count=0 index_time=0 read_time=0 with sample_period=65 seconds
2026-09-11 20:50:58.036546+09:00 [info] <0.973.0>@riak_core_vnode:finish_handoff/2:788 1278813932664540053428224228626747642198940975104 riak_pipe_vnode vnode finished handoff and deleted in 0 milliseconds
2026-09-11 20:51:00.218718+09:00 [warning] <0.771.0>@leveled_bookie:handle_call/3:1754 log_ref=b0011 db_id=0 Call to destroy the store and so all files to be removed
2026-09-11 20:51:00.219045+09:00 [warning] <0.790.0>@leveled_inker:handle_call/3:780 log_ref=i0018 db_id=0 We're doomed - intention recorded to destroy all files
2026-09-11 20:51:00.219414+09:00 [info] <0.790.0>@leveled_inker:handle_call/3:784 log_ref=i0005 db_id=0 Inker closing journal for reason doom
2026-09-11 20:51:00.219762+09:00 [info] <0.790.0>@leveled_inker:handle_call/3:786 log_ref=i0006 db_id=0 Close triggered with journal_sqn=0 and manifest_sqn=2
2026-09-11 20:51:00.220174+09:00 [info] <0.790.0>@leveled_inker:shutdown_manifest/1:1040 log_ref=i0007 db_id=0 Inker manifest when closing is:
2026-09-11 20:51:00.220695+09:00 [warning] <0.824.0>@leveled_penciller:handle_call/3:1097 log_ref=p0030 db_id=0 We're doomed - intention recorded to destroy all files
2026-09-11 20:51:00.220999+09:00 [info] <0.825.0>@leveled_pclerk:terminate/2:178 log_ref=pc005 db_id=0 Penciller's Clerk <0.825.0> shutdown now complete for reason normal
2026-09-11 20:51:00.224335+09:00 [info] <0.771.0>@leveled_bookie:terminate/2:1827 log_ref=b0003 db_id=0 Bookie closing for reason normal
2026-09-11 20:51:00.224870+09:00 [info] <0.877.0>@aae_treecache:handle_cast/2:354 log_ref=c0004 Destroying tree cache for partition {0,3}
2026-09-11 20:51:00.225074+09:00 [info] <0.869.0>@aae_treecache:handle_cast/2:354 log_ref=c0004 Destroying tree cache for partition {1278813932664540053428224228626747642198940975104,3}
2026-09-11 20:51:00.225195+09:00 [info] <0.857.0>@aae_treecache:handle_cast/2:354 log_ref=c0004 Destroying tree cache for partition {1096126227998177188652763624537212264741949407232,3}
2026-09-11 20:51:00.225387+09:00 [info] <0.745.0>@riak_core_vnode:finish_handoff/2:788 0 riak_kv_vnode vnode finished handoff and deleted in 15 milliseconds
2026-09-11 20:51:03.786527+09:00 [info] <0.776.0>@leveled_monitor:handle_cast/2:733 log_ref=p0032 db_id=4 Fetch head timing with sample_count=0 and level timings of foundmem_time=0 found0_time=0 found1_time=0 found2_time=0 found3_time=0 foundlower_time=0 missed_time=0 with counts of foundmem_count=0 found0_count=0 found1_count=0 found2_count=0 found3_count=0 foundlower_count=0 missed_count=0 with sample_period=72 seconds
2026-09-11 20:51:06.884462+09:00 [info] <0.779.0>@leveled_monitor:handle_cast/2:687 log_ref=b0015 db_id=6 Put timing with sample_count=0 ink_time=0 prep_time=0 mem_time=0 with total_object_size=0 with sample_period=75 seconds
2026-09-11 20:51:08.945684+09:00 [info] <0.735.0>@riak_core_vnode:finish_handoff/2:788 0 riak_pipe_vnode vnode finished handoff and deleted in 0 milliseconds
2026-09-11 20:51:14.197441+09:00 [warning] <0.773.0>@leveled_bookie:handle_call/3:1754 log_ref=b0011 db_id=7 Call to destroy the store and so all files to be removed
2026-09-11 20:51:14.197873+09:00 [warning] <0.787.0>@leveled_inker:handle_call/3:780 log_ref=i0018 db_id=7 We're doomed - intention recorded to destroy all files
2026-09-11 20:51:14.200610+09:00 [info] <0.787.0>@leveled_inker:handle_call/3:784 log_ref=i0005 db_id=7 Inker closing journal for reason doom
2026-09-11 20:51:14.201093+09:00 [info] <0.787.0>@leveled_inker:handle_call/3:786 log_ref=i0006 db_id=7 Close triggered with journal_sqn=0 and manifest_sqn=2
2026-09-11 20:51:14.201269+09:00 [info] <0.787.0>@leveled_inker:shutdown_manifest/1:1040 log_ref=i0007 db_id=7 Inker manifest when closing is:
2026-09-11 20:51:14.201537+09:00 [warning] <0.822.0>@leveled_penciller:handle_call/3:1097 log_ref=p0030 db_id=7 We're doomed - intention recorded to destroy all files
2026-09-11 20:51:14.201698+09:00 [info] <0.823.0>@leveled_pclerk:terminate/2:178 log_ref=pc005 db_id=7 Penciller's Clerk <0.823.0> shutdown now complete for reason normal
2026-09-11 20:51:14.207304+09:00 [info] <0.773.0>@leveled_bookie:terminate/2:1827 log_ref=b0003 db_id=7 Bookie closing for reason normal
2026-09-11 20:51:14.207694+09:00 [info] <0.874.0>@aae_treecache:handle_cast/2:354 log_ref=c0004 Destroying tree cache for partition {1278813932664540053428224228626747642198940975104,3}
2026-09-11 20:51:14.207803+09:00 [info] <0.866.0>@aae_treecache:handle_cast/2:354 log_ref=c0004 Destroying tree cache for partition {1096126227998177188652763624537212264741949407232,3}
2026-09-11 20:51:14.208264+09:00 [info] <0.854.0>@aae_treecache:handle_cast/2:354 log_ref=c0004 Destroying tree cache for partition {913438523331814323877303020447676887284957839360,3}
2026-09-11 20:51:14.208590+09:00 [info] <0.752.0>@riak_core_vnode:finish_handoff/2:788 1278813932664540053428224228626747642198940975104 riak_kv_vnode vnode finished handoff and deleted in 35 milliseconds
2026-09-11 20:51:16.699650+09:00 [warning] <0.772.0>@leveled_bookie:handle_call/3:1754 log_ref=b0011 db_id=1 Call to destroy the store and so all files to be removed
2026-09-11 20:51:16.700040+09:00 [warning] <0.789.0>@leveled_inker:handle_call/3:780 log_ref=i0018 db_id=1 We're doomed - intention recorded to destroy all files
2026-09-11 20:51:16.700201+09:00 [info] <0.789.0>@leveled_inker:handle_call/3:784 log_ref=i0005 db_id=1 Inker closing journal for reason doom
2026-09-11 20:51:16.702810+09:00 [info] <0.789.0>@leveled_inker:handle_call/3:786 log_ref=i0006 db_id=1 Close triggered with journal_sqn=0 and manifest_sqn=2
2026-09-11 20:51:16.703070+09:00 [info] <0.789.0>@leveled_inker:shutdown_manifest/1:1040 log_ref=i0007 db_id=1 Inker manifest when closing is:
2026-09-11 20:51:16.703682+09:00 [warning] <0.814.0>@leveled_penciller:handle_call/3:1097 log_ref=p0030 db_id=1 We're doomed - intention recorded to destroy all files
2026-09-11 20:51:16.704058+09:00 [info] <0.818.0>@leveled_pclerk:terminate/2:178 log_ref=pc005 db_id=1 Penciller's Clerk <0.818.0> shutdown now complete for reason normal
2026-09-11 20:51:16.707346+09:00 [info] <0.772.0>@leveled_bookie:terminate/2:1827 log_ref=b0003 db_id=1 Bookie closing for reason normal
2026-09-11 20:51:16.707571+09:00 [info] <0.881.0>@aae_treecache:handle_cast/2:354 log_ref=c0004 Destroying tree cache for partition {182687704666362864775460604089535377456991567872,3}
2026-09-11 20:51:16.707696+09:00 [info] <0.873.0>@aae_treecache:handle_cast/2:354 log_ref=c0004 Destroying tree cache for partition {0,3}
2026-09-11 20:51:16.707755+09:00 [info] <0.861.0>@aae_treecache:handle_cast/2:354 log_ref=c0004 Destroying tree cache for partition {1278813932664540053428224228626747642198940975104,3}
2026-09-11 20:51:16.707943+09:00 [info] <0.746.0>@riak_core_vnode:finish_handoff/2:788 182687704666362864775460604089535377456991567872 riak_kv_vnode vnode finished handoff and deleted in 19 milliseconds
2026-09-11 20:51:16.783597+09:00 [info] <0.961.0>@riak_core_vnode:finish_handoff/2:788 548063113999088594326381812268606132370974703616 riak_pipe_vnode vnode finished handoff and deleted in 0 milliseconds
2026-09-11 20:51:18.733402+09:00 [info] <0.390.0>@riak_kv_replrtq_src:handle_info/2:646 QueueName=q1_ttaaefs has queue sizes p1=0 p2=0 p3=0
2026-09-11 20:51:20.290405+09:00 [info] <0.786.0>@leveled_monitor:handle_cast/2:687 log_ref=b0015 db_id=2 Put timing with sample_count=0 ink_time=0 prep_time=0 mem_time=0 with total_object_size=0 with sample_period=88 seconds
2026-09-11 20:51:22.714868+09:00 [info] <0.967.0>@riak_core_vnode:finish_handoff/2:788 913438523331814323877303020447676887284957839360 riak_pipe_vnode vnode finished handoff and deleted in 0 milliseconds
2026-09-11 20:51:26.230795+09:00 [info] <0.955.0>@riak_core_vnode:finish_handoff/2:788 182687704666362864775460604089535377456991567872 riak_pipe_vnode vnode finished handoff and deleted in 0 milliseconds
2026-09-11 20:51:29.297444+09:00 [info] <0.784.0>@leveled_monitor:handle_cast/2:733 log_ref=p0032 db_id=3 Fetch head timing with sample_count=0 and level timings of foundmem_time=0 found0_time=0 found1_time=0 found2_time=0 found3_time=0 foundlower_time=0 missed_time=0 with counts of foundmem_count=0 found0_count=0 found1_count=0 found2_count=0 found3_count=0 foundlower_count=0 missed_count=0 with sample_period=97 seconds
2026-09-11 20:51:35.648428+09:00 [info] <0.776.0>@leveled_monitor:handle_cast/2:778 log_ref=cdb19 db_id=4 Sample timings in microseconds for sample_count=0 with totals of cycle_count=0 index_time=0 read_time=0 with sample_period=104 seconds
2026-09-11 20:51:37.403601+09:00 [info] <0.964.0>@riak_core_vnode:finish_handoff/2:788 730750818665451459101842416358141509827966271488 riak_pipe_vnode vnode finished handoff and deleted in 0 milliseconds
2026-09-11 20:51:38.169011+09:00 [warning] <0.781.0>@leveled_bookie:handle_call/3:1754 log_ref=b0011 db_id=5 Call to destroy the store and so all files to be removed
2026-09-11 20:51:38.169562+09:00 [warning] <0.793.0>@leveled_inker:handle_call/3:780 log_ref=i0018 db_id=5 We're doomed - intention recorded to destroy all files
2026-09-11 20:51:38.169667+09:00 [info] <0.793.0>@leveled_inker:handle_call/3:784 log_ref=i0005 db_id=5 Inker closing journal for reason doom
2026-09-11 20:51:38.169781+09:00 [info] <0.793.0>@leveled_inker:handle_call/3:786 log_ref=i0006 db_id=5 Close triggered with journal_sqn=0 and manifest_sqn=2
2026-09-11 20:51:38.169878+09:00 [info] <0.793.0>@leveled_inker:shutdown_manifest/1:1040 log_ref=i0007 db_id=5 Inker manifest when closing is:
2026-09-11 20:51:38.170472+09:00 [warning] <0.813.0>@leveled_penciller:handle_call/3:1097 log_ref=p0030 db_id=5 We're doomed - intention recorded to destroy all files
2026-09-11 20:51:38.170593+09:00 [info] <0.817.0>@leveled_pclerk:terminate/2:178 log_ref=pc005 db_id=5 Penciller's Clerk <0.817.0> shutdown now complete for reason normal
2026-09-11 20:51:38.172410+09:00 [info] <0.781.0>@leveled_bookie:terminate/2:1827 log_ref=b0003 db_id=5 Bookie closing for reason normal
2026-09-11 20:51:38.172590+09:00 [info] <0.880.0>@aae_treecache:handle_cast/2:354 log_ref=c0004 Destroying tree cache for partition {913438523331814323877303020447676887284957839360,3}
2026-09-11 20:51:38.172688+09:00 [info] <0.872.0>@aae_treecache:handle_cast/2:354 log_ref=c0004 Destroying tree cache for partition {730750818665451459101842416358141509827966271488,3}
2026-09-11 20:51:38.172755+09:00 [info] <0.860.0>@aae_treecache:handle_cast/2:354 log_ref=c0004 Destroying tree cache for partition {548063113999088594326381812268606132370974703616,3}
2026-09-11 20:51:38.172855+09:00 [info] <0.750.0>@riak_core_vnode:finish_handoff/2:788 913438523331814323877303020447676887284957839360 riak_kv_vnode vnode finished handoff and deleted in 18 milliseconds
2026-09-11 20:51:40.224160+09:00 [warning] <0.775.0>@leveled_bookie:handle_call/3:1754 log_ref=b0011 db_id=4 Call to destroy the store and so all files to be removed
2026-09-11 20:51:40.224690+09:00 [warning] <0.792.0>@leveled_inker:handle_call/3:780 log_ref=i0018 db_id=4 We're doomed - intention recorded to destroy all files
2026-09-11 20:51:40.224879+09:00 [info] <0.792.0>@leveled_inker:handle_call/3:784 log_ref=i0005 db_id=4 Inker closing journal for reason doom
2026-09-11 20:51:40.224999+09:00 [info] <0.792.0>@leveled_inker:handle_call/3:786 log_ref=i0006 db_id=4 Close triggered with journal_sqn=0 and manifest_sqn=2
2026-09-11 20:51:40.225091+09:00 [info] <0.792.0>@leveled_inker:shutdown_manifest/1:1040 log_ref=i0007 db_id=4 Inker manifest when closing is:
2026-09-11 20:51:40.225892+09:00 [warning] <0.826.0>@leveled_penciller:handle_call/3:1097 log_ref=p0030 db_id=4 We're doomed - intention recorded to destroy all files
2026-09-11 20:51:40.225979+09:00 [info] <0.827.0>@leveled_pclerk:terminate/2:178 log_ref=pc005 db_id=4 Penciller's Clerk <0.827.0> shutdown now complete for reason normal
2026-09-11 20:51:40.231163+09:00 [info] <0.775.0>@leveled_bookie:terminate/2:1827 log_ref=b0003 db_id=4 Bookie closing for reason normal
2026-09-11 20:51:40.231580+09:00 [info] <0.879.0>@aae_treecache:handle_cast/2:354 log_ref=c0004 Destroying tree cache for partition {730750818665451459101842416358141509827966271488,3}
2026-09-11 20:51:40.231846+09:00 [info] <0.871.0>@aae_treecache:handle_cast/2:354 log_ref=c0004 Destroying tree cache for partition {548063113999088594326381812268606132370974703616,3}
2026-09-11 20:51:40.231935+09:00 [info] <0.859.0>@aae_treecache:handle_cast/2:354 log_ref=c0004 Destroying tree cache for partition {365375409332725729550921208179070754913983135744,3}
2026-09-11 20:51:40.232612+09:00 [info] <0.749.0>@riak_core_vnode:finish_handoff/2:788 730750818665451459101842416358141509827966271488 riak_kv_vnode vnode finished handoff and deleted in 18 milliseconds
2026-09-11 20:51:42.016820+09:00 [warning] <0.783.0>@leveled_bookie:handle_call/3:1754 log_ref=b0011 db_id=3 Call to destroy the store and so all files to be removed
2026-09-11 20:51:42.017319+09:00 [warning] <0.788.0>@leveled_inker:handle_call/3:780 log_ref=i0018 db_id=3 We're doomed - intention recorded to destroy all files
2026-09-11 20:51:42.017684+09:00 [info] <0.788.0>@leveled_inker:handle_call/3:784 log_ref=i0005 db_id=3 Inker closing journal for reason doom
2026-09-11 20:51:42.017841+09:00 [info] <0.788.0>@leveled_inker:handle_call/3:786 log_ref=i0006 db_id=3 Close triggered with journal_sqn=0 and manifest_sqn=2
2026-09-11 20:51:42.018180+09:00 [info] <0.788.0>@leveled_inker:shutdown_manifest/1:1040 log_ref=i0007 db_id=3 Inker manifest when closing is:
2026-09-11 20:51:42.018607+09:00 [warning] <0.820.0>@leveled_penciller:handle_call/3:1097 log_ref=p0030 db_id=3 We're doomed - intention recorded to destroy all files
2026-09-11 20:51:42.018981+09:00 [info] <0.821.0>@leveled_pclerk:terminate/2:178 log_ref=pc005 db_id=3 Penciller's Clerk <0.821.0> shutdown now complete for reason normal
2026-09-11 20:51:42.021843+09:00 [info] <0.783.0>@leveled_bookie:terminate/2:1827 log_ref=b0003 db_id=3 Bookie closing for reason normal
2026-09-11 20:51:42.022140+09:00 [info] <0.876.0>@aae_treecache:handle_cast/2:354 log_ref=c0004 Destroying tree cache for partition {548063113999088594326381812268606132370974703616,3}
2026-09-11 20:51:42.022345+09:00 [info] <0.868.0>@aae_treecache:handle_cast/2:354 log_ref=c0004 Destroying tree cache for partition {365375409332725729550921208179070754913983135744,3}
2026-09-11 20:51:42.022975+09:00 [info] <0.856.0>@aae_treecache:handle_cast/2:354 log_ref=c0004 Destroying tree cache for partition {182687704666362864775460604089535377456991567872,3}
2026-09-11 20:51:42.023474+09:00 [info] <0.748.0>@riak_core_vnode:finish_handoff/2:788 548063113999088594326381812268606132370974703616 riak_kv_vnode vnode finished handoff and deleted in 16 milliseconds
2026-09-11 20:51:47.322377+09:00 [info] <0.579.0>@riak_core_worker_pool:handle_info/3:257 worker_pool=af3_pool has qlen=0 and no items checked out
2026-09-11 20:51:47.969374+09:00 [info] <0.570.0>@riak_core_worker_pool:handle_info/3:257 worker_pool=af1_pool has qlen=0 and no items checked out
2026-09-11 20:51:48.606401+09:00 [info] <0.586.0>@riak_core_worker_pool:handle_info/3:257 worker_pool=af4_pool has qlen=0 and no items checked out
2026-09-11 20:51:50.444588+09:00 [info] <0.575.0>@riak_core_worker_pool:handle_info/3:257 worker_pool=af2_pool has qlen=0 and no items checked out
2026-09-11 20:51:50.619382+09:00 [info] <0.590.0>@riak_core_worker_pool:handle_info/3:257 worker_pool=be_pool has qlen=0 and no items checked out
2026-09-11 20:51:50.648617+09:00 [info] <0.390.0>@riak_kv_replrtq_src:handle_info/2:646 QueueName=q1_ttaaefs has queue sizes p1=0 p2=0 p3=0
2026-09-11 20:51:50.676418+09:00 [info] <0.393.0>@riak_kv_overflow_queue:log/5:133 riak_kv_reaper job_id=0 has attempts=0 aborts=0 Queue lengths queue_p2=0 queue_p1=0 Overflow lengths overflow_p2=0 overflow_p1=0 Discard counts discard_p2=0 discard_p1=0
2026-09-11 20:51:50.686510+09:00 [info] <0.394.0>@riak_kv_overflow_queue:log/5:133 riak_kv_eraser job_id=0 has attempts=0 aborts=0 Queue lengths queue_p2=0 queue_p1=0 Overflow lengths overflow_p2=0 overflow_p1=0 Discard counts discard_p2=0 discard_p1=0
2026-09-11 20:51:50.692737+09:00 [info] <0.395.0>@riak_kv_overflow_queue:log/5:133 riak_kv_reader job_id=0 has attempts=0 aborts=0 Queue lengths queue_p2=0 queue_p1=0 Overflow lengths overflow_p2=0 overflow_p1=0 Discard counts discard_p2=0 discard_p1=0
2026-09-11 20:51:52.205544+09:00 [info] <0.786.0>@leveled_monitor:handle_cast/2:778 log_ref=cdb19 db_id=2 Sample timings in microseconds for sample_count=0 with totals of cycle_count=0 index_time=0 read_time=0 with sample_period=120 seconds
2026-09-11 20:52:10.662317+09:00 [info] <0.779.0>@leveled_monitor:handle_cast/2:647 log_ref=b0016 db_id=6 Get timing with sample_count=0 and head_time=0 body_time=0 with fetch_count=0 with sample_period=139 seconds
2026-09-11 20:52:22.572639+09:00 [info] <0.390.0>@riak_kv_replrtq_src:handle_info/2:646 QueueName=q1_ttaaefs has queue sizes p1=0 p2=0 p3=0
2026-09-11 20:52:24.129764+09:00 [info] <0.786.0>@leveled_monitor:handle_cast/2:733 log_ref=p0032 db_id=2 Fetch head timing with sample_count=0 and level timings of foundmem_time=0 found0_time=0 found1_time=0 found2_time=0 found3_time=0 foundlower_time=0 missed_time=0 with counts of foundmem_count=0 found0_count=0 found1_count=0 found2_count=0 found3_count=0 foundlower_count=0 missed_count=0 with sample_period=152 seconds
2026-09-11 20:52:38.542898+09:00 [info] <0.618.0>@riak_repl_app:prep_stop/1:336 Redirecting realtime replication traffic
2026-09-11 20:52:38.545879+09:00 [info] <0.82.0>@supervisor:report_progress/2:1582 Supervisor: {local,kernel_safe_sup}. Started: id=riak_repl2_rtq_proxy,pid=<0.4337.0>.
2026-09-11 20:52:38.546226+09:00 [info] <0.618.0>@riak_repl_app:prep_stop/1:339 Stopping application riak_repl - marked service down.
2026-09-11 20:52:38.548246+09:00 [info] <0.4338.0>@riak_repl_migration:init/1:33 Riak replication migration server started
2026-09-11 20:52:38.548344+09:00 [info] <0.618.0>@riak_repl_app:prep_stop/1:343 Started migration server
2026-09-11 20:52:38.548391+09:00 [info] <0.4338.0>@riak_repl_migration:handle_call/3:37 Realtime Repl queue migration sleeping
2026-09-11 20:52:38.648707+09:00 [info] <0.4338.0>@riak_repl_migration:handle_info/2:50 Queue empty, no replication queue migration required
2026-09-11 20:52:39.337741+09:00 [info] <0.981.0>@riak_repl2_leader:become_leader/2:217 Leader2: 'openriak-kv@node-03.cluster-a.openriak' elected as replication leader
2026-09-11 20:52:39.339111+09:00 [info] <0.1191.0>@riak_core_cluster_mgr:become_leader/2:706 ClusterManager: 'openriak-kv@node-03.cluster-a.openriak' becoming the leader
2026-09-11 20:52:39.408144+09:00 [info] <0.1435.0>@riak_repl_leader_helper:handle_DOWN/3:110 Replication candidate node 'openriak-kv@node-04.cluster-a.openriak' down
2026-09-11 20:52:39.653125+09:00 [info] <0.618.0>@riak_repl_app:stop/1:139 Stopped application riak_repl
2026-09-11 20:52:39.662031+09:00 [info] <0.350.0>@riak_kv_app:prep_stop/1:275 Stopping application riak_kv - marked service down.
2026-09-11 20:52:39.662346+09:00 [info] <0.350.0>@riak_kv_app:prep_stop/1:279 Unregistered pb services
2026-09-11 20:52:39.664483+09:00 [info] <0.350.0>@riak_kv_app:prep_stop/1:284 unregistered webmachine routes
2026-09-11 20:52:39.664857+09:00 [info] <0.350.0>@riak_kv_app:prep_stop/1:286 all active put FSMs completed
2026-09-11 20:52:39.665093+09:00 [info] <0.350.0>@riak_kv_app:stop/1:297 Stopped  application riak_kv.
2026-09-11 20:52:39.670041+09:00 [info] <0.791.0>@leveled_inker:handle_call/3:784 log_ref=i0005 db_id=6 Inker closing journal for reason close
2026-09-11 20:52:39.670041+09:00 [info] <0.794.0>@leveled_inker:handle_call/3:784 log_ref=i0005 db_id=2 Inker closing journal for reason close
2026-09-11 20:52:39.670104+09:00 [info] <0.794.0>@leveled_inker:handle_call/3:786 log_ref=i0006 db_id=2 Close triggered with journal_sqn=0 and manifest_sqn=2
2026-09-11 20:52:39.670104+09:00 [info] <0.791.0>@leveled_inker:handle_call/3:786 log_ref=i0006 db_id=6 Close triggered with journal_sqn=0 and manifest_sqn=2
2026-09-11 20:52:39.670159+09:00 [info] <0.794.0>@leveled_inker:shutdown_manifest/1:1040 log_ref=i0007 db_id=2 Inker manifest when closing is:
2026-09-11 20:52:39.670178+09:00 [info] <0.791.0>@leveled_inker:shutdown_manifest/1:1040 log_ref=i0007 db_id=6 Inker manifest when closing is:
2026-09-11 20:52:39.670256+09:00 [info] <0.819.0>@leveled_pclerk:terminate/2:178 log_ref=pc005 db_id=6 Penciller's Clerk <0.819.0> shutdown now complete for reason normal
2026-09-11 20:52:39.670252+09:00 [info] <0.816.0>@leveled_pclerk:terminate/2:178 log_ref=pc005 db_id=2 Penciller's Clerk <0.816.0> shutdown now complete for reason normal
2026-09-11 20:52:39.670309+09:00 [info] <0.815.0>@leveled_penciller:handle_call/3:1072 log_ref=p0008 db_id=6 Penciller closing for reason close
2026-09-11 20:52:39.670333+09:00 [info] <0.812.0>@leveled_penciller:handle_call/3:1072 log_ref=p0008 db_id=2 Penciller closing for reason close
2026-09-11 20:52:39.670342+09:00 [info] <0.815.0>@leveled_penciller:handle_call/3:1088 log_ref=p0010 db_id=6 level zero discarded_count=0 on close of Penciller
2026-09-11 20:52:39.670361+09:00 [info] <0.812.0>@leveled_penciller:handle_call/3:1088 log_ref=p0010 db_id=2 level zero discarded_count=0 on close of Penciller
2026-09-11 20:52:39.670427+09:00 [info] <0.785.0>@leveled_bookie:terminate/2:1827 log_ref=b0003 db_id=2 Bookie closing for reason normal
2026-09-11 20:52:39.670422+09:00 [info] <0.774.0>@leveled_bookie:terminate/2:1827 log_ref=b0003 db_id=6 Bookie closing for reason normal
2026-09-11 20:52:39.705121+09:00 [info] <0.878.0>@aae_treecache:save_to_disk/3:403 log_ref=c0003 Saving tree cache to path /var/lib/riak/tictac_aae/365375409332725729550921208179070754913983135744/aaetree/365375409332725729550921208179070754913983135744_3/ and filename 1.pnd
2026-09-11 20:52:39.705532+09:00 [info] <0.875.0>@aae_treecache:save_to_disk/3:403 log_ref=c0003 Saving tree cache to path /var/lib/riak/tictac_aae/1096126227998177188652763624537212264741949407232/aaetree/1096126227998177188652763624537212264741949407232_3/ and filename 1.pnd
2026-09-11 20:52:39.737623+09:00 [info] <0.870.0>@aae_treecache:save_to_disk/3:403 log_ref=c0003 Saving tree cache to path /var/lib/riak/tictac_aae/365375409332725729550921208179070754913983135744/aaetree/182687704666362864775460604089535377456991567872_3/ and filename 1.pnd
2026-09-11 20:52:39.737705+09:00 [info] <0.867.0>@aae_treecache:save_to_disk/3:403 log_ref=c0003 Saving tree cache to path /var/lib/riak/tictac_aae/1096126227998177188652763624537212264741949407232/aaetree/913438523331814323877303020447676887284957839360_3/ and filename 1.pnd
2026-09-11 20:52:39.770193+09:00 [info] <0.858.0>@aae_treecache:save_to_disk/3:403 log_ref=c0003 Saving tree cache to path /var/lib/riak/tictac_aae/365375409332725729550921208179070754913983135744/aaetree/0_3/ and filename 1.pnd
2026-09-11 20:52:39.771665+09:00 [info] <0.855.0>@aae_treecache:save_to_disk/3:403 log_ref=c0003 Saving tree cache to path /var/lib/riak/tictac_aae/1096126227998177188652763624537212264741949407232/aaetree/730750818665451459101842416358141509827966271488_3/ and filename 1.pnd
2026-09-11 20:52:39.774955+09:00 [info] <0.208.0>@riak_core_app:stop/1:118 Stopped  application riak_core.
2026-09-11 20:52:39.778011+09:00 [notice] <0.140.0>@: alarm_handler: {clear,system_memory_high_watermark}
