2026-09-12 00:03:48.175479+09:00 [info] <0.44.0>@application_controller:info_started/2:2130 Application: kernel. Started at: 'openriak-kv@node-02.cluster-a.openriak'.
2026-09-12 00:03:48.246274+09:00 [info] <0.44.0>@application_controller:info_started/2:2130 Application: stdlib. Started at: 'openriak-kv@node-02.cluster-a.openriak'.
2026-09-12 00:03:48.246447+09:00 [info] <0.44.0>@application_controller:info_started/2:2130 Application: asn1. Started at: 'openriak-kv@node-02.cluster-a.openriak'.
2026-09-12 00:03:48.246608+09:00 [info] <0.44.0>@application_controller:info_started/2:2130 Application: crypto. Started at: 'openriak-kv@node-02.cluster-a.openriak'.
2026-09-12 00:03:48.246724+09:00 [info] <0.44.0>@application_controller:info_started/2:2130 Application: public_key. Started at: 'openriak-kv@node-02.cluster-a.openriak'.
2026-09-12 00:03:48.282683+09:00 [info] <0.77.0>@supervisor:report_progress/2:1582 Supervisor: {local,logger_sup}. Started: id=ssl_handler,pid=<0.100.0>.
2026-09-12 00:03:48.355823+09:00 [info] <0.103.0>@supervisor:report_progress/2:1582 Supervisor: {local,ssl_admin_sup}. Started: id=ssl_pem_cache,pid=<0.104.0>.
2026-09-12 00:03:48.417118+09:00 [info] <0.103.0>@supervisor:report_progress/2:1582 Supervisor: {local,ssl_admin_sup}. Started: id=ssl_manager,pid=<0.105.0>.
2026-09-12 00:03:48.432507+09:00 [info] <0.103.0>@supervisor:report_progress/2:1582 Supervisor: {local,ssl_admin_sup}. Started: id=tls_client_ticket_store,pid=<0.106.0>.
2026-09-12 00:03:48.432669+09:00 [info] <0.102.0>@supervisor:report_progress/2:1582 Supervisor: {local,ssl_sup}. Started: id=ssl_admin_sup,pid=<0.103.0>.
2026-09-12 00:03:48.460802+09:00 [info] <0.108.0>@supervisor:report_progress/2:1582 Supervisor: {local,tls_sup}. Started: id=tls_connection_sup,pid=<0.109.0>.
2026-09-12 00:03:48.475372+09:00 [info] <0.110.0>@supervisor:report_progress/2:1582 Supervisor: {local,tls_server_sup}. Started: id=ssl_listen_tracker_sup,pid=<0.111.0>.
2026-09-12 00:03:48.480713+09:00 [info] <0.110.0>@supervisor:report_progress/2:1582 Supervisor: {local,tls_server_sup}. Started: id=tls_server_session_ticket,pid=<0.112.0>.
2026-09-12 00:03:48.488105+09:00 [info] <0.110.0>@supervisor:report_progress/2:1582 Supervisor: {local,tls_server_sup}. Started: id=ssl_server_session_cache_sup,pid=<0.113.0>.
2026-09-12 00:03:48.496100+09:00 [info] <0.110.0>@supervisor:report_progress/2:1582 Supervisor: {local,tls_server_sup}. Started: id=ssl_upgrade_server_session_cache_sup,pid=<0.114.0>.
2026-09-12 00:03:48.496235+09:00 [info] <0.108.0>@supervisor:report_progress/2:1582 Supervisor: {local,tls_sup}. Started: id=tls_server_sup,pid=<0.110.0>.
2026-09-12 00:03:48.499526+09:00 [info] <0.107.0>@supervisor:report_progress/2:1582 Supervisor: {local,ssl_connection_sup}. Started: id=tls_sup,pid=<0.108.0>.
2026-09-12 00:03:48.517065+09:00 [info] <0.115.0>@supervisor:report_progress/2:1582 Supervisor: {local,dtls_sup}. Started: id=dtls_connection_sup,pid=<0.116.0>.
2026-09-12 00:03:48.537695+09:00 [info] <0.117.0>@supervisor:report_progress/2:1582 Supervisor: {local,dtls_server_sup}. Started: id=dtls_listener_sup,pid=<0.118.0>.
2026-09-12 00:03:48.551125+09:00 [info] <0.117.0>@supervisor:report_progress/2:1582 Supervisor: {local,dtls_server_sup}. Started: id=dtls_server_session_cache_sup,pid=<0.119.0>.
2026-09-12 00:03:48.551265+09:00 [info] <0.115.0>@supervisor:report_progress/2:1582 Supervisor: {local,dtls_sup}. Started: id=dtls_server_sup,pid=<0.117.0>.
2026-09-12 00:03:48.551367+09:00 [info] <0.107.0>@supervisor:report_progress/2:1582 Supervisor: {local,ssl_connection_sup}. Started: id=dtls_sup,pid=<0.115.0>.
2026-09-12 00:03:48.552808+09:00 [info] <0.102.0>@supervisor:report_progress/2:1582 Supervisor: {local,ssl_sup}. Started: id=ssl_connection_sup,pid=<0.107.0>.
2026-09-12 00:03:48.552939+09:00 [info] <0.44.0>@application_controller:info_started/2:2130 Application: ssl. Started at: 'openriak-kv@node-02.cluster-a.openriak'.
2026-09-12 00:03:48.553150+09:00 [info] <0.44.0>@application_controller:info_started/2:2130 Application: hut. Started at: 'openriak-kv@node-02.cluster-a.openriak'.
2026-09-12 00:03:48.579807+09:00 [info] <0.124.0>@supervisor:report_progress/2:1582 Supervisor: {local,setup_sup}. Started: id=setup_srv,pid=<0.125.0>.
2026-09-12 00:03:48.642530+09:00 [notice] <0.125.0>@: Setup running ...
2026-09-12 00:03:48.665733+09:00 [notice] <0.125.0>@: Directories verified. Res = ok
2026-09-12 00:03:48.679539+09:00 [notice] <0.125.0>@: Setup finished processing hooks (Mode=normal)...
2026-09-12 00:03:48.679826+09:00 [info] <0.44.0>@application_controller:info_started/2:2130 Application: setup. Started at: 'openriak-kv@node-02.cluster-a.openriak'.
2026-09-12 00:03:48.680129+09:00 [info] <0.44.0>@application_controller:info_started/2:2130 Application: syntax_tools. Started at: 'openriak-kv@node-02.cluster-a.openriak'.
2026-09-12 00:03:48.680316+09:00 [info] <0.44.0>@application_controller:info_started/2:2130 Application: compiler. Started at: 'openriak-kv@node-02.cluster-a.openriak'.
2026-09-12 00:03:48.681199+09:00 [info] <0.44.0>@application_controller:info_started/2:2130 Application: parse_trans. Started at: 'openriak-kv@node-02.cluster-a.openriak'.
2026-09-12 00:03:48.722258+09:00 [info] <0.132.0>@supervisor:report_progress/2:1582 Supervisor: {local,exometer_core_sup}. Started: id=exometer_admin,pid=<0.133.0>.
2026-09-12 00:03:48.730598+09:00 [info] <0.132.0>@supervisor:report_progress/2:1582 Supervisor: {local,exometer_core_sup}. Started: id=exometer_cache,pid=<0.134.0>.
2026-09-12 00:03:48.751952+09:00 [info] <0.132.0>@supervisor:report_progress/2:1582 Supervisor: {local,exometer_core_sup}. Started: id=exometer_report,pid=<0.135.0>.
2026-09-12 00:03:48.761558+09:00 [info] <0.132.0>@supervisor:report_progress/2:1582 Supervisor: {local,exometer_core_sup}. Started: id=exometer_report_logger_sup,pid=<0.136.0>.
2026-09-12 00:03:48.771426+09:00 [info] <0.132.0>@supervisor:report_progress/2:1582 Supervisor: {local,exometer_core_sup}. Started: id=exometer_alias,pid=<0.137.0>.
2026-09-12 00:03:48.781681+09:00 [info] <0.135.0>@exometer_report:do_start_reporters/1:695 Starting reporters with []
2026-09-12 00:03:48.782114+09:00 [info] <0.44.0>@application_controller:info_started/2:2130 Application: exometer_core. Started at: 'openriak-kv@node-02.cluster-a.openriak'.
2026-09-12 00:03:48.807727+09:00 [info] <0.142.0>@supervisor:report_progress/2:1582 Supervisor: {local,sasl_safe_sup}. Started: id=alarm_handler,pid=<0.143.0>.
2026-09-12 00:03:48.807890+09:00 [info] <0.141.0>@supervisor:report_progress/2:1582 Supervisor: {local,sasl_sup}. Started: id=sasl_safe_sup,pid=<0.142.0>.
2026-09-12 00:03:48.859455+09:00 [info] <0.141.0>@supervisor:report_progress/2:1582 Supervisor: {local,sasl_sup}. Started: id=release_handler,pid=<0.144.0>.
2026-09-12 00:03:48.859635+09:00 [info] <0.44.0>@application_controller:info_started/2:2130 Application: sasl. Started at: 'openriak-kv@node-02.cluster-a.openriak'.
2026-09-12 00:03:48.884105+09:00 [info] <0.49.0>@supervisor:report_progress/2:1582 Supervisor: {local,kernel_sup}. Started: id=timer_server,pid=<0.151.0>.
2026-09-12 00:03:48.887702+09:00 [info] <0.149.0>@supervisor:report_progress/2:1582 Supervisor: {local,riak_sysmon_sup}. Started: id=riak_sysmon_filter,pid=<0.150.0>.
2026-09-12 00:03:48.887850+09:00 [info] <0.149.0>@supervisor:report_progress/2:1582 Supervisor: {local,riak_sysmon_sup}. Started: id=riak_sysmon_mgr,pid=<0.153.0>.
2026-09-12 00:03:48.887967+09:00 [info] <0.44.0>@application_controller:info_started/2:2130 Application: riak_sysmon. Started at: 'openriak-kv@node-02.cluster-a.openriak'.
2026-09-12 00:03:48.931647+09:00 [info] <0.157.0>@supervisor:report_progress/2:1582 Supervisor: {local,os_mon_sup}. Started: id=disksup,pid=<0.158.0>.
2026-09-12 00:03:48.964699+09:00 [info] <0.157.0>@supervisor:report_progress/2:1582 Supervisor: {local,os_mon_sup}. Started: id=memsup,pid=<0.159.0>.
2026-09-12 00:03:48.987400+09:00 [info] <0.157.0>@supervisor:report_progress/2:1582 Supervisor: {local,os_mon_sup}. Started: id=cpu_sup,pid=<0.161.0>.
2026-09-12 00:03:48.990415+09:00 [info] <0.44.0>@application_controller:info_started/2:2130 Application: os_mon. Started at: 'openriak-kv@node-02.cluster-a.openriak'.
2026-09-12 00:03:48.990656+09:00 [info] <0.44.0>@application_controller:info_started/2:2130 Application: observer. Started at: 'openriak-kv@node-02.cluster-a.openriak'.
2026-09-12 00:03:48.994280+09:00 [notice] <0.143.0>@: alarm_handler: {set,{system_memory_high_watermark,[]}}
2026-09-12 00:03:49.035226+09:00 [info] <0.168.0>@supervisor:report_progress/2:1582 Supervisor: {local,runtime_tools_sup}. Started: id=ttb_autostart,pid=<0.169.0>.
2026-09-12 00:03:49.035402+09:00 [info] <0.44.0>@application_controller:info_started/2:2130 Application: runtime_tools. Started at: 'openriak-kv@node-02.cluster-a.openriak'.
2026-09-12 00:03:49.035638+09:00 [info] <0.44.0>@application_controller:info_started/2:2130 Application: xmerl. Started at: 'openriak-kv@node-02.cluster-a.openriak'.
2026-09-12 00:03:49.145964+09:00 [info] <0.176.0>@supervisor:report_progress/2:1582 Supervisor: {local,httpc_profile_sup}. Started: id=httpc_manager,pid=<0.177.0>.
2026-09-12 00:03:49.146124+09:00 [info] <0.175.0>@supervisor:report_progress/2:1582 Supervisor: {local,httpc_sup}. Started: id=httpc_profile_sup,pid=<0.176.0>.
2026-09-12 00:03:49.152459+09:00 [info] <0.175.0>@supervisor:report_progress/2:1582 Supervisor: {local,httpc_sup}. Started: id=httpc_handler_sup,pid=<0.178.0>.
2026-09-12 00:03:49.152589+09:00 [info] <0.174.0>@supervisor:report_progress/2:1582 Supervisor: {local,inets_sup}. Started: id=httpc_sup,pid=<0.175.0>.
2026-09-12 00:03:49.167899+09:00 [info] <0.174.0>@supervisor:report_progress/2:1582 Supervisor: {local,inets_sup}. Started: id=httpd_sup,pid=<0.179.0>.
2026-09-12 00:03:49.170144+09:00 [info] <0.44.0>@application_controller:info_started/2:2130 Application: inets. Started at: 'openriak-kv@node-02.cluster-a.openriak'.
2026-09-12 00:03:49.170389+09:00 [info] <0.44.0>@application_controller:info_started/2:2130 Application: mochiweb. Started at: 'openriak-kv@node-02.cluster-a.openriak'.
2026-09-12 00:03:49.216102+09:00 [info] <0.184.0>@supervisor:report_progress/2:1582 Supervisor: {local,webmachine_sup}. Started: id=webmachine_logger,pid=<0.185.0>.
2026-09-12 00:03:49.226315+09:00 [info] <0.184.0>@supervisor:report_progress/2:1582 Supervisor: {local,webmachine_sup}. Started: id=webmachine_logger_watcher_sup,pid=<0.186.0>.
2026-09-12 00:03:49.244305+09:00 [info] <0.184.0>@supervisor:report_progress/2:1582 Supervisor: {local,webmachine_sup}. Started: id=webmachine_router,pid=<0.187.0>.
2026-09-12 00:03:49.244499+09:00 [info] <0.44.0>@application_controller:info_started/2:2130 Application: webmachine. Started at: 'openriak-kv@node-02.cluster-a.openriak'.
2026-09-12 00:03:49.244696+09:00 [info] <0.44.0>@application_controller:info_started/2:2130 Application: basho_stats. Started at: 'openriak-kv@node-02.cluster-a.openriak'.
2026-09-12 00:03:49.275674+09:00 [info] <0.192.0>@supervisor:report_progress/2:1582 Supervisor: {local,bitcask_sup}. Started: id=bitcask_merge_worker,pid=<0.193.0>.
2026-09-12 00:03:49.284704+09:00 [info] <0.192.0>@supervisor:report_progress/2:1582 Supervisor: {local,bitcask_sup}. Started: id=bitcask_merge_delete,pid=<0.194.0>.
2026-09-12 00:03:49.284846+09:00 [info] <0.44.0>@application_controller:info_started/2:2130 Application: bitcask. Started at: 'openriak-kv@node-02.cluster-a.openriak'.
2026-09-12 00:03:49.285071+09:00 [info] <0.44.0>@application_controller:info_started/2:2130 Application: getopt. Started at: 'openriak-kv@node-02.cluster-a.openriak'.
2026-09-12 00:03:49.285207+09:00 [info] <0.44.0>@application_controller:info_started/2:2130 Application: cuttlefish. Started at: 'openriak-kv@node-02.cluster-a.openriak'.
2026-09-12 00:03:49.392958+09:00 [info] <0.200.0>@supervisor:report_progress/2:1582 Supervisor: {local,clique_sup}. Started: id=clique_manager,pid=<0.201.0>.
2026-09-12 00:03:49.393152+09:00 [info] <0.44.0>@application_controller:info_started/2:2130 Application: clique. Started at: 'openriak-kv@node-02.cluster-a.openriak'.
2026-09-12 00:03:49.393346+09:00 [info] <0.44.0>@application_controller:info_started/2:2130 Application: eleveldb. Started at: 'openriak-kv@node-02.cluster-a.openriak'.
2026-09-12 00:03:49.393547+09:00 [info] <0.44.0>@application_controller:info_started/2:2130 Application: pbkdf2. Started at: 'openriak-kv@node-02.cluster-a.openriak'.
2026-09-12 00:03:49.393701+09:00 [info] <0.44.0>@application_controller:info_started/2:2130 Application: poolboy. Started at: 'openriak-kv@node-02.cluster-a.openriak'.
2026-09-12 00:03:49.422724+09:00 [info] <0.44.0>@application_controller:info_started/2:2130 Application: cluster_info. Started at: 'openriak-kv@node-02.cluster-a.openriak'.
2026-09-12 00:03:49.561742+09:00 [info] <0.212.0>@supervisor:report_progress/2:1582 Supervisor: {local,riak_core_sup}. Started: id=riak_core_bg_manager,pid=<0.213.0>.
2026-09-12 00:03:49.584610+09:00 [info] <0.212.0>@supervisor:report_progress/2:1582 Supervisor: {local,riak_core_sup}. Started: id=riak_core_sysmon_minder,pid=<0.214.0>.
2026-09-12 00:03:49.589327+09:00 [info] <0.212.0>@supervisor:report_progress/2:1582 Supervisor: {local,riak_core_sup}. Started: id=riak_core_vnode_sup,pid=<0.215.0>.
2026-09-12 00:03:49.598082+09:00 [info] <0.212.0>@supervisor:report_progress/2:1582 Supervisor: {local,riak_core_sup}. Started: id=riak_core_eventhandler_sup,pid=<0.216.0>.
2026-09-12 00:03:49.613980+09:00 [info] <0.212.0>@supervisor:report_progress/2:1582 Supervisor: {local,riak_core_sup}. Started: id=riak_core_dist_mon,pid=<0.217.0>.
2026-09-12 00:03:49.620745+09:00 [info] <0.218.0>@supervisor:report_progress/2:1582 Supervisor: {local,riak_core_handoff_sup}. Started: id=riak_core_handoff_receiver_sup,pid=<0.219.0>.
2026-09-12 00:03:49.629042+09:00 [info] <0.218.0>@supervisor:report_progress/2:1582 Supervisor: {local,riak_core_handoff_sup}. Started: id=riak_core_handoff_sender_sup,pid=<0.220.0>.
2026-09-12 00:03:49.677751+09:00 [info] <0.221.0>@supervisor:report_progress/2:1582 Supervisor: {local,riak_core_handoff_listener_sup}. Started: id=riak_core_handoff_listener,pid=<0.222.0>.
2026-09-12 00:03:49.677921+09:00 [info] <0.218.0>@supervisor:report_progress/2:1582 Supervisor: {local,riak_core_handoff_sup}. Started: id=riak_core_handoff_listener_sup,pid=<0.221.0>.
2026-09-12 00:03:49.713801+09:00 [info] <0.218.0>@supervisor:report_progress/2:1582 Supervisor: {local,riak_core_handoff_sup}. Started: id=riak_core_handoff_manager,pid=<0.224.0>.
2026-09-12 00:03:49.713962+09:00 [info] <0.212.0>@supervisor:report_progress/2:1582 Supervisor: {local,riak_core_sup}. Started: id=riak_core_handoff_sup,pid=<0.218.0>.
2026-09-12 00:03:49.725772+09:00 [info] <0.212.0>@supervisor:report_progress/2:1582 Supervisor: {local,riak_core_sup}. Started: id=riak_core_ring_events,pid=<0.225.0>.
2026-09-12 00:03:50.597953+09:00 [warning] <0.226.0>@riak_core_ring_manager:reload_ring/1:388 No ring file available.
2026-09-12 00:03:50.693455+09:00 [info] <0.212.0>@supervisor:report_progress/2:1582 Supervisor: {local,riak_core_sup}. Started: id=riak_core_ring_manager,pid=<0.226.0>.
2026-09-12 00:03:50.746027+09:00 [info] <0.82.0>@supervisor:report_progress/2:1582 Supervisor: {local,kernel_safe_sup}. Started: id=dets_sup,pid=<0.236.0>.
2026-09-12 00:03:50.746907+09:00 [info] <0.82.0>@supervisor:report_progress/2:1582 Supervisor: {local,kernel_safe_sup}. Started: id=dets,pid=<0.237.0>.
2026-09-12 00:03:50.809120+09:00 [info] <0.212.0>@supervisor:report_progress/2:1582 Supervisor: {local,riak_core_sup}. Started: id=riak_core_metadata_manager,pid=<0.235.0>.
2026-09-12 00:03:50.966846+09:00 [info] <0.212.0>@supervisor:report_progress/2:1582 Supervisor: {local,riak_core_sup}. Started: id=riak_core_metadata_hashtree,pid=<0.240.0>.
2026-09-12 00:03:50.975554+09:00 [info] <0.212.0>@supervisor:report_progress/2:1582 Supervisor: {local,riak_core_sup}. Started: id=riak_core_broadcast,pid=<0.243.0>.
2026-09-12 00:03:50.977671+09:00 [info] <0.212.0>@supervisor:report_progress/2:1582 Supervisor: {local,riak_core_sup}. Started: id=riak_core_vnode_proxy_sup,pid=<0.244.0>.
2026-09-12 00:03:50.980272+09:00 [info] <0.212.0>@supervisor:report_progress/2:1582 Supervisor: {local,riak_core_sup}. Started: id=riak_core_node_watcher_events,pid=<0.245.0>.
2026-09-12 00:03:50.985949+09:00 [info] <0.212.0>@supervisor:report_progress/2:1582 Supervisor: {local,riak_core_sup}. Started: id=riak_core_node_watcher,pid=<0.246.0>.
2026-09-12 00:03:51.003374+09:00 [info] <0.212.0>@supervisor:report_progress/2:1582 Supervisor: {local,riak_core_sup}. Started: id=riak_core_vnode_manager,pid=<0.247.0>.
2026-09-12 00:03:51.012336+09:00 [info] <0.212.0>@supervisor:report_progress/2:1582 Supervisor: {local,riak_core_sup}. Started: id=riak_core_capability,pid=<0.248.0>.
2026-09-12 00:03:51.012506+09:00 [info] <0.212.0>@supervisor:report_progress/2:1582 Supervisor: {local,riak_core_sup}. Started: id=riak_core_gossip,pid=<0.249.0>.
2026-09-12 00:03:51.029466+09:00 [info] <0.212.0>@supervisor:report_progress/2:1582 Supervisor: {local,riak_core_sup}. Started: id=riak_core_claimant,pid=<0.250.0>.
2026-09-12 00:03:51.034032+09:00 [info] <0.212.0>@supervisor:report_progress/2:1582 Supervisor: {local,riak_core_sup}. Started: id=riak_core_table_owner,pid=<0.251.0>.
2026-09-12 00:03:51.044136+09:00 [info] <0.253.0>@supervisor:report_progress/2:1582 Supervisor: {local,riak_core_stats_sup}. Started: id=riak_core_stat_cache,pid=<0.254.0>.
2026-09-12 00:03:51.044270+09:00 [info] <0.252.0>@supervisor:report_progress/2:1582 Supervisor: {local,riak_core_stat_sup}. Started: id=riak_core_stats_sup,pid=<0.253.0>.
2026-09-12 00:03:51.044384+09:00 [info] <0.212.0>@supervisor:report_progress/2:1582 Supervisor: {local,riak_core_sup}. Started: id=riak_core_stat_sup,pid=<0.252.0>.
2026-09-12 00:03:51.046694+09:00 [info] <0.212.0>@supervisor:report_progress/2:1582 Supervisor: {local,riak_core_sup}. Started: id=riak_core_node_worker_pool_sup,pid=<0.255.0>.
2026-09-12 00:03:51.139870+09:00 [info] <0.253.0>@supervisor:report_progress/2:1582 Supervisor: {local,riak_core_stats_sup}. Started: id=riak_core_stat,pid=<0.256.0>.
2026-09-12 00:03:51.173263+09:00 [info] <0.216.0>@supervisor:report_progress/2:1582 Supervisor: {local,riak_core_eventhandler_sup}. Started: id={riak_core_ring_events,riak_core_ring_handler},pid=<0.279.0>.
2026-09-12 00:03:51.175556+09:00 [info] <0.248.0>@riak_core_capability:process_capability_changes/2:557 New capability: {riak_core,vnode_routing} = proxy
2026-09-12 00:03:51.183244+09:00 [info] <0.248.0>@riak_core_capability:process_capability_changes/2:557 New capability: {riak_core,staged_joins} = true
2026-09-12 00:03:51.198803+09:00 [info] <0.248.0>@riak_core_capability:process_capability_changes/2:557 New capability: {riak_core,resizable_ring} = true
2026-09-12 00:03:51.207783+09:00 [info] <0.248.0>@riak_core_capability:process_capability_changes/2:557 New capability: {riak_core,fold_req_version} = v2
2026-09-12 00:03:51.228715+09:00 [info] <0.248.0>@riak_core_capability:process_capability_changes/2:557 New capability: {riak_core,security} = true
2026-09-12 00:03:51.249923+09:00 [info] <0.248.0>@riak_core_capability:process_capability_changes/2:557 New capability: {riak_core,bucket_types} = true
2026-09-12 00:03:51.279199+09:00 [info] <0.248.0>@riak_core_capability:process_capability_changes/2:557 New capability: {riak_core,net_ticktime} = true
2026-09-12 00:03:51.822301+09:00 [info] <0.44.0>@application_controller:info_started/2:2130 Application: riak_core. Started at: 'openriak-kv@node-02.cluster-a.openriak'.
2026-09-12 00:03:51.851054+09:00 [info] <0.248.0>@riak_core_capability:process_capability_changes/2:557 New capability: {riak_pipe,trace_format} = ordsets
2026-09-12 00:03:51.874812+09:00 [info] <0.283.0>@supervisor:report_progress/2:1582 Supervisor: {local,riak_pipe_sup}. Started: id=riak_pipe_vnode_master,pid=<0.284.0>.
2026-09-12 00:03:51.885094+09:00 [info] <0.283.0>@supervisor:report_progress/2:1582 Supervisor: {local,riak_pipe_sup}. Started: id=riak_pipe_builder_sup,pid=<0.287.0>.
2026-09-12 00:03:51.896432+09:00 [info] <0.283.0>@supervisor:report_progress/2:1582 Supervisor: {local,riak_pipe_sup}. Started: id=riak_pipe_fitting_sup,pid=<0.289.0>.
2026-09-12 00:03:51.902197+09:00 [info] <0.283.0>@supervisor:report_progress/2:1582 Supervisor: {local,riak_pipe_sup}. Started: id=riak_pipe_qcover_sup,pid=<0.290.0>.
2026-09-12 00:03:51.910346+09:00 [info] <0.244.0>@supervisor:report_progress/2:1582 Supervisor: {local,riak_core_vnode_proxy_sup}. Started: id={riak_pipe_vnode,0},pid=<0.291.0>.
2026-09-12 00:03:51.910537+09:00 [info] <0.244.0>@supervisor:report_progress/2:1582 Supervisor: {local,riak_core_vnode_proxy_sup}. Started: id={riak_pipe_vnode,182687704666362864775460604089535377456991567872},pid=<0.292.0>.
2026-09-12 00:03:51.910659+09:00 [info] <0.244.0>@supervisor:report_progress/2:1582 Supervisor: {local,riak_core_vnode_proxy_sup}. Started: id={riak_pipe_vnode,365375409332725729550921208179070754913983135744},pid=<0.293.0>.
2026-09-12 00:03:51.910792+09:00 [info] <0.244.0>@supervisor:report_progress/2:1582 Supervisor: {local,riak_core_vnode_proxy_sup}. Started: id={riak_pipe_vnode,548063113999088594326381812268606132370974703616},pid=<0.294.0>.
2026-09-12 00:03:51.910904+09:00 [info] <0.244.0>@supervisor:report_progress/2:1582 Supervisor: {local,riak_core_vnode_proxy_sup}. Started: id={riak_pipe_vnode,730750818665451459101842416358141509827966271488},pid=<0.295.0>.
2026-09-12 00:03:51.911017+09:00 [info] <0.244.0>@supervisor:report_progress/2:1582 Supervisor: {local,riak_core_vnode_proxy_sup}. Started: id={riak_pipe_vnode,913438523331814323877303020447676887284957839360},pid=<0.296.0>.
2026-09-12 00:03:51.911128+09:00 [info] <0.244.0>@supervisor:report_progress/2:1582 Supervisor: {local,riak_core_vnode_proxy_sup}. Started: id={riak_pipe_vnode,1096126227998177188652763624537212264741949407232},pid=<0.297.0>.
2026-09-12 00:03:51.911227+09:00 [info] <0.244.0>@supervisor:report_progress/2:1582 Supervisor: {local,riak_core_vnode_proxy_sup}. Started: id={riak_pipe_vnode,1278813932664540053428224228626747642198940975104},pid=<0.298.0>.
2026-09-12 00:03:51.919800+09:00 [info] <0.253.0>@supervisor:report_progress/2:1582 Supervisor: {local,riak_core_stats_sup}. Started: id=riak_pipe_stat,pid=<0.299.0>.
2026-09-12 00:03:51.943968+09:00 [info] <0.44.0>@application_controller:info_started/2:2130 Application: riak_pipe. Started at: 'openriak-kv@node-02.cluster-a.openriak'.
2026-09-12 00:03:51.944196+09:00 [info] <0.44.0>@application_controller:info_started/2:2130 Application: tools. Started at: 'openriak-kv@node-02.cluster-a.openriak'.
2026-09-12 00:03:51.944420+09:00 [info] <0.44.0>@application_controller:info_started/2:2130 Application: riak_pb. Started at: 'openriak-kv@node-02.cluster-a.openriak'.
2026-09-12 00:03:51.992440+09:00 [info] <0.307.0>@supervisor:report_progress/2:1582 Supervisor: {local,riak_api_sup}. Started: id=riak_api_pb_registration_helper,pid=<0.308.0>.
2026-09-12 00:03:52.009018+09:00 [info] <0.307.0>@supervisor:report_progress/2:1582 Supervisor: {local,riak_api_sup}. Started: id=riak_api_pb_registrar,pid=<0.309.0>.
2026-09-12 00:03:52.019888+09:00 [info] <0.307.0>@supervisor:report_progress/2:1582 Supervisor: {local,riak_api_sup}. Started: id=riak_api_pb_sup,pid=<0.310.0>.
2026-09-12 00:03:52.020184+09:00 [info] <0.307.0>@supervisor:report_progress/2:1582 Supervisor: {local,riak_api_sup}. Started: id=[112,98,58,47,47,34,48,46,48,46,48,46,48,34,58,56,48,56,55],pid=<0.311.0>.
2026-09-12 00:03:52.098061+09:00 [info] <0.307.0>@supervisor:report_progress/2:1582 Supervisor: {local,riak_api_sup}. Started: id=[104,116,116,112,58,47,47,48,46,48,46,48,46,48,58,56,48,57,56],pid=<0.314.0>.
2026-09-12 00:03:52.108268+09:00 [info] <0.253.0>@supervisor:report_progress/2:1582 Supervisor: {local,riak_core_stats_sup}. Started: id=riak_api_stat,pid=<0.331.0>.
2026-09-12 00:03:52.119254+09:00 [info] <0.44.0>@application_controller:info_started/2:2130 Application: riak_api. Started at: 'openriak-kv@node-02.cluster-a.openriak'.
2026-09-12 00:03:52.134008+09:00 [info] <0.44.0>@application_controller:info_started/2:2130 Application: sidejob. Started at: 'openriak-kv@node-02.cluster-a.openriak'.
2026-09-12 00:03:52.134965+09:00 [info] <0.44.0>@application_controller:info_started/2:2130 Application: riak_dt. Started at: 'openriak-kv@node-02.cluster-a.openriak'.
2026-09-12 00:03:52.135145+09:00 [info] <0.44.0>@application_controller:info_started/2:2130 Application: sext. Started at: 'openriak-kv@node-02.cluster-a.openriak'.
2026-09-12 00:03:52.135299+09:00 [info] <0.44.0>@application_controller:info_started/2:2130 Application: lz4. Started at: 'openriak-kv@node-02.cluster-a.openriak'.
2026-09-12 00:03:52.135423+09:00 [info] <0.44.0>@application_controller:info_started/2:2130 Application: zstd. Started at: 'openriak-kv@node-02.cluster-a.openriak'.
2026-09-12 00:03:52.135580+09:00 [info] <0.44.0>@application_controller:info_started/2:2130 Application: leveled. Started at: 'openriak-kv@node-02.cluster-a.openriak'.
2026-09-12 00:03:52.135703+09:00 [info] <0.44.0>@application_controller:info_started/2:2130 Application: kv_index_tictactree. Started at: 'openriak-kv@node-02.cluster-a.openriak'.
2026-09-12 00:03:52.135872+09:00 [info] <0.44.0>@application_controller:info_started/2:2130 Application: hyper. Started at: 'openriak-kv@node-02.cluster-a.openriak'.
2026-09-12 00:03:52.136006+09:00 [info] <0.44.0>@application_controller:info_started/2:2130 Application: redbug. Started at: 'openriak-kv@node-02.cluster-a.openriak'.
2026-09-12 00:03:52.136156+09:00 [info] <0.44.0>@application_controller:info_started/2:2130 Application: recon. Started at: 'openriak-kv@node-02.cluster-a.openriak'.
2026-09-12 00:03:52.136276+09:00 [info] <0.44.0>@application_controller:info_started/2:2130 Application: riakc. Started at: 'openriak-kv@node-02.cluster-a.openriak'.
2026-09-12 00:03:52.173059+09:00 [info] <0.350.0>@supervisor:report_progress/2:1582 Supervisor: {local,ibrowse_sup}. Started: id=ibrowse,pid=<0.351.0>.
2026-09-12 00:03:52.173261+09:00 [info] <0.44.0>@application_controller:info_started/2:2130 Application: ibrowse. Started at: 'openriak-kv@node-02.cluster-a.openriak'.
2026-09-12 00:03:52.173451+09:00 [info] <0.44.0>@application_controller:info_started/2:2130 Application: rhc. Started at: 'openriak-kv@node-02.cluster-a.openriak'.
2026-09-12 00:03:52.279733+09:00 [info] <0.359.0>@supervisor:report_progress/2:1582 Supervisor: {local,riak_kv_put_fsm_sj_worker_sup}. Started: id=riak_kv_put_fsm_sj_1,pid=<0.360.0>.
2026-09-12 00:03:52.282029+09:00 [info] <0.359.0>@supervisor:report_progress/2:1582 Supervisor: {local,riak_kv_put_fsm_sj_worker_sup}. Started: id=riak_kv_put_fsm_sj_2,pid=<0.361.0>.
2026-09-12 00:03:52.282293+09:00 [info] <0.359.0>@supervisor:report_progress/2:1582 Supervisor: {local,riak_kv_put_fsm_sj_worker_sup}. Started: id=riak_kv_put_fsm_sj_3,pid=<0.362.0>.
2026-09-12 00:03:52.282504+09:00 [info] <0.359.0>@supervisor:report_progress/2:1582 Supervisor: {local,riak_kv_put_fsm_sj_worker_sup}. Started: id=riak_kv_put_fsm_sj_4,pid=<0.363.0>.
2026-09-12 00:03:52.282593+09:00 [info] <0.358.0>@supervisor:report_progress/2:1582 Supervisor: {local,riak_kv_put_fsm_sj}. Started: id=sidejob_worker_sup,pid=<0.359.0>.
2026-09-12 00:03:52.282702+09:00 [info] <0.358.0>@supervisor:report_progress/2:1582 Supervisor: {local,riak_kv_put_fsm_sj}. Started: id=riak_kv_put_fsm_sj_stats,pid=<0.364.0>.
2026-09-12 00:03:52.282807+09:00 [info] <0.336.0>@supervisor:report_progress/2:1582 Supervisor: {local,sidejob_sup}. Started: id=riak_kv_put_fsm_sj,pid=<0.358.0>.
2026-09-12 00:03:52.298904+09:00 [info] <0.367.0>@supervisor:report_progress/2:1582 Supervisor: {local,riak_kv_get_fsm_sj_worker_sup}. Started: id=riak_kv_get_fsm_sj_1,pid=<0.368.0>.
2026-09-12 00:03:52.299171+09:00 [info] <0.367.0>@supervisor:report_progress/2:1582 Supervisor: {local,riak_kv_get_fsm_sj_worker_sup}. Started: id=riak_kv_get_fsm_sj_2,pid=<0.369.0>.
2026-09-12 00:03:52.299348+09:00 [info] <0.367.0>@supervisor:report_progress/2:1582 Supervisor: {local,riak_kv_get_fsm_sj_worker_sup}. Started: id=riak_kv_get_fsm_sj_3,pid=<0.370.0>.
2026-09-12 00:03:52.299502+09:00 [info] <0.367.0>@supervisor:report_progress/2:1582 Supervisor: {local,riak_kv_get_fsm_sj_worker_sup}. Started: id=riak_kv_get_fsm_sj_4,pid=<0.371.0>.
2026-09-12 00:03:52.299573+09:00 [info] <0.366.0>@supervisor:report_progress/2:1582 Supervisor: {local,riak_kv_get_fsm_sj}. Started: id=sidejob_worker_sup,pid=<0.367.0>.
2026-09-12 00:03:52.299671+09:00 [info] <0.366.0>@supervisor:report_progress/2:1582 Supervisor: {local,riak_kv_get_fsm_sj}. Started: id=riak_kv_get_fsm_sj_stats,pid=<0.372.0>.
2026-09-12 00:03:52.299749+09:00 [info] <0.336.0>@supervisor:report_progress/2:1582 Supervisor: {local,sidejob_sup}. Started: id=riak_kv_get_fsm_sj,pid=<0.366.0>.
2026-09-12 00:03:52.331778+09:00 [info] <0.375.0>@supervisor:report_progress/2:1582 Supervisor: {local,riak_kv_stat_sj_worker_sup}. Started: id=riak_kv_stat_sj_1,pid=<0.376.0>.
2026-09-12 00:03:52.332090+09:00 [info] <0.375.0>@supervisor:report_progress/2:1582 Supervisor: {local,riak_kv_stat_sj_worker_sup}. Started: id=riak_kv_stat_sj_2,pid=<0.377.0>.
2026-09-12 00:03:52.332312+09:00 [info] <0.375.0>@supervisor:report_progress/2:1582 Supervisor: {local,riak_kv_stat_sj_worker_sup}. Started: id=riak_kv_stat_sj_3,pid=<0.378.0>.
2026-09-12 00:03:52.332496+09:00 [info] <0.375.0>@supervisor:report_progress/2:1582 Supervisor: {local,riak_kv_stat_sj_worker_sup}. Started: id=riak_kv_stat_sj_4,pid=<0.379.0>.
2026-09-12 00:03:52.332610+09:00 [info] <0.374.0>@supervisor:report_progress/2:1582 Supervisor: {local,riak_kv_stat_sj}. Started: id=sidejob_worker_sup,pid=<0.375.0>.
2026-09-12 00:03:52.332705+09:00 [info] <0.374.0>@supervisor:report_progress/2:1582 Supervisor: {local,riak_kv_stat_sj}. Started: id=riak_kv_stat_sj_stats,pid=<0.380.0>.
2026-09-12 00:03:52.332787+09:00 [info] <0.336.0>@supervisor:report_progress/2:1582 Supervisor: {local,sidejob_sup}. Started: id=riak_kv_stat_sj,pid=<0.374.0>.
2026-09-12 00:03:52.395584+09:00 [info] <0.356.0>@riak_kv_env:doc_env/0:47 Environment and OS variables:
2026-09-12 00:03:52.510623+09:00 [info] <0.248.0>@riak_core_capability:process_capability_changes/2:557 New capability: {riak_kv,object_hash_version} = 0
2026-09-12 00:03:52.538370+09:00 [info] <0.248.0>@riak_core_capability:process_capability_changes/2:557 New capability: {riak_kv,anti_entropy} = enabled_v1
2026-09-12 00:03:52.550359+09:00 [info] <0.382.0>@riak_core_throttle:enable_throttle/2:121 Enabling throttle for riak_kv/aae_throttle.
2026-09-12 00:03:52.550506+09:00 [info] <0.381.0>@supervisor:report_progress/2:1582 Supervisor: {local,riak_kv_sup}. Started: id=riak_kv_entropy_manager,pid=<0.382.0>.
2026-09-12 00:03:52.581470+09:00 [info] <0.381.0>@supervisor:report_progress/2:1582 Supervisor: {local,riak_kv_sup}. Started: id=riak_kv_ttaaefs_manager,pid=<0.383.0>.
2026-09-12 00:03:52.607035+09:00 [info] <0.381.0>@supervisor:report_progress/2:1582 Supervisor: {local,riak_kv_sup}. Started: id=riak_kv_replrtq_src,pid=<0.384.0>.
2026-09-12 00:03:52.629115+09:00 [info] <0.381.0>@supervisor:report_progress/2:1582 Supervisor: {local,riak_kv_sup}. Started: id=riak_kv_replrtq_snk,pid=<0.385.0>.
2026-09-12 00:03:52.637772+09:00 [info] <0.381.0>@supervisor:report_progress/2:1582 Supervisor: {local,riak_kv_sup}. Started: id=riak_kv_replrtq_peer,pid=<0.386.0>.
2026-09-12 00:03:52.664917+09:00 [info] <0.381.0>@supervisor:report_progress/2:1582 Supervisor: {local,riak_kv_sup}. Started: id=riak_kv_reaper,pid=<0.387.0>.
2026-09-12 00:03:52.667893+09:00 [info] <0.381.0>@supervisor:report_progress/2:1582 Supervisor: {local,riak_kv_sup}. Started: id=riak_kv_eraser,pid=<0.388.0>.
2026-09-12 00:03:52.676493+09:00 [info] <0.381.0>@supervisor:report_progress/2:1582 Supervisor: {local,riak_kv_sup}. Started: id=riak_kv_reader,pid=<0.389.0>.
2026-09-12 00:03:52.685724+09:00 [info] <0.381.0>@supervisor:report_progress/2:1582 Supervisor: {local,riak_kv_sup}. Started: id=riak_kv_token_manager,pid=<0.390.0>.
2026-09-12 00:03:52.685878+09:00 [info] <0.381.0>@supervisor:report_progress/2:1582 Supervisor: {local,riak_kv_sup}. Started: id=riak_kv_vnode_master,pid=<0.391.0>.
2026-09-12 00:03:52.685978+09:00 [info] <0.391.0>@riak_core:wait_for_service/2:498 Waiting for service riak_kv to start (0 seconds)
2026-09-12 00:03:52.707481+09:00 [info] <0.392.0>@supervisor:report_progress/2:1582 Supervisor: {local,riak_kv_w1c_sup}. Started: id=riak_kv_w1c_worker00,pid=<0.393.0>.
2026-09-12 00:03:52.707651+09:00 [info] <0.392.0>@supervisor:report_progress/2:1582 Supervisor: {local,riak_kv_w1c_sup}. Started: id=riak_kv_w1c_worker01,pid=<0.394.0>.
2026-09-12 00:03:52.707753+09:00 [info] <0.392.0>@supervisor:report_progress/2:1582 Supervisor: {local,riak_kv_w1c_sup}. Started: id=riak_kv_w1c_worker02,pid=<0.395.0>.
2026-09-12 00:03:52.707851+09:00 [info] <0.392.0>@supervisor:report_progress/2:1582 Supervisor: {local,riak_kv_w1c_sup}. Started: id=riak_kv_w1c_worker03,pid=<0.396.0>.
2026-09-12 00:03:52.707938+09:00 [info] <0.392.0>@supervisor:report_progress/2:1582 Supervisor: {local,riak_kv_w1c_sup}. Started: id=riak_kv_w1c_worker04,pid=<0.397.0>.
2026-09-12 00:03:52.708052+09:00 [info] <0.392.0>@supervisor:report_progress/2:1582 Supervisor: {local,riak_kv_w1c_sup}. Started: id=riak_kv_w1c_worker05,pid=<0.398.0>.
2026-09-12 00:03:52.708139+09:00 [info] <0.392.0>@supervisor:report_progress/2:1582 Supervisor: {local,riak_kv_w1c_sup}. Started: id=riak_kv_w1c_worker06,pid=<0.399.0>.
2026-09-12 00:03:52.708225+09:00 [info] <0.392.0>@supervisor:report_progress/2:1582 Supervisor: {local,riak_kv_w1c_sup}. Started: id=riak_kv_w1c_worker07,pid=<0.400.0>.
2026-09-12 00:03:52.708299+09:00 [info] <0.381.0>@supervisor:report_progress/2:1582 Supervisor: {local,riak_kv_sup}. Started: id=riak_kv_w1c_sup,pid=<0.392.0>.
2026-09-12 00:03:52.717574+09:00 [info] <0.381.0>@supervisor:report_progress/2:1582 Supervisor: {local,riak_kv_sup}. Started: id=riak_kv_delete_sup,pid=<0.401.0>.
2026-09-12 00:03:52.721582+09:00 [info] <0.381.0>@supervisor:report_progress/2:1582 Supervisor: {local,riak_kv_sup}. Started: id=riak_kv_mrc_sink_sup,pid=<0.402.0>.
2026-09-12 00:03:52.729130+09:00 [info] <0.381.0>@supervisor:report_progress/2:1582 Supervisor: {local,riak_kv_sup}. Started: id=riak_kv_buckets_fsm_sup,pid=<0.403.0>.
2026-09-12 00:03:52.733970+09:00 [info] <0.381.0>@supervisor:report_progress/2:1582 Supervisor: {local,riak_kv_sup}. Started: id=riak_kv_keys_fsm_sup,pid=<0.404.0>.
2026-09-12 00:03:52.741782+09:00 [info] <0.381.0>@supervisor:report_progress/2:1582 Supervisor: {local,riak_kv_sup}. Started: id=riak_kv_index_fsm_sup,pid=<0.405.0>.
2026-09-12 00:03:52.747656+09:00 [info] <0.381.0>@supervisor:report_progress/2:1582 Supervisor: {local,riak_kv_sup}. Started: id=riak_kv_query_sup,pid=<0.406.0>.
2026-09-12 00:03:52.757506+09:00 [info] <0.381.0>@supervisor:report_progress/2:1582 Supervisor: {local,riak_kv_sup}. Started: id=riak_kv_clusteraae_fsm_sup,pid=<0.407.0>.
2026-09-12 00:03:52.764051+09:00 [info] <0.381.0>@supervisor:report_progress/2:1582 Supervisor: {local,riak_kv_sup}. Started: id=riak_kv_hotbackup_fsm_sup,pid=<0.408.0>.
2026-09-12 00:03:52.775038+09:00 [info] <0.381.0>@supervisor:report_progress/2:1582 Supervisor: {local,riak_kv_sup}. Started: id=riak_kv_http_cache,pid=<0.409.0>.
2026-09-12 00:03:52.775257+09:00 [info] <0.248.0>@riak_core_capability:process_capability_changes/2:557 New capability: {riak_kv,vnode_vclocks} = true
2026-09-12 00:03:52.786864+09:00 [info] <0.248.0>@riak_core_capability:process_capability_changes/2:557 New capability: {riak_kv,legacy_keylisting} = false
2026-09-12 00:03:52.808529+09:00 [info] <0.248.0>@riak_core_capability:process_capability_changes/2:557 New capability: {riak_kv,listkeys_backpressure} = true
2026-09-12 00:03:52.818373+09:00 [info] <0.248.0>@riak_core_capability:process_capability_changes/2:557 New capability: {riak_kv,index_backpressure} = true
2026-09-12 00:03:52.836681+09:00 [info] <0.248.0>@riak_core_capability:process_capability_changes/2:557 New capability: {riak_kv,mapred_system} = pipe
2026-09-12 00:03:52.851455+09:00 [info] <0.248.0>@riak_core_capability:process_capability_changes/2:557 New capability: {riak_kv,mapred_2i_pipe} = true
2026-09-12 00:03:52.861346+09:00 [info] <0.248.0>@riak_core_capability:process_capability_changes/2:557 New capability: {riak_kv,handoff_data_encoding} = encode_raw
2026-09-12 00:03:52.879616+09:00 [info] <0.248.0>@riak_core_capability:process_capability_changes/2:557 New capability: {riak_kv,object_format} = v1
2026-09-12 00:03:52.892319+09:00 [info] <0.248.0>@riak_core_capability:process_capability_changes/2:557 New capability: {riak_kv,secondary_index_version} = v3
2026-09-12 00:03:52.912554+09:00 [info] <0.248.0>@riak_core_capability:process_capability_changes/2:557 New capability: {riak_kv,vclock_data_encoding} = encode_zlib
2026-09-12 00:03:52.920851+09:00 [info] <0.248.0>@riak_core_capability:process_capability_changes/2:557 New capability: {riak_kv,crdt} = [pncounter,riak_dt_pncounter,riak_dt_orswot,riak_dt_map,riak_kv_hll,riak_dt_gset]
2026-09-12 00:03:52.944790+09:00 [info] <0.248.0>@riak_core_capability:process_capability_changes/2:557 New capability: {riak_kv,crdt_epoch_versions} = [{riak_dt_map,2},{riak_dt_orswot,2},{riak_dt_pncounter,2},{riak_kv_hll,1},{riak_dt_gset,2}]
2026-09-12 00:03:52.955094+09:00 [info] <0.248.0>@riak_core_capability:process_capability_changes/2:557 New capability: {riak_kv,put_fsm_ack_execute} = enabled
2026-09-12 00:03:52.979108+09:00 [info] <0.248.0>@riak_core_capability:process_capability_changes/2:557 New capability: {riak_kv,get_request_type} = head
2026-09-12 00:03:53.006414+09:00 [info] <0.248.0>@riak_core_capability:process_capability_changes/2:557 New capability: {riak_kv,put_soft_limit} = true
2026-09-12 00:03:53.016076+09:00 [info] <0.248.0>@riak_core_capability:process_capability_changes/2:557 New capability: {riak_kv,tictacaae_prompted_repairs} = true
2026-09-12 00:03:53.028054+09:00 [info] <0.244.0>@supervisor:report_progress/2:1582 Supervisor: {local,riak_core_vnode_proxy_sup}. Started: id={riak_kv_vnode,0},pid=<0.410.0>.
2026-09-12 00:03:53.028253+09:00 [info] <0.244.0>@supervisor:report_progress/2:1582 Supervisor: {local,riak_core_vnode_proxy_sup}. Started: id={riak_kv_vnode,182687704666362864775460604089535377456991567872},pid=<0.411.0>.
2026-09-12 00:03:53.028410+09:00 [info] <0.244.0>@supervisor:report_progress/2:1582 Supervisor: {local,riak_core_vnode_proxy_sup}. Started: id={riak_kv_vnode,365375409332725729550921208179070754913983135744},pid=<0.412.0>.
2026-09-12 00:03:53.028544+09:00 [info] <0.244.0>@supervisor:report_progress/2:1582 Supervisor: {local,riak_core_vnode_proxy_sup}. Started: id={riak_kv_vnode,548063113999088594326381812268606132370974703616},pid=<0.413.0>.
2026-09-12 00:03:53.028635+09:00 [info] <0.244.0>@supervisor:report_progress/2:1582 Supervisor: {local,riak_core_vnode_proxy_sup}. Started: id={riak_kv_vnode,730750818665451459101842416358141509827966271488},pid=<0.414.0>.
2026-09-12 00:03:53.028731+09:00 [info] <0.244.0>@supervisor:report_progress/2:1582 Supervisor: {local,riak_core_vnode_proxy_sup}. Started: id={riak_kv_vnode,913438523331814323877303020447676887284957839360},pid=<0.415.0>.
2026-09-12 00:03:53.028816+09:00 [info] <0.244.0>@supervisor:report_progress/2:1582 Supervisor: {local,riak_core_vnode_proxy_sup}. Started: id={riak_kv_vnode,1096126227998177188652763624537212264741949407232},pid=<0.416.0>.
2026-09-12 00:03:53.028901+09:00 [info] <0.244.0>@supervisor:report_progress/2:1582 Supervisor: {local,riak_core_vnode_proxy_sup}. Started: id={riak_kv_vnode,1278813932664540053428224228626747642198940975104},pid=<0.417.0>.
2026-09-12 00:03:53.132426+09:00 [info] <0.253.0>@supervisor:report_progress/2:1582 Supervisor: {local,riak_core_stats_sup}. Started: id=riak_kv_stat,pid=<0.418.0>.
2026-09-12 00:03:53.305913+09:00 [info] <0.255.0>@riak_core_node_worker_pool:start_link/5:85 Registered worker pool of type af1_pool and size 2
2026-09-12 00:03:53.306032+09:00 [info] <0.255.0>@supervisor:report_progress/2:1582 Supervisor: {local,riak_core_node_worker_pool_sup}. Started: id=af1_pool,pid=<0.560.0>.
2026-09-12 00:03:53.307007+09:00 [info] <0.255.0>@riak_core_node_worker_pool:start_link/5:85 Registered worker pool of type af2_pool and size 1
2026-09-12 00:03:53.307095+09:00 [info] <0.255.0>@supervisor:report_progress/2:1582 Supervisor: {local,riak_core_node_worker_pool_sup}. Started: id=af2_pool,pid=<0.565.0>.
2026-09-12 00:03:53.308244+09:00 [info] <0.255.0>@riak_core_node_worker_pool:start_link/5:85 Registered worker pool of type af3_pool and size 4
2026-09-12 00:03:53.308360+09:00 [info] <0.255.0>@supervisor:report_progress/2:1582 Supervisor: {local,riak_core_node_worker_pool_sup}. Started: id=af3_pool,pid=<0.569.0>.
2026-09-12 00:03:53.308526+09:00 [info] <0.255.0>@riak_core_node_worker_pool:start_link/5:85 Registered worker pool of type af4_pool and size 1
2026-09-12 00:03:53.308600+09:00 [info] <0.255.0>@supervisor:report_progress/2:1582 Supervisor: {local,riak_core_node_worker_pool_sup}. Started: id=af4_pool,pid=<0.576.0>.
2026-09-12 00:03:53.308734+09:00 [info] <0.255.0>@riak_core_node_worker_pool:start_link/5:85 Registered worker pool of type be_pool and size 1
2026-09-12 00:03:53.308809+09:00 [info] <0.255.0>@supervisor:report_progress/2:1582 Supervisor: {local,riak_core_node_worker_pool_sup}. Started: id=be_pool,pid=<0.580.0>.
2026-09-12 00:03:53.382881+09:00 [info] <0.44.0>@application_controller:info_started/2:2130 Application: riak_kv. Started at: 'openriak-kv@node-02.cluster-a.openriak'.
2026-09-12 00:03:53.383101+09:00 [info] <0.44.0>@application_controller:info_started/2:2130 Application: ebloom. Started at: 'openriak-kv@node-02.cluster-a.openriak'.
2026-09-12 00:03:53.383311+09:00 [info] <0.44.0>@application_controller:info_started/2:2130 Application: bear. Started at: 'openriak-kv@node-02.cluster-a.openriak'.
2026-09-12 00:03:53.402599+09:00 [info] <0.592.0>@supervisor:report_progress/2:1582 Supervisor: {local,folsom_sup}. Started: id=folsom_sample_slide_sup,pid=<0.593.0>.
2026-09-12 00:03:53.411515+09:00 [info] <0.592.0>@supervisor:report_progress/2:1582 Supervisor: {local,folsom_sup}. Started: id=folsom_meter_timer_server,pid=<0.594.0>.
2026-09-12 00:03:53.420385+09:00 [info] <0.592.0>@supervisor:report_progress/2:1582 Supervisor: {local,folsom_sup}. Started: id=folsom_metrics_histogram_ets,pid=<0.595.0>.
2026-09-12 00:03:53.428182+09:00 [info] <0.592.0>@supervisor:report_progress/2:1582 Supervisor: {local,folsom_sup}. Started: id=folsom_metrics_spiral,pid=<0.596.0>.
2026-09-12 00:03:53.435608+09:00 [info] <0.592.0>@supervisor:report_progress/2:1582 Supervisor: {local,folsom_sup}. Started: id=folsom_metrics_history,pid=<0.597.0>.
2026-09-12 00:03:53.442747+09:00 [info] <0.592.0>@supervisor:report_progress/2:1582 Supervisor: {local,folsom_sup}. Started: id=folsom_metrics_histogram,pid=<0.598.0>.
2026-09-12 00:03:53.455648+09:00 [info] <0.592.0>@supervisor:report_progress/2:1582 Supervisor: {local,folsom_sup}. Started: id=folsom_metrics_duration,pid=<0.599.0>.
2026-09-12 00:03:53.465022+09:00 [info] <0.592.0>@supervisor:report_progress/2:1582 Supervisor: {local,folsom_sup}. Started: id=folsom_metrics_counter,pid=<0.600.0>.
2026-09-12 00:03:53.472739+09:00 [info] <0.592.0>@supervisor:report_progress/2:1582 Supervisor: {local,folsom_sup}. Started: id=folsom_metrics_gauge,pid=<0.601.0>.
2026-09-12 00:03:53.477450+09:00 [info] <0.592.0>@supervisor:report_progress/2:1582 Supervisor: {local,folsom_sup}. Started: id=folsom_metrics_meter,pid=<0.602.0>.
2026-09-12 00:03:53.481807+09:00 [info] <0.592.0>@supervisor:report_progress/2:1582 Supervisor: {local,folsom_sup}. Started: id=folsom_metrics_meter_reader,pid=<0.603.0>.
2026-09-12 00:03:53.482504+09:00 [info] <0.44.0>@application_controller:info_started/2:2130 Application: folsom. Started at: 'openriak-kv@node-02.cluster-a.openriak'.
2026-09-12 00:03:53.499179+09:00 [info] <0.607.0>@supervisor:report_progress/2:1582 Supervisor: {local,ranch_sup}. Started: id=ranch_server,pid=<0.608.0>.
2026-09-12 00:03:53.500589+09:00 [info] <0.44.0>@application_controller:info_started/2:2130 Application: ranch. Started at: 'openriak-kv@node-02.cluster-a.openriak'.
2026-09-12 00:03:53.507744+09:00 [info] <0.611.0>@riak_core:wait_for_service/2:498 Waiting for service riak_kv to start (0 seconds)
2026-09-12 00:04:01.028638+09:00 [info] <0.247.0>@riak_core_vnode_manager:update_never_started/4:1026 Update never started for Mod riak_kv_vnode with count 8 to be added to 0
2026-09-12 00:04:01.031819+09:00 [info] <0.247.0>@riak_core_vnode_manager:update_never_started/4:1026 Update never started for Mod riak_pipe_vnode with count 8 to be added to 8
2026-09-12 00:04:01.031924+09:00 [info] <0.721.0>@riak_core_vnode_manager:get_vnode/3:733 Will start VNode for partition 0 riak_pipe_vnode
2026-09-12 00:04:01.066840+09:00 [info] <0.721.0>@riak_core_vnode_manager:get_vnode/3:743 VNode initialization ready <0.722.0> 0 riak_pipe_vnode
2026-09-12 00:04:01.067057+09:00 [info] <0.724.0>@riak_core_vnode_manager:get_vnode/3:733 Will start VNode for partition 0 riak_kv_vnode
2026-09-12 00:04:01.067125+09:00 [info] <0.725.0>@riak_core_vnode_manager:get_vnode/3:733 Will start VNode for partition 182687704666362864775460604089535377456991567872 riak_kv_vnode
2026-09-12 00:04:01.067169+09:00 [info] <0.726.0>@riak_core_vnode_manager:get_vnode/3:733 Will start VNode for partition 365375409332725729550921208179070754913983135744 riak_kv_vnode
2026-09-12 00:04:01.067211+09:00 [info] <0.727.0>@riak_core_vnode_manager:get_vnode/3:733 Will start VNode for partition 548063113999088594326381812268606132370974703616 riak_kv_vnode
2026-09-12 00:04:01.067246+09:00 [info] <0.728.0>@riak_core_vnode_manager:get_vnode/3:733 Will start VNode for partition 730750818665451459101842416358141509827966271488 riak_kv_vnode
2026-09-12 00:04:01.067277+09:00 [info] <0.729.0>@riak_core_vnode_manager:get_vnode/3:733 Will start VNode for partition 913438523331814323877303020447676887284957839360 riak_kv_vnode
2026-09-12 00:04:01.067315+09:00 [info] <0.730.0>@riak_core_vnode_manager:get_vnode/3:733 Will start VNode for partition 1096126227998177188652763624537212264741949407232 riak_kv_vnode
2026-09-12 00:04:01.067357+09:00 [info] <0.731.0>@riak_core_vnode_manager:get_vnode/3:733 Will start VNode for partition 1278813932664540053428224228626747642198940975104 riak_kv_vnode
2026-09-12 00:04:01.261489+09:00 [info] <0.776.0>@leveled_inker:open_all_manifest/2:1269 log_ref=i0011 db_id=2 Manifest is empty, starting from manifest SQN 1
2026-09-12 00:04:01.261620+09:00 [info] <0.775.0>@leveled_inker:open_all_manifest/2:1269 log_ref=i0011 db_id=0 Manifest is empty, starting from manifest SQN 1
2026-09-12 00:04:01.261708+09:00 [info] <0.781.0>@leveled_inker:open_all_manifest/2:1269 log_ref=i0011 db_id=6 Manifest is empty, starting from manifest SQN 1
2026-09-12 00:04:01.259840+09:00 [info] <0.774.0>@leveled_inker:open_all_manifest/2:1269 log_ref=i0011 db_id=5 Manifest is empty, starting from manifest SQN 1
2026-09-12 00:04:01.259968+09:00 [info] <0.780.0>@leveled_inker:open_all_manifest/2:1269 log_ref=i0011 db_id=3 Manifest is empty, starting from manifest SQN 1
2026-09-12 00:04:01.260039+09:00 [info] <0.779.0>@leveled_inker:open_all_manifest/2:1269 log_ref=i0011 db_id=7 Manifest is empty, starting from manifest SQN 1
2026-09-12 00:04:01.261190+09:00 [info] <0.778.0>@leveled_inker:open_all_manifest/2:1269 log_ref=i0011 db_id=4 Manifest is empty, starting from manifest SQN 1
2026-09-12 00:04:01.261284+09:00 [info] <0.777.0>@leveled_inker:open_all_manifest/2:1269 log_ref=i0011 db_id=1 Manifest is empty, starting from manifest SQN 1
2026-09-12 00:04:01.312861+09:00 [info] <0.794.0>@leveled_cdb:starting/3:479 log_ref=cdb01 db_id=3 Opening file for writing with filename /var/lib/riak/leveled/548063113999088594326381812268606132370974703616/journal/journal_files/0_73783e4f-6de7-4571-8cd2-c11a5e1188b0.pnd
2026-09-12 00:04:01.312964+09:00 [info] <0.795.0>@leveled_cdb:starting/3:479 log_ref=cdb01 db_id=5 Opening file for writing with filename /var/lib/riak/leveled/913438523331814323877303020447676887284957839360/journal/journal_files/0_3f9addad-d291-499b-ad0d-7d82dbfd828c.pnd
2026-09-12 00:04:01.313029+09:00 [info] <0.796.0>@leveled_cdb:starting/3:479 log_ref=cdb01 db_id=6 Opening file for writing with filename /var/lib/riak/leveled/1096126227998177188652763624537212264741949407232/journal/journal_files/0_1e6d563d-85b4-4f03-abe0-9f6733881fca.pnd
2026-09-12 00:04:01.313084+09:00 [info] <0.797.0>@leveled_cdb:starting/3:479 log_ref=cdb01 db_id=0 Opening file for writing with filename /var/lib/riak/leveled/0/journal/journal_files/0_3a823ea3-13a0-4c13-b93e-4d28aaf44678.pnd
2026-09-12 00:04:01.313150+09:00 [info] <0.798.0>@leveled_cdb:starting/3:479 log_ref=cdb01 db_id=2 Opening file for writing with filename /var/lib/riak/leveled/365375409332725729550921208179070754913983135744/journal/journal_files/0_6041475d-aa65-4026-b320-93cd125cf746.pnd
2026-09-12 00:04:01.313206+09:00 [info] <0.791.0>@leveled_cdb:starting/3:479 log_ref=cdb01 db_id=1 Opening file for writing with filename /var/lib/riak/leveled/182687704666362864775460604089535377456991567872/journal/journal_files/0_7dc5e873-00da-43cb-ae70-f38882bbd488.pnd
2026-09-12 00:04:01.313264+09:00 [info] <0.793.0>@leveled_cdb:starting/3:479 log_ref=cdb01 db_id=7 Opening file for writing with filename /var/lib/riak/leveled/1278813932664540053428224228626747642198940975104/journal/journal_files/0_570c91d2-a697-4cea-b664-b5fc21968cd8.pnd
2026-09-12 00:04:01.313315+09:00 [info] <0.792.0>@leveled_cdb:starting/3:479 log_ref=cdb01 db_id=4 Opening file for writing with filename /var/lib/riak/leveled/730750818665451459101842416358141509827966271488/journal/journal_files/0_8d228d5e-4c3c-4ded-b1b4-1cadff8c2f6e.pnd
2026-09-12 00:04:01.314083+09:00 [info] <0.774.0>@leveled_inker:build_manifest/3:1238 log_ref=i0009 db_id=5 Updated manifest on startup:
2026-09-12 00:04:01.314186+09:00 [info] <0.781.0>@leveled_inker:build_manifest/3:1238 log_ref=i0009 db_id=6 Updated manifest on startup:
2026-09-12 00:04:01.314270+09:00 [info] <0.775.0>@leveled_inker:build_manifest/3:1238 log_ref=i0009 db_id=0 Updated manifest on startup:
2026-09-12 00:04:01.314351+09:00 [info] <0.777.0>@leveled_inker:build_manifest/3:1238 log_ref=i0009 db_id=1 Updated manifest on startup:
2026-09-12 00:04:01.314421+09:00 [info] <0.778.0>@leveled_inker:build_manifest/3:1238 log_ref=i0009 db_id=4 Updated manifest on startup:
2026-09-12 00:04:01.314500+09:00 [info] <0.779.0>@leveled_inker:build_manifest/3:1238 log_ref=i0009 db_id=7 Updated manifest on startup:
2026-09-12 00:04:01.316664+09:00 [info] <0.779.0>@leveled_imanifest:writer/3:187 log_ref=i0016 db_id=7 Writing new version of manifest for manifestSQN=2
2026-09-12 00:04:01.317015+09:00 [info] <0.777.0>@leveled_imanifest:writer/3:187 log_ref=i0016 db_id=1 Writing new version of manifest for manifestSQN=2
2026-09-12 00:04:01.317328+09:00 [info] <0.774.0>@leveled_imanifest:writer/3:187 log_ref=i0016 db_id=5 Writing new version of manifest for manifestSQN=2
2026-09-12 00:04:01.318169+09:00 [info] <0.776.0>@leveled_inker:build_manifest/3:1238 log_ref=i0009 db_id=2 Updated manifest on startup:
2026-09-12 00:04:01.318291+09:00 [info] <0.780.0>@leveled_inker:build_manifest/3:1238 log_ref=i0009 db_id=3 Updated manifest on startup:
2026-09-12 00:04:01.318428+09:00 [info] <0.775.0>@leveled_imanifest:writer/3:187 log_ref=i0016 db_id=0 Writing new version of manifest for manifestSQN=2
2026-09-12 00:04:01.318562+09:00 [info] <0.776.0>@leveled_imanifest:writer/3:187 log_ref=i0016 db_id=2 Writing new version of manifest for manifestSQN=2
2026-09-12 00:04:01.318684+09:00 [info] <0.780.0>@leveled_imanifest:writer/3:187 log_ref=i0016 db_id=3 Writing new version of manifest for manifestSQN=2
2026-09-12 00:04:01.318852+09:00 [info] <0.781.0>@leveled_imanifest:writer/3:187 log_ref=i0016 db_id=6 Writing new version of manifest for manifestSQN=2
2026-09-12 00:04:01.316812+09:00 [info] <0.778.0>@leveled_imanifest:writer/3:187 log_ref=i0016 db_id=4 Writing new version of manifest for manifestSQN=2
2026-09-12 00:04:01.346639+09:00 [info] <0.799.0>@leveled_pclerk:clerk_new/3:78 log_ref=pc001 db_id=5 Penciller's clerk <0.800.0> started with owner <0.799.0>
2026-09-12 00:04:01.348021+09:00 [info] <0.803.0>@leveled_pclerk:clerk_new/3:78 log_ref=pc001 db_id=7 Penciller's clerk <0.804.0> started with owner <0.803.0>
2026-09-12 00:04:01.348151+09:00 [info] <0.805.0>@leveled_pclerk:clerk_new/3:78 log_ref=pc001 db_id=2 Penciller's clerk <0.806.0> started with owner <0.805.0>
2026-09-12 00:04:01.347013+09:00 [info] <0.801.0>@leveled_pclerk:clerk_new/3:78 log_ref=pc001 db_id=0 Penciller's clerk <0.802.0> started with owner <0.801.0>
2026-09-12 00:04:01.348290+09:00 [info] <0.807.0>@leveled_pclerk:clerk_new/3:78 log_ref=pc001 db_id=3 Penciller's clerk <0.808.0> started with owner <0.807.0>
2026-09-12 00:04:01.351055+09:00 [info] <0.809.0>@leveled_pclerk:clerk_new/3:78 log_ref=pc001 db_id=1 Penciller's clerk <0.810.0> started with owner <0.809.0>
2026-09-12 00:04:01.351107+09:00 [info] <0.811.0>@leveled_pclerk:clerk_new/3:78 log_ref=pc001 db_id=4 Penciller's clerk <0.812.0> started with owner <0.811.0>
2026-09-12 00:04:01.351309+09:00 [info] <0.813.0>@leveled_pclerk:clerk_new/3:78 log_ref=pc001 db_id=6 Penciller's clerk <0.814.0> started with owner <0.813.0>
2026-09-12 00:04:01.375020+09:00 [info] <0.807.0>@leveled_pmanifest:open_manifestfile/2:1180 log_ref=p0013 db_id=3 Seqence number of 0 indicates no valid manifest
2026-09-12 00:04:01.375113+09:00 [info] <0.801.0>@leveled_pmanifest:open_manifestfile/2:1180 log_ref=p0013 db_id=0 Seqence number of 0 indicates no valid manifest
2026-09-12 00:04:01.375216+09:00 [info] <0.805.0>@leveled_pmanifest:open_manifestfile/2:1180 log_ref=p0013 db_id=2 Seqence number of 0 indicates no valid manifest
2026-09-12 00:04:01.375343+09:00 [info] <0.803.0>@leveled_pmanifest:open_manifestfile/2:1180 log_ref=p0013 db_id=7 Seqence number of 0 indicates no valid manifest
2026-09-12 00:04:01.375967+09:00 [info] <0.813.0>@leveled_pmanifest:open_manifestfile/2:1180 log_ref=p0013 db_id=6 Seqence number of 0 indicates no valid manifest
2026-09-12 00:04:01.377164+09:00 [info] <0.811.0>@leveled_pmanifest:open_manifestfile/2:1180 log_ref=p0013 db_id=4 Seqence number of 0 indicates no valid manifest
2026-09-12 00:04:01.384271+09:00 [info] <0.809.0>@leveled_pmanifest:open_manifestfile/2:1180 log_ref=p0013 db_id=1 Seqence number of 0 indicates no valid manifest
2026-09-12 00:04:01.384383+09:00 [info] <0.799.0>@leveled_pmanifest:open_manifestfile/2:1180 log_ref=p0013 db_id=5 Seqence number of 0 indicates no valid manifest
2026-09-12 00:04:01.386102+09:00 [info] <0.811.0>@leveled_penciller:start_from_file/1:1508 log_ref=p0014 db_id=4 Maximum sequence number of 0 found in nonzero levels
2026-09-12 00:04:01.386176+09:00 [info] <0.807.0>@leveled_penciller:start_from_file/1:1508 log_ref=p0014 db_id=3 Maximum sequence number of 0 found in nonzero levels
2026-09-12 00:04:01.386245+09:00 [info] <0.813.0>@leveled_penciller:start_from_file/1:1508 log_ref=p0014 db_id=6 Maximum sequence number of 0 found in nonzero levels
2026-09-12 00:04:01.386596+09:00 [info] <0.809.0>@leveled_penciller:start_from_file/1:1508 log_ref=p0014 db_id=1 Maximum sequence number of 0 found in nonzero levels
2026-09-12 00:04:01.386614+09:00 [info] <0.799.0>@leveled_penciller:start_from_file/1:1508 log_ref=p0014 db_id=5 Maximum sequence number of 0 found in nonzero levels
2026-09-12 00:04:01.386751+09:00 [info] <0.809.0>@leveled_penciller:start_from_file/1:1510 log_ref=p0035 db_id=1 Startup with Manifest SQN of 0
2026-09-12 00:04:01.386770+09:00 [info] <0.799.0>@leveled_penciller:start_from_file/1:1510 log_ref=p0035 db_id=5 Startup with Manifest SQN of 0
2026-09-12 00:04:01.386319+09:00 [info] <0.811.0>@leveled_penciller:start_from_file/1:1510 log_ref=p0035 db_id=4 Startup with Manifest SQN of 0
2026-09-12 00:04:01.386337+09:00 [info] <0.807.0>@leveled_penciller:start_from_file/1:1510 log_ref=p0035 db_id=3 Startup with Manifest SQN of 0
2026-09-12 00:04:01.386364+09:00 [info] <0.813.0>@leveled_penciller:start_from_file/1:1510 log_ref=p0035 db_id=6 Startup with Manifest SQN of 0
2026-09-12 00:04:01.386389+09:00 [info] <0.803.0>@leveled_penciller:start_from_file/1:1508 log_ref=p0014 db_id=7 Maximum sequence number of 0 found in nonzero levels
2026-09-12 00:04:01.387394+09:00 [info] <0.803.0>@leveled_penciller:start_from_file/1:1510 log_ref=p0035 db_id=7 Startup with Manifest SQN of 0
2026-09-12 00:04:01.387417+09:00 [info] <0.809.0>@leveled_penciller:start_from_file/1:1538 log_ref=p0017 db_id=1 No L0 file found
2026-09-12 00:04:01.386409+09:00 [info] <0.805.0>@leveled_penciller:start_from_file/1:1508 log_ref=p0014 db_id=2 Maximum sequence number of 0 found in nonzero levels
2026-09-12 00:04:01.387656+09:00 [info] <0.805.0>@leveled_penciller:start_from_file/1:1510 log_ref=p0035 db_id=2 Startup with Manifest SQN of 0
2026-09-12 00:04:01.387776+09:00 [info] <0.799.0>@leveled_penciller:start_from_file/1:1538 log_ref=p0017 db_id=5 No L0 file found
2026-09-12 00:04:01.386422+09:00 [info] <0.801.0>@leveled_penciller:start_from_file/1:1508 log_ref=p0014 db_id=0 Maximum sequence number of 0 found in nonzero levels
2026-09-12 00:04:01.387997+09:00 [info] <0.801.0>@leveled_penciller:start_from_file/1:1510 log_ref=p0035 db_id=0 Startup with Manifest SQN of 0
2026-09-12 00:04:01.388669+09:00 [info] <0.811.0>@leveled_penciller:start_from_file/1:1538 log_ref=p0017 db_id=4 No L0 file found
2026-09-12 00:04:01.389233+09:00 [info] <0.761.0>@leveled_bookie:startup/2:1993 log_ref=b0005 db_id=1 LedgerSQN=0 at startup
2026-09-12 00:04:01.389594+09:00 [info] <0.807.0>@leveled_penciller:start_from_file/1:1538 log_ref=p0017 db_id=3 No L0 file found
2026-09-12 00:04:01.390097+09:00 [info] <0.813.0>@leveled_penciller:start_from_file/1:1538 log_ref=p0017 db_id=6 No L0 file found
2026-09-12 00:04:01.397089+09:00 [info] <0.762.0>@leveled_bookie:startup/2:1993 log_ref=b0005 db_id=5 LedgerSQN=0 at startup
2026-09-12 00:04:01.398455+09:00 [info] <0.774.0>@leveled_bookie:startup/2:2004 log_ref=i0014 db_id=5 On startup loading from filename /var/lib/riak/leveled/913438523331814323877303020447676887284957839360/journal/journal_files/0_3f9addad-d291-499b-ad0d-7d82dbfd828c from SQN 1
2026-09-12 00:04:01.398604+09:00 [info] <0.763.0>@leveled_bookie:startup/2:1993 log_ref=b0005 db_id=4 LedgerSQN=0 at startup
2026-09-12 00:04:01.398728+09:00 [info] <0.778.0>@leveled_bookie:startup/2:2004 log_ref=i0014 db_id=4 On startup loading from filename /var/lib/riak/leveled/730750818665451459101842416358141509827966271488/journal/journal_files/0_8d228d5e-4c3c-4ded-b1b4-1cadff8c2f6e from SQN 1
2026-09-12 00:04:01.398900+09:00 [info] <0.803.0>@leveled_penciller:start_from_file/1:1538 log_ref=p0017 db_id=7 No L0 file found
2026-09-12 00:04:01.399029+09:00 [info] <0.805.0>@leveled_penciller:start_from_file/1:1538 log_ref=p0017 db_id=2 No L0 file found
2026-09-12 00:04:01.399076+09:00 [info] <0.765.0>@leveled_bookie:startup/2:1993 log_ref=b0005 db_id=3 LedgerSQN=0 at startup
2026-09-12 00:04:01.399161+09:00 [info] <0.763.0>@leveled_bookie:init/1:1409 log_ref=b0001 db_id=4 Bookie starting with Ink <0.778.0> Pcl <0.811.0>
2026-09-12 00:04:01.399287+09:00 [info] <0.780.0>@leveled_bookie:startup/2:2004 log_ref=i0014 db_id=3 On startup loading from filename /var/lib/riak/leveled/548063113999088594326381812268606132370974703616/journal/journal_files/0_73783e4f-6de7-4571-8cd2-c11a5e1188b0 from SQN 1
2026-09-12 00:04:01.399534+09:00 [info] <0.762.0>@leveled_bookie:init/1:1409 log_ref=b0001 db_id=5 Bookie starting with Ink <0.774.0> Pcl <0.799.0>
2026-09-12 00:04:01.399660+09:00 [info] <0.764.0>@leveled_bookie:startup/2:1993 log_ref=b0005 db_id=7 LedgerSQN=0 at startup
2026-09-12 00:04:01.399778+09:00 [info] <0.760.0>@leveled_bookie:startup/2:1993 log_ref=b0005 db_id=2 LedgerSQN=0 at startup
2026-09-12 00:04:01.399788+09:00 [info] <0.765.0>@leveled_bookie:init/1:1409 log_ref=b0001 db_id=3 Bookie starting with Ink <0.780.0> Pcl <0.807.0>
2026-09-12 00:04:01.399925+09:00 [info] <0.776.0>@leveled_bookie:startup/2:2004 log_ref=i0014 db_id=2 On startup loading from filename /var/lib/riak/leveled/365375409332725729550921208179070754913983135744/journal/journal_files/0_6041475d-aa65-4026-b320-93cd125cf746 from SQN 1
2026-09-12 00:04:01.400069+09:00 [info] <0.759.0>@leveled_bookie:startup/2:1993 log_ref=b0005 db_id=6 LedgerSQN=0 at startup
2026-09-12 00:04:01.400137+09:00 [info] <0.801.0>@leveled_penciller:start_from_file/1:1538 log_ref=p0017 db_id=0 No L0 file found
2026-09-12 00:04:01.400263+09:00 [info] <0.760.0>@leveled_bookie:init/1:1409 log_ref=b0001 db_id=2 Bookie starting with Ink <0.776.0> Pcl <0.805.0>
2026-09-12 00:04:01.400404+09:00 [info] <0.779.0>@leveled_bookie:startup/2:2004 log_ref=i0014 db_id=7 On startup loading from filename /var/lib/riak/leveled/1278813932664540053428224228626747642198940975104/journal/journal_files/0_570c91d2-a697-4cea-b664-b5fc21968cd8 from SQN 1
2026-09-12 00:04:01.400546+09:00 [info] <0.781.0>@leveled_bookie:startup/2:2004 log_ref=i0014 db_id=6 On startup loading from filename /var/lib/riak/leveled/1096126227998177188652763624537212264741949407232/journal/journal_files/0_1e6d563d-85b4-4f03-abe0-9f6733881fca from SQN 1
2026-09-12 00:04:01.400660+09:00 [info] <0.758.0>@leveled_bookie:startup/2:1993 log_ref=b0005 db_id=0 LedgerSQN=0 at startup
2026-09-12 00:04:01.400811+09:00 [info] <0.759.0>@leveled_bookie:init/1:1409 log_ref=b0001 db_id=6 Bookie starting with Ink <0.781.0> Pcl <0.813.0>
2026-09-12 00:04:01.400792+09:00 [info] <0.764.0>@leveled_bookie:init/1:1409 log_ref=b0001 db_id=7 Bookie starting with Ink <0.779.0> Pcl <0.803.0>
2026-09-12 00:04:01.401026+09:00 [info] <0.775.0>@leveled_bookie:startup/2:2004 log_ref=i0014 db_id=0 On startup loading from filename /var/lib/riak/leveled/0/journal/journal_files/0_3a823ea3-13a0-4c13-b93e-4d28aaf44678 from SQN 1
2026-09-12 00:04:01.401263+09:00 [info] <0.758.0>@leveled_bookie:init/1:1409 log_ref=b0001 db_id=0 Bookie starting with Ink <0.775.0> Pcl <0.801.0>
2026-09-12 00:04:01.398431+09:00 [info] <0.777.0>@leveled_bookie:startup/2:2004 log_ref=i0014 db_id=1 On startup loading from filename /var/lib/riak/leveled/182687704666362864775460604089535377456991567872/journal/journal_files/0_7dc5e873-00da-43cb-ae70-f38882bbd488 from SQN 1
2026-09-12 00:04:01.405165+09:00 [info] <0.761.0>@leveled_bookie:init/1:1409 log_ref=b0001 db_id=1 Bookie starting with Ink <0.777.0> Pcl <0.809.0>
2026-09-12 00:04:01.410393+09:00 [info] <0.736.0>@riak_kv_leveled_backend:schedule_journalcompaction/4:903 Schedule compaction for interval 5225 on partition 730750818665451459101842416358141509827966271488
2026-09-12 00:04:01.410413+09:00 [info] <0.739.0>@riak_kv_leveled_backend:schedule_journalcompaction/4:903 Schedule compaction for interval 1986 on partition 1278813932664540053428224228626747642198940975104
2026-09-12 00:04:01.410424+09:00 [info] <0.738.0>@riak_kv_leveled_backend:schedule_journalcompaction/4:903 Schedule compaction for interval 4688 on partition 1096126227998177188652763624537212264741949407232
2026-09-12 00:04:01.410437+09:00 [info] <0.734.0>@riak_kv_leveled_backend:schedule_journalcompaction/4:903 Schedule compaction for interval 4764 on partition 365375409332725729550921208179070754913983135744
2026-09-12 00:04:01.410442+09:00 [info] <0.735.0>@riak_kv_leveled_backend:schedule_journalcompaction/4:903 Schedule compaction for interval 1651 on partition 548063113999088594326381812268606132370974703616
2026-09-12 00:04:01.410446+09:00 [info] <0.737.0>@riak_kv_leveled_backend:schedule_journalcompaction/4:903 Schedule compaction for interval 8879 on partition 913438523331814323877303020447676887284957839360
2026-09-12 00:04:01.410463+09:00 [info] <0.732.0>@riak_kv_leveled_backend:schedule_journalcompaction/4:903 Schedule compaction for interval 4298 on partition 0
2026-09-12 00:04:01.410469+09:00 [info] <0.733.0>@riak_kv_leveled_backend:schedule_journalcompaction/4:903 Schedule compaction for interval 1362 on partition 182687704666362864775460604089535377456991567872
2026-09-12 00:04:01.549746+09:00 [info] <0.829.0>@aae_controller:init/1:674 log_ref=aae02 Native KeyStore type leveled_nko startup request
2026-09-12 00:04:01.549845+09:00 [info] <0.828.0>@aae_controller:init/1:674 log_ref=aae02 Native KeyStore type leveled_nko startup request
2026-09-12 00:04:01.549907+09:00 [info] <0.827.0>@aae_controller:init/1:674 log_ref=aae02 Native KeyStore type leveled_nko startup request
2026-09-12 00:04:01.549964+09:00 [info] <0.826.0>@aae_controller:init/1:674 log_ref=aae02 Native KeyStore type leveled_nko startup request
2026-09-12 00:04:01.550010+09:00 [info] <0.825.0>@aae_controller:init/1:674 log_ref=aae02 Native KeyStore type leveled_nko startup request
2026-09-12 00:04:01.550059+09:00 [info] <0.832.0>@aae_controller:init/1:674 log_ref=aae02 Native KeyStore type leveled_nko startup request
2026-09-12 00:04:01.550109+09:00 [info] <0.830.0>@aae_controller:init/1:674 log_ref=aae02 Native KeyStore type leveled_nko startup request
2026-09-12 00:04:01.550153+09:00 [info] <0.831.0>@aae_controller:init/1:674 log_ref=aae02 Native KeyStore type leveled_nko startup request
2026-09-12 00:04:01.551669+09:00 [warning] <0.833.0>@aae_keystore:open_manifest/1:1526 log_ref=ks002 No valid manifest found for AAE keystore at /var/lib/riak/tictac_aae/548063113999088594326381812268606132370974703616/leveled_nko/keystore reason not_present
2026-09-12 00:04:01.551739+09:00 [warning] <0.834.0>@aae_keystore:open_manifest/1:1526 log_ref=ks002 No valid manifest found for AAE keystore at /var/lib/riak/tictac_aae/365375409332725729550921208179070754913983135744/leveled_nko/keystore reason not_present
2026-09-12 00:04:01.552391+09:00 [warning] <0.835.0>@aae_keystore:open_manifest/1:1526 log_ref=ks002 No valid manifest found for AAE keystore at /var/lib/riak/tictac_aae/1096126227998177188652763624537212264741949407232/leveled_nko/keystore reason not_present
2026-09-12 00:04:01.553868+09:00 [warning] <0.838.0>@aae_keystore:open_manifest/1:1526 log_ref=ks002 No valid manifest found for AAE keystore at /var/lib/riak/tictac_aae/182687704666362864775460604089535377456991567872/leveled_nko/keystore reason not_present
2026-09-12 00:04:01.553983+09:00 [warning] <0.839.0>@aae_keystore:open_manifest/1:1526 log_ref=ks002 No valid manifest found for AAE keystore at /var/lib/riak/tictac_aae/913438523331814323877303020447676887284957839360/leveled_nko/keystore reason not_present
2026-09-12 00:04:01.554059+09:00 [warning] <0.840.0>@aae_keystore:open_manifest/1:1526 log_ref=ks002 No valid manifest found for AAE keystore at /var/lib/riak/tictac_aae/0/leveled_nko/keystore reason not_present
2026-09-12 00:04:01.552573+09:00 [warning] <0.837.0>@aae_keystore:open_manifest/1:1526 log_ref=ks002 No valid manifest found for AAE keystore at /var/lib/riak/tictac_aae/730750818665451459101842416358141509827966271488/leveled_nko/keystore reason not_present
2026-09-12 00:04:01.552549+09:00 [warning] <0.836.0>@aae_keystore:open_manifest/1:1526 log_ref=ks002 No valid manifest found for AAE keystore at /var/lib/riak/tictac_aae/1278813932664540053428224228626747642198940975104/leveled_nko/keystore reason not_present
2026-09-12 00:04:01.585312+09:00 [info] <0.842.0>@aae_treecache:init/1:224 log_ref=c0005 Starting cache with is_restored=false and IndexN of {730750818665451459101842416358141509827966271488,3}
2026-09-12 00:04:01.585626+09:00 [info] <0.843.0>@aae_treecache:init/1:224 log_ref=c0005 Starting cache with is_restored=false and IndexN of {365375409332725729550921208179070754913983135744,3}
2026-09-12 00:04:01.585754+09:00 [info] <0.844.0>@aae_treecache:init/1:224 log_ref=c0005 Starting cache with is_restored=false and IndexN of {1096126227998177188652763624537212264741949407232,3}
2026-09-12 00:04:01.585962+09:00 [info] <0.845.0>@aae_treecache:init/1:224 log_ref=c0005 Starting cache with is_restored=false and IndexN of {548063113999088594326381812268606132370974703616,3}
2026-09-12 00:04:01.586344+09:00 [info] <0.846.0>@aae_treecache:init/1:224 log_ref=c0005 Starting cache with is_restored=false and IndexN of {1278813932664540053428224228626747642198940975104,3}
2026-09-12 00:04:01.586571+09:00 [info] <0.847.0>@aae_treecache:init/1:224 log_ref=c0005 Starting cache with is_restored=false and IndexN of {0,3}
2026-09-12 00:04:01.586926+09:00 [info] <0.849.0>@aae_treecache:init/1:224 log_ref=c0005 Starting cache with is_restored=false and IndexN of {182687704666362864775460604089535377456991567872,3}
2026-09-12 00:04:01.588843+09:00 [info] <0.850.0>@aae_treecache:init/1:224 log_ref=c0005 Starting cache with is_restored=false and IndexN of {913438523331814323877303020447676887284957839360,3}
2026-09-12 00:04:01.592105+09:00 [info] <0.851.0>@aae_treecache:init/1:224 log_ref=c0005 Starting cache with is_restored=false and IndexN of {548063113999088594326381812268606132370974703616,3}
2026-09-12 00:04:01.594453+09:00 [info] <0.848.0>@aae_treecache:init/1:224 log_ref=c0005 Starting cache with is_restored=false and IndexN of {913438523331814323877303020447676887284957839360,3}
2026-09-12 00:04:01.599062+09:00 [info] <0.852.0>@aae_treecache:init/1:224 log_ref=c0005 Starting cache with is_restored=false and IndexN of {1278813932664540053428224228626747642198940975104,3}
2026-09-12 00:04:01.599746+09:00 [info] <0.853.0>@aae_treecache:init/1:224 log_ref=c0005 Starting cache with is_restored=false and IndexN of {730750818665451459101842416358141509827966271488,3}
2026-09-12 00:04:01.601612+09:00 [info] <0.854.0>@aae_treecache:init/1:224 log_ref=c0005 Starting cache with is_restored=false and IndexN of {0,3}
2026-09-12 00:04:01.603099+09:00 [info] <0.855.0>@aae_treecache:init/1:224 log_ref=c0005 Starting cache with is_restored=false and IndexN of {182687704666362864775460604089535377456991567872,3}
2026-09-12 00:04:01.605076+09:00 [info] <0.856.0>@aae_treecache:init/1:224 log_ref=c0005 Starting cache with is_restored=false and IndexN of {365375409332725729550921208179070754913983135744,3}
2026-09-12 00:04:01.611658+09:00 [info] <0.857.0>@aae_treecache:init/1:224 log_ref=c0005 Starting cache with is_restored=false and IndexN of {1096126227998177188652763624537212264741949407232,3}
2026-09-12 00:04:01.612289+09:00 [info] <0.858.0>@aae_treecache:init/1:224 log_ref=c0005 Starting cache with is_restored=false and IndexN of {730750818665451459101842416358141509827966271488,3}
2026-09-12 00:04:01.612760+09:00 [info] <0.859.0>@aae_treecache:init/1:224 log_ref=c0005 Starting cache with is_restored=false and IndexN of {1096126227998177188652763624537212264741949407232,3}
2026-09-12 00:04:01.613153+09:00 [info] <0.861.0>@aae_treecache:init/1:224 log_ref=c0005 Starting cache with is_restored=false and IndexN of {913438523331814323877303020447676887284957839360,3}
2026-09-12 00:04:01.614663+09:00 [info] <0.862.0>@aae_treecache:init/1:224 log_ref=c0005 Starting cache with is_restored=false and IndexN of {182687704666362864775460604089535377456991567872,3}
2026-09-12 00:04:01.614856+09:00 [info] <0.863.0>@aae_treecache:init/1:224 log_ref=c0005 Starting cache with is_restored=false and IndexN of {365375409332725729550921208179070754913983135744,3}
2026-09-12 00:04:01.615028+09:00 [info] <0.864.0>@aae_treecache:init/1:224 log_ref=c0005 Starting cache with is_restored=false and IndexN of {548063113999088594326381812268606132370974703616,3}
2026-09-12 00:04:01.616675+09:00 [info] <0.865.0>@aae_treecache:init/1:224 log_ref=c0005 Starting cache with is_restored=false and IndexN of {1278813932664540053428224228626747642198940975104,3}
2026-09-12 00:04:01.616978+09:00 [info] <0.860.0>@aae_treecache:init/1:224 log_ref=c0005 Starting cache with is_restored=false and IndexN of {0,3}
2026-09-12 00:04:01.624020+09:00 [info] <0.830.0>@aae_controller:init/1:719 log_ref=aae10 AAE controller started with IndexNs [{548063113999088594326381812268606132370974703616,3},{730750818665451459101842416358141509827966271488,3},{913438523331814323877303020447676887284957839360,3}] and StoreType {native,leveled_nko,<0.762.0>}
2026-09-12 00:04:01.624130+09:00 [info] <0.827.0>@aae_controller:init/1:719 log_ref=aae10 AAE controller started with IndexNs [{730750818665451459101842416358141509827966271488,3},{913438523331814323877303020447676887284957839360,3},{1096126227998177188652763624537212264741949407232,3}] and StoreType {native,leveled_nko,<0.759.0>}
2026-09-12 00:04:01.624286+09:00 [info] <0.831.0>@aae_controller:init/1:719 log_ref=aae10 AAE controller started with IndexNs [{1096126227998177188652763624537212264741949407232,3},{1278813932664540053428224228626747642198940975104,3},{0,3}] and StoreType {native,leveled_nko,<0.758.0>}
2026-09-12 00:04:01.624298+09:00 [info] <0.828.0>@aae_controller:init/1:719 log_ref=aae10 AAE controller started with IndexNs [{0,3},{182687704666362864775460604089535377456991567872,3},{365375409332725729550921208179070754913983135744,3}] and StoreType {native,leveled_nko,<0.760.0>}
2026-09-12 00:04:01.624235+09:00 [info] <0.826.0>@aae_controller:init/1:719 log_ref=aae10 AAE controller started with IndexNs [{913438523331814323877303020447676887284957839360,3},{1096126227998177188652763624537212264741949407232,3},{1278813932664540053428224228626747642198940975104,3}] and StoreType {native,leveled_nko,<0.764.0>}
2026-09-12 00:04:01.624272+09:00 [info] <0.832.0>@aae_controller:init/1:719 log_ref=aae10 AAE controller started with IndexNs [{1278813932664540053428224228626747642198940975104,3},{0,3},{182687704666362864775460604089535377456991567872,3}] and StoreType {native,leveled_nko,<0.761.0>}
2026-09-12 00:04:01.624473+09:00 [info] <0.829.0>@aae_controller:init/1:719 log_ref=aae10 AAE controller started with IndexNs [{182687704666362864775460604089535377456991567872,3},{365375409332725729550921208179070754913983135744,3},{548063113999088594326381812268606132370974703616,3}] and StoreType {native,leveled_nko,<0.765.0>}
2026-09-12 00:04:01.624486+09:00 [info] <0.737.0>@riak_kv_vnode:maybe_start_aaecontroller/2:402 AAE Controller started with pid=<0.830.0>
2026-09-12 00:04:01.624582+09:00 [info] <0.732.0>@riak_kv_vnode:maybe_start_aaecontroller/2:402 AAE Controller started with pid=<0.831.0>
2026-09-12 00:04:01.624569+09:00 [info] <0.738.0>@riak_kv_vnode:maybe_start_aaecontroller/2:402 AAE Controller started with pid=<0.827.0>
2026-09-12 00:04:01.624710+09:00 [info] <0.734.0>@riak_kv_vnode:maybe_start_aaecontroller/2:402 AAE Controller started with pid=<0.828.0>
2026-09-12 00:04:01.624789+09:00 [info] <0.739.0>@riak_kv_vnode:maybe_start_aaecontroller/2:402 AAE Controller started with pid=<0.826.0>
2026-09-12 00:04:01.624864+09:00 [info] <0.733.0>@riak_kv_vnode:maybe_start_aaecontroller/2:402 AAE Controller started with pid=<0.832.0>
2026-09-12 00:04:01.624872+09:00 [info] <0.735.0>@riak_kv_vnode:maybe_start_aaecontroller/2:402 AAE Controller started with pid=<0.829.0>
2026-09-12 00:04:01.627397+09:00 [info] <0.825.0>@aae_controller:init/1:719 log_ref=aae10 AAE controller started with IndexNs [{365375409332725729550921208179070754913983135744,3},{548063113999088594326381812268606132370974703616,3},{730750818665451459101842416358141509827966271488,3}] and StoreType {native,leveled_nko,<0.763.0>}
2026-09-12 00:04:01.627664+09:00 [info] <0.736.0>@riak_kv_vnode:maybe_start_aaecontroller/2:402 AAE Controller started with pid=<0.825.0>
2026-09-12 00:04:01.639102+09:00 [info] <0.724.0>@riak_core_vnode_manager:get_vnode/3:743 VNode initialization ready <0.732.0> 0 riak_kv_vnode
2026-09-12 00:04:01.639261+09:00 [info] <0.727.0>@riak_core_vnode_manager:get_vnode/3:743 VNode initialization ready <0.735.0> 548063113999088594326381812268606132370974703616 riak_kv_vnode
2026-09-12 00:04:01.639373+09:00 [info] <0.728.0>@riak_core_vnode_manager:get_vnode/3:743 VNode initialization ready <0.736.0> 730750818665451459101842416358141509827966271488 riak_kv_vnode
2026-09-12 00:04:01.639690+09:00 [info] <0.725.0>@riak_core_vnode_manager:get_vnode/3:743 VNode initialization ready <0.733.0> 182687704666362864775460604089535377456991567872 riak_kv_vnode
2026-09-12 00:04:01.639773+09:00 [info] <0.731.0>@riak_core_vnode_manager:get_vnode/3:743 VNode initialization ready <0.739.0> 1278813932664540053428224228626747642198940975104 riak_kv_vnode
2026-09-12 00:04:01.639789+09:00 [info] <0.726.0>@riak_core_vnode_manager:get_vnode/3:743 VNode initialization ready <0.734.0> 365375409332725729550921208179070754913983135744 riak_kv_vnode
2026-09-12 00:04:01.639800+09:00 [info] <0.730.0>@riak_core_vnode_manager:get_vnode/3:743 VNode initialization ready <0.738.0> 1096126227998177188652763624537212264741949407232 riak_kv_vnode
2026-09-12 00:04:01.639811+09:00 [info] <0.729.0>@riak_core_vnode_manager:get_vnode/3:743 VNode initialization ready <0.737.0> 913438523331814323877303020447676887284957839360 riak_kv_vnode
2026-09-12 00:04:01.640119+09:00 [info] <0.938.0>@riak_core_vnode_manager:get_vnode/3:733 Will start VNode for partition 182687704666362864775460604089535377456991567872 riak_pipe_vnode
2026-09-12 00:04:01.640481+09:00 [info] <0.938.0>@riak_core_vnode_manager:get_vnode/3:743 VNode initialization ready <0.939.0> 182687704666362864775460604089535377456991567872 riak_pipe_vnode
2026-09-12 00:04:01.640636+09:00 [info] <0.941.0>@riak_core_vnode_manager:get_vnode/3:733 Will start VNode for partition 365375409332725729550921208179070754913983135744 riak_pipe_vnode
2026-09-12 00:04:01.640966+09:00 [info] <0.941.0>@riak_core_vnode_manager:get_vnode/3:743 VNode initialization ready <0.942.0> 365375409332725729550921208179070754913983135744 riak_pipe_vnode
2026-09-12 00:04:01.641095+09:00 [info] <0.944.0>@riak_core_vnode_manager:get_vnode/3:733 Will start VNode for partition 548063113999088594326381812268606132370974703616 riak_pipe_vnode
2026-09-12 00:04:01.641430+09:00 [info] <0.944.0>@riak_core_vnode_manager:get_vnode/3:743 VNode initialization ready <0.945.0> 548063113999088594326381812268606132370974703616 riak_pipe_vnode
2026-09-12 00:04:01.641564+09:00 [info] <0.947.0>@riak_core_vnode_manager:get_vnode/3:733 Will start VNode for partition 730750818665451459101842416358141509827966271488 riak_pipe_vnode
2026-09-12 00:04:01.641873+09:00 [info] <0.947.0>@riak_core_vnode_manager:get_vnode/3:743 VNode initialization ready <0.948.0> 730750818665451459101842416358141509827966271488 riak_pipe_vnode
2026-09-12 00:04:01.641994+09:00 [info] <0.950.0>@riak_core_vnode_manager:get_vnode/3:733 Will start VNode for partition 913438523331814323877303020447676887284957839360 riak_pipe_vnode
2026-09-12 00:04:01.644496+09:00 [info] <0.950.0>@riak_core_vnode_manager:get_vnode/3:743 VNode initialization ready <0.951.0> 913438523331814323877303020447676887284957839360 riak_pipe_vnode
2026-09-12 00:04:01.644851+09:00 [info] <0.953.0>@riak_core_vnode_manager:get_vnode/3:733 Will start VNode for partition 1096126227998177188652763624537212264741949407232 riak_pipe_vnode
2026-09-12 00:04:01.645234+09:00 [info] <0.953.0>@riak_core_vnode_manager:get_vnode/3:743 VNode initialization ready <0.954.0> 1096126227998177188652763624537212264741949407232 riak_pipe_vnode
2026-09-12 00:04:01.645380+09:00 [info] <0.956.0>@riak_core_vnode_manager:get_vnode/3:733 Will start VNode for partition 1278813932664540053428224228626747642198940975104 riak_pipe_vnode
2026-09-12 00:04:01.645739+09:00 [info] <0.956.0>@riak_core_vnode_manager:get_vnode/3:743 VNode initialization ready <0.957.0> 1278813932664540053428224228626747642198940975104 riak_pipe_vnode
2026-09-12 00:04:01.664670+09:00 [info] <0.391.0>@riak_core:wait_for_service/2:492 Wait complete for service riak_kv (8 seconds)
2026-09-12 00:04:01.743375+09:00 [info] <0.611.0>@riak_core:wait_for_service/2:492 Wait complete for service riak_kv (8 seconds)
2026-09-12 00:04:01.763447+09:00 [info] <0.248.0>@riak_core_capability:process_capability_changes/2:557 New capability: {riak_repl,bloom_fold} = true
2026-09-12 00:04:01.782481+09:00 [info] <0.248.0>@riak_core_capability:process_capability_changes/2:557 New capability: {riak_repl,rtq_meta} = true
2026-09-12 00:04:01.784398+09:00 [info] <0.248.0>@riak_core_capability:process_capability_changes/2:557 New capability: {riak_repl,default_bucket_props_hash} = [consistent,datatype,n_val,write_once]
2026-09-12 00:04:01.811252+09:00 [info] <0.611.0>@riak_repl_app:start/2:70 REPL CS block skip disabled
2026-09-12 00:04:01.825701+09:00 [info] <0.962.0>@supervisor:report_progress/2:1582 Supervisor: {local,riak_repl_sup}. Started: id=riak_repl_client_sup,pid=<0.963.0>.
2026-09-12 00:04:01.836912+09:00 [info] <0.962.0>@supervisor:report_progress/2:1582 Supervisor: {local,riak_repl_sup}. Started: id=riak_repl_server_sup,pid=<0.964.0>.
2026-09-12 00:04:01.854230+09:00 [info] <0.962.0>@supervisor:report_progress/2:1582 Supervisor: {local,riak_repl_sup}. Started: id=riak_repl_leader,pid=<0.965.0>.
2026-09-12 00:04:01.881063+09:00 [info] <0.962.0>@supervisor:report_progress/2:1582 Supervisor: {local,riak_repl_sup}. Started: id=riak_repl2_leader,pid=<0.968.0>.
2026-09-12 00:04:01.897319+09:00 [info] <0.970.0>@riak_core_service_mgr:start_link/1:111 Starting Core Service Manager at {"127.0.0.1",9080}
2026-09-12 00:04:01.919587+09:00 [info] <0.973.0>@supervisor:report_progress/2:1582 Supervisor: {<0.973.0>,ranch_conns_sup_sup}. Started: id={ranch_conns_sup,1},pid=<0.974.0>.
2026-09-12 00:04:01.919776+09:00 [info] <0.973.0>@supervisor:report_progress/2:1582 Supervisor: {<0.973.0>,ranch_conns_sup_sup}. Started: id={ranch_conns_sup,2},pid=<0.975.0>.
2026-09-12 00:04:01.919875+09:00 [info] <0.973.0>@supervisor:report_progress/2:1582 Supervisor: {<0.973.0>,ranch_conns_sup_sup}. Started: id={ranch_conns_sup,3},pid=<0.976.0>.
2026-09-12 00:04:01.919984+09:00 [info] <0.973.0>@supervisor:report_progress/2:1582 Supervisor: {<0.973.0>,ranch_conns_sup_sup}. Started: id={ranch_conns_sup,4},pid=<0.977.0>.
2026-09-12 00:04:01.920059+09:00 [info] <0.973.0>@supervisor:report_progress/2:1582 Supervisor: {<0.973.0>,ranch_conns_sup_sup}. Started: id={ranch_conns_sup,5},pid=<0.978.0>.
2026-09-12 00:04:01.920161+09:00 [info] <0.973.0>@supervisor:report_progress/2:1582 Supervisor: {<0.973.0>,ranch_conns_sup_sup}. Started: id={ranch_conns_sup,6},pid=<0.979.0>.
2026-09-12 00:04:01.920237+09:00 [info] <0.973.0>@supervisor:report_progress/2:1582 Supervisor: {<0.973.0>,ranch_conns_sup_sup}. Started: id={ranch_conns_sup,7},pid=<0.980.0>.
2026-09-12 00:04:01.920335+09:00 [info] <0.973.0>@supervisor:report_progress/2:1582 Supervisor: {<0.973.0>,ranch_conns_sup_sup}. Started: id={ranch_conns_sup,8},pid=<0.981.0>.
2026-09-12 00:04:01.920416+09:00 [info] <0.973.0>@supervisor:report_progress/2:1582 Supervisor: {<0.973.0>,ranch_conns_sup_sup}. Started: id={ranch_conns_sup,9},pid=<0.982.0>.
2026-09-12 00:04:01.920547+09:00 [info] <0.973.0>@supervisor:report_progress/2:1582 Supervisor: {<0.973.0>,ranch_conns_sup_sup}. Started: id={ranch_conns_sup,10},pid=<0.983.0>.
2026-09-12 00:04:01.920631+09:00 [info] <0.973.0>@supervisor:report_progress/2:1582 Supervisor: {<0.973.0>,ranch_conns_sup_sup}. Started: id={ranch_conns_sup,11},pid=<0.984.0>.
2026-09-12 00:04:01.920739+09:00 [info] <0.973.0>@supervisor:report_progress/2:1582 Supervisor: {<0.973.0>,ranch_conns_sup_sup}. Started: id={ranch_conns_sup,12},pid=<0.985.0>.
2026-09-12 00:04:01.920825+09:00 [info] <0.973.0>@supervisor:report_progress/2:1582 Supervisor: {<0.973.0>,ranch_conns_sup_sup}. Started: id={ranch_conns_sup,13},pid=<0.986.0>.
2026-09-12 00:04:01.920944+09:00 [info] <0.973.0>@supervisor:report_progress/2:1582 Supervisor: {<0.973.0>,ranch_conns_sup_sup}. Started: id={ranch_conns_sup,14},pid=<0.987.0>.
2026-09-12 00:04:01.921014+09:00 [info] <0.973.0>@supervisor:report_progress/2:1582 Supervisor: {<0.973.0>,ranch_conns_sup_sup}. Started: id={ranch_conns_sup,15},pid=<0.988.0>.
2026-09-12 00:04:01.921114+09:00 [info] <0.973.0>@supervisor:report_progress/2:1582 Supervisor: {<0.973.0>,ranch_conns_sup_sup}. Started: id={ranch_conns_sup,16},pid=<0.989.0>.
2026-09-12 00:04:01.921193+09:00 [info] <0.973.0>@supervisor:report_progress/2:1582 Supervisor: {<0.973.0>,ranch_conns_sup_sup}. Started: id={ranch_conns_sup,17},pid=<0.990.0>.
2026-09-12 00:04:01.921292+09:00 [info] <0.973.0>@supervisor:report_progress/2:1582 Supervisor: {<0.973.0>,ranch_conns_sup_sup}. Started: id={ranch_conns_sup,18},pid=<0.991.0>.
2026-09-12 00:04:01.921385+09:00 [info] <0.973.0>@supervisor:report_progress/2:1582 Supervisor: {<0.973.0>,ranch_conns_sup_sup}. Started: id={ranch_conns_sup,19},pid=<0.992.0>.
2026-09-12 00:04:01.921480+09:00 [info] <0.973.0>@supervisor:report_progress/2:1582 Supervisor: {<0.973.0>,ranch_conns_sup_sup}. Started: id={ranch_conns_sup,20},pid=<0.993.0>.
2026-09-12 00:04:01.921570+09:00 [info] <0.973.0>@supervisor:report_progress/2:1582 Supervisor: {<0.973.0>,ranch_conns_sup_sup}. Started: id={ranch_conns_sup,21},pid=<0.994.0>.
2026-09-12 00:04:01.921744+09:00 [info] <0.973.0>@supervisor:report_progress/2:1582 Supervisor: {<0.973.0>,ranch_conns_sup_sup}. Started: id={ranch_conns_sup,22},pid=<0.995.0>.
2026-09-12 00:04:01.921817+09:00 [info] <0.973.0>@supervisor:report_progress/2:1582 Supervisor: {<0.973.0>,ranch_conns_sup_sup}. Started: id={ranch_conns_sup,23},pid=<0.996.0>.
2026-09-12 00:04:01.921928+09:00 [info] <0.973.0>@supervisor:report_progress/2:1582 Supervisor: {<0.973.0>,ranch_conns_sup_sup}. Started: id={ranch_conns_sup,24},pid=<0.997.0>.
2026-09-12 00:04:01.922013+09:00 [info] <0.973.0>@supervisor:report_progress/2:1582 Supervisor: {<0.973.0>,ranch_conns_sup_sup}. Started: id={ranch_conns_sup,25},pid=<0.998.0>.
2026-09-12 00:04:01.922122+09:00 [info] <0.973.0>@supervisor:report_progress/2:1582 Supervisor: {<0.973.0>,ranch_conns_sup_sup}. Started: id={ranch_conns_sup,26},pid=<0.999.0>.
2026-09-12 00:04:01.922213+09:00 [info] <0.973.0>@supervisor:report_progress/2:1582 Supervisor: {<0.973.0>,ranch_conns_sup_sup}. Started: id={ranch_conns_sup,27},pid=<0.1000.0>.
2026-09-12 00:04:01.922329+09:00 [info] <0.973.0>@supervisor:report_progress/2:1582 Supervisor: {<0.973.0>,ranch_conns_sup_sup}. Started: id={ranch_conns_sup,28},pid=<0.1001.0>.
2026-09-12 00:04:01.922485+09:00 [info] <0.973.0>@supervisor:report_progress/2:1582 Supervisor: {<0.973.0>,ranch_conns_sup_sup}. Started: id={ranch_conns_sup,29},pid=<0.1002.0>.
2026-09-12 00:04:01.922591+09:00 [info] <0.973.0>@supervisor:report_progress/2:1582 Supervisor: {<0.973.0>,ranch_conns_sup_sup}. Started: id={ranch_conns_sup,30},pid=<0.1003.0>.
2026-09-12 00:04:01.922667+09:00 [info] <0.973.0>@supervisor:report_progress/2:1582 Supervisor: {<0.973.0>,ranch_conns_sup_sup}. Started: id={ranch_conns_sup,31},pid=<0.1004.0>.
2026-09-12 00:04:01.922741+09:00 [info] <0.973.0>@supervisor:report_progress/2:1582 Supervisor: {<0.973.0>,ranch_conns_sup_sup}. Started: id={ranch_conns_sup,32},pid=<0.1005.0>.
2026-09-12 00:04:01.922819+09:00 [info] <0.973.0>@supervisor:report_progress/2:1582 Supervisor: {<0.973.0>,ranch_conns_sup_sup}. Started: id={ranch_conns_sup,33},pid=<0.1006.0>.
2026-09-12 00:04:01.922923+09:00 [info] <0.973.0>@supervisor:report_progress/2:1582 Supervisor: {<0.973.0>,ranch_conns_sup_sup}. Started: id={ranch_conns_sup,34},pid=<0.1007.0>.
2026-09-12 00:04:01.922992+09:00 [info] <0.973.0>@supervisor:report_progress/2:1582 Supervisor: {<0.973.0>,ranch_conns_sup_sup}. Started: id={ranch_conns_sup,35},pid=<0.1008.0>.
2026-09-12 00:04:01.923061+09:00 [info] <0.973.0>@supervisor:report_progress/2:1582 Supervisor: {<0.973.0>,ranch_conns_sup_sup}. Started: id={ranch_conns_sup,36},pid=<0.1009.0>.
2026-09-12 00:04:01.923129+09:00 [info] <0.973.0>@supervisor:report_progress/2:1582 Supervisor: {<0.973.0>,ranch_conns_sup_sup}. Started: id={ranch_conns_sup,37},pid=<0.1010.0>.
2026-09-12 00:04:01.923313+09:00 [info] <0.973.0>@supervisor:report_progress/2:1582 Supervisor: {<0.973.0>,ranch_conns_sup_sup}. Started: id={ranch_conns_sup,38},pid=<0.1011.0>.
2026-09-12 00:04:01.923394+09:00 [info] <0.973.0>@supervisor:report_progress/2:1582 Supervisor: {<0.973.0>,ranch_conns_sup_sup}. Started: id={ranch_conns_sup,39},pid=<0.1012.0>.
2026-09-12 00:04:01.923525+09:00 [info] <0.973.0>@supervisor:report_progress/2:1582 Supervisor: {<0.973.0>,ranch_conns_sup_sup}. Started: id={ranch_conns_sup,40},pid=<0.1013.0>.
2026-09-12 00:04:01.923607+09:00 [info] <0.973.0>@supervisor:report_progress/2:1582 Supervisor: {<0.973.0>,ranch_conns_sup_sup}. Started: id={ranch_conns_sup,41},pid=<0.1014.0>.
2026-09-12 00:04:01.923688+09:00 [info] <0.973.0>@supervisor:report_progress/2:1582 Supervisor: {<0.973.0>,ranch_conns_sup_sup}. Started: id={ranch_conns_sup,42},pid=<0.1015.0>.
2026-09-12 00:04:01.923767+09:00 [info] <0.973.0>@supervisor:report_progress/2:1582 Supervisor: {<0.973.0>,ranch_conns_sup_sup}. Started: id={ranch_conns_sup,43},pid=<0.1016.0>.
2026-09-12 00:04:01.923906+09:00 [info] <0.973.0>@supervisor:report_progress/2:1582 Supervisor: {<0.973.0>,ranch_conns_sup_sup}. Started: id={ranch_conns_sup,44},pid=<0.1017.0>.
2026-09-12 00:04:01.923990+09:00 [info] <0.973.0>@supervisor:report_progress/2:1582 Supervisor: {<0.973.0>,ranch_conns_sup_sup}. Started: id={ranch_conns_sup,45},pid=<0.1018.0>.
2026-09-12 00:04:01.924102+09:00 [info] <0.973.0>@supervisor:report_progress/2:1582 Supervisor: {<0.973.0>,ranch_conns_sup_sup}. Started: id={ranch_conns_sup,46},pid=<0.1019.0>.
2026-09-12 00:04:01.924183+09:00 [info] <0.973.0>@supervisor:report_progress/2:1582 Supervisor: {<0.973.0>,ranch_conns_sup_sup}. Started: id={ranch_conns_sup,47},pid=<0.1020.0>.
2026-09-12 00:04:01.924294+09:00 [info] <0.973.0>@supervisor:report_progress/2:1582 Supervisor: {<0.973.0>,ranch_conns_sup_sup}. Started: id={ranch_conns_sup,48},pid=<0.1021.0>.
2026-09-12 00:04:01.924375+09:00 [info] <0.973.0>@supervisor:report_progress/2:1582 Supervisor: {<0.973.0>,ranch_conns_sup_sup}. Started: id={ranch_conns_sup,49},pid=<0.1022.0>.
2026-09-12 00:04:01.924461+09:00 [info] <0.973.0>@supervisor:report_progress/2:1582 Supervisor: {<0.973.0>,ranch_conns_sup_sup}. Started: id={ranch_conns_sup,50},pid=<0.1023.0>.
2026-09-12 00:04:01.924539+09:00 [info] <0.973.0>@supervisor:report_progress/2:1582 Supervisor: {<0.973.0>,ranch_conns_sup_sup}. Started: id={ranch_conns_sup,51},pid=<0.1024.0>.
2026-09-12 00:04:01.924659+09:00 [info] <0.973.0>@supervisor:report_progress/2:1582 Supervisor: {<0.973.0>,ranch_conns_sup_sup}. Started: id={ranch_conns_sup,52},pid=<0.1025.0>.
2026-09-12 00:04:01.924741+09:00 [info] <0.973.0>@supervisor:report_progress/2:1582 Supervisor: {<0.973.0>,ranch_conns_sup_sup}. Started: id={ranch_conns_sup,53},pid=<0.1026.0>.
2026-09-12 00:04:01.924821+09:00 [info] <0.973.0>@supervisor:report_progress/2:1582 Supervisor: {<0.973.0>,ranch_conns_sup_sup}. Started: id={ranch_conns_sup,54},pid=<0.1027.0>.
2026-09-12 00:04:01.924948+09:00 [info] <0.973.0>@supervisor:report_progress/2:1582 Supervisor: {<0.973.0>,ranch_conns_sup_sup}. Started: id={ranch_conns_sup,55},pid=<0.1028.0>.
2026-09-12 00:04:01.925030+09:00 [info] <0.973.0>@supervisor:report_progress/2:1582 Supervisor: {<0.973.0>,ranch_conns_sup_sup}. Started: id={ranch_conns_sup,56},pid=<0.1029.0>.
2026-09-12 00:04:01.925143+09:00 [info] <0.973.0>@supervisor:report_progress/2:1582 Supervisor: {<0.973.0>,ranch_conns_sup_sup}. Started: id={ranch_conns_sup,57},pid=<0.1030.0>.
2026-09-12 00:04:01.925225+09:00 [info] <0.973.0>@supervisor:report_progress/2:1582 Supervisor: {<0.973.0>,ranch_conns_sup_sup}. Started: id={ranch_conns_sup,58},pid=<0.1031.0>.
2026-09-12 00:04:01.925337+09:00 [info] <0.973.0>@supervisor:report_progress/2:1582 Supervisor: {<0.973.0>,ranch_conns_sup_sup}. Started: id={ranch_conns_sup,59},pid=<0.1032.0>.
2026-09-12 00:04:01.925417+09:00 [info] <0.973.0>@supervisor:report_progress/2:1582 Supervisor: {<0.973.0>,ranch_conns_sup_sup}. Started: id={ranch_conns_sup,60},pid=<0.1033.0>.
2026-09-12 00:04:01.927911+09:00 [info] <0.973.0>@supervisor:report_progress/2:1582 Supervisor: {<0.973.0>,ranch_conns_sup_sup}. Started: id={ranch_conns_sup,61},pid=<0.1034.0>.
2026-09-12 00:04:01.928285+09:00 [info] <0.973.0>@supervisor:report_progress/2:1582 Supervisor: {<0.973.0>,ranch_conns_sup_sup}. Started: id={ranch_conns_sup,62},pid=<0.1035.0>.
2026-09-12 00:04:01.928788+09:00 [info] <0.973.0>@supervisor:report_progress/2:1582 Supervisor: {<0.973.0>,ranch_conns_sup_sup}. Started: id={ranch_conns_sup,63},pid=<0.1036.0>.
2026-09-12 00:04:01.928911+09:00 [info] <0.973.0>@supervisor:report_progress/2:1582 Supervisor: {<0.973.0>,ranch_conns_sup_sup}. Started: id={ranch_conns_sup,64},pid=<0.1037.0>.
2026-09-12 00:04:01.929032+09:00 [info] <0.973.0>@supervisor:report_progress/2:1582 Supervisor: {<0.973.0>,ranch_conns_sup_sup}. Started: id={ranch_conns_sup,65},pid=<0.1038.0>.
2026-09-12 00:04:01.929130+09:00 [info] <0.973.0>@supervisor:report_progress/2:1582 Supervisor: {<0.973.0>,ranch_conns_sup_sup}. Started: id={ranch_conns_sup,66},pid=<0.1039.0>.
2026-09-12 00:04:01.929238+09:00 [info] <0.973.0>@supervisor:report_progress/2:1582 Supervisor: {<0.973.0>,ranch_conns_sup_sup}. Started: id={ranch_conns_sup,67},pid=<0.1040.0>.
2026-09-12 00:04:01.929314+09:00 [info] <0.973.0>@supervisor:report_progress/2:1582 Supervisor: {<0.973.0>,ranch_conns_sup_sup}. Started: id={ranch_conns_sup,68},pid=<0.1041.0>.
2026-09-12 00:04:01.929426+09:00 [info] <0.973.0>@supervisor:report_progress/2:1582 Supervisor: {<0.973.0>,ranch_conns_sup_sup}. Started: id={ranch_conns_sup,69},pid=<0.1042.0>.
2026-09-12 00:04:01.929513+09:00 [info] <0.973.0>@supervisor:report_progress/2:1582 Supervisor: {<0.973.0>,ranch_conns_sup_sup}. Started: id={ranch_conns_sup,70},pid=<0.1043.0>.
2026-09-12 00:04:01.929587+09:00 [info] <0.973.0>@supervisor:report_progress/2:1582 Supervisor: {<0.973.0>,ranch_conns_sup_sup}. Started: id={ranch_conns_sup,71},pid=<0.1044.0>.
2026-09-12 00:04:01.929655+09:00 [info] <0.973.0>@supervisor:report_progress/2:1582 Supervisor: {<0.973.0>,ranch_conns_sup_sup}. Started: id={ranch_conns_sup,72},pid=<0.1045.0>.
2026-09-12 00:04:01.929758+09:00 [info] <0.973.0>@supervisor:report_progress/2:1582 Supervisor: {<0.973.0>,ranch_conns_sup_sup}. Started: id={ranch_conns_sup,73},pid=<0.1046.0>.
2026-09-12 00:04:01.929829+09:00 [info] <0.973.0>@supervisor:report_progress/2:1582 Supervisor: {<0.973.0>,ranch_conns_sup_sup}. Started: id={ranch_conns_sup,74},pid=<0.1047.0>.
2026-09-12 00:04:01.929908+09:00 [info] <0.973.0>@supervisor:report_progress/2:1582 Supervisor: {<0.973.0>,ranch_conns_sup_sup}. Started: id={ranch_conns_sup,75},pid=<0.1048.0>.
2026-09-12 00:04:01.930008+09:00 [info] <0.973.0>@supervisor:report_progress/2:1582 Supervisor: {<0.973.0>,ranch_conns_sup_sup}. Started: id={ranch_conns_sup,76},pid=<0.1049.0>.
2026-09-12 00:04:01.930197+09:00 [info] <0.973.0>@supervisor:report_progress/2:1582 Supervisor: {<0.973.0>,ranch_conns_sup_sup}. Started: id={ranch_conns_sup,77},pid=<0.1050.0>.
2026-09-12 00:04:01.930294+09:00 [info] <0.973.0>@supervisor:report_progress/2:1582 Supervisor: {<0.973.0>,ranch_conns_sup_sup}. Started: id={ranch_conns_sup,78},pid=<0.1051.0>.
2026-09-12 00:04:01.930396+09:00 [info] <0.973.0>@supervisor:report_progress/2:1582 Supervisor: {<0.973.0>,ranch_conns_sup_sup}. Started: id={ranch_conns_sup,79},pid=<0.1052.0>.
2026-09-12 00:04:01.930484+09:00 [info] <0.973.0>@supervisor:report_progress/2:1582 Supervisor: {<0.973.0>,ranch_conns_sup_sup}. Started: id={ranch_conns_sup,80},pid=<0.1053.0>.
2026-09-12 00:04:01.930569+09:00 [info] <0.973.0>@supervisor:report_progress/2:1582 Supervisor: {<0.973.0>,ranch_conns_sup_sup}. Started: id={ranch_conns_sup,81},pid=<0.1054.0>.
2026-09-12 00:04:01.930649+09:00 [info] <0.973.0>@supervisor:report_progress/2:1582 Supervisor: {<0.973.0>,ranch_conns_sup_sup}. Started: id={ranch_conns_sup,82},pid=<0.1055.0>.
2026-09-12 00:04:01.930849+09:00 [info] <0.973.0>@supervisor:report_progress/2:1582 Supervisor: {<0.973.0>,ranch_conns_sup_sup}. Started: id={ranch_conns_sup,83},pid=<0.1056.0>.
2026-09-12 00:04:01.930937+09:00 [info] <0.973.0>@supervisor:report_progress/2:1582 Supervisor: {<0.973.0>,ranch_conns_sup_sup}. Started: id={ranch_conns_sup,84},pid=<0.1057.0>.
2026-09-12 00:04:01.931057+09:00 [info] <0.973.0>@supervisor:report_progress/2:1582 Supervisor: {<0.973.0>,ranch_conns_sup_sup}. Started: id={ranch_conns_sup,85},pid=<0.1058.0>.
2026-09-12 00:04:01.931147+09:00 [info] <0.973.0>@supervisor:report_progress/2:1582 Supervisor: {<0.973.0>,ranch_conns_sup_sup}. Started: id={ranch_conns_sup,86},pid=<0.1059.0>.
2026-09-12 00:04:01.931230+09:00 [info] <0.973.0>@supervisor:report_progress/2:1582 Supervisor: {<0.973.0>,ranch_conns_sup_sup}. Started: id={ranch_conns_sup,87},pid=<0.1060.0>.
2026-09-12 00:04:01.931320+09:00 [info] <0.973.0>@supervisor:report_progress/2:1582 Supervisor: {<0.973.0>,ranch_conns_sup_sup}. Started: id={ranch_conns_sup,88},pid=<0.1061.0>.
2026-09-12 00:04:01.932725+09:00 [info] <0.973.0>@supervisor:report_progress/2:1582 Supervisor: {<0.973.0>,ranch_conns_sup_sup}. Started: id={ranch_conns_sup,89},pid=<0.1062.0>.
2026-09-12 00:04:01.932882+09:00 [info] <0.973.0>@supervisor:report_progress/2:1582 Supervisor: {<0.973.0>,ranch_conns_sup_sup}. Started: id={ranch_conns_sup,90},pid=<0.1063.0>.
2026-09-12 00:04:01.933012+09:00 [info] <0.973.0>@supervisor:report_progress/2:1582 Supervisor: {<0.973.0>,ranch_conns_sup_sup}. Started: id={ranch_conns_sup,91},pid=<0.1064.0>.
2026-09-12 00:04:01.933103+09:00 [info] <0.973.0>@supervisor:report_progress/2:1582 Supervisor: {<0.973.0>,ranch_conns_sup_sup}. Started: id={ranch_conns_sup,92},pid=<0.1065.0>.
2026-09-12 00:04:01.933216+09:00 [info] <0.973.0>@supervisor:report_progress/2:1582 Supervisor: {<0.973.0>,ranch_conns_sup_sup}. Started: id={ranch_conns_sup,93},pid=<0.1066.0>.
2026-09-12 00:04:01.933303+09:00 [info] <0.973.0>@supervisor:report_progress/2:1582 Supervisor: {<0.973.0>,ranch_conns_sup_sup}. Started: id={ranch_conns_sup,94},pid=<0.1067.0>.
2026-09-12 00:04:01.933388+09:00 [info] <0.973.0>@supervisor:report_progress/2:1582 Supervisor: {<0.973.0>,ranch_conns_sup_sup}. Started: id={ranch_conns_sup,95},pid=<0.1068.0>.
2026-09-12 00:04:01.933498+09:00 [info] <0.973.0>@supervisor:report_progress/2:1582 Supervisor: {<0.973.0>,ranch_conns_sup_sup}. Started: id={ranch_conns_sup,96},pid=<0.1069.0>.
2026-09-12 00:04:01.933626+09:00 [info] <0.973.0>@supervisor:report_progress/2:1582 Supervisor: {<0.973.0>,ranch_conns_sup_sup}. Started: id={ranch_conns_sup,97},pid=<0.1070.0>.
2026-09-12 00:04:01.933707+09:00 [info] <0.973.0>@supervisor:report_progress/2:1582 Supervisor: {<0.973.0>,ranch_conns_sup_sup}. Started: id={ranch_conns_sup,98},pid=<0.1071.0>.
2026-09-12 00:04:01.933784+09:00 [info] <0.973.0>@supervisor:report_progress/2:1582 Supervisor: {<0.973.0>,ranch_conns_sup_sup}. Started: id={ranch_conns_sup,99},pid=<0.1072.0>.
2026-09-12 00:04:01.933896+09:00 [info] <0.973.0>@supervisor:report_progress/2:1582 Supervisor: {<0.973.0>,ranch_conns_sup_sup}. Started: id={ranch_conns_sup,100},pid=<0.1073.0>.
2026-09-12 00:04:01.934075+09:00 [info] <0.972.0>@supervisor:report_progress/2:1582 Supervisor: {<0.972.0>,ranch_listener_sup}. Started: id=ranch_conns_sup_sup,pid=<0.973.0>.
2026-09-12 00:04:01.949314+09:00 [info] <0.1074.0>@supervisor:report_progress/2:1582 Supervisor: {<0.1074.0>,ranch_acceptors_sup}. Started: id={acceptor,<0.1074.0>,1},pid=<0.1075.0>.
2026-09-12 00:04:01.951374+09:00 [info] <0.1074.0>@supervisor:report_progress/2:1582 Supervisor: {<0.1074.0>,ranch_acceptors_sup}. Started: id={acceptor,<0.1074.0>,2},pid=<0.1076.0>.
2026-09-12 00:04:01.951532+09:00 [info] <0.1074.0>@supervisor:report_progress/2:1582 Supervisor: {<0.1074.0>,ranch_acceptors_sup}. Started: id={acceptor,<0.1074.0>,3},pid=<0.1077.0>.
2026-09-12 00:04:01.951670+09:00 [info] <0.1074.0>@supervisor:report_progress/2:1582 Supervisor: {<0.1074.0>,ranch_acceptors_sup}. Started: id={acceptor,<0.1074.0>,4},pid=<0.1078.0>.
2026-09-12 00:04:01.951798+09:00 [info] <0.1074.0>@supervisor:report_progress/2:1582 Supervisor: {<0.1074.0>,ranch_acceptors_sup}. Started: id={acceptor,<0.1074.0>,5},pid=<0.1079.0>.
2026-09-12 00:04:01.951916+09:00 [info] <0.1074.0>@supervisor:report_progress/2:1582 Supervisor: {<0.1074.0>,ranch_acceptors_sup}. Started: id={acceptor,<0.1074.0>,6},pid=<0.1080.0>.
2026-09-12 00:04:01.952054+09:00 [info] <0.1074.0>@supervisor:report_progress/2:1582 Supervisor: {<0.1074.0>,ranch_acceptors_sup}. Started: id={acceptor,<0.1074.0>,7},pid=<0.1081.0>.
2026-09-12 00:04:01.952168+09:00 [info] <0.1074.0>@supervisor:report_progress/2:1582 Supervisor: {<0.1074.0>,ranch_acceptors_sup}. Started: id={acceptor,<0.1074.0>,8},pid=<0.1082.0>.
2026-09-12 00:04:01.952312+09:00 [info] <0.1074.0>@supervisor:report_progress/2:1582 Supervisor: {<0.1074.0>,ranch_acceptors_sup}. Started: id={acceptor,<0.1074.0>,9},pid=<0.1083.0>.
2026-09-12 00:04:01.955048+09:00 [info] <0.1074.0>@supervisor:report_progress/2:1582 Supervisor: {<0.1074.0>,ranch_acceptors_sup}. Started: id={acceptor,<0.1074.0>,10},pid=<0.1084.0>.
2026-09-12 00:04:01.955329+09:00 [info] <0.1074.0>@supervisor:report_progress/2:1582 Supervisor: {<0.1074.0>,ranch_acceptors_sup}. Started: id={acceptor,<0.1074.0>,11},pid=<0.1085.0>.
2026-09-12 00:04:01.955534+09:00 [info] <0.1074.0>@supervisor:report_progress/2:1582 Supervisor: {<0.1074.0>,ranch_acceptors_sup}. Started: id={acceptor,<0.1074.0>,12},pid=<0.1086.0>.
2026-09-12 00:04:01.955677+09:00 [info] <0.1074.0>@supervisor:report_progress/2:1582 Supervisor: {<0.1074.0>,ranch_acceptors_sup}. Started: id={acceptor,<0.1074.0>,13},pid=<0.1087.0>.
2026-09-12 00:04:01.955832+09:00 [info] <0.1074.0>@supervisor:report_progress/2:1582 Supervisor: {<0.1074.0>,ranch_acceptors_sup}. Started: id={acceptor,<0.1074.0>,14},pid=<0.1088.0>.
2026-09-12 00:04:01.956003+09:00 [info] <0.1074.0>@supervisor:report_progress/2:1582 Supervisor: {<0.1074.0>,ranch_acceptors_sup}. Started: id={acceptor,<0.1074.0>,15},pid=<0.1089.0>.
2026-09-12 00:04:01.956128+09:00 [info] <0.1074.0>@supervisor:report_progress/2:1582 Supervisor: {<0.1074.0>,ranch_acceptors_sup}. Started: id={acceptor,<0.1074.0>,16},pid=<0.1090.0>.
2026-09-12 00:04:01.956264+09:00 [info] <0.1074.0>@supervisor:report_progress/2:1582 Supervisor: {<0.1074.0>,ranch_acceptors_sup}. Started: id={acceptor,<0.1074.0>,17},pid=<0.1091.0>.
2026-09-12 00:04:01.956380+09:00 [info] <0.1074.0>@supervisor:report_progress/2:1582 Supervisor: {<0.1074.0>,ranch_acceptors_sup}. Started: id={acceptor,<0.1074.0>,18},pid=<0.1092.0>.
2026-09-12 00:04:01.956512+09:00 [info] <0.1074.0>@supervisor:report_progress/2:1582 Supervisor: {<0.1074.0>,ranch_acceptors_sup}. Started: id={acceptor,<0.1074.0>,19},pid=<0.1093.0>.
2026-09-12 00:04:01.956639+09:00 [info] <0.1074.0>@supervisor:report_progress/2:1582 Supervisor: {<0.1074.0>,ranch_acceptors_sup}. Started: id={acceptor,<0.1074.0>,20},pid=<0.1094.0>.
2026-09-12 00:04:01.956734+09:00 [info] <0.1074.0>@supervisor:report_progress/2:1582 Supervisor: {<0.1074.0>,ranch_acceptors_sup}. Started: id={acceptor,<0.1074.0>,21},pid=<0.1095.0>.
2026-09-12 00:04:01.956848+09:00 [info] <0.1074.0>@supervisor:report_progress/2:1582 Supervisor: {<0.1074.0>,ranch_acceptors_sup}. Started: id={acceptor,<0.1074.0>,22},pid=<0.1096.0>.
2026-09-12 00:04:01.956936+09:00 [info] <0.1074.0>@supervisor:report_progress/2:1582 Supervisor: {<0.1074.0>,ranch_acceptors_sup}. Started: id={acceptor,<0.1074.0>,23},pid=<0.1097.0>.
2026-09-12 00:04:01.957046+09:00 [info] <0.1074.0>@supervisor:report_progress/2:1582 Supervisor: {<0.1074.0>,ranch_acceptors_sup}. Started: id={acceptor,<0.1074.0>,24},pid=<0.1098.0>.
2026-09-12 00:04:01.957156+09:00 [info] <0.1074.0>@supervisor:report_progress/2:1582 Supervisor: {<0.1074.0>,ranch_acceptors_sup}. Started: id={acceptor,<0.1074.0>,25},pid=<0.1099.0>.
2026-09-12 00:04:01.957245+09:00 [info] <0.1074.0>@supervisor:report_progress/2:1582 Supervisor: {<0.1074.0>,ranch_acceptors_sup}. Started: id={acceptor,<0.1074.0>,26},pid=<0.1100.0>.
2026-09-12 00:04:01.957368+09:00 [info] <0.1074.0>@supervisor:report_progress/2:1582 Supervisor: {<0.1074.0>,ranch_acceptors_sup}. Started: id={acceptor,<0.1074.0>,27},pid=<0.1101.0>.
2026-09-12 00:04:01.957468+09:00 [info] <0.1074.0>@supervisor:report_progress/2:1582 Supervisor: {<0.1074.0>,ranch_acceptors_sup}. Started: id={acceptor,<0.1074.0>,28},pid=<0.1102.0>.
2026-09-12 00:04:01.957581+09:00 [info] <0.1074.0>@supervisor:report_progress/2:1582 Supervisor: {<0.1074.0>,ranch_acceptors_sup}. Started: id={acceptor,<0.1074.0>,29},pid=<0.1103.0>.
2026-09-12 00:04:01.957693+09:00 [info] <0.1074.0>@supervisor:report_progress/2:1582 Supervisor: {<0.1074.0>,ranch_acceptors_sup}. Started: id={acceptor,<0.1074.0>,30},pid=<0.1104.0>.
2026-09-12 00:04:01.957780+09:00 [info] <0.1074.0>@supervisor:report_progress/2:1582 Supervisor: {<0.1074.0>,ranch_acceptors_sup}. Started: id={acceptor,<0.1074.0>,31},pid=<0.1105.0>.
2026-09-12 00:04:01.957888+09:00 [info] <0.1074.0>@supervisor:report_progress/2:1582 Supervisor: {<0.1074.0>,ranch_acceptors_sup}. Started: id={acceptor,<0.1074.0>,32},pid=<0.1106.0>.
2026-09-12 00:04:01.957975+09:00 [info] <0.1074.0>@supervisor:report_progress/2:1582 Supervisor: {<0.1074.0>,ranch_acceptors_sup}. Started: id={acceptor,<0.1074.0>,33},pid=<0.1107.0>.
2026-09-12 00:04:01.958089+09:00 [info] <0.1074.0>@supervisor:report_progress/2:1582 Supervisor: {<0.1074.0>,ranch_acceptors_sup}. Started: id={acceptor,<0.1074.0>,34},pid=<0.1108.0>.
2026-09-12 00:04:01.958200+09:00 [info] <0.1074.0>@supervisor:report_progress/2:1582 Supervisor: {<0.1074.0>,ranch_acceptors_sup}. Started: id={acceptor,<0.1074.0>,35},pid=<0.1109.0>.
2026-09-12 00:04:01.958288+09:00 [info] <0.1074.0>@supervisor:report_progress/2:1582 Supervisor: {<0.1074.0>,ranch_acceptors_sup}. Started: id={acceptor,<0.1074.0>,36},pid=<0.1110.0>.
2026-09-12 00:04:01.958427+09:00 [info] <0.1074.0>@supervisor:report_progress/2:1582 Supervisor: {<0.1074.0>,ranch_acceptors_sup}. Started: id={acceptor,<0.1074.0>,37},pid=<0.1111.0>.
2026-09-12 00:04:01.958541+09:00 [info] <0.1074.0>@supervisor:report_progress/2:1582 Supervisor: {<0.1074.0>,ranch_acceptors_sup}. Started: id={acceptor,<0.1074.0>,38},pid=<0.1112.0>.
2026-09-12 00:04:01.958793+09:00 [info] <0.1074.0>@supervisor:report_progress/2:1582 Supervisor: {<0.1074.0>,ranch_acceptors_sup}. Started: id={acceptor,<0.1074.0>,39},pid=<0.1113.0>.
2026-09-12 00:04:01.958947+09:00 [info] <0.1074.0>@supervisor:report_progress/2:1582 Supervisor: {<0.1074.0>,ranch_acceptors_sup}. Started: id={acceptor,<0.1074.0>,40},pid=<0.1114.0>.
2026-09-12 00:04:01.959071+09:00 [info] <0.1074.0>@supervisor:report_progress/2:1582 Supervisor: {<0.1074.0>,ranch_acceptors_sup}. Started: id={acceptor,<0.1074.0>,41},pid=<0.1115.0>.
2026-09-12 00:04:01.959200+09:00 [info] <0.1074.0>@supervisor:report_progress/2:1582 Supervisor: {<0.1074.0>,ranch_acceptors_sup}. Started: id={acceptor,<0.1074.0>,42},pid=<0.1116.0>.
2026-09-12 00:04:01.959306+09:00 [info] <0.1074.0>@supervisor:report_progress/2:1582 Supervisor: {<0.1074.0>,ranch_acceptors_sup}. Started: id={acceptor,<0.1074.0>,43},pid=<0.1117.0>.
2026-09-12 00:04:01.959441+09:00 [info] <0.1074.0>@supervisor:report_progress/2:1582 Supervisor: {<0.1074.0>,ranch_acceptors_sup}. Started: id={acceptor,<0.1074.0>,44},pid=<0.1118.0>.
2026-09-12 00:04:01.959564+09:00 [info] <0.1074.0>@supervisor:report_progress/2:1582 Supervisor: {<0.1074.0>,ranch_acceptors_sup}. Started: id={acceptor,<0.1074.0>,45},pid=<0.1119.0>.
2026-09-12 00:04:01.959655+09:00 [info] <0.1074.0>@supervisor:report_progress/2:1582 Supervisor: {<0.1074.0>,ranch_acceptors_sup}. Started: id={acceptor,<0.1074.0>,46},pid=<0.1120.0>.
2026-09-12 00:04:01.959775+09:00 [info] <0.1074.0>@supervisor:report_progress/2:1582 Supervisor: {<0.1074.0>,ranch_acceptors_sup}. Started: id={acceptor,<0.1074.0>,47},pid=<0.1121.0>.
2026-09-12 00:04:01.959918+09:00 [info] <0.1074.0>@supervisor:report_progress/2:1582 Supervisor: {<0.1074.0>,ranch_acceptors_sup}. Started: id={acceptor,<0.1074.0>,48},pid=<0.1122.0>.
2026-09-12 00:04:01.960059+09:00 [info] <0.1074.0>@supervisor:report_progress/2:1582 Supervisor: {<0.1074.0>,ranch_acceptors_sup}. Started: id={acceptor,<0.1074.0>,49},pid=<0.1123.0>.
2026-09-12 00:04:01.960205+09:00 [info] <0.1074.0>@supervisor:report_progress/2:1582 Supervisor: {<0.1074.0>,ranch_acceptors_sup}. Started: id={acceptor,<0.1074.0>,50},pid=<0.1124.0>.
2026-09-12 00:04:01.960329+09:00 [info] <0.1074.0>@supervisor:report_progress/2:1582 Supervisor: {<0.1074.0>,ranch_acceptors_sup}. Started: id={acceptor,<0.1074.0>,51},pid=<0.1125.0>.
2026-09-12 00:04:01.960504+09:00 [info] <0.1074.0>@supervisor:report_progress/2:1582 Supervisor: {<0.1074.0>,ranch_acceptors_sup}. Started: id={acceptor,<0.1074.0>,52},pid=<0.1126.0>.
2026-09-12 00:04:01.964149+09:00 [info] <0.1074.0>@supervisor:report_progress/2:1582 Supervisor: {<0.1074.0>,ranch_acceptors_sup}. Started: id={acceptor,<0.1074.0>,53},pid=<0.1127.0>.
2026-09-12 00:04:01.964309+09:00 [info] <0.1074.0>@supervisor:report_progress/2:1582 Supervisor: {<0.1074.0>,ranch_acceptors_sup}. Started: id={acceptor,<0.1074.0>,54},pid=<0.1128.0>.
2026-09-12 00:04:01.964430+09:00 [info] <0.1074.0>@supervisor:report_progress/2:1582 Supervisor: {<0.1074.0>,ranch_acceptors_sup}. Started: id={acceptor,<0.1074.0>,55},pid=<0.1129.0>.
2026-09-12 00:04:01.965029+09:00 [info] <0.1074.0>@supervisor:report_progress/2:1582 Supervisor: {<0.1074.0>,ranch_acceptors_sup}. Started: id={acceptor,<0.1074.0>,56},pid=<0.1130.0>.
2026-09-12 00:04:01.965180+09:00 [info] <0.1074.0>@supervisor:report_progress/2:1582 Supervisor: {<0.1074.0>,ranch_acceptors_sup}. Started: id={acceptor,<0.1074.0>,57},pid=<0.1131.0>.
2026-09-12 00:04:01.965294+09:00 [info] <0.1074.0>@supervisor:report_progress/2:1582 Supervisor: {<0.1074.0>,ranch_acceptors_sup}. Started: id={acceptor,<0.1074.0>,58},pid=<0.1132.0>.
2026-09-12 00:04:01.965445+09:00 [info] <0.1074.0>@supervisor:report_progress/2:1582 Supervisor: {<0.1074.0>,ranch_acceptors_sup}. Started: id={acceptor,<0.1074.0>,59},pid=<0.1133.0>.
2026-09-12 00:04:01.965593+09:00 [info] <0.1074.0>@supervisor:report_progress/2:1582 Supervisor: {<0.1074.0>,ranch_acceptors_sup}. Started: id={acceptor,<0.1074.0>,60},pid=<0.1134.0>.
2026-09-12 00:04:01.965709+09:00 [info] <0.1074.0>@supervisor:report_progress/2:1582 Supervisor: {<0.1074.0>,ranch_acceptors_sup}. Started: id={acceptor,<0.1074.0>,61},pid=<0.1135.0>.
2026-09-12 00:04:01.965852+09:00 [info] <0.1074.0>@supervisor:report_progress/2:1582 Supervisor: {<0.1074.0>,ranch_acceptors_sup}. Started: id={acceptor,<0.1074.0>,62},pid=<0.1136.0>.
2026-09-12 00:04:01.965965+09:00 [info] <0.1074.0>@supervisor:report_progress/2:1582 Supervisor: {<0.1074.0>,ranch_acceptors_sup}. Started: id={acceptor,<0.1074.0>,63},pid=<0.1137.0>.
2026-09-12 00:04:01.966107+09:00 [info] <0.1074.0>@supervisor:report_progress/2:1582 Supervisor: {<0.1074.0>,ranch_acceptors_sup}. Started: id={acceptor,<0.1074.0>,64},pid=<0.1138.0>.
2026-09-12 00:04:01.966250+09:00 [info] <0.1074.0>@supervisor:report_progress/2:1582 Supervisor: {<0.1074.0>,ranch_acceptors_sup}. Started: id={acceptor,<0.1074.0>,65},pid=<0.1139.0>.
2026-09-12 00:04:01.966364+09:00 [info] <0.1074.0>@supervisor:report_progress/2:1582 Supervisor: {<0.1074.0>,ranch_acceptors_sup}. Started: id={acceptor,<0.1074.0>,66},pid=<0.1140.0>.
2026-09-12 00:04:01.966515+09:00 [info] <0.1074.0>@supervisor:report_progress/2:1582 Supervisor: {<0.1074.0>,ranch_acceptors_sup}. Started: id={acceptor,<0.1074.0>,67},pid=<0.1141.0>.
2026-09-12 00:04:01.967996+09:00 [info] <0.1074.0>@supervisor:report_progress/2:1582 Supervisor: {<0.1074.0>,ranch_acceptors_sup}. Started: id={acceptor,<0.1074.0>,68},pid=<0.1142.0>.
2026-09-12 00:04:01.974188+09:00 [info] <0.1074.0>@supervisor:report_progress/2:1582 Supervisor: {<0.1074.0>,ranch_acceptors_sup}. Started: id={acceptor,<0.1074.0>,69},pid=<0.1143.0>.
2026-09-12 00:04:01.974361+09:00 [info] <0.1074.0>@supervisor:report_progress/2:1582 Supervisor: {<0.1074.0>,ranch_acceptors_sup}. Started: id={acceptor,<0.1074.0>,70},pid=<0.1144.0>.
2026-09-12 00:04:01.974496+09:00 [info] <0.1074.0>@supervisor:report_progress/2:1582 Supervisor: {<0.1074.0>,ranch_acceptors_sup}. Started: id={acceptor,<0.1074.0>,71},pid=<0.1145.0>.
2026-09-12 00:04:01.974630+09:00 [info] <0.1074.0>@supervisor:report_progress/2:1582 Supervisor: {<0.1074.0>,ranch_acceptors_sup}. Started: id={acceptor,<0.1074.0>,72},pid=<0.1146.0>.
2026-09-12 00:04:01.974732+09:00 [info] <0.1074.0>@supervisor:report_progress/2:1582 Supervisor: {<0.1074.0>,ranch_acceptors_sup}. Started: id={acceptor,<0.1074.0>,73},pid=<0.1147.0>.
2026-09-12 00:04:01.974853+09:00 [info] <0.1074.0>@supervisor:report_progress/2:1582 Supervisor: {<0.1074.0>,ranch_acceptors_sup}. Started: id={acceptor,<0.1074.0>,74},pid=<0.1148.0>.
2026-09-12 00:04:01.974997+09:00 [info] <0.1074.0>@supervisor:report_progress/2:1582 Supervisor: {<0.1074.0>,ranch_acceptors_sup}. Started: id={acceptor,<0.1074.0>,75},pid=<0.1149.0>.
2026-09-12 00:04:01.975122+09:00 [info] <0.1074.0>@supervisor:report_progress/2:1582 Supervisor: {<0.1074.0>,ranch_acceptors_sup}. Started: id={acceptor,<0.1074.0>,76},pid=<0.1150.0>.
2026-09-12 00:04:01.975288+09:00 [info] <0.1074.0>@supervisor:report_progress/2:1582 Supervisor: {<0.1074.0>,ranch_acceptors_sup}. Started: id={acceptor,<0.1074.0>,77},pid=<0.1151.0>.
2026-09-12 00:04:01.975425+09:00 [info] <0.1074.0>@supervisor:report_progress/2:1582 Supervisor: {<0.1074.0>,ranch_acceptors_sup}. Started: id={acceptor,<0.1074.0>,78},pid=<0.1152.0>.
2026-09-12 00:04:01.975571+09:00 [info] <0.1074.0>@supervisor:report_progress/2:1582 Supervisor: {<0.1074.0>,ranch_acceptors_sup}. Started: id={acceptor,<0.1074.0>,79},pid=<0.1153.0>.
2026-09-12 00:04:01.975706+09:00 [info] <0.1074.0>@supervisor:report_progress/2:1582 Supervisor: {<0.1074.0>,ranch_acceptors_sup}. Started: id={acceptor,<0.1074.0>,80},pid=<0.1154.0>.
2026-09-12 00:04:01.975810+09:00 [info] <0.1074.0>@supervisor:report_progress/2:1582 Supervisor: {<0.1074.0>,ranch_acceptors_sup}. Started: id={acceptor,<0.1074.0>,81},pid=<0.1155.0>.
2026-09-12 00:04:01.975939+09:00 [info] <0.1074.0>@supervisor:report_progress/2:1582 Supervisor: {<0.1074.0>,ranch_acceptors_sup}. Started: id={acceptor,<0.1074.0>,82},pid=<0.1156.0>.
2026-09-12 00:04:01.976051+09:00 [info] <0.1074.0>@supervisor:report_progress/2:1582 Supervisor: {<0.1074.0>,ranch_acceptors_sup}. Started: id={acceptor,<0.1074.0>,83},pid=<0.1157.0>.
2026-09-12 00:04:01.976193+09:00 [info] <0.1074.0>@supervisor:report_progress/2:1582 Supervisor: {<0.1074.0>,ranch_acceptors_sup}. Started: id={acceptor,<0.1074.0>,84},pid=<0.1158.0>.
2026-09-12 00:04:01.976344+09:00 [info] <0.1074.0>@supervisor:report_progress/2:1582 Supervisor: {<0.1074.0>,ranch_acceptors_sup}. Started: id={acceptor,<0.1074.0>,85},pid=<0.1159.0>.
2026-09-12 00:04:01.985217+09:00 [info] <0.1074.0>@supervisor:report_progress/2:1582 Supervisor: {<0.1074.0>,ranch_acceptors_sup}. Started: id={acceptor,<0.1074.0>,86},pid=<0.1160.0>.
2026-09-12 00:04:01.985462+09:00 [info] <0.1074.0>@supervisor:report_progress/2:1582 Supervisor: {<0.1074.0>,ranch_acceptors_sup}. Started: id={acceptor,<0.1074.0>,87},pid=<0.1161.0>.
2026-09-12 00:04:01.985574+09:00 [info] <0.1074.0>@supervisor:report_progress/2:1582 Supervisor: {<0.1074.0>,ranch_acceptors_sup}. Started: id={acceptor,<0.1074.0>,88},pid=<0.1162.0>.
2026-09-12 00:04:01.985704+09:00 [info] <0.1074.0>@supervisor:report_progress/2:1582 Supervisor: {<0.1074.0>,ranch_acceptors_sup}. Started: id={acceptor,<0.1074.0>,89},pid=<0.1163.0>.
2026-09-12 00:04:01.985825+09:00 [info] <0.1074.0>@supervisor:report_progress/2:1582 Supervisor: {<0.1074.0>,ranch_acceptors_sup}. Started: id={acceptor,<0.1074.0>,90},pid=<0.1164.0>.
2026-09-12 00:04:01.985919+09:00 [info] <0.1074.0>@supervisor:report_progress/2:1582 Supervisor: {<0.1074.0>,ranch_acceptors_sup}. Started: id={acceptor,<0.1074.0>,91},pid=<0.1165.0>.
2026-09-12 00:04:01.986039+09:00 [info] <0.1074.0>@supervisor:report_progress/2:1582 Supervisor: {<0.1074.0>,ranch_acceptors_sup}. Started: id={acceptor,<0.1074.0>,92},pid=<0.1166.0>.
2026-09-12 00:04:01.986132+09:00 [info] <0.1074.0>@supervisor:report_progress/2:1582 Supervisor: {<0.1074.0>,ranch_acceptors_sup}. Started: id={acceptor,<0.1074.0>,93},pid=<0.1167.0>.
2026-09-12 00:04:01.986247+09:00 [info] <0.1074.0>@supervisor:report_progress/2:1582 Supervisor: {<0.1074.0>,ranch_acceptors_sup}. Started: id={acceptor,<0.1074.0>,94},pid=<0.1168.0>.
2026-09-12 00:04:01.986373+09:00 [info] <0.1074.0>@supervisor:report_progress/2:1582 Supervisor: {<0.1074.0>,ranch_acceptors_sup}. Started: id={acceptor,<0.1074.0>,95},pid=<0.1169.0>.
2026-09-12 00:04:01.986510+09:00 [info] <0.1074.0>@supervisor:report_progress/2:1582 Supervisor: {<0.1074.0>,ranch_acceptors_sup}. Started: id={acceptor,<0.1074.0>,96},pid=<0.1170.0>.
2026-09-12 00:04:01.986643+09:00 [info] <0.1074.0>@supervisor:report_progress/2:1582 Supervisor: {<0.1074.0>,ranch_acceptors_sup}. Started: id={acceptor,<0.1074.0>,97},pid=<0.1171.0>.
2026-09-12 00:04:01.986746+09:00 [info] <0.1074.0>@supervisor:report_progress/2:1582 Supervisor: {<0.1074.0>,ranch_acceptors_sup}. Started: id={acceptor,<0.1074.0>,98},pid=<0.1172.0>.
2026-09-12 00:04:01.986878+09:00 [info] <0.1074.0>@supervisor:report_progress/2:1582 Supervisor: {<0.1074.0>,ranch_acceptors_sup}. Started: id={acceptor,<0.1074.0>,99},pid=<0.1173.0>.
2026-09-12 00:04:01.987035+09:00 [info] <0.1074.0>@supervisor:report_progress/2:1582 Supervisor: {<0.1074.0>,ranch_acceptors_sup}. Started: id={acceptor,<0.1074.0>,100},pid=<0.1174.0>.
2026-09-12 00:04:01.987165+09:00 [info] <0.972.0>@supervisor:report_progress/2:1582 Supervisor: {<0.972.0>,ranch_listener_sup}. Started: id=ranch_acceptors_sup,pid=<0.1074.0>.
2026-09-12 00:04:01.987278+09:00 [info] <0.607.0>@supervisor:report_progress/2:1582 Supervisor: {local,ranch_sup}. Started: id={ranch_listener_sup,{[49,50,55,46,48,46,48,46,49],9080}},pid=<0.972.0>.
2026-09-12 00:04:01.987380+09:00 [info] <0.971.0>@riak_core_service_mgr:start_dispatcher/3:524 Service manager: listening on 127.0.0.1:9080
2026-09-12 00:04:01.990803+09:00 [info] <0.970.0>@supervisor:report_progress/2:1582 Supervisor: {local,riak_core_cluster_mgr_sup}. Started: id=riak_core_service_mgr,pid=<0.971.0>.
2026-09-12 00:04:02.011854+09:00 [info] <0.970.0>@supervisor:report_progress/2:1582 Supervisor: {local,riak_core_cluster_mgr_sup}. Started: id=riak_core_connection_mgr,pid=<0.1175.0>.
2026-09-12 00:04:02.022163+09:00 [info] <0.970.0>@supervisor:report_progress/2:1582 Supervisor: {local,riak_core_cluster_mgr_sup}. Started: id=riak_core_cluster_conn_sup,pid=<0.1176.0>.
2026-09-12 00:04:02.044896+09:00 [info] <0.970.0>@supervisor:report_progress/2:1582 Supervisor: {local,riak_core_cluster_mgr_sup}. Started: id=riak_repl_cluster_mgr,pid=<0.1177.0>.
2026-09-12 00:04:02.054995+09:00 [info] <0.1178.0>@riak_core_tcp_mon:init/1:167 Starting TCP Monitor
2026-09-12 00:04:02.055125+09:00 [info] <0.970.0>@supervisor:report_progress/2:1582 Supervisor: {local,riak_core_cluster_mgr_sup}. Started: id=riak_core_tcp_mon,pid=<0.1178.0>.
2026-09-12 00:04:02.055271+09:00 [info] <0.962.0>@supervisor:report_progress/2:1582 Supervisor: {local,riak_repl_sup}. Started: id=riak_core_cluster_mgr_sup,pid=<0.970.0>.
2026-09-12 00:04:02.064801+09:00 [info] <0.962.0>@supervisor:report_progress/2:1582 Supervisor: {local,riak_repl_sup}. Started: id=riak_repl2_fs_node_reserver,pid=<0.1179.0>.
2026-09-12 00:04:02.087170+09:00 [info] <0.1181.0>@supervisor:report_progress/2:1582 Supervisor: {local,riak_repl2_rtsource_sup}. Started: id=riak_repl2_rtq,pid=<0.1182.0>.
2026-09-12 00:04:02.093486+09:00 [info] <0.1181.0>@supervisor:report_progress/2:1582 Supervisor: {local,riak_repl2_rtsource_sup}. Started: id=riak_repl2_rtq_overload_counter,pid=<0.1183.0>.
2026-09-12 00:04:02.116318+09:00 [info] <0.1181.0>@supervisor:report_progress/2:1582 Supervisor: {local,riak_repl2_rtsource_sup}. Started: id=riak_repl2_rtsource_conn_sup,pid=<0.1184.0>.
2026-09-12 00:04:02.116468+09:00 [info] <0.1180.0>@supervisor:report_progress/2:1582 Supervisor: {local,riak_repl2_rt_sup}. Started: id=riak_repl2_rtsource_sup,pid=<0.1181.0>.
2026-09-12 00:04:02.135416+09:00 [info] <0.1201.0>@supervisor:report_progress/2:1582 Supervisor: {local,riak_repl2_rtsink_sup}. Started: id=riak_repl2_rtsink_pool,pid=<0.1202.0>.
2026-09-12 00:04:02.146550+09:00 [info] <0.1201.0>@supervisor:report_progress/2:1582 Supervisor: {local,riak_repl2_rtsink_sup}. Started: id=riak_repl2_rtsink_conn_sup,pid=<0.1209.0>.
2026-09-12 00:04:02.147841+09:00 [info] <0.1180.0>@supervisor:report_progress/2:1582 Supervisor: {local,riak_repl2_rt_sup}. Started: id=riak_repl2_rtsink_sup,pid=<0.1201.0>.
2026-09-12 00:04:02.148001+09:00 [info] <0.1180.0>@supervisor:report_progress/2:1582 Supervisor: {local,riak_repl2_rt_sup}. Started: id=riak_repl2_rt,pid=<0.1210.0>.
2026-09-12 00:04:02.148097+09:00 [info] <0.962.0>@supervisor:report_progress/2:1582 Supervisor: {local,riak_repl_sup}. Started: id=riak_repl2_rt_sup,pid=<0.1180.0>.
2026-09-12 00:04:02.163000+09:00 [info] <0.962.0>@supervisor:report_progress/2:1582 Supervisor: {local,riak_repl_sup}. Started: id=riak_repl2_fscoordinator_sup,pid=<0.1211.0>.
2026-09-12 00:04:02.176879+09:00 [info] <0.962.0>@supervisor:report_progress/2:1582 Supervisor: {local,riak_repl_sup}. Started: id=riak_repl2_fscoordinator_serv_sup,pid=<0.1212.0>.
2026-09-12 00:04:02.191068+09:00 [info] <0.962.0>@supervisor:report_progress/2:1582 Supervisor: {local,riak_repl_sup}. Started: id=riak_repl2_fssource_sup,pid=<0.1213.0>.
2026-09-12 00:04:02.196634+09:00 [info] <0.962.0>@supervisor:report_progress/2:1582 Supervisor: {local,riak_repl_sup}. Started: id=riak_repl2_fssink_pool,pid=<0.1214.0>.
2026-09-12 00:04:02.202611+09:00 [info] <0.962.0>@supervisor:report_progress/2:1582 Supervisor: {local,riak_repl_sup}. Started: id=riak_repl2_fssink_sup,pid=<0.1221.0>.
2026-09-12 00:04:02.213833+09:00 [info] <0.962.0>@supervisor:report_progress/2:1582 Supervisor: {local,riak_repl_sup}. Started: id=riak_repl2_pg_proxy_sup,pid=<0.1222.0>.
2026-09-12 00:04:02.257707+09:00 [info] <0.1223.0>@supervisor:report_progress/2:1582 Supervisor: {local,riak_repl2_pg_sup}. Started: id=riak_repl2_pg_block_provider_sup,pid=<0.1224.0>.
2026-09-12 00:04:02.274154+09:00 [info] <0.1223.0>@supervisor:report_progress/2:1582 Supervisor: {local,riak_repl2_pg_sup}. Started: id=riak_repl2_pg_block_requester_sup,pid=<0.1225.0>.
2026-09-12 00:04:02.274325+09:00 [info] <0.1223.0>@supervisor:report_progress/2:1582 Supervisor: {local,riak_repl2_pg_sup}. Started: id=riak_repl2_pg,pid=<0.1226.0>.
2026-09-12 00:04:02.274411+09:00 [info] <0.962.0>@supervisor:report_progress/2:1582 Supervisor: {local,riak_repl_sup}. Started: id=riak_repl2_pg_sup,pid=<0.1223.0>.
2026-09-12 00:04:02.307400+09:00 [info] <0.253.0>@supervisor:report_progress/2:1582 Supervisor: {local,riak_core_stats_sup}. Started: id=riak_core_connection_mgr_stats,pid=<0.1227.0>.
2026-09-12 00:04:02.358760+09:00 [info] <0.253.0>@supervisor:report_progress/2:1582 Supervisor: {local,riak_core_stats_sup}. Started: id=riak_repl_stats,pid=<0.1228.0>.
2026-09-12 00:04:02.420835+09:00 [info] <0.216.0>@supervisor:report_progress/2:1582 Supervisor: {local,riak_core_eventhandler_sup}. Started: id={riak_core_ring_events,riak_repl_ring_handler},pid=<0.1229.0>.
2026-09-12 00:04:02.451867+09:00 [info] <0.771.0>@leveled_monitor:handle_cast/2:494 log_ref=b0016 db_id=1 Get timing with sample_count=0 and head_time=0 body_time=0 with fetch_count=0 with sample_period=1 seconds
2026-09-12 00:04:02.466090+09:00 [info] <0.968.0>@riak_repl2_leader:become_leader/2:217 Leader2: 'openriak-kv@node-02.cluster-a.openriak' elected as replication leader
2026-09-12 00:04:02.466231+09:00 [info] <0.1177.0>@riak_core_cluster_mgr:become_leader/2:706 ClusterManager: 'openriak-kv@node-02.cluster-a.openriak' becoming the leader
2026-09-12 00:04:02.494737+09:00 [info] <0.44.0>@application_controller:info_started/2:2130 Application: riak_repl. Started at: 'openriak-kv@node-02.cluster-a.openriak'.
2026-09-12 00:04:02.494958+09:00 [info] <0.44.0>@application_controller:info_started/2:2130 Application: canola. Started at: 'openriak-kv@node-02.cluster-a.openriak'.
2026-09-12 00:04:02.558525+09:00 [info] <0.44.0>@application_controller:info_started/2:2130 Application: riak_auth_mods. Started at: 'openriak-kv@node-02.cluster-a.openriak'.
2026-09-12 00:04:02.558784+09:00 [info] <0.44.0>@application_controller:info_started/2:2130 Application: riak_logger. Started at: 'openriak-kv@node-02.cluster-a.openriak'.
2026-09-12 00:04:04.612107+09:00 [info] <0.773.0>@leveled_monitor:handle_cast/2:551 log_ref=b0017 db_id=2 Snapshot timing with sample_count=0 and bookie_time=0 pcl_time=0 with sample_period=3 seconds
2026-09-12 00:04:08.114701+09:00 [info] <0.769.0>@leveled_monitor:handle_cast/2:534 log_ref=b0015 db_id=4 Put timing with sample_count=0 ink_time=0 prep_time=0 mem_time=0 with total_object_size=0 with sample_period=6 seconds
2026-09-12 00:04:09.267726+09:00 [info] <0.1317.0>@supervisor_bridge:report_progress/4:139 Supervisor: {local,inet_gethost_native_sup}. Started: pid=<0.1318.0>,mfa={inet_gethost_native,init,[[]]}.
2026-09-12 00:04:09.267879+09:00 [info] <0.82.0>@supervisor:report_progress/2:1582 Supervisor: {local,kernel_safe_sup}. Started: id=inet_gethost_native_sup,pid=<0.1317.0>.
2026-09-12 00:04:09.297475+09:00 [info] <0.968.0>@riak_repl2_leader:become_leader/2:217 Leader2: 'openriak-kv@node-02.cluster-a.openriak' elected as replication leader
2026-09-12 00:04:11.412257+09:00 [info] <0.226.0>@riak_core_gossip:log_node_added/2:362 'openriak-kv@node-05.cluster-a.openriak' joined cluster with status 'joining'
2026-09-12 00:04:11.412446+09:00 [info] <0.1322.0>@riak_repl_leader_helper:handle_DOWN/3:110 Replication candidate node 'openriak-kv@node-01.cluster-a.openriak' down
2026-09-12 00:04:11.821999+09:00 [info] <0.226.0>@riak_core_gossip:log_node_added/2:362 'openriak-kv@node-03.cluster-a.openriak' joined cluster with status 'joining'
2026-09-12 00:04:11.882587+09:00 [info] <0.1177.0>@riak_core_cluster_mgr:become_proxy/2:719 ClusterManager: 'openriak-kv@node-02.cluster-a.openriak' becoming a proxy to 'openriak-kv@node-03.cluster-a.openriak'
2026-09-12 00:04:12.746931+09:00 [info] <0.226.0>@riak_core_gossip:log_node_added/2:362 'openriak-kv@node-04.cluster-a.openriak' joined cluster with status 'joining'
2026-09-12 00:04:12.772962+09:00 [info] <0.968.0>@riak_repl2_leader:become_leader/2:217 Leader2: 'openriak-kv@node-02.cluster-a.openriak' elected as replication leader
2026-09-12 00:04:12.773236+09:00 [info] <0.1177.0>@riak_core_cluster_mgr:become_leader/2:706 ClusterManager: 'openriak-kv@node-02.cluster-a.openriak' becoming the leader
2026-09-12 00:04:16.939680+09:00 [info] <0.226.0>@riak_core_gossip:log_node_changed/3:359 'openriak-kv@node-02.cluster-a.openriak' changed from 'joining' to 'valid'
2026-09-12 00:04:16.939779+09:00 [info] <0.226.0>@riak_core_gossip:log_node_changed/3:359 'openriak-kv@node-03.cluster-a.openriak' changed from 'joining' to 'valid'
2026-09-12 00:04:16.939873+09:00 [info] <0.226.0>@riak_core_gossip:log_node_changed/3:359 'openriak-kv@node-04.cluster-a.openriak' changed from 'joining' to 'valid'
2026-09-12 00:04:16.939972+09:00 [info] <0.226.0>@riak_core_gossip:log_node_changed/3:359 'openriak-kv@node-05.cluster-a.openriak' changed from 'joining' to 'valid'
2026-09-12 00:04:17.726988+09:00 [info] <0.1177.0>@riak_core_cluster_mgr:become_proxy/2:719 ClusterManager: 'openriak-kv@node-02.cluster-a.openriak' becoming a proxy to 'openriak-kv@node-04.cluster-a.openriak'
2026-09-12 00:04:19.011697+09:00 [info] <0.772.0>@leveled_monitor:handle_cast/2:625 log_ref=cdb19 db_id=6 Sample timings in microseconds for sample_count=0 with totals of cycle_count=0 index_time=0 read_time=0 with sample_period=17 seconds
2026-09-12 00:04:22.608635+09:00 [info] <0.384.0>@riak_kv_replrtq_src:handle_info/2:646 QueueName=q1_ttaaefs has queue sizes p1=0 p2=0 p3=0
2026-09-12 00:04:26.235024+09:00 [info] <0.770.0>@leveled_monitor:handle_cast/2:625 log_ref=cdb19 db_id=5 Sample timings in microseconds for sample_count=0 with totals of cycle_count=0 index_time=0 read_time=0 with sample_period=25 seconds
2026-09-12 00:04:32.446079+09:00 [info] <0.771.0>@leveled_monitor:handle_cast/2:515 log_ref=b0018 db_id=1 Positive HEAD responses timed with sample_count=0 and cache_count=0 found_count=0 fetch_ledger_time=0 fetch_ledgercache_time=0 rsp_time=0 notfound_time=0 with sample_period=31 seconds
2026-09-12 00:04:34.612694+09:00 [info] <0.773.0>@leveled_monitor:handle_cast/2:534 log_ref=b0015 db_id=2 Put timing with sample_count=0 ink_time=0 prep_time=0 mem_time=0 with total_object_size=0 with sample_period=33 seconds
2026-09-12 00:04:34.857836+09:00 [info] <0.766.0>@leveled_monitor:handle_cast/2:494 log_ref=b0016 db_id=0 Get timing with sample_count=0 and head_time=0 body_time=0 with fetch_count=0 with sample_period=33 seconds
2026-09-12 00:04:38.115637+09:00 [info] <0.769.0>@leveled_monitor:handle_cast/2:625 log_ref=cdb19 db_id=4 Sample timings in microseconds for sample_count=0 with totals of cycle_count=0 index_time=0 read_time=0 with sample_period=36 seconds
2026-09-12 00:04:49.016954+09:00 [info] <0.772.0>@leveled_monitor:handle_cast/2:551 log_ref=b0017 db_id=6 Snapshot timing with sample_count=0 and bookie_time=0 pcl_time=0 with sample_period=47 seconds
2026-09-12 00:04:52.582588+09:00 [info] <0.383.0>@riak_kv_ttaaefs_manager:handle_info/2:648 Initiated Tictac AAE Full-Sync Mgr with scope=disabled
2026-09-12 00:04:52.582744+09:00 [info] <0.383.0>@riak_kv_ttaaefs_manager:handle_info/2:668 Initiating schedule at startup SlotInfo {2,5,1} Schedule [{no_check,24},{all_check,0},{day_check,0},{hour_check,0},{range_check,0},{auto_check,0}]
2026-09-12 00:04:52.582955+09:00 [info] <0.383.0>@riak_kv_ttaaefs_manager:handle_info/2:686 Scheduling work_item=no_check in 4042 seconds 23 items to run in schedule
2026-09-12 00:04:52.611177+09:00 [info] <0.384.0>@riak_kv_replrtq_src:handle_info/2:646 QueueName=q1_ttaaefs has queue sizes p1=0 p2=0 p3=0
2026-09-12 00:04:52.664727+09:00 [info] <0.387.0>@riak_kv_overflow_queue:log/5:129 riak_kv_reaper job_id=0 has attempts=0 aborts=0 Queue lengths queue_p2=0 queue_p1=0 Overflow lengths overflow_p2=0 overflow_p1=0 Discard counts discard_p2=0 discard_p1=0
2026-09-12 00:04:52.667976+09:00 [info] <0.388.0>@riak_kv_overflow_queue:log/5:129 riak_kv_eraser job_id=0 has attempts=0 aborts=0 Queue lengths queue_p2=0 queue_p1=0 Overflow lengths overflow_p2=0 overflow_p1=0 Discard counts discard_p2=0 discard_p1=0
2026-09-12 00:04:52.679043+09:00 [info] <0.389.0>@riak_kv_overflow_queue:log/5:129 riak_kv_reader job_id=0 has attempts=0 aborts=0 Queue lengths queue_p2=0 queue_p1=0 Overflow lengths overflow_p2=0 overflow_p1=0 Discard counts discard_p2=0 discard_p1=0
2026-09-12 00:04:53.306658+09:00 [info] <0.560.0>@riak_core_worker_pool:handle_info/3:257 worker_pool=af1_pool has qlen=0 and no items checked out
2026-09-12 00:04:53.307663+09:00 [info] <0.565.0>@riak_core_worker_pool:handle_info/3:257 worker_pool=af2_pool has qlen=0 and no items checked out
2026-09-12 00:04:53.308673+09:00 [info] <0.569.0>@riak_core_worker_pool:handle_info/3:257 worker_pool=af3_pool has qlen=0 and no items checked out
2026-09-12 00:04:53.308739+09:00 [info] <0.576.0>@riak_core_worker_pool:handle_info/3:257 worker_pool=af4_pool has qlen=0 and no items checked out
2026-09-12 00:04:53.309672+09:00 [info] <0.580.0>@riak_core_worker_pool:handle_info/3:257 worker_pool=be_pool has qlen=0 and no items checked out
2026-09-12 00:04:56.235704+09:00 [info] <0.770.0>@leveled_monitor:handle_cast/2:515 log_ref=b0018 db_id=5 Positive HEAD responses timed with sample_count=0 and cache_count=0 found_count=0 fetch_ledger_time=0 fetch_ledgercache_time=0 rsp_time=0 notfound_time=0 with sample_period=55 seconds
2026-09-12 00:04:59.362509+09:00 [info] <0.768.0>@leveled_monitor:handle_cast/2:515 log_ref=b0018 db_id=7 Positive HEAD responses timed with sample_count=0 and cache_count=0 found_count=0 fetch_ledger_time=0 fetch_ledgercache_time=0 rsp_time=0 notfound_time=0 with sample_period=58 seconds
2026-09-12 00:05:00.411697+09:00 [info] <0.767.0>@leveled_monitor:handle_cast/2:515 log_ref=b0018 db_id=3 Positive HEAD responses timed with sample_count=0 and cache_count=0 found_count=0 fetch_ledger_time=0 fetch_ledgercache_time=0 rsp_time=0 notfound_time=0 with sample_period=59 seconds
2026-09-12 00:05:01.973569+09:00 [info] <0.942.0>@riak_core_vnode:finish_handoff/2:788 365375409332725729550921208179070754913983135744 riak_pipe_vnode vnode finished handoff and deleted in 0 milliseconds
2026-09-12 00:05:02.446697+09:00 [info] <0.771.0>@leveled_monitor:handle_cast/2:580 log_ref=p0032 db_id=1 Fetch head timing with sample_count=0 and level timings of foundmem_time=0 found0_time=0 found1_time=0 found2_time=0 found3_time=0 foundlower_time=0 missed_time=0 with counts of foundmem_count=0 found0_count=0 found1_count=0 found2_count=0 found3_count=0 foundlower_count=0 missed_count=0 with sample_period=61 seconds
2026-09-12 00:05:04.613721+09:00 [info] <0.773.0>@leveled_monitor:handle_cast/2:515 log_ref=b0018 db_id=2 Positive HEAD responses timed with sample_count=0 and cache_count=0 found_count=0 fetch_ledger_time=0 fetch_ledgercache_time=0 rsp_time=0 notfound_time=0 with sample_period=63 seconds
2026-09-12 00:05:04.858696+09:00 [info] <0.766.0>@leveled_monitor:handle_cast/2:625 log_ref=cdb19 db_id=0 Sample timings in microseconds for sample_count=0 with totals of cycle_count=0 index_time=0 read_time=0 with sample_period=63 seconds
2026-09-12 00:05:08.119235+09:00 [info] <0.769.0>@leveled_monitor:handle_cast/2:580 log_ref=p0032 db_id=4 Fetch head timing with sample_count=0 and level timings of foundmem_time=0 found0_time=0 found1_time=0 found2_time=0 found3_time=0 foundlower_time=0 missed_time=0 with counts of foundmem_count=0 found0_count=0 found1_count=0 found2_count=0 found3_count=0 foundlower_count=0 missed_count=0 with sample_period=66 seconds
2026-09-12 00:05:09.329897+09:00 [warning] <0.760.0>@leveled_bookie:handle_call/3:1732 log_ref=b0011 db_id=2 Call to destroy the store and so all files to be removed
2026-09-12 00:05:09.330036+09:00 [warning] <0.776.0>@leveled_inker:handle_call/3:776 log_ref=i0018 db_id=2 We're doomed - intention recorded to destroy all files
2026-09-12 00:05:09.330125+09:00 [info] <0.776.0>@leveled_inker:handle_call/3:780 log_ref=i0005 db_id=2 Inker closing journal for reason doom
2026-09-12 00:05:09.330218+09:00 [info] <0.776.0>@leveled_inker:handle_call/3:782 log_ref=i0006 db_id=2 Close triggered with journal_sqn=0 and manifest_sqn=2
2026-09-12 00:05:09.330982+09:00 [info] <0.776.0>@leveled_inker:shutdown_manifest/1:1036 log_ref=i0007 db_id=2 Inker manifest when closing is:
2026-09-12 00:05:09.331798+09:00 [warning] <0.805.0>@leveled_penciller:handle_call/3:1093 log_ref=p0030 db_id=2 We're doomed - intention recorded to destroy all files
2026-09-12 00:05:09.332123+09:00 [info] <0.806.0>@leveled_pclerk:terminate/2:178 log_ref=pc005 db_id=2 Penciller's Clerk <0.806.0> shutdown now complete for reason normal
2026-09-12 00:05:09.335171+09:00 [info] <0.760.0>@leveled_bookie:terminate/2:1803 log_ref=b0003 db_id=2 Bookie closing for reason normal
2026-09-12 00:05:09.335557+09:00 [info] <0.863.0>@aae_treecache:handle_cast/2:354 log_ref=c0004 Destroying tree cache for partition {365375409332725729550921208179070754913983135744,3}
2026-09-12 00:05:09.335631+09:00 [info] <0.855.0>@aae_treecache:handle_cast/2:354 log_ref=c0004 Destroying tree cache for partition {182687704666362864775460604089535377456991567872,3}
2026-09-12 00:05:09.335695+09:00 [info] <0.847.0>@aae_treecache:handle_cast/2:354 log_ref=c0004 Destroying tree cache for partition {0,3}
2026-09-12 00:05:09.336477+09:00 [info] <0.734.0>@riak_core_vnode:finish_handoff/2:788 365375409332725729550921208179070754913983135744 riak_kv_vnode vnode finished handoff and deleted in 11 milliseconds
2026-09-12 00:05:14.022533+09:00 [info] <0.722.0>@riak_core_vnode:finish_handoff/2:788 0 riak_pipe_vnode vnode finished handoff and deleted in 0 milliseconds
2026-09-12 00:05:19.019918+09:00 [info] <0.772.0>@leveled_monitor:handle_cast/2:534 log_ref=b0015 db_id=6 Put timing with sample_count=0 ink_time=0 prep_time=0 mem_time=0 with total_object_size=0 with sample_period=77 seconds
2026-09-12 00:05:21.105802+09:00 [warning] <0.764.0>@leveled_bookie:handle_call/3:1732 log_ref=b0011 db_id=7 Call to destroy the store and so all files to be removed
2026-09-12 00:05:21.105937+09:00 [warning] <0.779.0>@leveled_inker:handle_call/3:776 log_ref=i0018 db_id=7 We're doomed - intention recorded to destroy all files
2026-09-12 00:05:21.106024+09:00 [info] <0.779.0>@leveled_inker:handle_call/3:780 log_ref=i0005 db_id=7 Inker closing journal for reason doom
2026-09-12 00:05:21.106136+09:00 [info] <0.779.0>@leveled_inker:handle_call/3:782 log_ref=i0006 db_id=7 Close triggered with journal_sqn=0 and manifest_sqn=2
2026-09-12 00:05:21.106241+09:00 [info] <0.779.0>@leveled_inker:shutdown_manifest/1:1036 log_ref=i0007 db_id=7 Inker manifest when closing is:
2026-09-12 00:05:21.107585+09:00 [warning] <0.803.0>@leveled_penciller:handle_call/3:1093 log_ref=p0030 db_id=7 We're doomed - intention recorded to destroy all files
2026-09-12 00:05:21.107678+09:00 [info] <0.804.0>@leveled_pclerk:terminate/2:178 log_ref=pc005 db_id=7 Penciller's Clerk <0.804.0> shutdown now complete for reason normal
2026-09-12 00:05:21.120985+09:00 [info] <0.764.0>@leveled_bookie:terminate/2:1803 log_ref=b0003 db_id=7 Bookie closing for reason normal
2026-09-12 00:05:21.121164+09:00 [info] <0.865.0>@aae_treecache:handle_cast/2:354 log_ref=c0004 Destroying tree cache for partition {1278813932664540053428224228626747642198940975104,3}
2026-09-12 00:05:21.121307+09:00 [info] <0.859.0>@aae_treecache:handle_cast/2:354 log_ref=c0004 Destroying tree cache for partition {1096126227998177188652763624537212264741949407232,3}
2026-09-12 00:05:21.121418+09:00 [info] <0.848.0>@aae_treecache:handle_cast/2:354 log_ref=c0004 Destroying tree cache for partition {913438523331814323877303020447676887284957839360,3}
2026-09-12 00:05:21.121558+09:00 [info] <0.739.0>@riak_core_vnode:finish_handoff/2:788 1278813932664540053428224228626747642198940975104 riak_kv_vnode vnode finished handoff and deleted in 31 milliseconds
2026-09-12 00:05:22.186823+09:00 [info] <0.957.0>@riak_core_vnode:finish_handoff/2:788 1278813932664540053428224228626747642198940975104 riak_pipe_vnode vnode finished handoff and deleted in 0 milliseconds
2026-09-12 00:05:22.611682+09:00 [info] <0.384.0>@riak_kv_replrtq_src:handle_info/2:646 QueueName=q1_ttaaefs has queue sizes p1=0 p2=0 p3=0
2026-09-12 00:05:23.389886+09:00 [warning] <0.763.0>@leveled_bookie:handle_call/3:1732 log_ref=b0011 db_id=4 Call to destroy the store and so all files to be removed
2026-09-12 00:05:23.390039+09:00 [warning] <0.778.0>@leveled_inker:handle_call/3:776 log_ref=i0018 db_id=4 We're doomed - intention recorded to destroy all files
2026-09-12 00:05:23.390122+09:00 [info] <0.778.0>@leveled_inker:handle_call/3:780 log_ref=i0005 db_id=4 Inker closing journal for reason doom
2026-09-12 00:05:23.390218+09:00 [info] <0.778.0>@leveled_inker:handle_call/3:782 log_ref=i0006 db_id=4 Close triggered with journal_sqn=0 and manifest_sqn=2
2026-09-12 00:05:23.390335+09:00 [info] <0.778.0>@leveled_inker:shutdown_manifest/1:1036 log_ref=i0007 db_id=4 Inker manifest when closing is:
2026-09-12 00:05:23.390995+09:00 [warning] <0.811.0>@leveled_penciller:handle_call/3:1093 log_ref=p0030 db_id=4 We're doomed - intention recorded to destroy all files
2026-09-12 00:05:23.391104+09:00 [info] <0.812.0>@leveled_pclerk:terminate/2:178 log_ref=pc005 db_id=4 Penciller's Clerk <0.812.0> shutdown now complete for reason normal
2026-09-12 00:05:23.395588+09:00 [info] <0.763.0>@leveled_bookie:terminate/2:1803 log_ref=b0003 db_id=4 Bookie closing for reason normal
2026-09-12 00:05:23.395993+09:00 [info] <0.851.0>@aae_treecache:handle_cast/2:354 log_ref=c0004 Destroying tree cache for partition {548063113999088594326381812268606132370974703616,3}
2026-09-12 00:05:23.396074+09:00 [info] <0.843.0>@aae_treecache:handle_cast/2:354 log_ref=c0004 Destroying tree cache for partition {365375409332725729550921208179070754913983135744,3}
2026-09-12 00:05:23.395771+09:00 [info] <0.858.0>@aae_treecache:handle_cast/2:354 log_ref=c0004 Destroying tree cache for partition {730750818665451459101842416358141509827966271488,3}
2026-09-12 00:05:23.396260+09:00 [info] <0.736.0>@riak_core_vnode:finish_handoff/2:788 730750818665451459101842416358141509827966271488 riak_kv_vnode vnode finished handoff and deleted in 12 milliseconds
2026-09-12 00:05:24.877764+09:00 [info] <0.945.0>@riak_core_vnode:finish_handoff/2:788 548063113999088594326381812268606132370974703616 riak_pipe_vnode vnode finished handoff and deleted in 0 milliseconds
2026-09-12 00:05:26.236693+09:00 [info] <0.770.0>@leveled_monitor:handle_cast/2:494 log_ref=b0016 db_id=5 Get timing with sample_count=0 and head_time=0 body_time=0 with fetch_count=0 with sample_period=85 seconds
2026-09-12 00:05:30.150749+09:00 [info] <0.948.0>@riak_core_vnode:finish_handoff/2:788 730750818665451459101842416358141509827966271488 riak_pipe_vnode vnode finished handoff and deleted in 0 milliseconds
2026-09-12 00:05:30.412689+09:00 [info] <0.767.0>@leveled_monitor:handle_cast/2:494 log_ref=b0016 db_id=3 Get timing with sample_count=0 and head_time=0 body_time=0 with fetch_count=0 with sample_period=89 seconds
2026-09-12 00:05:34.859643+09:00 [info] <0.766.0>@leveled_monitor:handle_cast/2:580 log_ref=p0032 db_id=0 Fetch head timing with sample_count=0 and level timings of foundmem_time=0 found0_time=0 found1_time=0 found2_time=0 found3_time=0 foundlower_time=0 missed_time=0 with counts of foundmem_count=0 found0_count=0 found1_count=0 found2_count=0 found3_count=0 foundlower_count=0 missed_count=0 with sample_period=93 seconds
2026-09-12 00:05:47.953675+09:00 [info] <0.576.0>@riak_core_worker_pool:handle_info/3:257 worker_pool=af4_pool has qlen=0 and no items checked out
2026-09-12 00:05:49.023228+09:00 [info] <0.772.0>@leveled_monitor:handle_cast/2:494 log_ref=b0016 db_id=6 Get timing with sample_count=0 and head_time=0 body_time=0 with fetch_count=0 with sample_period=107 seconds
2026-09-12 00:05:49.575921+09:00 [info] <0.580.0>@riak_core_worker_pool:handle_info/3:257 worker_pool=be_pool has qlen=0 and no items checked out
2026-09-12 00:05:50.049736+09:00 [info] <0.560.0>@riak_core_worker_pool:handle_info/3:257 worker_pool=af1_pool has qlen=0 and no items checked out
2026-09-12 00:05:51.822090+09:00 [info] <0.565.0>@riak_core_worker_pool:handle_info/3:257 worker_pool=af2_pool has qlen=0 and no items checked out
2026-09-12 00:05:52.614859+09:00 [info] <0.384.0>@riak_kv_replrtq_src:handle_info/2:646 QueueName=q1_ttaaefs has queue sizes p1=0 p2=0 p3=0
2026-09-12 00:05:52.665688+09:00 [info] <0.387.0>@riak_kv_overflow_queue:log/5:129 riak_kv_reaper job_id=0 has attempts=0 aborts=0 Queue lengths queue_p2=0 queue_p1=0 Overflow lengths overflow_p2=0 overflow_p1=0 Discard counts discard_p2=0 discard_p1=0
2026-09-12 00:05:52.668679+09:00 [info] <0.388.0>@riak_kv_overflow_queue:log/5:129 riak_kv_eraser job_id=0 has attempts=0 aborts=0 Queue lengths queue_p2=0 queue_p1=0 Overflow lengths overflow_p2=0 overflow_p1=0 Discard counts discard_p2=0 discard_p1=0
2026-09-12 00:05:52.679851+09:00 [info] <0.389.0>@riak_kv_overflow_queue:log/5:129 riak_kv_reader job_id=0 has attempts=0 aborts=0 Queue lengths queue_p2=0 queue_p1=0 Overflow lengths overflow_p2=0 overflow_p1=0 Discard counts discard_p2=0 discard_p1=0
2026-09-12 00:05:52.890268+09:00 [info] <0.569.0>@riak_core_worker_pool:handle_info/3:257 worker_pool=af3_pool has qlen=0 and no items checked out
2026-09-12 00:05:53.342318+09:00 [warning] <0.765.0>@leveled_bookie:handle_call/3:1732 log_ref=b0011 db_id=3 Call to destroy the store and so all files to be removed
2026-09-12 00:05:53.342676+09:00 [warning] <0.780.0>@leveled_inker:handle_call/3:776 log_ref=i0018 db_id=3 We're doomed - intention recorded to destroy all files
2026-09-12 00:05:53.342768+09:00 [info] <0.780.0>@leveled_inker:handle_call/3:780 log_ref=i0005 db_id=3 Inker closing journal for reason doom
2026-09-12 00:05:53.342857+09:00 [info] <0.780.0>@leveled_inker:handle_call/3:782 log_ref=i0006 db_id=3 Close triggered with journal_sqn=0 and manifest_sqn=2
2026-09-12 00:05:53.342968+09:00 [info] <0.780.0>@leveled_inker:shutdown_manifest/1:1036 log_ref=i0007 db_id=3 Inker manifest when closing is:
2026-09-12 00:05:53.346700+09:00 [warning] <0.807.0>@leveled_penciller:handle_call/3:1093 log_ref=p0030 db_id=3 We're doomed - intention recorded to destroy all files
2026-09-12 00:05:53.346935+09:00 [info] <0.808.0>@leveled_pclerk:terminate/2:178 log_ref=pc005 db_id=3 Penciller's Clerk <0.808.0> shutdown now complete for reason normal
2026-09-12 00:05:53.352971+09:00 [info] <0.765.0>@leveled_bookie:terminate/2:1803 log_ref=b0003 db_id=3 Bookie closing for reason normal
2026-09-12 00:05:53.353469+09:00 [info] <0.856.0>@aae_treecache:handle_cast/2:354 log_ref=c0004 Destroying tree cache for partition {365375409332725729550921208179070754913983135744,3}
2026-09-12 00:05:53.353543+09:00 [info] <0.849.0>@aae_treecache:handle_cast/2:354 log_ref=c0004 Destroying tree cache for partition {182687704666362864775460604089535377456991567872,3}
2026-09-12 00:05:53.353742+09:00 [info] <0.735.0>@riak_core_vnode:finish_handoff/2:788 548063113999088594326381812268606132370974703616 riak_kv_vnode vnode finished handoff and deleted in 15 milliseconds
2026-09-12 00:05:53.353407+09:00 [info] <0.864.0>@aae_treecache:handle_cast/2:354 log_ref=c0004 Destroying tree cache for partition {548063113999088594326381812268606132370974703616,3}
2026-09-12 00:05:54.297424+09:00 [info] <0.954.0>@riak_core_vnode:finish_handoff/2:788 1096126227998177188652763624537212264741949407232 riak_pipe_vnode vnode finished handoff and deleted in 0 milliseconds
2026-09-12 00:05:56.237726+09:00 [info] <0.770.0>@leveled_monitor:handle_cast/2:580 log_ref=p0032 db_id=5 Fetch head timing with sample_count=0 and level timings of foundmem_time=0 found0_time=0 found1_time=0 found2_time=0 found3_time=0 foundlower_time=0 missed_time=0 with counts of foundmem_count=0 found0_count=0 found1_count=0 found2_count=0 found3_count=0 foundlower_count=0 missed_count=0 with sample_period=115 seconds
2026-09-12 00:05:57.574932+09:00 [warning] <0.758.0>@leveled_bookie:handle_call/3:1732 log_ref=b0011 db_id=0 Call to destroy the store and so all files to be removed
2026-09-12 00:05:57.575310+09:00 [warning] <0.775.0>@leveled_inker:handle_call/3:776 log_ref=i0018 db_id=0 We're doomed - intention recorded to destroy all files
2026-09-12 00:05:57.575387+09:00 [info] <0.775.0>@leveled_inker:handle_call/3:780 log_ref=i0005 db_id=0 Inker closing journal for reason doom
2026-09-12 00:05:57.575492+09:00 [info] <0.775.0>@leveled_inker:handle_call/3:782 log_ref=i0006 db_id=0 Close triggered with journal_sqn=0 and manifest_sqn=2
2026-09-12 00:05:57.575641+09:00 [info] <0.775.0>@leveled_inker:shutdown_manifest/1:1036 log_ref=i0007 db_id=0 Inker manifest when closing is:
2026-09-12 00:05:57.575991+09:00 [warning] <0.801.0>@leveled_penciller:handle_call/3:1093 log_ref=p0030 db_id=0 We're doomed - intention recorded to destroy all files
2026-09-12 00:05:57.576098+09:00 [info] <0.802.0>@leveled_pclerk:terminate/2:178 log_ref=pc005 db_id=0 Penciller's Clerk <0.802.0> shutdown now complete for reason normal
2026-09-12 00:05:57.578506+09:00 [info] <0.758.0>@leveled_bookie:terminate/2:1803 log_ref=b0003 db_id=0 Bookie closing for reason normal
2026-09-12 00:05:57.578672+09:00 [info] <0.852.0>@aae_treecache:handle_cast/2:354 log_ref=c0004 Destroying tree cache for partition {1278813932664540053428224228626747642198940975104,3}
2026-09-12 00:05:57.578640+09:00 [info] <0.860.0>@aae_treecache:handle_cast/2:354 log_ref=c0004 Destroying tree cache for partition {0,3}
2026-09-12 00:05:57.578715+09:00 [info] <0.844.0>@aae_treecache:handle_cast/2:354 log_ref=c0004 Destroying tree cache for partition {1096126227998177188652763624537212264741949407232,3}
2026-09-12 00:05:57.578831+09:00 [info] <0.732.0>@riak_core_vnode:finish_handoff/2:788 0 riak_kv_vnode vnode finished handoff and deleted in 10 milliseconds
2026-09-12 00:05:58.346737+09:00 [warning] <0.759.0>@leveled_bookie:handle_call/3:1732 log_ref=b0011 db_id=6 Call to destroy the store and so all files to be removed
2026-09-12 00:05:58.346874+09:00 [warning] <0.781.0>@leveled_inker:handle_call/3:776 log_ref=i0018 db_id=6 We're doomed - intention recorded to destroy all files
2026-09-12 00:05:58.346963+09:00 [info] <0.781.0>@leveled_inker:handle_call/3:780 log_ref=i0005 db_id=6 Inker closing journal for reason doom
2026-09-12 00:05:58.347053+09:00 [info] <0.781.0>@leveled_inker:handle_call/3:782 log_ref=i0006 db_id=6 Close triggered with journal_sqn=0 and manifest_sqn=2
2026-09-12 00:05:58.347177+09:00 [info] <0.781.0>@leveled_inker:shutdown_manifest/1:1036 log_ref=i0007 db_id=6 Inker manifest when closing is:
2026-09-12 00:05:58.347385+09:00 [warning] <0.813.0>@leveled_penciller:handle_call/3:1093 log_ref=p0030 db_id=6 We're doomed - intention recorded to destroy all files
2026-09-12 00:05:58.347486+09:00 [info] <0.814.0>@leveled_pclerk:terminate/2:178 log_ref=pc005 db_id=6 Penciller's Clerk <0.814.0> shutdown now complete for reason normal
2026-09-12 00:05:58.351950+09:00 [info] <0.759.0>@leveled_bookie:terminate/2:1803 log_ref=b0003 db_id=6 Bookie closing for reason normal
2026-09-12 00:05:58.352131+09:00 [info] <0.857.0>@aae_treecache:handle_cast/2:354 log_ref=c0004 Destroying tree cache for partition {1096126227998177188652763624537212264741949407232,3}
2026-09-12 00:05:58.352220+09:00 [info] <0.850.0>@aae_treecache:handle_cast/2:354 log_ref=c0004 Destroying tree cache for partition {913438523331814323877303020447676887284957839360,3}
2026-09-12 00:05:58.352294+09:00 [info] <0.842.0>@aae_treecache:handle_cast/2:354 log_ref=c0004 Destroying tree cache for partition {730750818665451459101842416358141509827966271488,3}
2026-09-12 00:05:58.352475+09:00 [info] <0.738.0>@riak_core_vnode:finish_handoff/2:788 1096126227998177188652763624537212264741949407232 riak_kv_vnode vnode finished handoff and deleted in 9 milliseconds
2026-09-12 00:06:02.449835+09:00 [info] <0.771.0>@leveled_monitor:handle_cast/2:534 log_ref=b0015 db_id=1 Put timing with sample_count=0 ink_time=0 prep_time=0 mem_time=0 with total_object_size=0 with sample_period=121 seconds
2026-09-12 00:06:22.615882+09:00 [info] <0.384.0>@riak_kv_replrtq_src:handle_info/2:646 QueueName=q1_ttaaefs has queue sizes p1=0 p2=0 p3=0
2026-09-12 00:06:26.238700+09:00 [info] <0.770.0>@leveled_monitor:handle_cast/2:551 log_ref=b0017 db_id=5 Snapshot timing with sample_count=0 and bookie_time=0 pcl_time=0 with sample_period=145 seconds
2026-09-12 00:06:32.451583+09:00 [info] <0.771.0>@leveled_monitor:handle_cast/2:551 log_ref=b0017 db_id=1 Snapshot timing with sample_count=0 and bookie_time=0 pcl_time=0 with sample_period=151 seconds
2026-09-12 00:06:36.195708+09:00 [info] <0.611.0>@riak_repl_app:prep_stop/1:336 Redirecting realtime replication traffic
2026-09-12 00:06:36.217579+09:00 [info] <0.82.0>@supervisor:report_progress/2:1582 Supervisor: {local,kernel_safe_sup}. Started: id=riak_repl2_rtq_proxy,pid=<0.4086.0>.
2026-09-12 00:06:36.218495+09:00 [info] <0.611.0>@riak_repl_app:prep_stop/1:339 Stopping application riak_repl - marked service down.
2026-09-12 00:06:36.231537+09:00 [info] <0.4087.0>@riak_repl_migration:init/0:33 Riak replication migration server started
2026-09-12 00:06:36.231652+09:00 [info] <0.611.0>@riak_repl_app:prep_stop/1:343 Started migration server
2026-09-12 00:06:36.231744+09:00 [info] <0.4087.0>@riak_repl_migration:handle_call/3:37 Realtime Repl queue migration sleeping
2026-09-12 00:06:36.333028+09:00 [info] <0.4087.0>@riak_repl_migration:handle_info/2:50 Queue empty, no replication queue migration required
2026-09-12 00:06:37.338223+09:00 [info] <0.611.0>@riak_repl_app:stop/1:139 Stopped application riak_repl
2026-09-12 00:06:37.373251+09:00 [info] <0.4086.0>@riak_repl2_rtq_proxy:handle_info/2:94 rtq proxy target 'openriak-kv@node-03.cluster-a.openriak' is down
2026-09-12 00:06:37.373647+09:00 [info] <0.356.0>@riak_kv_app:prep_stop/1:275 Stopping application riak_kv - marked service down.
2026-09-12 00:06:37.374641+09:00 [info] <0.356.0>@riak_kv_app:prep_stop/1:279 Unregistered pb services
2026-09-12 00:06:37.382243+09:00 [info] <0.356.0>@riak_kv_app:prep_stop/1:284 unregistered webmachine routes
2026-09-12 00:06:37.384592+09:00 [info] <0.356.0>@riak_kv_app:prep_stop/1:286 all active put FSMs completed
2026-09-12 00:06:37.385831+09:00 [info] <0.356.0>@riak_kv_app:stop/1:297 Stopped  application riak_kv.
2026-09-12 00:06:37.420096+09:00 [info] <0.774.0>@leveled_inker:handle_call/3:780 log_ref=i0005 db_id=5 Inker closing journal for reason close
2026-09-12 00:06:37.420386+09:00 [info] <0.774.0>@leveled_inker:handle_call/3:782 log_ref=i0006 db_id=5 Close triggered with journal_sqn=0 and manifest_sqn=2
2026-09-12 00:06:37.420813+09:00 [info] <0.774.0>@leveled_inker:shutdown_manifest/1:1036 log_ref=i0007 db_id=5 Inker manifest when closing is:
2026-09-12 00:06:37.421249+09:00 [info] <0.777.0>@leveled_inker:handle_call/3:780 log_ref=i0005 db_id=1 Inker closing journal for reason close
2026-09-12 00:06:37.421510+09:00 [info] <0.777.0>@leveled_inker:handle_call/3:782 log_ref=i0006 db_id=1 Close triggered with journal_sqn=5 and manifest_sqn=2
2026-09-12 00:06:37.422015+09:00 [info] <0.777.0>@leveled_inker:shutdown_manifest/1:1036 log_ref=i0007 db_id=1 Inker manifest when closing is:
2026-09-12 00:06:37.422520+09:00 [info] <0.800.0>@leveled_pclerk:terminate/2:178 log_ref=pc005 db_id=5 Penciller's Clerk <0.800.0> shutdown now complete for reason normal
2026-09-12 00:06:37.422999+09:00 [info] <0.799.0>@leveled_penciller:handle_call/3:1068 log_ref=p0008 db_id=5 Penciller closing for reason close
2026-09-12 00:06:37.423630+09:00 [info] <0.799.0>@leveled_penciller:handle_call/3:1084 log_ref=p0010 db_id=5 level zero discarded_count=0 on close of Penciller
2026-09-12 00:06:37.424337+09:00 [info] <0.810.0>@leveled_pclerk:terminate/2:178 log_ref=pc005 db_id=1 Penciller's Clerk <0.810.0> shutdown now complete for reason normal
2026-09-12 00:06:37.424723+09:00 [info] <0.809.0>@leveled_penciller:handle_call/3:1068 log_ref=p0008 db_id=1 Penciller closing for reason close
2026-09-12 00:06:37.425005+09:00 [info] <0.809.0>@leveled_penciller:handle_call/3:1084 log_ref=p0010 db_id=1 level zero discarded_count=0 on close of Penciller
2026-09-12 00:06:37.425535+09:00 [info] <0.761.0>@leveled_bookie:terminate/2:1803 log_ref=b0003 db_id=1 Bookie closing for reason normal
2026-09-12 00:06:37.426921+09:00 [info] <0.762.0>@leveled_bookie:terminate/2:1803 log_ref=b0003 db_id=5 Bookie closing for reason normal
2026-09-12 00:06:37.448513+09:00 [info] <0.4086.0>@riak_repl2_rtq_proxy:handle_info/2:94 rtq proxy target 'openriak-kv@node-05.cluster-a.openriak' is down
2026-09-12 00:06:37.508768+09:00 [info] <0.4086.0>@riak_repl2_rtq_proxy:handle_info/2:94 rtq proxy target 'openriak-kv@node-04.cluster-a.openriak' is down
2026-09-12 00:06:37.586294+09:00 [info] <0.861.0>@aae_treecache:save_to_disk/3:403 log_ref=c0003 Saving tree cache to path /var/lib/riak/tictac_aae/913438523331814323877303020447676887284957839360/aaetree/913438523331814323877303020447676887284957839360_3/ and filename 1.pnd
2026-09-12 00:06:37.587163+09:00 [info] <0.862.0>@aae_treecache:save_to_disk/3:403 log_ref=c0003 Saving tree cache to path /var/lib/riak/tictac_aae/182687704666362864775460604089535377456991567872/aaetree/182687704666362864775460604089535377456991567872_3/ and filename 1.pnd
2026-09-12 00:06:37.711150+09:00 [info] <0.853.0>@aae_treecache:save_to_disk/3:403 log_ref=c0003 Saving tree cache to path /var/lib/riak/tictac_aae/913438523331814323877303020447676887284957839360/aaetree/730750818665451459101842416358141509827966271488_3/ and filename 1.pnd
2026-09-12 00:06:37.769514+09:00 [info] <0.854.0>@aae_treecache:save_to_disk/3:403 log_ref=c0003 Saving tree cache to path /var/lib/riak/tictac_aae/182687704666362864775460604089535377456991567872/aaetree/0_3/ and filename 1.pnd
2026-09-12 00:06:37.853562+09:00 [info] <0.845.0>@aae_treecache:save_to_disk/3:403 log_ref=c0003 Saving tree cache to path /var/lib/riak/tictac_aae/913438523331814323877303020447676887284957839360/aaetree/548063113999088594326381812268606132370974703616_3/ and filename 1.pnd
2026-09-12 00:06:37.855492+09:00 [info] <0.846.0>@aae_treecache:save_to_disk/3:403 log_ref=c0003 Saving tree cache to path /var/lib/riak/tictac_aae/182687704666362864775460604089535377456991567872/aaetree/1278813932664540053428224228626747642198940975104_3/ and filename 1.pnd
2026-09-12 00:06:37.859204+09:00 [info] <0.211.0>@riak_core_app:stop/1:118 Stopped  application riak_core.
2026-09-12 00:06:37.867219+09:00 [notice] <0.143.0>@: alarm_handler: {clear,system_memory_high_watermark}
