2026-09-11 18:00:39.653622+09:00 [info] <0.44.0>@application_controller:info_started/2:2107 Application: kernel. Started at: 'openriak-kv@node-04.cluster-a.openriak'.
2026-09-11 18:00:39.707159+09:00 [info] <0.44.0>@application_controller:info_started/2:2107 Application: stdlib. Started at: 'openriak-kv@node-04.cluster-a.openriak'.
2026-09-11 18:00:39.710685+09:00 [info] <0.44.0>@application_controller:info_started/2:2107 Application: asn1. Started at: 'openriak-kv@node-04.cluster-a.openriak'.
2026-09-11 18:00:39.712875+09:00 [info] <0.44.0>@application_controller:info_started/2:2107 Application: crypto. Started at: 'openriak-kv@node-04.cluster-a.openriak'.
2026-09-11 18:00:39.714719+09:00 [info] <0.44.0>@application_controller:info_started/2:2107 Application: public_key. Started at: 'openriak-kv@node-04.cluster-a.openriak'.
2026-09-11 18:00:39.740854+09:00 [info] <0.75.0>@supervisor:report_progress/2:1568 Supervisor: {local,logger_sup}. Started: id=ssl_handler,pid=<0.93.0>.
2026-09-11 18:00:39.784672+09:00 [info] <0.96.0>@supervisor:report_progress/2:1568 Supervisor: {local,ssl_admin_sup}. Started: id=ssl_pem_cache,pid=<0.97.0>.
2026-09-11 18:00:39.831265+09:00 [info] <0.96.0>@supervisor:report_progress/2:1568 Supervisor: {local,ssl_admin_sup}. Started: id=ssl_manager,pid=<0.98.0>.
2026-09-11 18:00:39.846019+09:00 [info] <0.96.0>@supervisor:report_progress/2:1568 Supervisor: {local,ssl_admin_sup}. Started: id=tls_client_ticket_store,pid=<0.99.0>.
2026-09-11 18:00:39.850142+09:00 [info] <0.95.0>@supervisor:report_progress/2:1568 Supervisor: {local,ssl_sup}. Started: id=ssl_admin_sup,pid=<0.96.0>.
2026-09-11 18:00:40.002496+09:00 [info] <0.101.0>@supervisor:report_progress/2:1568 Supervisor: {local,tls_sup}. Started: id=tls_connection_sup,pid=<0.102.0>.
2026-09-11 18:00:40.088980+09:00 [info] <0.103.0>@supervisor:report_progress/2:1568 Supervisor: {local,tls_server_sup}. Started: id=ssl_listen_tracker_sup,pid=<0.104.0>.
2026-09-11 18:00:40.133272+09:00 [info] <0.103.0>@supervisor:report_progress/2:1568 Supervisor: {local,tls_server_sup}. Started: id=tls_server_session_ticket,pid=<0.105.0>.
2026-09-11 18:00:40.165116+09:00 [info] <0.103.0>@supervisor:report_progress/2:1568 Supervisor: {local,tls_server_sup}. Started: id=ssl_server_session_cache_sup,pid=<0.106.0>.
2026-09-11 18:00:40.194561+09:00 [info] <0.103.0>@supervisor:report_progress/2:1568 Supervisor: {local,tls_server_sup}. Started: id=ssl_upgrade_server_session_cache_sup,pid=<0.107.0>.
2026-09-11 18:00:40.197311+09:00 [info] <0.101.0>@supervisor:report_progress/2:1568 Supervisor: {local,tls_sup}. Started: id=tls_server_sup,pid=<0.103.0>.
2026-09-11 18:00:40.199724+09:00 [info] <0.100.0>@supervisor:report_progress/2:1568 Supervisor: {local,ssl_connection_sup}. Started: id=tls_sup,pid=<0.101.0>.
2026-09-11 18:00:40.217718+09:00 [info] <0.108.0>@supervisor:report_progress/2:1568 Supervisor: {local,dtls_sup}. Started: id=dtls_connection_sup,pid=<0.109.0>.
2026-09-11 18:00:40.239455+09:00 [info] <0.110.0>@supervisor:report_progress/2:1568 Supervisor: {local,dtls_server_sup}. Started: id=dtls_listener_sup,pid=<0.111.0>.
2026-09-11 18:00:40.253345+09:00 [info] <0.110.0>@supervisor:report_progress/2:1568 Supervisor: {local,dtls_server_sup}. Started: id=dtls_server_session_cache_sup,pid=<0.112.0>.
2026-09-11 18:00:40.255853+09:00 [info] <0.108.0>@supervisor:report_progress/2:1568 Supervisor: {local,dtls_sup}. Started: id=dtls_server_sup,pid=<0.110.0>.
2026-09-11 18:00:40.258292+09:00 [info] <0.100.0>@supervisor:report_progress/2:1568 Supervisor: {local,ssl_connection_sup}. Started: id=dtls_sup,pid=<0.108.0>.
2026-09-11 18:00:40.261320+09:00 [info] <0.95.0>@supervisor:report_progress/2:1568 Supervisor: {local,ssl_sup}. Started: id=ssl_connection_sup,pid=<0.100.0>.
2026-09-11 18:00:40.264807+09:00 [info] <0.44.0>@application_controller:info_started/2:2107 Application: ssl. Started at: 'openriak-kv@node-04.cluster-a.openriak'.
2026-09-11 18:00:40.267954+09:00 [info] <0.44.0>@application_controller:info_started/2:2107 Application: hut. Started at: 'openriak-kv@node-04.cluster-a.openriak'.
2026-09-11 18:00:40.294649+09:00 [info] <0.117.0>@supervisor:report_progress/2:1568 Supervisor: {local,setup_sup}. Started: id=setup_srv,pid=<0.118.0>.
2026-09-11 18:00:40.338418+09:00 [notice] <0.118.0>@: Setup running ...
2026-09-11 18:00:40.363793+09:00 [notice] <0.118.0>@: Directories verified. Res = ok
2026-09-11 18:00:40.384486+09:00 [notice] <0.118.0>@: Setup finished processing hooks (Mode=normal)...
2026-09-11 18:00:40.387488+09:00 [info] <0.44.0>@application_controller:info_started/2:2107 Application: setup. Started at: 'openriak-kv@node-04.cluster-a.openriak'.
2026-09-11 18:00:40.389375+09:00 [info] <0.44.0>@application_controller:info_started/2:2107 Application: syntax_tools. Started at: 'openriak-kv@node-04.cluster-a.openriak'.
2026-09-11 18:00:40.390954+09:00 [info] <0.44.0>@application_controller:info_started/2:2107 Application: compiler. Started at: 'openriak-kv@node-04.cluster-a.openriak'.
2026-09-11 18:00:40.392748+09:00 [info] <0.44.0>@application_controller:info_started/2:2107 Application: parse_trans. Started at: 'openriak-kv@node-04.cluster-a.openriak'.
2026-09-11 18:00:40.451617+09:00 [info] <0.125.0>@supervisor:report_progress/2:1568 Supervisor: {local,exometer_core_sup}. Started: id=exometer_admin,pid=<0.126.0>.
2026-09-11 18:00:40.466842+09:00 [info] <0.125.0>@supervisor:report_progress/2:1568 Supervisor: {local,exometer_core_sup}. Started: id=exometer_cache,pid=<0.127.0>.
2026-09-11 18:00:40.508687+09:00 [info] <0.125.0>@supervisor:report_progress/2:1568 Supervisor: {local,exometer_core_sup}. Started: id=exometer_report,pid=<0.128.0>.
2026-09-11 18:00:40.522118+09:00 [info] <0.125.0>@supervisor:report_progress/2:1568 Supervisor: {local,exometer_core_sup}. Started: id=exometer_report_logger_sup,pid=<0.129.0>.
2026-09-11 18:00:40.544845+09:00 [info] <0.125.0>@supervisor:report_progress/2:1568 Supervisor: {local,exometer_core_sup}. Started: id=exometer_alias,pid=<0.130.0>.
2026-09-11 18:00:40.550285+09:00 [info] <0.128.0>@exometer_report:do_start_reporters/1:695 Starting reporters with []
2026-09-11 18:00:40.554679+09:00 [info] <0.44.0>@application_controller:info_started/2:2107 Application: exometer_core. Started at: 'openriak-kv@node-04.cluster-a.openriak'.
2026-09-11 18:00:40.587047+09:00 [info] <0.135.0>@supervisor:report_progress/2:1568 Supervisor: {local,sasl_safe_sup}. Started: id=alarm_handler,pid=<0.136.0>.
2026-09-11 18:00:40.590831+09:00 [info] <0.134.0>@supervisor:report_progress/2:1568 Supervisor: {local,sasl_sup}. Started: id=sasl_safe_sup,pid=<0.135.0>.
2026-09-11 18:00:41.195145+09:00 [info] <0.134.0>@supervisor:report_progress/2:1568 Supervisor: {local,sasl_sup}. Started: id=release_handler,pid=<0.137.0>.
2026-09-11 18:00:41.199681+09:00 [info] <0.44.0>@application_controller:info_started/2:2107 Application: sasl. Started at: 'openriak-kv@node-04.cluster-a.openriak'.
2026-09-11 18:00:41.225988+09:00 [info] <0.142.0>@supervisor:report_progress/2:1568 Supervisor: {local,riak_sysmon_sup}. Started: id=riak_sysmon_filter,pid=<0.143.0>.
2026-09-11 18:00:41.227240+09:00 [info] <0.142.0>@supervisor:report_progress/2:1568 Supervisor: {local,riak_sysmon_sup}. Started: id=riak_sysmon_mgr,pid=<0.144.0>.
2026-09-11 18:00:41.228745+09:00 [info] <0.44.0>@application_controller:info_started/2:2107 Application: riak_sysmon. Started at: 'openriak-kv@node-04.cluster-a.openriak'.
2026-09-11 18:00:41.282195+09:00 [info] <0.148.0>@supervisor:report_progress/2:1568 Supervisor: {local,os_mon_sup}. Started: id=disksup,pid=<0.149.0>.
2026-09-11 18:00:41.406953+09:00 [info] <0.148.0>@supervisor:report_progress/2:1568 Supervisor: {local,os_mon_sup}. Started: id=memsup,pid=<0.150.0>.
2026-09-11 18:00:41.444435+09:00 [info] <0.148.0>@supervisor:report_progress/2:1568 Supervisor: {local,os_mon_sup}. Started: id=cpu_sup,pid=<0.152.0>.
2026-09-11 18:00:41.448008+09:00 [info] <0.44.0>@application_controller:info_started/2:2107 Application: os_mon. Started at: 'openriak-kv@node-04.cluster-a.openriak'.
2026-09-11 18:00:41.452801+09:00 [info] <0.44.0>@application_controller:info_started/2:2107 Application: observer. Started at: 'openriak-kv@node-04.cluster-a.openriak'.
2026-09-11 18:00:41.706540+09:00 [info] <0.159.0>@supervisor:report_progress/2:1568 Supervisor: {local,runtime_tools_sup}. Started: id=ttb_autostart,pid=<0.160.0>.
2026-09-11 18:00:41.709816+09:00 [info] <0.44.0>@application_controller:info_started/2:2107 Application: runtime_tools. Started at: 'openriak-kv@node-04.cluster-a.openriak'.
2026-09-11 18:00:41.725614+09:00 [info] <0.44.0>@application_controller:info_started/2:2107 Application: xmerl. Started at: 'openriak-kv@node-04.cluster-a.openriak'.
2026-09-11 18:00:42.046822+09:00 [info] <0.167.0>@supervisor:report_progress/2:1568 Supervisor: {local,httpc_profile_sup}. Started: id=httpc_manager,pid=<0.168.0>.
2026-09-11 18:00:42.049077+09:00 [info] <0.166.0>@supervisor:report_progress/2:1568 Supervisor: {local,httpc_sup}. Started: id=httpc_profile_sup,pid=<0.167.0>.
2026-09-11 18:00:42.062936+09:00 [info] <0.166.0>@supervisor:report_progress/2:1568 Supervisor: {local,httpc_sup}. Started: id=httpc_handler_sup,pid=<0.169.0>.
2026-09-11 18:00:42.065681+09:00 [info] <0.165.0>@supervisor:report_progress/2:1568 Supervisor: {local,inets_sup}. Started: id=httpc_sup,pid=<0.166.0>.
2026-09-11 18:00:42.081684+09:00 [info] <0.165.0>@supervisor:report_progress/2:1568 Supervisor: {local,inets_sup}. Started: id=httpd_sup,pid=<0.170.0>.
2026-09-11 18:00:42.084044+09:00 [info] <0.44.0>@application_controller:info_started/2:2107 Application: inets. Started at: 'openriak-kv@node-04.cluster-a.openriak'.
2026-09-11 18:00:42.087472+09:00 [info] <0.44.0>@application_controller:info_started/2:2107 Application: mochiweb. Started at: 'openriak-kv@node-04.cluster-a.openriak'.
2026-09-11 18:00:42.149717+09:00 [info] <0.175.0>@supervisor:report_progress/2:1568 Supervisor: {local,webmachine_sup}. Started: id=webmachine_logger,pid=<0.176.0>.
2026-09-11 18:00:42.169751+09:00 [info] <0.175.0>@supervisor:report_progress/2:1568 Supervisor: {local,webmachine_sup}. Started: id=webmachine_logger_watcher_sup,pid=<0.177.0>.
2026-09-11 18:00:42.185963+09:00 [info] <0.175.0>@supervisor:report_progress/2:1568 Supervisor: {local,webmachine_sup}. Started: id=webmachine_router,pid=<0.178.0>.
2026-09-11 18:00:42.188734+09:00 [info] <0.44.0>@application_controller:info_started/2:2107 Application: webmachine. Started at: 'openriak-kv@node-04.cluster-a.openriak'.
2026-09-11 18:00:42.192794+09:00 [info] <0.44.0>@application_controller:info_started/2:2107 Application: basho_stats. Started at: 'openriak-kv@node-04.cluster-a.openriak'.
2026-09-11 18:00:42.252842+09:00 [info] <0.183.0>@supervisor:report_progress/2:1568 Supervisor: {local,bitcask_sup}. Started: id=bitcask_merge_worker,pid=<0.184.0>.
2026-09-11 18:00:42.270897+09:00 [info] <0.183.0>@supervisor:report_progress/2:1568 Supervisor: {local,bitcask_sup}. Started: id=bitcask_merge_delete,pid=<0.185.0>.
2026-09-11 18:00:42.274423+09:00 [info] <0.44.0>@application_controller:info_started/2:2107 Application: bitcask. Started at: 'openriak-kv@node-04.cluster-a.openriak'.
2026-09-11 18:00:42.278319+09:00 [info] <0.44.0>@application_controller:info_started/2:2107 Application: getopt. Started at: 'openriak-kv@node-04.cluster-a.openriak'.
2026-09-11 18:00:42.281715+09:00 [info] <0.44.0>@application_controller:info_started/2:2107 Application: cuttlefish. Started at: 'openriak-kv@node-04.cluster-a.openriak'.
2026-09-11 18:00:42.554281+09:00 [info] <0.191.0>@supervisor:report_progress/2:1568 Supervisor: {local,clique_sup}. Started: id=clique_manager,pid=<0.192.0>.
2026-09-11 18:00:42.558932+09:00 [info] <0.44.0>@application_controller:info_started/2:2107 Application: clique. Started at: 'openriak-kv@node-04.cluster-a.openriak'.
2026-09-11 18:00:42.564534+09:00 [info] <0.44.0>@application_controller:info_started/2:2107 Application: eleveldb. Started at: 'openriak-kv@node-04.cluster-a.openriak'.
2026-09-11 18:00:42.569027+09:00 [info] <0.44.0>@application_controller:info_started/2:2107 Application: pbkdf2. Started at: 'openriak-kv@node-04.cluster-a.openriak'.
2026-09-11 18:00:42.573447+09:00 [info] <0.44.0>@application_controller:info_started/2:2107 Application: poolboy. Started at: 'openriak-kv@node-04.cluster-a.openriak'.
2026-09-11 18:00:42.633434+09:00 [info] <0.44.0>@application_controller:info_started/2:2107 Application: cluster_info. Started at: 'openriak-kv@node-04.cluster-a.openriak'.
2026-09-11 18:00:42.929696+09:00 [info] <0.203.0>@supervisor:report_progress/2:1568 Supervisor: {local,riak_core_sup}. Started: id=riak_core_bg_manager,pid=<0.204.0>.
2026-09-11 18:00:42.972358+09:00 [info] <0.203.0>@supervisor:report_progress/2:1568 Supervisor: {local,riak_core_sup}. Started: id=riak_core_sysmon_minder,pid=<0.205.0>.
2026-09-11 18:00:42.987567+09:00 [info] <0.203.0>@supervisor:report_progress/2:1568 Supervisor: {local,riak_core_sup}. Started: id=riak_core_vnode_sup,pid=<0.206.0>.
2026-09-11 18:00:43.006760+09:00 [info] <0.203.0>@supervisor:report_progress/2:1568 Supervisor: {local,riak_core_sup}. Started: id=riak_core_eventhandler_sup,pid=<0.207.0>.
2026-09-11 18:00:43.030655+09:00 [info] <0.203.0>@supervisor:report_progress/2:1568 Supervisor: {local,riak_core_sup}. Started: id=riak_core_dist_mon,pid=<0.208.0>.
2026-09-11 18:00:43.046292+09:00 [info] <0.209.0>@supervisor:report_progress/2:1568 Supervisor: {local,riak_core_handoff_sup}. Started: id=riak_core_handoff_receiver_sup,pid=<0.210.0>.
2026-09-11 18:00:43.054718+09:00 [info] <0.209.0>@supervisor:report_progress/2:1568 Supervisor: {local,riak_core_handoff_sup}. Started: id=riak_core_handoff_sender_sup,pid=<0.211.0>.
2026-09-11 18:00:43.138723+09:00 [info] <0.212.0>@supervisor:report_progress/2:1568 Supervisor: {local,riak_core_handoff_listener_sup}. Started: id=riak_core_handoff_listener,pid=<0.213.0>.
2026-09-11 18:00:43.140235+09:00 [info] <0.209.0>@supervisor:report_progress/2:1568 Supervisor: {local,riak_core_handoff_sup}. Started: id=riak_core_handoff_listener_sup,pid=<0.212.0>.
2026-09-11 18:00:43.182633+09:00 [info] <0.209.0>@supervisor:report_progress/2:1568 Supervisor: {local,riak_core_handoff_sup}. Started: id=riak_core_handoff_manager,pid=<0.215.0>.
2026-09-11 18:00:43.185713+09:00 [info] <0.203.0>@supervisor:report_progress/2:1568 Supervisor: {local,riak_core_sup}. Started: id=riak_core_handoff_sup,pid=<0.209.0>.
2026-09-11 18:00:43.207904+09:00 [info] <0.203.0>@supervisor:report_progress/2:1568 Supervisor: {local,riak_core_sup}. Started: id=riak_core_ring_events,pid=<0.216.0>.
2026-09-11 18:00:45.880158+09:00 [warning] <0.217.0>@riak_core_ring_manager:reload_ring/1:388 No ring file available.
2026-09-11 18:00:46.422611+09:00 [info] <0.203.0>@supervisor:report_progress/2:1568 Supervisor: {local,riak_core_sup}. Started: id=riak_core_ring_manager,pid=<0.217.0>.
2026-09-11 18:00:46.753586+09:00 [info] <0.74.0>@supervisor:report_progress/2:1568 Supervisor: {local,kernel_safe_sup}. Started: id=dets_sup,pid=<0.225.0>.
2026-09-11 18:00:46.760938+09:00 [info] <0.74.0>@supervisor:report_progress/2:1568 Supervisor: {local,kernel_safe_sup}. Started: id=dets,pid=<0.226.0>.
2026-09-11 18:00:47.043921+09:00 [info] <0.203.0>@supervisor:report_progress/2:1568 Supervisor: {local,riak_core_sup}. Started: id=riak_core_metadata_manager,pid=<0.224.0>.
2026-09-11 18:00:48.722622+09:00 [info] <0.203.0>@supervisor:report_progress/2:1568 Supervisor: {local,riak_core_sup}. Started: id=riak_core_metadata_hashtree,pid=<0.229.0>.
2026-09-11 18:00:48.771744+09:00 [info] <0.203.0>@supervisor:report_progress/2:1568 Supervisor: {local,riak_core_sup}. Started: id=riak_core_broadcast,pid=<0.235.0>.
2026-09-11 18:00:48.801130+09:00 [info] <0.203.0>@supervisor:report_progress/2:1568 Supervisor: {local,riak_core_sup}. Started: id=riak_core_vnode_proxy_sup,pid=<0.236.0>.
2026-09-11 18:00:48.828185+09:00 [info] <0.203.0>@supervisor:report_progress/2:1568 Supervisor: {local,riak_core_sup}. Started: id=riak_core_node_watcher_events,pid=<0.237.0>.
2026-09-11 18:00:48.874875+09:00 [info] <0.203.0>@supervisor:report_progress/2:1568 Supervisor: {local,riak_core_sup}. Started: id=riak_core_node_watcher,pid=<0.238.0>.
2026-09-11 18:00:48.979907+09:00 [info] <0.203.0>@supervisor:report_progress/2:1568 Supervisor: {local,riak_core_sup}. Started: id=riak_core_vnode_manager,pid=<0.239.0>.
2026-09-11 18:00:49.025174+09:00 [info] <0.203.0>@supervisor:report_progress/2:1568 Supervisor: {local,riak_core_sup}. Started: id=riak_core_capability,pid=<0.240.0>.
2026-09-11 18:00:49.027829+09:00 [info] <0.203.0>@supervisor:report_progress/2:1568 Supervisor: {local,riak_core_sup}. Started: id=riak_core_gossip,pid=<0.241.0>.
2026-09-11 18:00:49.099014+09:00 [info] <0.203.0>@supervisor:report_progress/2:1568 Supervisor: {local,riak_core_sup}. Started: id=riak_core_claimant,pid=<0.242.0>.
2026-09-11 18:00:49.140177+09:00 [info] <0.203.0>@supervisor:report_progress/2:1568 Supervisor: {local,riak_core_sup}. Started: id=riak_core_table_owner,pid=<0.243.0>.
2026-09-11 18:00:49.200547+09:00 [info] <0.245.0>@supervisor:report_progress/2:1568 Supervisor: {local,riak_core_stats_sup}. Started: id=riak_core_stat_cache,pid=<0.246.0>.
2026-09-11 18:00:49.202913+09:00 [info] <0.244.0>@supervisor:report_progress/2:1568 Supervisor: {local,riak_core_stat_sup}. Started: id=riak_core_stats_sup,pid=<0.245.0>.
2026-09-11 18:00:49.208031+09:00 [info] <0.203.0>@supervisor:report_progress/2:1568 Supervisor: {local,riak_core_sup}. Started: id=riak_core_stat_sup,pid=<0.244.0>.
2026-09-11 18:00:49.230362+09:00 [info] <0.203.0>@supervisor:report_progress/2:1568 Supervisor: {local,riak_core_sup}. Started: id=riak_core_node_worker_pool_sup,pid=<0.247.0>.
2026-09-11 18:00:49.619996+09:00 [info] <0.245.0>@supervisor:report_progress/2:1568 Supervisor: {local,riak_core_stats_sup}. Started: id=riak_core_stat,pid=<0.248.0>.
2026-09-11 18:00:49.712350+09:00 [info] <0.207.0>@supervisor:report_progress/2:1568 Supervisor: {local,riak_core_eventhandler_sup}. Started: id={riak_core_ring_events,riak_core_ring_handler},pid=<0.272.0>.
2026-09-11 18:00:49.718138+09:00 [info] <0.240.0>@riak_core_capability:process_capability_changes/2:557 New capability: {riak_core,vnode_routing} = proxy
2026-09-11 18:00:49.741194+09:00 [info] <0.240.0>@riak_core_capability:process_capability_changes/2:557 New capability: {riak_core,staged_joins} = true
2026-09-11 18:00:49.767510+09:00 [info] <0.240.0>@riak_core_capability:process_capability_changes/2:557 New capability: {riak_core,resizable_ring} = true
2026-09-11 18:00:49.790742+09:00 [info] <0.240.0>@riak_core_capability:process_capability_changes/2:557 New capability: {riak_core,fold_req_version} = v2
2026-09-11 18:00:49.813357+09:00 [info] <0.240.0>@riak_core_capability:process_capability_changes/2:557 New capability: {riak_core,security} = true
2026-09-11 18:00:49.834541+09:00 [info] <0.240.0>@riak_core_capability:process_capability_changes/2:557 New capability: {riak_core,bucket_types} = true
2026-09-11 18:00:49.862329+09:00 [info] <0.240.0>@riak_core_capability:process_capability_changes/2:557 New capability: {riak_core,net_ticktime} = true
2026-09-11 18:00:54.502435+09:00 [info] <0.44.0>@application_controller:info_started/2:2107 Application: riak_core. Started at: 'openriak-kv@node-04.cluster-a.openriak'.
2026-09-11 18:00:54.572800+09:00 [info] <0.240.0>@riak_core_capability:process_capability_changes/2:557 New capability: {riak_pipe,trace_format} = ordsets
2026-09-11 18:00:54.617343+09:00 [info] <0.280.0>@supervisor:report_progress/2:1568 Supervisor: {local,riak_pipe_sup}. Started: id=riak_pipe_vnode_master,pid=<0.281.0>.
2026-09-11 18:00:54.652491+09:00 [info] <0.280.0>@supervisor:report_progress/2:1568 Supervisor: {local,riak_pipe_sup}. Started: id=riak_pipe_builder_sup,pid=<0.282.0>.
2026-09-11 18:00:54.710932+09:00 [info] <0.280.0>@supervisor:report_progress/2:1568 Supervisor: {local,riak_pipe_sup}. Started: id=riak_pipe_fitting_sup,pid=<0.284.0>.
2026-09-11 18:00:54.737307+09:00 [info] <0.280.0>@supervisor:report_progress/2:1568 Supervisor: {local,riak_pipe_sup}. Started: id=riak_pipe_qcover_sup,pid=<0.285.0>.
2026-09-11 18:00:54.774557+09:00 [info] <0.236.0>@supervisor:report_progress/2:1568 Supervisor: {local,riak_core_vnode_proxy_sup}. Started: id={riak_pipe_vnode,0},pid=<0.286.0>.
2026-09-11 18:00:54.781047+09:00 [info] <0.236.0>@supervisor:report_progress/2:1568 Supervisor: {local,riak_core_vnode_proxy_sup}. Started: id={riak_pipe_vnode,182687704666362864775460604089535377456991567872},pid=<0.287.0>.
2026-09-11 18:00:54.785165+09:00 [info] <0.236.0>@supervisor:report_progress/2:1568 Supervisor: {local,riak_core_vnode_proxy_sup}. Started: id={riak_pipe_vnode,365375409332725729550921208179070754913983135744},pid=<0.288.0>.
2026-09-11 18:00:54.789429+09:00 [info] <0.236.0>@supervisor:report_progress/2:1568 Supervisor: {local,riak_core_vnode_proxy_sup}. Started: id={riak_pipe_vnode,548063113999088594326381812268606132370974703616},pid=<0.289.0>.
2026-09-11 18:00:54.793179+09:00 [info] <0.236.0>@supervisor:report_progress/2:1568 Supervisor: {local,riak_core_vnode_proxy_sup}. Started: id={riak_pipe_vnode,730750818665451459101842416358141509827966271488},pid=<0.290.0>.
2026-09-11 18:00:54.810452+09:00 [info] <0.236.0>@supervisor:report_progress/2:1568 Supervisor: {local,riak_core_vnode_proxy_sup}. Started: id={riak_pipe_vnode,913438523331814323877303020447676887284957839360},pid=<0.291.0>.
2026-09-11 18:00:54.823137+09:00 [info] <0.236.0>@supervisor:report_progress/2:1568 Supervisor: {local,riak_core_vnode_proxy_sup}. Started: id={riak_pipe_vnode,1096126227998177188652763624537212264741949407232},pid=<0.292.0>.
2026-09-11 18:00:54.831015+09:00 [info] <0.236.0>@supervisor:report_progress/2:1568 Supervisor: {local,riak_core_vnode_proxy_sup}. Started: id={riak_pipe_vnode,1278813932664540053428224228626747642198940975104},pid=<0.293.0>.
2026-09-11 18:00:54.902379+09:00 [info] <0.245.0>@supervisor:report_progress/2:1568 Supervisor: {local,riak_core_stats_sup}. Started: id=riak_pipe_stat,pid=<0.294.0>.
2026-09-11 18:00:54.933294+09:00 [info] <0.44.0>@application_controller:info_started/2:2107 Application: riak_pipe. Started at: 'openriak-kv@node-04.cluster-a.openriak'.
2026-09-11 18:00:54.935345+09:00 [info] <0.44.0>@application_controller:info_started/2:2107 Application: tools. Started at: 'openriak-kv@node-04.cluster-a.openriak'.
2026-09-11 18:00:54.937791+09:00 [info] <0.44.0>@application_controller:info_started/2:2107 Application: riak_pb. Started at: 'openriak-kv@node-04.cluster-a.openriak'.
2026-09-11 18:00:55.263879+09:00 [info] <0.302.0>@supervisor:report_progress/2:1568 Supervisor: {local,riak_api_sup}. Started: id=riak_api_pb_registration_helper,pid=<0.303.0>.
2026-09-11 18:00:55.347464+09:00 [info] <0.302.0>@supervisor:report_progress/2:1568 Supervisor: {local,riak_api_sup}. Started: id=riak_api_pb_registrar,pid=<0.304.0>.
2026-09-11 18:00:55.371964+09:00 [info] <0.302.0>@supervisor:report_progress/2:1568 Supervisor: {local,riak_api_sup}. Started: id=riak_api_pb_sup,pid=<0.305.0>.
2026-09-11 18:00:55.377164+09:00 [info] <0.302.0>@supervisor:report_progress/2:1568 Supervisor: {local,riak_api_sup}. Started: id=[112,98,58,47,47,34,48,46,48,46,48,46,48,34,58,56,48,56,55],pid=<0.306.0>.
2026-09-11 18:00:55.591260+09:00 [info] <0.302.0>@supervisor:report_progress/2:1568 Supervisor: {local,riak_api_sup}. Started: id=[104,116,116,112,58,47,47,48,46,48,46,48,46,48,58,56,48,57,56],pid=<0.308.0>.
2026-09-11 18:00:55.624886+09:00 [info] <0.245.0>@supervisor:report_progress/2:1568 Supervisor: {local,riak_core_stats_sup}. Started: id=riak_api_stat,pid=<0.325.0>.
2026-09-11 18:00:55.678480+09:00 [info] <0.44.0>@application_controller:info_started/2:2107 Application: riak_api. Started at: 'openriak-kv@node-04.cluster-a.openriak'.
2026-09-11 18:00:55.731962+09:00 [info] <0.44.0>@application_controller:info_started/2:2107 Application: sidejob. Started at: 'openriak-kv@node-04.cluster-a.openriak'.
2026-09-11 18:00:55.736394+09:00 [info] <0.44.0>@application_controller:info_started/2:2107 Application: riak_dt. Started at: 'openriak-kv@node-04.cluster-a.openriak'.
2026-09-11 18:00:55.739850+09:00 [info] <0.44.0>@application_controller:info_started/2:2107 Application: sext. Started at: 'openriak-kv@node-04.cluster-a.openriak'.
2026-09-11 18:00:55.744296+09:00 [info] <0.44.0>@application_controller:info_started/2:2107 Application: lz4. Started at: 'openriak-kv@node-04.cluster-a.openriak'.
2026-09-11 18:00:55.749668+09:00 [info] <0.44.0>@application_controller:info_started/2:2107 Application: zstd. Started at: 'openriak-kv@node-04.cluster-a.openriak'.
2026-09-11 18:00:55.755519+09:00 [info] <0.44.0>@application_controller:info_started/2:2107 Application: leveled. Started at: 'openriak-kv@node-04.cluster-a.openriak'.
2026-09-11 18:00:55.762231+09:00 [info] <0.44.0>@application_controller:info_started/2:2107 Application: kv_index_tictactree. Started at: 'openriak-kv@node-04.cluster-a.openriak'.
2026-09-11 18:00:55.766076+09:00 [info] <0.44.0>@application_controller:info_started/2:2107 Application: hyper. Started at: 'openriak-kv@node-04.cluster-a.openriak'.
2026-09-11 18:00:55.770357+09:00 [info] <0.44.0>@application_controller:info_started/2:2107 Application: redbug. Started at: 'openriak-kv@node-04.cluster-a.openriak'.
2026-09-11 18:00:55.773664+09:00 [info] <0.44.0>@application_controller:info_started/2:2107 Application: recon. Started at: 'openriak-kv@node-04.cluster-a.openriak'.
2026-09-11 18:00:55.778272+09:00 [info] <0.44.0>@application_controller:info_started/2:2107 Application: riakc. Started at: 'openriak-kv@node-04.cluster-a.openriak'.
2026-09-11 18:00:55.854762+09:00 [info] <0.344.0>@supervisor:report_progress/2:1568 Supervisor: {local,ibrowse_sup}. Started: id=ibrowse,pid=<0.345.0>.
2026-09-11 18:00:55.856279+09:00 [info] <0.44.0>@application_controller:info_started/2:2107 Application: ibrowse. Started at: 'openriak-kv@node-04.cluster-a.openriak'.
2026-09-11 18:00:55.858036+09:00 [info] <0.44.0>@application_controller:info_started/2:2107 Application: rhc. Started at: 'openriak-kv@node-04.cluster-a.openriak'.
2026-09-11 18:00:56.229274+09:00 [info] <0.353.0>@supervisor:report_progress/2:1568 Supervisor: {local,riak_kv_put_fsm_sj_worker_sup}. Started: id=riak_kv_put_fsm_sj_1,pid=<0.354.0>.
2026-09-11 18:00:56.234565+09:00 [info] <0.353.0>@supervisor:report_progress/2:1568 Supervisor: {local,riak_kv_put_fsm_sj_worker_sup}. Started: id=riak_kv_put_fsm_sj_2,pid=<0.355.0>.
2026-09-11 18:00:56.239651+09:00 [info] <0.353.0>@supervisor:report_progress/2:1568 Supervisor: {local,riak_kv_put_fsm_sj_worker_sup}. Started: id=riak_kv_put_fsm_sj_3,pid=<0.356.0>.
2026-09-11 18:00:56.244465+09:00 [info] <0.353.0>@supervisor:report_progress/2:1568 Supervisor: {local,riak_kv_put_fsm_sj_worker_sup}. Started: id=riak_kv_put_fsm_sj_4,pid=<0.357.0>.
2026-09-11 18:00:56.248862+09:00 [info] <0.353.0>@supervisor:report_progress/2:1568 Supervisor: {local,riak_kv_put_fsm_sj_worker_sup}. Started: id=riak_kv_put_fsm_sj_5,pid=<0.358.0>.
2026-09-11 18:00:56.252797+09:00 [info] <0.353.0>@supervisor:report_progress/2:1568 Supervisor: {local,riak_kv_put_fsm_sj_worker_sup}. Started: id=riak_kv_put_fsm_sj_6,pid=<0.359.0>.
2026-09-11 18:00:56.256811+09:00 [info] <0.353.0>@supervisor:report_progress/2:1568 Supervisor: {local,riak_kv_put_fsm_sj_worker_sup}. Started: id=riak_kv_put_fsm_sj_7,pid=<0.360.0>.
2026-09-11 18:00:56.261853+09:00 [info] <0.353.0>@supervisor:report_progress/2:1568 Supervisor: {local,riak_kv_put_fsm_sj_worker_sup}. Started: id=riak_kv_put_fsm_sj_8,pid=<0.361.0>.
2026-09-11 18:00:56.265681+09:00 [info] <0.352.0>@supervisor:report_progress/2:1568 Supervisor: {local,riak_kv_put_fsm_sj}. Started: id=sidejob_worker_sup,pid=<0.353.0>.
2026-09-11 18:00:56.269242+09:00 [info] <0.352.0>@supervisor:report_progress/2:1568 Supervisor: {local,riak_kv_put_fsm_sj}. Started: id=riak_kv_put_fsm_sj_stats,pid=<0.362.0>.
2026-09-11 18:00:56.271978+09:00 [info] <0.330.0>@supervisor:report_progress/2:1568 Supervisor: {local,sidejob_sup}. Started: id=riak_kv_put_fsm_sj,pid=<0.352.0>.
2026-09-11 18:00:56.360520+09:00 [info] <0.365.0>@supervisor:report_progress/2:1568 Supervisor: {local,riak_kv_get_fsm_sj_worker_sup}. Started: id=riak_kv_get_fsm_sj_1,pid=<0.366.0>.
2026-09-11 18:00:56.363751+09:00 [info] <0.365.0>@supervisor:report_progress/2:1568 Supervisor: {local,riak_kv_get_fsm_sj_worker_sup}. Started: id=riak_kv_get_fsm_sj_2,pid=<0.367.0>.
2026-09-11 18:00:56.367000+09:00 [info] <0.365.0>@supervisor:report_progress/2:1568 Supervisor: {local,riak_kv_get_fsm_sj_worker_sup}. Started: id=riak_kv_get_fsm_sj_3,pid=<0.368.0>.
2026-09-11 18:00:56.371492+09:00 [info] <0.365.0>@supervisor:report_progress/2:1568 Supervisor: {local,riak_kv_get_fsm_sj_worker_sup}. Started: id=riak_kv_get_fsm_sj_4,pid=<0.369.0>.
2026-09-11 18:00:56.375032+09:00 [info] <0.365.0>@supervisor:report_progress/2:1568 Supervisor: {local,riak_kv_get_fsm_sj_worker_sup}. Started: id=riak_kv_get_fsm_sj_5,pid=<0.370.0>.
2026-09-11 18:00:56.378180+09:00 [info] <0.365.0>@supervisor:report_progress/2:1568 Supervisor: {local,riak_kv_get_fsm_sj_worker_sup}. Started: id=riak_kv_get_fsm_sj_6,pid=<0.371.0>.
2026-09-11 18:00:56.381699+09:00 [info] <0.365.0>@supervisor:report_progress/2:1568 Supervisor: {local,riak_kv_get_fsm_sj_worker_sup}. Started: id=riak_kv_get_fsm_sj_7,pid=<0.372.0>.
2026-09-11 18:00:56.385147+09:00 [info] <0.365.0>@supervisor:report_progress/2:1568 Supervisor: {local,riak_kv_get_fsm_sj_worker_sup}. Started: id=riak_kv_get_fsm_sj_8,pid=<0.373.0>.
2026-09-11 18:00:56.386875+09:00 [info] <0.364.0>@supervisor:report_progress/2:1568 Supervisor: {local,riak_kv_get_fsm_sj}. Started: id=sidejob_worker_sup,pid=<0.365.0>.
2026-09-11 18:00:56.389394+09:00 [info] <0.364.0>@supervisor:report_progress/2:1568 Supervisor: {local,riak_kv_get_fsm_sj}. Started: id=riak_kv_get_fsm_sj_stats,pid=<0.374.0>.
2026-09-11 18:00:56.391145+09:00 [info] <0.330.0>@supervisor:report_progress/2:1568 Supervisor: {local,sidejob_sup}. Started: id=riak_kv_get_fsm_sj,pid=<0.364.0>.
2026-09-11 18:00:56.558098+09:00 [info] <0.377.0>@supervisor:report_progress/2:1568 Supervisor: {local,riak_kv_stat_sj_worker_sup}. Started: id=riak_kv_stat_sj_1,pid=<0.378.0>.
2026-09-11 18:00:56.566711+09:00 [info] <0.377.0>@supervisor:report_progress/2:1568 Supervisor: {local,riak_kv_stat_sj_worker_sup}. Started: id=riak_kv_stat_sj_2,pid=<0.379.0>.
2026-09-11 18:00:56.584467+09:00 [info] <0.377.0>@supervisor:report_progress/2:1568 Supervisor: {local,riak_kv_stat_sj_worker_sup}. Started: id=riak_kv_stat_sj_3,pid=<0.380.0>.
2026-09-11 18:00:56.589886+09:00 [info] <0.377.0>@supervisor:report_progress/2:1568 Supervisor: {local,riak_kv_stat_sj_worker_sup}. Started: id=riak_kv_stat_sj_4,pid=<0.381.0>.
2026-09-11 18:00:56.593614+09:00 [info] <0.377.0>@supervisor:report_progress/2:1568 Supervisor: {local,riak_kv_stat_sj_worker_sup}. Started: id=riak_kv_stat_sj_5,pid=<0.382.0>.
2026-09-11 18:00:56.596975+09:00 [info] <0.377.0>@supervisor:report_progress/2:1568 Supervisor: {local,riak_kv_stat_sj_worker_sup}. Started: id=riak_kv_stat_sj_6,pid=<0.383.0>.
2026-09-11 18:00:56.606470+09:00 [info] <0.377.0>@supervisor:report_progress/2:1568 Supervisor: {local,riak_kv_stat_sj_worker_sup}. Started: id=riak_kv_stat_sj_7,pid=<0.384.0>.
2026-09-11 18:00:56.617928+09:00 [info] <0.377.0>@supervisor:report_progress/2:1568 Supervisor: {local,riak_kv_stat_sj_worker_sup}. Started: id=riak_kv_stat_sj_8,pid=<0.385.0>.
2026-09-11 18:00:56.624845+09:00 [info] <0.376.0>@supervisor:report_progress/2:1568 Supervisor: {local,riak_kv_stat_sj}. Started: id=sidejob_worker_sup,pid=<0.377.0>.
2026-09-11 18:00:56.628722+09:00 [info] <0.376.0>@supervisor:report_progress/2:1568 Supervisor: {local,riak_kv_stat_sj}. Started: id=riak_kv_stat_sj_stats,pid=<0.386.0>.
2026-09-11 18:00:56.638897+09:00 [info] <0.330.0>@supervisor:report_progress/2:1568 Supervisor: {local,sidejob_sup}. Started: id=riak_kv_stat_sj,pid=<0.376.0>.
2026-09-11 18:00:56.769123+09:00 [info] <0.350.0>@riak_kv_env:doc_env/0:47 Environment and OS variables:
2026-09-11 18:00:58.989326+09:00 [info] <0.239.0>@riak_core_vnode_manager:update_never_started/4:1026 Update never started for Mod riak_pipe_vnode with count 8 to be added to 0
2026-09-11 18:00:58.990740+09:00 [info] <0.409.0>@riak_core_vnode_manager:get_vnode/3:733 Will start VNode for partition 0 riak_pipe_vnode
2026-09-11 18:00:59.289342+09:00 [info] <0.409.0>@riak_core_vnode_manager:get_vnode/3:743 VNode initialization ready <0.410.0> 0 riak_pipe_vnode
2026-09-11 18:00:59.294017+09:00 [info] <0.412.0>@riak_core_vnode_manager:get_vnode/3:733 Will start VNode for partition 182687704666362864775460604089535377456991567872 riak_pipe_vnode
2026-09-11 18:00:59.305177+09:00 [info] <0.412.0>@riak_core_vnode_manager:get_vnode/3:743 VNode initialization ready <0.413.0> 182687704666362864775460604089535377456991567872 riak_pipe_vnode
2026-09-11 18:00:59.312054+09:00 [info] <0.415.0>@riak_core_vnode_manager:get_vnode/3:733 Will start VNode for partition 365375409332725729550921208179070754913983135744 riak_pipe_vnode
2026-09-11 18:00:59.321056+09:00 [info] <0.415.0>@riak_core_vnode_manager:get_vnode/3:743 VNode initialization ready <0.416.0> 365375409332725729550921208179070754913983135744 riak_pipe_vnode
2026-09-11 18:00:59.323041+09:00 [info] <0.418.0>@riak_core_vnode_manager:get_vnode/3:733 Will start VNode for partition 548063113999088594326381812268606132370974703616 riak_pipe_vnode
2026-09-11 18:00:59.330492+09:00 [info] <0.418.0>@riak_core_vnode_manager:get_vnode/3:743 VNode initialization ready <0.419.0> 548063113999088594326381812268606132370974703616 riak_pipe_vnode
2026-09-11 18:00:59.338116+09:00 [info] <0.421.0>@riak_core_vnode_manager:get_vnode/3:733 Will start VNode for partition 730750818665451459101842416358141509827966271488 riak_pipe_vnode
2026-09-11 18:00:59.350461+09:00 [info] <0.421.0>@riak_core_vnode_manager:get_vnode/3:743 VNode initialization ready <0.422.0> 730750818665451459101842416358141509827966271488 riak_pipe_vnode
2026-09-11 18:00:59.362858+09:00 [info] <0.424.0>@riak_core_vnode_manager:get_vnode/3:733 Will start VNode for partition 913438523331814323877303020447676887284957839360 riak_pipe_vnode
2026-09-11 18:00:59.373542+09:00 [info] <0.424.0>@riak_core_vnode_manager:get_vnode/3:743 VNode initialization ready <0.426.0> 913438523331814323877303020447676887284957839360 riak_pipe_vnode
2026-09-11 18:00:59.386241+09:00 [info] <0.428.0>@riak_core_vnode_manager:get_vnode/3:733 Will start VNode for partition 1096126227998177188652763624537212264741949407232 riak_pipe_vnode
2026-09-11 18:00:59.392333+09:00 [info] <0.428.0>@riak_core_vnode_manager:get_vnode/3:743 VNode initialization ready <0.429.0> 1096126227998177188652763624537212264741949407232 riak_pipe_vnode
2026-09-11 18:00:59.395898+09:00 [info] <0.431.0>@riak_core_vnode_manager:get_vnode/3:733 Will start VNode for partition 1278813932664540053428224228626747642198940975104 riak_pipe_vnode
2026-09-11 18:00:59.401742+09:00 [info] <0.431.0>@riak_core_vnode_manager:get_vnode/3:743 VNode initialization ready <0.432.0> 1278813932664540053428224228626747642198940975104 riak_pipe_vnode
2026-09-11 18:01:04.049969+09:00 [info] <0.240.0>@riak_core_capability:process_capability_changes/2:557 New capability: {riak_kv,object_hash_version} = 0
2026-09-11 18:01:04.075577+09:00 [info] <0.240.0>@riak_core_capability:process_capability_changes/2:557 New capability: {riak_kv,anti_entropy} = enabled_v1
2026-09-11 18:01:04.129131+09:00 [info] <0.468.0>@riak_core_throttle:enable_throttle/2:121 Enabling throttle for riak_kv/aae_throttle.
2026-09-11 18:01:04.130596+09:00 [info] <0.467.0>@supervisor:report_progress/2:1568 Supervisor: {local,riak_kv_sup}. Started: id=riak_kv_entropy_manager,pid=<0.468.0>.
2026-09-11 18:01:04.277407+09:00 [info] <0.467.0>@supervisor:report_progress/2:1568 Supervisor: {local,riak_kv_sup}. Started: id=riak_kv_ttaaefs_manager,pid=<0.469.0>.
2026-09-11 18:01:04.395676+09:00 [info] <0.467.0>@supervisor:report_progress/2:1568 Supervisor: {local,riak_kv_sup}. Started: id=riak_kv_replrtq_src,pid=<0.470.0>.
2026-09-11 18:01:04.657732+09:00 [info] <0.467.0>@supervisor:report_progress/2:1568 Supervisor: {local,riak_kv_sup}. Started: id=riak_kv_replrtq_snk,pid=<0.471.0>.
2026-09-11 18:01:04.749904+09:00 [info] <0.467.0>@supervisor:report_progress/2:1568 Supervisor: {local,riak_kv_sup}. Started: id=riak_kv_replrtq_peer,pid=<0.472.0>.
2026-09-11 18:01:04.879164+09:00 [info] <0.467.0>@supervisor:report_progress/2:1568 Supervisor: {local,riak_kv_sup}. Started: id=riak_kv_reaper,pid=<0.473.0>.
2026-09-11 18:01:05.139187+09:00 [info] <0.467.0>@supervisor:report_progress/2:1568 Supervisor: {local,riak_kv_sup}. Started: id=riak_kv_eraser,pid=<0.474.0>.
2026-09-11 18:01:05.314232+09:00 [info] <0.467.0>@supervisor:report_progress/2:1568 Supervisor: {local,riak_kv_sup}. Started: id=riak_kv_reader,pid=<0.475.0>.
2026-09-11 18:01:05.498399+09:00 [info] <0.467.0>@supervisor:report_progress/2:1568 Supervisor: {local,riak_kv_sup}. Started: id=riak_kv_token_manager,pid=<0.492.0>.
2026-09-11 18:01:05.510274+09:00 [info] <0.467.0>@supervisor:report_progress/2:1568 Supervisor: {local,riak_kv_sup}. Started: id=riak_kv_vnode_master,pid=<0.493.0>.
2026-09-11 18:01:05.513852+09:00 [info] <0.493.0>@riak_core:wait_for_service/2:498 Waiting for service riak_kv to start (0 seconds)
2026-09-11 18:01:05.619528+09:00 [info] <0.494.0>@supervisor:report_progress/2:1568 Supervisor: {local,riak_kv_w1c_sup}. Started: id=riak_kv_w1c_worker00,pid=<0.495.0>.
2026-09-11 18:01:05.622419+09:00 [info] <0.494.0>@supervisor:report_progress/2:1568 Supervisor: {local,riak_kv_w1c_sup}. Started: id=riak_kv_w1c_worker01,pid=<0.496.0>.
2026-09-11 18:01:05.625012+09:00 [info] <0.494.0>@supervisor:report_progress/2:1568 Supervisor: {local,riak_kv_w1c_sup}. Started: id=riak_kv_w1c_worker02,pid=<0.497.0>.
2026-09-11 18:01:05.627324+09:00 [info] <0.494.0>@supervisor:report_progress/2:1568 Supervisor: {local,riak_kv_w1c_sup}. Started: id=riak_kv_w1c_worker03,pid=<0.498.0>.
2026-09-11 18:01:05.629657+09:00 [info] <0.494.0>@supervisor:report_progress/2:1568 Supervisor: {local,riak_kv_w1c_sup}. Started: id=riak_kv_w1c_worker04,pid=<0.499.0>.
2026-09-11 18:01:05.631863+09:00 [info] <0.494.0>@supervisor:report_progress/2:1568 Supervisor: {local,riak_kv_w1c_sup}. Started: id=riak_kv_w1c_worker05,pid=<0.500.0>.
2026-09-11 18:01:05.634183+09:00 [info] <0.494.0>@supervisor:report_progress/2:1568 Supervisor: {local,riak_kv_w1c_sup}. Started: id=riak_kv_w1c_worker06,pid=<0.501.0>.
2026-09-11 18:01:05.636522+09:00 [info] <0.494.0>@supervisor:report_progress/2:1568 Supervisor: {local,riak_kv_w1c_sup}. Started: id=riak_kv_w1c_worker07,pid=<0.502.0>.
2026-09-11 18:01:05.639437+09:00 [info] <0.467.0>@supervisor:report_progress/2:1568 Supervisor: {local,riak_kv_sup}. Started: id=riak_kv_w1c_sup,pid=<0.494.0>.
2026-09-11 18:01:05.662748+09:00 [info] <0.467.0>@supervisor:report_progress/2:1568 Supervisor: {local,riak_kv_sup}. Started: id=riak_kv_delete_sup,pid=<0.503.0>.
2026-09-11 18:01:05.689937+09:00 [info] <0.467.0>@supervisor:report_progress/2:1568 Supervisor: {local,riak_kv_sup}. Started: id=riak_kv_mrc_sink_sup,pid=<0.504.0>.
2026-09-11 18:01:05.726028+09:00 [info] <0.467.0>@supervisor:report_progress/2:1568 Supervisor: {local,riak_kv_sup}. Started: id=riak_kv_buckets_fsm_sup,pid=<0.505.0>.
2026-09-11 18:01:05.764427+09:00 [info] <0.467.0>@supervisor:report_progress/2:1568 Supervisor: {local,riak_kv_sup}. Started: id=riak_kv_keys_fsm_sup,pid=<0.506.0>.
2026-09-11 18:01:05.792361+09:00 [info] <0.467.0>@supervisor:report_progress/2:1568 Supervisor: {local,riak_kv_sup}. Started: id=riak_kv_index_fsm_sup,pid=<0.507.0>.
2026-09-11 18:01:05.824400+09:00 [info] <0.467.0>@supervisor:report_progress/2:1568 Supervisor: {local,riak_kv_sup}. Started: id=riak_kv_query_sup,pid=<0.508.0>.
2026-09-11 18:01:05.860202+09:00 [info] <0.467.0>@supervisor:report_progress/2:1568 Supervisor: {local,riak_kv_sup}. Started: id=riak_kv_clusteraae_fsm_sup,pid=<0.509.0>.
2026-09-11 18:01:05.889563+09:00 [info] <0.467.0>@supervisor:report_progress/2:1568 Supervisor: {local,riak_kv_sup}. Started: id=riak_kv_hotbackup_fsm_sup,pid=<0.510.0>.
2026-09-11 18:01:05.914506+09:00 [info] <0.467.0>@supervisor:report_progress/2:1568 Supervisor: {local,riak_kv_sup}. Started: id=riak_kv_http_cache,pid=<0.511.0>.
2026-09-11 18:01:05.918419+09:00 [info] <0.240.0>@riak_core_capability:process_capability_changes/2:557 New capability: {riak_kv,vnode_vclocks} = true
2026-09-11 18:01:06.031062+09:00 [info] <0.240.0>@riak_core_capability:process_capability_changes/2:557 New capability: {riak_kv,legacy_keylisting} = false
2026-09-11 18:01:06.059277+09:00 [info] <0.240.0>@riak_core_capability:process_capability_changes/2:557 New capability: {riak_kv,listkeys_backpressure} = true
2026-09-11 18:01:06.084611+09:00 [info] <0.240.0>@riak_core_capability:process_capability_changes/2:557 New capability: {riak_kv,index_backpressure} = true
2026-09-11 18:01:06.154735+09:00 [info] <0.240.0>@riak_core_capability:process_capability_changes/2:557 New capability: {riak_kv,mapred_system} = pipe
2026-09-11 18:01:06.197621+09:00 [info] <0.240.0>@riak_core_capability:process_capability_changes/2:557 New capability: {riak_kv,mapred_2i_pipe} = true
2026-09-11 18:01:06.221485+09:00 [info] <0.240.0>@riak_core_capability:process_capability_changes/2:557 New capability: {riak_kv,handoff_data_encoding} = encode_raw
2026-09-11 18:01:06.259644+09:00 [info] <0.240.0>@riak_core_capability:process_capability_changes/2:557 New capability: {riak_kv,object_format} = v1
2026-09-11 18:01:06.287216+09:00 [info] <0.240.0>@riak_core_capability:process_capability_changes/2:557 New capability: {riak_kv,secondary_index_version} = v3
2026-09-11 18:01:06.317272+09:00 [info] <0.240.0>@riak_core_capability:process_capability_changes/2:557 New capability: {riak_kv,vclock_data_encoding} = encode_zlib
2026-09-11 18:01:06.348177+09:00 [info] <0.240.0>@riak_core_capability:process_capability_changes/2:557 New capability: {riak_kv,crdt} = [pncounter,riak_dt_pncounter,riak_dt_orswot,riak_dt_map,riak_kv_hll,riak_dt_gset]
2026-09-11 18:01:06.403156+09:00 [info] <0.240.0>@riak_core_capability:process_capability_changes/2:557 New capability: {riak_kv,crdt_epoch_versions} = [{riak_dt_map,2},{riak_dt_orswot,2},{riak_dt_pncounter,2},{riak_kv_hll,1},{riak_dt_gset,2}]
2026-09-11 18:01:06.435357+09:00 [info] <0.240.0>@riak_core_capability:process_capability_changes/2:557 New capability: {riak_kv,put_fsm_ack_execute} = enabled
2026-09-11 18:01:06.483285+09:00 [info] <0.240.0>@riak_core_capability:process_capability_changes/2:557 New capability: {riak_kv,get_request_type} = head
2026-09-11 18:01:06.541685+09:00 [info] <0.240.0>@riak_core_capability:process_capability_changes/2:557 New capability: {riak_kv,put_soft_limit} = true
2026-09-11 18:01:06.587886+09:00 [info] <0.240.0>@riak_core_capability:process_capability_changes/2:557 New capability: {riak_kv,tictacaae_prompted_repairs} = true
2026-09-11 18:01:06.614496+09:00 [info] <0.236.0>@supervisor:report_progress/2:1568 Supervisor: {local,riak_core_vnode_proxy_sup}. Started: id={riak_kv_vnode,0},pid=<0.514.0>.
2026-09-11 18:01:06.618010+09:00 [info] <0.236.0>@supervisor:report_progress/2:1568 Supervisor: {local,riak_core_vnode_proxy_sup}. Started: id={riak_kv_vnode,182687704666362864775460604089535377456991567872},pid=<0.515.0>.
2026-09-11 18:01:06.624274+09:00 [info] <0.236.0>@supervisor:report_progress/2:1568 Supervisor: {local,riak_core_vnode_proxy_sup}. Started: id={riak_kv_vnode,365375409332725729550921208179070754913983135744},pid=<0.516.0>.
2026-09-11 18:01:06.632071+09:00 [info] <0.236.0>@supervisor:report_progress/2:1568 Supervisor: {local,riak_core_vnode_proxy_sup}. Started: id={riak_kv_vnode,548063113999088594326381812268606132370974703616},pid=<0.517.0>.
2026-09-11 18:01:06.640255+09:00 [info] <0.236.0>@supervisor:report_progress/2:1568 Supervisor: {local,riak_core_vnode_proxy_sup}. Started: id={riak_kv_vnode,730750818665451459101842416358141509827966271488},pid=<0.518.0>.
2026-09-11 18:01:06.648303+09:00 [info] <0.236.0>@supervisor:report_progress/2:1568 Supervisor: {local,riak_core_vnode_proxy_sup}. Started: id={riak_kv_vnode,913438523331814323877303020447676887284957839360},pid=<0.519.0>.
2026-09-11 18:01:06.655883+09:00 [info] <0.236.0>@supervisor:report_progress/2:1568 Supervisor: {local,riak_core_vnode_proxy_sup}. Started: id={riak_kv_vnode,1096126227998177188652763624537212264741949407232},pid=<0.520.0>.
2026-09-11 18:01:06.663919+09:00 [info] <0.236.0>@supervisor:report_progress/2:1568 Supervisor: {local,riak_core_vnode_proxy_sup}. Started: id={riak_kv_vnode,1278813932664540053428224228626747642198940975104},pid=<0.521.0>.
2026-09-11 18:01:07.422701+09:00 [info] <0.245.0>@supervisor:report_progress/2:1568 Supervisor: {local,riak_core_stats_sup}. Started: id=riak_kv_stat,pid=<0.522.0>.
2026-09-11 18:01:08.038609+09:00 [info] <0.247.0>@riak_core_node_worker_pool:start_link/5:85 Registered worker pool of type af1_pool and size 2
2026-09-11 18:01:08.039768+09:00 [info] <0.247.0>@supervisor:report_progress/2:1568 Supervisor: {local,riak_core_node_worker_pool_sup}. Started: id=af1_pool,pid=<0.680.0>.
2026-09-11 18:01:08.042855+09:00 [info] <0.247.0>@riak_core_node_worker_pool:start_link/5:85 Registered worker pool of type af2_pool and size 1
2026-09-11 18:01:08.043725+09:00 [info] <0.247.0>@supervisor:report_progress/2:1568 Supervisor: {local,riak_core_node_worker_pool_sup}. Started: id=af2_pool,pid=<0.685.0>.
2026-09-11 18:01:08.045475+09:00 [info] <0.247.0>@riak_core_node_worker_pool:start_link/5:85 Registered worker pool of type af3_pool and size 4
2026-09-11 18:01:08.048602+09:00 [info] <0.247.0>@supervisor:report_progress/2:1568 Supervisor: {local,riak_core_node_worker_pool_sup}. Started: id=af3_pool,pid=<0.689.0>.
2026-09-11 18:01:08.052558+09:00 [info] <0.247.0>@riak_core_node_worker_pool:start_link/5:85 Registered worker pool of type af4_pool and size 1
2026-09-11 18:01:08.054729+09:00 [info] <0.247.0>@supervisor:report_progress/2:1568 Supervisor: {local,riak_core_node_worker_pool_sup}. Started: id=af4_pool,pid=<0.696.0>.
2026-09-11 18:01:08.058294+09:00 [info] <0.247.0>@riak_core_node_worker_pool:start_link/5:85 Registered worker pool of type be_pool and size 1
2026-09-11 18:01:08.059884+09:00 [info] <0.247.0>@supervisor:report_progress/2:1568 Supervisor: {local,riak_core_node_worker_pool_sup}. Started: id=be_pool,pid=<0.700.0>.
2026-09-11 18:01:08.301587+09:00 [info] <0.44.0>@application_controller:info_started/2:2107 Application: riak_kv. Started at: 'openriak-kv@node-04.cluster-a.openriak'.
2026-09-11 18:01:08.303863+09:00 [info] <0.44.0>@application_controller:info_started/2:2107 Application: ebloom. Started at: 'openriak-kv@node-04.cluster-a.openriak'.
2026-09-11 18:01:08.308501+09:00 [info] <0.44.0>@application_controller:info_started/2:2107 Application: bear. Started at: 'openriak-kv@node-04.cluster-a.openriak'.
2026-09-11 18:01:08.391326+09:00 [info] <0.712.0>@supervisor:report_progress/2:1568 Supervisor: {local,folsom_sup}. Started: id=folsom_sample_slide_sup,pid=<0.713.0>.
2026-09-11 18:01:08.421278+09:00 [info] <0.712.0>@supervisor:report_progress/2:1568 Supervisor: {local,folsom_sup}. Started: id=folsom_meter_timer_server,pid=<0.714.0>.
2026-09-11 18:01:08.463908+09:00 [info] <0.712.0>@supervisor:report_progress/2:1568 Supervisor: {local,folsom_sup}. Started: id=folsom_metrics_histogram_ets,pid=<0.715.0>.
2026-09-11 18:01:08.799766+09:00 [info] <0.712.0>@supervisor:report_progress/2:1568 Supervisor: {local,folsom_sup}. Started: id=folsom_metrics_spiral,pid=<0.717.0>.
2026-09-11 18:01:08.847973+09:00 [info] <0.712.0>@supervisor:report_progress/2:1568 Supervisor: {local,folsom_sup}. Started: id=folsom_metrics_history,pid=<0.718.0>.
2026-09-11 18:01:08.883610+09:00 [info] <0.712.0>@supervisor:report_progress/2:1568 Supervisor: {local,folsom_sup}. Started: id=folsom_metrics_histogram,pid=<0.719.0>.
2026-09-11 18:01:08.925905+09:00 [info] <0.712.0>@supervisor:report_progress/2:1568 Supervisor: {local,folsom_sup}. Started: id=folsom_metrics_duration,pid=<0.720.0>.
2026-09-11 18:01:08.958549+09:00 [info] <0.712.0>@supervisor:report_progress/2:1568 Supervisor: {local,folsom_sup}. Started: id=folsom_metrics_counter,pid=<0.721.0>.
2026-09-11 18:01:09.021101+09:00 [info] <0.712.0>@supervisor:report_progress/2:1568 Supervisor: {local,folsom_sup}. Started: id=folsom_metrics_gauge,pid=<0.722.0>.
2026-09-11 18:01:09.055676+09:00 [info] <0.712.0>@supervisor:report_progress/2:1568 Supervisor: {local,folsom_sup}. Started: id=folsom_metrics_meter,pid=<0.723.0>.
2026-09-11 18:01:09.094419+09:00 [info] <0.712.0>@supervisor:report_progress/2:1568 Supervisor: {local,folsom_sup}. Started: id=folsom_metrics_meter_reader,pid=<0.724.0>.
2026-09-11 18:01:09.098497+09:00 [info] <0.44.0>@application_controller:info_started/2:2107 Application: folsom. Started at: 'openriak-kv@node-04.cluster-a.openriak'.
2026-09-11 18:01:09.205053+09:00 [info] <0.728.0>@supervisor:report_progress/2:1568 Supervisor: {local,ranch_sup}. Started: id=ranch_server,pid=<0.729.0>.
2026-09-11 18:01:09.207768+09:00 [info] <0.44.0>@application_controller:info_started/2:2107 Application: ranch. Started at: 'openriak-kv@node-04.cluster-a.openriak'.
2026-09-11 18:01:09.254289+09:00 [info] <0.732.0>@riak_core:wait_for_service/2:498 Waiting for service riak_kv to start (0 seconds)
2026-09-11 18:01:10.629426+09:00 [info] <0.239.0>@riak_core_vnode_manager:update_never_started/4:1026 Update never started for Mod riak_kv_vnode with count 8 to be added to 0
2026-09-11 18:01:10.637440+09:00 [info] <0.752.0>@riak_core_vnode_manager:get_vnode/3:733 Will start VNode for partition 0 riak_kv_vnode
2026-09-11 18:01:11.288030+09:00 [info] <0.760.0>@leveled_inker:open_all_manifest/2:1269 log_ref=i0011 db_id=0 Manifest is empty, starting from manifest SQN 1
2026-09-11 18:01:12.384332+09:00 [info] <0.780.0>@leveled_cdb:starting/3:479 log_ref=cdb01 db_id=0 Opening file for writing with filename /var/lib/riak/leveled/0/journal/journal_files/0_ec4f0bbb-fba2-4d06-80d0-0b63c6a2c459.pnd
2026-09-11 18:01:12.393638+09:00 [info] <0.760.0>@leveled_inker:build_manifest/3:1238 log_ref=i0009 db_id=0 Updated manifest on startup:
2026-09-11 18:01:12.404478+09:00 [info] <0.760.0>@leveled_imanifest:writer/3:187 log_ref=i0016 db_id=0 Writing new version of manifest for manifestSQN=2
2026-09-11 18:01:12.513000+09:00 [info] <0.781.0>@leveled_pclerk:clerk_new/3:78 log_ref=pc001 db_id=0 Penciller's clerk <0.782.0> started with owner <0.781.0>
2026-09-11 18:01:12.603475+09:00 [info] <0.781.0>@leveled_pmanifest:open_manifestfile/2:1180 log_ref=p0013 db_id=0 Seqence number of 0 indicates no valid manifest
2026-09-11 18:01:12.677496+09:00 [info] <0.781.0>@leveled_penciller:start_from_file/1:1508 log_ref=p0014 db_id=0 Maximum sequence number of 0 found in nonzero levels
2026-09-11 18:01:12.680954+09:00 [info] <0.781.0>@leveled_penciller:start_from_file/1:1510 log_ref=p0035 db_id=0 Startup with Manifest SQN of 0
2026-09-11 18:01:12.690384+09:00 [info] <0.781.0>@leveled_penciller:start_from_file/1:1538 log_ref=p0017 db_id=0 No L0 file found
2026-09-11 18:01:12.697209+09:00 [info] <0.757.0>@leveled_bookie:startup/2:1993 log_ref=b0005 db_id=0 LedgerSQN=0 at startup
2026-09-11 18:01:12.774600+09:00 [info] <0.760.0>@leveled_bookie:startup/2:2004 log_ref=i0014 db_id=0 On startup loading from filename /var/lib/riak/leveled/0/journal/journal_files/0_ec4f0bbb-fba2-4d06-80d0-0b63c6a2c459 from SQN 1
2026-09-11 18:01:12.785661+09:00 [info] <0.757.0>@leveled_bookie:init/1:1409 log_ref=b0001 db_id=0 Bookie starting with Ink <0.760.0> Pcl <0.781.0>
2026-09-11 18:01:12.795479+09:00 [info] <0.753.0>@riak_kv_leveled_backend:schedule_journalcompaction/4:903 Schedule compaction for interval 2186 on partition 0
2026-09-11 18:01:13.327333+09:00 [info] <0.784.0>@aae_controller:init/1:674 log_ref=aae02 Native KeyStore type leveled_nko startup request
2026-09-11 18:01:13.333330+09:00 [warning] <0.785.0>@aae_keystore:open_manifest/1:1526 log_ref=ks002 No valid manifest found for AAE keystore at /var/lib/riak/tictac_aae/0/leveled_nko/keystore reason not_present
2026-09-11 18:01:13.519857+09:00 [info] <0.786.0>@aae_treecache:init/1:224 log_ref=c0005 Starting cache with is_restored=false and IndexN of {1096126227998177188652763624537212264741949407232,3}
2026-09-11 18:01:13.537868+09:00 [info] <0.803.0>@aae_treecache:init/1:224 log_ref=c0005 Starting cache with is_restored=false and IndexN of {1278813932664540053428224228626747642198940975104,3}
2026-09-11 18:01:13.549962+09:00 [info] <0.804.0>@aae_treecache:init/1:224 log_ref=c0005 Starting cache with is_restored=false and IndexN of {0,3}
2026-09-11 18:01:13.595782+09:00 [info] <0.784.0>@aae_controller:init/1:719 log_ref=aae10 AAE controller started with IndexNs [{1096126227998177188652763624537212264741949407232,3},{1278813932664540053428224228626747642198940975104,3},{0,3}] and StoreType {native,leveled_nko,<0.757.0>}
2026-09-11 18:01:13.599919+09:00 [info] <0.753.0>@riak_kv_vnode:maybe_start_aaecontroller/2:402 AAE Controller started with pid=<0.784.0>
2026-09-11 18:01:13.643892+09:00 [info] <0.752.0>@riak_core_vnode_manager:get_vnode/3:743 VNode initialization ready <0.753.0> 0 riak_kv_vnode
2026-09-11 18:01:13.654910+09:00 [info] <0.816.0>@riak_core_vnode_manager:get_vnode/3:733 Will start VNode for partition 548063113999088594326381812268606132370974703616 riak_kv_vnode
2026-09-11 18:01:13.658043+09:00 [info] <0.818.0>@riak_core_vnode_manager:get_vnode/3:733 Will start VNode for partition 913438523331814323877303020447676887284957839360 riak_kv_vnode
2026-09-11 18:01:13.657454+09:00 [info] <0.817.0>@riak_core_vnode_manager:get_vnode/3:733 Will start VNode for partition 730750818665451459101842416358141509827966271488 riak_kv_vnode
2026-09-11 18:01:13.663644+09:00 [info] <0.820.0>@riak_core_vnode_manager:get_vnode/3:733 Will start VNode for partition 1278813932664540053428224228626747642198940975104 riak_kv_vnode
2026-09-11 18:01:13.650627+09:00 [info] <0.814.0>@riak_core_vnode_manager:get_vnode/3:733 Will start VNode for partition 182687704666362864775460604089535377456991567872 riak_kv_vnode
2026-09-11 18:01:13.652405+09:00 [info] <0.815.0>@riak_core_vnode_manager:get_vnode/3:733 Will start VNode for partition 365375409332725729550921208179070754913983135744 riak_kv_vnode
2026-09-11 18:01:13.660255+09:00 [info] <0.819.0>@riak_core_vnode_manager:get_vnode/3:733 Will start VNode for partition 1096126227998177188652763624537212264741949407232 riak_kv_vnode
2026-09-11 18:01:13.939919+09:00 [info] <0.850.0>@leveled_inker:open_all_manifest/2:1269 log_ref=i0011 db_id=5 Manifest is empty, starting from manifest SQN 1
2026-09-11 18:01:13.944245+09:00 [info] <0.865.0>@leveled_cdb:starting/3:479 log_ref=cdb01 db_id=5 Opening file for writing with filename /var/lib/riak/leveled/913438523331814323877303020447676887284957839360/journal/journal_files/0_96d38448-ec24-44d7-bfc6-b033fcbff576.pnd
2026-09-11 18:01:13.955418+09:00 [info] <0.855.0>@leveled_inker:open_all_manifest/2:1269 log_ref=i0011 db_id=3 Manifest is empty, starting from manifest SQN 1
2026-09-11 18:01:13.959493+09:00 [info] <0.868.0>@leveled_cdb:starting/3:479 log_ref=cdb01 db_id=3 Opening file for writing with filename /var/lib/riak/leveled/548063113999088594326381812268606132370974703616/journal/journal_files/0_73d8bf3d-d725-4847-9cc4-84a4a46dd1ee.pnd
2026-09-11 18:01:13.962984+09:00 [info] <0.856.0>@leveled_inker:open_all_manifest/2:1269 log_ref=i0011 db_id=6 Manifest is empty, starting from manifest SQN 1
2026-09-11 18:01:13.967241+09:00 [info] <0.869.0>@leveled_cdb:starting/3:479 log_ref=cdb01 db_id=6 Opening file for writing with filename /var/lib/riak/leveled/1096126227998177188652763624537212264741949407232/journal/journal_files/0_a156ae5c-e585-47da-9fa5-ae8b0f4fe7d3.pnd
2026-09-11 18:01:13.974472+09:00 [info] <0.857.0>@leveled_inker:open_all_manifest/2:1269 log_ref=i0011 db_id=4 Manifest is empty, starting from manifest SQN 1
2026-09-11 18:01:13.982919+09:00 [info] <0.858.0>@leveled_inker:open_all_manifest/2:1269 log_ref=i0011 db_id=7 Manifest is empty, starting from manifest SQN 1
2026-09-11 18:01:13.979297+09:00 [info] <0.850.0>@leveled_inker:build_manifest/3:1238 log_ref=i0009 db_id=5 Updated manifest on startup:
2026-09-11 18:01:13.990396+09:00 [info] <0.872.0>@leveled_cdb:starting/3:479 log_ref=cdb01 db_id=4 Opening file for writing with filename /var/lib/riak/leveled/730750818665451459101842416358141509827966271488/journal/journal_files/0_3b412438-3e0c-42be-9693-5c335a8f1ff7.pnd
2026-09-11 18:01:13.991369+09:00 [info] <0.859.0>@leveled_inker:open_all_manifest/2:1269 log_ref=i0011 db_id=1 Manifest is empty, starting from manifest SQN 1
2026-09-11 18:01:13.988408+09:00 [info] <0.873.0>@leveled_cdb:starting/3:479 log_ref=cdb01 db_id=7 Opening file for writing with filename /var/lib/riak/leveled/1278813932664540053428224228626747642198940975104/journal/journal_files/0_eb4357b4-adc1-4374-ad9e-d303edcce779.pnd
2026-09-11 18:01:13.999397+09:00 [info] <0.874.0>@leveled_cdb:starting/3:479 log_ref=cdb01 db_id=1 Opening file for writing with filename /var/lib/riak/leveled/182687704666362864775460604089535377456991567872/journal/journal_files/0_6912455c-3de2-41b7-83fd-9ec3e750e4a7.pnd
2026-09-11 18:01:13.997732+09:00 [info] <0.850.0>@leveled_imanifest:writer/3:187 log_ref=i0016 db_id=5 Writing new version of manifest for manifestSQN=2
2026-09-11 18:01:14.012096+09:00 [info] <0.858.0>@leveled_inker:build_manifest/3:1238 log_ref=i0009 db_id=7 Updated manifest on startup:
2026-09-11 18:01:14.013992+09:00 [info] <0.862.0>@leveled_inker:open_all_manifest/2:1269 log_ref=i0011 db_id=2 Manifest is empty, starting from manifest SQN 1
2026-09-11 18:01:14.008159+09:00 [info] <0.856.0>@leveled_inker:build_manifest/3:1238 log_ref=i0009 db_id=6 Updated manifest on startup:
2026-09-11 18:01:14.016131+09:00 [info] <0.876.0>@leveled_cdb:starting/3:479 log_ref=cdb01 db_id=2 Opening file for writing with filename /var/lib/riak/leveled/365375409332725729550921208179070754913983135744/journal/journal_files/0_b35e02e1-1d8a-4e27-8864-c2eb1a0597d2.pnd
2026-09-11 18:01:14.022381+09:00 [info] <0.859.0>@leveled_inker:build_manifest/3:1238 log_ref=i0009 db_id=1 Updated manifest on startup:
2026-09-11 18:01:14.023230+09:00 [info] <0.857.0>@leveled_inker:build_manifest/3:1238 log_ref=i0009 db_id=4 Updated manifest on startup:
2026-09-11 18:01:14.021605+09:00 [info] <0.858.0>@leveled_imanifest:writer/3:187 log_ref=i0016 db_id=7 Writing new version of manifest for manifestSQN=2
2026-09-11 18:01:14.027882+09:00 [info] <0.856.0>@leveled_imanifest:writer/3:187 log_ref=i0016 db_id=6 Writing new version of manifest for manifestSQN=2
2026-09-11 18:01:14.030961+09:00 [info] <0.857.0>@leveled_imanifest:writer/3:187 log_ref=i0016 db_id=4 Writing new version of manifest for manifestSQN=2
2026-09-11 18:01:14.033481+09:00 [info] <0.859.0>@leveled_imanifest:writer/3:187 log_ref=i0016 db_id=1 Writing new version of manifest for manifestSQN=2
2026-09-11 18:01:14.037393+09:00 [info] <0.862.0>@leveled_inker:build_manifest/3:1238 log_ref=i0009 db_id=2 Updated manifest on startup:
2026-09-11 18:01:14.041098+09:00 [info] <0.862.0>@leveled_imanifest:writer/3:187 log_ref=i0016 db_id=2 Writing new version of manifest for manifestSQN=2
2026-09-11 18:01:14.044930+09:00 [info] <0.877.0>@leveled_pclerk:clerk_new/3:78 log_ref=pc001 db_id=7 Penciller's clerk <0.878.0> started with owner <0.877.0>
2026-09-11 18:01:14.055940+09:00 [info] <0.855.0>@leveled_inker:build_manifest/3:1238 log_ref=i0009 db_id=3 Updated manifest on startup:
2026-09-11 18:01:14.062536+09:00 [info] <0.879.0>@leveled_pclerk:clerk_new/3:78 log_ref=pc001 db_id=4 Penciller's clerk <0.880.0> started with owner <0.879.0>
2026-09-11 18:01:14.064770+09:00 [info] <0.855.0>@leveled_imanifest:writer/3:187 log_ref=i0016 db_id=3 Writing new version of manifest for manifestSQN=2
2026-09-11 18:01:14.068262+09:00 [info] <0.881.0>@leveled_pclerk:clerk_new/3:78 log_ref=pc001 db_id=6 Penciller's clerk <0.882.0> started with owner <0.881.0>
2026-09-11 18:01:14.080620+09:00 [info] <0.883.0>@leveled_pclerk:clerk_new/3:78 log_ref=pc001 db_id=5 Penciller's clerk <0.884.0> started with owner <0.883.0>
2026-09-11 18:01:14.085233+09:00 [info] <0.885.0>@leveled_pclerk:clerk_new/3:78 log_ref=pc001 db_id=2 Penciller's clerk <0.886.0> started with owner <0.885.0>
2026-09-11 18:01:14.089988+09:00 [info] <0.887.0>@leveled_pclerk:clerk_new/3:78 log_ref=pc001 db_id=1 Penciller's clerk <0.888.0> started with owner <0.887.0>
2026-09-11 18:01:14.147818+09:00 [info] <0.877.0>@leveled_pmanifest:open_manifestfile/2:1180 log_ref=p0013 db_id=7 Seqence number of 0 indicates no valid manifest
2026-09-11 18:01:14.150260+09:00 [info] <0.877.0>@leveled_penciller:start_from_file/1:1508 log_ref=p0014 db_id=7 Maximum sequence number of 0 found in nonzero levels
2026-09-11 18:01:14.152412+09:00 [info] <0.877.0>@leveled_penciller:start_from_file/1:1510 log_ref=p0035 db_id=7 Startup with Manifest SQN of 0
2026-09-11 18:01:14.176271+09:00 [info] <0.889.0>@leveled_pclerk:clerk_new/3:78 log_ref=pc001 db_id=3 Penciller's clerk <0.890.0> started with owner <0.889.0>
2026-09-11 18:01:14.207971+09:00 [info] <0.879.0>@leveled_pmanifest:open_manifestfile/2:1180 log_ref=p0013 db_id=4 Seqence number of 0 indicates no valid manifest
2026-09-11 18:01:14.210207+09:00 [info] <0.879.0>@leveled_penciller:start_from_file/1:1508 log_ref=p0014 db_id=4 Maximum sequence number of 0 found in nonzero levels
2026-09-11 18:01:14.212019+09:00 [info] <0.879.0>@leveled_penciller:start_from_file/1:1510 log_ref=p0035 db_id=4 Startup with Manifest SQN of 0
2026-09-11 18:01:14.218531+09:00 [info] <0.881.0>@leveled_pmanifest:open_manifestfile/2:1180 log_ref=p0013 db_id=6 Seqence number of 0 indicates no valid manifest
2026-09-11 18:01:14.220459+09:00 [info] <0.881.0>@leveled_penciller:start_from_file/1:1508 log_ref=p0014 db_id=6 Maximum sequence number of 0 found in nonzero levels
2026-09-11 18:01:14.222802+09:00 [info] <0.881.0>@leveled_penciller:start_from_file/1:1510 log_ref=p0035 db_id=6 Startup with Manifest SQN of 0
2026-09-11 18:01:14.224357+09:00 [info] <0.877.0>@leveled_penciller:start_from_file/1:1538 log_ref=p0017 db_id=7 No L0 file found
2026-09-11 18:01:14.229961+09:00 [info] <0.883.0>@leveled_pmanifest:open_manifestfile/2:1180 log_ref=p0013 db_id=5 Seqence number of 0 indicates no valid manifest
2026-09-11 18:01:14.231989+09:00 [info] <0.883.0>@leveled_penciller:start_from_file/1:1508 log_ref=p0014 db_id=5 Maximum sequence number of 0 found in nonzero levels
2026-09-11 18:01:14.234137+09:00 [info] <0.883.0>@leveled_penciller:start_from_file/1:1510 log_ref=p0035 db_id=5 Startup with Manifest SQN of 0
2026-09-11 18:01:14.236172+09:00 [info] <0.885.0>@leveled_pmanifest:open_manifestfile/2:1180 log_ref=p0013 db_id=2 Seqence number of 0 indicates no valid manifest
2026-09-11 18:01:14.238384+09:00 [info] <0.885.0>@leveled_penciller:start_from_file/1:1508 log_ref=p0014 db_id=2 Maximum sequence number of 0 found in nonzero levels
2026-09-11 18:01:14.239205+09:00 [info] <0.887.0>@leveled_pmanifest:open_manifestfile/2:1180 log_ref=p0013 db_id=1 Seqence number of 0 indicates no valid manifest
2026-09-11 18:01:14.240218+09:00 [info] <0.885.0>@leveled_penciller:start_from_file/1:1510 log_ref=p0035 db_id=2 Startup with Manifest SQN of 0
2026-09-11 18:01:14.241557+09:00 [info] <0.887.0>@leveled_penciller:start_from_file/1:1508 log_ref=p0014 db_id=1 Maximum sequence number of 0 found in nonzero levels
2026-09-11 18:01:14.250068+09:00 [info] <0.851.0>@leveled_bookie:startup/2:1993 log_ref=b0005 db_id=7 LedgerSQN=0 at startup
2026-09-11 18:01:14.250700+09:00 [info] <0.887.0>@leveled_penciller:start_from_file/1:1510 log_ref=p0035 db_id=1 Startup with Manifest SQN of 0
2026-09-11 18:01:14.253123+09:00 [info] <0.858.0>@leveled_bookie:startup/2:2004 log_ref=i0014 db_id=7 On startup loading from filename /var/lib/riak/leveled/1278813932664540053428224228626747642198940975104/journal/journal_files/0_eb4357b4-adc1-4374-ad9e-d303edcce779 from SQN 1
2026-09-11 18:01:14.262049+09:00 [info] <0.851.0>@leveled_bookie:init/1:1409 log_ref=b0001 db_id=7 Bookie starting with Ink <0.858.0> Pcl <0.877.0>
2026-09-11 18:01:14.266753+09:00 [info] <0.826.0>@riak_kv_leveled_backend:schedule_journalcompaction/4:903 Schedule compaction for interval 2738 on partition 1278813932664540053428224228626747642198940975104
2026-09-11 18:01:14.270779+09:00 [info] <0.889.0>@leveled_pmanifest:open_manifestfile/2:1180 log_ref=p0013 db_id=3 Seqence number of 0 indicates no valid manifest
2026-09-11 18:01:14.273138+09:00 [info] <0.889.0>@leveled_penciller:start_from_file/1:1508 log_ref=p0014 db_id=3 Maximum sequence number of 0 found in nonzero levels
2026-09-11 18:01:14.275027+09:00 [info] <0.892.0>@aae_controller:init/1:674 log_ref=aae02 Native KeyStore type leveled_nko startup request
2026-09-11 18:01:14.274987+09:00 [info] <0.889.0>@leveled_penciller:start_from_file/1:1510 log_ref=p0035 db_id=3 Startup with Manifest SQN of 0
2026-09-11 18:01:14.277536+09:00 [info] <0.879.0>@leveled_penciller:start_from_file/1:1538 log_ref=p0017 db_id=4 No L0 file found
2026-09-11 18:01:14.281328+09:00 [info] <0.881.0>@leveled_penciller:start_from_file/1:1538 log_ref=p0017 db_id=6 No L0 file found
2026-09-11 18:01:14.284950+09:00 [warning] <0.893.0>@aae_keystore:open_manifest/1:1526 log_ref=ks002 No valid manifest found for AAE keystore at /var/lib/riak/tictac_aae/1278813932664540053428224228626747642198940975104/leveled_nko/keystore reason not_present
2026-09-11 18:01:14.294811+09:00 [info] <0.883.0>@leveled_penciller:start_from_file/1:1538 log_ref=p0017 db_id=5 No L0 file found
2026-09-11 18:01:14.297882+09:00 [info] <0.885.0>@leveled_penciller:start_from_file/1:1538 log_ref=p0017 db_id=2 No L0 file found
2026-09-11 18:01:14.310438+09:00 [info] <0.848.0>@leveled_bookie:startup/2:1993 log_ref=b0005 db_id=4 LedgerSQN=0 at startup
2026-09-11 18:01:14.311886+09:00 [info] <0.857.0>@leveled_bookie:startup/2:2004 log_ref=i0014 db_id=4 On startup loading from filename /var/lib/riak/leveled/730750818665451459101842416358141509827966271488/journal/journal_files/0_3b412438-3e0c-42be-9693-5c335a8f1ff7 from SQN 1
2026-09-11 18:01:14.315662+09:00 [info] <0.887.0>@leveled_penciller:start_from_file/1:1538 log_ref=p0017 db_id=1 No L0 file found
2026-09-11 18:01:14.318735+09:00 [info] <0.846.0>@leveled_bookie:startup/2:1993 log_ref=b0005 db_id=6 LedgerSQN=0 at startup
2026-09-11 18:01:14.318600+09:00 [info] <0.848.0>@leveled_bookie:init/1:1409 log_ref=b0001 db_id=4 Bookie starting with Ink <0.857.0> Pcl <0.879.0>
2026-09-11 18:01:14.325345+09:00 [info] <0.824.0>@riak_kv_leveled_backend:schedule_journalcompaction/4:903 Schedule compaction for interval 2219 on partition 730750818665451459101842416358141509827966271488
2026-09-11 18:01:14.326980+09:00 [info] <0.860.0>@leveled_bookie:startup/2:1993 log_ref=b0005 db_id=2 LedgerSQN=0 at startup
2026-09-11 18:01:14.320720+09:00 [info] <0.856.0>@leveled_bookie:startup/2:2004 log_ref=i0014 db_id=6 On startup loading from filename /var/lib/riak/leveled/1096126227998177188652763624537212264741949407232/journal/journal_files/0_a156ae5c-e585-47da-9fa5-ae8b0f4fe7d3 from SQN 1
2026-09-11 18:01:14.324258+09:00 [info] <0.842.0>@leveled_bookie:startup/2:1993 log_ref=b0005 db_id=5 LedgerSQN=0 at startup
2026-09-11 18:01:14.329679+09:00 [info] <0.862.0>@leveled_bookie:startup/2:2004 log_ref=i0014 db_id=2 On startup loading from filename /var/lib/riak/leveled/365375409332725729550921208179070754913983135744/journal/journal_files/0_b35e02e1-1d8a-4e27-8864-c2eb1a0597d2 from SQN 1
2026-09-11 18:01:14.335382+09:00 [info] <0.889.0>@leveled_penciller:start_from_file/1:1538 log_ref=p0017 db_id=3 No L0 file found
2026-09-11 18:01:14.340381+09:00 [info] <0.846.0>@leveled_bookie:init/1:1409 log_ref=b0001 db_id=6 Bookie starting with Ink <0.856.0> Pcl <0.881.0>
2026-09-11 18:01:14.335603+09:00 [info] <0.850.0>@leveled_bookie:startup/2:2004 log_ref=i0014 db_id=5 On startup loading from filename /var/lib/riak/leveled/913438523331814323877303020447676887284957839360/journal/journal_files/0_96d38448-ec24-44d7-bfc6-b033fcbff576 from SQN 1
2026-09-11 18:01:14.342594+09:00 [info] <0.830.0>@riak_kv_leveled_backend:schedule_journalcompaction/4:903 Schedule compaction for interval 4059 on partition 1096126227998177188652763624537212264741949407232
2026-09-11 18:01:14.340250+09:00 [info] <0.896.0>@aae_controller:init/1:674 log_ref=aae02 Native KeyStore type leveled_nko startup request
2026-09-11 18:01:14.345217+09:00 [info] <0.860.0>@leveled_bookie:init/1:1409 log_ref=b0001 db_id=2 Bookie starting with Ink <0.862.0> Pcl <0.885.0>
2026-09-11 18:01:14.352071+09:00 [info] <0.899.0>@aae_controller:init/1:674 log_ref=aae02 Native KeyStore type leveled_nko startup request
2026-09-11 18:01:14.358734+09:00 [info] <0.829.0>@riak_kv_leveled_backend:schedule_journalcompaction/4:903 Schedule compaction for interval 3023 on partition 365375409332725729550921208179070754913983135744
2026-09-11 18:01:14.355469+09:00 [info] <0.842.0>@leveled_bookie:init/1:1409 log_ref=b0001 db_id=5 Bookie starting with Ink <0.850.0> Pcl <0.883.0>
2026-09-11 18:01:14.363742+09:00 [info] <0.823.0>@riak_kv_leveled_backend:schedule_journalcompaction/4:903 Schedule compaction for interval 4364 on partition 913438523331814323877303020447676887284957839360
2026-09-11 18:01:14.360140+09:00 [info] <0.853.0>@leveled_bookie:startup/2:1993 log_ref=b0005 db_id=1 LedgerSQN=0 at startup
2026-09-11 18:01:14.367890+09:00 [info] <0.903.0>@aae_controller:init/1:674 log_ref=aae02 Native KeyStore type leveled_nko startup request
2026-09-11 18:01:14.368474+09:00 [info] <0.859.0>@leveled_bookie:startup/2:2004 log_ref=i0014 db_id=1 On startup loading from filename /var/lib/riak/leveled/182687704666362864775460604089535377456991567872/journal/journal_files/0_6912455c-3de2-41b7-83fd-9ec3e750e4a7 from SQN 1
2026-09-11 18:01:14.375198+09:00 [info] <0.905.0>@aae_controller:init/1:674 log_ref=aae02 Native KeyStore type leveled_nko startup request
2026-09-11 18:01:14.379352+09:00 [info] <0.844.0>@leveled_bookie:startup/2:1993 log_ref=b0005 db_id=3 LedgerSQN=0 at startup
2026-09-11 18:01:14.368585+09:00 [warning] <0.898.0>@aae_keystore:open_manifest/1:1526 log_ref=ks002 No valid manifest found for AAE keystore at /var/lib/riak/tictac_aae/730750818665451459101842416358141509827966271488/leveled_nko/keystore reason not_present
2026-09-11 18:01:14.382558+09:00 [warning] <0.900.0>@aae_keystore:open_manifest/1:1526 log_ref=ks002 No valid manifest found for AAE keystore at /var/lib/riak/tictac_aae/1096126227998177188652763624537212264741949407232/leveled_nko/keystore reason not_present
2026-09-11 18:01:14.381672+09:00 [info] <0.855.0>@leveled_bookie:startup/2:2004 log_ref=i0014 db_id=3 On startup loading from filename /var/lib/riak/leveled/548063113999088594326381812268606132370974703616/journal/journal_files/0_73d8bf3d-d725-4847-9cc4-84a4a46dd1ee from SQN 1
2026-09-11 18:01:14.388354+09:00 [warning] <0.904.0>@aae_keystore:open_manifest/1:1526 log_ref=ks002 No valid manifest found for AAE keystore at /var/lib/riak/tictac_aae/365375409332725729550921208179070754913983135744/leveled_nko/keystore reason not_present
2026-09-11 18:01:14.383575+09:00 [info] <0.853.0>@leveled_bookie:init/1:1409 log_ref=b0001 db_id=1 Bookie starting with Ink <0.859.0> Pcl <0.887.0>
2026-09-11 18:01:14.396696+09:00 [warning] <0.906.0>@aae_keystore:open_manifest/1:1526 log_ref=ks002 No valid manifest found for AAE keystore at /var/lib/riak/tictac_aae/913438523331814323877303020447676887284957839360/leveled_nko/keystore reason not_present
2026-09-11 18:01:14.396342+09:00 [info] <0.827.0>@riak_kv_leveled_backend:schedule_journalcompaction/4:903 Schedule compaction for interval 6471 on partition 182687704666362864775460604089535377456991567872
2026-09-11 18:01:14.400888+09:00 [info] <0.844.0>@leveled_bookie:init/1:1409 log_ref=b0001 db_id=3 Bookie starting with Ink <0.855.0> Pcl <0.889.0>
2026-09-11 18:01:14.407619+09:00 [info] <0.821.0>@riak_kv_leveled_backend:schedule_journalcompaction/4:903 Schedule compaction for interval 5688 on partition 548063113999088594326381812268606132370974703616
2026-09-11 18:01:14.412241+09:00 [info] <0.913.0>@aae_controller:init/1:674 log_ref=aae02 Native KeyStore type leveled_nko startup request
2026-09-11 18:01:14.418748+09:00 [info] <0.894.0>@aae_treecache:init/1:224 log_ref=c0005 Starting cache with is_restored=false and IndexN of {913438523331814323877303020447676887284957839360,3}
2026-09-11 18:01:14.415689+09:00 [info] <0.915.0>@aae_controller:init/1:674 log_ref=aae02 Native KeyStore type leveled_nko startup request
2026-09-11 18:01:14.430432+09:00 [warning] <0.914.0>@aae_keystore:open_manifest/1:1526 log_ref=ks002 No valid manifest found for AAE keystore at /var/lib/riak/tictac_aae/548063113999088594326381812268606132370974703616/leveled_nko/keystore reason not_present
2026-09-11 18:01:14.446692+09:00 [warning] <0.917.0>@aae_keystore:open_manifest/1:1526 log_ref=ks002 No valid manifest found for AAE keystore at /var/lib/riak/tictac_aae/182687704666362864775460604089535377456991567872/leveled_nko/keystore reason not_present
2026-09-11 18:01:14.499769+09:00 [info] <0.916.0>@aae_treecache:init/1:224 log_ref=c0005 Starting cache with is_restored=false and IndexN of {1096126227998177188652763624537212264741949407232,3}
2026-09-11 18:01:14.525679+09:00 [info] <0.907.0>@aae_treecache:init/1:224 log_ref=c0005 Starting cache with is_restored=false and IndexN of {365375409332725729550921208179070754913983135744,3}
2026-09-11 18:01:14.536597+09:00 [info] <0.908.0>@aae_treecache:init/1:224 log_ref=c0005 Starting cache with is_restored=false and IndexN of {730750818665451459101842416358141509827966271488,3}
2026-09-11 18:01:14.548073+09:00 [info] <0.909.0>@aae_treecache:init/1:224 log_ref=c0005 Starting cache with is_restored=false and IndexN of {0,3}
2026-09-11 18:01:14.561603+09:00 [info] <0.910.0>@aae_treecache:init/1:224 log_ref=c0005 Starting cache with is_restored=false and IndexN of {548063113999088594326381812268606132370974703616,3}
2026-09-11 18:01:14.580297+09:00 [info] <0.920.0>@aae_treecache:init/1:224 log_ref=c0005 Starting cache with is_restored=false and IndexN of {1278813932664540053428224228626747642198940975104,3}
2026-09-11 18:01:14.584554+09:00 [info] <0.892.0>@aae_controller:init/1:719 log_ref=aae10 AAE controller started with IndexNs [{913438523331814323877303020447676887284957839360,3},{1096126227998177188652763624537212264741949407232,3},{1278813932664540053428224228626747642198940975104,3}] and StoreType {native,leveled_nko,<0.851.0>}
2026-09-11 18:01:14.589469+09:00 [info] <0.826.0>@riak_kv_vnode:maybe_start_aaecontroller/2:402 AAE Controller started with pid=<0.892.0>
2026-09-11 18:01:14.599142+09:00 [info] <0.820.0>@riak_core_vnode_manager:get_vnode/3:743 VNode initialization ready <0.826.0> 1278813932664540053428224228626747642198940975104 riak_kv_vnode
2026-09-11 18:01:14.604897+09:00 [info] <0.918.0>@aae_treecache:init/1:224 log_ref=c0005 Starting cache with is_restored=false and IndexN of {182687704666362864775460604089535377456991567872,3}
2026-09-11 18:01:14.614324+09:00 [info] <0.923.0>@aae_treecache:init/1:224 log_ref=c0005 Starting cache with is_restored=false and IndexN of {548063113999088594326381812268606132370974703616,3}
2026-09-11 18:01:14.622782+09:00 [info] <0.924.0>@aae_treecache:init/1:224 log_ref=c0005 Starting cache with is_restored=false and IndexN of {913438523331814323877303020447676887284957839360,3}
2026-09-11 18:01:14.633468+09:00 [info] <0.919.0>@aae_treecache:init/1:224 log_ref=c0005 Starting cache with is_restored=false and IndexN of {1278813932664540053428224228626747642198940975104,3}
2026-09-11 18:01:14.642546+09:00 [info] <0.925.0>@aae_treecache:init/1:224 log_ref=c0005 Starting cache with is_restored=false and IndexN of {182687704666362864775460604089535377456991567872,3}
2026-09-11 18:01:14.653292+09:00 [info] <0.926.0>@aae_treecache:init/1:224 log_ref=c0005 Starting cache with is_restored=false and IndexN of {730750818665451459101842416358141509827966271488,3}
2026-09-11 18:01:14.674355+09:00 [info] <0.936.0>@aae_treecache:init/1:224 log_ref=c0005 Starting cache with is_restored=false and IndexN of {365375409332725729550921208179070754913983135744,3}
2026-09-11 18:01:14.681447+09:00 [info] <0.937.0>@aae_treecache:init/1:224 log_ref=c0005 Starting cache with is_restored=false and IndexN of {730750818665451459101842416358141509827966271488,3}
2026-09-11 18:01:14.686081+09:00 [info] <0.896.0>@aae_controller:init/1:719 log_ref=aae10 AAE controller started with IndexNs [{365375409332725729550921208179070754913983135744,3},{548063113999088594326381812268606132370974703616,3},{730750818665451459101842416358141509827966271488,3}] and StoreType {native,leveled_nko,<0.848.0>}
2026-09-11 18:01:14.688674+09:00 [info] <0.824.0>@riak_kv_vnode:maybe_start_aaecontroller/2:402 AAE Controller started with pid=<0.896.0>
2026-09-11 18:01:14.692660+09:00 [info] <0.938.0>@aae_treecache:init/1:224 log_ref=c0005 Starting cache with is_restored=false and IndexN of {1096126227998177188652763624537212264741949407232,3}
2026-09-11 18:01:14.697416+09:00 [info] <0.817.0>@riak_core_vnode_manager:get_vnode/3:743 VNode initialization ready <0.824.0> 730750818665451459101842416358141509827966271488 riak_kv_vnode
2026-09-11 18:01:14.701455+09:00 [info] <0.899.0>@aae_controller:init/1:719 log_ref=aae10 AAE controller started with IndexNs [{730750818665451459101842416358141509827966271488,3},{913438523331814323877303020447676887284957839360,3},{1096126227998177188652763624537212264741949407232,3}] and StoreType {native,leveled_nko,<0.846.0>}
2026-09-11 18:01:14.707544+09:00 [info] <0.939.0>@aae_treecache:init/1:224 log_ref=c0005 Starting cache with is_restored=false and IndexN of {0,3}
2026-09-11 18:01:14.712683+09:00 [info] <0.830.0>@riak_kv_vnode:maybe_start_aaecontroller/2:402 AAE Controller started with pid=<0.899.0>
2026-09-11 18:01:14.732830+09:00 [info] <0.940.0>@aae_treecache:init/1:224 log_ref=c0005 Starting cache with is_restored=false and IndexN of {365375409332725729550921208179070754913983135744,3}
2026-09-11 18:01:14.740513+09:00 [info] <0.819.0>@riak_core_vnode_manager:get_vnode/3:743 VNode initialization ready <0.830.0> 1096126227998177188652763624537212264741949407232 riak_kv_vnode
2026-09-11 18:01:14.743121+09:00 [info] <0.903.0>@aae_controller:init/1:719 log_ref=aae10 AAE controller started with IndexNs [{0,3},{182687704666362864775460604089535377456991567872,3},{365375409332725729550921208179070754913983135744,3}] and StoreType {native,leveled_nko,<0.860.0>}
2026-09-11 18:01:14.747451+09:00 [info] <0.829.0>@riak_kv_vnode:maybe_start_aaecontroller/2:402 AAE Controller started with pid=<0.903.0>
2026-09-11 18:01:14.753115+09:00 [info] <0.942.0>@aae_treecache:init/1:224 log_ref=c0005 Starting cache with is_restored=false and IndexN of {913438523331814323877303020447676887284957839360,3}
2026-09-11 18:01:14.764304+09:00 [info] <0.905.0>@aae_controller:init/1:719 log_ref=aae10 AAE controller started with IndexNs [{548063113999088594326381812268606132370974703616,3},{730750818665451459101842416358141509827966271488,3},{913438523331814323877303020447676887284957839360,3}] and StoreType {native,leveled_nko,<0.842.0>}
2026-09-11 18:01:14.760686+09:00 [info] <0.815.0>@riak_core_vnode_manager:get_vnode/3:743 VNode initialization ready <0.829.0> 365375409332725729550921208179070754913983135744 riak_kv_vnode
2026-09-11 18:01:14.770990+09:00 [info] <0.823.0>@riak_kv_vnode:maybe_start_aaecontroller/2:402 AAE Controller started with pid=<0.905.0>
2026-09-11 18:01:14.774256+09:00 [info] <0.943.0>@aae_treecache:init/1:224 log_ref=c0005 Starting cache with is_restored=false and IndexN of {548063113999088594326381812268606132370974703616,3}
2026-09-11 18:01:14.778322+09:00 [info] <0.913.0>@aae_controller:init/1:719 log_ref=aae10 AAE controller started with IndexNs [{182687704666362864775460604089535377456991567872,3},{365375409332725729550921208179070754913983135744,3},{548063113999088594326381812268606132370974703616,3}] and StoreType {native,leveled_nko,<0.844.0>}
2026-09-11 18:01:14.783019+09:00 [info] <0.821.0>@riak_kv_vnode:maybe_start_aaecontroller/2:402 AAE Controller started with pid=<0.913.0>
2026-09-11 18:01:14.781258+09:00 [info] <0.818.0>@riak_core_vnode_manager:get_vnode/3:743 VNode initialization ready <0.823.0> 913438523331814323877303020447676887284957839360 riak_kv_vnode
2026-09-11 18:01:14.792536+09:00 [info] <0.954.0>@aae_treecache:init/1:224 log_ref=c0005 Starting cache with is_restored=false and IndexN of {182687704666362864775460604089535377456991567872,3}
2026-09-11 18:01:14.798009+09:00 [info] <0.816.0>@riak_core_vnode_manager:get_vnode/3:743 VNode initialization ready <0.821.0> 548063113999088594326381812268606132370974703616 riak_kv_vnode
2026-09-11 18:01:14.798638+09:00 [info] <0.915.0>@aae_controller:init/1:719 log_ref=aae10 AAE controller started with IndexNs [{1278813932664540053428224228626747642198940975104,3},{0,3},{182687704666362864775460604089535377456991567872,3}] and StoreType {native,leveled_nko,<0.853.0>}
2026-09-11 18:01:14.821993+09:00 [info] <0.827.0>@riak_kv_vnode:maybe_start_aaecontroller/2:402 AAE Controller started with pid=<0.915.0>
2026-09-11 18:01:14.827981+09:00 [info] <0.814.0>@riak_core_vnode_manager:get_vnode/3:743 VNode initialization ready <0.827.0> 182687704666362864775460604089535377456991567872 riak_kv_vnode
2026-09-11 18:01:14.875771+09:00 [info] <0.732.0>@riak_core:wait_for_service/2:492 Wait complete for service riak_kv (4 seconds)
2026-09-11 18:01:14.909181+09:00 [info] <0.493.0>@riak_core:wait_for_service/2:492 Wait complete for service riak_kv (8 seconds)
2026-09-11 18:01:14.928429+09:00 [info] <0.240.0>@riak_core_capability:process_capability_changes/2:557 New capability: {riak_repl,bloom_fold} = true
2026-09-11 18:01:14.956335+09:00 [info] <0.240.0>@riak_core_capability:process_capability_changes/2:557 New capability: {riak_repl,rtq_meta} = true
2026-09-11 18:01:14.987613+09:00 [info] <0.240.0>@riak_core_capability:process_capability_changes/2:557 New capability: {riak_repl,default_bucket_props_hash} = [consistent,datatype,n_val,write_once]
2026-09-11 18:01:15.073201+09:00 [info] <0.732.0>@riak_repl_app:start/2:70 REPL CS block skip disabled
2026-09-11 18:01:15.256656+09:00 [info] <0.999.0>@supervisor:report_progress/2:1568 Supervisor: {local,riak_repl_sup}. Started: id=riak_repl_client_sup,pid=<0.1000.0>.
2026-09-11 18:01:15.286818+09:00 [info] <0.999.0>@supervisor:report_progress/2:1568 Supervisor: {local,riak_repl_sup}. Started: id=riak_repl_server_sup,pid=<0.1001.0>.
2026-09-11 18:01:15.330179+09:00 [info] <0.999.0>@supervisor:report_progress/2:1568 Supervisor: {local,riak_repl_sup}. Started: id=riak_repl_leader,pid=<0.1002.0>.
2026-09-11 18:01:15.368728+09:00 [info] <0.999.0>@supervisor:report_progress/2:1568 Supervisor: {local,riak_repl_sup}. Started: id=riak_repl2_leader,pid=<0.1004.0>.
2026-09-11 18:01:15.591094+09:00 [info] <0.1021.0>@riak_core_service_mgr:start_link/1:111 Starting Core Service Manager at {"127.0.0.1",9080}
2026-09-11 18:01:15.751020+09:00 [info] <0.1004.0>@riak_repl2_leader:become_leader/2:217 Leader2: 'openriak-kv@node-04.cluster-a.openriak' elected as replication leader
2026-09-11 18:01:15.908775+09:00 [info] <0.1025.0>@supervisor:report_progress/2:1568 Supervisor: {<0.1025.0>,ranch_conns_sup_sup}. Started: id={ranch_conns_sup,1},pid=<0.1026.0>.
2026-09-11 18:01:15.912246+09:00 [info] <0.1025.0>@supervisor:report_progress/2:1568 Supervisor: {<0.1025.0>,ranch_conns_sup_sup}. Started: id={ranch_conns_sup,2},pid=<0.1027.0>.
2026-09-11 18:01:15.914126+09:00 [info] <0.1025.0>@supervisor:report_progress/2:1568 Supervisor: {<0.1025.0>,ranch_conns_sup_sup}. Started: id={ranch_conns_sup,3},pid=<0.1028.0>.
2026-09-11 18:01:15.915615+09:00 [info] <0.1025.0>@supervisor:report_progress/2:1568 Supervisor: {<0.1025.0>,ranch_conns_sup_sup}. Started: id={ranch_conns_sup,4},pid=<0.1029.0>.
2026-09-11 18:01:15.916806+09:00 [info] <0.1025.0>@supervisor:report_progress/2:1568 Supervisor: {<0.1025.0>,ranch_conns_sup_sup}. Started: id={ranch_conns_sup,5},pid=<0.1030.0>.
2026-09-11 18:01:15.918066+09:00 [info] <0.1025.0>@supervisor:report_progress/2:1568 Supervisor: {<0.1025.0>,ranch_conns_sup_sup}. Started: id={ranch_conns_sup,6},pid=<0.1031.0>.
2026-09-11 18:01:15.920430+09:00 [info] <0.1025.0>@supervisor:report_progress/2:1568 Supervisor: {<0.1025.0>,ranch_conns_sup_sup}. Started: id={ranch_conns_sup,7},pid=<0.1032.0>.
2026-09-11 18:01:15.927272+09:00 [info] <0.1025.0>@supervisor:report_progress/2:1568 Supervisor: {<0.1025.0>,ranch_conns_sup_sup}. Started: id={ranch_conns_sup,8},pid=<0.1033.0>.
2026-09-11 18:01:15.990319+09:00 [info] <0.1025.0>@supervisor:report_progress/2:1568 Supervisor: {<0.1025.0>,ranch_conns_sup_sup}. Started: id={ranch_conns_sup,9},pid=<0.1034.0>.
2026-09-11 18:01:15.996733+09:00 [info] <0.1025.0>@supervisor:report_progress/2:1568 Supervisor: {<0.1025.0>,ranch_conns_sup_sup}. Started: id={ranch_conns_sup,10},pid=<0.1036.0>.
2026-09-11 18:01:16.007527+09:00 [info] <0.1025.0>@supervisor:report_progress/2:1568 Supervisor: {<0.1025.0>,ranch_conns_sup_sup}. Started: id={ranch_conns_sup,11},pid=<0.1037.0>.
2026-09-11 18:01:16.014619+09:00 [info] <0.1025.0>@supervisor:report_progress/2:1568 Supervisor: {<0.1025.0>,ranch_conns_sup_sup}. Started: id={ranch_conns_sup,12},pid=<0.1038.0>.
2026-09-11 18:01:16.017121+09:00 [info] <0.1025.0>@supervisor:report_progress/2:1568 Supervisor: {<0.1025.0>,ranch_conns_sup_sup}. Started: id={ranch_conns_sup,13},pid=<0.1039.0>.
2026-09-11 18:01:16.019810+09:00 [info] <0.1025.0>@supervisor:report_progress/2:1568 Supervisor: {<0.1025.0>,ranch_conns_sup_sup}. Started: id={ranch_conns_sup,14},pid=<0.1040.0>.
2026-09-11 18:01:16.022433+09:00 [info] <0.1025.0>@supervisor:report_progress/2:1568 Supervisor: {<0.1025.0>,ranch_conns_sup_sup}. Started: id={ranch_conns_sup,15},pid=<0.1041.0>.
2026-09-11 18:01:16.027103+09:00 [info] <0.1025.0>@supervisor:report_progress/2:1568 Supervisor: {<0.1025.0>,ranch_conns_sup_sup}. Started: id={ranch_conns_sup,16},pid=<0.1042.0>.
2026-09-11 18:01:16.029943+09:00 [info] <0.1025.0>@supervisor:report_progress/2:1568 Supervisor: {<0.1025.0>,ranch_conns_sup_sup}. Started: id={ranch_conns_sup,17},pid=<0.1043.0>.
2026-09-11 18:01:16.032140+09:00 [info] <0.1025.0>@supervisor:report_progress/2:1568 Supervisor: {<0.1025.0>,ranch_conns_sup_sup}. Started: id={ranch_conns_sup,18},pid=<0.1044.0>.
2026-09-11 18:01:16.034770+09:00 [info] <0.1025.0>@supervisor:report_progress/2:1568 Supervisor: {<0.1025.0>,ranch_conns_sup_sup}. Started: id={ranch_conns_sup,19},pid=<0.1045.0>.
2026-09-11 18:01:16.037161+09:00 [info] <0.1025.0>@supervisor:report_progress/2:1568 Supervisor: {<0.1025.0>,ranch_conns_sup_sup}. Started: id={ranch_conns_sup,20},pid=<0.1046.0>.
2026-09-11 18:01:16.041126+09:00 [info] <0.1025.0>@supervisor:report_progress/2:1568 Supervisor: {<0.1025.0>,ranch_conns_sup_sup}. Started: id={ranch_conns_sup,21},pid=<0.1047.0>.
2026-09-11 18:01:16.044475+09:00 [info] <0.1025.0>@supervisor:report_progress/2:1568 Supervisor: {<0.1025.0>,ranch_conns_sup_sup}. Started: id={ranch_conns_sup,22},pid=<0.1048.0>.
2026-09-11 18:01:16.047322+09:00 [info] <0.1025.0>@supervisor:report_progress/2:1568 Supervisor: {<0.1025.0>,ranch_conns_sup_sup}. Started: id={ranch_conns_sup,23},pid=<0.1049.0>.
2026-09-11 18:01:16.051071+09:00 [info] <0.1025.0>@supervisor:report_progress/2:1568 Supervisor: {<0.1025.0>,ranch_conns_sup_sup}. Started: id={ranch_conns_sup,24},pid=<0.1050.0>.
2026-09-11 18:01:16.053309+09:00 [info] <0.1025.0>@supervisor:report_progress/2:1568 Supervisor: {<0.1025.0>,ranch_conns_sup_sup}. Started: id={ranch_conns_sup,25},pid=<0.1051.0>.
2026-09-11 18:01:16.056688+09:00 [info] <0.1025.0>@supervisor:report_progress/2:1568 Supervisor: {<0.1025.0>,ranch_conns_sup_sup}. Started: id={ranch_conns_sup,26},pid=<0.1052.0>.
2026-09-11 18:01:16.060382+09:00 [info] <0.1025.0>@supervisor:report_progress/2:1568 Supervisor: {<0.1025.0>,ranch_conns_sup_sup}. Started: id={ranch_conns_sup,27},pid=<0.1053.0>.
2026-09-11 18:01:16.064250+09:00 [info] <0.1025.0>@supervisor:report_progress/2:1568 Supervisor: {<0.1025.0>,ranch_conns_sup_sup}. Started: id={ranch_conns_sup,28},pid=<0.1054.0>.
2026-09-11 18:01:16.067772+09:00 [info] <0.1025.0>@supervisor:report_progress/2:1568 Supervisor: {<0.1025.0>,ranch_conns_sup_sup}. Started: id={ranch_conns_sup,29},pid=<0.1055.0>.
2026-09-11 18:01:16.070697+09:00 [info] <0.1025.0>@supervisor:report_progress/2:1568 Supervisor: {<0.1025.0>,ranch_conns_sup_sup}. Started: id={ranch_conns_sup,30},pid=<0.1056.0>.
2026-09-11 18:01:16.073969+09:00 [info] <0.1025.0>@supervisor:report_progress/2:1568 Supervisor: {<0.1025.0>,ranch_conns_sup_sup}. Started: id={ranch_conns_sup,31},pid=<0.1057.0>.
2026-09-11 18:01:16.077137+09:00 [info] <0.1025.0>@supervisor:report_progress/2:1568 Supervisor: {<0.1025.0>,ranch_conns_sup_sup}. Started: id={ranch_conns_sup,32},pid=<0.1058.0>.
2026-09-11 18:01:16.080431+09:00 [info] <0.1025.0>@supervisor:report_progress/2:1568 Supervisor: {<0.1025.0>,ranch_conns_sup_sup}. Started: id={ranch_conns_sup,33},pid=<0.1059.0>.
2026-09-11 18:01:16.084035+09:00 [info] <0.1025.0>@supervisor:report_progress/2:1568 Supervisor: {<0.1025.0>,ranch_conns_sup_sup}. Started: id={ranch_conns_sup,34},pid=<0.1060.0>.
2026-09-11 18:01:16.087640+09:00 [info] <0.1025.0>@supervisor:report_progress/2:1568 Supervisor: {<0.1025.0>,ranch_conns_sup_sup}. Started: id={ranch_conns_sup,35},pid=<0.1061.0>.
2026-09-11 18:01:16.090436+09:00 [info] <0.1025.0>@supervisor:report_progress/2:1568 Supervisor: {<0.1025.0>,ranch_conns_sup_sup}. Started: id={ranch_conns_sup,36},pid=<0.1062.0>.
2026-09-11 18:01:16.093578+09:00 [info] <0.1025.0>@supervisor:report_progress/2:1568 Supervisor: {<0.1025.0>,ranch_conns_sup_sup}. Started: id={ranch_conns_sup,37},pid=<0.1063.0>.
2026-09-11 18:01:16.097325+09:00 [info] <0.1025.0>@supervisor:report_progress/2:1568 Supervisor: {<0.1025.0>,ranch_conns_sup_sup}. Started: id={ranch_conns_sup,38},pid=<0.1064.0>.
2026-09-11 18:01:16.109115+09:00 [info] <0.1025.0>@supervisor:report_progress/2:1568 Supervisor: {<0.1025.0>,ranch_conns_sup_sup}. Started: id={ranch_conns_sup,39},pid=<0.1065.0>.
2026-09-11 18:01:16.119406+09:00 [info] <0.1025.0>@supervisor:report_progress/2:1568 Supervisor: {<0.1025.0>,ranch_conns_sup_sup}. Started: id={ranch_conns_sup,40},pid=<0.1066.0>.
2026-09-11 18:01:16.126914+09:00 [info] <0.1025.0>@supervisor:report_progress/2:1568 Supervisor: {<0.1025.0>,ranch_conns_sup_sup}. Started: id={ranch_conns_sup,41},pid=<0.1067.0>.
2026-09-11 18:01:16.130803+09:00 [info] <0.1025.0>@supervisor:report_progress/2:1568 Supervisor: {<0.1025.0>,ranch_conns_sup_sup}. Started: id={ranch_conns_sup,42},pid=<0.1068.0>.
2026-09-11 18:01:16.139553+09:00 [info] <0.1025.0>@supervisor:report_progress/2:1568 Supervisor: {<0.1025.0>,ranch_conns_sup_sup}. Started: id={ranch_conns_sup,43},pid=<0.1069.0>.
2026-09-11 18:01:16.142932+09:00 [info] <0.1025.0>@supervisor:report_progress/2:1568 Supervisor: {<0.1025.0>,ranch_conns_sup_sup}. Started: id={ranch_conns_sup,44},pid=<0.1070.0>.
2026-09-11 18:01:16.145634+09:00 [info] <0.1025.0>@supervisor:report_progress/2:1568 Supervisor: {<0.1025.0>,ranch_conns_sup_sup}. Started: id={ranch_conns_sup,45},pid=<0.1071.0>.
2026-09-11 18:01:16.149495+09:00 [info] <0.1025.0>@supervisor:report_progress/2:1568 Supervisor: {<0.1025.0>,ranch_conns_sup_sup}. Started: id={ranch_conns_sup,46},pid=<0.1072.0>.
2026-09-11 18:01:16.154375+09:00 [info] <0.1025.0>@supervisor:report_progress/2:1568 Supervisor: {<0.1025.0>,ranch_conns_sup_sup}. Started: id={ranch_conns_sup,47},pid=<0.1073.0>.
2026-09-11 18:01:16.156861+09:00 [info] <0.1025.0>@supervisor:report_progress/2:1568 Supervisor: {<0.1025.0>,ranch_conns_sup_sup}. Started: id={ranch_conns_sup,48},pid=<0.1074.0>.
2026-09-11 18:01:16.162007+09:00 [info] <0.1025.0>@supervisor:report_progress/2:1568 Supervisor: {<0.1025.0>,ranch_conns_sup_sup}. Started: id={ranch_conns_sup,49},pid=<0.1075.0>.
2026-09-11 18:01:16.165107+09:00 [info] <0.1025.0>@supervisor:report_progress/2:1568 Supervisor: {<0.1025.0>,ranch_conns_sup_sup}. Started: id={ranch_conns_sup,50},pid=<0.1076.0>.
2026-09-11 18:01:16.167835+09:00 [info] <0.1025.0>@supervisor:report_progress/2:1568 Supervisor: {<0.1025.0>,ranch_conns_sup_sup}. Started: id={ranch_conns_sup,51},pid=<0.1077.0>.
2026-09-11 18:01:16.174846+09:00 [info] <0.1025.0>@supervisor:report_progress/2:1568 Supervisor: {<0.1025.0>,ranch_conns_sup_sup}. Started: id={ranch_conns_sup,52},pid=<0.1078.0>.
2026-09-11 18:01:16.177943+09:00 [info] <0.1025.0>@supervisor:report_progress/2:1568 Supervisor: {<0.1025.0>,ranch_conns_sup_sup}. Started: id={ranch_conns_sup,53},pid=<0.1079.0>.
2026-09-11 18:01:16.180903+09:00 [info] <0.1025.0>@supervisor:report_progress/2:1568 Supervisor: {<0.1025.0>,ranch_conns_sup_sup}. Started: id={ranch_conns_sup,54},pid=<0.1080.0>.
2026-09-11 18:01:16.187894+09:00 [info] <0.1025.0>@supervisor:report_progress/2:1568 Supervisor: {<0.1025.0>,ranch_conns_sup_sup}. Started: id={ranch_conns_sup,55},pid=<0.1081.0>.
2026-09-11 18:01:16.190901+09:00 [info] <0.1025.0>@supervisor:report_progress/2:1568 Supervisor: {<0.1025.0>,ranch_conns_sup_sup}. Started: id={ranch_conns_sup,56},pid=<0.1082.0>.
2026-09-11 18:01:16.199404+09:00 [info] <0.1025.0>@supervisor:report_progress/2:1568 Supervisor: {<0.1025.0>,ranch_conns_sup_sup}. Started: id={ranch_conns_sup,57},pid=<0.1083.0>.
2026-09-11 18:01:16.203668+09:00 [info] <0.1025.0>@supervisor:report_progress/2:1568 Supervisor: {<0.1025.0>,ranch_conns_sup_sup}. Started: id={ranch_conns_sup,58},pid=<0.1084.0>.
2026-09-11 18:01:16.212411+09:00 [info] <0.1025.0>@supervisor:report_progress/2:1568 Supervisor: {<0.1025.0>,ranch_conns_sup_sup}. Started: id={ranch_conns_sup,59},pid=<0.1085.0>.
2026-09-11 18:01:16.215286+09:00 [info] <0.1025.0>@supervisor:report_progress/2:1568 Supervisor: {<0.1025.0>,ranch_conns_sup_sup}. Started: id={ranch_conns_sup,60},pid=<0.1086.0>.
2026-09-11 18:01:16.223712+09:00 [info] <0.1025.0>@supervisor:report_progress/2:1568 Supervisor: {<0.1025.0>,ranch_conns_sup_sup}. Started: id={ranch_conns_sup,61},pid=<0.1087.0>.
2026-09-11 18:01:16.227125+09:00 [info] <0.1025.0>@supervisor:report_progress/2:1568 Supervisor: {<0.1025.0>,ranch_conns_sup_sup}. Started: id={ranch_conns_sup,62},pid=<0.1088.0>.
2026-09-11 18:01:16.235214+09:00 [info] <0.1025.0>@supervisor:report_progress/2:1568 Supervisor: {<0.1025.0>,ranch_conns_sup_sup}. Started: id={ranch_conns_sup,63},pid=<0.1089.0>.
2026-09-11 18:01:16.240201+09:00 [info] <0.1025.0>@supervisor:report_progress/2:1568 Supervisor: {<0.1025.0>,ranch_conns_sup_sup}. Started: id={ranch_conns_sup,64},pid=<0.1090.0>.
2026-09-11 18:01:16.242798+09:00 [info] <0.1025.0>@supervisor:report_progress/2:1568 Supervisor: {<0.1025.0>,ranch_conns_sup_sup}. Started: id={ranch_conns_sup,65},pid=<0.1091.0>.
2026-09-11 18:01:16.245507+09:00 [info] <0.1025.0>@supervisor:report_progress/2:1568 Supervisor: {<0.1025.0>,ranch_conns_sup_sup}. Started: id={ranch_conns_sup,66},pid=<0.1092.0>.
2026-09-11 18:01:16.248202+09:00 [info] <0.1025.0>@supervisor:report_progress/2:1568 Supervisor: {<0.1025.0>,ranch_conns_sup_sup}. Started: id={ranch_conns_sup,67},pid=<0.1093.0>.
2026-09-11 18:01:16.251389+09:00 [info] <0.1025.0>@supervisor:report_progress/2:1568 Supervisor: {<0.1025.0>,ranch_conns_sup_sup}. Started: id={ranch_conns_sup,68},pid=<0.1094.0>.
2026-09-11 18:01:16.254099+09:00 [info] <0.1025.0>@supervisor:report_progress/2:1568 Supervisor: {<0.1025.0>,ranch_conns_sup_sup}. Started: id={ranch_conns_sup,69},pid=<0.1095.0>.
2026-09-11 18:01:16.257098+09:00 [info] <0.1025.0>@supervisor:report_progress/2:1568 Supervisor: {<0.1025.0>,ranch_conns_sup_sup}. Started: id={ranch_conns_sup,70},pid=<0.1096.0>.
2026-09-11 18:01:16.259778+09:00 [info] <0.1025.0>@supervisor:report_progress/2:1568 Supervisor: {<0.1025.0>,ranch_conns_sup_sup}. Started: id={ranch_conns_sup,71},pid=<0.1097.0>.
2026-09-11 18:01:16.262678+09:00 [info] <0.1025.0>@supervisor:report_progress/2:1568 Supervisor: {<0.1025.0>,ranch_conns_sup_sup}. Started: id={ranch_conns_sup,72},pid=<0.1098.0>.
2026-09-11 18:01:16.265102+09:00 [info] <0.1025.0>@supervisor:report_progress/2:1568 Supervisor: {<0.1025.0>,ranch_conns_sup_sup}. Started: id={ranch_conns_sup,73},pid=<0.1099.0>.
2026-09-11 18:01:16.272817+09:00 [info] <0.1025.0>@supervisor:report_progress/2:1568 Supervisor: {<0.1025.0>,ranch_conns_sup_sup}. Started: id={ranch_conns_sup,74},pid=<0.1100.0>.
2026-09-11 18:01:16.276907+09:00 [info] <0.1025.0>@supervisor:report_progress/2:1568 Supervisor: {<0.1025.0>,ranch_conns_sup_sup}. Started: id={ranch_conns_sup,75},pid=<0.1101.0>.
2026-09-11 18:01:16.282528+09:00 [info] <0.1025.0>@supervisor:report_progress/2:1568 Supervisor: {<0.1025.0>,ranch_conns_sup_sup}. Started: id={ranch_conns_sup,76},pid=<0.1102.0>.
2026-09-11 18:01:16.287015+09:00 [info] <0.1025.0>@supervisor:report_progress/2:1568 Supervisor: {<0.1025.0>,ranch_conns_sup_sup}. Started: id={ranch_conns_sup,77},pid=<0.1103.0>.
2026-09-11 18:01:16.292528+09:00 [info] <0.1025.0>@supervisor:report_progress/2:1568 Supervisor: {<0.1025.0>,ranch_conns_sup_sup}. Started: id={ranch_conns_sup,78},pid=<0.1104.0>.
2026-09-11 18:01:16.297519+09:00 [info] <0.1025.0>@supervisor:report_progress/2:1568 Supervisor: {<0.1025.0>,ranch_conns_sup_sup}. Started: id={ranch_conns_sup,79},pid=<0.1105.0>.
2026-09-11 18:01:16.303813+09:00 [info] <0.1025.0>@supervisor:report_progress/2:1568 Supervisor: {<0.1025.0>,ranch_conns_sup_sup}. Started: id={ranch_conns_sup,80},pid=<0.1106.0>.
2026-09-11 18:01:16.305343+09:00 [info] <0.1025.0>@supervisor:report_progress/2:1568 Supervisor: {<0.1025.0>,ranch_conns_sup_sup}. Started: id={ranch_conns_sup,81},pid=<0.1108.0>.
2026-09-11 18:01:16.307863+09:00 [info] <0.1025.0>@supervisor:report_progress/2:1568 Supervisor: {<0.1025.0>,ranch_conns_sup_sup}. Started: id={ranch_conns_sup,82},pid=<0.1109.0>.
2026-09-11 18:01:16.309865+09:00 [info] <0.1025.0>@supervisor:report_progress/2:1568 Supervisor: {<0.1025.0>,ranch_conns_sup_sup}. Started: id={ranch_conns_sup,83},pid=<0.1110.0>.
2026-09-11 18:01:16.312738+09:00 [info] <0.1025.0>@supervisor:report_progress/2:1568 Supervisor: {<0.1025.0>,ranch_conns_sup_sup}. Started: id={ranch_conns_sup,84},pid=<0.1111.0>.
2026-09-11 18:01:16.315260+09:00 [info] <0.1025.0>@supervisor:report_progress/2:1568 Supervisor: {<0.1025.0>,ranch_conns_sup_sup}. Started: id={ranch_conns_sup,85},pid=<0.1112.0>.
2026-09-11 18:01:16.316743+09:00 [info] <0.1025.0>@supervisor:report_progress/2:1568 Supervisor: {<0.1025.0>,ranch_conns_sup_sup}. Started: id={ranch_conns_sup,86},pid=<0.1113.0>.
2026-09-11 18:01:16.320004+09:00 [info] <0.1025.0>@supervisor:report_progress/2:1568 Supervisor: {<0.1025.0>,ranch_conns_sup_sup}. Started: id={ranch_conns_sup,87},pid=<0.1114.0>.
2026-09-11 18:01:16.321274+09:00 [info] <0.1025.0>@supervisor:report_progress/2:1568 Supervisor: {<0.1025.0>,ranch_conns_sup_sup}. Started: id={ranch_conns_sup,88},pid=<0.1115.0>.
2026-09-11 18:01:16.322456+09:00 [info] <0.1025.0>@supervisor:report_progress/2:1568 Supervisor: {<0.1025.0>,ranch_conns_sup_sup}. Started: id={ranch_conns_sup,89},pid=<0.1116.0>.
2026-09-11 18:01:16.324466+09:00 [info] <0.1025.0>@supervisor:report_progress/2:1568 Supervisor: {<0.1025.0>,ranch_conns_sup_sup}. Started: id={ranch_conns_sup,90},pid=<0.1117.0>.
2026-09-11 18:01:16.330285+09:00 [info] <0.1025.0>@supervisor:report_progress/2:1568 Supervisor: {<0.1025.0>,ranch_conns_sup_sup}. Started: id={ranch_conns_sup,91},pid=<0.1118.0>.
2026-09-11 18:01:16.334248+09:00 [info] <0.1025.0>@supervisor:report_progress/2:1568 Supervisor: {<0.1025.0>,ranch_conns_sup_sup}. Started: id={ranch_conns_sup,92},pid=<0.1119.0>.
2026-09-11 18:01:16.337044+09:00 [info] <0.1025.0>@supervisor:report_progress/2:1568 Supervisor: {<0.1025.0>,ranch_conns_sup_sup}. Started: id={ranch_conns_sup,93},pid=<0.1120.0>.
2026-09-11 18:01:16.339701+09:00 [info] <0.1025.0>@supervisor:report_progress/2:1568 Supervisor: {<0.1025.0>,ranch_conns_sup_sup}. Started: id={ranch_conns_sup,94},pid=<0.1121.0>.
2026-09-11 18:01:16.343319+09:00 [info] <0.1025.0>@supervisor:report_progress/2:1568 Supervisor: {<0.1025.0>,ranch_conns_sup_sup}. Started: id={ranch_conns_sup,95},pid=<0.1122.0>.
2026-09-11 18:01:16.347182+09:00 [info] <0.1025.0>@supervisor:report_progress/2:1568 Supervisor: {<0.1025.0>,ranch_conns_sup_sup}. Started: id={ranch_conns_sup,96},pid=<0.1123.0>.
2026-09-11 18:01:16.350583+09:00 [info] <0.1025.0>@supervisor:report_progress/2:1568 Supervisor: {<0.1025.0>,ranch_conns_sup_sup}. Started: id={ranch_conns_sup,97},pid=<0.1124.0>.
2026-09-11 18:01:16.354515+09:00 [info] <0.1025.0>@supervisor:report_progress/2:1568 Supervisor: {<0.1025.0>,ranch_conns_sup_sup}. Started: id={ranch_conns_sup,98},pid=<0.1125.0>.
2026-09-11 18:01:16.358300+09:00 [info] <0.1025.0>@supervisor:report_progress/2:1568 Supervisor: {<0.1025.0>,ranch_conns_sup_sup}. Started: id={ranch_conns_sup,99},pid=<0.1126.0>.
2026-09-11 18:01:16.363134+09:00 [info] <0.1025.0>@supervisor:report_progress/2:1568 Supervisor: {<0.1025.0>,ranch_conns_sup_sup}. Started: id={ranch_conns_sup,100},pid=<0.1127.0>.
2026-09-11 18:01:16.366240+09:00 [info] <0.1024.0>@supervisor:report_progress/2:1568 Supervisor: {<0.1024.0>,ranch_listener_sup}. Started: id=ranch_conns_sup_sup,pid=<0.1025.0>.
2026-09-11 18:01:16.454486+09:00 [info] <0.1128.0>@supervisor:report_progress/2:1568 Supervisor: {<0.1128.0>,ranch_acceptors_sup}. Started: id={acceptor,<0.1128.0>,1},pid=<0.1129.0>.
2026-09-11 18:01:16.459106+09:00 [info] <0.1128.0>@supervisor:report_progress/2:1568 Supervisor: {<0.1128.0>,ranch_acceptors_sup}. Started: id={acceptor,<0.1128.0>,2},pid=<0.1130.0>.
2026-09-11 18:01:16.463038+09:00 [info] <0.1128.0>@supervisor:report_progress/2:1568 Supervisor: {<0.1128.0>,ranch_acceptors_sup}. Started: id={acceptor,<0.1128.0>,3},pid=<0.1131.0>.
2026-09-11 18:01:16.469514+09:00 [info] <0.1128.0>@supervisor:report_progress/2:1568 Supervisor: {<0.1128.0>,ranch_acceptors_sup}. Started: id={acceptor,<0.1128.0>,4},pid=<0.1132.0>.
2026-09-11 18:01:16.473147+09:00 [info] <0.1128.0>@supervisor:report_progress/2:1568 Supervisor: {<0.1128.0>,ranch_acceptors_sup}. Started: id={acceptor,<0.1128.0>,5},pid=<0.1133.0>.
2026-09-11 18:01:16.475651+09:00 [info] <0.1128.0>@supervisor:report_progress/2:1568 Supervisor: {<0.1128.0>,ranch_acceptors_sup}. Started: id={acceptor,<0.1128.0>,6},pid=<0.1134.0>.
2026-09-11 18:01:16.478930+09:00 [info] <0.1128.0>@supervisor:report_progress/2:1568 Supervisor: {<0.1128.0>,ranch_acceptors_sup}. Started: id={acceptor,<0.1128.0>,7},pid=<0.1135.0>.
2026-09-11 18:01:16.482289+09:00 [info] <0.1128.0>@supervisor:report_progress/2:1568 Supervisor: {<0.1128.0>,ranch_acceptors_sup}. Started: id={acceptor,<0.1128.0>,8},pid=<0.1136.0>.
2026-09-11 18:01:16.485201+09:00 [info] <0.1128.0>@supervisor:report_progress/2:1568 Supervisor: {<0.1128.0>,ranch_acceptors_sup}. Started: id={acceptor,<0.1128.0>,9},pid=<0.1137.0>.
2026-09-11 18:01:16.490238+09:00 [info] <0.1128.0>@supervisor:report_progress/2:1568 Supervisor: {<0.1128.0>,ranch_acceptors_sup}. Started: id={acceptor,<0.1128.0>,10},pid=<0.1138.0>.
2026-09-11 18:01:16.493178+09:00 [info] <0.1128.0>@supervisor:report_progress/2:1568 Supervisor: {<0.1128.0>,ranch_acceptors_sup}. Started: id={acceptor,<0.1128.0>,11},pid=<0.1139.0>.
2026-09-11 18:01:16.498759+09:00 [info] <0.1128.0>@supervisor:report_progress/2:1568 Supervisor: {<0.1128.0>,ranch_acceptors_sup}. Started: id={acceptor,<0.1128.0>,12},pid=<0.1140.0>.
2026-09-11 18:01:16.503166+09:00 [info] <0.1128.0>@supervisor:report_progress/2:1568 Supervisor: {<0.1128.0>,ranch_acceptors_sup}. Started: id={acceptor,<0.1128.0>,13},pid=<0.1141.0>.
2026-09-11 18:01:16.509115+09:00 [info] <0.1128.0>@supervisor:report_progress/2:1568 Supervisor: {<0.1128.0>,ranch_acceptors_sup}. Started: id={acceptor,<0.1128.0>,14},pid=<0.1142.0>.
2026-09-11 18:01:16.517115+09:00 [info] <0.1128.0>@supervisor:report_progress/2:1568 Supervisor: {<0.1128.0>,ranch_acceptors_sup}. Started: id={acceptor,<0.1128.0>,15},pid=<0.1143.0>.
2026-09-11 18:01:16.532819+09:00 [info] <0.1128.0>@supervisor:report_progress/2:1568 Supervisor: {<0.1128.0>,ranch_acceptors_sup}. Started: id={acceptor,<0.1128.0>,16},pid=<0.1144.0>.
2026-09-11 18:01:16.535698+09:00 [info] <0.1128.0>@supervisor:report_progress/2:1568 Supervisor: {<0.1128.0>,ranch_acceptors_sup}. Started: id={acceptor,<0.1128.0>,17},pid=<0.1145.0>.
2026-09-11 18:01:16.538480+09:00 [info] <0.1128.0>@supervisor:report_progress/2:1568 Supervisor: {<0.1128.0>,ranch_acceptors_sup}. Started: id={acceptor,<0.1128.0>,18},pid=<0.1146.0>.
2026-09-11 18:01:16.541921+09:00 [info] <0.1128.0>@supervisor:report_progress/2:1568 Supervisor: {<0.1128.0>,ranch_acceptors_sup}. Started: id={acceptor,<0.1128.0>,19},pid=<0.1147.0>.
2026-09-11 18:01:16.545330+09:00 [info] <0.1128.0>@supervisor:report_progress/2:1568 Supervisor: {<0.1128.0>,ranch_acceptors_sup}. Started: id={acceptor,<0.1128.0>,20},pid=<0.1148.0>.
2026-09-11 18:01:16.548874+09:00 [info] <0.1128.0>@supervisor:report_progress/2:1568 Supervisor: {<0.1128.0>,ranch_acceptors_sup}. Started: id={acceptor,<0.1128.0>,21},pid=<0.1149.0>.
2026-09-11 18:01:16.552534+09:00 [info] <0.1128.0>@supervisor:report_progress/2:1568 Supervisor: {<0.1128.0>,ranch_acceptors_sup}. Started: id={acceptor,<0.1128.0>,22},pid=<0.1150.0>.
2026-09-11 18:01:16.556274+09:00 [info] <0.1128.0>@supervisor:report_progress/2:1568 Supervisor: {<0.1128.0>,ranch_acceptors_sup}. Started: id={acceptor,<0.1128.0>,23},pid=<0.1151.0>.
2026-09-11 18:01:16.560067+09:00 [info] <0.1128.0>@supervisor:report_progress/2:1568 Supervisor: {<0.1128.0>,ranch_acceptors_sup}. Started: id={acceptor,<0.1128.0>,24},pid=<0.1152.0>.
2026-09-11 18:01:16.565181+09:00 [info] <0.1128.0>@supervisor:report_progress/2:1568 Supervisor: {<0.1128.0>,ranch_acceptors_sup}. Started: id={acceptor,<0.1128.0>,25},pid=<0.1153.0>.
2026-09-11 18:01:16.571607+09:00 [info] <0.1128.0>@supervisor:report_progress/2:1568 Supervisor: {<0.1128.0>,ranch_acceptors_sup}. Started: id={acceptor,<0.1128.0>,26},pid=<0.1154.0>.
2026-09-11 18:01:16.576756+09:00 [info] <0.1128.0>@supervisor:report_progress/2:1568 Supervisor: {<0.1128.0>,ranch_acceptors_sup}. Started: id={acceptor,<0.1128.0>,27},pid=<0.1155.0>.
2026-09-11 18:01:16.580793+09:00 [info] <0.1128.0>@supervisor:report_progress/2:1568 Supervisor: {<0.1128.0>,ranch_acceptors_sup}. Started: id={acceptor,<0.1128.0>,28},pid=<0.1156.0>.
2026-09-11 18:01:16.584662+09:00 [info] <0.1128.0>@supervisor:report_progress/2:1568 Supervisor: {<0.1128.0>,ranch_acceptors_sup}. Started: id={acceptor,<0.1128.0>,29},pid=<0.1157.0>.
2026-09-11 18:01:16.588484+09:00 [info] <0.1128.0>@supervisor:report_progress/2:1568 Supervisor: {<0.1128.0>,ranch_acceptors_sup}. Started: id={acceptor,<0.1128.0>,30},pid=<0.1158.0>.
2026-09-11 18:01:16.592610+09:00 [info] <0.1128.0>@supervisor:report_progress/2:1568 Supervisor: {<0.1128.0>,ranch_acceptors_sup}. Started: id={acceptor,<0.1128.0>,31},pid=<0.1159.0>.
2026-09-11 18:01:16.596774+09:00 [info] <0.1128.0>@supervisor:report_progress/2:1568 Supervisor: {<0.1128.0>,ranch_acceptors_sup}. Started: id={acceptor,<0.1128.0>,32},pid=<0.1160.0>.
2026-09-11 18:01:16.600725+09:00 [info] <0.1128.0>@supervisor:report_progress/2:1568 Supervisor: {<0.1128.0>,ranch_acceptors_sup}. Started: id={acceptor,<0.1128.0>,33},pid=<0.1161.0>.
2026-09-11 18:01:16.604660+09:00 [info] <0.1128.0>@supervisor:report_progress/2:1568 Supervisor: {<0.1128.0>,ranch_acceptors_sup}. Started: id={acceptor,<0.1128.0>,34},pid=<0.1162.0>.
2026-09-11 18:01:16.608815+09:00 [info] <0.1128.0>@supervisor:report_progress/2:1568 Supervisor: {<0.1128.0>,ranch_acceptors_sup}. Started: id={acceptor,<0.1128.0>,35},pid=<0.1163.0>.
2026-09-11 18:01:16.612602+09:00 [info] <0.1128.0>@supervisor:report_progress/2:1568 Supervisor: {<0.1128.0>,ranch_acceptors_sup}. Started: id={acceptor,<0.1128.0>,36},pid=<0.1164.0>.
2026-09-11 18:01:16.616297+09:00 [info] <0.1128.0>@supervisor:report_progress/2:1568 Supervisor: {<0.1128.0>,ranch_acceptors_sup}. Started: id={acceptor,<0.1128.0>,37},pid=<0.1165.0>.
2026-09-11 18:01:16.619400+09:00 [info] <0.1128.0>@supervisor:report_progress/2:1568 Supervisor: {<0.1128.0>,ranch_acceptors_sup}. Started: id={acceptor,<0.1128.0>,38},pid=<0.1166.0>.
2026-09-11 18:01:16.622707+09:00 [info] <0.1128.0>@supervisor:report_progress/2:1568 Supervisor: {<0.1128.0>,ranch_acceptors_sup}. Started: id={acceptor,<0.1128.0>,39},pid=<0.1167.0>.
2026-09-11 18:01:16.624528+09:00 [info] <0.1128.0>@supervisor:report_progress/2:1568 Supervisor: {<0.1128.0>,ranch_acceptors_sup}. Started: id={acceptor,<0.1128.0>,40},pid=<0.1168.0>.
2026-09-11 18:01:16.627012+09:00 [info] <0.1128.0>@supervisor:report_progress/2:1568 Supervisor: {<0.1128.0>,ranch_acceptors_sup}. Started: id={acceptor,<0.1128.0>,41},pid=<0.1169.0>.
2026-09-11 18:01:16.629176+09:00 [info] <0.1128.0>@supervisor:report_progress/2:1568 Supervisor: {<0.1128.0>,ranch_acceptors_sup}. Started: id={acceptor,<0.1128.0>,42},pid=<0.1170.0>.
2026-09-11 18:01:16.631623+09:00 [info] <0.1128.0>@supervisor:report_progress/2:1568 Supervisor: {<0.1128.0>,ranch_acceptors_sup}. Started: id={acceptor,<0.1128.0>,43},pid=<0.1171.0>.
2026-09-11 18:01:16.633885+09:00 [info] <0.1128.0>@supervisor:report_progress/2:1568 Supervisor: {<0.1128.0>,ranch_acceptors_sup}. Started: id={acceptor,<0.1128.0>,44},pid=<0.1172.0>.
2026-09-11 18:01:16.635544+09:00 [info] <0.1128.0>@supervisor:report_progress/2:1568 Supervisor: {<0.1128.0>,ranch_acceptors_sup}. Started: id={acceptor,<0.1128.0>,45},pid=<0.1173.0>.
2026-09-11 18:01:16.639048+09:00 [info] <0.1128.0>@supervisor:report_progress/2:1568 Supervisor: {<0.1128.0>,ranch_acceptors_sup}. Started: id={acceptor,<0.1128.0>,46},pid=<0.1174.0>.
2026-09-11 18:01:16.641260+09:00 [info] <0.1128.0>@supervisor:report_progress/2:1568 Supervisor: {<0.1128.0>,ranch_acceptors_sup}. Started: id={acceptor,<0.1128.0>,47},pid=<0.1175.0>.
2026-09-11 18:01:16.645556+09:00 [info] <0.1128.0>@supervisor:report_progress/2:1568 Supervisor: {<0.1128.0>,ranch_acceptors_sup}. Started: id={acceptor,<0.1128.0>,48},pid=<0.1176.0>.
2026-09-11 18:01:16.647896+09:00 [info] <0.1128.0>@supervisor:report_progress/2:1568 Supervisor: {<0.1128.0>,ranch_acceptors_sup}. Started: id={acceptor,<0.1128.0>,49},pid=<0.1177.0>.
2026-09-11 18:01:16.652336+09:00 [info] <0.1128.0>@supervisor:report_progress/2:1568 Supervisor: {<0.1128.0>,ranch_acceptors_sup}. Started: id={acceptor,<0.1128.0>,50},pid=<0.1178.0>.
2026-09-11 18:01:16.664497+09:00 [info] <0.1128.0>@supervisor:report_progress/2:1568 Supervisor: {<0.1128.0>,ranch_acceptors_sup}. Started: id={acceptor,<0.1128.0>,51},pid=<0.1179.0>.
2026-09-11 18:01:16.668808+09:00 [info] <0.1128.0>@supervisor:report_progress/2:1568 Supervisor: {<0.1128.0>,ranch_acceptors_sup}. Started: id={acceptor,<0.1128.0>,52},pid=<0.1180.0>.
2026-09-11 18:01:16.672352+09:00 [info] <0.1128.0>@supervisor:report_progress/2:1568 Supervisor: {<0.1128.0>,ranch_acceptors_sup}. Started: id={acceptor,<0.1128.0>,53},pid=<0.1181.0>.
2026-09-11 18:01:16.676297+09:00 [info] <0.1128.0>@supervisor:report_progress/2:1568 Supervisor: {<0.1128.0>,ranch_acceptors_sup}. Started: id={acceptor,<0.1128.0>,54},pid=<0.1182.0>.
2026-09-11 18:01:16.680299+09:00 [info] <0.1128.0>@supervisor:report_progress/2:1568 Supervisor: {<0.1128.0>,ranch_acceptors_sup}. Started: id={acceptor,<0.1128.0>,55},pid=<0.1183.0>.
2026-09-11 18:01:16.685534+09:00 [info] <0.1128.0>@supervisor:report_progress/2:1568 Supervisor: {<0.1128.0>,ranch_acceptors_sup}. Started: id={acceptor,<0.1128.0>,56},pid=<0.1184.0>.
2026-09-11 18:01:16.691957+09:00 [info] <0.1128.0>@supervisor:report_progress/2:1568 Supervisor: {<0.1128.0>,ranch_acceptors_sup}. Started: id={acceptor,<0.1128.0>,57},pid=<0.1185.0>.
2026-09-11 18:01:16.697080+09:00 [info] <0.1128.0>@supervisor:report_progress/2:1568 Supervisor: {<0.1128.0>,ranch_acceptors_sup}. Started: id={acceptor,<0.1128.0>,58},pid=<0.1186.0>.
2026-09-11 18:01:16.699115+09:00 [info] <0.1128.0>@supervisor:report_progress/2:1568 Supervisor: {<0.1128.0>,ranch_acceptors_sup}. Started: id={acceptor,<0.1128.0>,59},pid=<0.1187.0>.
2026-09-11 18:01:16.700920+09:00 [info] <0.1128.0>@supervisor:report_progress/2:1568 Supervisor: {<0.1128.0>,ranch_acceptors_sup}. Started: id={acceptor,<0.1128.0>,60},pid=<0.1188.0>.
2026-09-11 18:01:16.703487+09:00 [info] <0.1128.0>@supervisor:report_progress/2:1568 Supervisor: {<0.1128.0>,ranch_acceptors_sup}. Started: id={acceptor,<0.1128.0>,61},pid=<0.1189.0>.
2026-09-11 18:01:16.707410+09:00 [info] <0.1128.0>@supervisor:report_progress/2:1568 Supervisor: {<0.1128.0>,ranch_acceptors_sup}. Started: id={acceptor,<0.1128.0>,62},pid=<0.1190.0>.
2026-09-11 18:01:16.713990+09:00 [info] <0.1128.0>@supervisor:report_progress/2:1568 Supervisor: {<0.1128.0>,ranch_acceptors_sup}. Started: id={acceptor,<0.1128.0>,63},pid=<0.1191.0>.
2026-09-11 18:01:16.720815+09:00 [info] <0.1128.0>@supervisor:report_progress/2:1568 Supervisor: {<0.1128.0>,ranch_acceptors_sup}. Started: id={acceptor,<0.1128.0>,64},pid=<0.1192.0>.
2026-09-11 18:01:16.723996+09:00 [info] <0.1128.0>@supervisor:report_progress/2:1568 Supervisor: {<0.1128.0>,ranch_acceptors_sup}. Started: id={acceptor,<0.1128.0>,65},pid=<0.1193.0>.
2026-09-11 18:01:16.727727+09:00 [info] <0.1128.0>@supervisor:report_progress/2:1568 Supervisor: {<0.1128.0>,ranch_acceptors_sup}. Started: id={acceptor,<0.1128.0>,66},pid=<0.1194.0>.
2026-09-11 18:01:16.731185+09:00 [info] <0.1128.0>@supervisor:report_progress/2:1568 Supervisor: {<0.1128.0>,ranch_acceptors_sup}. Started: id={acceptor,<0.1128.0>,67},pid=<0.1195.0>.
2026-09-11 18:01:16.762031+09:00 [info] <0.1128.0>@supervisor:report_progress/2:1568 Supervisor: {<0.1128.0>,ranch_acceptors_sup}. Started: id={acceptor,<0.1128.0>,68},pid=<0.1196.0>.
2026-09-11 18:01:16.768053+09:00 [info] <0.1128.0>@supervisor:report_progress/2:1568 Supervisor: {<0.1128.0>,ranch_acceptors_sup}. Started: id={acceptor,<0.1128.0>,69},pid=<0.1197.0>.
2026-09-11 18:01:16.784941+09:00 [info] <0.1128.0>@supervisor:report_progress/2:1568 Supervisor: {<0.1128.0>,ranch_acceptors_sup}. Started: id={acceptor,<0.1128.0>,70},pid=<0.1198.0>.
2026-09-11 18:01:16.792565+09:00 [info] <0.1128.0>@supervisor:report_progress/2:1568 Supervisor: {<0.1128.0>,ranch_acceptors_sup}. Started: id={acceptor,<0.1128.0>,71},pid=<0.1199.0>.
2026-09-11 18:01:16.796573+09:00 [info] <0.1128.0>@supervisor:report_progress/2:1568 Supervisor: {<0.1128.0>,ranch_acceptors_sup}. Started: id={acceptor,<0.1128.0>,72},pid=<0.1200.0>.
2026-09-11 18:01:16.800554+09:00 [info] <0.1128.0>@supervisor:report_progress/2:1568 Supervisor: {<0.1128.0>,ranch_acceptors_sup}. Started: id={acceptor,<0.1128.0>,73},pid=<0.1201.0>.
2026-09-11 18:01:16.812740+09:00 [info] <0.1128.0>@supervisor:report_progress/2:1568 Supervisor: {<0.1128.0>,ranch_acceptors_sup}. Started: id={acceptor,<0.1128.0>,74},pid=<0.1202.0>.
2026-09-11 18:01:16.818551+09:00 [info] <0.1128.0>@supervisor:report_progress/2:1568 Supervisor: {<0.1128.0>,ranch_acceptors_sup}. Started: id={acceptor,<0.1128.0>,75},pid=<0.1203.0>.
2026-09-11 18:01:16.822769+09:00 [info] <0.1128.0>@supervisor:report_progress/2:1568 Supervisor: {<0.1128.0>,ranch_acceptors_sup}. Started: id={acceptor,<0.1128.0>,76},pid=<0.1204.0>.
2026-09-11 18:01:16.826384+09:00 [info] <0.1128.0>@supervisor:report_progress/2:1568 Supervisor: {<0.1128.0>,ranch_acceptors_sup}. Started: id={acceptor,<0.1128.0>,77},pid=<0.1205.0>.
2026-09-11 18:01:16.831238+09:00 [info] <0.1128.0>@supervisor:report_progress/2:1568 Supervisor: {<0.1128.0>,ranch_acceptors_sup}. Started: id={acceptor,<0.1128.0>,78},pid=<0.1206.0>.
2026-09-11 18:01:16.835163+09:00 [info] <0.1128.0>@supervisor:report_progress/2:1568 Supervisor: {<0.1128.0>,ranch_acceptors_sup}. Started: id={acceptor,<0.1128.0>,79},pid=<0.1207.0>.
2026-09-11 18:01:16.838915+09:00 [info] <0.1128.0>@supervisor:report_progress/2:1568 Supervisor: {<0.1128.0>,ranch_acceptors_sup}. Started: id={acceptor,<0.1128.0>,80},pid=<0.1208.0>.
2026-09-11 18:01:16.843296+09:00 [info] <0.1128.0>@supervisor:report_progress/2:1568 Supervisor: {<0.1128.0>,ranch_acceptors_sup}. Started: id={acceptor,<0.1128.0>,81},pid=<0.1209.0>.
2026-09-11 18:01:16.847720+09:00 [info] <0.1128.0>@supervisor:report_progress/2:1568 Supervisor: {<0.1128.0>,ranch_acceptors_sup}. Started: id={acceptor,<0.1128.0>,82},pid=<0.1210.0>.
2026-09-11 18:01:16.851209+09:00 [info] <0.1128.0>@supervisor:report_progress/2:1568 Supervisor: {<0.1128.0>,ranch_acceptors_sup}. Started: id={acceptor,<0.1128.0>,83},pid=<0.1211.0>.
2026-09-11 18:01:16.855115+09:00 [info] <0.1128.0>@supervisor:report_progress/2:1568 Supervisor: {<0.1128.0>,ranch_acceptors_sup}. Started: id={acceptor,<0.1128.0>,84},pid=<0.1212.0>.
2026-09-11 18:01:16.858800+09:00 [info] <0.1128.0>@supervisor:report_progress/2:1568 Supervisor: {<0.1128.0>,ranch_acceptors_sup}. Started: id={acceptor,<0.1128.0>,85},pid=<0.1213.0>.
2026-09-11 18:01:16.862628+09:00 [info] <0.1128.0>@supervisor:report_progress/2:1568 Supervisor: {<0.1128.0>,ranch_acceptors_sup}. Started: id={acceptor,<0.1128.0>,86},pid=<0.1214.0>.
2026-09-11 18:01:16.866665+09:00 [info] <0.1128.0>@supervisor:report_progress/2:1568 Supervisor: {<0.1128.0>,ranch_acceptors_sup}. Started: id={acceptor,<0.1128.0>,87},pid=<0.1215.0>.
2026-09-11 18:01:16.870628+09:00 [info] <0.1128.0>@supervisor:report_progress/2:1568 Supervisor: {<0.1128.0>,ranch_acceptors_sup}. Started: id={acceptor,<0.1128.0>,88},pid=<0.1216.0>.
2026-09-11 18:01:16.874727+09:00 [info] <0.1128.0>@supervisor:report_progress/2:1568 Supervisor: {<0.1128.0>,ranch_acceptors_sup}. Started: id={acceptor,<0.1128.0>,89},pid=<0.1217.0>.
2026-09-11 18:01:16.878956+09:00 [info] <0.1128.0>@supervisor:report_progress/2:1568 Supervisor: {<0.1128.0>,ranch_acceptors_sup}. Started: id={acceptor,<0.1128.0>,90},pid=<0.1218.0>.
2026-09-11 18:01:16.882467+09:00 [info] <0.1128.0>@supervisor:report_progress/2:1568 Supervisor: {<0.1128.0>,ranch_acceptors_sup}. Started: id={acceptor,<0.1128.0>,91},pid=<0.1219.0>.
2026-09-11 18:01:16.886286+09:00 [info] <0.1128.0>@supervisor:report_progress/2:1568 Supervisor: {<0.1128.0>,ranch_acceptors_sup}. Started: id={acceptor,<0.1128.0>,92},pid=<0.1220.0>.
2026-09-11 18:01:16.889717+09:00 [info] <0.1128.0>@supervisor:report_progress/2:1568 Supervisor: {<0.1128.0>,ranch_acceptors_sup}. Started: id={acceptor,<0.1128.0>,93},pid=<0.1221.0>.
2026-09-11 18:01:16.893253+09:00 [info] <0.1128.0>@supervisor:report_progress/2:1568 Supervisor: {<0.1128.0>,ranch_acceptors_sup}. Started: id={acceptor,<0.1128.0>,94},pid=<0.1222.0>.
2026-09-11 18:01:16.896922+09:00 [info] <0.1128.0>@supervisor:report_progress/2:1568 Supervisor: {<0.1128.0>,ranch_acceptors_sup}. Started: id={acceptor,<0.1128.0>,95},pid=<0.1223.0>.
2026-09-11 18:01:16.900891+09:00 [info] <0.1128.0>@supervisor:report_progress/2:1568 Supervisor: {<0.1128.0>,ranch_acceptors_sup}. Started: id={acceptor,<0.1128.0>,96},pid=<0.1224.0>.
2026-09-11 18:01:16.905093+09:00 [info] <0.1128.0>@supervisor:report_progress/2:1568 Supervisor: {<0.1128.0>,ranch_acceptors_sup}. Started: id={acceptor,<0.1128.0>,97},pid=<0.1225.0>.
2026-09-11 18:01:16.908662+09:00 [info] <0.1128.0>@supervisor:report_progress/2:1568 Supervisor: {<0.1128.0>,ranch_acceptors_sup}. Started: id={acceptor,<0.1128.0>,98},pid=<0.1226.0>.
2026-09-11 18:01:16.913727+09:00 [info] <0.1128.0>@supervisor:report_progress/2:1568 Supervisor: {<0.1128.0>,ranch_acceptors_sup}. Started: id={acceptor,<0.1128.0>,99},pid=<0.1227.0>.
2026-09-11 18:01:16.918269+09:00 [info] <0.1128.0>@supervisor:report_progress/2:1568 Supervisor: {<0.1128.0>,ranch_acceptors_sup}. Started: id={acceptor,<0.1128.0>,100},pid=<0.1228.0>.
2026-09-11 18:01:16.921511+09:00 [info] <0.1024.0>@supervisor:report_progress/2:1568 Supervisor: {<0.1024.0>,ranch_listener_sup}. Started: id=ranch_acceptors_sup,pid=<0.1128.0>.
2026-09-11 18:01:16.924320+09:00 [info] <0.728.0>@supervisor:report_progress/2:1568 Supervisor: {local,ranch_sup}. Started: id={ranch_listener_sup,{[49,50,55,46,48,46,48,46,49],9080}},pid=<0.1024.0>.
2026-09-11 18:01:16.926817+09:00 [info] <0.1022.0>@riak_core_service_mgr:start_dispatcher/3:524 Service manager: listening on 127.0.0.1:9080
2026-09-11 18:01:16.931148+09:00 [info] <0.1021.0>@supervisor:report_progress/2:1568 Supervisor: {local,riak_core_cluster_mgr_sup}. Started: id=riak_core_service_mgr,pid=<0.1022.0>.
2026-09-11 18:01:17.101675+09:00 [info] <0.1021.0>@supervisor:report_progress/2:1568 Supervisor: {local,riak_core_cluster_mgr_sup}. Started: id=riak_core_connection_mgr,pid=<0.1229.0>.
2026-09-11 18:01:17.139732+09:00 [info] <0.1021.0>@supervisor:report_progress/2:1568 Supervisor: {local,riak_core_cluster_mgr_sup}. Started: id=riak_core_cluster_conn_sup,pid=<0.1230.0>.
2026-09-11 18:01:17.191445+09:00 [info] <0.1231.0>@riak_core_cluster_mgr:become_leader/2:706 ClusterManager: 'openriak-kv@node-04.cluster-a.openriak' becoming the leader
2026-09-11 18:01:17.194020+09:00 [info] <0.1021.0>@supervisor:report_progress/2:1568 Supervisor: {local,riak_core_cluster_mgr_sup}. Started: id=riak_repl_cluster_mgr,pid=<0.1231.0>.
2026-09-11 18:01:17.274736+09:00 [info] <0.1234.0>@riak_core_tcp_mon:init/1:167 Starting TCP Monitor
2026-09-11 18:01:17.277115+09:00 [info] <0.1021.0>@supervisor:report_progress/2:1568 Supervisor: {local,riak_core_cluster_mgr_sup}. Started: id=riak_core_tcp_mon,pid=<0.1234.0>.
2026-09-11 18:01:17.280849+09:00 [info] <0.999.0>@supervisor:report_progress/2:1568 Supervisor: {local,riak_repl_sup}. Started: id=riak_core_cluster_mgr_sup,pid=<0.1021.0>.
2026-09-11 18:01:17.345318+09:00 [info] <0.999.0>@supervisor:report_progress/2:1568 Supervisor: {local,riak_repl_sup}. Started: id=riak_repl2_fs_node_reserver,pid=<0.1235.0>.
2026-09-11 18:01:17.542958+09:00 [info] <0.1238.0>@supervisor:report_progress/2:1568 Supervisor: {local,riak_repl2_rtsource_sup}. Started: id=riak_repl2_rtq,pid=<0.1255.0>.
2026-09-11 18:01:17.589371+09:00 [info] <0.1238.0>@supervisor:report_progress/2:1568 Supervisor: {local,riak_repl2_rtsource_sup}. Started: id=riak_repl2_rtq_overload_counter,pid=<0.1256.0>.
2026-09-11 18:01:17.654714+09:00 [info] <0.1238.0>@supervisor:report_progress/2:1568 Supervisor: {local,riak_repl2_rtsource_sup}. Started: id=riak_repl2_rtsource_conn_sup,pid=<0.1257.0>.
2026-09-11 18:01:17.657702+09:00 [info] <0.1237.0>@supervisor:report_progress/2:1568 Supervisor: {local,riak_repl2_rt_sup}. Started: id=riak_repl2_rtsource_sup,pid=<0.1238.0>.
2026-09-11 18:01:17.733552+09:00 [info] <0.1258.0>@supervisor:report_progress/2:1568 Supervisor: {local,riak_repl2_rtsink_sup}. Started: id=riak_repl2_rtsink_pool,pid=<0.1259.0>.
2026-09-11 18:01:17.822994+09:00 [info] <0.1258.0>@supervisor:report_progress/2:1568 Supervisor: {local,riak_repl2_rtsink_sup}. Started: id=riak_repl2_rtsink_conn_sup,pid=<0.1266.0>.
2026-09-11 18:01:17.826014+09:00 [info] <0.1237.0>@supervisor:report_progress/2:1568 Supervisor: {local,riak_repl2_rt_sup}. Started: id=riak_repl2_rtsink_sup,pid=<0.1258.0>.
2026-09-11 18:01:17.828919+09:00 [info] <0.1237.0>@supervisor:report_progress/2:1568 Supervisor: {local,riak_repl2_rt_sup}. Started: id=riak_repl2_rt,pid=<0.1267.0>.
2026-09-11 18:01:17.831116+09:00 [info] <0.999.0>@supervisor:report_progress/2:1568 Supervisor: {local,riak_repl_sup}. Started: id=riak_repl2_rt_sup,pid=<0.1237.0>.
2026-09-11 18:01:17.873459+09:00 [info] <0.999.0>@supervisor:report_progress/2:1568 Supervisor: {local,riak_repl_sup}. Started: id=riak_repl2_fscoordinator_sup,pid=<0.1268.0>.
2026-09-11 18:01:17.929967+09:00 [info] <0.999.0>@supervisor:report_progress/2:1568 Supervisor: {local,riak_repl_sup}. Started: id=riak_repl2_fscoordinator_serv_sup,pid=<0.1269.0>.
2026-09-11 18:01:17.974378+09:00 [info] <0.999.0>@supervisor:report_progress/2:1568 Supervisor: {local,riak_repl_sup}. Started: id=riak_repl2_fssource_sup,pid=<0.1270.0>.
2026-09-11 18:01:18.004688+09:00 [info] <0.999.0>@supervisor:report_progress/2:1568 Supervisor: {local,riak_repl_sup}. Started: id=riak_repl2_fssink_pool,pid=<0.1271.0>.
2026-09-11 18:01:18.038204+09:00 [info] <0.999.0>@supervisor:report_progress/2:1568 Supervisor: {local,riak_repl_sup}. Started: id=riak_repl2_fssink_sup,pid=<0.1278.0>.
2026-09-11 18:01:18.091181+09:00 [info] <0.999.0>@supervisor:report_progress/2:1568 Supervisor: {local,riak_repl_sup}. Started: id=riak_repl2_pg_proxy_sup,pid=<0.1279.0>.
2026-09-11 18:01:18.198429+09:00 [info] <0.1280.0>@supervisor:report_progress/2:1568 Supervisor: {local,riak_repl2_pg_sup}. Started: id=riak_repl2_pg_block_provider_sup,pid=<0.1281.0>.
2026-09-11 18:01:18.224206+09:00 [info] <0.1280.0>@supervisor:report_progress/2:1568 Supervisor: {local,riak_repl2_pg_sup}. Started: id=riak_repl2_pg_block_requester_sup,pid=<0.1282.0>.
2026-09-11 18:01:18.227001+09:00 [info] <0.1280.0>@supervisor:report_progress/2:1568 Supervisor: {local,riak_repl2_pg_sup}. Started: id=riak_repl2_pg,pid=<0.1283.0>.
2026-09-11 18:01:18.238177+09:00 [info] <0.999.0>@supervisor:report_progress/2:1568 Supervisor: {local,riak_repl_sup}. Started: id=riak_repl2_pg_sup,pid=<0.1280.0>.
2026-09-11 18:01:18.460048+09:00 [info] <0.245.0>@supervisor:report_progress/2:1568 Supervisor: {local,riak_core_stats_sup}. Started: id=riak_core_connection_mgr_stats,pid=<0.1284.0>.
2026-09-11 18:01:18.652602+09:00 [info] <0.245.0>@supervisor:report_progress/2:1568 Supervisor: {local,riak_core_stats_sup}. Started: id=riak_repl_stats,pid=<0.1285.0>.
2026-09-11 18:01:18.808436+09:00 [info] <0.207.0>@supervisor:report_progress/2:1568 Supervisor: {local,riak_core_eventhandler_sup}. Started: id={riak_core_ring_events,riak_repl_ring_handler},pid=<0.1287.0>.
2026-09-11 18:01:18.891477+09:00 [info] <0.759.0>@leveled_monitor:handle_cast/2:625 log_ref=cdb19 db_id=0 Sample timings in microseconds for sample_count=0 with totals of cycle_count=0 index_time=0 read_time=0 with sample_period=7 seconds
2026-09-11 18:01:19.143842+09:00 [info] <0.44.0>@application_controller:info_started/2:2107 Application: riak_repl. Started at: 'openriak-kv@node-04.cluster-a.openriak'.
2026-09-11 18:01:19.148945+09:00 [info] <0.44.0>@application_controller:info_started/2:2107 Application: canola. Started at: 'openriak-kv@node-04.cluster-a.openriak'.
2026-09-11 18:01:19.276528+09:00 [info] <0.44.0>@application_controller:info_started/2:2107 Application: riak_auth_mods. Started at: 'openriak-kv@node-04.cluster-a.openriak'.
2026-09-11 18:01:19.280103+09:00 [info] <0.44.0>@application_controller:info_started/2:2107 Application: riak_logger. Started at: 'openriak-kv@node-04.cluster-a.openriak'.
2026-09-11 18:01:27.627936+09:00 [info] <0.861.0>@leveled_monitor:handle_cast/2:534 log_ref=b0015 db_id=2 Put timing with sample_count=0 ink_time=0 prep_time=0 mem_time=0 with total_object_size=0 with sample_period=13 seconds
2026-09-11 18:01:32.062345+09:00 [info] <0.845.0>@leveled_monitor:handle_cast/2:515 log_ref=b0018 db_id=3 Positive HEAD responses timed with sample_count=0 and cache_count=0 found_count=0 fetch_ledger_time=0 fetch_ledgercache_time=0 rsp_time=0 notfound_time=0 with sample_period=18 seconds
2026-09-11 18:01:35.791242+09:00 [info] <0.470.0>@riak_kv_replrtq_src:handle_info/2:646 QueueName=q1_ttaaefs has queue sizes p1=0 p2=0 p3=0
2026-09-11 18:01:40.337245+09:00 [info] <0.843.0>@leveled_monitor:handle_cast/2:534 log_ref=b0015 db_id=5 Put timing with sample_count=0 ink_time=0 prep_time=0 mem_time=0 with total_object_size=0 with sample_period=26 seconds
2026-09-11 18:01:50.260280+09:00 [info] <0.759.0>@leveled_monitor:handle_cast/2:515 log_ref=b0018 db_id=0 Positive HEAD responses timed with sample_count=0 and cache_count=0 found_count=0 fetch_ledger_time=0 fetch_ledgercache_time=0 rsp_time=0 notfound_time=0 with sample_period=39 seconds
2026-09-11 18:02:01.422177+09:00 [info] <0.854.0>@leveled_monitor:handle_cast/2:580 log_ref=p0032 db_id=1 Fetch head timing with sample_count=0 and level timings of foundmem_time=0 found0_time=0 found1_time=0 found2_time=0 found3_time=0 foundlower_time=0 missed_time=0 with counts of foundmem_count=0 found0_count=0 found1_count=0 found2_count=0 found3_count=0 foundlower_count=0 missed_count=0 with sample_period=47 seconds
2026-09-11 18:02:03.444252+09:00 [info] <0.845.0>@leveled_monitor:handle_cast/2:534 log_ref=b0015 db_id=3 Put timing with sample_count=0 ink_time=0 prep_time=0 mem_time=0 with total_object_size=0 with sample_period=49 seconds
2026-09-11 18:02:04.358267+09:00 [info] <0.847.0>@leveled_monitor:handle_cast/2:494 log_ref=b0016 db_id=6 Get timing with sample_count=0 and head_time=0 body_time=0 with fetch_count=0 with sample_period=50 seconds
2026-09-11 18:02:06.594329+09:00 [info] <0.852.0>@leveled_monitor:handle_cast/2:625 log_ref=cdb19 db_id=7 Sample timings in microseconds for sample_count=0 with totals of cycle_count=0 index_time=0 read_time=0 with sample_period=52 seconds
2026-09-11 18:02:07.042374+09:00 [info] <0.469.0>@riak_kv_ttaaefs_manager:handle_info/2:648 Initiated Tictac AAE Full-Sync Mgr with scope=disabled
2026-09-11 18:02:07.044920+09:00 [info] <0.469.0>@riak_kv_ttaaefs_manager:handle_info/2:668 Initiating schedule at startup SlotInfo {1,1,1} Schedule [{no_check,24},{all_check,0},{day_check,0},{hour_check,0},{range_check,0},{auto_check,0}]
2026-09-11 18:02:07.054890+09:00 [info] <0.469.0>@riak_kv_ttaaefs_manager:handle_info/2:686 Scheduling work_item=no_check in 3495 seconds 23 items to run in schedule
2026-09-11 18:02:07.165055+09:00 [info] <0.470.0>@riak_kv_replrtq_src:handle_info/2:646 QueueName=q1_ttaaefs has queue sizes p1=0 p2=0 p3=0
2026-09-11 18:02:07.631741+09:00 [info] <0.473.0>@riak_kv_overflow_queue:log/5:129 riak_kv_reaper job_id=0 has attempts=0 aborts=0 Queue lengths queue_p2=0 queue_p1=0 Overflow lengths overflow_p2=0 overflow_p1=0 Discard counts discard_p2=0 discard_p1=0
2026-09-11 18:02:07.872728+09:00 [info] <0.474.0>@riak_kv_overflow_queue:log/5:129 riak_kv_eraser job_id=0 has attempts=0 aborts=0 Queue lengths queue_p2=0 queue_p1=0 Overflow lengths overflow_p2=0 overflow_p1=0 Discard counts discard_p2=0 discard_p1=0
2026-09-11 18:02:08.063072+09:00 [info] <0.475.0>@riak_kv_overflow_queue:log/5:129 riak_kv_reader job_id=0 has attempts=0 aborts=0 Queue lengths queue_p2=0 queue_p1=0 Overflow lengths overflow_p2=0 overflow_p1=0 Discard counts discard_p2=0 discard_p1=0
2026-09-11 18:02:10.778103+09:00 [info] <0.689.0>@riak_core_worker_pool:handle_info/3:257 worker_pool=af3_pool has qlen=0 and no items checked out
2026-09-11 18:02:10.774218+09:00 [info] <0.680.0>@riak_core_worker_pool:handle_info/3:257 worker_pool=af1_pool has qlen=0 and no items checked out
2026-09-11 18:02:10.781629+09:00 [info] <0.685.0>@riak_core_worker_pool:handle_info/3:257 worker_pool=af2_pool has qlen=0 and no items checked out
2026-09-11 18:02:10.787733+09:00 [info] <0.696.0>@riak_core_worker_pool:handle_info/3:257 worker_pool=af4_pool has qlen=0 and no items checked out
2026-09-11 18:02:10.790930+09:00 [info] <0.700.0>@riak_core_worker_pool:handle_info/3:257 worker_pool=be_pool has qlen=0 and no items checked out
2026-09-11 18:02:11.705342+09:00 [info] <0.843.0>@leveled_monitor:handle_cast/2:580 log_ref=p0032 db_id=5 Fetch head timing with sample_count=0 and level timings of foundmem_time=0 found0_time=0 found1_time=0 found2_time=0 found3_time=0 foundlower_time=0 missed_time=0 with counts of foundmem_count=0 found0_count=0 found1_count=0 found2_count=0 found3_count=0 foundlower_count=0 missed_count=0 with sample_period=57 seconds
2026-09-11 18:02:21.724202+09:00 [info] <0.759.0>@leveled_monitor:handle_cast/2:494 log_ref=b0016 db_id=0 Get timing with sample_count=0 and head_time=0 body_time=0 with fetch_count=0 with sample_period=70 seconds
2026-09-11 18:02:30.369594+09:00 [info] <0.861.0>@leveled_monitor:handle_cast/2:580 log_ref=p0032 db_id=2 Fetch head timing with sample_count=0 and level timings of foundmem_time=0 found0_time=0 found1_time=0 found2_time=0 found3_time=0 foundlower_time=0 missed_time=0 with counts of foundmem_count=0 found0_count=0 found1_count=0 found2_count=0 found3_count=0 foundlower_count=0 missed_count=0 with sample_period=76 seconds
2026-09-11 18:02:34.755506+09:00 [info] <0.849.0>@leveled_monitor:handle_cast/2:534 log_ref=b0015 db_id=4 Put timing with sample_count=0 ink_time=0 prep_time=0 mem_time=0 with total_object_size=0 with sample_period=80 seconds
2026-09-11 18:02:35.754027+09:00 [info] <0.847.0>@leveled_monitor:handle_cast/2:515 log_ref=b0018 db_id=6 Positive HEAD responses timed with sample_count=0 and cache_count=0 found_count=0 fetch_ledger_time=0 fetch_ledgercache_time=0 rsp_time=0 notfound_time=0 with sample_period=81 seconds
2026-09-11 18:02:38.009421+09:00 [info] <0.852.0>@leveled_monitor:handle_cast/2:551 log_ref=b0017 db_id=7 Snapshot timing with sample_count=0 and bookie_time=0 pcl_time=0 with sample_period=84 seconds
2026-09-11 18:02:38.583104+09:00 [info] <0.470.0>@riak_kv_replrtq_src:handle_info/2:646 QueueName=q1_ttaaefs has queue sizes p1=0 p2=0 p3=0
2026-09-11 18:02:43.118744+09:00 [info] <0.843.0>@leveled_monitor:handle_cast/2:551 log_ref=b0017 db_id=5 Snapshot timing with sample_count=0 and bookie_time=0 pcl_time=0 with sample_period=89 seconds
2026-09-11 18:02:53.145956+09:00 [info] <0.759.0>@leveled_monitor:handle_cast/2:580 log_ref=p0032 db_id=0 Fetch head timing with sample_count=0 and level timings of foundmem_time=0 found0_time=0 found1_time=0 found2_time=0 found3_time=0 foundlower_time=0 missed_time=0 with counts of foundmem_count=0 found0_count=0 found1_count=0 found2_count=0 found3_count=0 foundlower_count=0 missed_count=0 with sample_period=102 seconds
2026-09-11 18:03:01.558728+09:00 [info] <0.2177.0>@supervisor_bridge:report_progress/4:139 Supervisor: {local,inet_gethost_native_sup}. Started: pid=<0.2178.0>,mfa={inet_gethost_native,init,[[]]}.
2026-09-11 18:03:01.560984+09:00 [info] <0.74.0>@supervisor:report_progress/2:1568 Supervisor: {local,kernel_safe_sup}. Started: id=inet_gethost_native_sup,pid=<0.2177.0>.
2026-09-11 18:03:01.784361+09:00 [info] <0.861.0>@leveled_monitor:handle_cast/2:625 log_ref=cdb19 db_id=2 Sample timings in microseconds for sample_count=0 with totals of cycle_count=0 index_time=0 read_time=0 with sample_period=107 seconds
2026-09-11 18:03:02.314975+09:00 [info] <0.1231.0>@riak_core_cluster_mgr:become_proxy/2:719 ClusterManager: 'openriak-kv@node-04.cluster-a.openriak' becoming a proxy to 'openriak-kv@node-01.cluster-a.openriak'
2026-09-11 18:03:04.204110+09:00 [info] <0.854.0>@leveled_monitor:handle_cast/2:625 log_ref=cdb19 db_id=1 Sample timings in microseconds for sample_count=0 with totals of cycle_count=0 index_time=0 read_time=0 with sample_period=110 seconds
2026-09-11 18:03:06.173046+09:00 [info] <0.849.0>@leveled_monitor:handle_cast/2:580 log_ref=p0032 db_id=4 Fetch head timing with sample_count=0 and level timings of foundmem_time=0 found0_time=0 found1_time=0 found2_time=0 found3_time=0 foundlower_time=0 missed_time=0 with counts of foundmem_count=0 found0_count=0 found1_count=0 found2_count=0 found3_count=0 foundlower_count=0 missed_count=0 with sample_period=112 seconds
2026-09-11 18:03:06.244920+09:00 [info] <0.845.0>@leveled_monitor:handle_cast/2:580 log_ref=p0032 db_id=3 Fetch head timing with sample_count=0 and level timings of foundmem_time=0 found0_time=0 found1_time=0 found2_time=0 found3_time=0 foundlower_time=0 missed_time=0 with counts of foundmem_count=0 found0_count=0 found1_count=0 found2_count=0 found3_count=0 foundlower_count=0 missed_count=0 with sample_period=112 seconds
2026-09-11 18:03:06.632626+09:00 [info] <0.689.0>@riak_core_worker_pool:handle_info/3:257 worker_pool=af3_pool has qlen=0 and no items checked out
2026-09-11 18:03:07.192082+09:00 [info] <0.1004.0>@riak_repl2_leader:become_leader/2:217 Leader2: 'openriak-kv@node-04.cluster-a.openriak' elected as replication leader
2026-09-11 18:03:07.251645+09:00 [info] <0.847.0>@leveled_monitor:handle_cast/2:551 log_ref=b0017 db_id=6 Snapshot timing with sample_count=0 and bookie_time=0 pcl_time=0 with sample_period=113 seconds
2026-09-11 18:03:07.246180+09:00 [info] <0.1231.0>@riak_core_cluster_mgr:become_leader/2:706 ClusterManager: 'openriak-kv@node-04.cluster-a.openriak' becoming the leader
2026-09-11 18:03:07.297033+09:00 [info] <0.217.0>@riak_core_gossip:log_node_added/2:362 'openriak-kv@node-05.cluster-a.openriak' joined cluster with status 'joining'
2026-09-11 18:03:07.724304+09:00 [info] <0.852.0>@leveled_monitor:handle_cast/2:515 log_ref=b0018 db_id=7 Positive HEAD responses timed with sample_count=0 and cache_count=0 found_count=0 fetch_ledger_time=0 fetch_ledgercache_time=0 rsp_time=0 notfound_time=0 with sample_period=113 seconds
2026-09-11 18:03:09.954743+09:00 [info] <0.700.0>@riak_core_worker_pool:handle_info/3:257 worker_pool=be_pool has qlen=0 and no items checked out
2026-09-11 18:03:09.964095+09:00 [info] <0.470.0>@riak_kv_replrtq_src:handle_info/2:646 QueueName=q1_ttaaefs has queue sizes p1=0 p2=0 p3=0
2026-09-11 18:03:10.440201+09:00 [info] <0.473.0>@riak_kv_overflow_queue:log/5:129 riak_kv_reaper job_id=0 has attempts=0 aborts=0 Queue lengths queue_p2=0 queue_p1=0 Overflow lengths overflow_p2=0 overflow_p1=0 Discard counts discard_p2=0 discard_p1=0
2026-09-11 18:03:10.673018+09:00 [info] <0.474.0>@riak_kv_overflow_queue:log/5:129 riak_kv_eraser job_id=0 has attempts=0 aborts=0 Queue lengths queue_p2=0 queue_p1=0 Overflow lengths overflow_p2=0 overflow_p1=0 Discard counts discard_p2=0 discard_p1=0
2026-09-11 18:03:10.864083+09:00 [info] <0.475.0>@riak_kv_overflow_queue:log/5:129 riak_kv_reader job_id=0 has attempts=0 aborts=0 Queue lengths queue_p2=0 queue_p1=0 Overflow lengths overflow_p2=0 overflow_p1=0 Discard counts discard_p2=0 discard_p1=0
2026-09-11 18:03:11.506711+09:00 [info] <0.680.0>@riak_core_worker_pool:handle_info/3:257 worker_pool=af1_pool has qlen=0 and no items checked out
2026-09-11 18:03:12.363675+09:00 [info] <0.685.0>@riak_core_worker_pool:handle_info/3:257 worker_pool=af2_pool has qlen=0 and no items checked out
2026-09-11 18:03:12.638791+09:00 [info] <0.696.0>@riak_core_worker_pool:handle_info/3:257 worker_pool=af4_pool has qlen=0 and no items checked out
2026-09-11 18:03:13.732612+09:00 [info] <0.1231.0>@riak_core_cluster_mgr:become_proxy/2:719 ClusterManager: 'openriak-kv@node-04.cluster-a.openriak' becoming a proxy to 'openriak-kv@node-05.cluster-a.openriak'
2026-09-11 18:03:14.495911+09:00 [info] <0.843.0>@leveled_monitor:handle_cast/2:625 log_ref=cdb19 db_id=5 Sample timings in microseconds for sample_count=0 with totals of cycle_count=0 index_time=0 read_time=0 with sample_period=120 seconds
2026-09-11 18:03:26.604706+09:00 [info] <0.416.0>@riak_core_vnode:finish_handoff/2:788 365375409332725729550921208179070754913983135744 riak_pipe_vnode vnode finished handoff and deleted in 0 milliseconds
2026-09-11 18:03:27.474894+09:00 [warning] <0.842.0>@leveled_bookie:handle_call/3:1732 log_ref=b0011 db_id=5 Call to destroy the store and so all files to be removed
2026-09-11 18:03:27.477353+09:00 [warning] <0.850.0>@leveled_inker:handle_call/3:776 log_ref=i0018 db_id=5 We're doomed - intention recorded to destroy all files
2026-09-11 18:03:27.479959+09:00 [info] <0.850.0>@leveled_inker:handle_call/3:780 log_ref=i0005 db_id=5 Inker closing journal for reason doom
2026-09-11 18:03:27.486550+09:00 [info] <0.850.0>@leveled_inker:handle_call/3:782 log_ref=i0006 db_id=5 Close triggered with journal_sqn=0 and manifest_sqn=2
2026-09-11 18:03:27.488496+09:00 [info] <0.850.0>@leveled_inker:shutdown_manifest/1:1036 log_ref=i0007 db_id=5 Inker manifest when closing is:
2026-09-11 18:03:27.494954+09:00 [warning] <0.883.0>@leveled_penciller:handle_call/3:1093 log_ref=p0030 db_id=5 We're doomed - intention recorded to destroy all files
2026-09-11 18:03:27.497713+09:00 [info] <0.884.0>@leveled_pclerk:terminate/2:178 log_ref=pc005 db_id=5 Penciller's Clerk <0.884.0> shutdown now complete for reason normal
2026-09-11 18:03:27.548358+09:00 [info] <0.842.0>@leveled_bookie:terminate/2:1803 log_ref=b0003 db_id=5 Bookie closing for reason normal
2026-09-11 18:03:27.551341+09:00 [info] <0.942.0>@aae_treecache:handle_cast/2:354 log_ref=c0004 Destroying tree cache for partition {913438523331814323877303020447676887284957839360,3}
2026-09-11 18:03:27.554804+09:00 [info] <0.926.0>@aae_treecache:handle_cast/2:354 log_ref=c0004 Destroying tree cache for partition {730750818665451459101842416358141509827966271488,3}
2026-09-11 18:03:27.553526+09:00 [info] <0.910.0>@aae_treecache:handle_cast/2:354 log_ref=c0004 Destroying tree cache for partition {548063113999088594326381812268606132370974703616,3}
2026-09-11 18:03:27.556391+09:00 [info] <0.823.0>@riak_core_vnode:finish_handoff/2:788 913438523331814323877303020447676887284957839360 riak_kv_vnode vnode finished handoff and deleted in 133 milliseconds
2026-09-11 18:03:33.171866+09:00 [info] <0.861.0>@leveled_monitor:handle_cast/2:551 log_ref=b0017 db_id=2 Snapshot timing with sample_count=1 and bookie_time=76 pcl_time=536 with sample_period=139 seconds
2026-09-11 18:03:35.583025+09:00 [info] <0.854.0>@leveled_monitor:handle_cast/2:515 log_ref=b0018 db_id=1 Positive HEAD responses timed with sample_count=0 and cache_count=0 found_count=0 fetch_ledger_time=0 fetch_ledgercache_time=0 rsp_time=0 notfound_time=0 with sample_period=141 seconds
2026-09-11 18:03:37.553429+09:00 [info] <0.849.0>@leveled_monitor:handle_cast/2:515 log_ref=b0018 db_id=4 Positive HEAD responses timed with sample_count=0 and cache_count=0 found_count=0 fetch_ledger_time=0 fetch_ledgercache_time=0 rsp_time=0 notfound_time=0 with sample_period=143 seconds
2026-09-11 18:03:37.623202+09:00 [info] <0.845.0>@leveled_monitor:handle_cast/2:551 log_ref=b0017 db_id=3 Snapshot timing with sample_count=1 and bookie_time=224 pcl_time=550 with sample_period=143 seconds
2026-09-11 18:03:39.101467+09:00 [info] <0.852.0>@leveled_monitor:handle_cast/2:534 log_ref=b0015 db_id=7 Put timing with sample_count=0 ink_time=0 prep_time=0 mem_time=0 with total_object_size=0 with sample_period=145 seconds
2026-09-11 18:03:41.327127+09:00 [info] <0.470.0>@riak_kv_replrtq_src:handle_info/2:646 QueueName=q1_ttaaefs has queue sizes p1=0 p2=0 p3=0
2026-09-11 18:03:48.504194+09:00 [warning] <0.860.0>@leveled_bookie:handle_call/3:1732 log_ref=b0011 db_id=2 Call to destroy the store and so all files to be removed
2026-09-11 18:03:48.506775+09:00 [warning] <0.862.0>@leveled_inker:handle_call/3:776 log_ref=i0018 db_id=2 We're doomed - intention recorded to destroy all files
2026-09-11 18:03:48.509167+09:00 [info] <0.862.0>@leveled_inker:handle_call/3:780 log_ref=i0005 db_id=2 Inker closing journal for reason doom
2026-09-11 18:03:48.511286+09:00 [info] <0.862.0>@leveled_inker:handle_call/3:782 log_ref=i0006 db_id=2 Close triggered with journal_sqn=0 and manifest_sqn=2
2026-09-11 18:03:48.515732+09:00 [info] <0.862.0>@leveled_inker:shutdown_manifest/1:1036 log_ref=i0007 db_id=2 Inker manifest when closing is:
2026-09-11 18:03:48.531861+09:00 [warning] <0.885.0>@leveled_penciller:handle_call/3:1093 log_ref=p0030 db_id=2 We're doomed - intention recorded to destroy all files
2026-09-11 18:03:48.535440+09:00 [info] <0.886.0>@leveled_pclerk:terminate/2:178 log_ref=pc005 db_id=2 Penciller's Clerk <0.886.0> shutdown now complete for reason normal
2026-09-11 18:03:48.567729+09:00 [info] <0.860.0>@leveled_bookie:terminate/2:1803 log_ref=b0003 db_id=2 Bookie closing for reason normal
2026-09-11 18:03:48.572228+09:00 [info] <0.925.0>@aae_treecache:handle_cast/2:354 log_ref=c0004 Destroying tree cache for partition {182687704666362864775460604089535377456991567872,3}
2026-09-11 18:03:48.578777+09:00 [info] <0.909.0>@aae_treecache:handle_cast/2:354 log_ref=c0004 Destroying tree cache for partition {0,3}
2026-09-11 18:03:48.574605+09:00 [info] <0.940.0>@aae_treecache:handle_cast/2:354 log_ref=c0004 Destroying tree cache for partition {365375409332725729550921208179070754913983135744,3}
2026-09-11 18:03:48.583625+09:00 [info] <0.829.0>@riak_core_vnode:finish_handoff/2:788 365375409332725729550921208179070754913983135744 riak_kv_vnode vnode finished handoff and deleted in 145 milliseconds
2026-09-11 18:03:53.049110+09:00 [info] <0.413.0>@riak_core_vnode:finish_handoff/2:788 182687704666362864775460604089535377456991567872 riak_pipe_vnode vnode finished handoff and deleted in 0 milliseconds
2026-09-11 18:03:54.252494+09:00 [info] <0.217.0>@riak_core_gossip:log_node_changed/3:359 'openriak-kv@node-02.cluster-a.openriak' changed from 'joining' to 'valid'
2026-09-11 18:03:54.253721+09:00 [info] <0.217.0>@riak_core_gossip:log_node_changed/3:359 'openriak-kv@node-03.cluster-a.openriak' changed from 'joining' to 'valid'
2026-09-11 18:03:54.254754+09:00 [info] <0.217.0>@riak_core_gossip:log_node_changed/3:359 'openriak-kv@node-04.cluster-a.openriak' changed from 'joining' to 'valid'
2026-09-11 18:03:54.255478+09:00 [info] <0.217.0>@riak_core_gossip:log_node_changed/3:359 'openriak-kv@node-05.cluster-a.openriak' changed from 'joining' to 'valid'
2026-09-11 18:03:55.884478+09:00 [info] <0.759.0>@leveled_monitor:handle_cast/2:534 log_ref=b0015 db_id=0 Put timing with sample_count=0 ink_time=0 prep_time=0 mem_time=0 with total_object_size=0 with sample_period=164 seconds
2026-09-11 18:03:56.856797+09:00 [info] <0.422.0>@riak_core_vnode:finish_handoff/2:788 730750818665451459101842416358141509827966271488 riak_pipe_vnode vnode finished handoff and deleted in 0 milliseconds
2026-09-11 18:04:05.272424+09:00 [warning] <0.848.0>@leveled_bookie:handle_call/3:1732 log_ref=b0011 db_id=4 Call to destroy the store and so all files to be removed
2026-09-11 18:04:05.274454+09:00 [warning] <0.857.0>@leveled_inker:handle_call/3:776 log_ref=i0018 db_id=4 We're doomed - intention recorded to destroy all files
2026-09-11 18:04:05.281410+09:00 [info] <0.857.0>@leveled_inker:handle_call/3:780 log_ref=i0005 db_id=4 Inker closing journal for reason doom
2026-09-11 18:04:05.283425+09:00 [info] <0.857.0>@leveled_inker:handle_call/3:782 log_ref=i0006 db_id=4 Close triggered with journal_sqn=0 and manifest_sqn=2
2026-09-11 18:04:05.293311+09:00 [info] <0.857.0>@leveled_inker:shutdown_manifest/1:1036 log_ref=i0007 db_id=4 Inker manifest when closing is:
2026-09-11 18:04:05.301023+09:00 [warning] <0.879.0>@leveled_penciller:handle_call/3:1093 log_ref=p0030 db_id=4 We're doomed - intention recorded to destroy all files
2026-09-11 18:04:05.304300+09:00 [info] <0.880.0>@leveled_pclerk:terminate/2:178 log_ref=pc005 db_id=4 Penciller's Clerk <0.880.0> shutdown now complete for reason normal
2026-09-11 18:04:05.322745+09:00 [info] <0.848.0>@leveled_bookie:terminate/2:1803 log_ref=b0003 db_id=4 Bookie closing for reason normal
2026-09-11 18:04:05.326042+09:00 [info] <0.937.0>@aae_treecache:handle_cast/2:354 log_ref=c0004 Destroying tree cache for partition {730750818665451459101842416358141509827966271488,3}
2026-09-11 18:04:05.328431+09:00 [info] <0.907.0>@aae_treecache:handle_cast/2:354 log_ref=c0004 Destroying tree cache for partition {365375409332725729550921208179070754913983135744,3}
2026-09-11 18:04:05.326085+09:00 [info] <0.923.0>@aae_treecache:handle_cast/2:354 log_ref=c0004 Destroying tree cache for partition {548063113999088594326381812268606132370974703616,3}
2026-09-11 18:04:05.330097+09:00 [info] <0.824.0>@riak_core_vnode:finish_handoff/2:788 730750818665451459101842416358141509827966271488 riak_kv_vnode vnode finished handoff and deleted in 83 milliseconds
2026-09-11 18:04:06.333961+09:00 [info] <0.689.0>@riak_core_worker_pool:handle_info/3:257 worker_pool=af3_pool has qlen=0 and no items checked out
2026-09-11 18:04:06.948531+09:00 [info] <0.854.0>@leveled_monitor:handle_cast/2:534 log_ref=b0015 db_id=1 Put timing with sample_count=0 ink_time=0 prep_time=0 mem_time=0 with total_object_size=0 with sample_period=173 seconds
2026-09-11 18:04:08.714792+09:00 [warning] <0.757.0>@leveled_bookie:handle_call/3:1732 log_ref=b0011 db_id=0 Call to destroy the store and so all files to be removed
2026-09-11 18:04:08.717161+09:00 [warning] <0.760.0>@leveled_inker:handle_call/3:776 log_ref=i0018 db_id=0 We're doomed - intention recorded to destroy all files
2026-09-11 18:04:08.718870+09:00 [info] <0.760.0>@leveled_inker:handle_call/3:780 log_ref=i0005 db_id=0 Inker closing journal for reason doom
2026-09-11 18:04:08.721578+09:00 [info] <0.760.0>@leveled_inker:handle_call/3:782 log_ref=i0006 db_id=0 Close triggered with journal_sqn=0 and manifest_sqn=2
2026-09-11 18:04:08.726899+09:00 [info] <0.760.0>@leveled_inker:shutdown_manifest/1:1036 log_ref=i0007 db_id=0 Inker manifest when closing is:
2026-09-11 18:04:08.734876+09:00 [warning] <0.781.0>@leveled_penciller:handle_call/3:1093 log_ref=p0030 db_id=0 We're doomed - intention recorded to destroy all files
2026-09-11 18:04:08.737656+09:00 [info] <0.782.0>@leveled_pclerk:terminate/2:178 log_ref=pc005 db_id=0 Penciller's Clerk <0.782.0> shutdown now complete for reason normal
2026-09-11 18:04:08.749694+09:00 [info] <0.680.0>@riak_core_worker_pool:handle_info/3:257 worker_pool=af1_pool has qlen=0 and no items checked out
2026-09-11 18:04:08.781663+09:00 [info] <0.757.0>@leveled_bookie:terminate/2:1803 log_ref=b0003 db_id=0 Bookie closing for reason normal
2026-09-11 18:04:08.785319+09:00 [info] <0.804.0>@aae_treecache:handle_cast/2:354 log_ref=c0004 Destroying tree cache for partition {0,3}
2026-09-11 18:04:08.788013+09:00 [info] <0.803.0>@aae_treecache:handle_cast/2:354 log_ref=c0004 Destroying tree cache for partition {1278813932664540053428224228626747642198940975104,3}
2026-09-11 18:04:08.790024+09:00 [info] <0.786.0>@aae_treecache:handle_cast/2:354 log_ref=c0004 Destroying tree cache for partition {1096126227998177188652763624537212264741949407232,3}
2026-09-11 18:04:08.792345+09:00 [info] <0.753.0>@riak_core_vnode:finish_handoff/2:788 0 riak_kv_vnode vnode finished handoff and deleted in 131 milliseconds
2026-09-11 18:04:08.985288+09:00 [info] <0.845.0>@leveled_monitor:handle_cast/2:625 log_ref=cdb19 db_id=3 Sample timings in microseconds for sample_count=0 with totals of cycle_count=0 index_time=0 read_time=0 with sample_period=175 seconds
2026-09-11 18:04:09.260986+09:00 [info] <0.700.0>@riak_core_worker_pool:handle_info/3:257 worker_pool=be_pool has qlen=0 and no items checked out
2026-09-11 18:04:09.460767+09:00 [info] <0.696.0>@riak_core_worker_pool:handle_info/3:257 worker_pool=af4_pool has qlen=0 and no items checked out
2026-09-11 18:04:10.000216+09:00 [info] <0.847.0>@leveled_monitor:handle_cast/2:534 log_ref=b0015 db_id=6 Put timing with sample_count=0 ink_time=0 prep_time=0 mem_time=0 with total_object_size=0 with sample_period=176 seconds
2026-09-11 18:04:10.467813+09:00 [info] <0.852.0>@leveled_monitor:handle_cast/2:494 log_ref=b0016 db_id=7 Get timing with sample_count=0 and head_time=0 body_time=0 with fetch_count=0 with sample_period=176 seconds
2026-09-11 18:04:11.041402+09:00 [info] <0.470.0>@riak_kv_replrtq_src:handle_info/2:646 QueueName=q1_ttaaefs has queue sizes p1=0 p2=0 p3=0
2026-09-11 18:04:13.166237+09:00 [info] <0.473.0>@riak_kv_overflow_queue:log/5:129 riak_kv_reaper job_id=0 has attempts=0 aborts=0 Queue lengths queue_p2=0 queue_p1=0 Overflow lengths overflow_p2=0 overflow_p1=0 Discard counts discard_p2=0 discard_p1=0
2026-09-11 18:04:13.406595+09:00 [info] <0.474.0>@riak_kv_overflow_queue:log/5:129 riak_kv_eraser job_id=0 has attempts=0 aborts=0 Queue lengths queue_p2=0 queue_p1=0 Overflow lengths overflow_p2=0 overflow_p1=0 Discard counts discard_p2=0 discard_p1=0
2026-09-11 18:04:13.600239+09:00 [info] <0.475.0>@riak_kv_overflow_queue:log/5:129 riak_kv_reader job_id=0 has attempts=0 aborts=0 Queue lengths queue_p2=0 queue_p1=0 Overflow lengths overflow_p2=0 overflow_p1=0 Discard counts discard_p2=0 discard_p1=0
2026-09-11 18:04:13.649908+09:00 [info] <0.426.0>@riak_core_vnode:finish_handoff/2:788 913438523331814323877303020447676887284957839360 riak_pipe_vnode vnode finished handoff and deleted in 0 milliseconds
2026-09-11 18:04:13.813875+09:00 [info] <0.685.0>@riak_core_worker_pool:handle_info/3:257 worker_pool=af2_pool has qlen=0 and no items checked out
2026-09-11 18:04:31.067120+09:00 [info] <0.429.0>@riak_core_vnode:finish_handoff/2:788 1096126227998177188652763624537212264741949407232 riak_pipe_vnode vnode finished handoff and deleted in 0 milliseconds
2026-09-11 18:04:33.215344+09:00 [warning] <0.846.0>@leveled_bookie:handle_call/3:1732 log_ref=b0011 db_id=6 Call to destroy the store and so all files to be removed
2026-09-11 18:04:33.217966+09:00 [warning] <0.856.0>@leveled_inker:handle_call/3:776 log_ref=i0018 db_id=6 We're doomed - intention recorded to destroy all files
2026-09-11 18:04:33.219655+09:00 [info] <0.856.0>@leveled_inker:handle_call/3:780 log_ref=i0005 db_id=6 Inker closing journal for reason doom
2026-09-11 18:04:33.222775+09:00 [info] <0.856.0>@leveled_inker:handle_call/3:782 log_ref=i0006 db_id=6 Close triggered with journal_sqn=0 and manifest_sqn=2
2026-09-11 18:04:33.225608+09:00 [info] <0.856.0>@leveled_inker:shutdown_manifest/1:1036 log_ref=i0007 db_id=6 Inker manifest when closing is:
2026-09-11 18:04:33.229316+09:00 [warning] <0.881.0>@leveled_penciller:handle_call/3:1093 log_ref=p0030 db_id=6 We're doomed - intention recorded to destroy all files
2026-09-11 18:04:33.231574+09:00 [info] <0.882.0>@leveled_pclerk:terminate/2:178 log_ref=pc005 db_id=6 Penciller's Clerk <0.882.0> shutdown now complete for reason normal
2026-09-11 18:04:33.269317+09:00 [info] <0.846.0>@leveled_bookie:terminate/2:1803 log_ref=b0003 db_id=6 Bookie closing for reason normal
2026-09-11 18:04:33.277387+09:00 [info] <0.924.0>@aae_treecache:handle_cast/2:354 log_ref=c0004 Destroying tree cache for partition {913438523331814323877303020447676887284957839360,3}
2026-09-11 18:04:33.273802+09:00 [info] <0.938.0>@aae_treecache:handle_cast/2:354 log_ref=c0004 Destroying tree cache for partition {1096126227998177188652763624537212264741949407232,3}
2026-09-11 18:04:33.282774+09:00 [info] <0.830.0>@riak_core_vnode:finish_handoff/2:788 1096126227998177188652763624537212264741949407232 riak_kv_vnode vnode finished handoff and deleted in 95 milliseconds
2026-09-11 18:04:33.279614+09:00 [info] <0.908.0>@aae_treecache:handle_cast/2:354 log_ref=c0004 Destroying tree cache for partition {730750818665451459101842416358141509827966271488,3}
2026-09-11 18:04:38.313611+09:00 [info] <0.854.0>@leveled_monitor:handle_cast/2:494 log_ref=b0016 db_id=1 Get timing with sample_count=0 and head_time=0 body_time=0 with fetch_count=0 with sample_period=204 seconds
2026-09-11 18:04:40.345759+09:00 [info] <0.845.0>@leveled_monitor:handle_cast/2:494 log_ref=b0016 db_id=3 Get timing with sample_count=0 and head_time=0 body_time=0 with fetch_count=0 with sample_period=206 seconds
2026-09-11 18:04:41.830968+09:00 [info] <0.852.0>@leveled_monitor:handle_cast/2:580 log_ref=p0032 db_id=7 Fetch head timing with sample_count=0 and level timings of foundmem_time=0 found0_time=0 found1_time=0 found2_time=0 found3_time=0 foundlower_time=0 missed_time=0 with counts of foundmem_count=0 found0_count=0 found1_count=0 found2_count=0 found3_count=0 foundlower_count=0 missed_count=0 with sample_period=207 seconds
2026-09-11 18:04:42.413645+09:00 [info] <0.470.0>@riak_kv_replrtq_src:handle_info/2:646 QueueName=q1_ttaaefs has queue sizes p1=0 p2=0 p3=0
2026-09-11 18:04:45.494043+09:00 [info] <0.419.0>@riak_core_vnode:finish_handoff/2:788 548063113999088594326381812268606132370974703616 riak_pipe_vnode vnode finished handoff and deleted in 0 milliseconds
2026-09-11 18:04:48.689457+09:00 [info] <0.410.0>@riak_core_vnode:finish_handoff/2:788 0 riak_pipe_vnode vnode finished handoff and deleted in 0 milliseconds
2026-09-11 18:05:03.133734+09:00 [info] <0.689.0>@riak_core_worker_pool:handle_info/3:257 worker_pool=af3_pool has qlen=0 and no items checked out
2026-09-11 18:05:06.837786+09:00 [info] <0.700.0>@riak_core_worker_pool:handle_info/3:257 worker_pool=be_pool has qlen=0 and no items checked out
2026-09-11 18:05:07.417360+09:00 [info] <0.680.0>@riak_core_worker_pool:handle_info/3:257 worker_pool=af1_pool has qlen=0 and no items checked out
2026-09-11 18:05:09.681633+09:00 [info] <0.854.0>@leveled_monitor:handle_cast/2:551 log_ref=b0017 db_id=1 Snapshot timing with sample_count=0 and bookie_time=0 pcl_time=0 with sample_period=235 seconds
2026-09-11 18:05:10.568781+09:00 [info] <0.696.0>@riak_core_worker_pool:handle_info/3:257 worker_pool=af4_pool has qlen=0 and no items checked out
2026-09-11 18:05:11.712129+09:00 [info] <0.845.0>@leveled_monitor:handle_cast/2:515 log_ref=b0018 db_id=3 Positive HEAD responses timed with sample_count=0 and cache_count=0 found_count=0 fetch_ledger_time=0 fetch_ledgercache_time=0 rsp_time=0 notfound_time=0 with sample_period=219 seconds
2026-09-11 18:05:13.784557+09:00 [info] <0.470.0>@riak_kv_replrtq_src:handle_info/2:646 QueueName=q1_ttaaefs has queue sizes p1=0 p2=0 p3=0
2026-09-11 18:05:14.251212+09:00 [info] <0.473.0>@riak_kv_overflow_queue:log/5:129 riak_kv_reaper job_id=0 has attempts=0 aborts=0 Queue lengths queue_p2=0 queue_p1=0 Overflow lengths overflow_p2=0 overflow_p1=0 Discard counts discard_p2=0 discard_p1=0
2026-09-11 18:05:15.133733+09:00 [info] <0.685.0>@riak_core_worker_pool:handle_info/3:257 worker_pool=af2_pool has qlen=0 and no items checked out
2026-09-11 18:05:15.237010+09:00 [info] <0.474.0>@riak_kv_overflow_queue:log/5:129 riak_kv_eraser job_id=0 has attempts=0 aborts=0 Queue lengths queue_p2=0 queue_p1=0 Overflow lengths overflow_p2=0 overflow_p1=0 Discard counts discard_p2=0 discard_p1=0
2026-09-11 18:05:16.349623+09:00 [info] <0.475.0>@riak_kv_overflow_queue:log/5:129 riak_kv_reader job_id=0 has attempts=0 aborts=0 Queue lengths queue_p2=0 queue_p1=0 Overflow lengths overflow_p2=0 overflow_p1=0 Discard counts discard_p2=0 discard_p1=0
2026-09-11 18:05:24.881184+09:00 [warning] <0.853.0>@leveled_bookie:handle_call/3:1732 log_ref=b0011 db_id=1 Call to destroy the store and so all files to be removed
2026-09-11 18:05:24.883989+09:00 [warning] <0.859.0>@leveled_inker:handle_call/3:776 log_ref=i0018 db_id=1 We're doomed - intention recorded to destroy all files
2026-09-11 18:05:24.885500+09:00 [info] <0.859.0>@leveled_inker:handle_call/3:780 log_ref=i0005 db_id=1 Inker closing journal for reason doom
2026-09-11 18:05:24.887275+09:00 [info] <0.859.0>@leveled_inker:handle_call/3:782 log_ref=i0006 db_id=1 Close triggered with journal_sqn=0 and manifest_sqn=2
2026-09-11 18:05:24.889351+09:00 [info] <0.859.0>@leveled_inker:shutdown_manifest/1:1036 log_ref=i0007 db_id=1 Inker manifest when closing is:
2026-09-11 18:05:24.894533+09:00 [warning] <0.887.0>@leveled_penciller:handle_call/3:1093 log_ref=p0030 db_id=1 We're doomed - intention recorded to destroy all files
2026-09-11 18:05:24.897439+09:00 [info] <0.888.0>@leveled_pclerk:terminate/2:178 log_ref=pc005 db_id=1 Penciller's Clerk <0.888.0> shutdown now complete for reason normal
2026-09-11 18:05:24.922333+09:00 [info] <0.853.0>@leveled_bookie:terminate/2:1803 log_ref=b0003 db_id=1 Bookie closing for reason normal
2026-09-11 18:05:24.927388+09:00 [info] <0.939.0>@aae_treecache:handle_cast/2:354 log_ref=c0004 Destroying tree cache for partition {0,3}
2026-09-11 18:05:24.926051+09:00 [info] <0.954.0>@aae_treecache:handle_cast/2:354 log_ref=c0004 Destroying tree cache for partition {182687704666362864775460604089535377456991567872,3}
2026-09-11 18:05:24.929619+09:00 [info] <0.919.0>@aae_treecache:handle_cast/2:354 log_ref=c0004 Destroying tree cache for partition {1278813932664540053428224228626747642198940975104,3}
2026-09-11 18:05:24.934190+09:00 [info] <0.827.0>@riak_core_vnode:finish_handoff/2:788 182687704666362864775460604089535377456991567872 riak_kv_vnode vnode finished handoff and deleted in 81 milliseconds
2026-09-11 18:05:30.302357+09:00 [warning] <0.844.0>@leveled_bookie:handle_call/3:1732 log_ref=b0011 db_id=3 Call to destroy the store and so all files to be removed
2026-09-11 18:05:30.305119+09:00 [warning] <0.855.0>@leveled_inker:handle_call/3:776 log_ref=i0018 db_id=3 We're doomed - intention recorded to destroy all files
2026-09-11 18:05:30.307192+09:00 [info] <0.855.0>@leveled_inker:handle_call/3:780 log_ref=i0005 db_id=3 Inker closing journal for reason doom
2026-09-11 18:05:30.309682+09:00 [info] <0.855.0>@leveled_inker:handle_call/3:782 log_ref=i0006 db_id=3 Close triggered with journal_sqn=0 and manifest_sqn=2
2026-09-11 18:05:30.313147+09:00 [info] <0.855.0>@leveled_inker:shutdown_manifest/1:1036 log_ref=i0007 db_id=3 Inker manifest when closing is:
2026-09-11 18:05:30.320848+09:00 [warning] <0.889.0>@leveled_penciller:handle_call/3:1093 log_ref=p0030 db_id=3 We're doomed - intention recorded to destroy all files
2026-09-11 18:05:30.322950+09:00 [info] <0.890.0>@leveled_pclerk:terminate/2:178 log_ref=pc005 db_id=3 Penciller's Clerk <0.890.0> shutdown now complete for reason normal
2026-09-11 18:05:30.347217+09:00 [info] <0.844.0>@leveled_bookie:terminate/2:1803 log_ref=b0003 db_id=3 Bookie closing for reason normal
2026-09-11 18:05:30.355127+09:00 [info] <0.943.0>@aae_treecache:handle_cast/2:354 log_ref=c0004 Destroying tree cache for partition {548063113999088594326381812268606132370974703616,3}
2026-09-11 18:05:30.358085+09:00 [info] <0.936.0>@aae_treecache:handle_cast/2:354 log_ref=c0004 Destroying tree cache for partition {365375409332725729550921208179070754913983135744,3}
2026-09-11 18:05:30.360187+09:00 [info] <0.821.0>@riak_core_vnode:finish_handoff/2:788 548063113999088594326381812268606132370974703616 riak_kv_vnode vnode finished handoff and deleted in 160 milliseconds
2026-09-11 18:05:30.357927+09:00 [info] <0.918.0>@aae_treecache:handle_cast/2:354 log_ref=c0004 Destroying tree cache for partition {182687704666362864775460604089535377456991567872,3}
2026-09-11 18:05:44.571864+09:00 [info] <0.852.0>@leveled_monitor:handle_cast/2:625 log_ref=cdb19 db_id=7 Sample timings in microseconds for sample_count=0 with totals of cycle_count=0 index_time=0 read_time=0 with sample_period=217 seconds
2026-09-11 18:05:45.168136+09:00 [info] <0.470.0>@riak_kv_replrtq_src:handle_info/2:646 QueueName=q1_ttaaefs has queue sizes p1=0 p2=0 p3=0
2026-09-11 18:06:04.399641+09:00 [info] <0.689.0>@riak_core_worker_pool:handle_info/3:257 worker_pool=af3_pool has qlen=0 and no items checked out
2026-09-11 18:06:06.607128+09:00 [info] <0.680.0>@riak_core_worker_pool:handle_info/3:257 worker_pool=af1_pool has qlen=0 and no items checked out
2026-09-11 18:06:06.908677+09:00 [info] <0.700.0>@riak_core_worker_pool:handle_info/3:257 worker_pool=be_pool has qlen=0 and no items checked out
2026-09-11 18:06:08.189942+09:00 [info] <0.696.0>@riak_core_worker_pool:handle_info/3:257 worker_pool=af4_pool has qlen=0 and no items checked out
2026-09-11 18:06:13.792291+09:00 [info] <0.685.0>@riak_core_worker_pool:handle_info/3:257 worker_pool=af2_pool has qlen=0 and no items checked out
2026-09-11 18:06:15.945364+09:00 [info] <0.852.0>@leveled_monitor:handle_cast/2:551 log_ref=b0017 db_id=7 Snapshot timing with sample_count=0 and bookie_time=0 pcl_time=0 with sample_period=217 seconds
2026-09-11 18:06:16.556207+09:00 [info] <0.470.0>@riak_kv_replrtq_src:handle_info/2:646 QueueName=q1_ttaaefs has queue sizes p1=0 p2=0 p3=0
2026-09-11 18:06:16.995841+09:00 [info] <0.473.0>@riak_kv_overflow_queue:log/5:129 riak_kv_reaper job_id=0 has attempts=0 aborts=0 Queue lengths queue_p2=0 queue_p1=0 Overflow lengths overflow_p2=0 overflow_p1=0 Discard counts discard_p2=0 discard_p1=0
2026-09-11 18:06:17.238437+09:00 [info] <0.474.0>@riak_kv_overflow_queue:log/5:129 riak_kv_eraser job_id=0 has attempts=0 aborts=0 Queue lengths queue_p2=0 queue_p1=0 Overflow lengths overflow_p2=0 overflow_p1=0 Discard counts discard_p2=0 discard_p1=0
2026-09-11 18:06:17.440415+09:00 [info] <0.475.0>@riak_kv_overflow_queue:log/5:129 riak_kv_reader job_id=0 has attempts=0 aborts=0 Queue lengths queue_p2=0 queue_p1=0 Overflow lengths overflow_p2=0 overflow_p1=0 Discard counts discard_p2=0 discard_p1=0
2026-09-11 18:06:47.406086+09:00 [info] <0.852.0>@leveled_monitor:handle_cast/2:515 log_ref=b0018 db_id=7 Positive HEAD responses timed with sample_count=0 and cache_count=0 found_count=0 fetch_ledger_time=0 fetch_ledgercache_time=0 rsp_time=0 notfound_time=0 with sample_period=219 seconds
2026-09-11 18:06:47.938376+09:00 [info] <0.470.0>@riak_kv_replrtq_src:handle_info/2:646 QueueName=q1_ttaaefs has queue sizes p1=0 p2=0 p3=0
2026-09-11 18:07:04.092178+09:00 [info] <0.680.0>@riak_core_worker_pool:handle_info/3:257 worker_pool=af1_pool has qlen=0 and no items checked out
2026-09-11 18:07:04.095074+09:00 [info] <0.689.0>@riak_core_worker_pool:handle_info/3:257 worker_pool=af3_pool has qlen=0 and no items checked out
2026-09-11 18:07:05.849031+09:00 [info] <0.700.0>@riak_core_worker_pool:handle_info/3:257 worker_pool=be_pool has qlen=0 and no items checked out
2026-09-11 18:07:06.283167+09:00 [info] <0.696.0>@riak_core_worker_pool:handle_info/3:257 worker_pool=af4_pool has qlen=0 and no items checked out
2026-09-11 18:07:10.929827+09:00 [info] <0.685.0>@riak_core_worker_pool:handle_info/3:257 worker_pool=af2_pool has qlen=0 and no items checked out
2026-09-11 18:07:18.785930+09:00 [info] <0.852.0>@leveled_monitor:handle_cast/2:534 log_ref=b0015 db_id=7 Put timing with sample_count=0 ink_time=0 prep_time=0 mem_time=0 with total_object_size=0 with sample_period=219 seconds
2026-09-11 18:07:19.329708+09:00 [info] <0.470.0>@riak_kv_replrtq_src:handle_info/2:646 QueueName=q1_ttaaefs has queue sizes p1=0 p2=0 p3=0
2026-09-11 18:07:19.761927+09:00 [info] <0.473.0>@riak_kv_overflow_queue:log/5:129 riak_kv_reaper job_id=0 has attempts=0 aborts=0 Queue lengths queue_p2=0 queue_p1=0 Overflow lengths overflow_p2=0 overflow_p1=0 Discard counts discard_p2=0 discard_p1=0
2026-09-11 18:07:19.987213+09:00 [info] <0.474.0>@riak_kv_overflow_queue:log/5:129 riak_kv_eraser job_id=0 has attempts=0 aborts=0 Queue lengths queue_p2=0 queue_p1=0 Overflow lengths overflow_p2=0 overflow_p1=0 Discard counts discard_p2=0 discard_p1=0
2026-09-11 18:07:20.223311+09:00 [info] <0.475.0>@riak_kv_overflow_queue:log/5:129 riak_kv_reader job_id=0 has attempts=0 aborts=0 Queue lengths queue_p2=0 queue_p1=0 Overflow lengths overflow_p2=0 overflow_p1=0 Discard counts discard_p2=0 discard_p1=0
2026-09-11 18:07:50.169540+09:00 [info] <0.852.0>@leveled_monitor:handle_cast/2:494 log_ref=b0016 db_id=7 Get timing with sample_count=0 and head_time=0 body_time=0 with fetch_count=0 with sample_period=219 seconds
2026-09-11 18:07:50.719112+09:00 [info] <0.470.0>@riak_kv_replrtq_src:handle_info/2:646 QueueName=q1_ttaaefs has queue sizes p1=0 p2=0 p3=0
2026-09-11 18:08:03.685400+09:00 [info] <0.700.0>@riak_core_worker_pool:handle_info/3:257 worker_pool=be_pool has qlen=0 and no items checked out
2026-09-11 18:08:04.068131+09:00 [info] <0.689.0>@riak_core_worker_pool:handle_info/3:257 worker_pool=af3_pool has qlen=0 and no items checked out
2026-09-11 18:08:05.563820+09:00 [info] <0.680.0>@riak_core_worker_pool:handle_info/3:257 worker_pool=af1_pool has qlen=0 and no items checked out
2026-09-11 18:08:06.556594+09:00 [info] <0.696.0>@riak_core_worker_pool:handle_info/3:257 worker_pool=af4_pool has qlen=0 and no items checked out
2026-09-11 18:08:08.593811+09:00 [info] <0.685.0>@riak_core_worker_pool:handle_info/3:257 worker_pool=af2_pool has qlen=0 and no items checked out
2026-09-11 18:08:21.555262+09:00 [info] <0.852.0>@leveled_monitor:handle_cast/2:580 log_ref=p0032 db_id=7 Fetch head timing with sample_count=0 and level timings of foundmem_time=0 found0_time=0 found1_time=0 found2_time=0 found3_time=0 foundlower_time=0 missed_time=0 with counts of foundmem_count=0 found0_count=0 found1_count=0 found2_count=0 found3_count=0 foundlower_count=0 missed_count=0 with sample_period=219 seconds
2026-09-11 18:08:22.122819+09:00 [info] <0.470.0>@riak_kv_replrtq_src:handle_info/2:646 QueueName=q1_ttaaefs has queue sizes p1=0 p2=0 p3=0
2026-09-11 18:08:22.535363+09:00 [info] <0.473.0>@riak_kv_overflow_queue:log/5:129 riak_kv_reaper job_id=0 has attempts=0 aborts=0 Queue lengths queue_p2=0 queue_p1=0 Overflow lengths overflow_p2=0 overflow_p1=0 Discard counts discard_p2=0 discard_p1=0
2026-09-11 18:08:22.760107+09:00 [info] <0.474.0>@riak_kv_overflow_queue:log/5:129 riak_kv_eraser job_id=0 has attempts=0 aborts=0 Queue lengths queue_p2=0 queue_p1=0 Overflow lengths overflow_p2=0 overflow_p1=0 Discard counts discard_p2=0 discard_p1=0
2026-09-11 18:08:23.004646+09:00 [info] <0.475.0>@riak_kv_overflow_queue:log/5:129 riak_kv_reader job_id=0 has attempts=0 aborts=0 Queue lengths queue_p2=0 queue_p1=0 Overflow lengths overflow_p2=0 overflow_p1=0 Discard counts discard_p2=0 discard_p1=0
2026-09-11 18:08:53.490517+09:00 [info] <0.470.0>@riak_kv_replrtq_src:handle_info/2:646 QueueName=q1_ttaaefs has queue sizes p1=0 p2=0 p3=0
2026-09-11 18:09:03.391889+09:00 [info] <0.689.0>@riak_core_worker_pool:handle_info/3:257 worker_pool=af3_pool has qlen=0 and no items checked out
2026-09-11 18:09:03.725203+09:00 [info] <0.700.0>@riak_core_worker_pool:handle_info/3:257 worker_pool=be_pool has qlen=0 and no items checked out
2026-09-11 18:09:05.293063+09:00 [info] <0.680.0>@riak_core_worker_pool:handle_info/3:257 worker_pool=af1_pool has qlen=0 and no items checked out
2026-09-11 18:09:07.203329+09:00 [info] <0.696.0>@riak_core_worker_pool:handle_info/3:257 worker_pool=af4_pool has qlen=0 and no items checked out
2026-09-11 18:09:09.875116+09:00 [info] <0.685.0>@riak_core_worker_pool:handle_info/3:257 worker_pool=af2_pool has qlen=0 and no items checked out
2026-09-11 18:09:24.327965+09:00 [info] <0.852.0>@leveled_monitor:handle_cast/2:625 log_ref=cdb19 db_id=7 Sample timings in microseconds for sample_count=0 with totals of cycle_count=0 index_time=0 read_time=0 with sample_period=219 seconds
2026-09-11 18:09:24.886062+09:00 [info] <0.470.0>@riak_kv_replrtq_src:handle_info/2:646 QueueName=q1_ttaaefs has queue sizes p1=0 p2=0 p3=0
2026-09-11 18:09:25.297482+09:00 [info] <0.473.0>@riak_kv_overflow_queue:log/5:129 riak_kv_reaper job_id=0 has attempts=0 aborts=0 Queue lengths queue_p2=0 queue_p1=0 Overflow lengths overflow_p2=0 overflow_p1=0 Discard counts discard_p2=0 discard_p1=0
2026-09-11 18:09:25.528219+09:00 [info] <0.474.0>@riak_kv_overflow_queue:log/5:129 riak_kv_eraser job_id=0 has attempts=0 aborts=0 Queue lengths queue_p2=0 queue_p1=0 Overflow lengths overflow_p2=0 overflow_p1=0 Discard counts discard_p2=0 discard_p1=0
2026-09-11 18:09:25.772021+09:00 [info] <0.475.0>@riak_kv_overflow_queue:log/5:129 riak_kv_reader job_id=0 has attempts=0 aborts=0 Queue lengths queue_p2=0 queue_p1=0 Overflow lengths overflow_p2=0 overflow_p1=0 Discard counts discard_p2=0 discard_p1=0
2026-09-11 18:09:55.727866+09:00 [info] <0.852.0>@leveled_monitor:handle_cast/2:551 log_ref=b0017 db_id=7 Snapshot timing with sample_count=0 and bookie_time=0 pcl_time=0 with sample_period=219 seconds
2026-09-11 18:09:56.288970+09:00 [info] <0.470.0>@riak_kv_replrtq_src:handle_info/2:646 QueueName=q1_ttaaefs has queue sizes p1=0 p2=0 p3=0
2026-09-11 18:10:01.901730+09:00 [info] <0.689.0>@riak_core_worker_pool:handle_info/3:257 worker_pool=af3_pool has qlen=0 and no items checked out
2026-09-11 18:10:03.075397+09:00 [info] <0.700.0>@riak_core_worker_pool:handle_info/3:257 worker_pool=be_pool has qlen=0 and no items checked out
2026-09-11 18:10:03.288992+09:00 [info] <0.680.0>@riak_core_worker_pool:handle_info/3:257 worker_pool=af1_pool has qlen=0 and no items checked out
2026-09-11 18:10:05.227252+09:00 [info] <0.696.0>@riak_core_worker_pool:handle_info/3:257 worker_pool=af4_pool has qlen=0 and no items checked out
2026-09-11 18:10:11.943483+09:00 [info] <0.685.0>@riak_core_worker_pool:handle_info/3:257 worker_pool=af2_pool has qlen=0 and no items checked out
2026-09-11 18:10:27.089530+09:00 [info] <0.852.0>@leveled_monitor:handle_cast/2:515 log_ref=b0018 db_id=7 Positive HEAD responses timed with sample_count=0 and cache_count=0 found_count=0 fetch_ledger_time=0 fetch_ledgercache_time=0 rsp_time=0 notfound_time=0 with sample_period=219 seconds
2026-09-11 18:10:27.654031+09:00 [info] <0.470.0>@riak_kv_replrtq_src:handle_info/2:646 QueueName=q1_ttaaefs has queue sizes p1=0 p2=0 p3=0
2026-09-11 18:10:28.062165+09:00 [info] <0.473.0>@riak_kv_overflow_queue:log/5:129 riak_kv_reaper job_id=0 has attempts=0 aborts=0 Queue lengths queue_p2=0 queue_p1=0 Overflow lengths overflow_p2=0 overflow_p1=0 Discard counts discard_p2=0 discard_p1=0
2026-09-11 18:10:28.291561+09:00 [info] <0.474.0>@riak_kv_overflow_queue:log/5:129 riak_kv_eraser job_id=0 has attempts=0 aborts=0 Queue lengths queue_p2=0 queue_p1=0 Overflow lengths overflow_p2=0 overflow_p1=0 Discard counts discard_p2=0 discard_p1=0
2026-09-11 18:10:28.538141+09:00 [info] <0.475.0>@riak_kv_overflow_queue:log/5:129 riak_kv_reader job_id=0 has attempts=0 aborts=0 Queue lengths queue_p2=0 queue_p1=0 Overflow lengths overflow_p2=0 overflow_p1=0 Discard counts discard_p2=0 discard_p1=0
2026-09-11 18:10:57.917239+09:00 [info] <0.689.0>@riak_core_worker_pool:handle_info/3:257 worker_pool=af3_pool has qlen=0 and no items checked out
2026-09-11 18:10:58.456623+09:00 [info] <0.852.0>@leveled_monitor:handle_cast/2:534 log_ref=b0015 db_id=7 Put timing with sample_count=0 ink_time=0 prep_time=0 mem_time=0 with total_object_size=0 with sample_period=219 seconds
2026-09-11 18:10:59.024447+09:00 [info] <0.470.0>@riak_kv_replrtq_src:handle_info/2:646 QueueName=q1_ttaaefs has queue sizes p1=0 p2=0 p3=0
2026-09-11 18:10:59.596486+09:00 [info] <0.680.0>@riak_core_worker_pool:handle_info/3:257 worker_pool=af1_pool has qlen=0 and no items checked out
2026-09-11 18:11:02.702483+09:00 [info] <0.700.0>@riak_core_worker_pool:handle_info/3:257 worker_pool=be_pool has qlen=0 and no items checked out
2026-09-11 18:11:05.008073+09:00 [info] <0.696.0>@riak_core_worker_pool:handle_info/3:257 worker_pool=af4_pool has qlen=0 and no items checked out
2026-09-11 18:11:09.856187+09:00 [info] <0.685.0>@riak_core_worker_pool:handle_info/3:257 worker_pool=af2_pool has qlen=0 and no items checked out
2026-09-11 18:11:29.874985+09:00 [info] <0.852.0>@leveled_monitor:handle_cast/2:494 log_ref=b0016 db_id=7 Get timing with sample_count=0 and head_time=0 body_time=0 with fetch_count=0 with sample_period=219 seconds
2026-09-11 18:11:30.419762+09:00 [info] <0.470.0>@riak_kv_replrtq_src:handle_info/2:646 QueueName=q1_ttaaefs has queue sizes p1=0 p2=0 p3=0
2026-09-11 18:11:30.828404+09:00 [info] <0.473.0>@riak_kv_overflow_queue:log/5:129 riak_kv_reaper job_id=0 has attempts=0 aborts=0 Queue lengths queue_p2=0 queue_p1=0 Overflow lengths overflow_p2=0 overflow_p1=0 Discard counts discard_p2=0 discard_p1=0
2026-09-11 18:11:31.053996+09:00 [info] <0.474.0>@riak_kv_overflow_queue:log/5:129 riak_kv_eraser job_id=0 has attempts=0 aborts=0 Queue lengths queue_p2=0 queue_p1=0 Overflow lengths overflow_p2=0 overflow_p1=0 Discard counts discard_p2=0 discard_p1=0
2026-09-11 18:11:31.294577+09:00 [info] <0.475.0>@riak_kv_overflow_queue:log/5:129 riak_kv_reader job_id=0 has attempts=0 aborts=0 Queue lengths queue_p2=0 queue_p1=0 Overflow lengths overflow_p2=0 overflow_p1=0 Discard counts discard_p2=0 discard_p1=0
2026-09-11 18:11:56.396267+09:00 [info] <0.689.0>@riak_core_worker_pool:handle_info/3:257 worker_pool=af3_pool has qlen=0 and no items checked out
2026-09-11 18:11:57.879707+09:00 [info] <0.680.0>@riak_core_worker_pool:handle_info/3:257 worker_pool=af1_pool has qlen=0 and no items checked out
2026-09-11 18:12:00.207492+09:00 [info] <0.696.0>@riak_core_worker_pool:handle_info/3:257 worker_pool=af4_pool has qlen=0 and no items checked out
2026-09-11 18:12:00.796518+09:00 [info] <0.700.0>@riak_core_worker_pool:handle_info/3:257 worker_pool=be_pool has qlen=0 and no items checked out
2026-09-11 18:12:01.299620+09:00 [info] <0.852.0>@leveled_monitor:handle_cast/2:580 log_ref=p0032 db_id=7 Fetch head timing with sample_count=0 and level timings of foundmem_time=0 found0_time=0 found1_time=0 found2_time=0 found3_time=0 foundlower_time=0 missed_time=0 with counts of foundmem_count=0 found0_count=0 found1_count=0 found2_count=0 found3_count=0 foundlower_count=0 missed_count=0 with sample_period=219 seconds
2026-09-11 18:12:01.852776+09:00 [info] <0.470.0>@riak_kv_replrtq_src:handle_info/2:646 QueueName=q1_ttaaefs has queue sizes p1=0 p2=0 p3=0
2026-09-11 18:12:12.362876+09:00 [info] <0.685.0>@riak_core_worker_pool:handle_info/3:257 worker_pool=af2_pool has qlen=0 and no items checked out
2026-09-11 18:12:33.228745+09:00 [info] <0.470.0>@riak_kv_replrtq_src:handle_info/2:646 QueueName=q1_ttaaefs has queue sizes p1=0 p2=0 p3=0
2026-09-11 18:12:33.626414+09:00 [info] <0.473.0>@riak_kv_overflow_queue:log/5:129 riak_kv_reaper job_id=0 has attempts=0 aborts=0 Queue lengths queue_p2=0 queue_p1=0 Overflow lengths overflow_p2=0 overflow_p1=0 Discard counts discard_p2=0 discard_p1=0
2026-09-11 18:12:33.852490+09:00 [info] <0.474.0>@riak_kv_overflow_queue:log/5:129 riak_kv_eraser job_id=0 has attempts=0 aborts=0 Queue lengths queue_p2=0 queue_p1=0 Overflow lengths overflow_p2=0 overflow_p1=0 Discard counts discard_p2=0 discard_p1=0
2026-09-11 18:12:34.100877+09:00 [info] <0.475.0>@riak_kv_overflow_queue:log/5:129 riak_kv_reader job_id=0 has attempts=0 aborts=0 Queue lengths queue_p2=0 queue_p1=0 Overflow lengths overflow_p2=0 overflow_p1=0 Discard counts discard_p2=0 discard_p1=0
2026-09-11 18:12:55.457107+09:00 [info] <0.689.0>@riak_core_worker_pool:handle_info/3:257 worker_pool=af3_pool has qlen=0 and no items checked out
2026-09-11 18:12:56.898047+09:00 [info] <0.680.0>@riak_core_worker_pool:handle_info/3:257 worker_pool=af1_pool has qlen=0 and no items checked out
2026-09-11 18:13:02.904501+09:00 [info] <0.700.0>@riak_core_worker_pool:handle_info/3:257 worker_pool=be_pool has qlen=0 and no items checked out
2026-09-11 18:13:02.907161+09:00 [info] <0.696.0>@riak_core_worker_pool:handle_info/3:257 worker_pool=af4_pool has qlen=0 and no items checked out
2026-09-11 18:13:04.055466+09:00 [info] <0.852.0>@leveled_monitor:handle_cast/2:625 log_ref=cdb19 db_id=7 Sample timings in microseconds for sample_count=0 with totals of cycle_count=0 index_time=0 read_time=0 with sample_period=219 seconds
2026-09-11 18:13:04.606364+09:00 [info] <0.470.0>@riak_kv_replrtq_src:handle_info/2:646 QueueName=q1_ttaaefs has queue sizes p1=0 p2=0 p3=0
2026-09-11 18:13:09.424364+09:00 [info] <0.685.0>@riak_core_worker_pool:handle_info/3:257 worker_pool=af2_pool has qlen=0 and no items checked out
2026-09-11 18:13:35.470825+09:00 [info] <0.852.0>@leveled_monitor:handle_cast/2:551 log_ref=b0017 db_id=7 Snapshot timing with sample_count=0 and bookie_time=0 pcl_time=0 with sample_period=219 seconds
2026-09-11 18:13:36.012742+09:00 [info] <0.470.0>@riak_kv_replrtq_src:handle_info/2:646 QueueName=q1_ttaaefs has queue sizes p1=0 p2=0 p3=0
2026-09-11 18:13:36.416359+09:00 [info] <0.473.0>@riak_kv_overflow_queue:log/5:129 riak_kv_reaper job_id=0 has attempts=0 aborts=0 Queue lengths queue_p2=0 queue_p1=0 Overflow lengths overflow_p2=0 overflow_p1=0 Discard counts discard_p2=0 discard_p1=0
2026-09-11 18:13:36.642438+09:00 [info] <0.474.0>@riak_kv_overflow_queue:log/5:129 riak_kv_eraser job_id=0 has attempts=0 aborts=0 Queue lengths queue_p2=0 queue_p1=0 Overflow lengths overflow_p2=0 overflow_p1=0 Discard counts discard_p2=0 discard_p1=0
2026-09-11 18:13:36.880413+09:00 [info] <0.475.0>@riak_kv_overflow_queue:log/5:129 riak_kv_reader job_id=0 has attempts=0 aborts=0 Queue lengths queue_p2=0 queue_p1=0 Overflow lengths overflow_p2=0 overflow_p1=0 Discard counts discard_p2=0 discard_p1=0
2026-09-11 18:13:57.062542+09:00 [info] <0.689.0>@riak_core_worker_pool:handle_info/3:257 worker_pool=af3_pool has qlen=0 and no items checked out
2026-09-11 18:13:58.542684+09:00 [info] <0.680.0>@riak_core_worker_pool:handle_info/3:257 worker_pool=af1_pool has qlen=0 and no items checked out
2026-09-11 18:14:00.801462+09:00 [info] <0.700.0>@riak_core_worker_pool:handle_info/3:257 worker_pool=be_pool has qlen=0 and no items checked out
2026-09-11 18:14:01.396822+09:00 [info] <0.696.0>@riak_core_worker_pool:handle_info/3:257 worker_pool=af4_pool has qlen=0 and no items checked out
2026-09-11 18:14:06.869754+09:00 [info] <0.852.0>@leveled_monitor:handle_cast/2:515 log_ref=b0018 db_id=7 Positive HEAD responses timed with sample_count=0 and cache_count=0 found_count=0 fetch_ledger_time=0 fetch_ledgercache_time=0 rsp_time=0 notfound_time=0 with sample_period=219 seconds
2026-09-11 18:14:07.409384+09:00 [info] <0.470.0>@riak_kv_replrtq_src:handle_info/2:646 QueueName=q1_ttaaefs has queue sizes p1=0 p2=0 p3=0
2026-09-11 18:14:07.579919+09:00 [info] <0.685.0>@riak_core_worker_pool:handle_info/3:257 worker_pool=af2_pool has qlen=0 and no items checked out
2026-09-11 18:14:15.313038+09:00 [info] <0.826.0>@riak_kv_vnode:handle_command/3:1479 Tictac AAE loop completed for partition=1278813932664540053428224228626747642198940975104 with exchanges expected=6 exchanges completed=0 total deltas=0 total exchange_time=0 seconds loop duration=781 seconds (elapsed)
2026-09-11 18:14:38.250041+09:00 [info] <0.852.0>@leveled_monitor:handle_cast/2:534 log_ref=b0015 db_id=7 Put timing with sample_count=0 ink_time=0 prep_time=0 mem_time=0 with total_object_size=0 with sample_period=219 seconds
2026-09-11 18:14:38.786628+09:00 [info] <0.470.0>@riak_kv_replrtq_src:handle_info/2:646 QueueName=q1_ttaaefs has queue sizes p1=0 p2=0 p3=0
2026-09-11 18:14:39.219808+09:00 [info] <0.473.0>@riak_kv_overflow_queue:log/5:129 riak_kv_reaper job_id=0 has attempts=0 aborts=0 Queue lengths queue_p2=0 queue_p1=0 Overflow lengths overflow_p2=0 overflow_p1=0 Discard counts discard_p2=0 discard_p1=0
2026-09-11 18:14:39.415733+09:00 [info] <0.474.0>@riak_kv_overflow_queue:log/5:129 riak_kv_eraser job_id=0 has attempts=0 aborts=0 Queue lengths queue_p2=0 queue_p1=0 Overflow lengths overflow_p2=0 overflow_p1=0 Discard counts discard_p2=0 discard_p1=0
2026-09-11 18:14:39.654760+09:00 [info] <0.475.0>@riak_kv_overflow_queue:log/5:129 riak_kv_reader job_id=0 has attempts=0 aborts=0 Queue lengths queue_p2=0 queue_p1=0 Overflow lengths overflow_p2=0 overflow_p1=0 Discard counts discard_p2=0 discard_p1=0
2026-09-11 18:14:54.053074+09:00 [info] <0.689.0>@riak_core_worker_pool:handle_info/3:257 worker_pool=af3_pool has qlen=0 and no items checked out
2026-09-11 18:14:56.158488+09:00 [info] <0.680.0>@riak_core_worker_pool:handle_info/3:257 worker_pool=af1_pool has qlen=0 and no items checked out
2026-09-11 18:14:59.574545+09:00 [info] <0.696.0>@riak_core_worker_pool:handle_info/3:257 worker_pool=af4_pool has qlen=0 and no items checked out
2026-09-11 18:15:01.577611+09:00 [info] <0.700.0>@riak_core_worker_pool:handle_info/3:257 worker_pool=be_pool has qlen=0 and no items checked out
2026-09-11 18:15:06.969034+09:00 [info] <0.685.0>@riak_core_worker_pool:handle_info/3:257 worker_pool=af2_pool has qlen=0 and no items checked out
2026-09-11 18:15:09.629185+09:00 [info] <0.852.0>@leveled_monitor:handle_cast/2:494 log_ref=b0016 db_id=7 Get timing with sample_count=0 and head_time=0 body_time=0 with fetch_count=0 with sample_period=219 seconds
2026-09-11 18:15:10.169820+09:00 [info] <0.470.0>@riak_kv_replrtq_src:handle_info/2:646 QueueName=q1_ttaaefs has queue sizes p1=0 p2=0 p3=0
2026-09-11 18:15:41.033086+09:00 [info] <0.852.0>@leveled_monitor:handle_cast/2:580 log_ref=p0032 db_id=7 Fetch head timing with sample_count=0 and level timings of foundmem_time=0 found0_time=0 found1_time=0 found2_time=0 found3_time=0 foundlower_time=0 missed_time=0 with counts of foundmem_count=0 found0_count=0 found1_count=0 found2_count=0 found3_count=0 foundlower_count=0 missed_count=0 with sample_period=219 seconds
2026-09-11 18:15:41.576484+09:00 [info] <0.470.0>@riak_kv_replrtq_src:handle_info/2:646 QueueName=q1_ttaaefs has queue sizes p1=0 p2=0 p3=0
2026-09-11 18:15:42.015699+09:00 [info] <0.473.0>@riak_kv_overflow_queue:log/5:129 riak_kv_reaper job_id=0 has attempts=0 aborts=0 Queue lengths queue_p2=0 queue_p1=0 Overflow lengths overflow_p2=0 overflow_p1=0 Discard counts discard_p2=0 discard_p1=0
2026-09-11 18:15:42.203136+09:00 [info] <0.474.0>@riak_kv_overflow_queue:log/5:129 riak_kv_eraser job_id=0 has attempts=0 aborts=0 Queue lengths queue_p2=0 queue_p1=0 Overflow lengths overflow_p2=0 overflow_p1=0 Discard counts discard_p2=0 discard_p1=0
2026-09-11 18:15:42.446882+09:00 [info] <0.475.0>@riak_kv_overflow_queue:log/5:129 riak_kv_reader job_id=0 has attempts=0 aborts=0 Queue lengths queue_p2=0 queue_p1=0 Overflow lengths overflow_p2=0 overflow_p1=0 Discard counts discard_p2=0 discard_p1=0
2026-09-11 18:15:52.176697+09:00 [info] <0.689.0>@riak_core_worker_pool:handle_info/3:257 worker_pool=af3_pool has qlen=0 and no items checked out
2026-09-11 18:15:53.809372+09:00 [info] <0.680.0>@riak_core_worker_pool:handle_info/3:257 worker_pool=af1_pool has qlen=0 and no items checked out
2026-09-11 18:16:00.504519+09:00 [info] <0.700.0>@riak_core_worker_pool:handle_info/3:257 worker_pool=be_pool has qlen=0 and no items checked out
2026-09-11 18:16:00.950904+09:00 [info] <0.696.0>@riak_core_worker_pool:handle_info/3:257 worker_pool=af4_pool has qlen=0 and no items checked out
2026-09-11 18:16:09.504311+09:00 [info] <0.685.0>@riak_core_worker_pool:handle_info/3:257 worker_pool=af2_pool has qlen=0 and no items checked out
2026-09-11 18:16:12.968477+09:00 [info] <0.470.0>@riak_kv_replrtq_src:handle_info/2:646 QueueName=q1_ttaaefs has queue sizes p1=0 p2=0 p3=0
2026-09-11 18:16:43.835295+09:00 [info] <0.852.0>@leveled_monitor:handle_cast/2:625 log_ref=cdb19 db_id=7 Sample timings in microseconds for sample_count=0 with totals of cycle_count=0 index_time=0 read_time=0 with sample_period=219 seconds
2026-09-11 18:16:44.383981+09:00 [info] <0.470.0>@riak_kv_replrtq_src:handle_info/2:646 QueueName=q1_ttaaefs has queue sizes p1=0 p2=0 p3=0
2026-09-11 18:16:44.819258+09:00 [info] <0.473.0>@riak_kv_overflow_queue:log/5:129 riak_kv_reaper job_id=0 has attempts=0 aborts=0 Queue lengths queue_p2=0 queue_p1=0 Overflow lengths overflow_p2=0 overflow_p1=0 Discard counts discard_p2=0 discard_p1=0
2026-09-11 18:16:45.009638+09:00 [info] <0.474.0>@riak_kv_overflow_queue:log/5:129 riak_kv_eraser job_id=0 has attempts=0 aborts=0 Queue lengths queue_p2=0 queue_p1=0 Overflow lengths overflow_p2=0 overflow_p1=0 Discard counts discard_p2=0 discard_p1=0
2026-09-11 18:16:45.250018+09:00 [info] <0.475.0>@riak_kv_overflow_queue:log/5:129 riak_kv_reader job_id=0 has attempts=0 aborts=0 Queue lengths queue_p2=0 queue_p1=0 Overflow lengths overflow_p2=0 overflow_p1=0 Discard counts discard_p2=0 discard_p1=0
2026-09-11 18:16:50.631023+09:00 [info] <0.680.0>@riak_core_worker_pool:handle_info/3:257 worker_pool=af1_pool has qlen=0 and no items checked out
2026-09-11 18:16:54.334784+09:00 [info] <0.689.0>@riak_core_worker_pool:handle_info/3:257 worker_pool=af3_pool has qlen=0 and no items checked out
2026-09-11 18:16:59.343475+09:00 [info] <0.700.0>@riak_core_worker_pool:handle_info/3:257 worker_pool=be_pool has qlen=0 and no items checked out
2026-09-11 18:17:02.777318+09:00 [info] <0.696.0>@riak_core_worker_pool:handle_info/3:257 worker_pool=af4_pool has qlen=0 and no items checked out
2026-09-11 18:17:11.946206+09:00 [info] <0.685.0>@riak_core_worker_pool:handle_info/3:257 worker_pool=af2_pool has qlen=0 and no items checked out
2026-09-11 18:17:15.216778+09:00 [info] <0.852.0>@leveled_monitor:handle_cast/2:551 log_ref=b0017 db_id=7 Snapshot timing with sample_count=0 and bookie_time=0 pcl_time=0 with sample_period=219 seconds
2026-09-11 18:17:15.777345+09:00 [info] <0.470.0>@riak_kv_replrtq_src:handle_info/2:646 QueueName=q1_ttaaefs has queue sizes p1=0 p2=0 p3=0
2026-09-11 18:17:46.615602+09:00 [info] <0.852.0>@leveled_monitor:handle_cast/2:515 log_ref=b0018 db_id=7 Positive HEAD responses timed with sample_count=0 and cache_count=0 found_count=0 fetch_ledger_time=0 fetch_ledgercache_time=0 rsp_time=0 notfound_time=0 with sample_period=219 seconds
2026-09-11 18:17:47.178047+09:00 [info] <0.470.0>@riak_kv_replrtq_src:handle_info/2:646 QueueName=q1_ttaaefs has queue sizes p1=0 p2=0 p3=0
2026-09-11 18:17:47.604121+09:00 [info] <0.473.0>@riak_kv_overflow_queue:log/5:129 riak_kv_reaper job_id=0 has attempts=0 aborts=0 Queue lengths queue_p2=0 queue_p1=0 Overflow lengths overflow_p2=0 overflow_p1=0 Discard counts discard_p2=0 discard_p1=0
2026-09-11 18:17:47.809598+09:00 [info] <0.474.0>@riak_kv_overflow_queue:log/5:129 riak_kv_eraser job_id=0 has attempts=0 aborts=0 Queue lengths queue_p2=0 queue_p1=0 Overflow lengths overflow_p2=0 overflow_p1=0 Discard counts discard_p2=0 discard_p1=0
2026-09-11 18:17:48.035748+09:00 [info] <0.475.0>@riak_kv_overflow_queue:log/5:129 riak_kv_reader job_id=0 has attempts=0 aborts=0 Queue lengths queue_p2=0 queue_p1=0 Overflow lengths overflow_p2=0 overflow_p1=0 Discard counts discard_p2=0 discard_p1=0
2026-09-11 18:17:50.910322+09:00 [info] <0.680.0>@riak_core_worker_pool:handle_info/3:257 worker_pool=af1_pool has qlen=0 and no items checked out
2026-09-11 18:17:51.054581+09:00 [info] <0.732.0>@riak_repl_app:prep_stop/1:336 Redirecting realtime replication traffic
2026-09-11 18:17:51.145883+09:00 [info] <0.74.0>@supervisor:report_progress/2:1568 Supervisor: {local,kernel_safe_sup}. Started: id=riak_repl2_rtq_proxy,pid=<0.11409.0>.
2026-09-11 18:17:51.152224+09:00 [info] <0.732.0>@riak_repl_app:prep_stop/1:339 Stopping application riak_repl - marked service down.
2026-09-11 18:17:51.329717+09:00 [info] <0.11415.0>@riak_repl_migration:init/0:33 Riak replication migration server started
2026-09-11 18:17:51.332595+09:00 [info] <0.732.0>@riak_repl_app:prep_stop/1:343 Started migration server
2026-09-11 18:17:51.334878+09:00 [info] <0.11415.0>@riak_repl_migration:handle_call/3:37 Realtime Repl queue migration sleeping
2026-09-11 18:17:51.438632+09:00 [info] <0.11415.0>@riak_repl_migration:handle_info/2:50 Queue empty, no replication queue migration required
2026-09-11 18:17:52.473378+09:00 [info] <0.732.0>@riak_repl_app:stop/1:139 Stopped application riak_repl
2026-09-11 18:17:52.599555+09:00 [info] <0.350.0>@riak_kv_app:prep_stop/1:275 Stopping application riak_kv - marked service down.
2026-09-11 18:17:52.605027+09:00 [info] <0.350.0>@riak_kv_app:prep_stop/1:279 Unregistered pb services
2026-09-11 18:17:52.644386+09:00 [info] <0.350.0>@riak_kv_app:prep_stop/1:284 unregistered webmachine routes
2026-09-11 18:17:52.649568+09:00 [info] <0.350.0>@riak_kv_app:prep_stop/1:286 all active put FSMs completed
2026-09-11 18:17:52.662358+09:00 [info] <0.350.0>@riak_kv_app:stop/1:297 Stopped  application riak_kv.
2026-09-11 18:17:52.783564+09:00 [info] <0.858.0>@leveled_inker:handle_call/3:780 log_ref=i0005 db_id=7 Inker closing journal for reason close
2026-09-11 18:17:52.786376+09:00 [info] <0.858.0>@leveled_inker:handle_call/3:782 log_ref=i0006 db_id=7 Close triggered with journal_sqn=5 and manifest_sqn=2
2026-09-11 18:17:52.790515+09:00 [info] <0.858.0>@leveled_inker:shutdown_manifest/1:1036 log_ref=i0007 db_id=7 Inker manifest when closing is:
2026-09-11 18:17:52.804049+09:00 [info] <0.878.0>@leveled_pclerk:terminate/2:178 log_ref=pc005 db_id=7 Penciller's Clerk <0.878.0> shutdown now complete for reason normal
2026-09-11 18:17:52.807804+09:00 [info] <0.877.0>@leveled_penciller:handle_call/3:1068 log_ref=p0008 db_id=7 Penciller closing for reason close
2026-09-11 18:17:52.809185+09:00 [info] <0.877.0>@leveled_penciller:handle_call/3:1084 log_ref=p0010 db_id=7 level zero discarded_count=0 on close of Penciller
2026-09-11 18:17:52.811030+09:00 [info] <0.851.0>@leveled_bookie:terminate/2:1803 log_ref=b0003 db_id=7 Bookie closing for reason normal
2026-09-11 18:17:53.667561+09:00 [info] <0.920.0>@aae_treecache:save_to_disk/3:403 log_ref=c0003 Saving tree cache to path /var/lib/riak/tictac_aae/1278813932664540053428224228626747642198940975104/aaetree/1278813932664540053428224228626747642198940975104_3/ and filename 1.pnd
2026-09-11 18:17:54.588938+09:00 [info] <0.916.0>@aae_treecache:save_to_disk/3:403 log_ref=c0003 Saving tree cache to path /var/lib/riak/tictac_aae/1278813932664540053428224228626747642198940975104/aaetree/1096126227998177188652763624537212264741949407232_3/ and filename 1.pnd
2026-09-11 18:17:55.505047+09:00 [info] <0.11409.0>@riak_repl2_rtq_proxy:handle_info/2:94 rtq proxy target 'openriak-kv@node-05.cluster-a.openriak' is down
2026-09-11 18:17:57.193706+09:00 [info] <0.894.0>@aae_treecache:save_to_disk/3:403 log_ref=c0003 Saving tree cache to path /var/lib/riak/tictac_aae/1278813932664540053428224228626747642198940975104/aaetree/913438523331814323877303020447676887284957839360_3/ and filename 1.pnd
2026-09-11 18:17:57.208745+09:00 [info] <0.202.0>@riak_core_app:stop/1:118 Stopped  application riak_core.
