2026-09-12 00:23:57.496647+09:00 [info] <0.44.0>@application_controller:info_started/2:2130 Application: kernel. Started at: 'openriak-kv@node-03.cluster-a.openriak'.
2026-09-12 00:23:57.580014+09:00 [info] <0.44.0>@application_controller:info_started/2:2130 Application: stdlib. Started at: 'openriak-kv@node-03.cluster-a.openriak'.
2026-09-12 00:23:57.580239+09:00 [info] <0.44.0>@application_controller:info_started/2:2130 Application: asn1. Started at: 'openriak-kv@node-03.cluster-a.openriak'.
2026-09-12 00:23:57.585514+09:00 [info] <0.44.0>@application_controller:info_started/2:2130 Application: crypto. Started at: 'openriak-kv@node-03.cluster-a.openriak'.
2026-09-12 00:23:57.585746+09:00 [info] <0.44.0>@application_controller:info_started/2:2130 Application: public_key. Started at: 'openriak-kv@node-03.cluster-a.openriak'.
2026-09-12 00:23:57.595598+09:00 [info] <0.77.0>@supervisor:report_progress/2:1582 Supervisor: {local,logger_sup}. Started: id=ssl_handler,pid=<0.97.0>.
2026-09-12 00:23:57.629998+09:00 [info] <0.100.0>@supervisor:report_progress/2:1582 Supervisor: {local,ssl_admin_sup}. Started: id=ssl_pem_cache,pid=<0.101.0>.
2026-09-12 00:23:57.658837+09:00 [info] <0.100.0>@supervisor:report_progress/2:1582 Supervisor: {local,ssl_admin_sup}. Started: id=ssl_manager,pid=<0.102.0>.
2026-09-12 00:23:57.668516+09:00 [info] <0.100.0>@supervisor:report_progress/2:1582 Supervisor: {local,ssl_admin_sup}. Started: id=tls_client_ticket_store,pid=<0.103.0>.
2026-09-12 00:23:57.668669+09:00 [info] <0.99.0>@supervisor:report_progress/2:1582 Supervisor: {local,ssl_sup}. Started: id=ssl_admin_sup,pid=<0.100.0>.
2026-09-12 00:23:57.686184+09:00 [info] <0.105.0>@supervisor:report_progress/2:1582 Supervisor: {local,tls_sup}. Started: id=tls_connection_sup,pid=<0.106.0>.
2026-09-12 00:23:57.697759+09:00 [info] <0.107.0>@supervisor:report_progress/2:1582 Supervisor: {local,tls_server_sup}. Started: id=ssl_listen_tracker_sup,pid=<0.108.0>.
2026-09-12 00:23:57.704544+09:00 [info] <0.107.0>@supervisor:report_progress/2:1582 Supervisor: {local,tls_server_sup}. Started: id=tls_server_session_ticket,pid=<0.109.0>.
2026-09-12 00:23:57.708755+09:00 [info] <0.107.0>@supervisor:report_progress/2:1582 Supervisor: {local,tls_server_sup}. Started: id=ssl_server_session_cache_sup,pid=<0.110.0>.
2026-09-12 00:23:57.715919+09:00 [info] <0.107.0>@supervisor:report_progress/2:1582 Supervisor: {local,tls_server_sup}. Started: id=ssl_upgrade_server_session_cache_sup,pid=<0.111.0>.
2026-09-12 00:23:57.716052+09:00 [info] <0.105.0>@supervisor:report_progress/2:1582 Supervisor: {local,tls_sup}. Started: id=tls_server_sup,pid=<0.107.0>.
2026-09-12 00:23:57.716138+09:00 [info] <0.104.0>@supervisor:report_progress/2:1582 Supervisor: {local,ssl_connection_sup}. Started: id=tls_sup,pid=<0.105.0>.
2026-09-12 00:23:57.726531+09:00 [info] <0.112.0>@supervisor:report_progress/2:1582 Supervisor: {local,dtls_sup}. Started: id=dtls_connection_sup,pid=<0.113.0>.
2026-09-12 00:23:57.737924+09:00 [info] <0.114.0>@supervisor:report_progress/2:1582 Supervisor: {local,dtls_server_sup}. Started: id=dtls_listener_sup,pid=<0.115.0>.
2026-09-12 00:23:57.744358+09:00 [info] <0.114.0>@supervisor:report_progress/2:1582 Supervisor: {local,dtls_server_sup}. Started: id=dtls_server_session_cache_sup,pid=<0.116.0>.
2026-09-12 00:23:57.744497+09:00 [info] <0.112.0>@supervisor:report_progress/2:1582 Supervisor: {local,dtls_sup}. Started: id=dtls_server_sup,pid=<0.114.0>.
2026-09-12 00:23:57.744583+09:00 [info] <0.104.0>@supervisor:report_progress/2:1582 Supervisor: {local,ssl_connection_sup}. Started: id=dtls_sup,pid=<0.112.0>.
2026-09-12 00:23:57.744651+09:00 [info] <0.99.0>@supervisor:report_progress/2:1582 Supervisor: {local,ssl_sup}. Started: id=ssl_connection_sup,pid=<0.104.0>.
2026-09-12 00:23:57.744728+09:00 [info] <0.44.0>@application_controller:info_started/2:2130 Application: ssl. Started at: 'openriak-kv@node-03.cluster-a.openriak'.
2026-09-12 00:23:57.744881+09:00 [info] <0.44.0>@application_controller:info_started/2:2130 Application: hut. Started at: 'openriak-kv@node-03.cluster-a.openriak'.
2026-09-12 00:23:57.765457+09:00 [info] <0.121.0>@supervisor:report_progress/2:1582 Supervisor: {local,setup_sup}. Started: id=setup_srv,pid=<0.122.0>.
2026-09-12 00:23:57.794957+09:00 [notice] <0.122.0>@: Setup running ...
2026-09-12 00:23:57.809038+09:00 [notice] <0.122.0>@: Directories verified. Res = ok
2026-09-12 00:23:57.819568+09:00 [notice] <0.122.0>@: Setup finished processing hooks (Mode=normal)...
2026-09-12 00:23:57.820601+09:00 [info] <0.44.0>@application_controller:info_started/2:2130 Application: setup. Started at: 'openriak-kv@node-03.cluster-a.openriak'.
2026-09-12 00:23:57.820814+09:00 [info] <0.44.0>@application_controller:info_started/2:2130 Application: syntax_tools. Started at: 'openriak-kv@node-03.cluster-a.openriak'.
2026-09-12 00:23:57.821001+09:00 [info] <0.44.0>@application_controller:info_started/2:2130 Application: compiler. Started at: 'openriak-kv@node-03.cluster-a.openriak'.
2026-09-12 00:23:57.821132+09:00 [info] <0.44.0>@application_controller:info_started/2:2130 Application: parse_trans. Started at: 'openriak-kv@node-03.cluster-a.openriak'.
2026-09-12 00:23:57.854722+09:00 [info] <0.129.0>@supervisor:report_progress/2:1582 Supervisor: {local,exometer_core_sup}. Started: id=exometer_admin,pid=<0.130.0>.
2026-09-12 00:23:57.866164+09:00 [info] <0.129.0>@supervisor:report_progress/2:1582 Supervisor: {local,exometer_core_sup}. Started: id=exometer_cache,pid=<0.131.0>.
2026-09-12 00:23:57.889110+09:00 [info] <0.129.0>@supervisor:report_progress/2:1582 Supervisor: {local,exometer_core_sup}. Started: id=exometer_report,pid=<0.132.0>.
2026-09-12 00:23:57.893592+09:00 [info] <0.129.0>@supervisor:report_progress/2:1582 Supervisor: {local,exometer_core_sup}. Started: id=exometer_report_logger_sup,pid=<0.133.0>.
2026-09-12 00:23:57.906542+09:00 [info] <0.129.0>@supervisor:report_progress/2:1582 Supervisor: {local,exometer_core_sup}. Started: id=exometer_alias,pid=<0.134.0>.
2026-09-12 00:23:57.906985+09:00 [info] <0.132.0>@exometer_report:do_start_reporters/1:695 Starting reporters with []
2026-09-12 00:23:57.907356+09:00 [info] <0.44.0>@application_controller:info_started/2:2130 Application: exometer_core. Started at: 'openriak-kv@node-03.cluster-a.openriak'.
2026-09-12 00:23:57.920882+09:00 [info] <0.139.0>@supervisor:report_progress/2:1582 Supervisor: {local,sasl_safe_sup}. Started: id=alarm_handler,pid=<0.140.0>.
2026-09-12 00:23:57.921012+09:00 [info] <0.138.0>@supervisor:report_progress/2:1582 Supervisor: {local,sasl_sup}. Started: id=sasl_safe_sup,pid=<0.139.0>.
2026-09-12 00:23:57.955587+09:00 [info] <0.138.0>@supervisor:report_progress/2:1582 Supervisor: {local,sasl_sup}. Started: id=release_handler,pid=<0.141.0>.
2026-09-12 00:23:57.955758+09:00 [info] <0.44.0>@application_controller:info_started/2:2130 Application: sasl. Started at: 'openriak-kv@node-03.cluster-a.openriak'.
2026-09-12 00:23:57.971309+09:00 [info] <0.49.0>@supervisor:report_progress/2:1582 Supervisor: {local,kernel_sup}. Started: id=timer_server,pid=<0.148.0>.
2026-09-12 00:23:57.971705+09:00 [info] <0.146.0>@supervisor:report_progress/2:1582 Supervisor: {local,riak_sysmon_sup}. Started: id=riak_sysmon_filter,pid=<0.147.0>.
2026-09-12 00:23:57.971825+09:00 [info] <0.146.0>@supervisor:report_progress/2:1582 Supervisor: {local,riak_sysmon_sup}. Started: id=riak_sysmon_mgr,pid=<0.150.0>.
2026-09-12 00:23:57.971973+09:00 [info] <0.44.0>@application_controller:info_started/2:2130 Application: riak_sysmon. Started at: 'openriak-kv@node-03.cluster-a.openriak'.
2026-09-12 00:23:57.995272+09:00 [info] <0.154.0>@supervisor:report_progress/2:1582 Supervisor: {local,os_mon_sup}. Started: id=disksup,pid=<0.155.0>.
2026-09-12 00:23:58.009670+09:00 [info] <0.154.0>@supervisor:report_progress/2:1582 Supervisor: {local,os_mon_sup}. Started: id=memsup,pid=<0.156.0>.
2026-09-12 00:23:58.020800+09:00 [notice] <0.140.0>@: alarm_handler: {set,{system_memory_high_watermark,[]}}
2026-09-12 00:23:58.032985+09:00 [info] <0.154.0>@supervisor:report_progress/2:1582 Supervisor: {local,os_mon_sup}. Started: id=cpu_sup,pid=<0.158.0>.
2026-09-12 00:23:58.033501+09:00 [info] <0.44.0>@application_controller:info_started/2:2130 Application: os_mon. Started at: 'openriak-kv@node-03.cluster-a.openriak'.
2026-09-12 00:23:58.033715+09:00 [info] <0.44.0>@application_controller:info_started/2:2130 Application: observer. Started at: 'openriak-kv@node-03.cluster-a.openriak'.
2026-09-12 00:23:58.078957+09:00 [info] <0.165.0>@supervisor:report_progress/2:1582 Supervisor: {local,runtime_tools_sup}. Started: id=ttb_autostart,pid=<0.166.0>.
2026-09-12 00:23:58.079166+09:00 [info] <0.44.0>@application_controller:info_started/2:2130 Application: runtime_tools. Started at: 'openriak-kv@node-03.cluster-a.openriak'.
2026-09-12 00:23:58.079420+09:00 [info] <0.44.0>@application_controller:info_started/2:2130 Application: xmerl. Started at: 'openriak-kv@node-03.cluster-a.openriak'.
2026-09-12 00:23:58.188927+09:00 [info] <0.173.0>@supervisor:report_progress/2:1582 Supervisor: {local,httpc_profile_sup}. Started: id=httpc_manager,pid=<0.176.0>.
2026-09-12 00:23:58.189447+09:00 [info] <0.172.0>@supervisor:report_progress/2:1582 Supervisor: {local,httpc_sup}. Started: id=httpc_profile_sup,pid=<0.173.0>.
2026-09-12 00:23:58.198340+09:00 [info] <0.172.0>@supervisor:report_progress/2:1582 Supervisor: {local,httpc_sup}. Started: id=httpc_handler_sup,pid=<0.178.0>.
2026-09-12 00:23:58.202235+09:00 [info] <0.171.0>@supervisor:report_progress/2:1582 Supervisor: {local,inets_sup}. Started: id=httpc_sup,pid=<0.172.0>.
2026-09-12 00:23:58.212051+09:00 [info] <0.171.0>@supervisor:report_progress/2:1582 Supervisor: {local,inets_sup}. Started: id=httpd_sup,pid=<0.179.0>.
2026-09-12 00:23:58.212211+09:00 [info] <0.44.0>@application_controller:info_started/2:2130 Application: inets. Started at: 'openriak-kv@node-03.cluster-a.openriak'.
2026-09-12 00:23:58.212513+09:00 [info] <0.44.0>@application_controller:info_started/2:2130 Application: mochiweb. Started at: 'openriak-kv@node-03.cluster-a.openriak'.
2026-09-12 00:23:58.230306+09:00 [info] <0.184.0>@supervisor:report_progress/2:1582 Supervisor: {local,webmachine_sup}. Started: id=webmachine_logger,pid=<0.185.0>.
2026-09-12 00:23:58.236001+09:00 [info] <0.184.0>@supervisor:report_progress/2:1582 Supervisor: {local,webmachine_sup}. Started: id=webmachine_logger_watcher_sup,pid=<0.186.0>.
2026-09-12 00:23:58.243679+09:00 [info] <0.184.0>@supervisor:report_progress/2:1582 Supervisor: {local,webmachine_sup}. Started: id=webmachine_router,pid=<0.187.0>.
2026-09-12 00:23:58.244201+09:00 [info] <0.44.0>@application_controller:info_started/2:2130 Application: webmachine. Started at: 'openriak-kv@node-03.cluster-a.openriak'.
2026-09-12 00:23:58.244428+09:00 [info] <0.44.0>@application_controller:info_started/2:2130 Application: basho_stats. Started at: 'openriak-kv@node-03.cluster-a.openriak'.
2026-09-12 00:23:58.258980+09:00 [info] <0.192.0>@supervisor:report_progress/2:1582 Supervisor: {local,bitcask_sup}. Started: id=bitcask_merge_worker,pid=<0.193.0>.
2026-09-12 00:23:58.268959+09:00 [info] <0.192.0>@supervisor:report_progress/2:1582 Supervisor: {local,bitcask_sup}. Started: id=bitcask_merge_delete,pid=<0.194.0>.
2026-09-12 00:23:58.269116+09:00 [info] <0.44.0>@application_controller:info_started/2:2130 Application: bitcask. Started at: 'openriak-kv@node-03.cluster-a.openriak'.
2026-09-12 00:23:58.269343+09:00 [info] <0.44.0>@application_controller:info_started/2:2130 Application: getopt. Started at: 'openriak-kv@node-03.cluster-a.openriak'.
2026-09-12 00:23:58.274549+09:00 [info] <0.44.0>@application_controller:info_started/2:2130 Application: cuttlefish. Started at: 'openriak-kv@node-03.cluster-a.openriak'.
2026-09-12 00:23:58.344284+09:00 [info] <0.200.0>@supervisor:report_progress/2:1582 Supervisor: {local,clique_sup}. Started: id=clique_manager,pid=<0.201.0>.
2026-09-12 00:23:58.344488+09:00 [info] <0.44.0>@application_controller:info_started/2:2130 Application: clique. Started at: 'openriak-kv@node-03.cluster-a.openriak'.
2026-09-12 00:23:58.344686+09:00 [info] <0.44.0>@application_controller:info_started/2:2130 Application: eleveldb. Started at: 'openriak-kv@node-03.cluster-a.openriak'.
2026-09-12 00:23:58.344846+09:00 [info] <0.44.0>@application_controller:info_started/2:2130 Application: pbkdf2. Started at: 'openriak-kv@node-03.cluster-a.openriak'.
2026-09-12 00:23:58.344971+09:00 [info] <0.44.0>@application_controller:info_started/2:2130 Application: poolboy. Started at: 'openriak-kv@node-03.cluster-a.openriak'.
2026-09-12 00:23:58.375503+09:00 [info] <0.44.0>@application_controller:info_started/2:2130 Application: cluster_info. Started at: 'openriak-kv@node-03.cluster-a.openriak'.
2026-09-12 00:23:58.475335+09:00 [info] <0.212.0>@supervisor:report_progress/2:1582 Supervisor: {local,riak_core_sup}. Started: id=riak_core_bg_manager,pid=<0.213.0>.
2026-09-12 00:23:58.505613+09:00 [info] <0.212.0>@supervisor:report_progress/2:1582 Supervisor: {local,riak_core_sup}. Started: id=riak_core_sysmon_minder,pid=<0.214.0>.
2026-09-12 00:23:58.515137+09:00 [info] <0.212.0>@supervisor:report_progress/2:1582 Supervisor: {local,riak_core_sup}. Started: id=riak_core_vnode_sup,pid=<0.215.0>.
2026-09-12 00:23:58.528972+09:00 [info] <0.212.0>@supervisor:report_progress/2:1582 Supervisor: {local,riak_core_sup}. Started: id=riak_core_eventhandler_sup,pid=<0.216.0>.
2026-09-12 00:23:58.544336+09:00 [info] <0.212.0>@supervisor:report_progress/2:1582 Supervisor: {local,riak_core_sup}. Started: id=riak_core_dist_mon,pid=<0.217.0>.
2026-09-12 00:23:58.565826+09:00 [info] <0.218.0>@supervisor:report_progress/2:1582 Supervisor: {local,riak_core_handoff_sup}. Started: id=riak_core_handoff_receiver_sup,pid=<0.219.0>.
2026-09-12 00:23:58.576580+09:00 [info] <0.218.0>@supervisor:report_progress/2:1582 Supervisor: {local,riak_core_handoff_sup}. Started: id=riak_core_handoff_sender_sup,pid=<0.220.0>.
2026-09-12 00:23:58.624899+09:00 [info] <0.221.0>@supervisor:report_progress/2:1582 Supervisor: {local,riak_core_handoff_listener_sup}. Started: id=riak_core_handoff_listener,pid=<0.222.0>.
2026-09-12 00:23:58.625057+09:00 [info] <0.218.0>@supervisor:report_progress/2:1582 Supervisor: {local,riak_core_handoff_sup}. Started: id=riak_core_handoff_listener_sup,pid=<0.221.0>.
2026-09-12 00:23:58.653135+09:00 [info] <0.218.0>@supervisor:report_progress/2:1582 Supervisor: {local,riak_core_handoff_sup}. Started: id=riak_core_handoff_manager,pid=<0.224.0>.
2026-09-12 00:23:58.653272+09:00 [info] <0.212.0>@supervisor:report_progress/2:1582 Supervisor: {local,riak_core_sup}. Started: id=riak_core_handoff_sup,pid=<0.218.0>.
2026-09-12 00:23:58.662391+09:00 [info] <0.212.0>@supervisor:report_progress/2:1582 Supervisor: {local,riak_core_sup}. Started: id=riak_core_ring_events,pid=<0.225.0>.
2026-09-12 00:24:00.060870+09:00 [warning] <0.226.0>@riak_core_ring_manager:reload_ring/1:388 No ring file available.
2026-09-12 00:24:00.287115+09:00 [info] <0.212.0>@supervisor:report_progress/2:1582 Supervisor: {local,riak_core_sup}. Started: id=riak_core_ring_manager,pid=<0.226.0>.
2026-09-12 00:24:00.393192+09:00 [info] <0.82.0>@supervisor:report_progress/2:1582 Supervisor: {local,kernel_safe_sup}. Started: id=dets_sup,pid=<0.233.0>.
2026-09-12 00:24:00.393400+09:00 [info] <0.82.0>@supervisor:report_progress/2:1582 Supervisor: {local,kernel_safe_sup}. Started: id=dets,pid=<0.234.0>.
2026-09-12 00:24:00.441374+09:00 [info] <0.212.0>@supervisor:report_progress/2:1582 Supervisor: {local,riak_core_sup}. Started: id=riak_core_metadata_manager,pid=<0.232.0>.
2026-09-12 00:24:00.592509+09:00 [info] <0.212.0>@supervisor:report_progress/2:1582 Supervisor: {local,riak_core_sup}. Started: id=riak_core_metadata_hashtree,pid=<0.237.0>.
2026-09-12 00:24:00.612107+09:00 [info] <0.212.0>@supervisor:report_progress/2:1582 Supervisor: {local,riak_core_sup}. Started: id=riak_core_broadcast,pid=<0.240.0>.
2026-09-12 00:24:00.622607+09:00 [info] <0.212.0>@supervisor:report_progress/2:1582 Supervisor: {local,riak_core_sup}. Started: id=riak_core_vnode_proxy_sup,pid=<0.241.0>.
2026-09-12 00:24:00.626997+09:00 [info] <0.212.0>@supervisor:report_progress/2:1582 Supervisor: {local,riak_core_sup}. Started: id=riak_core_node_watcher_events,pid=<0.242.0>.
2026-09-12 00:24:00.644698+09:00 [info] <0.212.0>@supervisor:report_progress/2:1582 Supervisor: {local,riak_core_sup}. Started: id=riak_core_node_watcher,pid=<0.243.0>.
2026-09-12 00:24:00.694320+09:00 [info] <0.212.0>@supervisor:report_progress/2:1582 Supervisor: {local,riak_core_sup}. Started: id=riak_core_vnode_manager,pid=<0.244.0>.
2026-09-12 00:24:00.714215+09:00 [info] <0.212.0>@supervisor:report_progress/2:1582 Supervisor: {local,riak_core_sup}. Started: id=riak_core_capability,pid=<0.245.0>.
2026-09-12 00:24:00.714377+09:00 [info] <0.212.0>@supervisor:report_progress/2:1582 Supervisor: {local,riak_core_sup}. Started: id=riak_core_gossip,pid=<0.246.0>.
2026-09-12 00:24:00.754461+09:00 [info] <0.212.0>@supervisor:report_progress/2:1582 Supervisor: {local,riak_core_sup}. Started: id=riak_core_claimant,pid=<0.247.0>.
2026-09-12 00:24:00.760504+09:00 [info] <0.212.0>@supervisor:report_progress/2:1582 Supervisor: {local,riak_core_sup}. Started: id=riak_core_table_owner,pid=<0.248.0>.
2026-09-12 00:24:00.786934+09:00 [info] <0.250.0>@supervisor:report_progress/2:1582 Supervisor: {local,riak_core_stats_sup}. Started: id=riak_core_stat_cache,pid=<0.251.0>.
2026-09-12 00:24:00.787072+09:00 [info] <0.249.0>@supervisor:report_progress/2:1582 Supervisor: {local,riak_core_stat_sup}. Started: id=riak_core_stats_sup,pid=<0.250.0>.
2026-09-12 00:24:00.787194+09:00 [info] <0.212.0>@supervisor:report_progress/2:1582 Supervisor: {local,riak_core_sup}. Started: id=riak_core_stat_sup,pid=<0.249.0>.
2026-09-12 00:24:00.792762+09:00 [info] <0.212.0>@supervisor:report_progress/2:1582 Supervisor: {local,riak_core_sup}. Started: id=riak_core_node_worker_pool_sup,pid=<0.252.0>.
2026-09-12 00:24:00.993100+09:00 [info] <0.250.0>@supervisor:report_progress/2:1582 Supervisor: {local,riak_core_stats_sup}. Started: id=riak_core_stat,pid=<0.253.0>.
2026-09-12 00:24:01.034495+09:00 [info] <0.216.0>@supervisor:report_progress/2:1582 Supervisor: {local,riak_core_eventhandler_sup}. Started: id={riak_core_ring_events,riak_core_ring_handler},pid=<0.276.0>.
2026-09-12 00:24:01.034730+09:00 [info] <0.245.0>@riak_core_capability:process_capability_changes/2:557 New capability: {riak_core,vnode_routing} = proxy
2026-09-12 00:24:01.049159+09:00 [info] <0.245.0>@riak_core_capability:process_capability_changes/2:557 New capability: {riak_core,staged_joins} = true
2026-09-12 00:24:01.065968+09:00 [info] <0.245.0>@riak_core_capability:process_capability_changes/2:557 New capability: {riak_core,resizable_ring} = true
2026-09-12 00:24:01.085070+09:00 [info] <0.245.0>@riak_core_capability:process_capability_changes/2:557 New capability: {riak_core,fold_req_version} = v2
2026-09-12 00:24:01.116393+09:00 [info] <0.245.0>@riak_core_capability:process_capability_changes/2:557 New capability: {riak_core,security} = true
2026-09-12 00:24:01.134790+09:00 [info] <0.245.0>@riak_core_capability:process_capability_changes/2:557 New capability: {riak_core,bucket_types} = true
2026-09-12 00:24:01.161370+09:00 [info] <0.245.0>@riak_core_capability:process_capability_changes/2:557 New capability: {riak_core,net_ticktime} = true
2026-09-12 00:24:01.766339+09:00 [info] <0.44.0>@application_controller:info_started/2:2130 Application: riak_core. Started at: 'openriak-kv@node-03.cluster-a.openriak'.
2026-09-12 00:24:01.794300+09:00 [info] <0.245.0>@riak_core_capability:process_capability_changes/2:557 New capability: {riak_pipe,trace_format} = ordsets
2026-09-12 00:24:01.823895+09:00 [info] <0.283.0>@supervisor:report_progress/2:1582 Supervisor: {local,riak_pipe_sup}. Started: id=riak_pipe_vnode_master,pid=<0.284.0>.
2026-09-12 00:24:01.830582+09:00 [info] <0.283.0>@supervisor:report_progress/2:1582 Supervisor: {local,riak_pipe_sup}. Started: id=riak_pipe_builder_sup,pid=<0.285.0>.
2026-09-12 00:24:01.835085+09:00 [info] <0.283.0>@supervisor:report_progress/2:1582 Supervisor: {local,riak_pipe_sup}. Started: id=riak_pipe_fitting_sup,pid=<0.286.0>.
2026-09-12 00:24:01.839621+09:00 [info] <0.283.0>@supervisor:report_progress/2:1582 Supervisor: {local,riak_pipe_sup}. Started: id=riak_pipe_qcover_sup,pid=<0.287.0>.
2026-09-12 00:24:01.844605+09:00 [info] <0.241.0>@supervisor:report_progress/2:1582 Supervisor: {local,riak_core_vnode_proxy_sup}. Started: id={riak_pipe_vnode,0},pid=<0.288.0>.
2026-09-12 00:24:01.844796+09:00 [info] <0.241.0>@supervisor:report_progress/2:1582 Supervisor: {local,riak_core_vnode_proxy_sup}. Started: id={riak_pipe_vnode,182687704666362864775460604089535377456991567872},pid=<0.289.0>.
2026-09-12 00:24:01.844915+09:00 [info] <0.241.0>@supervisor:report_progress/2:1582 Supervisor: {local,riak_core_vnode_proxy_sup}. Started: id={riak_pipe_vnode,365375409332725729550921208179070754913983135744},pid=<0.290.0>.
2026-09-12 00:24:01.845041+09:00 [info] <0.241.0>@supervisor:report_progress/2:1582 Supervisor: {local,riak_core_vnode_proxy_sup}. Started: id={riak_pipe_vnode,548063113999088594326381812268606132370974703616},pid=<0.291.0>.
2026-09-12 00:24:01.845163+09:00 [info] <0.241.0>@supervisor:report_progress/2:1582 Supervisor: {local,riak_core_vnode_proxy_sup}. Started: id={riak_pipe_vnode,730750818665451459101842416358141509827966271488},pid=<0.292.0>.
2026-09-12 00:24:01.845286+09:00 [info] <0.241.0>@supervisor:report_progress/2:1582 Supervisor: {local,riak_core_vnode_proxy_sup}. Started: id={riak_pipe_vnode,913438523331814323877303020447676887284957839360},pid=<0.293.0>.
2026-09-12 00:24:01.845412+09:00 [info] <0.241.0>@supervisor:report_progress/2:1582 Supervisor: {local,riak_core_vnode_proxy_sup}. Started: id={riak_pipe_vnode,1096126227998177188652763624537212264741949407232},pid=<0.294.0>.
2026-09-12 00:24:01.845600+09:00 [info] <0.241.0>@supervisor:report_progress/2:1582 Supervisor: {local,riak_core_vnode_proxy_sup}. Started: id={riak_pipe_vnode,1278813932664540053428224228626747642198940975104},pid=<0.295.0>.
2026-09-12 00:24:01.854319+09:00 [info] <0.250.0>@supervisor:report_progress/2:1582 Supervisor: {local,riak_core_stats_sup}. Started: id=riak_pipe_stat,pid=<0.296.0>.
2026-09-12 00:24:01.871932+09:00 [info] <0.44.0>@application_controller:info_started/2:2130 Application: riak_pipe. Started at: 'openriak-kv@node-03.cluster-a.openriak'.
2026-09-12 00:24:01.872126+09:00 [info] <0.44.0>@application_controller:info_started/2:2130 Application: tools. Started at: 'openriak-kv@node-03.cluster-a.openriak'.
2026-09-12 00:24:01.872318+09:00 [info] <0.44.0>@application_controller:info_started/2:2130 Application: riak_pb. Started at: 'openriak-kv@node-03.cluster-a.openriak'.
2026-09-12 00:24:01.907350+09:00 [info] <0.304.0>@supervisor:report_progress/2:1582 Supervisor: {local,riak_api_sup}. Started: id=riak_api_pb_registration_helper,pid=<0.305.0>.
2026-09-12 00:24:01.916505+09:00 [info] <0.304.0>@supervisor:report_progress/2:1582 Supervisor: {local,riak_api_sup}. Started: id=riak_api_pb_registrar,pid=<0.306.0>.
2026-09-12 00:24:01.929302+09:00 [info] <0.304.0>@supervisor:report_progress/2:1582 Supervisor: {local,riak_api_sup}. Started: id=riak_api_pb_sup,pid=<0.307.0>.
2026-09-12 00:24:01.929622+09:00 [info] <0.304.0>@supervisor:report_progress/2:1582 Supervisor: {local,riak_api_sup}. Started: id=[112,98,58,47,47,34,48,46,48,46,48,46,48,34,58,56,48,56,55],pid=<0.308.0>.
2026-09-12 00:24:01.995497+09:00 [info] <0.304.0>@supervisor:report_progress/2:1582 Supervisor: {local,riak_api_sup}. Started: id=[104,116,116,112,58,47,47,48,46,48,46,48,46,48,58,56,48,57,56],pid=<0.311.0>.
2026-09-12 00:24:02.008554+09:00 [info] <0.250.0>@supervisor:report_progress/2:1582 Supervisor: {local,riak_core_stats_sup}. Started: id=riak_api_stat,pid=<0.328.0>.
2026-09-12 00:24:02.027691+09:00 [info] <0.44.0>@application_controller:info_started/2:2130 Application: riak_api. Started at: 'openriak-kv@node-03.cluster-a.openriak'.
2026-09-12 00:24:02.050728+09:00 [info] <0.44.0>@application_controller:info_started/2:2130 Application: sidejob. Started at: 'openriak-kv@node-03.cluster-a.openriak'.
2026-09-12 00:24:02.050997+09:00 [info] <0.44.0>@application_controller:info_started/2:2130 Application: riak_dt. Started at: 'openriak-kv@node-03.cluster-a.openriak'.
2026-09-12 00:24:02.051173+09:00 [info] <0.44.0>@application_controller:info_started/2:2130 Application: sext. Started at: 'openriak-kv@node-03.cluster-a.openriak'.
2026-09-12 00:24:02.051340+09:00 [info] <0.44.0>@application_controller:info_started/2:2130 Application: lz4. Started at: 'openriak-kv@node-03.cluster-a.openriak'.
2026-09-12 00:24:02.058105+09:00 [info] <0.44.0>@application_controller:info_started/2:2130 Application: zstd. Started at: 'openriak-kv@node-03.cluster-a.openriak'.
2026-09-12 00:24:02.059467+09:00 [info] <0.44.0>@application_controller:info_started/2:2130 Application: leveled. Started at: 'openriak-kv@node-03.cluster-a.openriak'.
2026-09-12 00:24:02.059654+09:00 [info] <0.44.0>@application_controller:info_started/2:2130 Application: kv_index_tictactree. Started at: 'openriak-kv@node-03.cluster-a.openriak'.
2026-09-12 00:24:02.059842+09:00 [info] <0.44.0>@application_controller:info_started/2:2130 Application: hyper. Started at: 'openriak-kv@node-03.cluster-a.openriak'.
2026-09-12 00:24:02.059999+09:00 [info] <0.44.0>@application_controller:info_started/2:2130 Application: redbug. Started at: 'openriak-kv@node-03.cluster-a.openriak'.
2026-09-12 00:24:02.060180+09:00 [info] <0.44.0>@application_controller:info_started/2:2130 Application: recon. Started at: 'openriak-kv@node-03.cluster-a.openriak'.
2026-09-12 00:24:02.060342+09:00 [info] <0.44.0>@application_controller:info_started/2:2130 Application: riakc. Started at: 'openriak-kv@node-03.cluster-a.openriak'.
2026-09-12 00:24:02.095084+09:00 [info] <0.350.0>@supervisor:report_progress/2:1582 Supervisor: {local,ibrowse_sup}. Started: id=ibrowse,pid=<0.351.0>.
2026-09-12 00:24:02.095248+09:00 [info] <0.44.0>@application_controller:info_started/2:2130 Application: ibrowse. Started at: 'openriak-kv@node-03.cluster-a.openriak'.
2026-09-12 00:24:02.095459+09:00 [info] <0.44.0>@application_controller:info_started/2:2130 Application: rhc. Started at: 'openriak-kv@node-03.cluster-a.openriak'.
2026-09-12 00:24:02.173930+09:00 [info] <0.359.0>@supervisor:report_progress/2:1582 Supervisor: {local,riak_kv_put_fsm_sj_worker_sup}. Started: id=riak_kv_put_fsm_sj_1,pid=<0.360.0>.
2026-09-12 00:24:02.174645+09:00 [info] <0.359.0>@supervisor:report_progress/2:1582 Supervisor: {local,riak_kv_put_fsm_sj_worker_sup}. Started: id=riak_kv_put_fsm_sj_2,pid=<0.361.0>.
2026-09-12 00:24:02.174908+09:00 [info] <0.359.0>@supervisor:report_progress/2:1582 Supervisor: {local,riak_kv_put_fsm_sj_worker_sup}. Started: id=riak_kv_put_fsm_sj_3,pid=<0.362.0>.
2026-09-12 00:24:02.175109+09:00 [info] <0.359.0>@supervisor:report_progress/2:1582 Supervisor: {local,riak_kv_put_fsm_sj_worker_sup}. Started: id=riak_kv_put_fsm_sj_4,pid=<0.363.0>.
2026-09-12 00:24:02.175181+09:00 [info] <0.358.0>@supervisor:report_progress/2:1582 Supervisor: {local,riak_kv_put_fsm_sj}. Started: id=sidejob_worker_sup,pid=<0.359.0>.
2026-09-12 00:24:02.175291+09:00 [info] <0.358.0>@supervisor:report_progress/2:1582 Supervisor: {local,riak_kv_put_fsm_sj}. Started: id=riak_kv_put_fsm_sj_stats,pid=<0.364.0>.
2026-09-12 00:24:02.175377+09:00 [info] <0.335.0>@supervisor:report_progress/2:1582 Supervisor: {local,sidejob_sup}. Started: id=riak_kv_put_fsm_sj,pid=<0.358.0>.
2026-09-12 00:24:02.184873+09:00 [info] <0.367.0>@supervisor:report_progress/2:1582 Supervisor: {local,riak_kv_get_fsm_sj_worker_sup}. Started: id=riak_kv_get_fsm_sj_1,pid=<0.368.0>.
2026-09-12 00:24:02.185147+09:00 [info] <0.367.0>@supervisor:report_progress/2:1582 Supervisor: {local,riak_kv_get_fsm_sj_worker_sup}. Started: id=riak_kv_get_fsm_sj_2,pid=<0.369.0>.
2026-09-12 00:24:02.191432+09:00 [info] <0.367.0>@supervisor:report_progress/2:1582 Supervisor: {local,riak_kv_get_fsm_sj_worker_sup}. Started: id=riak_kv_get_fsm_sj_3,pid=<0.370.0>.
2026-09-12 00:24:02.191761+09:00 [info] <0.367.0>@supervisor:report_progress/2:1582 Supervisor: {local,riak_kv_get_fsm_sj_worker_sup}. Started: id=riak_kv_get_fsm_sj_4,pid=<0.371.0>.
2026-09-12 00:24:02.191861+09:00 [info] <0.366.0>@supervisor:report_progress/2:1582 Supervisor: {local,riak_kv_get_fsm_sj}. Started: id=sidejob_worker_sup,pid=<0.367.0>.
2026-09-12 00:24:02.191973+09:00 [info] <0.366.0>@supervisor:report_progress/2:1582 Supervisor: {local,riak_kv_get_fsm_sj}. Started: id=riak_kv_get_fsm_sj_stats,pid=<0.372.0>.
2026-09-12 00:24:02.192070+09:00 [info] <0.335.0>@supervisor:report_progress/2:1582 Supervisor: {local,sidejob_sup}. Started: id=riak_kv_get_fsm_sj,pid=<0.366.0>.
2026-09-12 00:24:02.223631+09:00 [info] <0.375.0>@supervisor:report_progress/2:1582 Supervisor: {local,riak_kv_stat_sj_worker_sup}. Started: id=riak_kv_stat_sj_1,pid=<0.376.0>.
2026-09-12 00:24:02.223936+09:00 [info] <0.375.0>@supervisor:report_progress/2:1582 Supervisor: {local,riak_kv_stat_sj_worker_sup}. Started: id=riak_kv_stat_sj_2,pid=<0.377.0>.
2026-09-12 00:24:02.224158+09:00 [info] <0.375.0>@supervisor:report_progress/2:1582 Supervisor: {local,riak_kv_stat_sj_worker_sup}. Started: id=riak_kv_stat_sj_3,pid=<0.378.0>.
2026-09-12 00:24:02.224356+09:00 [info] <0.375.0>@supervisor:report_progress/2:1582 Supervisor: {local,riak_kv_stat_sj_worker_sup}. Started: id=riak_kv_stat_sj_4,pid=<0.379.0>.
2026-09-12 00:24:02.226935+09:00 [info] <0.374.0>@supervisor:report_progress/2:1582 Supervisor: {local,riak_kv_stat_sj}. Started: id=sidejob_worker_sup,pid=<0.375.0>.
2026-09-12 00:24:02.227081+09:00 [info] <0.374.0>@supervisor:report_progress/2:1582 Supervisor: {local,riak_kv_stat_sj}. Started: id=riak_kv_stat_sj_stats,pid=<0.380.0>.
2026-09-12 00:24:02.227174+09:00 [info] <0.335.0>@supervisor:report_progress/2:1582 Supervisor: {local,sidejob_sup}. Started: id=riak_kv_stat_sj,pid=<0.374.0>.
2026-09-12 00:24:02.311123+09:00 [info] <0.356.0>@riak_kv_env:doc_env/0:47 Environment and OS variables:
2026-09-12 00:24:02.457074+09:00 [info] <0.245.0>@riak_core_capability:process_capability_changes/2:557 New capability: {riak_kv,object_hash_version} = 0
2026-09-12 00:24:02.473031+09:00 [info] <0.245.0>@riak_core_capability:process_capability_changes/2:557 New capability: {riak_kv,anti_entropy} = enabled_v1
2026-09-12 00:24:02.483235+09:00 [info] <0.382.0>@riak_core_throttle:enable_throttle/2:121 Enabling throttle for riak_kv/aae_throttle.
2026-09-12 00:24:02.483353+09:00 [info] <0.381.0>@supervisor:report_progress/2:1582 Supervisor: {local,riak_kv_sup}. Started: id=riak_kv_entropy_manager,pid=<0.382.0>.
2026-09-12 00:24:02.522026+09:00 [info] <0.381.0>@supervisor:report_progress/2:1582 Supervisor: {local,riak_kv_sup}. Started: id=riak_kv_ttaaefs_manager,pid=<0.383.0>.
2026-09-12 00:24:02.543972+09:00 [info] <0.381.0>@supervisor:report_progress/2:1582 Supervisor: {local,riak_kv_sup}. Started: id=riak_kv_replrtq_src,pid=<0.384.0>.
2026-09-12 00:24:02.562263+09:00 [info] <0.381.0>@supervisor:report_progress/2:1582 Supervisor: {local,riak_kv_sup}. Started: id=riak_kv_replrtq_snk,pid=<0.385.0>.
2026-09-12 00:24:02.571019+09:00 [info] <0.381.0>@supervisor:report_progress/2:1582 Supervisor: {local,riak_kv_sup}. Started: id=riak_kv_replrtq_peer,pid=<0.386.0>.
2026-09-12 00:24:02.589867+09:00 [info] <0.381.0>@supervisor:report_progress/2:1582 Supervisor: {local,riak_kv_sup}. Started: id=riak_kv_reaper,pid=<0.387.0>.
2026-09-12 00:24:02.596525+09:00 [info] <0.381.0>@supervisor:report_progress/2:1582 Supervisor: {local,riak_kv_sup}. Started: id=riak_kv_eraser,pid=<0.388.0>.
2026-09-12 00:24:02.602459+09:00 [info] <0.381.0>@supervisor:report_progress/2:1582 Supervisor: {local,riak_kv_sup}. Started: id=riak_kv_reader,pid=<0.389.0>.
2026-09-12 00:24:02.608526+09:00 [info] <0.381.0>@supervisor:report_progress/2:1582 Supervisor: {local,riak_kv_sup}. Started: id=riak_kv_token_manager,pid=<0.390.0>.
2026-09-12 00:24:02.608683+09:00 [info] <0.381.0>@supervisor:report_progress/2:1582 Supervisor: {local,riak_kv_sup}. Started: id=riak_kv_vnode_master,pid=<0.391.0>.
2026-09-12 00:24:02.611204+09:00 [info] <0.391.0>@riak_core:wait_for_service/2:498 Waiting for service riak_kv to start (0 seconds)
2026-09-12 00:24:02.619245+09:00 [info] <0.392.0>@supervisor:report_progress/2:1582 Supervisor: {local,riak_kv_w1c_sup}. Started: id=riak_kv_w1c_worker00,pid=<0.393.0>.
2026-09-12 00:24:02.619384+09:00 [info] <0.392.0>@supervisor:report_progress/2:1582 Supervisor: {local,riak_kv_w1c_sup}. Started: id=riak_kv_w1c_worker01,pid=<0.394.0>.
2026-09-12 00:24:02.619486+09:00 [info] <0.392.0>@supervisor:report_progress/2:1582 Supervisor: {local,riak_kv_w1c_sup}. Started: id=riak_kv_w1c_worker02,pid=<0.395.0>.
2026-09-12 00:24:02.619580+09:00 [info] <0.392.0>@supervisor:report_progress/2:1582 Supervisor: {local,riak_kv_w1c_sup}. Started: id=riak_kv_w1c_worker03,pid=<0.396.0>.
2026-09-12 00:24:02.619671+09:00 [info] <0.392.0>@supervisor:report_progress/2:1582 Supervisor: {local,riak_kv_w1c_sup}. Started: id=riak_kv_w1c_worker04,pid=<0.397.0>.
2026-09-12 00:24:02.619766+09:00 [info] <0.392.0>@supervisor:report_progress/2:1582 Supervisor: {local,riak_kv_w1c_sup}. Started: id=riak_kv_w1c_worker05,pid=<0.398.0>.
2026-09-12 00:24:02.619863+09:00 [info] <0.392.0>@supervisor:report_progress/2:1582 Supervisor: {local,riak_kv_w1c_sup}. Started: id=riak_kv_w1c_worker06,pid=<0.399.0>.
2026-09-12 00:24:02.619958+09:00 [info] <0.392.0>@supervisor:report_progress/2:1582 Supervisor: {local,riak_kv_w1c_sup}. Started: id=riak_kv_w1c_worker07,pid=<0.400.0>.
2026-09-12 00:24:02.620034+09:00 [info] <0.381.0>@supervisor:report_progress/2:1582 Supervisor: {local,riak_kv_sup}. Started: id=riak_kv_w1c_sup,pid=<0.392.0>.
2026-09-12 00:24:02.625111+09:00 [info] <0.381.0>@supervisor:report_progress/2:1582 Supervisor: {local,riak_kv_sup}. Started: id=riak_kv_delete_sup,pid=<0.401.0>.
2026-09-12 00:24:02.628978+09:00 [info] <0.381.0>@supervisor:report_progress/2:1582 Supervisor: {local,riak_kv_sup}. Started: id=riak_kv_mrc_sink_sup,pid=<0.402.0>.
2026-09-12 00:24:02.631420+09:00 [info] <0.381.0>@supervisor:report_progress/2:1582 Supervisor: {local,riak_kv_sup}. Started: id=riak_kv_buckets_fsm_sup,pid=<0.403.0>.
2026-09-12 00:24:02.635324+09:00 [info] <0.381.0>@supervisor:report_progress/2:1582 Supervisor: {local,riak_kv_sup}. Started: id=riak_kv_keys_fsm_sup,pid=<0.404.0>.
2026-09-12 00:24:02.639186+09:00 [info] <0.381.0>@supervisor:report_progress/2:1582 Supervisor: {local,riak_kv_sup}. Started: id=riak_kv_index_fsm_sup,pid=<0.405.0>.
2026-09-12 00:24:02.642776+09:00 [info] <0.381.0>@supervisor:report_progress/2:1582 Supervisor: {local,riak_kv_sup}. Started: id=riak_kv_query_sup,pid=<0.406.0>.
2026-09-12 00:24:02.646660+09:00 [info] <0.381.0>@supervisor:report_progress/2:1582 Supervisor: {local,riak_kv_sup}. Started: id=riak_kv_clusteraae_fsm_sup,pid=<0.407.0>.
2026-09-12 00:24:02.650758+09:00 [info] <0.381.0>@supervisor:report_progress/2:1582 Supervisor: {local,riak_kv_sup}. Started: id=riak_kv_hotbackup_fsm_sup,pid=<0.408.0>.
2026-09-12 00:24:02.655847+09:00 [info] <0.381.0>@supervisor:report_progress/2:1582 Supervisor: {local,riak_kv_sup}. Started: id=riak_kv_http_cache,pid=<0.409.0>.
2026-09-12 00:24:02.656248+09:00 [info] <0.245.0>@riak_core_capability:process_capability_changes/2:557 New capability: {riak_kv,vnode_vclocks} = true
2026-09-12 00:24:02.678886+09:00 [info] <0.245.0>@riak_core_capability:process_capability_changes/2:557 New capability: {riak_kv,legacy_keylisting} = false
2026-09-12 00:24:02.691495+09:00 [info] <0.245.0>@riak_core_capability:process_capability_changes/2:557 New capability: {riak_kv,listkeys_backpressure} = true
2026-09-12 00:24:02.727574+09:00 [info] <0.245.0>@riak_core_capability:process_capability_changes/2:557 New capability: {riak_kv,index_backpressure} = true
2026-09-12 00:24:02.734975+09:00 [info] <0.245.0>@riak_core_capability:process_capability_changes/2:557 New capability: {riak_kv,mapred_system} = pipe
2026-09-12 00:24:02.747604+09:00 [info] <0.245.0>@riak_core_capability:process_capability_changes/2:557 New capability: {riak_kv,mapred_2i_pipe} = true
2026-09-12 00:24:02.767535+09:00 [info] <0.245.0>@riak_core_capability:process_capability_changes/2:557 New capability: {riak_kv,handoff_data_encoding} = encode_raw
2026-09-12 00:24:02.785057+09:00 [info] <0.245.0>@riak_core_capability:process_capability_changes/2:557 New capability: {riak_kv,object_format} = v1
2026-09-12 00:24:02.801745+09:00 [info] <0.245.0>@riak_core_capability:process_capability_changes/2:557 New capability: {riak_kv,secondary_index_version} = v3
2026-09-12 00:24:02.829787+09:00 [info] <0.245.0>@riak_core_capability:process_capability_changes/2:557 New capability: {riak_kv,vclock_data_encoding} = encode_zlib
2026-09-12 00:24:02.849097+09:00 [info] <0.245.0>@riak_core_capability:process_capability_changes/2:557 New capability: {riak_kv,crdt} = [pncounter,riak_dt_pncounter,riak_dt_orswot,riak_dt_map,riak_kv_hll,riak_dt_gset]
2026-09-12 00:24:02.880660+09:00 [info] <0.245.0>@riak_core_capability:process_capability_changes/2:557 New capability: {riak_kv,crdt_epoch_versions} = [{riak_dt_map,2},{riak_dt_orswot,2},{riak_dt_pncounter,2},{riak_kv_hll,1},{riak_dt_gset,2}]
2026-09-12 00:24:02.904826+09:00 [info] <0.245.0>@riak_core_capability:process_capability_changes/2:557 New capability: {riak_kv,put_fsm_ack_execute} = enabled
2026-09-12 00:24:02.930711+09:00 [info] <0.245.0>@riak_core_capability:process_capability_changes/2:557 New capability: {riak_kv,get_request_type} = head
2026-09-12 00:24:02.945112+09:00 [info] <0.245.0>@riak_core_capability:process_capability_changes/2:557 New capability: {riak_kv,put_soft_limit} = true
2026-09-12 00:24:02.974307+09:00 [info] <0.245.0>@riak_core_capability:process_capability_changes/2:557 New capability: {riak_kv,tictacaae_prompted_repairs} = true
2026-09-12 00:24:02.993533+09:00 [info] <0.241.0>@supervisor:report_progress/2:1582 Supervisor: {local,riak_core_vnode_proxy_sup}. Started: id={riak_kv_vnode,0},pid=<0.410.0>.
2026-09-12 00:24:02.993713+09:00 [info] <0.241.0>@supervisor:report_progress/2:1582 Supervisor: {local,riak_core_vnode_proxy_sup}. Started: id={riak_kv_vnode,182687704666362864775460604089535377456991567872},pid=<0.411.0>.
2026-09-12 00:24:02.993834+09:00 [info] <0.241.0>@supervisor:report_progress/2:1582 Supervisor: {local,riak_core_vnode_proxy_sup}. Started: id={riak_kv_vnode,365375409332725729550921208179070754913983135744},pid=<0.412.0>.
2026-09-12 00:24:02.993938+09:00 [info] <0.241.0>@supervisor:report_progress/2:1582 Supervisor: {local,riak_core_vnode_proxy_sup}. Started: id={riak_kv_vnode,548063113999088594326381812268606132370974703616},pid=<0.413.0>.
2026-09-12 00:24:02.994027+09:00 [info] <0.241.0>@supervisor:report_progress/2:1582 Supervisor: {local,riak_core_vnode_proxy_sup}. Started: id={riak_kv_vnode,730750818665451459101842416358141509827966271488},pid=<0.414.0>.
2026-09-12 00:24:02.994146+09:00 [info] <0.241.0>@supervisor:report_progress/2:1582 Supervisor: {local,riak_core_vnode_proxy_sup}. Started: id={riak_kv_vnode,913438523331814323877303020447676887284957839360},pid=<0.415.0>.
2026-09-12 00:24:02.994236+09:00 [info] <0.241.0>@supervisor:report_progress/2:1582 Supervisor: {local,riak_core_vnode_proxy_sup}. Started: id={riak_kv_vnode,1096126227998177188652763624537212264741949407232},pid=<0.416.0>.
2026-09-12 00:24:02.994326+09:00 [info] <0.241.0>@supervisor:report_progress/2:1582 Supervisor: {local,riak_core_vnode_proxy_sup}. Started: id={riak_kv_vnode,1278813932664540053428224228626747642198940975104},pid=<0.417.0>.
2026-09-12 00:24:03.077696+09:00 [info] <0.250.0>@supervisor:report_progress/2:1582 Supervisor: {local,riak_core_stats_sup}. Started: id=riak_kv_stat,pid=<0.418.0>.
2026-09-12 00:24:03.185291+09:00 [info] <0.252.0>@riak_core_node_worker_pool:start_link/5:85 Registered worker pool of type af1_pool and size 2
2026-09-12 00:24:03.185458+09:00 [info] <0.252.0>@supervisor:report_progress/2:1582 Supervisor: {local,riak_core_node_worker_pool_sup}. Started: id=af1_pool,pid=<0.560.0>.
2026-09-12 00:24:03.185700+09:00 [info] <0.252.0>@riak_core_node_worker_pool:start_link/5:85 Registered worker pool of type af2_pool and size 1
2026-09-12 00:24:03.185781+09:00 [info] <0.252.0>@supervisor:report_progress/2:1582 Supervisor: {local,riak_core_node_worker_pool_sup}. Started: id=af2_pool,pid=<0.565.0>.
2026-09-12 00:24:03.186600+09:00 [info] <0.252.0>@riak_core_node_worker_pool:start_link/5:85 Registered worker pool of type af3_pool and size 4
2026-09-12 00:24:03.186699+09:00 [info] <0.252.0>@supervisor:report_progress/2:1582 Supervisor: {local,riak_core_node_worker_pool_sup}. Started: id=af3_pool,pid=<0.569.0>.
2026-09-12 00:24:03.186883+09:00 [info] <0.252.0>@riak_core_node_worker_pool:start_link/5:85 Registered worker pool of type af4_pool and size 1
2026-09-12 00:24:03.186967+09:00 [info] <0.252.0>@supervisor:report_progress/2:1582 Supervisor: {local,riak_core_node_worker_pool_sup}. Started: id=af4_pool,pid=<0.576.0>.
2026-09-12 00:24:03.187118+09:00 [info] <0.252.0>@riak_core_node_worker_pool:start_link/5:85 Registered worker pool of type be_pool and size 1
2026-09-12 00:24:03.187193+09:00 [info] <0.252.0>@supervisor:report_progress/2:1582 Supervisor: {local,riak_core_node_worker_pool_sup}. Started: id=be_pool,pid=<0.580.0>.
2026-09-12 00:24:03.232383+09:00 [info] <0.44.0>@application_controller:info_started/2:2130 Application: riak_kv. Started at: 'openriak-kv@node-03.cluster-a.openriak'.
2026-09-12 00:24:03.239367+09:00 [info] <0.44.0>@application_controller:info_started/2:2130 Application: ebloom. Started at: 'openriak-kv@node-03.cluster-a.openriak'.
2026-09-12 00:24:03.239597+09:00 [info] <0.44.0>@application_controller:info_started/2:2130 Application: bear. Started at: 'openriak-kv@node-03.cluster-a.openriak'.
2026-09-12 00:24:03.258936+09:00 [info] <0.589.0>@supervisor:report_progress/2:1582 Supervisor: {local,folsom_sup}. Started: id=folsom_sample_slide_sup,pid=<0.590.0>.
2026-09-12 00:24:03.265729+09:00 [info] <0.589.0>@supervisor:report_progress/2:1582 Supervisor: {local,folsom_sup}. Started: id=folsom_meter_timer_server,pid=<0.591.0>.
2026-09-12 00:24:03.270466+09:00 [info] <0.589.0>@supervisor:report_progress/2:1582 Supervisor: {local,folsom_sup}. Started: id=folsom_metrics_histogram_ets,pid=<0.592.0>.
2026-09-12 00:24:03.276992+09:00 [info] <0.589.0>@supervisor:report_progress/2:1582 Supervisor: {local,folsom_sup}. Started: id=folsom_metrics_spiral,pid=<0.593.0>.
2026-09-12 00:24:03.282061+09:00 [info] <0.589.0>@supervisor:report_progress/2:1582 Supervisor: {local,folsom_sup}. Started: id=folsom_metrics_history,pid=<0.594.0>.
2026-09-12 00:24:03.289309+09:00 [info] <0.589.0>@supervisor:report_progress/2:1582 Supervisor: {local,folsom_sup}. Started: id=folsom_metrics_histogram,pid=<0.595.0>.
2026-09-12 00:24:03.296197+09:00 [info] <0.589.0>@supervisor:report_progress/2:1582 Supervisor: {local,folsom_sup}. Started: id=folsom_metrics_duration,pid=<0.596.0>.
2026-09-12 00:24:03.304388+09:00 [info] <0.589.0>@supervisor:report_progress/2:1582 Supervisor: {local,folsom_sup}. Started: id=folsom_metrics_counter,pid=<0.597.0>.
2026-09-12 00:24:03.313279+09:00 [info] <0.589.0>@supervisor:report_progress/2:1582 Supervisor: {local,folsom_sup}. Started: id=folsom_metrics_gauge,pid=<0.598.0>.
2026-09-12 00:24:03.322851+09:00 [info] <0.589.0>@supervisor:report_progress/2:1582 Supervisor: {local,folsom_sup}. Started: id=folsom_metrics_meter,pid=<0.599.0>.
2026-09-12 00:24:03.331166+09:00 [info] <0.589.0>@supervisor:report_progress/2:1582 Supervisor: {local,folsom_sup}. Started: id=folsom_metrics_meter_reader,pid=<0.600.0>.
2026-09-12 00:24:03.331348+09:00 [info] <0.44.0>@application_controller:info_started/2:2130 Application: folsom. Started at: 'openriak-kv@node-03.cluster-a.openriak'.
2026-09-12 00:24:03.362385+09:00 [info] <0.604.0>@supervisor:report_progress/2:1582 Supervisor: {local,ranch_sup}. Started: id=ranch_server,pid=<0.605.0>.
2026-09-12 00:24:03.362579+09:00 [info] <0.44.0>@application_controller:info_started/2:2130 Application: ranch. Started at: 'openriak-kv@node-03.cluster-a.openriak'.
2026-09-12 00:24:03.373951+09:00 [info] <0.608.0>@riak_core:wait_for_service/2:498 Waiting for service riak_kv to start (0 seconds)
2026-09-12 00:24:10.695031+09:00 [info] <0.244.0>@riak_core_vnode_manager:update_never_started/4:1026 Update never started for Mod riak_kv_vnode with count 8 to be added to 0
2026-09-12 00:24:10.695154+09:00 [info] <0.244.0>@riak_core_vnode_manager:update_never_started/4:1026 Update never started for Mod riak_pipe_vnode with count 8 to be added to 8
2026-09-12 00:24:10.695565+09:00 [info] <0.708.0>@riak_core_vnode_manager:get_vnode/3:733 Will start VNode for partition 0 riak_pipe_vnode
2026-09-12 00:24:10.731563+09:00 [info] <0.708.0>@riak_core_vnode_manager:get_vnode/3:743 VNode initialization ready <0.709.0> 0 riak_pipe_vnode
2026-09-12 00:24:10.731977+09:00 [info] <0.715.0>@riak_core_vnode_manager:get_vnode/3:733 Will start VNode for partition 730750818665451459101842416358141509827966271488 riak_kv_vnode
2026-09-12 00:24:10.731793+09:00 [info] <0.711.0>@riak_core_vnode_manager:get_vnode/3:733 Will start VNode for partition 0 riak_kv_vnode
2026-09-12 00:24:10.731859+09:00 [info] <0.712.0>@riak_core_vnode_manager:get_vnode/3:733 Will start VNode for partition 182687704666362864775460604089535377456991567872 riak_kv_vnode
2026-09-12 00:24:10.731900+09:00 [info] <0.713.0>@riak_core_vnode_manager:get_vnode/3:733 Will start VNode for partition 365375409332725729550921208179070754913983135744 riak_kv_vnode
2026-09-12 00:24:10.732046+09:00 [info] <0.716.0>@riak_core_vnode_manager:get_vnode/3:733 Will start VNode for partition 913438523331814323877303020447676887284957839360 riak_kv_vnode
2026-09-12 00:24:10.732056+09:00 [info] <0.717.0>@riak_core_vnode_manager:get_vnode/3:733 Will start VNode for partition 1096126227998177188652763624537212264741949407232 riak_kv_vnode
2026-09-12 00:24:10.732065+09:00 [info] <0.718.0>@riak_core_vnode_manager:get_vnode/3:733 Will start VNode for partition 1278813932664540053428224228626747642198940975104 riak_kv_vnode
2026-09-12 00:24:10.736249+09:00 [info] <0.714.0>@riak_core_vnode_manager:get_vnode/3:733 Will start VNode for partition 548063113999088594326381812268606132370974703616 riak_kv_vnode
2026-09-12 00:24:10.843005+09:00 [info] <0.760.0>@leveled_inker:open_all_manifest/2:1269 log_ref=i0011 db_id=1 Manifest is empty, starting from manifest SQN 1
2026-09-12 00:24:10.842689+09:00 [info] <0.767.0>@leveled_inker:open_all_manifest/2:1269 log_ref=i0011 db_id=6 Manifest is empty, starting from manifest SQN 1
2026-09-12 00:24:10.842777+09:00 [info] <0.766.0>@leveled_inker:open_all_manifest/2:1269 log_ref=i0011 db_id=4 Manifest is empty, starting from manifest SQN 1
2026-09-12 00:24:10.842835+09:00 [info] <0.765.0>@leveled_inker:open_all_manifest/2:1269 log_ref=i0011 db_id=5 Manifest is empty, starting from manifest SQN 1
2026-09-12 00:24:10.842885+09:00 [info] <0.764.0>@leveled_inker:open_all_manifest/2:1269 log_ref=i0011 db_id=0 Manifest is empty, starting from manifest SQN 1
2026-09-12 00:24:10.842936+09:00 [info] <0.763.0>@leveled_inker:open_all_manifest/2:1269 log_ref=i0011 db_id=2 Manifest is empty, starting from manifest SQN 1
2026-09-12 00:24:10.843099+09:00 [info] <0.762.0>@leveled_inker:open_all_manifest/2:1269 log_ref=i0011 db_id=7 Manifest is empty, starting from manifest SQN 1
2026-09-12 00:24:10.843107+09:00 [info] <0.761.0>@leveled_inker:open_all_manifest/2:1269 log_ref=i0011 db_id=3 Manifest is empty, starting from manifest SQN 1
2026-09-12 00:24:10.875804+09:00 [info] <0.778.0>@leveled_cdb:starting/3:479 log_ref=cdb01 db_id=2 Opening file for writing with filename /var/lib/riak/leveled/365375409332725729550921208179070754913983135744/journal/journal_files/0_1335f83b-1602-4177-86f6-d782d27ee8f2.pnd
2026-09-12 00:24:10.875898+09:00 [info] <0.780.0>@leveled_cdb:starting/3:479 log_ref=cdb01 db_id=6 Opening file for writing with filename /var/lib/riak/leveled/1096126227998177188652763624537212264741949407232/journal/journal_files/0_f7ff0601-90fc-4eb8-b7a1-389ea5bd88b5.pnd
2026-09-12 00:24:10.875840+09:00 [info] <0.781.0>@leveled_cdb:starting/3:479 log_ref=cdb01 db_id=1 Opening file for writing with filename /var/lib/riak/leveled/182687704666362864775460604089535377456991567872/journal/journal_files/0_d9ca2da4-45ad-413d-82cc-34e43375e69f.pnd
2026-09-12 00:24:10.875957+09:00 [info] <0.779.0>@leveled_cdb:starting/3:479 log_ref=cdb01 db_id=4 Opening file for writing with filename /var/lib/riak/leveled/730750818665451459101842416358141509827966271488/journal/journal_files/0_ed72c63f-f9bc-48db-bb83-97a016890762.pnd
2026-09-12 00:24:10.876118+09:00 [info] <0.782.0>@leveled_cdb:starting/3:479 log_ref=cdb01 db_id=3 Opening file for writing with filename /var/lib/riak/leveled/548063113999088594326381812268606132370974703616/journal/journal_files/0_9e58a140-ca52-40e6-9324-b9b16df9314f.pnd
2026-09-12 00:24:10.875913+09:00 [info] <0.783.0>@leveled_cdb:starting/3:479 log_ref=cdb01 db_id=7 Opening file for writing with filename /var/lib/riak/leveled/1278813932664540053428224228626747642198940975104/journal/journal_files/0_cbba74e7-2547-4d3c-b72c-68ed45891cf6.pnd
2026-09-12 00:24:10.875961+09:00 [info] <0.784.0>@leveled_cdb:starting/3:479 log_ref=cdb01 db_id=0 Opening file for writing with filename /var/lib/riak/leveled/0/journal/journal_files/0_6ac54def-98b6-46e7-8167-f81860660e5b.pnd
2026-09-12 00:24:10.876015+09:00 [info] <0.785.0>@leveled_cdb:starting/3:479 log_ref=cdb01 db_id=5 Opening file for writing with filename /var/lib/riak/leveled/913438523331814323877303020447676887284957839360/journal/journal_files/0_68c0a652-6a09-44ce-b26f-0e700d037d8a.pnd
2026-09-12 00:24:10.876971+09:00 [info] <0.764.0>@leveled_inker:build_manifest/3:1238 log_ref=i0009 db_id=0 Updated manifest on startup:
2026-09-12 00:24:10.877080+09:00 [info] <0.762.0>@leveled_inker:build_manifest/3:1238 log_ref=i0009 db_id=7 Updated manifest on startup:
2026-09-12 00:24:10.877158+09:00 [info] <0.766.0>@leveled_inker:build_manifest/3:1238 log_ref=i0009 db_id=4 Updated manifest on startup:
2026-09-12 00:24:10.877235+09:00 [info] <0.767.0>@leveled_inker:build_manifest/3:1238 log_ref=i0009 db_id=6 Updated manifest on startup:
2026-09-12 00:24:10.877314+09:00 [info] <0.761.0>@leveled_inker:build_manifest/3:1238 log_ref=i0009 db_id=3 Updated manifest on startup:
2026-09-12 00:24:10.878770+09:00 [info] <0.760.0>@leveled_inker:build_manifest/3:1238 log_ref=i0009 db_id=1 Updated manifest on startup:
2026-09-12 00:24:10.878834+09:00 [info] <0.765.0>@leveled_inker:build_manifest/3:1238 log_ref=i0009 db_id=5 Updated manifest on startup:
2026-09-12 00:24:10.878976+09:00 [info] <0.764.0>@leveled_imanifest:writer/3:187 log_ref=i0016 db_id=0 Writing new version of manifest for manifestSQN=2
2026-09-12 00:24:10.879060+09:00 [info] <0.761.0>@leveled_imanifest:writer/3:187 log_ref=i0016 db_id=3 Writing new version of manifest for manifestSQN=2
2026-09-12 00:24:10.879404+09:00 [info] <0.762.0>@leveled_imanifest:writer/3:187 log_ref=i0016 db_id=7 Writing new version of manifest for manifestSQN=2
2026-09-12 00:24:10.879159+09:00 [info] <0.767.0>@leveled_imanifest:writer/3:187 log_ref=i0016 db_id=6 Writing new version of manifest for manifestSQN=2
2026-09-12 00:24:10.879533+09:00 [info] <0.760.0>@leveled_imanifest:writer/3:187 log_ref=i0016 db_id=1 Writing new version of manifest for manifestSQN=2
2026-09-12 00:24:10.879446+09:00 [info] <0.765.0>@leveled_imanifest:writer/3:187 log_ref=i0016 db_id=5 Writing new version of manifest for manifestSQN=2
2026-09-12 00:24:10.880592+09:00 [info] <0.763.0>@leveled_inker:build_manifest/3:1238 log_ref=i0009 db_id=2 Updated manifest on startup:
2026-09-12 00:24:10.879264+09:00 [info] <0.766.0>@leveled_imanifest:writer/3:187 log_ref=i0016 db_id=4 Writing new version of manifest for manifestSQN=2
2026-09-12 00:24:10.881262+09:00 [info] <0.763.0>@leveled_imanifest:writer/3:187 log_ref=i0016 db_id=2 Writing new version of manifest for manifestSQN=2
2026-09-12 00:24:10.891633+09:00 [info] <0.788.0>@leveled_pclerk:clerk_new/3:78 log_ref=pc001 db_id=0 Penciller's clerk <0.799.0> started with owner <0.788.0>
2026-09-12 00:24:10.891724+09:00 [info] <0.787.0>@leveled_pclerk:clerk_new/3:78 log_ref=pc001 db_id=6 Penciller's clerk <0.800.0> started with owner <0.787.0>
2026-09-12 00:24:10.891781+09:00 [info] <0.789.0>@leveled_pclerk:clerk_new/3:78 log_ref=pc001 db_id=3 Penciller's clerk <0.798.0> started with owner <0.789.0>
2026-09-12 00:24:10.891833+09:00 [info] <0.790.0>@leveled_pclerk:clerk_new/3:78 log_ref=pc001 db_id=7 Penciller's clerk <0.797.0> started with owner <0.790.0>
2026-09-12 00:24:10.891880+09:00 [info] <0.791.0>@leveled_pclerk:clerk_new/3:78 log_ref=pc001 db_id=1 Penciller's clerk <0.796.0> started with owner <0.791.0>
2026-09-12 00:24:10.891928+09:00 [info] <0.792.0>@leveled_pclerk:clerk_new/3:78 log_ref=pc001 db_id=2 Penciller's clerk <0.795.0> started with owner <0.792.0>
2026-09-12 00:24:10.891976+09:00 [info] <0.793.0>@leveled_pclerk:clerk_new/3:78 log_ref=pc001 db_id=4 Penciller's clerk <0.794.0> started with owner <0.793.0>
2026-09-12 00:24:10.892030+09:00 [info] <0.786.0>@leveled_pclerk:clerk_new/3:78 log_ref=pc001 db_id=5 Penciller's clerk <0.801.0> started with owner <0.786.0>
2026-09-12 00:24:10.902256+09:00 [info] <0.786.0>@leveled_pmanifest:open_manifestfile/2:1180 log_ref=p0013 db_id=5 Seqence number of 0 indicates no valid manifest
2026-09-12 00:24:10.902335+09:00 [info] <0.793.0>@leveled_pmanifest:open_manifestfile/2:1180 log_ref=p0013 db_id=4 Seqence number of 0 indicates no valid manifest
2026-09-12 00:24:10.902526+09:00 [info] <0.792.0>@leveled_pmanifest:open_manifestfile/2:1180 log_ref=p0013 db_id=2 Seqence number of 0 indicates no valid manifest
2026-09-12 00:24:10.902586+09:00 [info] <0.791.0>@leveled_pmanifest:open_manifestfile/2:1180 log_ref=p0013 db_id=1 Seqence number of 0 indicates no valid manifest
2026-09-12 00:24:10.902737+09:00 [info] <0.789.0>@leveled_pmanifest:open_manifestfile/2:1180 log_ref=p0013 db_id=3 Seqence number of 0 indicates no valid manifest
2026-09-12 00:24:10.902693+09:00 [info] <0.790.0>@leveled_pmanifest:open_manifestfile/2:1180 log_ref=p0013 db_id=7 Seqence number of 0 indicates no valid manifest
2026-09-12 00:24:10.903028+09:00 [info] <0.787.0>@leveled_pmanifest:open_manifestfile/2:1180 log_ref=p0013 db_id=6 Seqence number of 0 indicates no valid manifest
2026-09-12 00:24:10.905779+09:00 [info] <0.788.0>@leveled_pmanifest:open_manifestfile/2:1180 log_ref=p0013 db_id=0 Seqence number of 0 indicates no valid manifest
2026-09-12 00:24:10.908210+09:00 [info] <0.789.0>@leveled_penciller:start_from_file/1:1508 log_ref=p0014 db_id=3 Maximum sequence number of 0 found in nonzero levels
2026-09-12 00:24:10.908210+09:00 [info] <0.787.0>@leveled_penciller:start_from_file/1:1508 log_ref=p0014 db_id=6 Maximum sequence number of 0 found in nonzero levels
2026-09-12 00:24:10.908352+09:00 [info] <0.790.0>@leveled_penciller:start_from_file/1:1508 log_ref=p0014 db_id=7 Maximum sequence number of 0 found in nonzero levels
2026-09-12 00:24:10.908310+09:00 [info] <0.789.0>@leveled_penciller:start_from_file/1:1510 log_ref=p0035 db_id=3 Startup with Manifest SQN of 0
2026-09-12 00:24:10.908331+09:00 [info] <0.791.0>@leveled_penciller:start_from_file/1:1508 log_ref=p0014 db_id=1 Maximum sequence number of 0 found in nonzero levels
2026-09-12 00:24:10.908471+09:00 [info] <0.790.0>@leveled_penciller:start_from_file/1:1510 log_ref=p0035 db_id=7 Startup with Manifest SQN of 0
2026-09-12 00:24:10.908531+09:00 [info] <0.791.0>@leveled_penciller:start_from_file/1:1510 log_ref=p0035 db_id=1 Startup with Manifest SQN of 0
2026-09-12 00:24:10.908334+09:00 [info] <0.788.0>@leveled_penciller:start_from_file/1:1508 log_ref=p0014 db_id=0 Maximum sequence number of 0 found in nonzero levels
2026-09-12 00:24:10.908721+09:00 [info] <0.788.0>@leveled_penciller:start_from_file/1:1510 log_ref=p0035 db_id=0 Startup with Manifest SQN of 0
2026-09-12 00:24:10.908393+09:00 [info] <0.787.0>@leveled_penciller:start_from_file/1:1510 log_ref=p0035 db_id=6 Startup with Manifest SQN of 0
2026-09-12 00:24:10.908340+09:00 [info] <0.786.0>@leveled_penciller:start_from_file/1:1508 log_ref=p0014 db_id=5 Maximum sequence number of 0 found in nonzero levels
2026-09-12 00:24:10.908887+09:00 [info] <0.786.0>@leveled_penciller:start_from_file/1:1510 log_ref=p0035 db_id=5 Startup with Manifest SQN of 0
2026-09-12 00:24:10.908301+09:00 [info] <0.793.0>@leveled_penciller:start_from_file/1:1508 log_ref=p0014 db_id=4 Maximum sequence number of 0 found in nonzero levels
2026-09-12 00:24:10.908996+09:00 [info] <0.793.0>@leveled_penciller:start_from_file/1:1510 log_ref=p0035 db_id=4 Startup with Manifest SQN of 0
2026-09-12 00:24:10.908322+09:00 [info] <0.792.0>@leveled_penciller:start_from_file/1:1508 log_ref=p0014 db_id=2 Maximum sequence number of 0 found in nonzero levels
2026-09-12 00:24:10.909085+09:00 [info] <0.792.0>@leveled_penciller:start_from_file/1:1510 log_ref=p0035 db_id=2 Startup with Manifest SQN of 0
2026-09-12 00:24:10.911644+09:00 [info] <0.789.0>@leveled_penciller:start_from_file/1:1538 log_ref=p0017 db_id=3 No L0 file found
2026-09-12 00:24:10.912180+09:00 [info] <0.790.0>@leveled_penciller:start_from_file/1:1538 log_ref=p0017 db_id=7 No L0 file found
2026-09-12 00:24:10.912657+09:00 [info] <0.791.0>@leveled_penciller:start_from_file/1:1538 log_ref=p0017 db_id=1 No L0 file found
2026-09-12 00:24:10.913092+09:00 [info] <0.788.0>@leveled_penciller:start_from_file/1:1538 log_ref=p0017 db_id=0 No L0 file found
2026-09-12 00:24:10.913451+09:00 [info] <0.787.0>@leveled_penciller:start_from_file/1:1538 log_ref=p0017 db_id=6 No L0 file found
2026-09-12 00:24:10.913760+09:00 [info] <0.786.0>@leveled_penciller:start_from_file/1:1538 log_ref=p0017 db_id=5 No L0 file found
2026-09-12 00:24:10.913917+09:00 [info] <0.793.0>@leveled_penciller:start_from_file/1:1538 log_ref=p0017 db_id=4 No L0 file found
2026-09-12 00:24:10.914212+09:00 [info] <0.792.0>@leveled_penciller:start_from_file/1:1538 log_ref=p0017 db_id=2 No L0 file found
2026-09-12 00:24:10.915085+09:00 [info] <0.749.0>@leveled_bookie:startup/2:1993 log_ref=b0005 db_id=3 LedgerSQN=0 at startup
2026-09-12 00:24:10.915485+09:00 [info] <0.751.0>@leveled_bookie:startup/2:1993 log_ref=b0005 db_id=7 LedgerSQN=0 at startup
2026-09-12 00:24:10.915703+09:00 [info] <0.748.0>@leveled_bookie:startup/2:1993 log_ref=b0005 db_id=1 LedgerSQN=0 at startup
2026-09-12 00:24:10.915712+09:00 [info] <0.744.0>@leveled_bookie:startup/2:1993 log_ref=b0005 db_id=0 LedgerSQN=0 at startup
2026-09-12 00:24:10.915978+09:00 [info] <0.750.0>@leveled_bookie:startup/2:1993 log_ref=b0005 db_id=6 LedgerSQN=0 at startup
2026-09-12 00:24:10.919604+09:00 [info] <0.762.0>@leveled_bookie:startup/2:2004 log_ref=i0014 db_id=7 On startup loading from filename /var/lib/riak/leveled/1278813932664540053428224228626747642198940975104/journal/journal_files/0_cbba74e7-2547-4d3c-b72c-68ed45891cf6 from SQN 1
2026-09-12 00:24:10.919739+09:00 [info] <0.746.0>@leveled_bookie:startup/2:1993 log_ref=b0005 db_id=5 LedgerSQN=0 at startup
2026-09-12 00:24:10.919604+09:00 [info] <0.764.0>@leveled_bookie:startup/2:2004 log_ref=i0014 db_id=0 On startup loading from filename /var/lib/riak/leveled/0/journal/journal_files/0_6ac54def-98b6-46e7-8167-f81860660e5b from SQN 1
2026-09-12 00:24:10.919797+09:00 [info] <0.745.0>@leveled_bookie:startup/2:1993 log_ref=b0005 db_id=4 LedgerSQN=0 at startup
2026-09-12 00:24:10.919838+09:00 [info] <0.747.0>@leveled_bookie:startup/2:1993 log_ref=b0005 db_id=2 LedgerSQN=0 at startup
2026-09-12 00:24:10.920090+09:00 [info] <0.761.0>@leveled_bookie:startup/2:2004 log_ref=i0014 db_id=3 On startup loading from filename /var/lib/riak/leveled/548063113999088594326381812268606132370974703616/journal/journal_files/0_9e58a140-ca52-40e6-9324-b9b16df9314f from SQN 1
2026-09-12 00:24:10.920144+09:00 [info] <0.765.0>@leveled_bookie:startup/2:2004 log_ref=i0014 db_id=5 On startup loading from filename /var/lib/riak/leveled/913438523331814323877303020447676887284957839360/journal/journal_files/0_68c0a652-6a09-44ce-b26f-0e700d037d8a from SQN 1
2026-09-12 00:24:10.919959+09:00 [info] <0.766.0>@leveled_bookie:startup/2:2004 log_ref=i0014 db_id=4 On startup loading from filename /var/lib/riak/leveled/730750818665451459101842416358141509827966271488/journal/journal_files/0_ed72c63f-f9bc-48db-bb83-97a016890762 from SQN 1
2026-09-12 00:24:10.919846+09:00 [info] <0.760.0>@leveled_bookie:startup/2:2004 log_ref=i0014 db_id=1 On startup loading from filename /var/lib/riak/leveled/182687704666362864775460604089535377456991567872/journal/journal_files/0_d9ca2da4-45ad-413d-82cc-34e43375e69f from SQN 1
2026-09-12 00:24:10.919826+09:00 [info] <0.767.0>@leveled_bookie:startup/2:2004 log_ref=i0014 db_id=6 On startup loading from filename /var/lib/riak/leveled/1096126227998177188652763624537212264741949407232/journal/journal_files/0_f7ff0601-90fc-4eb8-b7a1-389ea5bd88b5 from SQN 1
2026-09-12 00:24:10.920017+09:00 [info] <0.763.0>@leveled_bookie:startup/2:2004 log_ref=i0014 db_id=2 On startup loading from filename /var/lib/riak/leveled/365375409332725729550921208179070754913983135744/journal/journal_files/0_1335f83b-1602-4177-86f6-d782d27ee8f2 from SQN 1
2026-09-12 00:24:10.920964+09:00 [info] <0.747.0>@leveled_bookie:init/1:1409 log_ref=b0001 db_id=2 Bookie starting with Ink <0.763.0> Pcl <0.792.0>
2026-09-12 00:24:10.921157+09:00 [info] <0.745.0>@leveled_bookie:init/1:1409 log_ref=b0001 db_id=4 Bookie starting with Ink <0.766.0> Pcl <0.793.0>
2026-09-12 00:24:10.921303+09:00 [info] <0.751.0>@leveled_bookie:init/1:1409 log_ref=b0001 db_id=7 Bookie starting with Ink <0.762.0> Pcl <0.790.0>
2026-09-12 00:24:10.921449+09:00 [info] <0.750.0>@leveled_bookie:init/1:1409 log_ref=b0001 db_id=6 Bookie starting with Ink <0.767.0> Pcl <0.787.0>
2026-09-12 00:24:10.921590+09:00 [info] <0.749.0>@leveled_bookie:init/1:1409 log_ref=b0001 db_id=3 Bookie starting with Ink <0.761.0> Pcl <0.789.0>
2026-09-12 00:24:10.921730+09:00 [info] <0.744.0>@leveled_bookie:init/1:1409 log_ref=b0001 db_id=0 Bookie starting with Ink <0.764.0> Pcl <0.788.0>
2026-09-12 00:24:10.921849+09:00 [info] <0.748.0>@leveled_bookie:init/1:1409 log_ref=b0001 db_id=1 Bookie starting with Ink <0.760.0> Pcl <0.791.0>
2026-09-12 00:24:10.924106+09:00 [info] <0.746.0>@leveled_bookie:init/1:1409 log_ref=b0001 db_id=5 Bookie starting with Ink <0.765.0> Pcl <0.786.0>
2026-09-12 00:24:10.925025+09:00 [info] <0.726.0>@riak_kv_leveled_backend:schedule_journalcompaction/4:903 Schedule compaction for interval 9760 on partition 548063113999088594326381812268606132370974703616
2026-09-12 00:24:10.925029+09:00 [info] <0.724.0>@riak_kv_leveled_backend:schedule_journalcompaction/4:903 Schedule compaction for interval 1535 on partition 1096126227998177188652763624537212264741949407232
2026-09-12 00:24:10.925050+09:00 [info] <0.723.0>@riak_kv_leveled_backend:schedule_journalcompaction/4:903 Schedule compaction for interval 6000 on partition 913438523331814323877303020447676887284957839360
2026-09-12 00:24:10.925002+09:00 [info] <0.722.0>@riak_kv_leveled_backend:schedule_journalcompaction/4:903 Schedule compaction for interval 3906 on partition 365375409332725729550921208179070754913983135744
2026-09-12 00:24:10.925012+09:00 [info] <0.721.0>@riak_kv_leveled_backend:schedule_journalcompaction/4:903 Schedule compaction for interval 629 on partition 182687704666362864775460604089535377456991567872
2026-09-12 00:24:10.925016+09:00 [info] <0.720.0>@riak_kv_leveled_backend:schedule_journalcompaction/4:903 Schedule compaction for interval 4094 on partition 0
2026-09-12 00:24:10.925033+09:00 [info] <0.725.0>@riak_kv_leveled_backend:schedule_journalcompaction/4:903 Schedule compaction for interval 8486 on partition 1278813932664540053428224228626747642198940975104
2026-09-12 00:24:10.925038+09:00 [info] <0.719.0>@riak_kv_leveled_backend:schedule_journalcompaction/4:903 Schedule compaction for interval 1985 on partition 730750818665451459101842416358141509827966271488
2026-09-12 00:24:10.988097+09:00 [info] <0.810.0>@aae_controller:init/1:674 log_ref=aae02 Native KeyStore type leveled_nko startup request
2026-09-12 00:24:10.988021+09:00 [info] <0.812.0>@aae_controller:init/1:674 log_ref=aae02 Native KeyStore type leveled_nko startup request
2026-09-12 00:24:10.987886+09:00 [info] <0.814.0>@aae_controller:init/1:674 log_ref=aae02 Native KeyStore type leveled_nko startup request
2026-09-12 00:24:10.987973+09:00 [info] <0.813.0>@aae_controller:init/1:674 log_ref=aae02 Native KeyStore type leveled_nko startup request
2026-09-12 00:24:10.988070+09:00 [info] <0.811.0>@aae_controller:init/1:674 log_ref=aae02 Native KeyStore type leveled_nko startup request
2026-09-12 00:24:10.988123+09:00 [info] <0.817.0>@aae_controller:init/1:674 log_ref=aae02 Native KeyStore type leveled_nko startup request
2026-09-12 00:24:10.988180+09:00 [info] <0.815.0>@aae_controller:init/1:674 log_ref=aae02 Native KeyStore type leveled_nko startup request
2026-09-12 00:24:10.988192+09:00 [info] <0.816.0>@aae_controller:init/1:674 log_ref=aae02 Native KeyStore type leveled_nko startup request
2026-09-12 00:24:10.990031+09:00 [warning] <0.818.0>@aae_keystore:open_manifest/1:1526 log_ref=ks002 No valid manifest found for AAE keystore at /var/lib/riak/tictac_aae/548063113999088594326381812268606132370974703616/leveled_nko/keystore reason not_present
2026-09-12 00:24:10.990586+09:00 [warning] <0.819.0>@aae_keystore:open_manifest/1:1526 log_ref=ks002 No valid manifest found for AAE keystore at /var/lib/riak/tictac_aae/730750818665451459101842416358141509827966271488/leveled_nko/keystore reason not_present
2026-09-12 00:24:10.990649+09:00 [warning] <0.822.0>@aae_keystore:open_manifest/1:1526 log_ref=ks002 No valid manifest found for AAE keystore at /var/lib/riak/tictac_aae/1096126227998177188652763624537212264741949407232/leveled_nko/keystore reason not_present
2026-09-12 00:24:10.990754+09:00 [warning] <0.820.0>@aae_keystore:open_manifest/1:1526 log_ref=ks002 No valid manifest found for AAE keystore at /var/lib/riak/tictac_aae/913438523331814323877303020447676887284957839360/leveled_nko/keystore reason not_present
2026-09-12 00:24:10.991249+09:00 [warning] <0.821.0>@aae_keystore:open_manifest/1:1526 log_ref=ks002 No valid manifest found for AAE keystore at /var/lib/riak/tictac_aae/182687704666362864775460604089535377456991567872/leveled_nko/keystore reason not_present
2026-09-12 00:24:10.991393+09:00 [warning] <0.823.0>@aae_keystore:open_manifest/1:1526 log_ref=ks002 No valid manifest found for AAE keystore at /var/lib/riak/tictac_aae/365375409332725729550921208179070754913983135744/leveled_nko/keystore reason not_present
2026-09-12 00:24:10.991522+09:00 [warning] <0.824.0>@aae_keystore:open_manifest/1:1526 log_ref=ks002 No valid manifest found for AAE keystore at /var/lib/riak/tictac_aae/1278813932664540053428224228626747642198940975104/leveled_nko/keystore reason not_present
2026-09-12 00:24:10.991720+09:00 [warning] <0.825.0>@aae_keystore:open_manifest/1:1526 log_ref=ks002 No valid manifest found for AAE keystore at /var/lib/riak/tictac_aae/0/leveled_nko/keystore reason not_present
2026-09-12 00:24:11.009090+09:00 [info] <0.827.0>@aae_treecache:init/1:224 log_ref=c0005 Starting cache with is_restored=false and IndexN of {1096126227998177188652763624537212264741949407232,3}
2026-09-12 00:24:11.009191+09:00 [info] <0.828.0>@aae_treecache:init/1:224 log_ref=c0005 Starting cache with is_restored=false and IndexN of {913438523331814323877303020447676887284957839360,3}
2026-09-12 00:24:11.011780+09:00 [info] <0.829.0>@aae_treecache:init/1:224 log_ref=c0005 Starting cache with is_restored=false and IndexN of {0,3}
2026-09-12 00:24:11.012335+09:00 [info] <0.826.0>@aae_treecache:init/1:224 log_ref=c0005 Starting cache with is_restored=false and IndexN of {182687704666362864775460604089535377456991567872,3}
2026-09-12 00:24:11.012789+09:00 [info] <0.831.0>@aae_treecache:init/1:224 log_ref=c0005 Starting cache with is_restored=false and IndexN of {730750818665451459101842416358141509827966271488,3}
2026-09-12 00:24:11.013102+09:00 [info] <0.832.0>@aae_treecache:init/1:224 log_ref=c0005 Starting cache with is_restored=false and IndexN of {365375409332725729550921208179070754913983135744,3}
2026-09-12 00:24:11.013965+09:00 [info] <0.833.0>@aae_treecache:init/1:224 log_ref=c0005 Starting cache with is_restored=false and IndexN of {548063113999088594326381812268606132370974703616,3}
2026-09-12 00:24:11.014237+09:00 [info] <0.830.0>@aae_treecache:init/1:224 log_ref=c0005 Starting cache with is_restored=false and IndexN of {1278813932664540053428224228626747642198940975104,3}
2026-09-12 00:24:11.019913+09:00 [info] <0.834.0>@aae_treecache:init/1:224 log_ref=c0005 Starting cache with is_restored=false and IndexN of {1278813932664540053428224228626747642198940975104,3}
2026-09-12 00:24:11.021620+09:00 [info] <0.835.0>@aae_treecache:init/1:224 log_ref=c0005 Starting cache with is_restored=false and IndexN of {1096126227998177188652763624537212264741949407232,3}
2026-09-12 00:24:11.021871+09:00 [info] <0.836.0>@aae_treecache:init/1:224 log_ref=c0005 Starting cache with is_restored=false and IndexN of {182687704666362864775460604089535377456991567872,3}
2026-09-12 00:24:11.024073+09:00 [info] <0.838.0>@aae_treecache:init/1:224 log_ref=c0005 Starting cache with is_restored=false and IndexN of {913438523331814323877303020447676887284957839360,3}
2026-09-12 00:24:11.025268+09:00 [info] <0.839.0>@aae_treecache:init/1:224 log_ref=c0005 Starting cache with is_restored=false and IndexN of {548063113999088594326381812268606132370974703616,3}
2026-09-12 00:24:11.025597+09:00 [info] <0.840.0>@aae_treecache:init/1:224 log_ref=c0005 Starting cache with is_restored=false and IndexN of {730750818665451459101842416358141509827966271488,3}
2026-09-12 00:24:11.024662+09:00 [info] <0.837.0>@aae_treecache:init/1:224 log_ref=c0005 Starting cache with is_restored=false and IndexN of {365375409332725729550921208179070754913983135744,3}
2026-09-12 00:24:11.029764+09:00 [info] <0.841.0>@aae_treecache:init/1:224 log_ref=c0005 Starting cache with is_restored=false and IndexN of {0,3}
2026-09-12 00:24:11.031713+09:00 [info] <0.842.0>@aae_treecache:init/1:224 log_ref=c0005 Starting cache with is_restored=false and IndexN of {0,3}
2026-09-12 00:24:11.032158+09:00 [info] <0.843.0>@aae_treecache:init/1:224 log_ref=c0005 Starting cache with is_restored=false and IndexN of {1278813932664540053428224228626747642198940975104,3}
2026-09-12 00:24:11.032652+09:00 [info] <0.844.0>@aae_treecache:init/1:224 log_ref=c0005 Starting cache with is_restored=false and IndexN of {365375409332725729550921208179070754913983135744,3}
2026-09-12 00:24:11.036589+09:00 [info] <0.815.0>@aae_controller:init/1:719 log_ref=aae10 AAE controller started with IndexNs [{913438523331814323877303020447676887284957839360,3},{1096126227998177188652763624537212264741949407232,3},{1278813932664540053428224228626747642198940975104,3}] and StoreType {native,leveled_nko,<0.751.0>}
2026-09-12 00:24:11.036672+09:00 [info] <0.816.0>@aae_controller:init/1:719 log_ref=aae10 AAE controller started with IndexNs [{1096126227998177188652763624537212264741949407232,3},{1278813932664540053428224228626747642198940975104,3},{0,3}] and StoreType {native,leveled_nko,<0.744.0>}
2026-09-12 00:24:11.036816+09:00 [info] <0.725.0>@riak_kv_vnode:maybe_start_aaecontroller/2:402 AAE Controller started with pid=<0.815.0>
2026-09-12 00:24:11.036822+09:00 [info] <0.720.0>@riak_kv_vnode:maybe_start_aaecontroller/2:402 AAE Controller started with pid=<0.816.0>
2026-09-12 00:24:11.036857+09:00 [info] <0.817.0>@aae_controller:init/1:719 log_ref=aae10 AAE controller started with IndexNs [{0,3},{182687704666362864775460604089535377456991567872,3},{365375409332725729550921208179070754913983135744,3}] and StoreType {native,leveled_nko,<0.747.0>}
2026-09-12 00:24:11.037062+09:00 [info] <0.722.0>@riak_kv_vnode:maybe_start_aaecontroller/2:402 AAE Controller started with pid=<0.817.0>
2026-09-12 00:24:11.037318+09:00 [info] <0.845.0>@aae_treecache:init/1:224 log_ref=c0005 Starting cache with is_restored=false and IndexN of {1096126227998177188652763624537212264741949407232,3}
2026-09-12 00:24:11.037677+09:00 [info] <0.846.0>@aae_treecache:init/1:224 log_ref=c0005 Starting cache with is_restored=false and IndexN of {730750818665451459101842416358141509827966271488,3}
2026-09-12 00:24:11.038000+09:00 [info] <0.847.0>@aae_treecache:init/1:224 log_ref=c0005 Starting cache with is_restored=false and IndexN of {913438523331814323877303020447676887284957839360,3}
2026-09-12 00:24:11.038180+09:00 [info] <0.811.0>@aae_controller:init/1:719 log_ref=aae10 AAE controller started with IndexNs [{730750818665451459101842416358141509827966271488,3},{913438523331814323877303020447676887284957839360,3},{1096126227998177188652763624537212264741949407232,3}] and StoreType {native,leveled_nko,<0.750.0>}
2026-09-12 00:24:11.038366+09:00 [info] <0.848.0>@aae_treecache:init/1:224 log_ref=c0005 Starting cache with is_restored=false and IndexN of {548063113999088594326381812268606132370974703616,3}
2026-09-12 00:24:11.039606+09:00 [info] <0.849.0>@aae_treecache:init/1:224 log_ref=c0005 Starting cache with is_restored=false and IndexN of {182687704666362864775460604089535377456991567872,3}
2026-09-12 00:24:11.038708+09:00 [info] <0.812.0>@aae_controller:init/1:719 log_ref=aae10 AAE controller started with IndexNs [{365375409332725729550921208179070754913983135744,3},{548063113999088594326381812268606132370974703616,3},{730750818665451459101842416358141509827966271488,3}] and StoreType {native,leveled_nko,<0.745.0>}
2026-09-12 00:24:11.039695+09:00 [info] <0.724.0>@riak_kv_vnode:maybe_start_aaecontroller/2:402 AAE Controller started with pid=<0.811.0>
2026-09-12 00:24:11.039802+09:00 [info] <0.810.0>@aae_controller:init/1:719 log_ref=aae10 AAE controller started with IndexNs [{182687704666362864775460604089535377456991567872,3},{365375409332725729550921208179070754913983135744,3},{548063113999088594326381812268606132370974703616,3}] and StoreType {native,leveled_nko,<0.749.0>}
2026-09-12 00:24:11.039895+09:00 [info] <0.813.0>@aae_controller:init/1:719 log_ref=aae10 AAE controller started with IndexNs [{1278813932664540053428224228626747642198940975104,3},{0,3},{182687704666362864775460604089535377456991567872,3}] and StoreType {native,leveled_nko,<0.748.0>}
2026-09-12 00:24:11.039939+09:00 [info] <0.719.0>@riak_kv_vnode:maybe_start_aaecontroller/2:402 AAE Controller started with pid=<0.812.0>
2026-09-12 00:24:11.039758+09:00 [info] <0.814.0>@aae_controller:init/1:719 log_ref=aae10 AAE controller started with IndexNs [{548063113999088594326381812268606132370974703616,3},{730750818665451459101842416358141509827966271488,3},{913438523331814323877303020447676887284957839360,3}] and StoreType {native,leveled_nko,<0.746.0>}
2026-09-12 00:24:11.040028+09:00 [info] <0.726.0>@riak_kv_vnode:maybe_start_aaecontroller/2:402 AAE Controller started with pid=<0.810.0>
2026-09-12 00:24:11.040056+09:00 [info] <0.723.0>@riak_kv_vnode:maybe_start_aaecontroller/2:402 AAE Controller started with pid=<0.814.0>
2026-09-12 00:24:11.040047+09:00 [info] <0.721.0>@riak_kv_vnode:maybe_start_aaecontroller/2:402 AAE Controller started with pid=<0.813.0>
2026-09-12 00:24:11.042560+09:00 [info] <0.714.0>@riak_core_vnode_manager:get_vnode/3:743 VNode initialization ready <0.726.0> 548063113999088594326381812268606132370974703616 riak_kv_vnode
2026-09-12 00:24:11.042604+09:00 [info] <0.715.0>@riak_core_vnode_manager:get_vnode/3:743 VNode initialization ready <0.719.0> 730750818665451459101842416358141509827966271488 riak_kv_vnode
2026-09-12 00:24:11.042678+09:00 [info] <0.717.0>@riak_core_vnode_manager:get_vnode/3:743 VNode initialization ready <0.724.0> 1096126227998177188652763624537212264741949407232 riak_kv_vnode
2026-09-12 00:24:11.042744+09:00 [info] <0.712.0>@riak_core_vnode_manager:get_vnode/3:743 VNode initialization ready <0.721.0> 182687704666362864775460604089535377456991567872 riak_kv_vnode
2026-09-12 00:24:11.042839+09:00 [info] <0.713.0>@riak_core_vnode_manager:get_vnode/3:743 VNode initialization ready <0.722.0> 365375409332725729550921208179070754913983135744 riak_kv_vnode
2026-09-12 00:24:11.042911+09:00 [info] <0.711.0>@riak_core_vnode_manager:get_vnode/3:743 VNode initialization ready <0.720.0> 0 riak_kv_vnode
2026-09-12 00:24:11.042757+09:00 [info] <0.716.0>@riak_core_vnode_manager:get_vnode/3:743 VNode initialization ready <0.723.0> 913438523331814323877303020447676887284957839360 riak_kv_vnode
2026-09-12 00:24:11.042777+09:00 [info] <0.718.0>@riak_core_vnode_manager:get_vnode/3:743 VNode initialization ready <0.725.0> 1278813932664540053428224228626747642198940975104 riak_kv_vnode
2026-09-12 00:24:11.045354+09:00 [info] <0.922.0>@riak_core_vnode_manager:get_vnode/3:733 Will start VNode for partition 182687704666362864775460604089535377456991567872 riak_pipe_vnode
2026-09-12 00:24:11.045653+09:00 [info] <0.922.0>@riak_core_vnode_manager:get_vnode/3:743 VNode initialization ready <0.923.0> 182687704666362864775460604089535377456991567872 riak_pipe_vnode
2026-09-12 00:24:11.045826+09:00 [info] <0.925.0>@riak_core_vnode_manager:get_vnode/3:733 Will start VNode for partition 365375409332725729550921208179070754913983135744 riak_pipe_vnode
2026-09-12 00:24:11.046418+09:00 [info] <0.925.0>@riak_core_vnode_manager:get_vnode/3:743 VNode initialization ready <0.926.0> 365375409332725729550921208179070754913983135744 riak_pipe_vnode
2026-09-12 00:24:11.046566+09:00 [info] <0.928.0>@riak_core_vnode_manager:get_vnode/3:733 Will start VNode for partition 548063113999088594326381812268606132370974703616 riak_pipe_vnode
2026-09-12 00:24:11.047121+09:00 [info] <0.928.0>@riak_core_vnode_manager:get_vnode/3:743 VNode initialization ready <0.929.0> 548063113999088594326381812268606132370974703616 riak_pipe_vnode
2026-09-12 00:24:11.047334+09:00 [info] <0.931.0>@riak_core_vnode_manager:get_vnode/3:733 Will start VNode for partition 730750818665451459101842416358141509827966271488 riak_pipe_vnode
2026-09-12 00:24:11.049237+09:00 [info] <0.931.0>@riak_core_vnode_manager:get_vnode/3:743 VNode initialization ready <0.932.0> 730750818665451459101842416358141509827966271488 riak_pipe_vnode
2026-09-12 00:24:11.049399+09:00 [info] <0.934.0>@riak_core_vnode_manager:get_vnode/3:733 Will start VNode for partition 913438523331814323877303020447676887284957839360 riak_pipe_vnode
2026-09-12 00:24:11.049697+09:00 [info] <0.934.0>@riak_core_vnode_manager:get_vnode/3:743 VNode initialization ready <0.935.0> 913438523331814323877303020447676887284957839360 riak_pipe_vnode
2026-09-12 00:24:11.049845+09:00 [info] <0.937.0>@riak_core_vnode_manager:get_vnode/3:733 Will start VNode for partition 1096126227998177188652763624537212264741949407232 riak_pipe_vnode
2026-09-12 00:24:11.050111+09:00 [info] <0.937.0>@riak_core_vnode_manager:get_vnode/3:743 VNode initialization ready <0.938.0> 1096126227998177188652763624537212264741949407232 riak_pipe_vnode
2026-09-12 00:24:11.050236+09:00 [info] <0.940.0>@riak_core_vnode_manager:get_vnode/3:733 Will start VNode for partition 1278813932664540053428224228626747642198940975104 riak_pipe_vnode
2026-09-12 00:24:11.050546+09:00 [info] <0.940.0>@riak_core_vnode_manager:get_vnode/3:743 VNode initialization ready <0.941.0> 1278813932664540053428224228626747642198940975104 riak_pipe_vnode
2026-09-12 00:24:11.064004+09:00 [info] <0.391.0>@riak_core:wait_for_service/2:492 Wait complete for service riak_kv (8 seconds)
2026-09-12 00:24:11.100338+09:00 [info] <0.608.0>@riak_core:wait_for_service/2:492 Wait complete for service riak_kv (7 seconds)
2026-09-12 00:24:11.111331+09:00 [info] <0.245.0>@riak_core_capability:process_capability_changes/2:557 New capability: {riak_repl,bloom_fold} = true
2026-09-12 00:24:11.120392+09:00 [info] <0.245.0>@riak_core_capability:process_capability_changes/2:557 New capability: {riak_repl,rtq_meta} = true
2026-09-12 00:24:11.129179+09:00 [info] <0.245.0>@riak_core_capability:process_capability_changes/2:557 New capability: {riak_repl,default_bucket_props_hash} = [consistent,datatype,n_val,write_once]
2026-09-12 00:24:11.147986+09:00 [info] <0.608.0>@riak_repl_app:start/2:70 REPL CS block skip disabled
2026-09-12 00:24:11.157986+09:00 [info] <0.943.0>@supervisor:report_progress/2:1582 Supervisor: {local,riak_repl_sup}. Started: id=riak_repl_client_sup,pid=<0.944.0>.
2026-09-12 00:24:11.161633+09:00 [info] <0.943.0>@supervisor:report_progress/2:1582 Supervisor: {local,riak_repl_sup}. Started: id=riak_repl_server_sup,pid=<0.945.0>.
2026-09-12 00:24:11.168704+09:00 [info] <0.943.0>@supervisor:report_progress/2:1582 Supervisor: {local,riak_repl_sup}. Started: id=riak_repl_leader,pid=<0.946.0>.
2026-09-12 00:24:11.184997+09:00 [info] <0.943.0>@supervisor:report_progress/2:1582 Supervisor: {local,riak_repl_sup}. Started: id=riak_repl2_leader,pid=<0.949.0>.
2026-09-12 00:24:11.231564+09:00 [info] <0.951.0>@riak_core_service_mgr:start_link/1:111 Starting Core Service Manager at {"127.0.0.1",9080}
2026-09-12 00:24:11.298952+09:00 [info] <0.949.0>@riak_repl2_leader:become_leader/2:217 Leader2: 'openriak-kv@node-03.cluster-a.openriak' elected as replication leader
2026-09-12 00:24:11.347786+09:00 [info] <0.955.0>@supervisor:report_progress/2:1582 Supervisor: {<0.955.0>,ranch_conns_sup_sup}. Started: id={ranch_conns_sup,1},pid=<0.956.0>.
2026-09-12 00:24:11.350350+09:00 [info] <0.955.0>@supervisor:report_progress/2:1582 Supervisor: {<0.955.0>,ranch_conns_sup_sup}. Started: id={ranch_conns_sup,2},pid=<0.957.0>.
2026-09-12 00:24:11.350751+09:00 [info] <0.955.0>@supervisor:report_progress/2:1582 Supervisor: {<0.955.0>,ranch_conns_sup_sup}. Started: id={ranch_conns_sup,3},pid=<0.958.0>.
2026-09-12 00:24:11.351411+09:00 [info] <0.955.0>@supervisor:report_progress/2:1582 Supervisor: {<0.955.0>,ranch_conns_sup_sup}. Started: id={ranch_conns_sup,4},pid=<0.959.0>.
2026-09-12 00:24:11.363930+09:00 [info] <0.955.0>@supervisor:report_progress/2:1582 Supervisor: {<0.955.0>,ranch_conns_sup_sup}. Started: id={ranch_conns_sup,5},pid=<0.962.0>.
2026-09-12 00:24:11.364078+09:00 [info] <0.955.0>@supervisor:report_progress/2:1582 Supervisor: {<0.955.0>,ranch_conns_sup_sup}. Started: id={ranch_conns_sup,6},pid=<0.963.0>.
2026-09-12 00:24:11.364173+09:00 [info] <0.955.0>@supervisor:report_progress/2:1582 Supervisor: {<0.955.0>,ranch_conns_sup_sup}. Started: id={ranch_conns_sup,7},pid=<0.964.0>.
2026-09-12 00:24:11.364274+09:00 [info] <0.955.0>@supervisor:report_progress/2:1582 Supervisor: {<0.955.0>,ranch_conns_sup_sup}. Started: id={ranch_conns_sup,8},pid=<0.965.0>.
2026-09-12 00:24:11.364343+09:00 [info] <0.955.0>@supervisor:report_progress/2:1582 Supervisor: {<0.955.0>,ranch_conns_sup_sup}. Started: id={ranch_conns_sup,9},pid=<0.966.0>.
2026-09-12 00:24:11.364449+09:00 [info] <0.955.0>@supervisor:report_progress/2:1582 Supervisor: {<0.955.0>,ranch_conns_sup_sup}. Started: id={ranch_conns_sup,10},pid=<0.967.0>.
2026-09-12 00:24:11.364526+09:00 [info] <0.955.0>@supervisor:report_progress/2:1582 Supervisor: {<0.955.0>,ranch_conns_sup_sup}. Started: id={ranch_conns_sup,11},pid=<0.968.0>.
2026-09-12 00:24:11.364619+09:00 [info] <0.955.0>@supervisor:report_progress/2:1582 Supervisor: {<0.955.0>,ranch_conns_sup_sup}. Started: id={ranch_conns_sup,12},pid=<0.969.0>.
2026-09-12 00:24:11.364683+09:00 [info] <0.955.0>@supervisor:report_progress/2:1582 Supervisor: {<0.955.0>,ranch_conns_sup_sup}. Started: id={ranch_conns_sup,13},pid=<0.970.0>.
2026-09-12 00:24:11.364767+09:00 [info] <0.955.0>@supervisor:report_progress/2:1582 Supervisor: {<0.955.0>,ranch_conns_sup_sup}. Started: id={ranch_conns_sup,14},pid=<0.971.0>.
2026-09-12 00:24:11.364844+09:00 [info] <0.955.0>@supervisor:report_progress/2:1582 Supervisor: {<0.955.0>,ranch_conns_sup_sup}. Started: id={ranch_conns_sup,15},pid=<0.972.0>.
2026-09-12 00:24:11.364949+09:00 [info] <0.955.0>@supervisor:report_progress/2:1582 Supervisor: {<0.955.0>,ranch_conns_sup_sup}. Started: id={ranch_conns_sup,16},pid=<0.973.0>.
2026-09-12 00:24:11.365022+09:00 [info] <0.955.0>@supervisor:report_progress/2:1582 Supervisor: {<0.955.0>,ranch_conns_sup_sup}. Started: id={ranch_conns_sup,17},pid=<0.974.0>.
2026-09-12 00:24:11.365149+09:00 [info] <0.955.0>@supervisor:report_progress/2:1582 Supervisor: {<0.955.0>,ranch_conns_sup_sup}. Started: id={ranch_conns_sup,18},pid=<0.975.0>.
2026-09-12 00:24:11.365263+09:00 [info] <0.955.0>@supervisor:report_progress/2:1582 Supervisor: {<0.955.0>,ranch_conns_sup_sup}. Started: id={ranch_conns_sup,19},pid=<0.976.0>.
2026-09-12 00:24:11.365374+09:00 [info] <0.955.0>@supervisor:report_progress/2:1582 Supervisor: {<0.955.0>,ranch_conns_sup_sup}. Started: id={ranch_conns_sup,20},pid=<0.977.0>.
2026-09-12 00:24:11.379373+09:00 [info] <0.955.0>@supervisor:report_progress/2:1582 Supervisor: {<0.955.0>,ranch_conns_sup_sup}. Started: id={ranch_conns_sup,21},pid=<0.978.0>.
2026-09-12 00:24:11.382742+09:00 [info] <0.955.0>@supervisor:report_progress/2:1582 Supervisor: {<0.955.0>,ranch_conns_sup_sup}. Started: id={ranch_conns_sup,22},pid=<0.979.0>.
2026-09-12 00:24:11.382879+09:00 [info] <0.955.0>@supervisor:report_progress/2:1582 Supervisor: {<0.955.0>,ranch_conns_sup_sup}. Started: id={ranch_conns_sup,23},pid=<0.980.0>.
2026-09-12 00:24:11.382992+09:00 [info] <0.955.0>@supervisor:report_progress/2:1582 Supervisor: {<0.955.0>,ranch_conns_sup_sup}. Started: id={ranch_conns_sup,24},pid=<0.981.0>.
2026-09-12 00:24:11.383093+09:00 [info] <0.955.0>@supervisor:report_progress/2:1582 Supervisor: {<0.955.0>,ranch_conns_sup_sup}. Started: id={ranch_conns_sup,25},pid=<0.982.0>.
2026-09-12 00:24:11.383207+09:00 [info] <0.955.0>@supervisor:report_progress/2:1582 Supervisor: {<0.955.0>,ranch_conns_sup_sup}. Started: id={ranch_conns_sup,26},pid=<0.983.0>.
2026-09-12 00:24:11.385049+09:00 [info] <0.955.0>@supervisor:report_progress/2:1582 Supervisor: {<0.955.0>,ranch_conns_sup_sup}. Started: id={ranch_conns_sup,27},pid=<0.984.0>.
2026-09-12 00:24:11.385349+09:00 [info] <0.955.0>@supervisor:report_progress/2:1582 Supervisor: {<0.955.0>,ranch_conns_sup_sup}. Started: id={ranch_conns_sup,28},pid=<0.986.0>.
2026-09-12 00:24:11.385702+09:00 [info] <0.955.0>@supervisor:report_progress/2:1582 Supervisor: {<0.955.0>,ranch_conns_sup_sup}. Started: id={ranch_conns_sup,29},pid=<0.987.0>.
2026-09-12 00:24:11.385846+09:00 [info] <0.955.0>@supervisor:report_progress/2:1582 Supervisor: {<0.955.0>,ranch_conns_sup_sup}. Started: id={ranch_conns_sup,30},pid=<0.988.0>.
2026-09-12 00:24:11.385941+09:00 [info] <0.955.0>@supervisor:report_progress/2:1582 Supervisor: {<0.955.0>,ranch_conns_sup_sup}. Started: id={ranch_conns_sup,31},pid=<0.989.0>.
2026-09-12 00:24:11.386065+09:00 [info] <0.955.0>@supervisor:report_progress/2:1582 Supervisor: {<0.955.0>,ranch_conns_sup_sup}. Started: id={ranch_conns_sup,32},pid=<0.990.0>.
2026-09-12 00:24:11.387547+09:00 [info] <0.955.0>@supervisor:report_progress/2:1582 Supervisor: {<0.955.0>,ranch_conns_sup_sup}. Started: id={ranch_conns_sup,33},pid=<0.991.0>.
2026-09-12 00:24:11.387706+09:00 [info] <0.955.0>@supervisor:report_progress/2:1582 Supervisor: {<0.955.0>,ranch_conns_sup_sup}. Started: id={ranch_conns_sup,34},pid=<0.992.0>.
2026-09-12 00:24:11.387801+09:00 [info] <0.955.0>@supervisor:report_progress/2:1582 Supervisor: {<0.955.0>,ranch_conns_sup_sup}. Started: id={ranch_conns_sup,35},pid=<0.993.0>.
2026-09-12 00:24:11.387897+09:00 [info] <0.955.0>@supervisor:report_progress/2:1582 Supervisor: {<0.955.0>,ranch_conns_sup_sup}. Started: id={ranch_conns_sup,36},pid=<0.994.0>.
2026-09-12 00:24:11.388009+09:00 [info] <0.955.0>@supervisor:report_progress/2:1582 Supervisor: {<0.955.0>,ranch_conns_sup_sup}. Started: id={ranch_conns_sup,37},pid=<0.995.0>.
2026-09-12 00:24:11.392814+09:00 [info] <0.955.0>@supervisor:report_progress/2:1582 Supervisor: {<0.955.0>,ranch_conns_sup_sup}. Started: id={ranch_conns_sup,38},pid=<0.996.0>.
2026-09-12 00:24:11.392992+09:00 [info] <0.955.0>@supervisor:report_progress/2:1582 Supervisor: {<0.955.0>,ranch_conns_sup_sup}. Started: id={ranch_conns_sup,39},pid=<0.997.0>.
2026-09-12 00:24:11.393107+09:00 [info] <0.955.0>@supervisor:report_progress/2:1582 Supervisor: {<0.955.0>,ranch_conns_sup_sup}. Started: id={ranch_conns_sup,40},pid=<0.998.0>.
2026-09-12 00:24:11.393217+09:00 [info] <0.955.0>@supervisor:report_progress/2:1582 Supervisor: {<0.955.0>,ranch_conns_sup_sup}. Started: id={ranch_conns_sup,41},pid=<0.999.0>.
2026-09-12 00:24:11.393423+09:00 [info] <0.955.0>@supervisor:report_progress/2:1582 Supervisor: {<0.955.0>,ranch_conns_sup_sup}. Started: id={ranch_conns_sup,42},pid=<0.1000.0>.
2026-09-12 00:24:11.393542+09:00 [info] <0.955.0>@supervisor:report_progress/2:1582 Supervisor: {<0.955.0>,ranch_conns_sup_sup}. Started: id={ranch_conns_sup,43},pid=<0.1001.0>.
2026-09-12 00:24:11.393668+09:00 [info] <0.955.0>@supervisor:report_progress/2:1582 Supervisor: {<0.955.0>,ranch_conns_sup_sup}. Started: id={ranch_conns_sup,44},pid=<0.1002.0>.
2026-09-12 00:24:11.393760+09:00 [info] <0.955.0>@supervisor:report_progress/2:1582 Supervisor: {<0.955.0>,ranch_conns_sup_sup}. Started: id={ranch_conns_sup,45},pid=<0.1003.0>.
2026-09-12 00:24:11.393857+09:00 [info] <0.955.0>@supervisor:report_progress/2:1582 Supervisor: {<0.955.0>,ranch_conns_sup_sup}. Started: id={ranch_conns_sup,46},pid=<0.1004.0>.
2026-09-12 00:24:11.393952+09:00 [info] <0.955.0>@supervisor:report_progress/2:1582 Supervisor: {<0.955.0>,ranch_conns_sup_sup}. Started: id={ranch_conns_sup,47},pid=<0.1005.0>.
2026-09-12 00:24:11.394104+09:00 [info] <0.955.0>@supervisor:report_progress/2:1582 Supervisor: {<0.955.0>,ranch_conns_sup_sup}. Started: id={ranch_conns_sup,48},pid=<0.1006.0>.
2026-09-12 00:24:11.394199+09:00 [info] <0.955.0>@supervisor:report_progress/2:1582 Supervisor: {<0.955.0>,ranch_conns_sup_sup}. Started: id={ranch_conns_sup,49},pid=<0.1007.0>.
2026-09-12 00:24:11.394321+09:00 [info] <0.955.0>@supervisor:report_progress/2:1582 Supervisor: {<0.955.0>,ranch_conns_sup_sup}. Started: id={ranch_conns_sup,50},pid=<0.1008.0>.
2026-09-12 00:24:11.394414+09:00 [info] <0.955.0>@supervisor:report_progress/2:1582 Supervisor: {<0.955.0>,ranch_conns_sup_sup}. Started: id={ranch_conns_sup,51},pid=<0.1009.0>.
2026-09-12 00:24:11.394511+09:00 [info] <0.955.0>@supervisor:report_progress/2:1582 Supervisor: {<0.955.0>,ranch_conns_sup_sup}. Started: id={ranch_conns_sup,52},pid=<0.1010.0>.
2026-09-12 00:24:11.400828+09:00 [info] <0.955.0>@supervisor:report_progress/2:1582 Supervisor: {<0.955.0>,ranch_conns_sup_sup}. Started: id={ranch_conns_sup,53},pid=<0.1011.0>.
2026-09-12 00:24:11.403599+09:00 [info] <0.955.0>@supervisor:report_progress/2:1582 Supervisor: {<0.955.0>,ranch_conns_sup_sup}. Started: id={ranch_conns_sup,54},pid=<0.1012.0>.
2026-09-12 00:24:11.404427+09:00 [info] <0.955.0>@supervisor:report_progress/2:1582 Supervisor: {<0.955.0>,ranch_conns_sup_sup}. Started: id={ranch_conns_sup,55},pid=<0.1013.0>.
2026-09-12 00:24:11.404780+09:00 [info] <0.955.0>@supervisor:report_progress/2:1582 Supervisor: {<0.955.0>,ranch_conns_sup_sup}. Started: id={ranch_conns_sup,56},pid=<0.1014.0>.
2026-09-12 00:24:11.404934+09:00 [info] <0.955.0>@supervisor:report_progress/2:1582 Supervisor: {<0.955.0>,ranch_conns_sup_sup}. Started: id={ranch_conns_sup,57},pid=<0.1015.0>.
2026-09-12 00:24:11.405027+09:00 [info] <0.955.0>@supervisor:report_progress/2:1582 Supervisor: {<0.955.0>,ranch_conns_sup_sup}. Started: id={ranch_conns_sup,58},pid=<0.1016.0>.
2026-09-12 00:24:11.405170+09:00 [info] <0.955.0>@supervisor:report_progress/2:1582 Supervisor: {<0.955.0>,ranch_conns_sup_sup}. Started: id={ranch_conns_sup,59},pid=<0.1017.0>.
2026-09-12 00:24:11.405270+09:00 [info] <0.955.0>@supervisor:report_progress/2:1582 Supervisor: {<0.955.0>,ranch_conns_sup_sup}. Started: id={ranch_conns_sup,60},pid=<0.1018.0>.
2026-09-12 00:24:11.405383+09:00 [info] <0.955.0>@supervisor:report_progress/2:1582 Supervisor: {<0.955.0>,ranch_conns_sup_sup}. Started: id={ranch_conns_sup,61},pid=<0.1019.0>.
2026-09-12 00:24:11.405486+09:00 [info] <0.955.0>@supervisor:report_progress/2:1582 Supervisor: {<0.955.0>,ranch_conns_sup_sup}. Started: id={ranch_conns_sup,62},pid=<0.1020.0>.
2026-09-12 00:24:11.405579+09:00 [info] <0.955.0>@supervisor:report_progress/2:1582 Supervisor: {<0.955.0>,ranch_conns_sup_sup}. Started: id={ranch_conns_sup,63},pid=<0.1021.0>.
2026-09-12 00:24:11.406310+09:00 [info] <0.955.0>@supervisor:report_progress/2:1582 Supervisor: {<0.955.0>,ranch_conns_sup_sup}. Started: id={ranch_conns_sup,64},pid=<0.1022.0>.
2026-09-12 00:24:11.406465+09:00 [info] <0.955.0>@supervisor:report_progress/2:1582 Supervisor: {<0.955.0>,ranch_conns_sup_sup}. Started: id={ranch_conns_sup,65},pid=<0.1023.0>.
2026-09-12 00:24:11.406607+09:00 [info] <0.955.0>@supervisor:report_progress/2:1582 Supervisor: {<0.955.0>,ranch_conns_sup_sup}. Started: id={ranch_conns_sup,66},pid=<0.1024.0>.
2026-09-12 00:24:11.406758+09:00 [info] <0.955.0>@supervisor:report_progress/2:1582 Supervisor: {<0.955.0>,ranch_conns_sup_sup}. Started: id={ranch_conns_sup,67},pid=<0.1025.0>.
2026-09-12 00:24:11.406977+09:00 [info] <0.955.0>@supervisor:report_progress/2:1582 Supervisor: {<0.955.0>,ranch_conns_sup_sup}. Started: id={ranch_conns_sup,68},pid=<0.1026.0>.
2026-09-12 00:24:11.407083+09:00 [info] <0.955.0>@supervisor:report_progress/2:1582 Supervisor: {<0.955.0>,ranch_conns_sup_sup}. Started: id={ranch_conns_sup,69},pid=<0.1027.0>.
2026-09-12 00:24:11.407162+09:00 [info] <0.955.0>@supervisor:report_progress/2:1582 Supervisor: {<0.955.0>,ranch_conns_sup_sup}. Started: id={ranch_conns_sup,70},pid=<0.1028.0>.
2026-09-12 00:24:11.407244+09:00 [info] <0.955.0>@supervisor:report_progress/2:1582 Supervisor: {<0.955.0>,ranch_conns_sup_sup}. Started: id={ranch_conns_sup,71},pid=<0.1029.0>.
2026-09-12 00:24:11.407343+09:00 [info] <0.955.0>@supervisor:report_progress/2:1582 Supervisor: {<0.955.0>,ranch_conns_sup_sup}. Started: id={ranch_conns_sup,72},pid=<0.1030.0>.
2026-09-12 00:24:11.408316+09:00 [info] <0.955.0>@supervisor:report_progress/2:1582 Supervisor: {<0.955.0>,ranch_conns_sup_sup}. Started: id={ranch_conns_sup,73},pid=<0.1031.0>.
2026-09-12 00:24:11.408582+09:00 [info] <0.955.0>@supervisor:report_progress/2:1582 Supervisor: {<0.955.0>,ranch_conns_sup_sup}. Started: id={ranch_conns_sup,74},pid=<0.1032.0>.
2026-09-12 00:24:11.409466+09:00 [info] <0.955.0>@supervisor:report_progress/2:1582 Supervisor: {<0.955.0>,ranch_conns_sup_sup}. Started: id={ranch_conns_sup,75},pid=<0.1033.0>.
2026-09-12 00:24:11.409819+09:00 [info] <0.955.0>@supervisor:report_progress/2:1582 Supervisor: {<0.955.0>,ranch_conns_sup_sup}. Started: id={ranch_conns_sup,76},pid=<0.1034.0>.
2026-09-12 00:24:11.410046+09:00 [info] <0.955.0>@supervisor:report_progress/2:1582 Supervisor: {<0.955.0>,ranch_conns_sup_sup}. Started: id={ranch_conns_sup,77},pid=<0.1035.0>.
2026-09-12 00:24:11.410161+09:00 [info] <0.955.0>@supervisor:report_progress/2:1582 Supervisor: {<0.955.0>,ranch_conns_sup_sup}. Started: id={ranch_conns_sup,78},pid=<0.1036.0>.
2026-09-12 00:24:11.410290+09:00 [info] <0.955.0>@supervisor:report_progress/2:1582 Supervisor: {<0.955.0>,ranch_conns_sup_sup}. Started: id={ranch_conns_sup,79},pid=<0.1037.0>.
2026-09-12 00:24:11.410401+09:00 [info] <0.955.0>@supervisor:report_progress/2:1582 Supervisor: {<0.955.0>,ranch_conns_sup_sup}. Started: id={ranch_conns_sup,80},pid=<0.1038.0>.
2026-09-12 00:24:11.410950+09:00 [info] <0.955.0>@supervisor:report_progress/2:1582 Supervisor: {<0.955.0>,ranch_conns_sup_sup}. Started: id={ranch_conns_sup,81},pid=<0.1039.0>.
2026-09-12 00:24:11.411048+09:00 [info] <0.955.0>@supervisor:report_progress/2:1582 Supervisor: {<0.955.0>,ranch_conns_sup_sup}. Started: id={ranch_conns_sup,82},pid=<0.1040.0>.
2026-09-12 00:24:11.411137+09:00 [info] <0.955.0>@supervisor:report_progress/2:1582 Supervisor: {<0.955.0>,ranch_conns_sup_sup}. Started: id={ranch_conns_sup,83},pid=<0.1041.0>.
2026-09-12 00:24:11.411235+09:00 [info] <0.955.0>@supervisor:report_progress/2:1582 Supervisor: {<0.955.0>,ranch_conns_sup_sup}. Started: id={ranch_conns_sup,84},pid=<0.1042.0>.
2026-09-12 00:24:11.411381+09:00 [info] <0.955.0>@supervisor:report_progress/2:1582 Supervisor: {<0.955.0>,ranch_conns_sup_sup}. Started: id={ranch_conns_sup,85},pid=<0.1043.0>.
2026-09-12 00:24:11.411495+09:00 [info] <0.955.0>@supervisor:report_progress/2:1582 Supervisor: {<0.955.0>,ranch_conns_sup_sup}. Started: id={ranch_conns_sup,86},pid=<0.1044.0>.
2026-09-12 00:24:11.411627+09:00 [info] <0.955.0>@supervisor:report_progress/2:1582 Supervisor: {<0.955.0>,ranch_conns_sup_sup}. Started: id={ranch_conns_sup,87},pid=<0.1045.0>.
2026-09-12 00:24:11.411737+09:00 [info] <0.955.0>@supervisor:report_progress/2:1582 Supervisor: {<0.955.0>,ranch_conns_sup_sup}. Started: id={ranch_conns_sup,88},pid=<0.1046.0>.
2026-09-12 00:24:11.411839+09:00 [info] <0.955.0>@supervisor:report_progress/2:1582 Supervisor: {<0.955.0>,ranch_conns_sup_sup}. Started: id={ranch_conns_sup,89},pid=<0.1047.0>.
2026-09-12 00:24:11.411937+09:00 [info] <0.955.0>@supervisor:report_progress/2:1582 Supervisor: {<0.955.0>,ranch_conns_sup_sup}. Started: id={ranch_conns_sup,90},pid=<0.1048.0>.
2026-09-12 00:24:11.412100+09:00 [info] <0.955.0>@supervisor:report_progress/2:1582 Supervisor: {<0.955.0>,ranch_conns_sup_sup}. Started: id={ranch_conns_sup,91},pid=<0.1049.0>.
2026-09-12 00:24:11.412215+09:00 [info] <0.955.0>@supervisor:report_progress/2:1582 Supervisor: {<0.955.0>,ranch_conns_sup_sup}. Started: id={ranch_conns_sup,92},pid=<0.1050.0>.
2026-09-12 00:24:11.412345+09:00 [info] <0.955.0>@supervisor:report_progress/2:1582 Supervisor: {<0.955.0>,ranch_conns_sup_sup}. Started: id={ranch_conns_sup,93},pid=<0.1051.0>.
2026-09-12 00:24:11.414883+09:00 [info] <0.955.0>@supervisor:report_progress/2:1582 Supervisor: {<0.955.0>,ranch_conns_sup_sup}. Started: id={ranch_conns_sup,94},pid=<0.1052.0>.
2026-09-12 00:24:11.415057+09:00 [info] <0.955.0>@supervisor:report_progress/2:1582 Supervisor: {<0.955.0>,ranch_conns_sup_sup}. Started: id={ranch_conns_sup,95},pid=<0.1053.0>.
2026-09-12 00:24:11.416254+09:00 [info] <0.955.0>@supervisor:report_progress/2:1582 Supervisor: {<0.955.0>,ranch_conns_sup_sup}. Started: id={ranch_conns_sup,96},pid=<0.1054.0>.
2026-09-12 00:24:11.416468+09:00 [info] <0.955.0>@supervisor:report_progress/2:1582 Supervisor: {<0.955.0>,ranch_conns_sup_sup}. Started: id={ranch_conns_sup,97},pid=<0.1055.0>.
2026-09-12 00:24:11.416607+09:00 [info] <0.955.0>@supervisor:report_progress/2:1582 Supervisor: {<0.955.0>,ranch_conns_sup_sup}. Started: id={ranch_conns_sup,98},pid=<0.1056.0>.
2026-09-12 00:24:11.416745+09:00 [info] <0.955.0>@supervisor:report_progress/2:1582 Supervisor: {<0.955.0>,ranch_conns_sup_sup}. Started: id={ranch_conns_sup,99},pid=<0.1057.0>.
2026-09-12 00:24:11.418122+09:00 [info] <0.955.0>@supervisor:report_progress/2:1582 Supervisor: {<0.955.0>,ranch_conns_sup_sup}. Started: id={ranch_conns_sup,100},pid=<0.1058.0>.
2026-09-12 00:24:11.418444+09:00 [info] <0.954.0>@supervisor:report_progress/2:1582 Supervisor: {<0.954.0>,ranch_listener_sup}. Started: id=ranch_conns_sup_sup,pid=<0.955.0>.
2026-09-12 00:24:11.434048+09:00 [info] <0.1059.0>@supervisor:report_progress/2:1582 Supervisor: {<0.1059.0>,ranch_acceptors_sup}. Started: id={acceptor,<0.1059.0>,1},pid=<0.1060.0>.
2026-09-12 00:24:11.435903+09:00 [info] <0.1059.0>@supervisor:report_progress/2:1582 Supervisor: {<0.1059.0>,ranch_acceptors_sup}. Started: id={acceptor,<0.1059.0>,2},pid=<0.1061.0>.
2026-09-12 00:24:11.436274+09:00 [info] <0.1059.0>@supervisor:report_progress/2:1582 Supervisor: {<0.1059.0>,ranch_acceptors_sup}. Started: id={acceptor,<0.1059.0>,3},pid=<0.1062.0>.
2026-09-12 00:24:11.436417+09:00 [info] <0.1059.0>@supervisor:report_progress/2:1582 Supervisor: {<0.1059.0>,ranch_acceptors_sup}. Started: id={acceptor,<0.1059.0>,4},pid=<0.1063.0>.
2026-09-12 00:24:11.436563+09:00 [info] <0.1059.0>@supervisor:report_progress/2:1582 Supervisor: {<0.1059.0>,ranch_acceptors_sup}. Started: id={acceptor,<0.1059.0>,5},pid=<0.1064.0>.
2026-09-12 00:24:11.436670+09:00 [info] <0.1059.0>@supervisor:report_progress/2:1582 Supervisor: {<0.1059.0>,ranch_acceptors_sup}. Started: id={acceptor,<0.1059.0>,6},pid=<0.1065.0>.
2026-09-12 00:24:11.436807+09:00 [info] <0.1059.0>@supervisor:report_progress/2:1582 Supervisor: {<0.1059.0>,ranch_acceptors_sup}. Started: id={acceptor,<0.1059.0>,7},pid=<0.1066.0>.
2026-09-12 00:24:11.436924+09:00 [info] <0.1059.0>@supervisor:report_progress/2:1582 Supervisor: {<0.1059.0>,ranch_acceptors_sup}. Started: id={acceptor,<0.1059.0>,8},pid=<0.1067.0>.
2026-09-12 00:24:11.437065+09:00 [info] <0.1059.0>@supervisor:report_progress/2:1582 Supervisor: {<0.1059.0>,ranch_acceptors_sup}. Started: id={acceptor,<0.1059.0>,9},pid=<0.1068.0>.
2026-09-12 00:24:11.437202+09:00 [info] <0.1059.0>@supervisor:report_progress/2:1582 Supervisor: {<0.1059.0>,ranch_acceptors_sup}. Started: id={acceptor,<0.1059.0>,10},pid=<0.1069.0>.
2026-09-12 00:24:11.437331+09:00 [info] <0.1059.0>@supervisor:report_progress/2:1582 Supervisor: {<0.1059.0>,ranch_acceptors_sup}. Started: id={acceptor,<0.1059.0>,11},pid=<0.1070.0>.
2026-09-12 00:24:11.438764+09:00 [info] <0.1059.0>@supervisor:report_progress/2:1582 Supervisor: {<0.1059.0>,ranch_acceptors_sup}. Started: id={acceptor,<0.1059.0>,12},pid=<0.1071.0>.
2026-09-12 00:24:11.439037+09:00 [info] <0.1059.0>@supervisor:report_progress/2:1582 Supervisor: {<0.1059.0>,ranch_acceptors_sup}. Started: id={acceptor,<0.1059.0>,13},pid=<0.1072.0>.
2026-09-12 00:24:11.439294+09:00 [info] <0.1059.0>@supervisor:report_progress/2:1582 Supervisor: {<0.1059.0>,ranch_acceptors_sup}. Started: id={acceptor,<0.1059.0>,14},pid=<0.1073.0>.
2026-09-12 00:24:11.440493+09:00 [info] <0.1059.0>@supervisor:report_progress/2:1582 Supervisor: {<0.1059.0>,ranch_acceptors_sup}. Started: id={acceptor,<0.1059.0>,15},pid=<0.1074.0>.
2026-09-12 00:24:11.441903+09:00 [info] <0.1059.0>@supervisor:report_progress/2:1582 Supervisor: {<0.1059.0>,ranch_acceptors_sup}. Started: id={acceptor,<0.1059.0>,16},pid=<0.1075.0>.
2026-09-12 00:24:11.443763+09:00 [info] <0.1059.0>@supervisor:report_progress/2:1582 Supervisor: {<0.1059.0>,ranch_acceptors_sup}. Started: id={acceptor,<0.1059.0>,17},pid=<0.1076.0>.
2026-09-12 00:24:11.445781+09:00 [info] <0.1059.0>@supervisor:report_progress/2:1582 Supervisor: {<0.1059.0>,ranch_acceptors_sup}. Started: id={acceptor,<0.1059.0>,18},pid=<0.1077.0>.
2026-09-12 00:24:11.446000+09:00 [info] <0.1059.0>@supervisor:report_progress/2:1582 Supervisor: {<0.1059.0>,ranch_acceptors_sup}. Started: id={acceptor,<0.1059.0>,19},pid=<0.1078.0>.
2026-09-12 00:24:11.446174+09:00 [info] <0.1059.0>@supervisor:report_progress/2:1582 Supervisor: {<0.1059.0>,ranch_acceptors_sup}. Started: id={acceptor,<0.1059.0>,20},pid=<0.1079.0>.
2026-09-12 00:24:11.446287+09:00 [info] <0.1059.0>@supervisor:report_progress/2:1582 Supervisor: {<0.1059.0>,ranch_acceptors_sup}. Started: id={acceptor,<0.1059.0>,21},pid=<0.1080.0>.
2026-09-12 00:24:11.446471+09:00 [info] <0.1059.0>@supervisor:report_progress/2:1582 Supervisor: {<0.1059.0>,ranch_acceptors_sup}. Started: id={acceptor,<0.1059.0>,22},pid=<0.1081.0>.
2026-09-12 00:24:11.446604+09:00 [info] <0.1059.0>@supervisor:report_progress/2:1582 Supervisor: {<0.1059.0>,ranch_acceptors_sup}. Started: id={acceptor,<0.1059.0>,23},pid=<0.1082.0>.
2026-09-12 00:24:11.446745+09:00 [info] <0.1059.0>@supervisor:report_progress/2:1582 Supervisor: {<0.1059.0>,ranch_acceptors_sup}. Started: id={acceptor,<0.1059.0>,24},pid=<0.1083.0>.
2026-09-12 00:24:11.446907+09:00 [info] <0.1059.0>@supervisor:report_progress/2:1582 Supervisor: {<0.1059.0>,ranch_acceptors_sup}. Started: id={acceptor,<0.1059.0>,25},pid=<0.1084.0>.
2026-09-12 00:24:11.447052+09:00 [info] <0.1059.0>@supervisor:report_progress/2:1582 Supervisor: {<0.1059.0>,ranch_acceptors_sup}. Started: id={acceptor,<0.1059.0>,26},pid=<0.1085.0>.
2026-09-12 00:24:11.447222+09:00 [info] <0.1059.0>@supervisor:report_progress/2:1582 Supervisor: {<0.1059.0>,ranch_acceptors_sup}. Started: id={acceptor,<0.1059.0>,27},pid=<0.1086.0>.
2026-09-12 00:24:11.447351+09:00 [info] <0.1059.0>@supervisor:report_progress/2:1582 Supervisor: {<0.1059.0>,ranch_acceptors_sup}. Started: id={acceptor,<0.1059.0>,28},pid=<0.1087.0>.
2026-09-12 00:24:11.453257+09:00 [info] <0.1059.0>@supervisor:report_progress/2:1582 Supervisor: {<0.1059.0>,ranch_acceptors_sup}. Started: id={acceptor,<0.1059.0>,29},pid=<0.1088.0>.
2026-09-12 00:24:11.455484+09:00 [info] <0.1059.0>@supervisor:report_progress/2:1582 Supervisor: {<0.1059.0>,ranch_acceptors_sup}. Started: id={acceptor,<0.1059.0>,30},pid=<0.1089.0>.
2026-09-12 00:24:11.455733+09:00 [info] <0.1059.0>@supervisor:report_progress/2:1582 Supervisor: {<0.1059.0>,ranch_acceptors_sup}. Started: id={acceptor,<0.1059.0>,31},pid=<0.1090.0>.
2026-09-12 00:24:11.455899+09:00 [info] <0.1059.0>@supervisor:report_progress/2:1582 Supervisor: {<0.1059.0>,ranch_acceptors_sup}. Started: id={acceptor,<0.1059.0>,32},pid=<0.1091.0>.
2026-09-12 00:24:11.456042+09:00 [info] <0.1059.0>@supervisor:report_progress/2:1582 Supervisor: {<0.1059.0>,ranch_acceptors_sup}. Started: id={acceptor,<0.1059.0>,33},pid=<0.1092.0>.
2026-09-12 00:24:11.456180+09:00 [info] <0.1059.0>@supervisor:report_progress/2:1582 Supervisor: {<0.1059.0>,ranch_acceptors_sup}. Started: id={acceptor,<0.1059.0>,34},pid=<0.1093.0>.
2026-09-12 00:24:11.456346+09:00 [info] <0.1059.0>@supervisor:report_progress/2:1582 Supervisor: {<0.1059.0>,ranch_acceptors_sup}. Started: id={acceptor,<0.1059.0>,35},pid=<0.1094.0>.
2026-09-12 00:24:11.459252+09:00 [info] <0.1059.0>@supervisor:report_progress/2:1582 Supervisor: {<0.1059.0>,ranch_acceptors_sup}. Started: id={acceptor,<0.1059.0>,36},pid=<0.1095.0>.
2026-09-12 00:24:11.459455+09:00 [info] <0.1059.0>@supervisor:report_progress/2:1582 Supervisor: {<0.1059.0>,ranch_acceptors_sup}. Started: id={acceptor,<0.1059.0>,37},pid=<0.1096.0>.
2026-09-12 00:24:11.461313+09:00 [info] <0.1059.0>@supervisor:report_progress/2:1582 Supervisor: {<0.1059.0>,ranch_acceptors_sup}. Started: id={acceptor,<0.1059.0>,38},pid=<0.1097.0>.
2026-09-12 00:24:11.461557+09:00 [info] <0.1059.0>@supervisor:report_progress/2:1582 Supervisor: {<0.1059.0>,ranch_acceptors_sup}. Started: id={acceptor,<0.1059.0>,39},pid=<0.1098.0>.
2026-09-12 00:24:11.461746+09:00 [info] <0.1059.0>@supervisor:report_progress/2:1582 Supervisor: {<0.1059.0>,ranch_acceptors_sup}. Started: id={acceptor,<0.1059.0>,40},pid=<0.1099.0>.
2026-09-12 00:24:11.461880+09:00 [info] <0.1059.0>@supervisor:report_progress/2:1582 Supervisor: {<0.1059.0>,ranch_acceptors_sup}. Started: id={acceptor,<0.1059.0>,41},pid=<0.1100.0>.
2026-09-12 00:24:11.462033+09:00 [info] <0.1059.0>@supervisor:report_progress/2:1582 Supervisor: {<0.1059.0>,ranch_acceptors_sup}. Started: id={acceptor,<0.1059.0>,42},pid=<0.1101.0>.
2026-09-12 00:24:11.462161+09:00 [info] <0.1059.0>@supervisor:report_progress/2:1582 Supervisor: {<0.1059.0>,ranch_acceptors_sup}. Started: id={acceptor,<0.1059.0>,43},pid=<0.1102.0>.
2026-09-12 00:24:11.462312+09:00 [info] <0.1059.0>@supervisor:report_progress/2:1582 Supervisor: {<0.1059.0>,ranch_acceptors_sup}. Started: id={acceptor,<0.1059.0>,44},pid=<0.1103.0>.
2026-09-12 00:24:11.470719+09:00 [info] <0.1059.0>@supervisor:report_progress/2:1582 Supervisor: {<0.1059.0>,ranch_acceptors_sup}. Started: id={acceptor,<0.1059.0>,45},pid=<0.1104.0>.
2026-09-12 00:24:11.471556+09:00 [info] <0.1059.0>@supervisor:report_progress/2:1582 Supervisor: {<0.1059.0>,ranch_acceptors_sup}. Started: id={acceptor,<0.1059.0>,46},pid=<0.1105.0>.
2026-09-12 00:24:11.471770+09:00 [info] <0.1059.0>@supervisor:report_progress/2:1582 Supervisor: {<0.1059.0>,ranch_acceptors_sup}. Started: id={acceptor,<0.1059.0>,47},pid=<0.1106.0>.
2026-09-12 00:24:11.471908+09:00 [info] <0.1059.0>@supervisor:report_progress/2:1582 Supervisor: {<0.1059.0>,ranch_acceptors_sup}. Started: id={acceptor,<0.1059.0>,48},pid=<0.1107.0>.
2026-09-12 00:24:11.472064+09:00 [info] <0.1059.0>@supervisor:report_progress/2:1582 Supervisor: {<0.1059.0>,ranch_acceptors_sup}. Started: id={acceptor,<0.1059.0>,49},pid=<0.1108.0>.
2026-09-12 00:24:11.472219+09:00 [info] <0.1059.0>@supervisor:report_progress/2:1582 Supervisor: {<0.1059.0>,ranch_acceptors_sup}. Started: id={acceptor,<0.1059.0>,50},pid=<0.1109.0>.
2026-09-12 00:24:11.472345+09:00 [info] <0.1059.0>@supervisor:report_progress/2:1582 Supervisor: {<0.1059.0>,ranch_acceptors_sup}. Started: id={acceptor,<0.1059.0>,51},pid=<0.1110.0>.
2026-09-12 00:24:11.472514+09:00 [info] <0.1059.0>@supervisor:report_progress/2:1582 Supervisor: {<0.1059.0>,ranch_acceptors_sup}. Started: id={acceptor,<0.1059.0>,52},pid=<0.1111.0>.
2026-09-12 00:24:11.472704+09:00 [info] <0.1059.0>@supervisor:report_progress/2:1582 Supervisor: {<0.1059.0>,ranch_acceptors_sup}. Started: id={acceptor,<0.1059.0>,53},pid=<0.1112.0>.
2026-09-12 00:24:11.472864+09:00 [info] <0.1059.0>@supervisor:report_progress/2:1582 Supervisor: {<0.1059.0>,ranch_acceptors_sup}. Started: id={acceptor,<0.1059.0>,54},pid=<0.1113.0>.
2026-09-12 00:24:11.473011+09:00 [info] <0.1059.0>@supervisor:report_progress/2:1582 Supervisor: {<0.1059.0>,ranch_acceptors_sup}. Started: id={acceptor,<0.1059.0>,55},pid=<0.1114.0>.
2026-09-12 00:24:11.473134+09:00 [info] <0.1059.0>@supervisor:report_progress/2:1582 Supervisor: {<0.1059.0>,ranch_acceptors_sup}. Started: id={acceptor,<0.1059.0>,56},pid=<0.1115.0>.
2026-09-12 00:24:11.473267+09:00 [info] <0.1059.0>@supervisor:report_progress/2:1582 Supervisor: {<0.1059.0>,ranch_acceptors_sup}. Started: id={acceptor,<0.1059.0>,57},pid=<0.1116.0>.
2026-09-12 00:24:11.473399+09:00 [info] <0.1059.0>@supervisor:report_progress/2:1582 Supervisor: {<0.1059.0>,ranch_acceptors_sup}. Started: id={acceptor,<0.1059.0>,58},pid=<0.1117.0>.
2026-09-12 00:24:11.479228+09:00 [info] <0.1059.0>@supervisor:report_progress/2:1582 Supervisor: {<0.1059.0>,ranch_acceptors_sup}. Started: id={acceptor,<0.1059.0>,59},pid=<0.1118.0>.
2026-09-12 00:24:11.479369+09:00 [info] <0.1059.0>@supervisor:report_progress/2:1582 Supervisor: {<0.1059.0>,ranch_acceptors_sup}. Started: id={acceptor,<0.1059.0>,60},pid=<0.1119.0>.
2026-09-12 00:24:11.482818+09:00 [info] <0.1059.0>@supervisor:report_progress/2:1582 Supervisor: {<0.1059.0>,ranch_acceptors_sup}. Started: id={acceptor,<0.1059.0>,61},pid=<0.1120.0>.
2026-09-12 00:24:11.483049+09:00 [info] <0.1059.0>@supervisor:report_progress/2:1582 Supervisor: {<0.1059.0>,ranch_acceptors_sup}. Started: id={acceptor,<0.1059.0>,62},pid=<0.1121.0>.
2026-09-12 00:24:11.483165+09:00 [info] <0.1059.0>@supervisor:report_progress/2:1582 Supervisor: {<0.1059.0>,ranch_acceptors_sup}. Started: id={acceptor,<0.1059.0>,63},pid=<0.1122.0>.
2026-09-12 00:24:11.483328+09:00 [info] <0.1059.0>@supervisor:report_progress/2:1582 Supervisor: {<0.1059.0>,ranch_acceptors_sup}. Started: id={acceptor,<0.1059.0>,64},pid=<0.1123.0>.
2026-09-12 00:24:11.483496+09:00 [info] <0.1059.0>@supervisor:report_progress/2:1582 Supervisor: {<0.1059.0>,ranch_acceptors_sup}. Started: id={acceptor,<0.1059.0>,65},pid=<0.1124.0>.
2026-09-12 00:24:11.483606+09:00 [info] <0.1059.0>@supervisor:report_progress/2:1582 Supervisor: {<0.1059.0>,ranch_acceptors_sup}. Started: id={acceptor,<0.1059.0>,66},pid=<0.1125.0>.
2026-09-12 00:24:11.483724+09:00 [info] <0.1059.0>@supervisor:report_progress/2:1582 Supervisor: {<0.1059.0>,ranch_acceptors_sup}. Started: id={acceptor,<0.1059.0>,67},pid=<0.1126.0>.
2026-09-12 00:24:11.483823+09:00 [info] <0.1059.0>@supervisor:report_progress/2:1582 Supervisor: {<0.1059.0>,ranch_acceptors_sup}. Started: id={acceptor,<0.1059.0>,68},pid=<0.1127.0>.
2026-09-12 00:24:11.483942+09:00 [info] <0.1059.0>@supervisor:report_progress/2:1582 Supervisor: {<0.1059.0>,ranch_acceptors_sup}. Started: id={acceptor,<0.1059.0>,69},pid=<0.1128.0>.
2026-09-12 00:24:11.484058+09:00 [info] <0.1059.0>@supervisor:report_progress/2:1582 Supervisor: {<0.1059.0>,ranch_acceptors_sup}. Started: id={acceptor,<0.1059.0>,70},pid=<0.1129.0>.
2026-09-12 00:24:11.484152+09:00 [info] <0.1059.0>@supervisor:report_progress/2:1582 Supervisor: {<0.1059.0>,ranch_acceptors_sup}. Started: id={acceptor,<0.1059.0>,71},pid=<0.1130.0>.
2026-09-12 00:24:11.484273+09:00 [info] <0.1059.0>@supervisor:report_progress/2:1582 Supervisor: {<0.1059.0>,ranch_acceptors_sup}. Started: id={acceptor,<0.1059.0>,72},pid=<0.1131.0>.
2026-09-12 00:24:11.484368+09:00 [info] <0.1059.0>@supervisor:report_progress/2:1582 Supervisor: {<0.1059.0>,ranch_acceptors_sup}. Started: id={acceptor,<0.1059.0>,73},pid=<0.1132.0>.
2026-09-12 00:24:11.495305+09:00 [info] <0.1059.0>@supervisor:report_progress/2:1582 Supervisor: {<0.1059.0>,ranch_acceptors_sup}. Started: id={acceptor,<0.1059.0>,74},pid=<0.1133.0>.
2026-09-12 00:24:11.497834+09:00 [info] <0.1059.0>@supervisor:report_progress/2:1582 Supervisor: {<0.1059.0>,ranch_acceptors_sup}. Started: id={acceptor,<0.1059.0>,75},pid=<0.1134.0>.
2026-09-12 00:24:11.498024+09:00 [info] <0.1059.0>@supervisor:report_progress/2:1582 Supervisor: {<0.1059.0>,ranch_acceptors_sup}. Started: id={acceptor,<0.1059.0>,76},pid=<0.1135.0>.
2026-09-12 00:24:11.498180+09:00 [info] <0.1059.0>@supervisor:report_progress/2:1582 Supervisor: {<0.1059.0>,ranch_acceptors_sup}. Started: id={acceptor,<0.1059.0>,77},pid=<0.1136.0>.
2026-09-12 00:24:11.498295+09:00 [info] <0.1059.0>@supervisor:report_progress/2:1582 Supervisor: {<0.1059.0>,ranch_acceptors_sup}. Started: id={acceptor,<0.1059.0>,78},pid=<0.1137.0>.
2026-09-12 00:24:11.498482+09:00 [info] <0.1059.0>@supervisor:report_progress/2:1582 Supervisor: {<0.1059.0>,ranch_acceptors_sup}. Started: id={acceptor,<0.1059.0>,79},pid=<0.1138.0>.
2026-09-12 00:24:11.498628+09:00 [info] <0.1059.0>@supervisor:report_progress/2:1582 Supervisor: {<0.1059.0>,ranch_acceptors_sup}. Started: id={acceptor,<0.1059.0>,80},pid=<0.1139.0>.
2026-09-12 00:24:11.498738+09:00 [info] <0.1059.0>@supervisor:report_progress/2:1582 Supervisor: {<0.1059.0>,ranch_acceptors_sup}. Started: id={acceptor,<0.1059.0>,81},pid=<0.1140.0>.
2026-09-12 00:24:11.498869+09:00 [info] <0.1059.0>@supervisor:report_progress/2:1582 Supervisor: {<0.1059.0>,ranch_acceptors_sup}. Started: id={acceptor,<0.1059.0>,82},pid=<0.1141.0>.
2026-09-12 00:24:11.498977+09:00 [info] <0.1059.0>@supervisor:report_progress/2:1582 Supervisor: {<0.1059.0>,ranch_acceptors_sup}. Started: id={acceptor,<0.1059.0>,83},pid=<0.1142.0>.
2026-09-12 00:24:11.499107+09:00 [info] <0.1059.0>@supervisor:report_progress/2:1582 Supervisor: {<0.1059.0>,ranch_acceptors_sup}. Started: id={acceptor,<0.1059.0>,84},pid=<0.1143.0>.
2026-09-12 00:24:11.499241+09:00 [info] <0.1059.0>@supervisor:report_progress/2:1582 Supervisor: {<0.1059.0>,ranch_acceptors_sup}. Started: id={acceptor,<0.1059.0>,85},pid=<0.1144.0>.
2026-09-12 00:24:11.499366+09:00 [info] <0.1059.0>@supervisor:report_progress/2:1582 Supervisor: {<0.1059.0>,ranch_acceptors_sup}. Started: id={acceptor,<0.1059.0>,86},pid=<0.1145.0>.
2026-09-12 00:24:11.499513+09:00 [info] <0.1059.0>@supervisor:report_progress/2:1582 Supervisor: {<0.1059.0>,ranch_acceptors_sup}. Started: id={acceptor,<0.1059.0>,87},pid=<0.1146.0>.
2026-09-12 00:24:11.499632+09:00 [info] <0.1059.0>@supervisor:report_progress/2:1582 Supervisor: {<0.1059.0>,ranch_acceptors_sup}. Started: id={acceptor,<0.1059.0>,88},pid=<0.1147.0>.
2026-09-12 00:24:11.499766+09:00 [info] <0.1059.0>@supervisor:report_progress/2:1582 Supervisor: {<0.1059.0>,ranch_acceptors_sup}. Started: id={acceptor,<0.1059.0>,89},pid=<0.1148.0>.
2026-09-12 00:24:11.511101+09:00 [info] <0.1059.0>@supervisor:report_progress/2:1582 Supervisor: {<0.1059.0>,ranch_acceptors_sup}. Started: id={acceptor,<0.1059.0>,90},pid=<0.1149.0>.
2026-09-12 00:24:11.512339+09:00 [info] <0.1059.0>@supervisor:report_progress/2:1582 Supervisor: {<0.1059.0>,ranch_acceptors_sup}. Started: id={acceptor,<0.1059.0>,91},pid=<0.1150.0>.
2026-09-12 00:24:11.512654+09:00 [info] <0.1059.0>@supervisor:report_progress/2:1582 Supervisor: {<0.1059.0>,ranch_acceptors_sup}. Started: id={acceptor,<0.1059.0>,92},pid=<0.1151.0>.
2026-09-12 00:24:11.512809+09:00 [info] <0.1059.0>@supervisor:report_progress/2:1582 Supervisor: {<0.1059.0>,ranch_acceptors_sup}. Started: id={acceptor,<0.1059.0>,93},pid=<0.1152.0>.
2026-09-12 00:24:11.512979+09:00 [info] <0.1059.0>@supervisor:report_progress/2:1582 Supervisor: {<0.1059.0>,ranch_acceptors_sup}. Started: id={acceptor,<0.1059.0>,94},pid=<0.1153.0>.
2026-09-12 00:24:11.514704+09:00 [info] <0.1059.0>@supervisor:report_progress/2:1582 Supervisor: {<0.1059.0>,ranch_acceptors_sup}. Started: id={acceptor,<0.1059.0>,95},pid=<0.1154.0>.
2026-09-12 00:24:11.514938+09:00 [info] <0.1059.0>@supervisor:report_progress/2:1582 Supervisor: {<0.1059.0>,ranch_acceptors_sup}. Started: id={acceptor,<0.1059.0>,96},pid=<0.1155.0>.
2026-09-12 00:24:11.515118+09:00 [info] <0.1059.0>@supervisor:report_progress/2:1582 Supervisor: {<0.1059.0>,ranch_acceptors_sup}. Started: id={acceptor,<0.1059.0>,97},pid=<0.1156.0>.
2026-09-12 00:24:11.515251+09:00 [info] <0.1059.0>@supervisor:report_progress/2:1582 Supervisor: {<0.1059.0>,ranch_acceptors_sup}. Started: id={acceptor,<0.1059.0>,98},pid=<0.1157.0>.
2026-09-12 00:24:11.515405+09:00 [info] <0.1059.0>@supervisor:report_progress/2:1582 Supervisor: {<0.1059.0>,ranch_acceptors_sup}. Started: id={acceptor,<0.1059.0>,99},pid=<0.1158.0>.
2026-09-12 00:24:11.520659+09:00 [info] <0.1059.0>@supervisor:report_progress/2:1582 Supervisor: {<0.1059.0>,ranch_acceptors_sup}. Started: id={acceptor,<0.1059.0>,100},pid=<0.1159.0>.
2026-09-12 00:24:11.520833+09:00 [info] <0.954.0>@supervisor:report_progress/2:1582 Supervisor: {<0.954.0>,ranch_listener_sup}. Started: id=ranch_acceptors_sup,pid=<0.1059.0>.
2026-09-12 00:24:11.520918+09:00 [info] <0.604.0>@supervisor:report_progress/2:1582 Supervisor: {local,ranch_sup}. Started: id={ranch_listener_sup,{[49,50,55,46,48,46,48,46,49],9080}},pid=<0.954.0>.
2026-09-12 00:24:11.520996+09:00 [info] <0.952.0>@riak_core_service_mgr:start_dispatcher/3:524 Service manager: listening on 127.0.0.1:9080
2026-09-12 00:24:11.522574+09:00 [info] <0.951.0>@supervisor:report_progress/2:1582 Supervisor: {local,riak_core_cluster_mgr_sup}. Started: id=riak_core_service_mgr,pid=<0.952.0>.
2026-09-12 00:24:11.541132+09:00 [info] <0.951.0>@supervisor:report_progress/2:1582 Supervisor: {local,riak_core_cluster_mgr_sup}. Started: id=riak_core_connection_mgr,pid=<0.1160.0>.
2026-09-12 00:24:11.567106+09:00 [info] <0.951.0>@supervisor:report_progress/2:1582 Supervisor: {local,riak_core_cluster_mgr_sup}. Started: id=riak_core_cluster_conn_sup,pid=<0.1161.0>.
2026-09-12 00:24:11.605941+09:00 [info] <0.1162.0>@riak_core_cluster_mgr:become_leader/2:706 ClusterManager: 'openriak-kv@node-03.cluster-a.openriak' becoming the leader
2026-09-12 00:24:11.606082+09:00 [info] <0.951.0>@supervisor:report_progress/2:1582 Supervisor: {local,riak_core_cluster_mgr_sup}. Started: id=riak_repl_cluster_mgr,pid=<0.1162.0>.
2026-09-12 00:24:11.635416+09:00 [info] <0.1163.0>@riak_core_tcp_mon:init/1:167 Starting TCP Monitor
2026-09-12 00:24:11.636012+09:00 [info] <0.951.0>@supervisor:report_progress/2:1582 Supervisor: {local,riak_core_cluster_mgr_sup}. Started: id=riak_core_tcp_mon,pid=<0.1163.0>.
2026-09-12 00:24:11.638337+09:00 [info] <0.943.0>@supervisor:report_progress/2:1582 Supervisor: {local,riak_repl_sup}. Started: id=riak_core_cluster_mgr_sup,pid=<0.951.0>.
2026-09-12 00:24:11.663703+09:00 [info] <0.943.0>@supervisor:report_progress/2:1582 Supervisor: {local,riak_repl_sup}. Started: id=riak_repl2_fs_node_reserver,pid=<0.1164.0>.
2026-09-12 00:24:11.760199+09:00 [info] <0.1166.0>@supervisor:report_progress/2:1582 Supervisor: {local,riak_repl2_rtsource_sup}. Started: id=riak_repl2_rtq,pid=<0.1167.0>.
2026-09-12 00:24:11.807560+09:00 [info] <0.1166.0>@supervisor:report_progress/2:1582 Supervisor: {local,riak_repl2_rtsource_sup}. Started: id=riak_repl2_rtq_overload_counter,pid=<0.1168.0>.
2026-09-12 00:24:11.863188+09:00 [info] <0.1166.0>@supervisor:report_progress/2:1582 Supervisor: {local,riak_repl2_rtsource_sup}. Started: id=riak_repl2_rtsource_conn_sup,pid=<0.1169.0>.
2026-09-12 00:24:11.863338+09:00 [info] <0.1165.0>@supervisor:report_progress/2:1582 Supervisor: {local,riak_repl2_rt_sup}. Started: id=riak_repl2_rtsource_sup,pid=<0.1166.0>.
2026-09-12 00:24:11.906563+09:00 [info] <0.1170.0>@supervisor:report_progress/2:1582 Supervisor: {local,riak_repl2_rtsink_sup}. Started: id=riak_repl2_rtsink_pool,pid=<0.1171.0>.
2026-09-12 00:24:11.927390+09:00 [info] <0.1170.0>@supervisor:report_progress/2:1582 Supervisor: {local,riak_repl2_rtsink_sup}. Started: id=riak_repl2_rtsink_conn_sup,pid=<0.1178.0>.
2026-09-12 00:24:11.927546+09:00 [info] <0.1165.0>@supervisor:report_progress/2:1582 Supervisor: {local,riak_repl2_rt_sup}. Started: id=riak_repl2_rtsink_sup,pid=<0.1170.0>.
2026-09-12 00:24:11.931469+09:00 [info] <0.1165.0>@supervisor:report_progress/2:1582 Supervisor: {local,riak_repl2_rt_sup}. Started: id=riak_repl2_rt,pid=<0.1179.0>.
2026-09-12 00:24:11.931614+09:00 [info] <0.943.0>@supervisor:report_progress/2:1582 Supervisor: {local,riak_repl_sup}. Started: id=riak_repl2_rt_sup,pid=<0.1165.0>.
2026-09-12 00:24:11.947061+09:00 [info] <0.943.0>@supervisor:report_progress/2:1582 Supervisor: {local,riak_repl_sup}. Started: id=riak_repl2_fscoordinator_sup,pid=<0.1180.0>.
2026-09-12 00:24:11.962801+09:00 [info] <0.943.0>@supervisor:report_progress/2:1582 Supervisor: {local,riak_repl_sup}. Started: id=riak_repl2_fscoordinator_serv_sup,pid=<0.1181.0>.
2026-09-12 00:24:11.977140+09:00 [info] <0.943.0>@supervisor:report_progress/2:1582 Supervisor: {local,riak_repl_sup}. Started: id=riak_repl2_fssource_sup,pid=<0.1182.0>.
2026-09-12 00:24:12.005401+09:00 [info] <0.943.0>@supervisor:report_progress/2:1582 Supervisor: {local,riak_repl_sup}. Started: id=riak_repl2_fssink_pool,pid=<0.1199.0>.
2026-09-12 00:24:12.043504+09:00 [info] <0.943.0>@supervisor:report_progress/2:1582 Supervisor: {local,riak_repl_sup}. Started: id=riak_repl2_fssink_sup,pid=<0.1206.0>.
2026-09-12 00:24:12.062964+09:00 [info] <0.943.0>@supervisor:report_progress/2:1582 Supervisor: {local,riak_repl_sup}. Started: id=riak_repl2_pg_proxy_sup,pid=<0.1207.0>.
2026-09-12 00:24:12.082549+09:00 [info] <0.1208.0>@supervisor:report_progress/2:1582 Supervisor: {local,riak_repl2_pg_sup}. Started: id=riak_repl2_pg_block_provider_sup,pid=<0.1209.0>.
2026-09-12 00:24:12.095081+09:00 [info] <0.1208.0>@supervisor:report_progress/2:1582 Supervisor: {local,riak_repl2_pg_sup}. Started: id=riak_repl2_pg_block_requester_sup,pid=<0.1210.0>.
2026-09-12 00:24:12.099887+09:00 [info] <0.1208.0>@supervisor:report_progress/2:1582 Supervisor: {local,riak_repl2_pg_sup}. Started: id=riak_repl2_pg,pid=<0.1211.0>.
2026-09-12 00:24:12.100013+09:00 [info] <0.943.0>@supervisor:report_progress/2:1582 Supervisor: {local,riak_repl_sup}. Started: id=riak_repl2_pg_sup,pid=<0.1208.0>.
2026-09-12 00:24:12.186057+09:00 [info] <0.250.0>@supervisor:report_progress/2:1582 Supervisor: {local,riak_core_stats_sup}. Started: id=riak_core_connection_mgr_stats,pid=<0.1212.0>.
2026-09-12 00:24:12.253456+09:00 [info] <0.250.0>@supervisor:report_progress/2:1582 Supervisor: {local,riak_core_stats_sup}. Started: id=riak_repl_stats,pid=<0.1213.0>.
2026-09-12 00:24:12.283475+09:00 [info] <0.216.0>@supervisor:report_progress/2:1582 Supervisor: {local,riak_core_eventhandler_sup}. Started: id={riak_core_ring_events,riak_repl_ring_handler},pid=<0.1214.0>.
2026-09-12 00:24:12.357679+09:00 [info] <0.44.0>@application_controller:info_started/2:2130 Application: riak_repl. Started at: 'openriak-kv@node-03.cluster-a.openriak'.
2026-09-12 00:24:12.359542+09:00 [info] <0.44.0>@application_controller:info_started/2:2130 Application: canola. Started at: 'openriak-kv@node-03.cluster-a.openriak'.
2026-09-12 00:24:12.425847+09:00 [info] <0.754.0>@leveled_monitor:handle_cast/2:515 log_ref=b0018 db_id=6 Positive HEAD responses timed with sample_count=0 and cache_count=0 found_count=0 fetch_ledger_time=0 fetch_ledgercache_time=0 rsp_time=0 notfound_time=0 with sample_period=1 seconds
2026-09-12 00:24:12.426020+09:00 [info] <0.44.0>@application_controller:info_started/2:2130 Application: riak_auth_mods. Started at: 'openriak-kv@node-03.cluster-a.openriak'.
2026-09-12 00:24:12.426191+09:00 [info] <0.44.0>@application_controller:info_started/2:2130 Application: riak_logger. Started at: 'openriak-kv@node-03.cluster-a.openriak'.
2026-09-12 00:24:16.092037+09:00 [info] <0.757.0>@leveled_monitor:handle_cast/2:580 log_ref=p0032 db_id=2 Fetch head timing with sample_count=0 and level timings of foundmem_time=0 found0_time=0 found1_time=0 found2_time=0 found3_time=0 foundlower_time=0 missed_time=0 with counts of foundmem_count=0 found0_count=0 found1_count=0 found2_count=0 found3_count=0 foundlower_count=0 missed_count=0 with sample_period=5 seconds
2026-09-12 00:24:19.183454+09:00 [info] <0.755.0>@leveled_monitor:handle_cast/2:494 log_ref=b0016 db_id=3 Get timing with sample_count=0 and head_time=0 body_time=0 with fetch_count=0 with sample_period=8 seconds
2026-09-12 00:24:20.735588+09:00 [info] <0.1343.0>@supervisor_bridge:report_progress/4:139 Supervisor: {local,inet_gethost_native_sup}. Started: pid=<0.1344.0>,mfa={inet_gethost_native,init,[[]]}.
2026-09-12 00:24:20.735747+09:00 [info] <0.82.0>@supervisor:report_progress/2:1582 Supervisor: {local,kernel_safe_sup}. Started: id=inet_gethost_native_sup,pid=<0.1343.0>.
2026-09-12 00:24:20.805453+09:00 [info] <0.949.0>@riak_repl2_leader:become_leader/2:217 Leader2: 'openriak-kv@node-03.cluster-a.openriak' elected as replication leader
2026-09-12 00:24:21.222160+09:00 [info] <0.226.0>@riak_core_gossip:log_node_added/2:362 'openriak-kv@node-05.cluster-a.openriak' joined cluster with status 'joining'
2026-09-12 00:24:21.222336+09:00 [info] <0.1349.0>@riak_repl_leader_helper:handle_DOWN/3:110 Replication candidate node 'openriak-kv@node-01.cluster-a.openriak' down
2026-09-12 00:24:21.239855+09:00 [info] <0.1349.0>@riak_repl_leader_helper:handle_DOWN/3:110 Replication candidate node 'openriak-kv@node-02.cluster-a.openriak' down
2026-09-12 00:24:21.513500+09:00 [info] <0.753.0>@leveled_monitor:handle_cast/2:534 log_ref=b0015 db_id=7 Put timing with sample_count=0 ink_time=0 prep_time=0 mem_time=0 with total_object_size=0 with sample_period=10 seconds
2026-09-12 00:24:22.072569+09:00 [info] <0.226.0>@riak_core_gossip:log_node_added/2:362 'openriak-kv@node-04.cluster-a.openriak' joined cluster with status 'joining'
2026-09-12 00:24:22.101355+09:00 [info] <0.1162.0>@riak_core_cluster_mgr:become_proxy/2:719 ClusterManager: 'openriak-kv@node-03.cluster-a.openriak' becoming a proxy to 'openriak-kv@node-04.cluster-a.openriak'
2026-09-12 00:24:26.745580+09:00 [info] <0.226.0>@riak_core_gossip:log_node_changed/3:359 'openriak-kv@node-02.cluster-a.openriak' changed from 'joining' to 'valid'
2026-09-12 00:24:26.745692+09:00 [info] <0.226.0>@riak_core_gossip:log_node_changed/3:359 'openriak-kv@node-03.cluster-a.openriak' changed from 'joining' to 'valid'
2026-09-12 00:24:26.749158+09:00 [info] <0.226.0>@riak_core_gossip:log_node_changed/3:359 'openriak-kv@node-04.cluster-a.openriak' changed from 'joining' to 'valid'
2026-09-12 00:24:26.749273+09:00 [info] <0.226.0>@riak_core_gossip:log_node_changed/3:359 'openriak-kv@node-05.cluster-a.openriak' changed from 'joining' to 'valid'
2026-09-12 00:24:32.545039+09:00 [info] <0.384.0>@riak_kv_replrtq_src:handle_info/2:646 QueueName=q1_ttaaefs has queue sizes p1=0 p2=0 p3=0
2026-09-12 00:24:35.352227+09:00 [info] <0.756.0>@leveled_monitor:handle_cast/2:551 log_ref=b0017 db_id=1 Snapshot timing with sample_count=0 and bookie_time=0 pcl_time=0 with sample_period=24 seconds
2026-09-12 00:24:35.818507+09:00 [info] <0.758.0>@leveled_monitor:handle_cast/2:494 log_ref=b0016 db_id=5 Get timing with sample_count=0 and head_time=0 body_time=0 with fetch_count=0 with sample_period=25 seconds
2026-09-12 00:24:42.426025+09:00 [info] <0.754.0>@leveled_monitor:handle_cast/2:580 log_ref=p0032 db_id=6 Fetch head timing with sample_count=0 and level timings of foundmem_time=0 found0_time=0 found1_time=0 found2_time=0 found3_time=0 foundlower_time=0 missed_time=0 with counts of foundmem_count=0 found0_count=0 found1_count=0 found2_count=0 found3_count=0 foundlower_count=0 missed_count=0 with sample_period=31 seconds
2026-09-12 00:24:43.229253+09:00 [info] <0.752.0>@leveled_monitor:handle_cast/2:625 log_ref=cdb19 db_id=0 Sample timings in microseconds for sample_count=0 with totals of cycle_count=0 index_time=0 read_time=0 with sample_period=32 seconds
2026-09-12 00:24:46.093486+09:00 [info] <0.757.0>@leveled_monitor:handle_cast/2:494 log_ref=b0016 db_id=2 Get timing with sample_count=0 and head_time=0 body_time=0 with fetch_count=0 with sample_period=35 seconds
2026-09-12 00:24:49.184022+09:00 [info] <0.755.0>@leveled_monitor:handle_cast/2:534 log_ref=b0015 db_id=3 Put timing with sample_count=0 ink_time=0 prep_time=0 mem_time=0 with total_object_size=0 with sample_period=38 seconds
2026-09-12 00:24:51.514025+09:00 [info] <0.753.0>@leveled_monitor:handle_cast/2:551 log_ref=b0017 db_id=7 Snapshot timing with sample_count=0 and bookie_time=0 pcl_time=0 with sample_period=40 seconds
2026-09-12 00:24:55.976054+09:00 [info] <0.759.0>@leveled_monitor:handle_cast/2:580 log_ref=p0032 db_id=4 Fetch head timing with sample_count=0 and level timings of foundmem_time=0 found0_time=0 found1_time=0 found2_time=0 found3_time=0 foundlower_time=0 missed_time=0 with counts of foundmem_count=0 found0_count=0 found1_count=0 found2_count=0 found3_count=0 foundlower_count=0 missed_count=0 with sample_period=45 seconds
2026-09-12 00:25:02.530266+09:00 [info] <0.383.0>@riak_kv_ttaaefs_manager:handle_info/2:648 Initiated Tictac AAE Full-Sync Mgr with scope=disabled
2026-09-12 00:25:02.530420+09:00 [info] <0.383.0>@riak_kv_ttaaefs_manager:handle_info/2:668 Initiating schedule at startup SlotInfo {3,5,1} Schedule [{no_check,24},{all_check,0},{day_check,0},{hour_check,0},{range_check,0},{auto_check,0}]
2026-09-12 00:25:02.530604+09:00 [info] <0.383.0>@riak_kv_ttaaefs_manager:handle_info/2:686 Scheduling work_item=no_check in 3563 seconds 23 items to run in schedule
2026-09-12 00:25:02.546842+09:00 [info] <0.384.0>@riak_kv_replrtq_src:handle_info/2:646 QueueName=q1_ttaaefs has queue sizes p1=0 p2=0 p3=0
2026-09-12 00:25:02.595143+09:00 [info] <0.387.0>@riak_kv_overflow_queue:log/5:129 riak_kv_reaper job_id=0 has attempts=0 aborts=0 Queue lengths queue_p2=0 queue_p1=0 Overflow lengths overflow_p2=0 overflow_p1=0 Discard counts discard_p2=0 discard_p1=0
2026-09-12 00:25:02.604737+09:00 [info] <0.388.0>@riak_kv_overflow_queue:log/5:129 riak_kv_eraser job_id=0 has attempts=0 aborts=0 Queue lengths queue_p2=0 queue_p1=0 Overflow lengths overflow_p2=0 overflow_p1=0 Discard counts discard_p2=0 discard_p1=0
2026-09-12 00:25:02.605187+09:00 [info] <0.389.0>@riak_kv_overflow_queue:log/5:129 riak_kv_reader job_id=0 has attempts=0 aborts=0 Queue lengths queue_p2=0 queue_p1=0 Overflow lengths overflow_p2=0 overflow_p1=0 Discard counts discard_p2=0 discard_p1=0
2026-09-12 00:25:03.185264+09:00 [info] <0.560.0>@riak_core_worker_pool:handle_info/3:257 worker_pool=af1_pool has qlen=0 and no items checked out
2026-09-12 00:25:03.185959+09:00 [info] <0.565.0>@riak_core_worker_pool:handle_info/3:257 worker_pool=af2_pool has qlen=0 and no items checked out
2026-09-12 00:25:03.187018+09:00 [info] <0.569.0>@riak_core_worker_pool:handle_info/3:257 worker_pool=af3_pool has qlen=0 and no items checked out
2026-09-12 00:25:03.187114+09:00 [info] <0.576.0>@riak_core_worker_pool:handle_info/3:257 worker_pool=af4_pool has qlen=0 and no items checked out
2026-09-12 00:25:03.190511+09:00 [info] <0.580.0>@riak_core_worker_pool:handle_info/3:257 worker_pool=be_pool has qlen=0 and no items checked out
2026-09-12 00:25:05.355521+09:00 [info] <0.756.0>@leveled_monitor:handle_cast/2:534 log_ref=b0015 db_id=1 Put timing with sample_count=0 ink_time=0 prep_time=0 mem_time=0 with total_object_size=0 with sample_period=54 seconds
2026-09-12 00:25:05.819476+09:00 [info] <0.758.0>@leveled_monitor:handle_cast/2:551 log_ref=b0017 db_id=5 Snapshot timing with sample_count=1 and bookie_time=1 pcl_time=117 with sample_period=55 seconds
2026-09-12 00:25:12.427050+09:00 [info] <0.754.0>@leveled_monitor:handle_cast/2:494 log_ref=b0016 db_id=6 Get timing with sample_count=0 and head_time=0 body_time=0 with fetch_count=0 with sample_period=61 seconds
2026-09-12 00:25:16.094063+09:00 [info] <0.757.0>@leveled_monitor:handle_cast/2:625 log_ref=cdb19 db_id=2 Sample timings in microseconds for sample_count=0 with totals of cycle_count=0 index_time=0 read_time=0 with sample_period=65 seconds
2026-09-12 00:25:18.950173+09:00 [info] <0.941.0>@riak_core_vnode:finish_handoff/2:788 1278813932664540053428224228626747642198940975104 riak_pipe_vnode vnode finished handoff and deleted in 0 milliseconds
2026-09-12 00:25:19.185114+09:00 [info] <0.755.0>@leveled_monitor:handle_cast/2:515 log_ref=b0018 db_id=3 Positive HEAD responses timed with sample_count=0 and cache_count=0 found_count=0 fetch_ledger_time=0 fetch_ledgercache_time=0 rsp_time=0 notfound_time=0 with sample_period=68 seconds
2026-09-12 00:25:25.187096+09:00 [info] <0.935.0>@riak_core_vnode:finish_handoff/2:788 913438523331814323877303020447676887284957839360 riak_pipe_vnode vnode finished handoff and deleted in 0 milliseconds
2026-09-12 00:25:25.977031+09:00 [info] <0.759.0>@leveled_monitor:handle_cast/2:494 log_ref=b0016 db_id=4 Get timing with sample_count=0 and head_time=0 body_time=0 with fetch_count=0 with sample_period=75 seconds
2026-09-12 00:25:28.995092+09:00 [info] <0.929.0>@riak_core_vnode:finish_handoff/2:788 548063113999088594326381812268606132370974703616 riak_pipe_vnode vnode finished handoff and deleted in 0 milliseconds
2026-09-12 00:25:29.388256+09:00 [warning] <0.751.0>@leveled_bookie:handle_call/3:1732 log_ref=b0011 db_id=7 Call to destroy the store and so all files to be removed
2026-09-12 00:25:29.388396+09:00 [warning] <0.762.0>@leveled_inker:handle_call/3:776 log_ref=i0018 db_id=7 We're doomed - intention recorded to destroy all files
2026-09-12 00:25:29.388714+09:00 [info] <0.762.0>@leveled_inker:handle_call/3:780 log_ref=i0005 db_id=7 Inker closing journal for reason doom
2026-09-12 00:25:29.388809+09:00 [info] <0.762.0>@leveled_inker:handle_call/3:782 log_ref=i0006 db_id=7 Close triggered with journal_sqn=0 and manifest_sqn=2
2026-09-12 00:25:29.388918+09:00 [info] <0.762.0>@leveled_inker:shutdown_manifest/1:1036 log_ref=i0007 db_id=7 Inker manifest when closing is:
2026-09-12 00:25:29.389650+09:00 [warning] <0.790.0>@leveled_penciller:handle_call/3:1093 log_ref=p0030 db_id=7 We're doomed - intention recorded to destroy all files
2026-09-12 00:25:29.389740+09:00 [info] <0.797.0>@leveled_pclerk:terminate/2:178 log_ref=pc005 db_id=7 Penciller's Clerk <0.797.0> shutdown now complete for reason normal
2026-09-12 00:25:29.393233+09:00 [info] <0.751.0>@leveled_bookie:terminate/2:1803 log_ref=b0003 db_id=7 Bookie closing for reason normal
2026-09-12 00:25:29.393426+09:00 [info] <0.843.0>@aae_treecache:handle_cast/2:354 log_ref=c0004 Destroying tree cache for partition {1278813932664540053428224228626747642198940975104,3}
2026-09-12 00:25:29.393518+09:00 [info] <0.835.0>@aae_treecache:handle_cast/2:354 log_ref=c0004 Destroying tree cache for partition {1096126227998177188652763624537212264741949407232,3}
2026-09-12 00:25:29.393583+09:00 [info] <0.828.0>@aae_treecache:handle_cast/2:354 log_ref=c0004 Destroying tree cache for partition {913438523331814323877303020447676887284957839360,3}
2026-09-12 00:25:29.393756+09:00 [info] <0.725.0>@riak_core_vnode:finish_handoff/2:788 1278813932664540053428224228626747642198940975104 riak_kv_vnode vnode finished handoff and deleted in 8 milliseconds
2026-09-12 00:25:29.759700+09:00 [warning] <0.749.0>@leveled_bookie:handle_call/3:1732 log_ref=b0011 db_id=3 Call to destroy the store and so all files to be removed
2026-09-12 00:25:29.759836+09:00 [warning] <0.761.0>@leveled_inker:handle_call/3:776 log_ref=i0018 db_id=3 We're doomed - intention recorded to destroy all files
2026-09-12 00:25:29.759925+09:00 [info] <0.761.0>@leveled_inker:handle_call/3:780 log_ref=i0005 db_id=3 Inker closing journal for reason doom
2026-09-12 00:25:29.760045+09:00 [info] <0.761.0>@leveled_inker:handle_call/3:782 log_ref=i0006 db_id=3 Close triggered with journal_sqn=0 and manifest_sqn=2
2026-09-12 00:25:29.760154+09:00 [info] <0.761.0>@leveled_inker:shutdown_manifest/1:1036 log_ref=i0007 db_id=3 Inker manifest when closing is:
2026-09-12 00:25:29.760281+09:00 [warning] <0.789.0>@leveled_penciller:handle_call/3:1093 log_ref=p0030 db_id=3 We're doomed - intention recorded to destroy all files
2026-09-12 00:25:29.760369+09:00 [info] <0.798.0>@leveled_pclerk:terminate/2:178 log_ref=pc005 db_id=3 Penciller's Clerk <0.798.0> shutdown now complete for reason normal
2026-09-12 00:25:29.761315+09:00 [info] <0.749.0>@leveled_bookie:terminate/2:1803 log_ref=b0003 db_id=3 Bookie closing for reason normal
2026-09-12 00:25:29.761451+09:00 [info] <0.848.0>@aae_treecache:handle_cast/2:354 log_ref=c0004 Destroying tree cache for partition {548063113999088594326381812268606132370974703616,3}
2026-09-12 00:25:29.761515+09:00 [info] <0.837.0>@aae_treecache:handle_cast/2:354 log_ref=c0004 Destroying tree cache for partition {365375409332725729550921208179070754913983135744,3}
2026-09-12 00:25:29.761567+09:00 [info] <0.826.0>@aae_treecache:handle_cast/2:354 log_ref=c0004 Destroying tree cache for partition {182687704666362864775460604089535377456991567872,3}
2026-09-12 00:25:29.761740+09:00 [info] <0.726.0>@riak_core_vnode:finish_handoff/2:788 548063113999088594326381812268606132370974703616 riak_kv_vnode vnode finished handoff and deleted in 5 milliseconds
2026-09-12 00:25:30.971599+09:00 [warning] <0.746.0>@leveled_bookie:handle_call/3:1732 log_ref=b0011 db_id=5 Call to destroy the store and so all files to be removed
2026-09-12 00:25:30.971754+09:00 [warning] <0.765.0>@leveled_inker:handle_call/3:776 log_ref=i0018 db_id=5 We're doomed - intention recorded to destroy all files
2026-09-12 00:25:30.971841+09:00 [info] <0.765.0>@leveled_inker:handle_call/3:780 log_ref=i0005 db_id=5 Inker closing journal for reason doom
2026-09-12 00:25:30.971937+09:00 [info] <0.765.0>@leveled_inker:handle_call/3:782 log_ref=i0006 db_id=5 Close triggered with journal_sqn=0 and manifest_sqn=2
2026-09-12 00:25:30.972100+09:00 [info] <0.765.0>@leveled_inker:shutdown_manifest/1:1036 log_ref=i0007 db_id=5 Inker manifest when closing is:
2026-09-12 00:25:30.972860+09:00 [warning] <0.786.0>@leveled_penciller:handle_call/3:1093 log_ref=p0030 db_id=5 We're doomed - intention recorded to destroy all files
2026-09-12 00:25:30.972959+09:00 [info] <0.801.0>@leveled_pclerk:terminate/2:178 log_ref=pc005 db_id=5 Penciller's Clerk <0.801.0> shutdown now complete for reason normal
2026-09-12 00:25:30.990888+09:00 [info] <0.746.0>@leveled_bookie:terminate/2:1803 log_ref=b0003 db_id=5 Bookie closing for reason normal
2026-09-12 00:25:30.991103+09:00 [info] <0.847.0>@aae_treecache:handle_cast/2:354 log_ref=c0004 Destroying tree cache for partition {913438523331814323877303020447676887284957839360,3}
2026-09-12 00:25:30.991189+09:00 [info] <0.840.0>@aae_treecache:handle_cast/2:354 log_ref=c0004 Destroying tree cache for partition {730750818665451459101842416358141509827966271488,3}
2026-09-12 00:25:30.991268+09:00 [info] <0.833.0>@aae_treecache:handle_cast/2:354 log_ref=c0004 Destroying tree cache for partition {548063113999088594326381812268606132370974703616,3}
2026-09-12 00:25:30.991489+09:00 [info] <0.723.0>@riak_core_vnode:finish_handoff/2:788 913438523331814323877303020447676887284957839360 riak_kv_vnode vnode finished handoff and deleted in 32 milliseconds
2026-09-12 00:25:32.548929+09:00 [info] <0.384.0>@riak_kv_replrtq_src:handle_info/2:646 QueueName=q1_ttaaefs has queue sizes p1=0 p2=0 p3=0
2026-09-12 00:25:33.332622+09:00 [info] <0.709.0>@riak_core_vnode:finish_handoff/2:788 0 riak_pipe_vnode vnode finished handoff and deleted in 0 milliseconds
2026-09-12 00:25:39.842103+09:00 [info] <0.932.0>@riak_core_vnode:finish_handoff/2:788 730750818665451459101842416358141509827966271488 riak_pipe_vnode vnode finished handoff and deleted in 0 milliseconds
2026-09-12 00:25:40.573338+09:00 [warning] <0.745.0>@leveled_bookie:handle_call/3:1732 log_ref=b0011 db_id=4 Call to destroy the store and so all files to be removed
2026-09-12 00:25:40.573486+09:00 [warning] <0.766.0>@leveled_inker:handle_call/3:776 log_ref=i0018 db_id=4 We're doomed - intention recorded to destroy all files
2026-09-12 00:25:40.573594+09:00 [info] <0.766.0>@leveled_inker:handle_call/3:780 log_ref=i0005 db_id=4 Inker closing journal for reason doom
2026-09-12 00:25:40.573715+09:00 [info] <0.766.0>@leveled_inker:handle_call/3:782 log_ref=i0006 db_id=4 Close triggered with journal_sqn=0 and manifest_sqn=2
2026-09-12 00:25:40.573845+09:00 [info] <0.766.0>@leveled_inker:shutdown_manifest/1:1036 log_ref=i0007 db_id=4 Inker manifest when closing is:
2026-09-12 00:25:40.575013+09:00 [warning] <0.793.0>@leveled_penciller:handle_call/3:1093 log_ref=p0030 db_id=4 We're doomed - intention recorded to destroy all files
2026-09-12 00:25:40.575133+09:00 [info] <0.794.0>@leveled_pclerk:terminate/2:178 log_ref=pc005 db_id=4 Penciller's Clerk <0.794.0> shutdown now complete for reason normal
2026-09-12 00:25:40.581541+09:00 [info] <0.745.0>@leveled_bookie:terminate/2:1803 log_ref=b0003 db_id=4 Bookie closing for reason normal
2026-09-12 00:25:40.581730+09:00 [info] <0.846.0>@aae_treecache:handle_cast/2:354 log_ref=c0004 Destroying tree cache for partition {730750818665451459101842416358141509827966271488,3}
2026-09-12 00:25:40.581806+09:00 [info] <0.839.0>@aae_treecache:handle_cast/2:354 log_ref=c0004 Destroying tree cache for partition {548063113999088594326381812268606132370974703616,3}
2026-09-12 00:25:40.581879+09:00 [info] <0.832.0>@aae_treecache:handle_cast/2:354 log_ref=c0004 Destroying tree cache for partition {365375409332725729550921208179070754913983135744,3}
2026-09-12 00:25:40.582060+09:00 [info] <0.719.0>@riak_core_vnode:finish_handoff/2:788 730750818665451459101842416358141509827966271488 riak_kv_vnode vnode finished handoff and deleted in 20 milliseconds
2026-09-12 00:25:43.231878+09:00 [info] <0.752.0>@leveled_monitor:handle_cast/2:551 log_ref=b0017 db_id=0 Snapshot timing with sample_count=0 and bookie_time=0 pcl_time=0 with sample_period=92 seconds
2026-09-12 00:25:47.938895+09:00 [warning] <0.748.0>@leveled_bookie:handle_call/3:1732 log_ref=b0011 db_id=1 Call to destroy the store and so all files to be removed
2026-09-12 00:25:47.939716+09:00 [warning] <0.760.0>@leveled_inker:handle_call/3:776 log_ref=i0018 db_id=1 We're doomed - intention recorded to destroy all files
2026-09-12 00:25:47.939805+09:00 [info] <0.760.0>@leveled_inker:handle_call/3:780 log_ref=i0005 db_id=1 Inker closing journal for reason doom
2026-09-12 00:25:47.939873+09:00 [info] <0.760.0>@leveled_inker:handle_call/3:782 log_ref=i0006 db_id=1 Close triggered with journal_sqn=0 and manifest_sqn=2
2026-09-12 00:25:47.939974+09:00 [info] <0.760.0>@leveled_inker:shutdown_manifest/1:1036 log_ref=i0007 db_id=1 Inker manifest when closing is:
2026-09-12 00:25:47.942178+09:00 [warning] <0.791.0>@leveled_penciller:handle_call/3:1093 log_ref=p0030 db_id=1 We're doomed - intention recorded to destroy all files
2026-09-12 00:25:47.943418+09:00 [info] <0.796.0>@leveled_pclerk:terminate/2:178 log_ref=pc005 db_id=1 Penciller's Clerk <0.796.0> shutdown now complete for reason normal
2026-09-12 00:25:47.947720+09:00 [info] <0.748.0>@leveled_bookie:terminate/2:1803 log_ref=b0003 db_id=1 Bookie closing for reason normal
2026-09-12 00:25:47.947937+09:00 [info] <0.849.0>@aae_treecache:handle_cast/2:354 log_ref=c0004 Destroying tree cache for partition {182687704666362864775460604089535377456991567872,3}
2026-09-12 00:25:47.948007+09:00 [info] <0.841.0>@aae_treecache:handle_cast/2:354 log_ref=c0004 Destroying tree cache for partition {0,3}
2026-09-12 00:25:47.948066+09:00 [info] <0.830.0>@aae_treecache:handle_cast/2:354 log_ref=c0004 Destroying tree cache for partition {1278813932664540053428224228626747642198940975104,3}
2026-09-12 00:25:47.948218+09:00 [info] <0.721.0>@riak_core_vnode:finish_handoff/2:788 182687704666362864775460604089535377456991567872 riak_kv_vnode vnode finished handoff and deleted in 14 milliseconds
2026-09-12 00:25:49.296139+09:00 [info] <0.923.0>@riak_core_vnode:finish_handoff/2:788 182687704666362864775460604089535377456991567872 riak_pipe_vnode vnode finished handoff and deleted in 0 milliseconds
2026-09-12 00:25:59.095976+09:00 [info] <0.576.0>@riak_core_worker_pool:handle_info/3:257 worker_pool=af4_pool has qlen=0 and no items checked out
2026-09-12 00:25:59.358034+09:00 [info] <0.569.0>@riak_core_worker_pool:handle_info/3:257 worker_pool=af3_pool has qlen=0 and no items checked out
2026-09-12 00:25:59.989021+09:00 [info] <0.560.0>@riak_core_worker_pool:handle_info/3:257 worker_pool=af1_pool has qlen=0 and no items checked out
2026-09-12 00:26:01.272027+09:00 [info] <0.565.0>@riak_core_worker_pool:handle_info/3:257 worker_pool=af2_pool has qlen=0 and no items checked out
2026-09-12 00:26:02.176337+09:00 [info] <0.580.0>@riak_core_worker_pool:handle_info/3:257 worker_pool=be_pool has qlen=0 and no items checked out
2026-09-12 00:26:02.553255+09:00 [info] <0.384.0>@riak_kv_replrtq_src:handle_info/2:646 QueueName=q1_ttaaefs has queue sizes p1=0 p2=0 p3=0
2026-09-12 00:26:02.596047+09:00 [info] <0.387.0>@riak_kv_overflow_queue:log/5:129 riak_kv_reaper job_id=0 has attempts=0 aborts=0 Queue lengths queue_p2=0 queue_p1=0 Overflow lengths overflow_p2=0 overflow_p1=0 Discard counts discard_p2=0 discard_p1=0
2026-09-12 00:26:02.606511+09:00 [info] <0.388.0>@riak_kv_overflow_queue:log/5:129 riak_kv_eraser job_id=0 has attempts=0 aborts=0 Queue lengths queue_p2=0 queue_p1=0 Overflow lengths overflow_p2=0 overflow_p1=0 Discard counts discard_p2=0 discard_p1=0
2026-09-12 00:26:02.606947+09:00 [info] <0.389.0>@riak_kv_overflow_queue:log/5:129 riak_kv_reader job_id=0 has attempts=0 aborts=0 Queue lengths queue_p2=0 queue_p1=0 Overflow lengths overflow_p2=0 overflow_p1=0 Discard counts discard_p2=0 discard_p1=0
2026-09-12 00:26:05.528185+09:00 [warning] <0.744.0>@leveled_bookie:handle_call/3:1732 log_ref=b0011 db_id=0 Call to destroy the store and so all files to be removed
2026-09-12 00:26:05.528327+09:00 [warning] <0.764.0>@leveled_inker:handle_call/3:776 log_ref=i0018 db_id=0 We're doomed - intention recorded to destroy all files
2026-09-12 00:26:05.528385+09:00 [info] <0.764.0>@leveled_inker:handle_call/3:780 log_ref=i0005 db_id=0 Inker closing journal for reason doom
2026-09-12 00:26:05.528458+09:00 [info] <0.764.0>@leveled_inker:handle_call/3:782 log_ref=i0006 db_id=0 Close triggered with journal_sqn=0 and manifest_sqn=2
2026-09-12 00:26:05.528560+09:00 [info] <0.764.0>@leveled_inker:shutdown_manifest/1:1036 log_ref=i0007 db_id=0 Inker manifest when closing is:
2026-09-12 00:26:05.529194+09:00 [warning] <0.788.0>@leveled_penciller:handle_call/3:1093 log_ref=p0030 db_id=0 We're doomed - intention recorded to destroy all files
2026-09-12 00:26:05.529270+09:00 [info] <0.799.0>@leveled_pclerk:terminate/2:178 log_ref=pc005 db_id=0 Penciller's Clerk <0.799.0> shutdown now complete for reason normal
2026-09-12 00:26:05.538923+09:00 [info] <0.744.0>@leveled_bookie:terminate/2:1803 log_ref=b0003 db_id=0 Bookie closing for reason normal
2026-09-12 00:26:05.539121+09:00 [info] <0.842.0>@aae_treecache:handle_cast/2:354 log_ref=c0004 Destroying tree cache for partition {0,3}
2026-09-12 00:26:05.539263+09:00 [info] <0.827.0>@aae_treecache:handle_cast/2:354 log_ref=c0004 Destroying tree cache for partition {1096126227998177188652763624537212264741949407232,3}
2026-09-12 00:26:05.539226+09:00 [info] <0.834.0>@aae_treecache:handle_cast/2:354 log_ref=c0004 Destroying tree cache for partition {1278813932664540053428224228626747642198940975104,3}
2026-09-12 00:26:05.539346+09:00 [info] <0.720.0>@riak_core_vnode:finish_handoff/2:788 0 riak_kv_vnode vnode finished handoff and deleted in 19 milliseconds
2026-09-12 00:26:12.431217+09:00 [info] <0.754.0>@leveled_monitor:handle_cast/2:551 log_ref=b0017 db_id=6 Snapshot timing with sample_count=1 and bookie_time=2 pcl_time=118 with sample_period=121 seconds
2026-09-12 00:26:16.096548+09:00 [info] <0.757.0>@leveled_monitor:handle_cast/2:515 log_ref=b0018 db_id=2 Positive HEAD responses timed with sample_count=0 and cache_count=0 found_count=0 fetch_ledger_time=0 fetch_ledgercache_time=0 rsp_time=0 notfound_time=0 with sample_period=125 seconds
2026-09-12 00:26:32.553967+09:00 [info] <0.384.0>@riak_kv_replrtq_src:handle_info/2:646 QueueName=q1_ttaaefs has queue sizes p1=0 p2=0 p3=0
2026-09-12 00:26:42.432024+09:00 [info] <0.754.0>@leveled_monitor:handle_cast/2:625 log_ref=cdb19 db_id=6 Sample timings in microseconds for sample_count=0 with totals of cycle_count=0 index_time=0 read_time=0 with sample_period=151 seconds
2026-09-12 00:26:43.741821+09:00 [info] <0.608.0>@riak_repl_app:prep_stop/1:336 Redirecting realtime replication traffic
2026-09-12 00:26:43.762376+09:00 [info] <0.82.0>@supervisor:report_progress/2:1582 Supervisor: {local,kernel_safe_sup}. Started: id=riak_repl2_rtq_proxy,pid=<0.4052.0>.
2026-09-12 00:26:43.762563+09:00 [info] <0.608.0>@riak_repl_app:prep_stop/1:339 Stopping application riak_repl - marked service down.
2026-09-12 00:26:43.766506+09:00 [info] <0.4053.0>@riak_repl_migration:init/0:33 Riak replication migration server started
2026-09-12 00:26:43.766638+09:00 [info] <0.608.0>@riak_repl_app:prep_stop/1:343 Started migration server
2026-09-12 00:26:43.766732+09:00 [info] <0.4053.0>@riak_repl_migration:handle_call/3:37 Realtime Repl queue migration sleeping
2026-09-12 00:26:43.867098+09:00 [info] <0.4053.0>@riak_repl_migration:handle_info/2:50 Queue empty, no replication queue migration required
2026-09-12 00:26:44.870414+09:00 [info] <0.608.0>@riak_repl_app:stop/1:139 Stopped application riak_repl
2026-09-12 00:26:44.880558+09:00 [info] <0.356.0>@riak_kv_app:prep_stop/1:275 Stopping application riak_kv - marked service down.
2026-09-12 00:26:44.881700+09:00 [info] <0.356.0>@riak_kv_app:prep_stop/1:279 Unregistered pb services
2026-09-12 00:26:44.885864+09:00 [info] <0.356.0>@riak_kv_app:prep_stop/1:284 unregistered webmachine routes
2026-09-12 00:26:44.886199+09:00 [info] <0.356.0>@riak_kv_app:prep_stop/1:286 all active put FSMs completed
2026-09-12 00:26:44.887096+09:00 [info] <0.356.0>@riak_kv_app:stop/1:297 Stopped  application riak_kv.
2026-09-12 00:26:44.904931+09:00 [info] <0.763.0>@leveled_inker:handle_call/3:780 log_ref=i0005 db_id=2 Inker closing journal for reason close
2026-09-12 00:26:44.905193+09:00 [info] <0.763.0>@leveled_inker:handle_call/3:782 log_ref=i0006 db_id=2 Close triggered with journal_sqn=0 and manifest_sqn=2
2026-09-12 00:26:44.904931+09:00 [info] <0.767.0>@leveled_inker:handle_call/3:780 log_ref=i0005 db_id=6 Inker closing journal for reason close
2026-09-12 00:26:44.905485+09:00 [info] <0.763.0>@leveled_inker:shutdown_manifest/1:1036 log_ref=i0007 db_id=2 Inker manifest when closing is:
2026-09-12 00:26:44.905627+09:00 [info] <0.767.0>@leveled_inker:handle_call/3:782 log_ref=i0006 db_id=6 Close triggered with journal_sqn=0 and manifest_sqn=2
2026-09-12 00:26:44.906159+09:00 [info] <0.767.0>@leveled_inker:shutdown_manifest/1:1036 log_ref=i0007 db_id=6 Inker manifest when closing is:
2026-09-12 00:26:44.906508+09:00 [info] <0.795.0>@leveled_pclerk:terminate/2:178 log_ref=pc005 db_id=2 Penciller's Clerk <0.795.0> shutdown now complete for reason normal
2026-09-12 00:26:44.906831+09:00 [info] <0.792.0>@leveled_penciller:handle_call/3:1068 log_ref=p0008 db_id=2 Penciller closing for reason close
2026-09-12 00:26:44.906990+09:00 [info] <0.792.0>@leveled_penciller:handle_call/3:1084 log_ref=p0010 db_id=2 level zero discarded_count=0 on close of Penciller
2026-09-12 00:26:44.907036+09:00 [info] <0.800.0>@leveled_pclerk:terminate/2:178 log_ref=pc005 db_id=6 Penciller's Clerk <0.800.0> shutdown now complete for reason normal
2026-09-12 00:26:44.907384+09:00 [info] <0.747.0>@leveled_bookie:terminate/2:1803 log_ref=b0003 db_id=2 Bookie closing for reason normal
2026-09-12 00:26:44.907475+09:00 [info] <0.787.0>@leveled_penciller:handle_call/3:1068 log_ref=p0008 db_id=6 Penciller closing for reason close
2026-09-12 00:26:44.908062+09:00 [info] <0.787.0>@leveled_penciller:handle_call/3:1084 log_ref=p0010 db_id=6 level zero discarded_count=0 on close of Penciller
2026-09-12 00:26:44.908669+09:00 [info] <0.750.0>@leveled_bookie:terminate/2:1803 log_ref=b0003 db_id=6 Bookie closing for reason normal
2026-09-12 00:26:45.004214+09:00 [info] <0.844.0>@aae_treecache:save_to_disk/3:403 log_ref=c0003 Saving tree cache to path /var/lib/riak/tictac_aae/365375409332725729550921208179070754913983135744/aaetree/365375409332725729550921208179070754913983135744_3/ and filename 1.pnd
2026-09-12 00:26:45.005858+09:00 [info] <0.845.0>@aae_treecache:save_to_disk/3:403 log_ref=c0003 Saving tree cache to path /var/lib/riak/tictac_aae/1096126227998177188652763624537212264741949407232/aaetree/1096126227998177188652763624537212264741949407232_3/ and filename 1.pnd
2026-09-12 00:26:45.038407+09:00 [info] <0.836.0>@aae_treecache:save_to_disk/3:403 log_ref=c0003 Saving tree cache to path /var/lib/riak/tictac_aae/365375409332725729550921208179070754913983135744/aaetree/182687704666362864775460604089535377456991567872_3/ and filename 1.pnd
2026-09-12 00:26:45.038833+09:00 [info] <0.838.0>@aae_treecache:save_to_disk/3:403 log_ref=c0003 Saving tree cache to path /var/lib/riak/tictac_aae/1096126227998177188652763624537212264741949407232/aaetree/913438523331814323877303020447676887284957839360_3/ and filename 1.pnd
2026-09-12 00:26:45.067744+09:00 [info] <0.829.0>@aae_treecache:save_to_disk/3:403 log_ref=c0003 Saving tree cache to path /var/lib/riak/tictac_aae/365375409332725729550921208179070754913983135744/aaetree/0_3/ and filename 1.pnd
2026-09-12 00:26:45.069468+09:00 [info] <0.831.0>@aae_treecache:save_to_disk/3:403 log_ref=c0003 Saving tree cache to path /var/lib/riak/tictac_aae/1096126227998177188652763624537212264741949407232/aaetree/730750818665451459101842416358141509827966271488_3/ and filename 1.pnd
2026-09-12 00:26:45.070968+09:00 [info] <0.211.0>@riak_core_app:stop/1:118 Stopped  application riak_core.
2026-09-12 00:26:45.075887+09:00 [notice] <0.140.0>@: alarm_handler: {clear,system_memory_high_watermark}
