2026-09-12 00:18:39.841378+09:00 [info] <0.44.0>@application_controller:info_started/2:2130 Application: kernel. Started at: 'openriak-kv@node-01.cluster-a.openriak'.
2026-09-12 00:18:39.862810+09:00 [info] <0.44.0>@application_controller:info_started/2:2130 Application: stdlib. Started at: 'openriak-kv@node-01.cluster-a.openriak'.
2026-09-12 00:18:39.862968+09:00 [info] <0.44.0>@application_controller:info_started/2:2130 Application: asn1. Started at: 'openriak-kv@node-01.cluster-a.openriak'.
2026-09-12 00:18:39.863835+09:00 [info] <0.44.0>@application_controller:info_started/2:2130 Application: crypto. Started at: 'openriak-kv@node-01.cluster-a.openriak'.
2026-09-12 00:18:39.864022+09:00 [info] <0.44.0>@application_controller:info_started/2:2130 Application: public_key. Started at: 'openriak-kv@node-01.cluster-a.openriak'.
2026-09-12 00:18:39.877260+09:00 [info] <0.77.0>@supervisor:report_progress/2:1582 Supervisor: {local,logger_sup}. Started: id=ssl_handler,pid=<0.100.0>.
2026-09-12 00:18:39.896158+09:00 [info] <0.103.0>@supervisor:report_progress/2:1582 Supervisor: {local,ssl_admin_sup}. Started: id=ssl_pem_cache,pid=<0.104.0>.
2026-09-12 00:18:39.909564+09:00 [info] <0.103.0>@supervisor:report_progress/2:1582 Supervisor: {local,ssl_admin_sup}. Started: id=ssl_manager,pid=<0.105.0>.
2026-09-12 00:18:39.918071+09:00 [info] <0.103.0>@supervisor:report_progress/2:1582 Supervisor: {local,ssl_admin_sup}. Started: id=tls_client_ticket_store,pid=<0.106.0>.
2026-09-12 00:18:39.918224+09:00 [info] <0.102.0>@supervisor:report_progress/2:1582 Supervisor: {local,ssl_sup}. Started: id=ssl_admin_sup,pid=<0.103.0>.
2026-09-12 00:18:39.926198+09:00 [info] <0.108.0>@supervisor:report_progress/2:1582 Supervisor: {local,tls_sup}. Started: id=tls_connection_sup,pid=<0.109.0>.
2026-09-12 00:18:39.931246+09:00 [info] <0.110.0>@supervisor:report_progress/2:1582 Supervisor: {local,tls_server_sup}. Started: id=ssl_listen_tracker_sup,pid=<0.111.0>.
2026-09-12 00:18:39.935871+09:00 [info] <0.110.0>@supervisor:report_progress/2:1582 Supervisor: {local,tls_server_sup}. Started: id=tls_server_session_ticket,pid=<0.112.0>.
2026-09-12 00:18:39.943620+09:00 [info] <0.110.0>@supervisor:report_progress/2:1582 Supervisor: {local,tls_server_sup}. Started: id=ssl_server_session_cache_sup,pid=<0.113.0>.
2026-09-12 00:18:39.945202+09:00 [info] <0.110.0>@supervisor:report_progress/2:1582 Supervisor: {local,tls_server_sup}. Started: id=ssl_upgrade_server_session_cache_sup,pid=<0.114.0>.
2026-09-12 00:18:39.945318+09:00 [info] <0.108.0>@supervisor:report_progress/2:1582 Supervisor: {local,tls_sup}. Started: id=tls_server_sup,pid=<0.110.0>.
2026-09-12 00:18:39.946326+09:00 [info] <0.107.0>@supervisor:report_progress/2:1582 Supervisor: {local,ssl_connection_sup}. Started: id=tls_sup,pid=<0.108.0>.
2026-09-12 00:18:39.953194+09:00 [info] <0.115.0>@supervisor:report_progress/2:1582 Supervisor: {local,dtls_sup}. Started: id=dtls_connection_sup,pid=<0.116.0>.
2026-09-12 00:18:39.957166+09:00 [info] <0.117.0>@supervisor:report_progress/2:1582 Supervisor: {local,dtls_server_sup}. Started: id=dtls_listener_sup,pid=<0.118.0>.
2026-09-12 00:18:39.959055+09:00 [info] <0.117.0>@supervisor:report_progress/2:1582 Supervisor: {local,dtls_server_sup}. Started: id=dtls_server_session_cache_sup,pid=<0.119.0>.
2026-09-12 00:18:39.959166+09:00 [info] <0.115.0>@supervisor:report_progress/2:1582 Supervisor: {local,dtls_sup}. Started: id=dtls_server_sup,pid=<0.117.0>.
2026-09-12 00:18:39.959244+09:00 [info] <0.107.0>@supervisor:report_progress/2:1582 Supervisor: {local,ssl_connection_sup}. Started: id=dtls_sup,pid=<0.115.0>.
2026-09-12 00:18:39.959316+09:00 [info] <0.102.0>@supervisor:report_progress/2:1582 Supervisor: {local,ssl_sup}. Started: id=ssl_connection_sup,pid=<0.107.0>.
2026-09-12 00:18:39.959408+09:00 [info] <0.44.0>@application_controller:info_started/2:2130 Application: ssl. Started at: 'openriak-kv@node-01.cluster-a.openriak'.
2026-09-12 00:18:39.959584+09:00 [info] <0.44.0>@application_controller:info_started/2:2130 Application: hut. Started at: 'openriak-kv@node-01.cluster-a.openriak'.
2026-09-12 00:18:39.966022+09:00 [info] <0.124.0>@supervisor:report_progress/2:1582 Supervisor: {local,setup_sup}. Started: id=setup_srv,pid=<0.125.0>.
2026-09-12 00:18:39.976710+09:00 [notice] <0.125.0>@: Setup running ...
2026-09-12 00:18:39.981413+09:00 [notice] <0.125.0>@: Directories verified. Res = ok
2026-09-12 00:18:39.992197+09:00 [notice] <0.125.0>@: Setup finished processing hooks (Mode=normal)...
2026-09-12 00:18:39.994307+09:00 [info] <0.44.0>@application_controller:info_started/2:2130 Application: setup. Started at: 'openriak-kv@node-01.cluster-a.openriak'.
2026-09-12 00:18:39.994644+09:00 [info] <0.44.0>@application_controller:info_started/2:2130 Application: syntax_tools. Started at: 'openriak-kv@node-01.cluster-a.openriak'.
2026-09-12 00:18:39.994812+09:00 [info] <0.44.0>@application_controller:info_started/2:2130 Application: compiler. Started at: 'openriak-kv@node-01.cluster-a.openriak'.
2026-09-12 00:18:39.994945+09:00 [info] <0.44.0>@application_controller:info_started/2:2130 Application: parse_trans. Started at: 'openriak-kv@node-01.cluster-a.openriak'.
2026-09-12 00:18:40.021484+09:00 [info] <0.132.0>@supervisor:report_progress/2:1582 Supervisor: {local,exometer_core_sup}. Started: id=exometer_admin,pid=<0.133.0>.
2026-09-12 00:18:40.025833+09:00 [info] <0.132.0>@supervisor:report_progress/2:1582 Supervisor: {local,exometer_core_sup}. Started: id=exometer_cache,pid=<0.134.0>.
2026-09-12 00:18:40.035669+09:00 [info] <0.132.0>@supervisor:report_progress/2:1582 Supervisor: {local,exometer_core_sup}. Started: id=exometer_report,pid=<0.135.0>.
2026-09-12 00:18:40.038477+09:00 [info] <0.132.0>@supervisor:report_progress/2:1582 Supervisor: {local,exometer_core_sup}. Started: id=exometer_report_logger_sup,pid=<0.136.0>.
2026-09-12 00:18:40.045188+09:00 [info] <0.132.0>@supervisor:report_progress/2:1582 Supervisor: {local,exometer_core_sup}. Started: id=exometer_alias,pid=<0.137.0>.
2026-09-12 00:18:40.045567+09:00 [info] <0.135.0>@exometer_report:do_start_reporters/1:695 Starting reporters with []
2026-09-12 00:18:40.045869+09:00 [info] <0.44.0>@application_controller:info_started/2:2130 Application: exometer_core. Started at: 'openriak-kv@node-01.cluster-a.openriak'.
2026-09-12 00:18:40.057825+09:00 [info] <0.142.0>@supervisor:report_progress/2:1582 Supervisor: {local,sasl_safe_sup}. Started: id=alarm_handler,pid=<0.143.0>.
2026-09-12 00:18:40.057954+09:00 [info] <0.141.0>@supervisor:report_progress/2:1582 Supervisor: {local,sasl_sup}. Started: id=sasl_safe_sup,pid=<0.142.0>.
2026-09-12 00:18:40.079071+09:00 [info] <0.141.0>@supervisor:report_progress/2:1582 Supervisor: {local,sasl_sup}. Started: id=release_handler,pid=<0.144.0>.
2026-09-12 00:18:40.079902+09:00 [info] <0.44.0>@application_controller:info_started/2:2130 Application: sasl. Started at: 'openriak-kv@node-01.cluster-a.openriak'.
2026-09-12 00:18:40.088312+09:00 [info] <0.49.0>@supervisor:report_progress/2:1582 Supervisor: {local,kernel_sup}. Started: id=timer_server,pid=<0.151.0>.
2026-09-12 00:18:40.088455+09:00 [info] <0.149.0>@supervisor:report_progress/2:1582 Supervisor: {local,riak_sysmon_sup}. Started: id=riak_sysmon_filter,pid=<0.150.0>.
2026-09-12 00:18:40.088542+09:00 [info] <0.149.0>@supervisor:report_progress/2:1582 Supervisor: {local,riak_sysmon_sup}. Started: id=riak_sysmon_mgr,pid=<0.153.0>.
2026-09-12 00:18:40.088654+09:00 [info] <0.44.0>@application_controller:info_started/2:2130 Application: riak_sysmon. Started at: 'openriak-kv@node-01.cluster-a.openriak'.
2026-09-12 00:18:40.100276+09:00 [info] <0.157.0>@supervisor:report_progress/2:1582 Supervisor: {local,os_mon_sup}. Started: id=disksup,pid=<0.158.0>.
2026-09-12 00:18:40.113875+09:00 [info] <0.157.0>@supervisor:report_progress/2:1582 Supervisor: {local,os_mon_sup}. Started: id=memsup,pid=<0.159.0>.
2026-09-12 00:18:40.124906+09:00 [info] <0.157.0>@supervisor:report_progress/2:1582 Supervisor: {local,os_mon_sup}. Started: id=cpu_sup,pid=<0.161.0>.
2026-09-12 00:18:40.125578+09:00 [info] <0.44.0>@application_controller:info_started/2:2130 Application: os_mon. Started at: 'openriak-kv@node-01.cluster-a.openriak'.
2026-09-12 00:18:40.125834+09:00 [info] <0.44.0>@application_controller:info_started/2:2130 Application: observer. Started at: 'openriak-kv@node-01.cluster-a.openriak'.
2026-09-12 00:18:40.131399+09:00 [notice] <0.143.0>@: alarm_handler: {set,{system_memory_high_watermark,[]}}
2026-09-12 00:18:40.151813+09:00 [info] <0.168.0>@supervisor:report_progress/2:1582 Supervisor: {local,runtime_tools_sup}. Started: id=ttb_autostart,pid=<0.169.0>.
2026-09-12 00:18:40.151984+09:00 [info] <0.44.0>@application_controller:info_started/2:2130 Application: runtime_tools. Started at: 'openriak-kv@node-01.cluster-a.openriak'.
2026-09-12 00:18:40.152244+09:00 [info] <0.44.0>@application_controller:info_started/2:2130 Application: xmerl. Started at: 'openriak-kv@node-01.cluster-a.openriak'.
2026-09-12 00:18:40.189196+09:00 [info] <0.178.0>@supervisor:report_progress/2:1582 Supervisor: {local,httpc_profile_sup}. Started: id=httpc_manager,pid=<0.180.0>.
2026-09-12 00:18:40.189355+09:00 [info] <0.177.0>@supervisor:report_progress/2:1582 Supervisor: {local,httpc_sup}. Started: id=httpc_profile_sup,pid=<0.178.0>.
2026-09-12 00:18:40.193827+09:00 [info] <0.177.0>@supervisor:report_progress/2:1582 Supervisor: {local,httpc_sup}. Started: id=httpc_handler_sup,pid=<0.181.0>.
2026-09-12 00:18:40.193947+09:00 [info] <0.176.0>@supervisor:report_progress/2:1582 Supervisor: {local,inets_sup}. Started: id=httpc_sup,pid=<0.177.0>.
2026-09-12 00:18:40.198504+09:00 [info] <0.176.0>@supervisor:report_progress/2:1582 Supervisor: {local,inets_sup}. Started: id=httpd_sup,pid=<0.182.0>.
2026-09-12 00:18:40.199058+09:00 [info] <0.44.0>@application_controller:info_started/2:2130 Application: inets. Started at: 'openriak-kv@node-01.cluster-a.openriak'.
2026-09-12 00:18:40.199272+09:00 [info] <0.44.0>@application_controller:info_started/2:2130 Application: mochiweb. Started at: 'openriak-kv@node-01.cluster-a.openriak'.
2026-09-12 00:18:40.213888+09:00 [info] <0.187.0>@supervisor:report_progress/2:1582 Supervisor: {local,webmachine_sup}. Started: id=webmachine_logger,pid=<0.188.0>.
2026-09-12 00:18:40.216224+09:00 [info] <0.187.0>@supervisor:report_progress/2:1582 Supervisor: {local,webmachine_sup}. Started: id=webmachine_logger_watcher_sup,pid=<0.189.0>.
2026-09-12 00:18:40.220056+09:00 [info] <0.187.0>@supervisor:report_progress/2:1582 Supervisor: {local,webmachine_sup}. Started: id=webmachine_router,pid=<0.190.0>.
2026-09-12 00:18:40.220219+09:00 [info] <0.44.0>@application_controller:info_started/2:2130 Application: webmachine. Started at: 'openriak-kv@node-01.cluster-a.openriak'.
2026-09-12 00:18:40.220475+09:00 [info] <0.44.0>@application_controller:info_started/2:2130 Application: basho_stats. Started at: 'openriak-kv@node-01.cluster-a.openriak'.
2026-09-12 00:18:40.229091+09:00 [info] <0.195.0>@supervisor:report_progress/2:1582 Supervisor: {local,bitcask_sup}. Started: id=bitcask_merge_worker,pid=<0.196.0>.
2026-09-12 00:18:40.232458+09:00 [info] <0.195.0>@supervisor:report_progress/2:1582 Supervisor: {local,bitcask_sup}. Started: id=bitcask_merge_delete,pid=<0.197.0>.
2026-09-12 00:18:40.232584+09:00 [info] <0.44.0>@application_controller:info_started/2:2130 Application: bitcask. Started at: 'openriak-kv@node-01.cluster-a.openriak'.
2026-09-12 00:18:40.232806+09:00 [info] <0.44.0>@application_controller:info_started/2:2130 Application: getopt. Started at: 'openriak-kv@node-01.cluster-a.openriak'.
2026-09-12 00:18:40.232947+09:00 [info] <0.44.0>@application_controller:info_started/2:2130 Application: cuttlefish. Started at: 'openriak-kv@node-01.cluster-a.openriak'.
2026-09-12 00:18:40.262320+09:00 [info] <0.203.0>@supervisor:report_progress/2:1582 Supervisor: {local,clique_sup}. Started: id=clique_manager,pid=<0.204.0>.
2026-09-12 00:18:40.262547+09:00 [info] <0.44.0>@application_controller:info_started/2:2130 Application: clique. Started at: 'openriak-kv@node-01.cluster-a.openriak'.
2026-09-12 00:18:40.262735+09:00 [info] <0.44.0>@application_controller:info_started/2:2130 Application: eleveldb. Started at: 'openriak-kv@node-01.cluster-a.openriak'.
2026-09-12 00:18:40.262936+09:00 [info] <0.44.0>@application_controller:info_started/2:2130 Application: pbkdf2. Started at: 'openriak-kv@node-01.cluster-a.openriak'.
2026-09-12 00:18:40.263111+09:00 [info] <0.44.0>@application_controller:info_started/2:2130 Application: poolboy. Started at: 'openriak-kv@node-01.cluster-a.openriak'.
2026-09-12 00:18:40.272568+09:00 [info] <0.44.0>@application_controller:info_started/2:2130 Application: cluster_info. Started at: 'openriak-kv@node-01.cluster-a.openriak'.
2026-09-12 00:18:40.320337+09:00 [info] <0.215.0>@supervisor:report_progress/2:1582 Supervisor: {local,riak_core_sup}. Started: id=riak_core_bg_manager,pid=<0.216.0>.
2026-09-12 00:18:40.327292+09:00 [info] <0.215.0>@supervisor:report_progress/2:1582 Supervisor: {local,riak_core_sup}. Started: id=riak_core_sysmon_minder,pid=<0.217.0>.
2026-09-12 00:18:40.329563+09:00 [info] <0.215.0>@supervisor:report_progress/2:1582 Supervisor: {local,riak_core_sup}. Started: id=riak_core_vnode_sup,pid=<0.218.0>.
2026-09-12 00:18:40.332213+09:00 [info] <0.215.0>@supervisor:report_progress/2:1582 Supervisor: {local,riak_core_sup}. Started: id=riak_core_eventhandler_sup,pid=<0.219.0>.
2026-09-12 00:18:40.335089+09:00 [info] <0.215.0>@supervisor:report_progress/2:1582 Supervisor: {local,riak_core_sup}. Started: id=riak_core_dist_mon,pid=<0.220.0>.
2026-09-12 00:18:40.338947+09:00 [info] <0.221.0>@supervisor:report_progress/2:1582 Supervisor: {local,riak_core_handoff_sup}. Started: id=riak_core_handoff_receiver_sup,pid=<0.222.0>.
2026-09-12 00:18:40.341149+09:00 [info] <0.221.0>@supervisor:report_progress/2:1582 Supervisor: {local,riak_core_handoff_sup}. Started: id=riak_core_handoff_sender_sup,pid=<0.223.0>.
2026-09-12 00:18:40.353257+09:00 [info] <0.224.0>@supervisor:report_progress/2:1582 Supervisor: {local,riak_core_handoff_listener_sup}. Started: id=riak_core_handoff_listener,pid=<0.225.0>.
2026-09-12 00:18:40.353402+09:00 [info] <0.221.0>@supervisor:report_progress/2:1582 Supervisor: {local,riak_core_handoff_sup}. Started: id=riak_core_handoff_listener_sup,pid=<0.224.0>.
2026-09-12 00:18:40.361261+09:00 [info] <0.221.0>@supervisor:report_progress/2:1582 Supervisor: {local,riak_core_handoff_sup}. Started: id=riak_core_handoff_manager,pid=<0.227.0>.
2026-09-12 00:18:40.361403+09:00 [info] <0.215.0>@supervisor:report_progress/2:1582 Supervisor: {local,riak_core_sup}. Started: id=riak_core_handoff_sup,pid=<0.221.0>.
2026-09-12 00:18:40.364692+09:00 [info] <0.215.0>@supervisor:report_progress/2:1582 Supervisor: {local,riak_core_sup}. Started: id=riak_core_ring_events,pid=<0.228.0>.
2026-09-12 00:18:40.685658+09:00 [warning] <0.229.0>@riak_core_ring_manager:reload_ring/1:388 No ring file available.
2026-09-12 00:18:40.721307+09:00 [info] <0.215.0>@supervisor:report_progress/2:1582 Supervisor: {local,riak_core_sup}. Started: id=riak_core_ring_manager,pid=<0.229.0>.
2026-09-12 00:18:40.748719+09:00 [info] <0.82.0>@supervisor:report_progress/2:1582 Supervisor: {local,kernel_safe_sup}. Started: id=dets_sup,pid=<0.236.0>.
2026-09-12 00:18:40.748898+09:00 [info] <0.82.0>@supervisor:report_progress/2:1582 Supervisor: {local,kernel_safe_sup}. Started: id=dets,pid=<0.237.0>.
2026-09-12 00:18:40.773411+09:00 [info] <0.215.0>@supervisor:report_progress/2:1582 Supervisor: {local,riak_core_sup}. Started: id=riak_core_metadata_manager,pid=<0.235.0>.
2026-09-12 00:18:40.871729+09:00 [info] <0.215.0>@supervisor:report_progress/2:1582 Supervisor: {local,riak_core_sup}. Started: id=riak_core_metadata_hashtree,pid=<0.240.0>.
2026-09-12 00:18:40.874549+09:00 [info] <0.215.0>@supervisor:report_progress/2:1582 Supervisor: {local,riak_core_sup}. Started: id=riak_core_broadcast,pid=<0.243.0>.
2026-09-12 00:18:40.876615+09:00 [info] <0.215.0>@supervisor:report_progress/2:1582 Supervisor: {local,riak_core_sup}. Started: id=riak_core_vnode_proxy_sup,pid=<0.244.0>.
2026-09-12 00:18:40.878518+09:00 [info] <0.215.0>@supervisor:report_progress/2:1582 Supervisor: {local,riak_core_sup}. Started: id=riak_core_node_watcher_events,pid=<0.245.0>.
2026-09-12 00:18:40.881657+09:00 [info] <0.215.0>@supervisor:report_progress/2:1582 Supervisor: {local,riak_core_sup}. Started: id=riak_core_node_watcher,pid=<0.246.0>.
2026-09-12 00:18:40.886181+09:00 [info] <0.215.0>@supervisor:report_progress/2:1582 Supervisor: {local,riak_core_sup}. Started: id=riak_core_vnode_manager,pid=<0.247.0>.
2026-09-12 00:18:40.888660+09:00 [info] <0.215.0>@supervisor:report_progress/2:1582 Supervisor: {local,riak_core_sup}. Started: id=riak_core_capability,pid=<0.248.0>.
2026-09-12 00:18:40.888824+09:00 [info] <0.215.0>@supervisor:report_progress/2:1582 Supervisor: {local,riak_core_sup}. Started: id=riak_core_gossip,pid=<0.249.0>.
2026-09-12 00:18:40.893286+09:00 [info] <0.215.0>@supervisor:report_progress/2:1582 Supervisor: {local,riak_core_sup}. Started: id=riak_core_claimant,pid=<0.250.0>.
2026-09-12 00:18:40.894439+09:00 [info] <0.215.0>@supervisor:report_progress/2:1582 Supervisor: {local,riak_core_sup}. Started: id=riak_core_table_owner,pid=<0.251.0>.
2026-09-12 00:18:40.897044+09:00 [info] <0.253.0>@supervisor:report_progress/2:1582 Supervisor: {local,riak_core_stats_sup}. Started: id=riak_core_stat_cache,pid=<0.254.0>.
2026-09-12 00:18:40.897175+09:00 [info] <0.252.0>@supervisor:report_progress/2:1582 Supervisor: {local,riak_core_stat_sup}. Started: id=riak_core_stats_sup,pid=<0.253.0>.
2026-09-12 00:18:40.897262+09:00 [info] <0.215.0>@supervisor:report_progress/2:1582 Supervisor: {local,riak_core_sup}. Started: id=riak_core_stat_sup,pid=<0.252.0>.
2026-09-12 00:18:40.898172+09:00 [info] <0.215.0>@supervisor:report_progress/2:1582 Supervisor: {local,riak_core_sup}. Started: id=riak_core_node_worker_pool_sup,pid=<0.255.0>.
2026-09-12 00:18:40.934112+09:00 [info] <0.253.0>@supervisor:report_progress/2:1582 Supervisor: {local,riak_core_stats_sup}. Started: id=riak_core_stat,pid=<0.256.0>.
2026-09-12 00:18:40.947646+09:00 [info] <0.219.0>@supervisor:report_progress/2:1582 Supervisor: {local,riak_core_eventhandler_sup}. Started: id={riak_core_ring_events,riak_core_ring_handler},pid=<0.279.0>.
2026-09-12 00:18:40.947847+09:00 [info] <0.248.0>@riak_core_capability:process_capability_changes/2:557 New capability: {riak_core,vnode_routing} = proxy
2026-09-12 00:18:40.957633+09:00 [info] <0.248.0>@riak_core_capability:process_capability_changes/2:557 New capability: {riak_core,staged_joins} = true
2026-09-12 00:18:40.970615+09:00 [info] <0.248.0>@riak_core_capability:process_capability_changes/2:557 New capability: {riak_core,resizable_ring} = true
2026-09-12 00:18:40.982546+09:00 [info] <0.248.0>@riak_core_capability:process_capability_changes/2:557 New capability: {riak_core,fold_req_version} = v2
2026-09-12 00:18:40.986601+09:00 [info] <0.248.0>@riak_core_capability:process_capability_changes/2:557 New capability: {riak_core,security} = true
2026-09-12 00:18:41.011985+09:00 [info] <0.248.0>@riak_core_capability:process_capability_changes/2:557 New capability: {riak_core,bucket_types} = true
2026-09-12 00:18:41.015124+09:00 [info] <0.248.0>@riak_core_capability:process_capability_changes/2:557 New capability: {riak_core,net_ticktime} = true
2026-09-12 00:18:41.238513+09:00 [info] <0.44.0>@application_controller:info_started/2:2130 Application: riak_core. Started at: 'openriak-kv@node-01.cluster-a.openriak'.
2026-09-12 00:18:41.243852+09:00 [info] <0.248.0>@riak_core_capability:process_capability_changes/2:557 New capability: {riak_pipe,trace_format} = ordsets
2026-09-12 00:18:41.264541+09:00 [info] <0.286.0>@supervisor:report_progress/2:1582 Supervisor: {local,riak_pipe_sup}. Started: id=riak_pipe_vnode_master,pid=<0.287.0>.
2026-09-12 00:18:41.266461+09:00 [info] <0.286.0>@supervisor:report_progress/2:1582 Supervisor: {local,riak_pipe_sup}. Started: id=riak_pipe_builder_sup,pid=<0.288.0>.
2026-09-12 00:18:41.270718+09:00 [info] <0.286.0>@supervisor:report_progress/2:1582 Supervisor: {local,riak_pipe_sup}. Started: id=riak_pipe_fitting_sup,pid=<0.289.0>.
2026-09-12 00:18:41.272216+09:00 [info] <0.286.0>@supervisor:report_progress/2:1582 Supervisor: {local,riak_pipe_sup}. Started: id=riak_pipe_qcover_sup,pid=<0.290.0>.
2026-09-12 00:18:41.275178+09:00 [info] <0.244.0>@supervisor:report_progress/2:1582 Supervisor: {local,riak_core_vnode_proxy_sup}. Started: id={riak_pipe_vnode,0},pid=<0.291.0>.
2026-09-12 00:18:41.275361+09:00 [info] <0.244.0>@supervisor:report_progress/2:1582 Supervisor: {local,riak_core_vnode_proxy_sup}. Started: id={riak_pipe_vnode,182687704666362864775460604089535377456991567872},pid=<0.292.0>.
2026-09-12 00:18:41.275505+09:00 [info] <0.244.0>@supervisor:report_progress/2:1582 Supervisor: {local,riak_core_vnode_proxy_sup}. Started: id={riak_pipe_vnode,365375409332725729550921208179070754913983135744},pid=<0.293.0>.
2026-09-12 00:18:41.275630+09:00 [info] <0.244.0>@supervisor:report_progress/2:1582 Supervisor: {local,riak_core_vnode_proxy_sup}. Started: id={riak_pipe_vnode,548063113999088594326381812268606132370974703616},pid=<0.294.0>.
2026-09-12 00:18:41.275744+09:00 [info] <0.244.0>@supervisor:report_progress/2:1582 Supervisor: {local,riak_core_vnode_proxy_sup}. Started: id={riak_pipe_vnode,730750818665451459101842416358141509827966271488},pid=<0.295.0>.
2026-09-12 00:18:41.275859+09:00 [info] <0.244.0>@supervisor:report_progress/2:1582 Supervisor: {local,riak_core_vnode_proxy_sup}. Started: id={riak_pipe_vnode,913438523331814323877303020447676887284957839360},pid=<0.296.0>.
2026-09-12 00:18:41.275968+09:00 [info] <0.244.0>@supervisor:report_progress/2:1582 Supervisor: {local,riak_core_vnode_proxy_sup}. Started: id={riak_pipe_vnode,1096126227998177188652763624537212264741949407232},pid=<0.297.0>.
2026-09-12 00:18:41.276068+09:00 [info] <0.244.0>@supervisor:report_progress/2:1582 Supervisor: {local,riak_core_vnode_proxy_sup}. Started: id={riak_pipe_vnode,1278813932664540053428224228626747642198940975104},pid=<0.298.0>.
2026-09-12 00:18:41.279572+09:00 [info] <0.253.0>@supervisor:report_progress/2:1582 Supervisor: {local,riak_core_stats_sup}. Started: id=riak_pipe_stat,pid=<0.299.0>.
2026-09-12 00:18:41.293132+09:00 [info] <0.44.0>@application_controller:info_started/2:2130 Application: riak_pipe. Started at: 'openriak-kv@node-01.cluster-a.openriak'.
2026-09-12 00:18:41.293343+09:00 [info] <0.44.0>@application_controller:info_started/2:2130 Application: tools. Started at: 'openriak-kv@node-01.cluster-a.openriak'.
2026-09-12 00:18:41.293536+09:00 [info] <0.44.0>@application_controller:info_started/2:2130 Application: riak_pb. Started at: 'openriak-kv@node-01.cluster-a.openriak'.
2026-09-12 00:18:41.298612+09:00 [info] <0.307.0>@supervisor:report_progress/2:1582 Supervisor: {local,riak_api_sup}. Started: id=riak_api_pb_registration_helper,pid=<0.308.0>.
2026-09-12 00:18:41.300061+09:00 [info] <0.307.0>@supervisor:report_progress/2:1582 Supervisor: {local,riak_api_sup}. Started: id=riak_api_pb_registrar,pid=<0.309.0>.
2026-09-12 00:18:41.301068+09:00 [info] <0.307.0>@supervisor:report_progress/2:1582 Supervisor: {local,riak_api_sup}. Started: id=riak_api_pb_sup,pid=<0.310.0>.
2026-09-12 00:18:41.301361+09:00 [info] <0.307.0>@supervisor:report_progress/2:1582 Supervisor: {local,riak_api_sup}. Started: id=[112,98,58,47,47,34,48,46,48,46,48,46,48,34,58,56,48,56,55],pid=<0.311.0>.
2026-09-12 00:18:41.315654+09:00 [info] <0.307.0>@supervisor:report_progress/2:1582 Supervisor: {local,riak_api_sup}. Started: id=[104,116,116,112,58,47,47,48,46,48,46,48,46,48,58,56,48,57,56],pid=<0.314.0>.
2026-09-12 00:18:41.317483+09:00 [info] <0.253.0>@supervisor:report_progress/2:1582 Supervisor: {local,riak_core_stats_sup}. Started: id=riak_api_stat,pid=<0.331.0>.
2026-09-12 00:18:41.333983+09:00 [info] <0.44.0>@application_controller:info_started/2:2130 Application: riak_api. Started at: 'openriak-kv@node-01.cluster-a.openriak'.
2026-09-12 00:18:41.336905+09:00 [info] <0.44.0>@application_controller:info_started/2:2130 Application: sidejob. Started at: 'openriak-kv@node-01.cluster-a.openriak'.
2026-09-12 00:18:41.337137+09:00 [info] <0.44.0>@application_controller:info_started/2:2130 Application: riak_dt. Started at: 'openriak-kv@node-01.cluster-a.openriak'.
2026-09-12 00:18:41.337299+09:00 [info] <0.44.0>@application_controller:info_started/2:2130 Application: sext. Started at: 'openriak-kv@node-01.cluster-a.openriak'.
2026-09-12 00:18:41.337464+09:00 [info] <0.44.0>@application_controller:info_started/2:2130 Application: lz4. Started at: 'openriak-kv@node-01.cluster-a.openriak'.
2026-09-12 00:18:41.337596+09:00 [info] <0.44.0>@application_controller:info_started/2:2130 Application: zstd. Started at: 'openriak-kv@node-01.cluster-a.openriak'.
2026-09-12 00:18:41.337747+09:00 [info] <0.44.0>@application_controller:info_started/2:2130 Application: leveled. Started at: 'openriak-kv@node-01.cluster-a.openriak'.
2026-09-12 00:18:41.337870+09:00 [info] <0.44.0>@application_controller:info_started/2:2130 Application: kv_index_tictactree. Started at: 'openriak-kv@node-01.cluster-a.openriak'.
2026-09-12 00:18:41.338018+09:00 [info] <0.44.0>@application_controller:info_started/2:2130 Application: hyper. Started at: 'openriak-kv@node-01.cluster-a.openriak'.
2026-09-12 00:18:41.338132+09:00 [info] <0.44.0>@application_controller:info_started/2:2130 Application: redbug. Started at: 'openriak-kv@node-01.cluster-a.openriak'.
2026-09-12 00:18:41.338281+09:00 [info] <0.44.0>@application_controller:info_started/2:2130 Application: recon. Started at: 'openriak-kv@node-01.cluster-a.openriak'.
2026-09-12 00:18:41.338430+09:00 [info] <0.44.0>@application_controller:info_started/2:2130 Application: riakc. Started at: 'openriak-kv@node-01.cluster-a.openriak'.
2026-09-12 00:18:41.346261+09:00 [info] <0.350.0>@supervisor:report_progress/2:1582 Supervisor: {local,ibrowse_sup}. Started: id=ibrowse,pid=<0.351.0>.
2026-09-12 00:18:41.346411+09:00 [info] <0.44.0>@application_controller:info_started/2:2130 Application: ibrowse. Started at: 'openriak-kv@node-01.cluster-a.openriak'.
2026-09-12 00:18:41.346607+09:00 [info] <0.44.0>@application_controller:info_started/2:2130 Application: rhc. Started at: 'openriak-kv@node-01.cluster-a.openriak'.
2026-09-12 00:18:41.377869+09:00 [info] <0.362.0>@supervisor:report_progress/2:1582 Supervisor: {local,riak_kv_put_fsm_sj_worker_sup}. Started: id=riak_kv_put_fsm_sj_1,pid=<0.363.0>.
2026-09-12 00:18:41.378185+09:00 [info] <0.362.0>@supervisor:report_progress/2:1582 Supervisor: {local,riak_kv_put_fsm_sj_worker_sup}. Started: id=riak_kv_put_fsm_sj_2,pid=<0.364.0>.
2026-09-12 00:18:41.378410+09:00 [info] <0.362.0>@supervisor:report_progress/2:1582 Supervisor: {local,riak_kv_put_fsm_sj_worker_sup}. Started: id=riak_kv_put_fsm_sj_3,pid=<0.365.0>.
2026-09-12 00:18:41.378627+09:00 [info] <0.362.0>@supervisor:report_progress/2:1582 Supervisor: {local,riak_kv_put_fsm_sj_worker_sup}. Started: id=riak_kv_put_fsm_sj_4,pid=<0.366.0>.
2026-09-12 00:18:41.378723+09:00 [info] <0.361.0>@supervisor:report_progress/2:1582 Supervisor: {local,riak_kv_put_fsm_sj}. Started: id=sidejob_worker_sup,pid=<0.362.0>.
2026-09-12 00:18:41.378852+09:00 [info] <0.361.0>@supervisor:report_progress/2:1582 Supervisor: {local,riak_kv_put_fsm_sj}. Started: id=riak_kv_put_fsm_sj_stats,pid=<0.367.0>.
2026-09-12 00:18:41.378959+09:00 [info] <0.336.0>@supervisor:report_progress/2:1582 Supervisor: {local,sidejob_sup}. Started: id=riak_kv_put_fsm_sj,pid=<0.361.0>.
2026-09-12 00:18:41.383033+09:00 [info] <0.370.0>@supervisor:report_progress/2:1582 Supervisor: {local,riak_kv_get_fsm_sj_worker_sup}. Started: id=riak_kv_get_fsm_sj_1,pid=<0.371.0>.
2026-09-12 00:18:41.383287+09:00 [info] <0.370.0>@supervisor:report_progress/2:1582 Supervisor: {local,riak_kv_get_fsm_sj_worker_sup}. Started: id=riak_kv_get_fsm_sj_2,pid=<0.372.0>.
2026-09-12 00:18:41.383489+09:00 [info] <0.370.0>@supervisor:report_progress/2:1582 Supervisor: {local,riak_kv_get_fsm_sj_worker_sup}. Started: id=riak_kv_get_fsm_sj_3,pid=<0.373.0>.
2026-09-12 00:18:41.383669+09:00 [info] <0.370.0>@supervisor:report_progress/2:1582 Supervisor: {local,riak_kv_get_fsm_sj_worker_sup}. Started: id=riak_kv_get_fsm_sj_4,pid=<0.374.0>.
2026-09-12 00:18:41.383746+09:00 [info] <0.369.0>@supervisor:report_progress/2:1582 Supervisor: {local,riak_kv_get_fsm_sj}. Started: id=sidejob_worker_sup,pid=<0.370.0>.
2026-09-12 00:18:41.383833+09:00 [info] <0.369.0>@supervisor:report_progress/2:1582 Supervisor: {local,riak_kv_get_fsm_sj}. Started: id=riak_kv_get_fsm_sj_stats,pid=<0.375.0>.
2026-09-12 00:18:41.383904+09:00 [info] <0.336.0>@supervisor:report_progress/2:1582 Supervisor: {local,sidejob_sup}. Started: id=riak_kv_get_fsm_sj,pid=<0.369.0>.
2026-09-12 00:18:41.389003+09:00 [info] <0.378.0>@supervisor:report_progress/2:1582 Supervisor: {local,riak_kv_stat_sj_worker_sup}. Started: id=riak_kv_stat_sj_1,pid=<0.379.0>.
2026-09-12 00:18:41.389256+09:00 [info] <0.378.0>@supervisor:report_progress/2:1582 Supervisor: {local,riak_kv_stat_sj_worker_sup}. Started: id=riak_kv_stat_sj_2,pid=<0.380.0>.
2026-09-12 00:18:41.389448+09:00 [info] <0.378.0>@supervisor:report_progress/2:1582 Supervisor: {local,riak_kv_stat_sj_worker_sup}. Started: id=riak_kv_stat_sj_3,pid=<0.381.0>.
2026-09-12 00:18:41.389606+09:00 [info] <0.378.0>@supervisor:report_progress/2:1582 Supervisor: {local,riak_kv_stat_sj_worker_sup}. Started: id=riak_kv_stat_sj_4,pid=<0.382.0>.
2026-09-12 00:18:41.389694+09:00 [info] <0.377.0>@supervisor:report_progress/2:1582 Supervisor: {local,riak_kv_stat_sj}. Started: id=sidejob_worker_sup,pid=<0.378.0>.
2026-09-12 00:18:41.389781+09:00 [info] <0.377.0>@supervisor:report_progress/2:1582 Supervisor: {local,riak_kv_stat_sj}. Started: id=riak_kv_stat_sj_stats,pid=<0.383.0>.
2026-09-12 00:18:41.389848+09:00 [info] <0.336.0>@supervisor:report_progress/2:1582 Supervisor: {local,sidejob_sup}. Started: id=riak_kv_stat_sj,pid=<0.377.0>.
2026-09-12 00:18:41.399008+09:00 [info] <0.358.0>@riak_kv_env:doc_env/0:47 Environment and OS variables:
2026-09-12 00:18:41.435218+09:00 [info] <0.248.0>@riak_core_capability:process_capability_changes/2:557 New capability: {riak_kv,object_hash_version} = 0
2026-09-12 00:18:41.454269+09:00 [info] <0.248.0>@riak_core_capability:process_capability_changes/2:557 New capability: {riak_kv,anti_entropy} = enabled_v1
2026-09-12 00:18:41.458664+09:00 [info] <0.385.0>@riak_core_throttle:enable_throttle/2:121 Enabling throttle for riak_kv/aae_throttle.
2026-09-12 00:18:41.458829+09:00 [info] <0.384.0>@supervisor:report_progress/2:1582 Supervisor: {local,riak_kv_sup}. Started: id=riak_kv_entropy_manager,pid=<0.385.0>.
2026-09-12 00:18:41.474167+09:00 [info] <0.384.0>@supervisor:report_progress/2:1582 Supervisor: {local,riak_kv_sup}. Started: id=riak_kv_ttaaefs_manager,pid=<0.386.0>.
2026-09-12 00:18:41.485651+09:00 [info] <0.384.0>@supervisor:report_progress/2:1582 Supervisor: {local,riak_kv_sup}. Started: id=riak_kv_replrtq_src,pid=<0.387.0>.
2026-09-12 00:18:41.490220+09:00 [info] <0.384.0>@supervisor:report_progress/2:1582 Supervisor: {local,riak_kv_sup}. Started: id=riak_kv_replrtq_snk,pid=<0.388.0>.
2026-09-12 00:18:41.491834+09:00 [info] <0.384.0>@supervisor:report_progress/2:1582 Supervisor: {local,riak_kv_sup}. Started: id=riak_kv_replrtq_peer,pid=<0.389.0>.
2026-09-12 00:18:41.495815+09:00 [info] <0.384.0>@supervisor:report_progress/2:1582 Supervisor: {local,riak_kv_sup}. Started: id=riak_kv_reaper,pid=<0.390.0>.
2026-09-12 00:18:41.499265+09:00 [info] <0.384.0>@supervisor:report_progress/2:1582 Supervisor: {local,riak_kv_sup}. Started: id=riak_kv_eraser,pid=<0.391.0>.
2026-09-12 00:18:41.504679+09:00 [info] <0.384.0>@supervisor:report_progress/2:1582 Supervisor: {local,riak_kv_sup}. Started: id=riak_kv_reader,pid=<0.392.0>.
2026-09-12 00:18:41.507862+09:00 [info] <0.384.0>@supervisor:report_progress/2:1582 Supervisor: {local,riak_kv_sup}. Started: id=riak_kv_token_manager,pid=<0.393.0>.
2026-09-12 00:18:41.507997+09:00 [info] <0.384.0>@supervisor:report_progress/2:1582 Supervisor: {local,riak_kv_sup}. Started: id=riak_kv_vnode_master,pid=<0.394.0>.
2026-09-12 00:18:41.508087+09:00 [info] <0.394.0>@riak_core:wait_for_service/2:498 Waiting for service riak_kv to start (0 seconds)
2026-09-12 00:18:41.514080+09:00 [info] <0.395.0>@supervisor:report_progress/2:1582 Supervisor: {local,riak_kv_w1c_sup}. Started: id=riak_kv_w1c_worker00,pid=<0.396.0>.
2026-09-12 00:18:41.514232+09:00 [info] <0.395.0>@supervisor:report_progress/2:1582 Supervisor: {local,riak_kv_w1c_sup}. Started: id=riak_kv_w1c_worker01,pid=<0.397.0>.
2026-09-12 00:18:41.514336+09:00 [info] <0.395.0>@supervisor:report_progress/2:1582 Supervisor: {local,riak_kv_w1c_sup}. Started: id=riak_kv_w1c_worker02,pid=<0.398.0>.
2026-09-12 00:18:41.514432+09:00 [info] <0.395.0>@supervisor:report_progress/2:1582 Supervisor: {local,riak_kv_w1c_sup}. Started: id=riak_kv_w1c_worker03,pid=<0.399.0>.
2026-09-12 00:18:41.514518+09:00 [info] <0.395.0>@supervisor:report_progress/2:1582 Supervisor: {local,riak_kv_w1c_sup}. Started: id=riak_kv_w1c_worker04,pid=<0.400.0>.
2026-09-12 00:18:41.514627+09:00 [info] <0.395.0>@supervisor:report_progress/2:1582 Supervisor: {local,riak_kv_w1c_sup}. Started: id=riak_kv_w1c_worker05,pid=<0.401.0>.
2026-09-12 00:18:41.514720+09:00 [info] <0.395.0>@supervisor:report_progress/2:1582 Supervisor: {local,riak_kv_w1c_sup}. Started: id=riak_kv_w1c_worker06,pid=<0.402.0>.
2026-09-12 00:18:41.514818+09:00 [info] <0.395.0>@supervisor:report_progress/2:1582 Supervisor: {local,riak_kv_w1c_sup}. Started: id=riak_kv_w1c_worker07,pid=<0.403.0>.
2026-09-12 00:18:41.514893+09:00 [info] <0.384.0>@supervisor:report_progress/2:1582 Supervisor: {local,riak_kv_sup}. Started: id=riak_kv_w1c_sup,pid=<0.395.0>.
2026-09-12 00:18:41.516698+09:00 [info] <0.384.0>@supervisor:report_progress/2:1582 Supervisor: {local,riak_kv_sup}. Started: id=riak_kv_delete_sup,pid=<0.404.0>.
2026-09-12 00:18:41.517774+09:00 [info] <0.384.0>@supervisor:report_progress/2:1582 Supervisor: {local,riak_kv_sup}. Started: id=riak_kv_mrc_sink_sup,pid=<0.405.0>.
2026-09-12 00:18:41.518956+09:00 [info] <0.384.0>@supervisor:report_progress/2:1582 Supervisor: {local,riak_kv_sup}. Started: id=riak_kv_buckets_fsm_sup,pid=<0.406.0>.
2026-09-12 00:18:41.522714+09:00 [info] <0.384.0>@supervisor:report_progress/2:1582 Supervisor: {local,riak_kv_sup}. Started: id=riak_kv_keys_fsm_sup,pid=<0.407.0>.
2026-09-12 00:18:41.527728+09:00 [info] <0.384.0>@supervisor:report_progress/2:1582 Supervisor: {local,riak_kv_sup}. Started: id=riak_kv_index_fsm_sup,pid=<0.408.0>.
2026-09-12 00:18:41.530734+09:00 [info] <0.384.0>@supervisor:report_progress/2:1582 Supervisor: {local,riak_kv_sup}. Started: id=riak_kv_query_sup,pid=<0.409.0>.
2026-09-12 00:18:41.534773+09:00 [info] <0.384.0>@supervisor:report_progress/2:1582 Supervisor: {local,riak_kv_sup}. Started: id=riak_kv_clusteraae_fsm_sup,pid=<0.410.0>.
2026-09-12 00:18:41.539058+09:00 [info] <0.384.0>@supervisor:report_progress/2:1582 Supervisor: {local,riak_kv_sup}. Started: id=riak_kv_hotbackup_fsm_sup,pid=<0.411.0>.
2026-09-12 00:18:41.541477+09:00 [info] <0.384.0>@supervisor:report_progress/2:1582 Supervisor: {local,riak_kv_sup}. Started: id=riak_kv_http_cache,pid=<0.412.0>.
2026-09-12 00:18:41.541664+09:00 [info] <0.248.0>@riak_core_capability:process_capability_changes/2:557 New capability: {riak_kv,vnode_vclocks} = true
2026-09-12 00:18:41.551049+09:00 [info] <0.248.0>@riak_core_capability:process_capability_changes/2:557 New capability: {riak_kv,legacy_keylisting} = false
2026-09-12 00:18:41.575618+09:00 [info] <0.248.0>@riak_core_capability:process_capability_changes/2:557 New capability: {riak_kv,listkeys_backpressure} = true
2026-09-12 00:18:41.578826+09:00 [info] <0.248.0>@riak_core_capability:process_capability_changes/2:557 New capability: {riak_kv,index_backpressure} = true
2026-09-12 00:18:41.587019+09:00 [info] <0.248.0>@riak_core_capability:process_capability_changes/2:557 New capability: {riak_kv,mapred_system} = pipe
2026-09-12 00:18:41.588501+09:00 [info] <0.248.0>@riak_core_capability:process_capability_changes/2:557 New capability: {riak_kv,mapred_2i_pipe} = true
2026-09-12 00:18:41.605987+09:00 [info] <0.248.0>@riak_core_capability:process_capability_changes/2:557 New capability: {riak_kv,handoff_data_encoding} = encode_raw
2026-09-12 00:18:41.609679+09:00 [info] <0.248.0>@riak_core_capability:process_capability_changes/2:557 New capability: {riak_kv,object_format} = v1
2026-09-12 00:18:41.615847+09:00 [info] <0.248.0>@riak_core_capability:process_capability_changes/2:557 New capability: {riak_kv,secondary_index_version} = v3
2026-09-12 00:18:41.625800+09:00 [info] <0.248.0>@riak_core_capability:process_capability_changes/2:557 New capability: {riak_kv,vclock_data_encoding} = encode_zlib
2026-09-12 00:18:41.642244+09:00 [info] <0.248.0>@riak_core_capability:process_capability_changes/2:557 New capability: {riak_kv,crdt} = [pncounter,riak_dt_pncounter,riak_dt_orswot,riak_dt_map,riak_kv_hll,riak_dt_gset]
2026-09-12 00:18:41.644967+09:00 [info] <0.248.0>@riak_core_capability:process_capability_changes/2:557 New capability: {riak_kv,crdt_epoch_versions} = [{riak_dt_map,2},{riak_dt_orswot,2},{riak_dt_pncounter,2},{riak_kv_hll,1},{riak_dt_gset,2}]
2026-09-12 00:18:41.650200+09:00 [info] <0.248.0>@riak_core_capability:process_capability_changes/2:557 New capability: {riak_kv,put_fsm_ack_execute} = enabled
2026-09-12 00:18:41.651591+09:00 [info] <0.248.0>@riak_core_capability:process_capability_changes/2:557 New capability: {riak_kv,get_request_type} = head
2026-09-12 00:18:41.672566+09:00 [info] <0.248.0>@riak_core_capability:process_capability_changes/2:557 New capability: {riak_kv,put_soft_limit} = true
2026-09-12 00:18:41.675488+09:00 [info] <0.248.0>@riak_core_capability:process_capability_changes/2:557 New capability: {riak_kv,tictacaae_prompted_repairs} = true
2026-09-12 00:18:41.697716+09:00 [info] <0.244.0>@supervisor:report_progress/2:1582 Supervisor: {local,riak_core_vnode_proxy_sup}. Started: id={riak_kv_vnode,0},pid=<0.413.0>.
2026-09-12 00:18:41.697901+09:00 [info] <0.244.0>@supervisor:report_progress/2:1582 Supervisor: {local,riak_core_vnode_proxy_sup}. Started: id={riak_kv_vnode,182687704666362864775460604089535377456991567872},pid=<0.414.0>.
2026-09-12 00:18:41.698035+09:00 [info] <0.244.0>@supervisor:report_progress/2:1582 Supervisor: {local,riak_core_vnode_proxy_sup}. Started: id={riak_kv_vnode,365375409332725729550921208179070754913983135744},pid=<0.415.0>.
2026-09-12 00:18:41.698159+09:00 [info] <0.244.0>@supervisor:report_progress/2:1582 Supervisor: {local,riak_core_vnode_proxy_sup}. Started: id={riak_kv_vnode,548063113999088594326381812268606132370974703616},pid=<0.416.0>.
2026-09-12 00:18:41.698290+09:00 [info] <0.244.0>@supervisor:report_progress/2:1582 Supervisor: {local,riak_core_vnode_proxy_sup}. Started: id={riak_kv_vnode,730750818665451459101842416358141509827966271488},pid=<0.417.0>.
2026-09-12 00:18:41.698391+09:00 [info] <0.244.0>@supervisor:report_progress/2:1582 Supervisor: {local,riak_core_vnode_proxy_sup}. Started: id={riak_kv_vnode,913438523331814323877303020447676887284957839360},pid=<0.418.0>.
2026-09-12 00:18:41.698486+09:00 [info] <0.244.0>@supervisor:report_progress/2:1582 Supervisor: {local,riak_core_vnode_proxy_sup}. Started: id={riak_kv_vnode,1096126227998177188652763624537212264741949407232},pid=<0.419.0>.
2026-09-12 00:18:41.698584+09:00 [info] <0.244.0>@supervisor:report_progress/2:1582 Supervisor: {local,riak_core_vnode_proxy_sup}. Started: id={riak_kv_vnode,1278813932664540053428224228626747642198940975104},pid=<0.420.0>.
2026-09-12 00:18:41.716756+09:00 [info] <0.253.0>@supervisor:report_progress/2:1582 Supervisor: {local,riak_core_stats_sup}. Started: id=riak_kv_stat,pid=<0.421.0>.
2026-09-12 00:18:41.744872+09:00 [info] <0.255.0>@riak_core_node_worker_pool:start_link/5:85 Registered worker pool of type af1_pool and size 2
2026-09-12 00:18:41.744988+09:00 [info] <0.255.0>@supervisor:report_progress/2:1582 Supervisor: {local,riak_core_node_worker_pool_sup}. Started: id=af1_pool,pid=<0.563.0>.
2026-09-12 00:18:41.745198+09:00 [info] <0.255.0>@riak_core_node_worker_pool:start_link/5:85 Registered worker pool of type af2_pool and size 1
2026-09-12 00:18:41.745272+09:00 [info] <0.255.0>@supervisor:report_progress/2:1582 Supervisor: {local,riak_core_node_worker_pool_sup}. Started: id=af2_pool,pid=<0.571.0>.
2026-09-12 00:18:41.745870+09:00 [info] <0.255.0>@riak_core_node_worker_pool:start_link/5:85 Registered worker pool of type af3_pool and size 4
2026-09-12 00:18:41.745943+09:00 [info] <0.255.0>@supervisor:report_progress/2:1582 Supervisor: {local,riak_core_node_worker_pool_sup}. Started: id=af3_pool,pid=<0.575.0>.
2026-09-12 00:18:41.746694+09:00 [info] <0.255.0>@riak_core_node_worker_pool:start_link/5:85 Registered worker pool of type af4_pool and size 1
2026-09-12 00:18:41.746764+09:00 [info] <0.255.0>@supervisor:report_progress/2:1582 Supervisor: {local,riak_core_node_worker_pool_sup}. Started: id=af4_pool,pid=<0.582.0>.
2026-09-12 00:18:41.746903+09:00 [info] <0.255.0>@riak_core_node_worker_pool:start_link/5:85 Registered worker pool of type be_pool and size 1
2026-09-12 00:18:41.746971+09:00 [info] <0.255.0>@supervisor:report_progress/2:1582 Supervisor: {local,riak_core_node_worker_pool_sup}. Started: id=be_pool,pid=<0.586.0>.
2026-09-12 00:18:41.776537+09:00 [info] <0.44.0>@application_controller:info_started/2:2130 Application: riak_kv. Started at: 'openriak-kv@node-01.cluster-a.openriak'.
2026-09-12 00:18:41.776792+09:00 [info] <0.44.0>@application_controller:info_started/2:2130 Application: ebloom. Started at: 'openriak-kv@node-01.cluster-a.openriak'.
2026-09-12 00:18:41.777004+09:00 [info] <0.44.0>@application_controller:info_started/2:2130 Application: bear. Started at: 'openriak-kv@node-01.cluster-a.openriak'.
2026-09-12 00:18:41.781953+09:00 [info] <0.595.0>@supervisor:report_progress/2:1582 Supervisor: {local,folsom_sup}. Started: id=folsom_sample_slide_sup,pid=<0.596.0>.
2026-09-12 00:18:41.784714+09:00 [info] <0.595.0>@supervisor:report_progress/2:1582 Supervisor: {local,folsom_sup}. Started: id=folsom_meter_timer_server,pid=<0.597.0>.
2026-09-12 00:18:41.787243+09:00 [info] <0.595.0>@supervisor:report_progress/2:1582 Supervisor: {local,folsom_sup}. Started: id=folsom_metrics_histogram_ets,pid=<0.598.0>.
2026-09-12 00:18:41.788687+09:00 [info] <0.595.0>@supervisor:report_progress/2:1582 Supervisor: {local,folsom_sup}. Started: id=folsom_metrics_spiral,pid=<0.599.0>.
2026-09-12 00:18:41.790096+09:00 [info] <0.595.0>@supervisor:report_progress/2:1582 Supervisor: {local,folsom_sup}. Started: id=folsom_metrics_history,pid=<0.600.0>.
2026-09-12 00:18:41.791763+09:00 [info] <0.595.0>@supervisor:report_progress/2:1582 Supervisor: {local,folsom_sup}. Started: id=folsom_metrics_histogram,pid=<0.601.0>.
2026-09-12 00:18:41.793772+09:00 [info] <0.595.0>@supervisor:report_progress/2:1582 Supervisor: {local,folsom_sup}. Started: id=folsom_metrics_duration,pid=<0.602.0>.
2026-09-12 00:18:41.795158+09:00 [info] <0.595.0>@supervisor:report_progress/2:1582 Supervisor: {local,folsom_sup}. Started: id=folsom_metrics_counter,pid=<0.603.0>.
2026-09-12 00:18:41.797070+09:00 [info] <0.595.0>@supervisor:report_progress/2:1582 Supervisor: {local,folsom_sup}. Started: id=folsom_metrics_gauge,pid=<0.604.0>.
2026-09-12 00:18:41.800576+09:00 [info] <0.595.0>@supervisor:report_progress/2:1582 Supervisor: {local,folsom_sup}. Started: id=folsom_metrics_meter,pid=<0.605.0>.
2026-09-12 00:18:41.802428+09:00 [info] <0.595.0>@supervisor:report_progress/2:1582 Supervisor: {local,folsom_sup}. Started: id=folsom_metrics_meter_reader,pid=<0.606.0>.
2026-09-12 00:18:41.802608+09:00 [info] <0.44.0>@application_controller:info_started/2:2130 Application: folsom. Started at: 'openriak-kv@node-01.cluster-a.openriak'.
2026-09-12 00:18:41.806665+09:00 [info] <0.610.0>@supervisor:report_progress/2:1582 Supervisor: {local,ranch_sup}. Started: id=ranch_server,pid=<0.611.0>.
2026-09-12 00:18:41.806812+09:00 [info] <0.44.0>@application_controller:info_started/2:2130 Application: ranch. Started at: 'openriak-kv@node-01.cluster-a.openriak'.
2026-09-12 00:18:41.809442+09:00 [info] <0.614.0>@riak_core:wait_for_service/2:498 Waiting for service riak_kv to start (0 seconds)
2026-09-12 00:18:50.887091+09:00 [info] <0.247.0>@riak_core_vnode_manager:update_never_started/4:1026 Update never started for Mod riak_kv_vnode with count 8 to be added to 0
2026-09-12 00:18:50.888392+09:00 [info] <0.247.0>@riak_core_vnode_manager:update_never_started/4:1026 Update never started for Mod riak_pipe_vnode with count 8 to be added to 8
2026-09-12 00:18:50.888705+09:00 [info] <0.720.0>@riak_core_vnode_manager:get_vnode/3:733 Will start VNode for partition 0 riak_pipe_vnode
2026-09-12 00:18:50.935991+09:00 [info] <0.720.0>@riak_core_vnode_manager:get_vnode/3:743 VNode initialization ready <0.722.0> 0 riak_pipe_vnode
2026-09-12 00:18:50.936293+09:00 [info] <0.724.0>@riak_core_vnode_manager:get_vnode/3:733 Will start VNode for partition 0 riak_kv_vnode
2026-09-12 00:18:50.936366+09:00 [info] <0.725.0>@riak_core_vnode_manager:get_vnode/3:733 Will start VNode for partition 182687704666362864775460604089535377456991567872 riak_kv_vnode
2026-09-12 00:18:50.936412+09:00 [info] <0.726.0>@riak_core_vnode_manager:get_vnode/3:733 Will start VNode for partition 365375409332725729550921208179070754913983135744 riak_kv_vnode
2026-09-12 00:18:50.936467+09:00 [info] <0.727.0>@riak_core_vnode_manager:get_vnode/3:733 Will start VNode for partition 548063113999088594326381812268606132370974703616 riak_kv_vnode
2026-09-12 00:18:50.936508+09:00 [info] <0.728.0>@riak_core_vnode_manager:get_vnode/3:733 Will start VNode for partition 730750818665451459101842416358141509827966271488 riak_kv_vnode
2026-09-12 00:18:50.937453+09:00 [info] <0.729.0>@riak_core_vnode_manager:get_vnode/3:733 Will start VNode for partition 913438523331814323877303020447676887284957839360 riak_kv_vnode
2026-09-12 00:18:50.937558+09:00 [info] <0.730.0>@riak_core_vnode_manager:get_vnode/3:733 Will start VNode for partition 1096126227998177188652763624537212264741949407232 riak_kv_vnode
2026-09-12 00:18:50.937573+09:00 [info] <0.731.0>@riak_core_vnode_manager:get_vnode/3:733 Will start VNode for partition 1278813932664540053428224228626747642198940975104 riak_kv_vnode
2026-09-12 00:18:51.030047+09:00 [info] <0.777.0>@leveled_inker:open_all_manifest/2:1269 log_ref=i0011 db_id=3 Manifest is empty, starting from manifest SQN 1
2026-09-12 00:18:51.030132+09:00 [info] <0.774.0>@leveled_inker:open_all_manifest/2:1269 log_ref=i0011 db_id=4 Manifest is empty, starting from manifest SQN 1
2026-09-12 00:18:51.030189+09:00 [info] <0.775.0>@leveled_inker:open_all_manifest/2:1269 log_ref=i0011 db_id=2 Manifest is empty, starting from manifest SQN 1
2026-09-12 00:18:51.030240+09:00 [info] <0.776.0>@leveled_inker:open_all_manifest/2:1269 log_ref=i0011 db_id=1 Manifest is empty, starting from manifest SQN 1
2026-09-12 00:18:51.030286+09:00 [info] <0.773.0>@leveled_inker:open_all_manifest/2:1269 log_ref=i0011 db_id=7 Manifest is empty, starting from manifest SQN 1
2026-09-12 00:18:51.030328+09:00 [info] <0.780.0>@leveled_inker:open_all_manifest/2:1269 log_ref=i0011 db_id=0 Manifest is empty, starting from manifest SQN 1
2026-09-12 00:18:51.030375+09:00 [info] <0.778.0>@leveled_inker:open_all_manifest/2:1269 log_ref=i0011 db_id=5 Manifest is empty, starting from manifest SQN 1
2026-09-12 00:18:51.030422+09:00 [info] <0.779.0>@leveled_inker:open_all_manifest/2:1269 log_ref=i0011 db_id=6 Manifest is empty, starting from manifest SQN 1
2026-09-12 00:18:51.140561+09:00 [info] <0.795.0>@leveled_cdb:starting/3:479 log_ref=cdb01 db_id=3 Opening file for writing with filename /var/lib/riak/leveled/548063113999088594326381812268606132370974703616/journal/journal_files/0_a0b2f44f-c2f5-445e-b118-2b410f3a8c40.pnd
2026-09-12 00:18:51.140576+09:00 [info] <0.790.0>@leveled_cdb:starting/3:479 log_ref=cdb01 db_id=6 Opening file for writing with filename /var/lib/riak/leveled/1096126227998177188652763624537212264741949407232/journal/journal_files/0_7d6df713-af08-459a-a5e8-f5208cb8369a.pnd
2026-09-12 00:18:51.140671+09:00 [info] <0.791.0>@leveled_cdb:starting/3:479 log_ref=cdb01 db_id=5 Opening file for writing with filename /var/lib/riak/leveled/913438523331814323877303020447676887284957839360/journal/journal_files/0_093782f1-bc03-492c-8a3e-eebaf47993ff.pnd
2026-09-12 00:18:51.140734+09:00 [info] <0.792.0>@leveled_cdb:starting/3:479 log_ref=cdb01 db_id=0 Opening file for writing with filename /var/lib/riak/leveled/0/journal/journal_files/0_d16ca00f-0cfb-4c82-82a8-9446eaee6d15.pnd
2026-09-12 00:18:51.140686+09:00 [info] <0.796.0>@leveled_cdb:starting/3:479 log_ref=cdb01 db_id=2 Opening file for writing with filename /var/lib/riak/leveled/365375409332725729550921208179070754913983135744/journal/journal_files/0_8650d170-d255-41eb-b1f5-6c8c961c4925.pnd
2026-09-12 00:18:51.140793+09:00 [info] <0.793.0>@leveled_cdb:starting/3:479 log_ref=cdb01 db_id=7 Opening file for writing with filename /var/lib/riak/leveled/1278813932664540053428224228626747642198940975104/journal/journal_files/0_e3cfb3c9-cc99-4bb1-b10c-ada4abcea7a8.pnd
2026-09-12 00:18:51.140803+09:00 [info] <0.794.0>@leveled_cdb:starting/3:479 log_ref=cdb01 db_id=1 Opening file for writing with filename /var/lib/riak/leveled/182687704666362864775460604089535377456991567872/journal/journal_files/0_1091d435-0635-4315-b16c-1887e1b84845.pnd
2026-09-12 00:18:51.140812+09:00 [info] <0.797.0>@leveled_cdb:starting/3:479 log_ref=cdb01 db_id=4 Opening file for writing with filename /var/lib/riak/leveled/730750818665451459101842416358141509827966271488/journal/journal_files/0_e3c43bfa-1e3f-48fc-bc5c-002821f54896.pnd
2026-09-12 00:18:51.141403+09:00 [info] <0.776.0>@leveled_inker:build_manifest/3:1238 log_ref=i0009 db_id=1 Updated manifest on startup:
2026-09-12 00:18:51.141555+09:00 [info] <0.775.0>@leveled_inker:build_manifest/3:1238 log_ref=i0009 db_id=2 Updated manifest on startup:
2026-09-12 00:18:51.141696+09:00 [info] <0.774.0>@leveled_inker:build_manifest/3:1238 log_ref=i0009 db_id=4 Updated manifest on startup:
2026-09-12 00:18:51.141804+09:00 [info] <0.778.0>@leveled_inker:build_manifest/3:1238 log_ref=i0009 db_id=5 Updated manifest on startup:
2026-09-12 00:18:51.141904+09:00 [info] <0.780.0>@leveled_inker:build_manifest/3:1238 log_ref=i0009 db_id=0 Updated manifest on startup:
2026-09-12 00:18:51.142115+09:00 [info] <0.779.0>@leveled_inker:build_manifest/3:1238 log_ref=i0009 db_id=6 Updated manifest on startup:
2026-09-12 00:18:51.144840+09:00 [info] <0.777.0>@leveled_inker:build_manifest/3:1238 log_ref=i0009 db_id=3 Updated manifest on startup:
2026-09-12 00:18:51.141417+09:00 [info] <0.773.0>@leveled_inker:build_manifest/3:1238 log_ref=i0009 db_id=7 Updated manifest on startup:
2026-09-12 00:18:51.145912+09:00 [info] <0.776.0>@leveled_imanifest:writer/3:187 log_ref=i0016 db_id=1 Writing new version of manifest for manifestSQN=2
2026-09-12 00:18:51.146845+09:00 [info] <0.780.0>@leveled_imanifest:writer/3:187 log_ref=i0016 db_id=0 Writing new version of manifest for manifestSQN=2
2026-09-12 00:18:51.146999+09:00 [info] <0.778.0>@leveled_imanifest:writer/3:187 log_ref=i0016 db_id=5 Writing new version of manifest for manifestSQN=2
2026-09-12 00:18:51.147161+09:00 [info] <0.775.0>@leveled_imanifest:writer/3:187 log_ref=i0016 db_id=2 Writing new version of manifest for manifestSQN=2
2026-09-12 00:18:51.147151+09:00 [info] <0.774.0>@leveled_imanifest:writer/3:187 log_ref=i0016 db_id=4 Writing new version of manifest for manifestSQN=2
2026-09-12 00:18:51.147332+09:00 [info] <0.779.0>@leveled_imanifest:writer/3:187 log_ref=i0016 db_id=6 Writing new version of manifest for manifestSQN=2
2026-09-12 00:18:51.147274+09:00 [info] <0.777.0>@leveled_imanifest:writer/3:187 log_ref=i0016 db_id=3 Writing new version of manifest for manifestSQN=2
2026-09-12 00:18:51.147495+09:00 [info] <0.773.0>@leveled_imanifest:writer/3:187 log_ref=i0016 db_id=7 Writing new version of manifest for manifestSQN=2
2026-09-12 00:18:51.175246+09:00 [info] <0.799.0>@leveled_pclerk:clerk_new/3:78 log_ref=pc001 db_id=2 Penciller's clerk <0.807.0> started with owner <0.799.0>
2026-09-12 00:18:51.175267+09:00 [info] <0.803.0>@leveled_pclerk:clerk_new/3:78 log_ref=pc001 db_id=0 Penciller's clerk <0.809.0> started with owner <0.803.0>
2026-09-12 00:18:51.175361+09:00 [info] <0.804.0>@leveled_pclerk:clerk_new/3:78 log_ref=pc001 db_id=3 Penciller's clerk <0.808.0> started with owner <0.804.0>
2026-09-12 00:18:51.175370+09:00 [info] <0.800.0>@leveled_pclerk:clerk_new/3:78 log_ref=pc001 db_id=7 Penciller's clerk <0.812.0> started with owner <0.800.0>
2026-09-12 00:18:51.175347+09:00 [info] <0.801.0>@leveled_pclerk:clerk_new/3:78 log_ref=pc001 db_id=1 Penciller's clerk <0.806.0> started with owner <0.801.0>
2026-09-12 00:18:51.175553+09:00 [info] <0.805.0>@leveled_pclerk:clerk_new/3:78 log_ref=pc001 db_id=4 Penciller's clerk <0.813.0> started with owner <0.805.0>
2026-09-12 00:18:51.175610+09:00 [info] <0.802.0>@leveled_pclerk:clerk_new/3:78 log_ref=pc001 db_id=5 Penciller's clerk <0.810.0> started with owner <0.802.0>
2026-09-12 00:18:51.175685+09:00 [info] <0.798.0>@leveled_pclerk:clerk_new/3:78 log_ref=pc001 db_id=6 Penciller's clerk <0.811.0> started with owner <0.798.0>
2026-09-12 00:18:51.186597+09:00 [info] <0.798.0>@leveled_pmanifest:open_manifestfile/2:1180 log_ref=p0013 db_id=6 Seqence number of 0 indicates no valid manifest
2026-09-12 00:18:51.186691+09:00 [info] <0.805.0>@leveled_pmanifest:open_manifestfile/2:1180 log_ref=p0013 db_id=4 Seqence number of 0 indicates no valid manifest
2026-09-12 00:18:51.186796+09:00 [info] <0.801.0>@leveled_pmanifest:open_manifestfile/2:1180 log_ref=p0013 db_id=1 Seqence number of 0 indicates no valid manifest
2026-09-12 00:18:51.186887+09:00 [info] <0.800.0>@leveled_pmanifest:open_manifestfile/2:1180 log_ref=p0013 db_id=7 Seqence number of 0 indicates no valid manifest
2026-09-12 00:18:51.186998+09:00 [info] <0.799.0>@leveled_pmanifest:open_manifestfile/2:1180 log_ref=p0013 db_id=2 Seqence number of 0 indicates no valid manifest
2026-09-12 00:18:51.187064+09:00 [info] <0.802.0>@leveled_pmanifest:open_manifestfile/2:1180 log_ref=p0013 db_id=5 Seqence number of 0 indicates no valid manifest
2026-09-12 00:18:51.187336+09:00 [info] <0.804.0>@leveled_pmanifest:open_manifestfile/2:1180 log_ref=p0013 db_id=3 Seqence number of 0 indicates no valid manifest
2026-09-12 00:18:51.189464+09:00 [info] <0.803.0>@leveled_pmanifest:open_manifestfile/2:1180 log_ref=p0013 db_id=0 Seqence number of 0 indicates no valid manifest
2026-09-12 00:18:51.191517+09:00 [info] <0.803.0>@leveled_penciller:start_from_file/1:1508 log_ref=p0014 db_id=0 Maximum sequence number of 0 found in nonzero levels
2026-09-12 00:18:51.191882+09:00 [info] <0.805.0>@leveled_penciller:start_from_file/1:1508 log_ref=p0014 db_id=4 Maximum sequence number of 0 found in nonzero levels
2026-09-12 00:18:51.191931+09:00 [info] <0.801.0>@leveled_penciller:start_from_file/1:1508 log_ref=p0014 db_id=1 Maximum sequence number of 0 found in nonzero levels
2026-09-12 00:18:51.191978+09:00 [info] <0.800.0>@leveled_penciller:start_from_file/1:1508 log_ref=p0014 db_id=7 Maximum sequence number of 0 found in nonzero levels
2026-09-12 00:18:51.192044+09:00 [info] <0.803.0>@leveled_penciller:start_from_file/1:1510 log_ref=p0035 db_id=0 Startup with Manifest SQN of 0
2026-09-12 00:18:51.192065+09:00 [info] <0.805.0>@leveled_penciller:start_from_file/1:1510 log_ref=p0035 db_id=4 Startup with Manifest SQN of 0
2026-09-12 00:18:51.192077+09:00 [info] <0.801.0>@leveled_penciller:start_from_file/1:1510 log_ref=p0035 db_id=1 Startup with Manifest SQN of 0
2026-09-12 00:18:51.192092+09:00 [info] <0.800.0>@leveled_penciller:start_from_file/1:1510 log_ref=p0035 db_id=7 Startup with Manifest SQN of 0
2026-09-12 00:18:51.191521+09:00 [info] <0.804.0>@leveled_penciller:start_from_file/1:1508 log_ref=p0014 db_id=3 Maximum sequence number of 0 found in nonzero levels
2026-09-12 00:18:51.191601+09:00 [info] <0.798.0>@leveled_penciller:start_from_file/1:1508 log_ref=p0014 db_id=6 Maximum sequence number of 0 found in nonzero levels
2026-09-12 00:18:51.191676+09:00 [info] <0.799.0>@leveled_penciller:start_from_file/1:1508 log_ref=p0014 db_id=2 Maximum sequence number of 0 found in nonzero levels
2026-09-12 00:18:51.191758+09:00 [info] <0.802.0>@leveled_penciller:start_from_file/1:1508 log_ref=p0014 db_id=5 Maximum sequence number of 0 found in nonzero levels
2026-09-12 00:18:51.192470+09:00 [info] <0.804.0>@leveled_penciller:start_from_file/1:1510 log_ref=p0035 db_id=3 Startup with Manifest SQN of 0
2026-09-12 00:18:51.192499+09:00 [info] <0.798.0>@leveled_penciller:start_from_file/1:1510 log_ref=p0035 db_id=6 Startup with Manifest SQN of 0
2026-09-12 00:18:51.192523+09:00 [info] <0.799.0>@leveled_penciller:start_from_file/1:1510 log_ref=p0035 db_id=2 Startup with Manifest SQN of 0
2026-09-12 00:18:51.192708+09:00 [info] <0.802.0>@leveled_penciller:start_from_file/1:1510 log_ref=p0035 db_id=5 Startup with Manifest SQN of 0
2026-09-12 00:18:51.197780+09:00 [info] <0.803.0>@leveled_penciller:start_from_file/1:1538 log_ref=p0017 db_id=0 No L0 file found
2026-09-12 00:18:51.197996+09:00 [info] <0.805.0>@leveled_penciller:start_from_file/1:1538 log_ref=p0017 db_id=4 No L0 file found
2026-09-12 00:18:51.198063+09:00 [info] <0.801.0>@leveled_penciller:start_from_file/1:1538 log_ref=p0017 db_id=1 No L0 file found
2026-09-12 00:18:51.198163+09:00 [info] <0.800.0>@leveled_penciller:start_from_file/1:1538 log_ref=p0017 db_id=7 No L0 file found
2026-09-12 00:18:51.198230+09:00 [info] <0.804.0>@leveled_penciller:start_from_file/1:1538 log_ref=p0017 db_id=3 No L0 file found
2026-09-12 00:18:51.198343+09:00 [info] <0.798.0>@leveled_penciller:start_from_file/1:1538 log_ref=p0017 db_id=6 No L0 file found
2026-09-12 00:18:51.198443+09:00 [info] <0.799.0>@leveled_penciller:start_from_file/1:1538 log_ref=p0017 db_id=2 No L0 file found
2026-09-12 00:18:51.198852+09:00 [info] <0.802.0>@leveled_penciller:start_from_file/1:1538 log_ref=p0017 db_id=5 No L0 file found
2026-09-12 00:18:51.199478+09:00 [info] <0.763.0>@leveled_bookie:startup/2:1993 log_ref=b0005 db_id=0 LedgerSQN=0 at startup
2026-09-12 00:18:51.199826+09:00 [info] <0.760.0>@leveled_bookie:startup/2:1993 log_ref=b0005 db_id=4 LedgerSQN=0 at startup
2026-09-12 00:18:51.199943+09:00 [info] <0.764.0>@leveled_bookie:startup/2:1993 log_ref=b0005 db_id=1 LedgerSQN=0 at startup
2026-09-12 00:18:51.201342+09:00 [info] <0.757.0>@leveled_bookie:startup/2:1993 log_ref=b0005 db_id=7 LedgerSQN=0 at startup
2026-09-12 00:18:51.201549+09:00 [info] <0.761.0>@leveled_bookie:startup/2:1993 log_ref=b0005 db_id=3 LedgerSQN=0 at startup
2026-09-12 00:18:51.201659+09:00 [info] <0.758.0>@leveled_bookie:startup/2:1993 log_ref=b0005 db_id=2 LedgerSQN=0 at startup
2026-09-12 00:18:51.201665+09:00 [info] <0.759.0>@leveled_bookie:startup/2:1993 log_ref=b0005 db_id=6 LedgerSQN=0 at startup
2026-09-12 00:18:51.202208+09:00 [info] <0.774.0>@leveled_bookie:startup/2:2004 log_ref=i0014 db_id=4 On startup loading from filename /var/lib/riak/leveled/730750818665451459101842416358141509827966271488/journal/journal_files/0_e3c43bfa-1e3f-48fc-bc5c-002821f54896 from SQN 1
2026-09-12 00:18:51.202183+09:00 [info] <0.780.0>@leveled_bookie:startup/2:2004 log_ref=i0014 db_id=0 On startup loading from filename /var/lib/riak/leveled/0/journal/journal_files/0_d16ca00f-0cfb-4c82-82a8-9446eaee6d15 from SQN 1
2026-09-12 00:18:51.202244+09:00 [info] <0.779.0>@leveled_bookie:startup/2:2004 log_ref=i0014 db_id=6 On startup loading from filename /var/lib/riak/leveled/1096126227998177188652763624537212264741949407232/journal/journal_files/0_7d6df713-af08-459a-a5e8-f5208cb8369a from SQN 1
2026-09-12 00:18:51.202340+09:00 [info] <0.776.0>@leveled_bookie:startup/2:2004 log_ref=i0014 db_id=1 On startup loading from filename /var/lib/riak/leveled/182687704666362864775460604089535377456991567872/journal/journal_files/0_1091d435-0635-4315-b16c-1887e1b84845 from SQN 1
2026-09-12 00:18:51.202329+09:00 [info] <0.762.0>@leveled_bookie:startup/2:1993 log_ref=b0005 db_id=5 LedgerSQN=0 at startup
2026-09-12 00:18:51.202382+09:00 [info] <0.773.0>@leveled_bookie:startup/2:2004 log_ref=i0014 db_id=7 On startup loading from filename /var/lib/riak/leveled/1278813932664540053428224228626747642198940975104/journal/journal_files/0_e3cfb3c9-cc99-4bb1-b10c-ada4abcea7a8 from SQN 1
2026-09-12 00:18:51.202429+09:00 [info] <0.777.0>@leveled_bookie:startup/2:2004 log_ref=i0014 db_id=3 On startup loading from filename /var/lib/riak/leveled/548063113999088594326381812268606132370974703616/journal/journal_files/0_a0b2f44f-c2f5-445e-b118-2b410f3a8c40 from SQN 1
2026-09-12 00:18:51.202515+09:00 [info] <0.778.0>@leveled_bookie:startup/2:2004 log_ref=i0014 db_id=5 On startup loading from filename /var/lib/riak/leveled/913438523331814323877303020447676887284957839360/journal/journal_files/0_093782f1-bc03-492c-8a3e-eebaf47993ff from SQN 1
2026-09-12 00:18:51.202710+09:00 [info] <0.763.0>@leveled_bookie:init/1:1409 log_ref=b0001 db_id=0 Bookie starting with Ink <0.780.0> Pcl <0.803.0>
2026-09-12 00:18:51.202705+09:00 [info] <0.759.0>@leveled_bookie:init/1:1409 log_ref=b0001 db_id=6 Bookie starting with Ink <0.779.0> Pcl <0.798.0>
2026-09-12 00:18:51.202781+09:00 [info] <0.761.0>@leveled_bookie:init/1:1409 log_ref=b0001 db_id=3 Bookie starting with Ink <0.777.0> Pcl <0.804.0>
2026-09-12 00:18:51.202883+09:00 [info] <0.760.0>@leveled_bookie:init/1:1409 log_ref=b0001 db_id=4 Bookie starting with Ink <0.774.0> Pcl <0.805.0>
2026-09-12 00:18:51.202958+09:00 [info] <0.757.0>@leveled_bookie:init/1:1409 log_ref=b0001 db_id=7 Bookie starting with Ink <0.773.0> Pcl <0.800.0>
2026-09-12 00:18:51.203095+09:00 [info] <0.762.0>@leveled_bookie:init/1:1409 log_ref=b0001 db_id=5 Bookie starting with Ink <0.778.0> Pcl <0.802.0>
2026-09-12 00:18:51.202429+09:00 [info] <0.775.0>@leveled_bookie:startup/2:2004 log_ref=i0014 db_id=2 On startup loading from filename /var/lib/riak/leveled/365375409332725729550921208179070754913983135744/journal/journal_files/0_8650d170-d255-41eb-b1f5-6c8c961c4925 from SQN 1
2026-09-12 00:18:51.204621+09:00 [info] <0.758.0>@leveled_bookie:init/1:1409 log_ref=b0001 db_id=2 Bookie starting with Ink <0.775.0> Pcl <0.799.0>
2026-09-12 00:18:51.204769+09:00 [info] <0.764.0>@leveled_bookie:init/1:1409 log_ref=b0001 db_id=1 Bookie starting with Ink <0.776.0> Pcl <0.801.0>
2026-09-12 00:18:51.206426+09:00 [info] <0.732.0>@riak_kv_leveled_backend:schedule_journalcompaction/4:903 Schedule compaction for interval 1174 on partition 0
2026-09-12 00:18:51.206450+09:00 [info] <0.736.0>@riak_kv_leveled_backend:schedule_journalcompaction/4:903 Schedule compaction for interval 1585 on partition 730750818665451459101842416358141509827966271488
2026-09-12 00:18:51.206456+09:00 [info] <0.738.0>@riak_kv_leveled_backend:schedule_journalcompaction/4:903 Schedule compaction for interval 837 on partition 1096126227998177188652763624537212264741949407232
2026-09-12 00:18:51.206474+09:00 [info] <0.733.0>@riak_kv_leveled_backend:schedule_journalcompaction/4:903 Schedule compaction for interval 4538 on partition 182687704666362864775460604089535377456991567872
2026-09-12 00:18:51.206481+09:00 [info] <0.734.0>@riak_kv_leveled_backend:schedule_journalcompaction/4:903 Schedule compaction for interval 1169 on partition 365375409332725729550921208179070754913983135744
2026-09-12 00:18:51.206487+09:00 [info] <0.737.0>@riak_kv_leveled_backend:schedule_journalcompaction/4:903 Schedule compaction for interval 9039 on partition 913438523331814323877303020447676887284957839360
2026-09-12 00:18:51.206492+09:00 [info] <0.739.0>@riak_kv_leveled_backend:schedule_journalcompaction/4:903 Schedule compaction for interval 8223 on partition 1278813932664540053428224228626747642198940975104
2026-09-12 00:18:51.206497+09:00 [info] <0.735.0>@riak_kv_leveled_backend:schedule_journalcompaction/4:903 Schedule compaction for interval 5961 on partition 548063113999088594326381812268606132370974703616
2026-09-12 00:18:51.250050+09:00 [info] <0.822.0>@aae_controller:init/1:674 log_ref=aae02 Native KeyStore type leveled_nko startup request
2026-09-12 00:18:51.249998+09:00 [info] <0.827.0>@aae_controller:init/1:674 log_ref=aae02 Native KeyStore type leveled_nko startup request
2026-09-12 00:18:51.250219+09:00 [info] <0.824.0>@aae_controller:init/1:674 log_ref=aae02 Native KeyStore type leveled_nko startup request
2026-09-12 00:18:51.250112+09:00 [info] <0.828.0>@aae_controller:init/1:674 log_ref=aae02 Native KeyStore type leveled_nko startup request
2026-09-12 00:18:51.250175+09:00 [info] <0.829.0>@aae_controller:init/1:674 log_ref=aae02 Native KeyStore type leveled_nko startup request
2026-09-12 00:18:51.249998+09:00 [info] <0.823.0>@aae_controller:init/1:674 log_ref=aae02 Native KeyStore type leveled_nko startup request
2026-09-12 00:18:51.250576+09:00 [info] <0.825.0>@aae_controller:init/1:674 log_ref=aae02 Native KeyStore type leveled_nko startup request
2026-09-12 00:18:51.250551+09:00 [warning] <0.834.0>@aae_keystore:open_manifest/1:1526 log_ref=ks002 No valid manifest found for AAE keystore at /var/lib/riak/tictac_aae/182687704666362864775460604089535377456991567872/leveled_nko/keystore reason not_present
2026-09-12 00:18:51.250566+09:00 [info] <0.826.0>@aae_controller:init/1:674 log_ref=aae02 Native KeyStore type leveled_nko startup request
2026-09-12 00:18:51.250533+09:00 [warning] <0.830.0>@aae_keystore:open_manifest/1:1526 log_ref=ks002 No valid manifest found for AAE keystore at /var/lib/riak/tictac_aae/0/leveled_nko/keystore reason not_present
2026-09-12 00:18:51.250578+09:00 [warning] <0.832.0>@aae_keystore:open_manifest/1:1526 log_ref=ks002 No valid manifest found for AAE keystore at /var/lib/riak/tictac_aae/548063113999088594326381812268606132370974703616/leveled_nko/keystore reason not_present
2026-09-12 00:18:51.250750+09:00 [warning] <0.835.0>@aae_keystore:open_manifest/1:1526 log_ref=ks002 No valid manifest found for AAE keystore at /var/lib/riak/tictac_aae/365375409332725729550921208179070754913983135744/leveled_nko/keystore reason not_present
2026-09-12 00:18:51.250551+09:00 [warning] <0.833.0>@aae_keystore:open_manifest/1:1526 log_ref=ks002 No valid manifest found for AAE keystore at /var/lib/riak/tictac_aae/730750818665451459101842416358141509827966271488/leveled_nko/keystore reason not_present
2026-09-12 00:18:51.250561+09:00 [warning] <0.831.0>@aae_keystore:open_manifest/1:1526 log_ref=ks002 No valid manifest found for AAE keystore at /var/lib/riak/tictac_aae/913438523331814323877303020447676887284957839360/leveled_nko/keystore reason not_present
2026-09-12 00:18:51.250861+09:00 [warning] <0.836.0>@aae_keystore:open_manifest/1:1526 log_ref=ks002 No valid manifest found for AAE keystore at /var/lib/riak/tictac_aae/1096126227998177188652763624537212264741949407232/leveled_nko/keystore reason not_present
2026-09-12 00:18:51.251087+09:00 [warning] <0.837.0>@aae_keystore:open_manifest/1:1526 log_ref=ks002 No valid manifest found for AAE keystore at /var/lib/riak/tictac_aae/1278813932664540053428224228626747642198940975104/leveled_nko/keystore reason not_present
2026-09-12 00:18:51.264704+09:00 [info] <0.845.0>@aae_treecache:init/1:224 log_ref=c0005 Starting cache with is_restored=false and IndexN of {182687704666362864775460604089535377456991567872,3}
2026-09-12 00:18:51.264466+09:00 [info] <0.839.0>@aae_treecache:init/1:224 log_ref=c0005 Starting cache with is_restored=false and IndexN of {913438523331814323877303020447676887284957839360,3}
2026-09-12 00:18:51.264555+09:00 [info] <0.844.0>@aae_treecache:init/1:224 log_ref=c0005 Starting cache with is_restored=false and IndexN of {1278813932664540053428224228626747642198940975104,3}
2026-09-12 00:18:51.264594+09:00 [info] <0.843.0>@aae_treecache:init/1:224 log_ref=c0005 Starting cache with is_restored=false and IndexN of {1096126227998177188652763624537212264741949407232,3}
2026-09-12 00:18:51.264706+09:00 [info] <0.841.0>@aae_treecache:init/1:224 log_ref=c0005 Starting cache with is_restored=false and IndexN of {730750818665451459101842416358141509827966271488,3}
2026-09-12 00:18:51.265032+09:00 [info] <0.842.0>@aae_treecache:init/1:224 log_ref=c0005 Starting cache with is_restored=false and IndexN of {365375409332725729550921208179070754913983135744,3}
2026-09-12 00:18:51.265123+09:00 [info] <0.840.0>@aae_treecache:init/1:224 log_ref=c0005 Starting cache with is_restored=false and IndexN of {0,3}
2026-09-12 00:18:51.265159+09:00 [info] <0.838.0>@aae_treecache:init/1:224 log_ref=c0005 Starting cache with is_restored=false and IndexN of {548063113999088594326381812268606132370974703616,3}
2026-09-12 00:18:51.269381+09:00 [info] <0.846.0>@aae_treecache:init/1:224 log_ref=c0005 Starting cache with is_restored=false and IndexN of {1278813932664540053428224228626747642198940975104,3}
2026-09-12 00:18:51.270133+09:00 [info] <0.847.0>@aae_treecache:init/1:224 log_ref=c0005 Starting cache with is_restored=false and IndexN of {1096126227998177188652763624537212264741949407232,3}
2026-09-12 00:18:51.270420+09:00 [info] <0.848.0>@aae_treecache:init/1:224 log_ref=c0005 Starting cache with is_restored=false and IndexN of {913438523331814323877303020447676887284957839360,3}
2026-09-12 00:18:51.270951+09:00 [info] <0.849.0>@aae_treecache:init/1:224 log_ref=c0005 Starting cache with is_restored=false and IndexN of {182687704666362864775460604089535377456991567872,3}
2026-09-12 00:18:51.271181+09:00 [info] <0.850.0>@aae_treecache:init/1:224 log_ref=c0005 Starting cache with is_restored=false and IndexN of {730750818665451459101842416358141509827966271488,3}
2026-09-12 00:18:51.271460+09:00 [info] <0.851.0>@aae_treecache:init/1:224 log_ref=c0005 Starting cache with is_restored=false and IndexN of {0,3}
2026-09-12 00:18:51.273754+09:00 [info] <0.852.0>@aae_treecache:init/1:224 log_ref=c0005 Starting cache with is_restored=false and IndexN of {365375409332725729550921208179070754913983135744,3}
2026-09-12 00:18:51.278003+09:00 [info] <0.853.0>@aae_treecache:init/1:224 log_ref=c0005 Starting cache with is_restored=false and IndexN of {548063113999088594326381812268606132370974703616,3}
2026-09-12 00:18:51.281657+09:00 [info] <0.854.0>@aae_treecache:init/1:224 log_ref=c0005 Starting cache with is_restored=false and IndexN of {0,3}
2026-09-12 00:18:51.282882+09:00 [info] <0.855.0>@aae_treecache:init/1:224 log_ref=c0005 Starting cache with is_restored=false and IndexN of {1278813932664540053428224228626747642198940975104,3}
2026-09-12 00:18:51.284736+09:00 [info] <0.856.0>@aae_treecache:init/1:224 log_ref=c0005 Starting cache with is_restored=false and IndexN of {1096126227998177188652763624537212264741949407232,3}
2026-09-12 00:18:51.286040+09:00 [info] <0.857.0>@aae_treecache:init/1:224 log_ref=c0005 Starting cache with is_restored=false and IndexN of {365375409332725729550921208179070754913983135744,3}
2026-09-12 00:18:51.286206+09:00 [info] <0.823.0>@aae_controller:init/1:719 log_ref=aae10 AAE controller started with IndexNs [{0,3},{182687704666362864775460604089535377456991567872,3},{365375409332725729550921208179070754913983135744,3}] and StoreType {native,leveled_nko,<0.758.0>}
2026-09-12 00:18:51.286255+09:00 [info] <0.826.0>@aae_controller:init/1:719 log_ref=aae10 AAE controller started with IndexNs [{913438523331814323877303020447676887284957839360,3},{1096126227998177188652763624537212264741949407232,3},{1278813932664540053428224228626747642198940975104,3}] and StoreType {native,leveled_nko,<0.757.0>}
2026-09-12 00:18:51.286279+09:00 [info] <0.822.0>@aae_controller:init/1:719 log_ref=aae10 AAE controller started with IndexNs [{1096126227998177188652763624537212264741949407232,3},{1278813932664540053428224228626747642198940975104,3},{0,3}] and StoreType {native,leveled_nko,<0.763.0>}
2026-09-12 00:18:51.286546+09:00 [info] <0.734.0>@riak_kv_vnode:maybe_start_aaecontroller/2:402 AAE Controller started with pid=<0.823.0>
2026-09-12 00:18:51.286613+09:00 [info] <0.732.0>@riak_kv_vnode:maybe_start_aaecontroller/2:402 AAE Controller started with pid=<0.822.0>
2026-09-12 00:18:51.286745+09:00 [info] <0.739.0>@riak_kv_vnode:maybe_start_aaecontroller/2:402 AAE Controller started with pid=<0.826.0>
2026-09-12 00:18:51.286867+09:00 [info] <0.825.0>@aae_controller:init/1:719 log_ref=aae10 AAE controller started with IndexNs [{730750818665451459101842416358141509827966271488,3},{913438523331814323877303020447676887284957839360,3},{1096126227998177188652763624537212264741949407232,3}] and StoreType {native,leveled_nko,<0.759.0>}
2026-09-12 00:18:51.286947+09:00 [info] <0.738.0>@riak_kv_vnode:maybe_start_aaecontroller/2:402 AAE Controller started with pid=<0.825.0>
2026-09-12 00:18:51.288051+09:00 [info] <0.858.0>@aae_treecache:init/1:224 log_ref=c0005 Starting cache with is_restored=false and IndexN of {913438523331814323877303020447676887284957839360,3}
2026-09-12 00:18:51.288210+09:00 [info] <0.827.0>@aae_controller:init/1:719 log_ref=aae10 AAE controller started with IndexNs [{548063113999088594326381812268606132370974703616,3},{730750818665451459101842416358141509827966271488,3},{913438523331814323877303020447676887284957839360,3}] and StoreType {native,leveled_nko,<0.762.0>}
2026-09-12 00:18:51.288323+09:00 [info] <0.737.0>@riak_kv_vnode:maybe_start_aaecontroller/2:402 AAE Controller started with pid=<0.827.0>
2026-09-12 00:18:51.289042+09:00 [info] <0.859.0>@aae_treecache:init/1:224 log_ref=c0005 Starting cache with is_restored=false and IndexN of {182687704666362864775460604089535377456991567872,3}
2026-09-12 00:18:51.289264+09:00 [info] <0.829.0>@aae_controller:init/1:719 log_ref=aae10 AAE controller started with IndexNs [{1278813932664540053428224228626747642198940975104,3},{0,3},{182687704666362864775460604089535377456991567872,3}] and StoreType {native,leveled_nko,<0.764.0>}
2026-09-12 00:18:51.289918+09:00 [info] <0.733.0>@riak_kv_vnode:maybe_start_aaecontroller/2:402 AAE Controller started with pid=<0.829.0>
2026-09-12 00:18:51.290888+09:00 [info] <0.860.0>@aae_treecache:init/1:224 log_ref=c0005 Starting cache with is_restored=false and IndexN of {548063113999088594326381812268606132370974703616,3}
2026-09-12 00:18:51.291091+09:00 [info] <0.824.0>@aae_controller:init/1:719 log_ref=aae10 AAE controller started with IndexNs [{182687704666362864775460604089535377456991567872,3},{365375409332725729550921208179070754913983135744,3},{548063113999088594326381812268606132370974703616,3}] and StoreType {native,leveled_nko,<0.761.0>}
2026-09-12 00:18:51.291400+09:00 [info] <0.861.0>@aae_treecache:init/1:224 log_ref=c0005 Starting cache with is_restored=false and IndexN of {730750818665451459101842416358141509827966271488,3}
2026-09-12 00:18:51.291236+09:00 [info] <0.735.0>@riak_kv_vnode:maybe_start_aaecontroller/2:402 AAE Controller started with pid=<0.824.0>
2026-09-12 00:18:51.291543+09:00 [info] <0.828.0>@aae_controller:init/1:719 log_ref=aae10 AAE controller started with IndexNs [{365375409332725729550921208179070754913983135744,3},{548063113999088594326381812268606132370974703616,3},{730750818665451459101842416358141509827966271488,3}] and StoreType {native,leveled_nko,<0.760.0>}
2026-09-12 00:18:51.291668+09:00 [info] <0.736.0>@riak_kv_vnode:maybe_start_aaecontroller/2:402 AAE Controller started with pid=<0.828.0>
2026-09-12 00:18:51.292541+09:00 [info] <0.728.0>@riak_core_vnode_manager:get_vnode/3:743 VNode initialization ready <0.736.0> 730750818665451459101842416358141509827966271488 riak_kv_vnode
2026-09-12 00:18:51.292691+09:00 [info] <0.725.0>@riak_core_vnode_manager:get_vnode/3:743 VNode initialization ready <0.733.0> 182687704666362864775460604089535377456991567872 riak_kv_vnode
2026-09-12 00:18:51.292670+09:00 [info] <0.727.0>@riak_core_vnode_manager:get_vnode/3:743 VNode initialization ready <0.735.0> 548063113999088594326381812268606132370974703616 riak_kv_vnode
2026-09-12 00:18:51.292776+09:00 [info] <0.731.0>@riak_core_vnode_manager:get_vnode/3:743 VNode initialization ready <0.739.0> 1278813932664540053428224228626747642198940975104 riak_kv_vnode
2026-09-12 00:18:51.292860+09:00 [info] <0.730.0>@riak_core_vnode_manager:get_vnode/3:743 VNode initialization ready <0.738.0> 1096126227998177188652763624537212264741949407232 riak_kv_vnode
2026-09-12 00:18:51.292840+09:00 [info] <0.724.0>@riak_core_vnode_manager:get_vnode/3:743 VNode initialization ready <0.732.0> 0 riak_kv_vnode
2026-09-12 00:18:51.292939+09:00 [info] <0.729.0>@riak_core_vnode_manager:get_vnode/3:743 VNode initialization ready <0.737.0> 913438523331814323877303020447676887284957839360 riak_kv_vnode
2026-09-12 00:18:51.293284+09:00 [info] <0.726.0>@riak_core_vnode_manager:get_vnode/3:743 VNode initialization ready <0.734.0> 365375409332725729550921208179070754913983135744 riak_kv_vnode
2026-09-12 00:18:51.293495+09:00 [info] <0.934.0>@riak_core_vnode_manager:get_vnode/3:733 Will start VNode for partition 182687704666362864775460604089535377456991567872 riak_pipe_vnode
2026-09-12 00:18:51.294617+09:00 [info] <0.934.0>@riak_core_vnode_manager:get_vnode/3:743 VNode initialization ready <0.935.0> 182687704666362864775460604089535377456991567872 riak_pipe_vnode
2026-09-12 00:18:51.295512+09:00 [info] <0.937.0>@riak_core_vnode_manager:get_vnode/3:733 Will start VNode for partition 365375409332725729550921208179070754913983135744 riak_pipe_vnode
2026-09-12 00:18:51.298045+09:00 [info] <0.937.0>@riak_core_vnode_manager:get_vnode/3:743 VNode initialization ready <0.938.0> 365375409332725729550921208179070754913983135744 riak_pipe_vnode
2026-09-12 00:18:51.298390+09:00 [info] <0.940.0>@riak_core_vnode_manager:get_vnode/3:733 Will start VNode for partition 548063113999088594326381812268606132370974703616 riak_pipe_vnode
2026-09-12 00:18:51.298969+09:00 [info] <0.940.0>@riak_core_vnode_manager:get_vnode/3:743 VNode initialization ready <0.941.0> 548063113999088594326381812268606132370974703616 riak_pipe_vnode
2026-09-12 00:18:51.299485+09:00 [info] <0.943.0>@riak_core_vnode_manager:get_vnode/3:733 Will start VNode for partition 730750818665451459101842416358141509827966271488 riak_pipe_vnode
2026-09-12 00:18:51.300241+09:00 [info] <0.943.0>@riak_core_vnode_manager:get_vnode/3:743 VNode initialization ready <0.944.0> 730750818665451459101842416358141509827966271488 riak_pipe_vnode
2026-09-12 00:18:51.300422+09:00 [info] <0.946.0>@riak_core_vnode_manager:get_vnode/3:733 Will start VNode for partition 913438523331814323877303020447676887284957839360 riak_pipe_vnode
2026-09-12 00:18:51.301349+09:00 [info] <0.946.0>@riak_core_vnode_manager:get_vnode/3:743 VNode initialization ready <0.947.0> 913438523331814323877303020447676887284957839360 riak_pipe_vnode
2026-09-12 00:18:51.301538+09:00 [info] <0.949.0>@riak_core_vnode_manager:get_vnode/3:733 Will start VNode for partition 1096126227998177188652763624537212264741949407232 riak_pipe_vnode
2026-09-12 00:18:51.302190+09:00 [info] <0.949.0>@riak_core_vnode_manager:get_vnode/3:743 VNode initialization ready <0.950.0> 1096126227998177188652763624537212264741949407232 riak_pipe_vnode
2026-09-12 00:18:51.302354+09:00 [info] <0.952.0>@riak_core_vnode_manager:get_vnode/3:733 Will start VNode for partition 1278813932664540053428224228626747642198940975104 riak_pipe_vnode
2026-09-12 00:18:51.302993+09:00 [info] <0.952.0>@riak_core_vnode_manager:get_vnode/3:743 VNode initialization ready <0.953.0> 1278813932664540053428224228626747642198940975104 riak_pipe_vnode
2026-09-12 00:18:51.332602+09:00 [info] <0.394.0>@riak_core:wait_for_service/2:492 Wait complete for service riak_kv (9 seconds)
2026-09-12 00:18:51.332707+09:00 [info] <0.614.0>@riak_core:wait_for_service/2:492 Wait complete for service riak_kv (9 seconds)
2026-09-12 00:18:51.350367+09:00 [info] <0.248.0>@riak_core_capability:process_capability_changes/2:557 New capability: {riak_repl,bloom_fold} = true
2026-09-12 00:18:51.362456+09:00 [info] <0.248.0>@riak_core_capability:process_capability_changes/2:557 New capability: {riak_repl,rtq_meta} = true
2026-09-12 00:18:51.381593+09:00 [info] <0.248.0>@riak_core_capability:process_capability_changes/2:557 New capability: {riak_repl,default_bucket_props_hash} = [consistent,datatype,n_val,write_once]
2026-09-12 00:18:51.395468+09:00 [info] <0.614.0>@riak_repl_app:start/2:70 REPL CS block skip disabled
2026-09-12 00:18:51.401380+09:00 [info] <0.971.0>@supervisor:report_progress/2:1582 Supervisor: {local,riak_repl_sup}. Started: id=riak_repl_client_sup,pid=<0.972.0>.
2026-09-12 00:18:51.402965+09:00 [info] <0.971.0>@supervisor:report_progress/2:1582 Supervisor: {local,riak_repl_sup}. Started: id=riak_repl_server_sup,pid=<0.973.0>.
2026-09-12 00:18:51.406165+09:00 [info] <0.971.0>@supervisor:report_progress/2:1582 Supervisor: {local,riak_repl_sup}. Started: id=riak_repl_leader,pid=<0.974.0>.
2026-09-12 00:18:51.409612+09:00 [info] <0.971.0>@supervisor:report_progress/2:1582 Supervisor: {local,riak_repl_sup}. Started: id=riak_repl2_leader,pid=<0.977.0>.
2026-09-12 00:18:51.424717+09:00 [info] <0.979.0>@riak_core_service_mgr:start_link/1:111 Starting Core Service Manager at {"127.0.0.1",9080}
2026-09-12 00:18:51.435318+09:00 [info] <0.977.0>@riak_repl2_leader:become_leader/2:217 Leader2: 'openriak-kv@node-01.cluster-a.openriak' elected as replication leader
2026-09-12 00:18:51.446726+09:00 [info] <0.986.0>@supervisor:report_progress/2:1582 Supervisor: {<0.986.0>,ranch_conns_sup_sup}. Started: id={ranch_conns_sup,1},pid=<0.987.0>.
2026-09-12 00:18:51.446921+09:00 [info] <0.986.0>@supervisor:report_progress/2:1582 Supervisor: {<0.986.0>,ranch_conns_sup_sup}. Started: id={ranch_conns_sup,2},pid=<0.988.0>.
2026-09-12 00:18:51.447046+09:00 [info] <0.986.0>@supervisor:report_progress/2:1582 Supervisor: {<0.986.0>,ranch_conns_sup_sup}. Started: id={ranch_conns_sup,3},pid=<0.989.0>.
2026-09-12 00:18:51.447185+09:00 [info] <0.986.0>@supervisor:report_progress/2:1582 Supervisor: {<0.986.0>,ranch_conns_sup_sup}. Started: id={ranch_conns_sup,4},pid=<0.990.0>.
2026-09-12 00:18:51.447281+09:00 [info] <0.986.0>@supervisor:report_progress/2:1582 Supervisor: {<0.986.0>,ranch_conns_sup_sup}. Started: id={ranch_conns_sup,5},pid=<0.991.0>.
2026-09-12 00:18:51.447416+09:00 [info] <0.986.0>@supervisor:report_progress/2:1582 Supervisor: {<0.986.0>,ranch_conns_sup_sup}. Started: id={ranch_conns_sup,6},pid=<0.992.0>.
2026-09-12 00:18:51.447534+09:00 [info] <0.986.0>@supervisor:report_progress/2:1582 Supervisor: {<0.986.0>,ranch_conns_sup_sup}. Started: id={ranch_conns_sup,7},pid=<0.993.0>.
2026-09-12 00:18:51.447671+09:00 [info] <0.986.0>@supervisor:report_progress/2:1582 Supervisor: {<0.986.0>,ranch_conns_sup_sup}. Started: id={ranch_conns_sup,8},pid=<0.994.0>.
2026-09-12 00:18:51.447777+09:00 [info] <0.986.0>@supervisor:report_progress/2:1582 Supervisor: {<0.986.0>,ranch_conns_sup_sup}. Started: id={ranch_conns_sup,9},pid=<0.995.0>.
2026-09-12 00:18:51.447909+09:00 [info] <0.986.0>@supervisor:report_progress/2:1582 Supervisor: {<0.986.0>,ranch_conns_sup_sup}. Started: id={ranch_conns_sup,10},pid=<0.996.0>.
2026-09-12 00:18:51.448023+09:00 [info] <0.986.0>@supervisor:report_progress/2:1582 Supervisor: {<0.986.0>,ranch_conns_sup_sup}. Started: id={ranch_conns_sup,11},pid=<0.997.0>.
2026-09-12 00:18:51.448147+09:00 [info] <0.986.0>@supervisor:report_progress/2:1582 Supervisor: {<0.986.0>,ranch_conns_sup_sup}. Started: id={ranch_conns_sup,12},pid=<0.998.0>.
2026-09-12 00:18:51.448241+09:00 [info] <0.986.0>@supervisor:report_progress/2:1582 Supervisor: {<0.986.0>,ranch_conns_sup_sup}. Started: id={ranch_conns_sup,13},pid=<0.999.0>.
2026-09-12 00:18:51.448361+09:00 [info] <0.986.0>@supervisor:report_progress/2:1582 Supervisor: {<0.986.0>,ranch_conns_sup_sup}. Started: id={ranch_conns_sup,14},pid=<0.1000.0>.
2026-09-12 00:18:51.448467+09:00 [info] <0.986.0>@supervisor:report_progress/2:1582 Supervisor: {<0.986.0>,ranch_conns_sup_sup}. Started: id={ranch_conns_sup,15},pid=<0.1001.0>.
2026-09-12 00:18:51.448593+09:00 [info] <0.986.0>@supervisor:report_progress/2:1582 Supervisor: {<0.986.0>,ranch_conns_sup_sup}. Started: id={ranch_conns_sup,16},pid=<0.1002.0>.
2026-09-12 00:18:51.448704+09:00 [info] <0.986.0>@supervisor:report_progress/2:1582 Supervisor: {<0.986.0>,ranch_conns_sup_sup}. Started: id={ranch_conns_sup,17},pid=<0.1003.0>.
2026-09-12 00:18:51.448845+09:00 [info] <0.986.0>@supervisor:report_progress/2:1582 Supervisor: {<0.986.0>,ranch_conns_sup_sup}. Started: id={ranch_conns_sup,18},pid=<0.1004.0>.
2026-09-12 00:18:51.448985+09:00 [info] <0.986.0>@supervisor:report_progress/2:1582 Supervisor: {<0.986.0>,ranch_conns_sup_sup}. Started: id={ranch_conns_sup,19},pid=<0.1005.0>.
2026-09-12 00:18:51.449149+09:00 [info] <0.986.0>@supervisor:report_progress/2:1582 Supervisor: {<0.986.0>,ranch_conns_sup_sup}. Started: id={ranch_conns_sup,20},pid=<0.1006.0>.
2026-09-12 00:18:51.449231+09:00 [info] <0.986.0>@supervisor:report_progress/2:1582 Supervisor: {<0.986.0>,ranch_conns_sup_sup}. Started: id={ranch_conns_sup,21},pid=<0.1007.0>.
2026-09-12 00:18:51.449400+09:00 [info] <0.986.0>@supervisor:report_progress/2:1582 Supervisor: {<0.986.0>,ranch_conns_sup_sup}. Started: id={ranch_conns_sup,22},pid=<0.1008.0>.
2026-09-12 00:18:51.449539+09:00 [info] <0.986.0>@supervisor:report_progress/2:1582 Supervisor: {<0.986.0>,ranch_conns_sup_sup}. Started: id={ranch_conns_sup,23},pid=<0.1009.0>.
2026-09-12 00:18:51.449722+09:00 [info] <0.986.0>@supervisor:report_progress/2:1582 Supervisor: {<0.986.0>,ranch_conns_sup_sup}. Started: id={ranch_conns_sup,24},pid=<0.1010.0>.
2026-09-12 00:18:51.449845+09:00 [info] <0.986.0>@supervisor:report_progress/2:1582 Supervisor: {<0.986.0>,ranch_conns_sup_sup}. Started: id={ranch_conns_sup,25},pid=<0.1011.0>.
2026-09-12 00:18:51.449980+09:00 [info] <0.986.0>@supervisor:report_progress/2:1582 Supervisor: {<0.986.0>,ranch_conns_sup_sup}. Started: id={ranch_conns_sup,26},pid=<0.1012.0>.
2026-09-12 00:18:51.450111+09:00 [info] <0.986.0>@supervisor:report_progress/2:1582 Supervisor: {<0.986.0>,ranch_conns_sup_sup}. Started: id={ranch_conns_sup,27},pid=<0.1013.0>.
2026-09-12 00:18:51.450253+09:00 [info] <0.986.0>@supervisor:report_progress/2:1582 Supervisor: {<0.986.0>,ranch_conns_sup_sup}. Started: id={ranch_conns_sup,28},pid=<0.1014.0>.
2026-09-12 00:18:51.450363+09:00 [info] <0.986.0>@supervisor:report_progress/2:1582 Supervisor: {<0.986.0>,ranch_conns_sup_sup}. Started: id={ranch_conns_sup,29},pid=<0.1015.0>.
2026-09-12 00:18:51.450482+09:00 [info] <0.986.0>@supervisor:report_progress/2:1582 Supervisor: {<0.986.0>,ranch_conns_sup_sup}. Started: id={ranch_conns_sup,30},pid=<0.1016.0>.
2026-09-12 00:18:51.450600+09:00 [info] <0.986.0>@supervisor:report_progress/2:1582 Supervisor: {<0.986.0>,ranch_conns_sup_sup}. Started: id={ranch_conns_sup,31},pid=<0.1017.0>.
2026-09-12 00:18:51.450742+09:00 [info] <0.986.0>@supervisor:report_progress/2:1582 Supervisor: {<0.986.0>,ranch_conns_sup_sup}. Started: id={ranch_conns_sup,32},pid=<0.1018.0>.
2026-09-12 00:18:51.450855+09:00 [info] <0.986.0>@supervisor:report_progress/2:1582 Supervisor: {<0.986.0>,ranch_conns_sup_sup}. Started: id={ranch_conns_sup,33},pid=<0.1019.0>.
2026-09-12 00:18:51.450954+09:00 [info] <0.986.0>@supervisor:report_progress/2:1582 Supervisor: {<0.986.0>,ranch_conns_sup_sup}. Started: id={ranch_conns_sup,34},pid=<0.1020.0>.
2026-09-12 00:18:51.451024+09:00 [info] <0.986.0>@supervisor:report_progress/2:1582 Supervisor: {<0.986.0>,ranch_conns_sup_sup}. Started: id={ranch_conns_sup,35},pid=<0.1021.0>.
2026-09-12 00:18:51.451150+09:00 [info] <0.986.0>@supervisor:report_progress/2:1582 Supervisor: {<0.986.0>,ranch_conns_sup_sup}. Started: id={ranch_conns_sup,36},pid=<0.1022.0>.
2026-09-12 00:18:51.451223+09:00 [info] <0.986.0>@supervisor:report_progress/2:1582 Supervisor: {<0.986.0>,ranch_conns_sup_sup}. Started: id={ranch_conns_sup,37},pid=<0.1023.0>.
2026-09-12 00:18:51.451368+09:00 [info] <0.986.0>@supervisor:report_progress/2:1582 Supervisor: {<0.986.0>,ranch_conns_sup_sup}. Started: id={ranch_conns_sup,38},pid=<0.1024.0>.
2026-09-12 00:18:51.451577+09:00 [info] <0.986.0>@supervisor:report_progress/2:1582 Supervisor: {<0.986.0>,ranch_conns_sup_sup}. Started: id={ranch_conns_sup,39},pid=<0.1025.0>.
2026-09-12 00:18:51.451700+09:00 [info] <0.986.0>@supervisor:report_progress/2:1582 Supervisor: {<0.986.0>,ranch_conns_sup_sup}. Started: id={ranch_conns_sup,40},pid=<0.1026.0>.
2026-09-12 00:18:51.451804+09:00 [info] <0.986.0>@supervisor:report_progress/2:1582 Supervisor: {<0.986.0>,ranch_conns_sup_sup}. Started: id={ranch_conns_sup,41},pid=<0.1027.0>.
2026-09-12 00:18:51.451960+09:00 [info] <0.986.0>@supervisor:report_progress/2:1582 Supervisor: {<0.986.0>,ranch_conns_sup_sup}. Started: id={ranch_conns_sup,42},pid=<0.1028.0>.
2026-09-12 00:18:51.452075+09:00 [info] <0.986.0>@supervisor:report_progress/2:1582 Supervisor: {<0.986.0>,ranch_conns_sup_sup}. Started: id={ranch_conns_sup,43},pid=<0.1029.0>.
2026-09-12 00:18:51.452222+09:00 [info] <0.986.0>@supervisor:report_progress/2:1582 Supervisor: {<0.986.0>,ranch_conns_sup_sup}. Started: id={ranch_conns_sup,44},pid=<0.1030.0>.
2026-09-12 00:18:51.452327+09:00 [info] <0.986.0>@supervisor:report_progress/2:1582 Supervisor: {<0.986.0>,ranch_conns_sup_sup}. Started: id={ranch_conns_sup,45},pid=<0.1031.0>.
2026-09-12 00:18:51.452451+09:00 [info] <0.986.0>@supervisor:report_progress/2:1582 Supervisor: {<0.986.0>,ranch_conns_sup_sup}. Started: id={ranch_conns_sup,46},pid=<0.1032.0>.
2026-09-12 00:18:51.452580+09:00 [info] <0.986.0>@supervisor:report_progress/2:1582 Supervisor: {<0.986.0>,ranch_conns_sup_sup}. Started: id={ranch_conns_sup,47},pid=<0.1033.0>.
2026-09-12 00:18:51.452805+09:00 [info] <0.986.0>@supervisor:report_progress/2:1582 Supervisor: {<0.986.0>,ranch_conns_sup_sup}. Started: id={ranch_conns_sup,48},pid=<0.1034.0>.
2026-09-12 00:18:51.452951+09:00 [info] <0.986.0>@supervisor:report_progress/2:1582 Supervisor: {<0.986.0>,ranch_conns_sup_sup}. Started: id={ranch_conns_sup,49},pid=<0.1035.0>.
2026-09-12 00:18:51.453137+09:00 [info] <0.986.0>@supervisor:report_progress/2:1582 Supervisor: {<0.986.0>,ranch_conns_sup_sup}. Started: id={ranch_conns_sup,50},pid=<0.1036.0>.
2026-09-12 00:18:51.453291+09:00 [info] <0.986.0>@supervisor:report_progress/2:1582 Supervisor: {<0.986.0>,ranch_conns_sup_sup}. Started: id={ranch_conns_sup,51},pid=<0.1037.0>.
2026-09-12 00:18:51.453484+09:00 [info] <0.986.0>@supervisor:report_progress/2:1582 Supervisor: {<0.986.0>,ranch_conns_sup_sup}. Started: id={ranch_conns_sup,52},pid=<0.1038.0>.
2026-09-12 00:18:51.453617+09:00 [info] <0.986.0>@supervisor:report_progress/2:1582 Supervisor: {<0.986.0>,ranch_conns_sup_sup}. Started: id={ranch_conns_sup,53},pid=<0.1039.0>.
2026-09-12 00:18:51.453739+09:00 [info] <0.986.0>@supervisor:report_progress/2:1582 Supervisor: {<0.986.0>,ranch_conns_sup_sup}. Started: id={ranch_conns_sup,54},pid=<0.1040.0>.
2026-09-12 00:18:51.453895+09:00 [info] <0.986.0>@supervisor:report_progress/2:1582 Supervisor: {<0.986.0>,ranch_conns_sup_sup}. Started: id={ranch_conns_sup,55},pid=<0.1041.0>.
2026-09-12 00:18:51.454132+09:00 [info] <0.986.0>@supervisor:report_progress/2:1582 Supervisor: {<0.986.0>,ranch_conns_sup_sup}. Started: id={ranch_conns_sup,56},pid=<0.1042.0>.
2026-09-12 00:18:51.454210+09:00 [info] <0.986.0>@supervisor:report_progress/2:1582 Supervisor: {<0.986.0>,ranch_conns_sup_sup}. Started: id={ranch_conns_sup,57},pid=<0.1043.0>.
2026-09-12 00:18:51.454279+09:00 [info] <0.986.0>@supervisor:report_progress/2:1582 Supervisor: {<0.986.0>,ranch_conns_sup_sup}. Started: id={ranch_conns_sup,58},pid=<0.1044.0>.
2026-09-12 00:18:51.454369+09:00 [info] <0.986.0>@supervisor:report_progress/2:1582 Supervisor: {<0.986.0>,ranch_conns_sup_sup}. Started: id={ranch_conns_sup,59},pid=<0.1045.0>.
2026-09-12 00:18:51.454450+09:00 [info] <0.986.0>@supervisor:report_progress/2:1582 Supervisor: {<0.986.0>,ranch_conns_sup_sup}. Started: id={ranch_conns_sup,60},pid=<0.1046.0>.
2026-09-12 00:18:51.454561+09:00 [info] <0.986.0>@supervisor:report_progress/2:1582 Supervisor: {<0.986.0>,ranch_conns_sup_sup}. Started: id={ranch_conns_sup,61},pid=<0.1047.0>.
2026-09-12 00:18:51.454680+09:00 [info] <0.986.0>@supervisor:report_progress/2:1582 Supervisor: {<0.986.0>,ranch_conns_sup_sup}. Started: id={ranch_conns_sup,62},pid=<0.1048.0>.
2026-09-12 00:18:51.454773+09:00 [info] <0.986.0>@supervisor:report_progress/2:1582 Supervisor: {<0.986.0>,ranch_conns_sup_sup}. Started: id={ranch_conns_sup,63},pid=<0.1049.0>.
2026-09-12 00:18:51.454840+09:00 [info] <0.986.0>@supervisor:report_progress/2:1582 Supervisor: {<0.986.0>,ranch_conns_sup_sup}. Started: id={ranch_conns_sup,64},pid=<0.1050.0>.
2026-09-12 00:18:51.454939+09:00 [info] <0.986.0>@supervisor:report_progress/2:1582 Supervisor: {<0.986.0>,ranch_conns_sup_sup}. Started: id={ranch_conns_sup,65},pid=<0.1051.0>.
2026-09-12 00:18:51.455012+09:00 [info] <0.986.0>@supervisor:report_progress/2:1582 Supervisor: {<0.986.0>,ranch_conns_sup_sup}. Started: id={ranch_conns_sup,66},pid=<0.1052.0>.
2026-09-12 00:18:51.455112+09:00 [info] <0.986.0>@supervisor:report_progress/2:1582 Supervisor: {<0.986.0>,ranch_conns_sup_sup}. Started: id={ranch_conns_sup,67},pid=<0.1053.0>.
2026-09-12 00:18:51.455183+09:00 [info] <0.986.0>@supervisor:report_progress/2:1582 Supervisor: {<0.986.0>,ranch_conns_sup_sup}. Started: id={ranch_conns_sup,68},pid=<0.1054.0>.
2026-09-12 00:18:51.455285+09:00 [info] <0.986.0>@supervisor:report_progress/2:1582 Supervisor: {<0.986.0>,ranch_conns_sup_sup}. Started: id={ranch_conns_sup,69},pid=<0.1055.0>.
2026-09-12 00:18:51.455360+09:00 [info] <0.986.0>@supervisor:report_progress/2:1582 Supervisor: {<0.986.0>,ranch_conns_sup_sup}. Started: id={ranch_conns_sup,70},pid=<0.1056.0>.
2026-09-12 00:18:51.455456+09:00 [info] <0.986.0>@supervisor:report_progress/2:1582 Supervisor: {<0.986.0>,ranch_conns_sup_sup}. Started: id={ranch_conns_sup,71},pid=<0.1057.0>.
2026-09-12 00:18:51.455530+09:00 [info] <0.986.0>@supervisor:report_progress/2:1582 Supervisor: {<0.986.0>,ranch_conns_sup_sup}. Started: id={ranch_conns_sup,72},pid=<0.1058.0>.
2026-09-12 00:18:51.455629+09:00 [info] <0.986.0>@supervisor:report_progress/2:1582 Supervisor: {<0.986.0>,ranch_conns_sup_sup}. Started: id={ranch_conns_sup,73},pid=<0.1059.0>.
2026-09-12 00:18:51.455696+09:00 [info] <0.986.0>@supervisor:report_progress/2:1582 Supervisor: {<0.986.0>,ranch_conns_sup_sup}. Started: id={ranch_conns_sup,74},pid=<0.1060.0>.
2026-09-12 00:18:51.455788+09:00 [info] <0.986.0>@supervisor:report_progress/2:1582 Supervisor: {<0.986.0>,ranch_conns_sup_sup}. Started: id={ranch_conns_sup,75},pid=<0.1061.0>.
2026-09-12 00:18:51.455868+09:00 [info] <0.986.0>@supervisor:report_progress/2:1582 Supervisor: {<0.986.0>,ranch_conns_sup_sup}. Started: id={ranch_conns_sup,76},pid=<0.1062.0>.
2026-09-12 00:18:51.455936+09:00 [info] <0.986.0>@supervisor:report_progress/2:1582 Supervisor: {<0.986.0>,ranch_conns_sup_sup}. Started: id={ranch_conns_sup,77},pid=<0.1063.0>.
2026-09-12 00:18:51.456010+09:00 [info] <0.986.0>@supervisor:report_progress/2:1582 Supervisor: {<0.986.0>,ranch_conns_sup_sup}. Started: id={ranch_conns_sup,78},pid=<0.1064.0>.
2026-09-12 00:18:51.456104+09:00 [info] <0.986.0>@supervisor:report_progress/2:1582 Supervisor: {<0.986.0>,ranch_conns_sup_sup}. Started: id={ranch_conns_sup,79},pid=<0.1065.0>.
2026-09-12 00:18:51.456190+09:00 [info] <0.986.0>@supervisor:report_progress/2:1582 Supervisor: {<0.986.0>,ranch_conns_sup_sup}. Started: id={ranch_conns_sup,80},pid=<0.1066.0>.
2026-09-12 00:18:51.456281+09:00 [info] <0.986.0>@supervisor:report_progress/2:1582 Supervisor: {<0.986.0>,ranch_conns_sup_sup}. Started: id={ranch_conns_sup,81},pid=<0.1067.0>.
2026-09-12 00:18:51.456371+09:00 [info] <0.986.0>@supervisor:report_progress/2:1582 Supervisor: {<0.986.0>,ranch_conns_sup_sup}. Started: id={ranch_conns_sup,82},pid=<0.1068.0>.
2026-09-12 00:18:51.456554+09:00 [info] <0.986.0>@supervisor:report_progress/2:1582 Supervisor: {<0.986.0>,ranch_conns_sup_sup}. Started: id={ranch_conns_sup,83},pid=<0.1069.0>.
2026-09-12 00:18:51.456640+09:00 [info] <0.986.0>@supervisor:report_progress/2:1582 Supervisor: {<0.986.0>,ranch_conns_sup_sup}. Started: id={ranch_conns_sup,84},pid=<0.1070.0>.
2026-09-12 00:18:51.456735+09:00 [info] <0.986.0>@supervisor:report_progress/2:1582 Supervisor: {<0.986.0>,ranch_conns_sup_sup}. Started: id={ranch_conns_sup,85},pid=<0.1071.0>.
2026-09-12 00:18:51.456806+09:00 [info] <0.986.0>@supervisor:report_progress/2:1582 Supervisor: {<0.986.0>,ranch_conns_sup_sup}. Started: id={ranch_conns_sup,86},pid=<0.1072.0>.
2026-09-12 00:18:51.456899+09:00 [info] <0.986.0>@supervisor:report_progress/2:1582 Supervisor: {<0.986.0>,ranch_conns_sup_sup}. Started: id={ranch_conns_sup,87},pid=<0.1073.0>.
2026-09-12 00:18:51.456971+09:00 [info] <0.986.0>@supervisor:report_progress/2:1582 Supervisor: {<0.986.0>,ranch_conns_sup_sup}. Started: id={ranch_conns_sup,88},pid=<0.1074.0>.
2026-09-12 00:18:51.457059+09:00 [info] <0.986.0>@supervisor:report_progress/2:1582 Supervisor: {<0.986.0>,ranch_conns_sup_sup}. Started: id={ranch_conns_sup,89},pid=<0.1075.0>.
2026-09-12 00:18:51.457127+09:00 [info] <0.986.0>@supervisor:report_progress/2:1582 Supervisor: {<0.986.0>,ranch_conns_sup_sup}. Started: id={ranch_conns_sup,90},pid=<0.1076.0>.
2026-09-12 00:18:51.457216+09:00 [info] <0.986.0>@supervisor:report_progress/2:1582 Supervisor: {<0.986.0>,ranch_conns_sup_sup}. Started: id={ranch_conns_sup,91},pid=<0.1077.0>.
2026-09-12 00:18:51.457293+09:00 [info] <0.986.0>@supervisor:report_progress/2:1582 Supervisor: {<0.986.0>,ranch_conns_sup_sup}. Started: id={ranch_conns_sup,92},pid=<0.1078.0>.
2026-09-12 00:18:51.457385+09:00 [info] <0.986.0>@supervisor:report_progress/2:1582 Supervisor: {<0.986.0>,ranch_conns_sup_sup}. Started: id={ranch_conns_sup,93},pid=<0.1079.0>.
2026-09-12 00:18:51.457467+09:00 [info] <0.986.0>@supervisor:report_progress/2:1582 Supervisor: {<0.986.0>,ranch_conns_sup_sup}. Started: id={ranch_conns_sup,94},pid=<0.1080.0>.
2026-09-12 00:18:51.457542+09:00 [info] <0.986.0>@supervisor:report_progress/2:1582 Supervisor: {<0.986.0>,ranch_conns_sup_sup}. Started: id={ranch_conns_sup,95},pid=<0.1081.0>.
2026-09-12 00:18:51.457622+09:00 [info] <0.986.0>@supervisor:report_progress/2:1582 Supervisor: {<0.986.0>,ranch_conns_sup_sup}. Started: id={ranch_conns_sup,96},pid=<0.1082.0>.
2026-09-12 00:18:51.457720+09:00 [info] <0.986.0>@supervisor:report_progress/2:1582 Supervisor: {<0.986.0>,ranch_conns_sup_sup}. Started: id={ranch_conns_sup,97},pid=<0.1083.0>.
2026-09-12 00:18:51.457825+09:00 [info] <0.986.0>@supervisor:report_progress/2:1582 Supervisor: {<0.986.0>,ranch_conns_sup_sup}. Started: id={ranch_conns_sup,98},pid=<0.1084.0>.
2026-09-12 00:18:51.457910+09:00 [info] <0.986.0>@supervisor:report_progress/2:1582 Supervisor: {<0.986.0>,ranch_conns_sup_sup}. Started: id={ranch_conns_sup,99},pid=<0.1085.0>.
2026-09-12 00:18:51.458012+09:00 [info] <0.986.0>@supervisor:report_progress/2:1582 Supervisor: {<0.986.0>,ranch_conns_sup_sup}. Started: id={ranch_conns_sup,100},pid=<0.1086.0>.
2026-09-12 00:18:51.458190+09:00 [info] <0.985.0>@supervisor:report_progress/2:1582 Supervisor: {<0.985.0>,ranch_listener_sup}. Started: id=ranch_conns_sup_sup,pid=<0.986.0>.
2026-09-12 00:18:51.461572+09:00 [info] <0.1087.0>@supervisor:report_progress/2:1582 Supervisor: {<0.1087.0>,ranch_acceptors_sup}. Started: id={acceptor,<0.1087.0>,1},pid=<0.1088.0>.
2026-09-12 00:18:51.461772+09:00 [info] <0.1087.0>@supervisor:report_progress/2:1582 Supervisor: {<0.1087.0>,ranch_acceptors_sup}. Started: id={acceptor,<0.1087.0>,2},pid=<0.1089.0>.
2026-09-12 00:18:51.461914+09:00 [info] <0.1087.0>@supervisor:report_progress/2:1582 Supervisor: {<0.1087.0>,ranch_acceptors_sup}. Started: id={acceptor,<0.1087.0>,3},pid=<0.1090.0>.
2026-09-12 00:18:51.462033+09:00 [info] <0.1087.0>@supervisor:report_progress/2:1582 Supervisor: {<0.1087.0>,ranch_acceptors_sup}. Started: id={acceptor,<0.1087.0>,4},pid=<0.1091.0>.
2026-09-12 00:18:51.462127+09:00 [info] <0.1087.0>@supervisor:report_progress/2:1582 Supervisor: {<0.1087.0>,ranch_acceptors_sup}. Started: id={acceptor,<0.1087.0>,5},pid=<0.1092.0>.
2026-09-12 00:18:51.462251+09:00 [info] <0.1087.0>@supervisor:report_progress/2:1582 Supervisor: {<0.1087.0>,ranch_acceptors_sup}. Started: id={acceptor,<0.1087.0>,6},pid=<0.1093.0>.
2026-09-12 00:18:51.462381+09:00 [info] <0.1087.0>@supervisor:report_progress/2:1582 Supervisor: {<0.1087.0>,ranch_acceptors_sup}. Started: id={acceptor,<0.1087.0>,7},pid=<0.1094.0>.
2026-09-12 00:18:51.462496+09:00 [info] <0.1087.0>@supervisor:report_progress/2:1582 Supervisor: {<0.1087.0>,ranch_acceptors_sup}. Started: id={acceptor,<0.1087.0>,8},pid=<0.1095.0>.
2026-09-12 00:18:51.462631+09:00 [info] <0.1087.0>@supervisor:report_progress/2:1582 Supervisor: {<0.1087.0>,ranch_acceptors_sup}. Started: id={acceptor,<0.1087.0>,9},pid=<0.1096.0>.
2026-09-12 00:18:51.462731+09:00 [info] <0.1087.0>@supervisor:report_progress/2:1582 Supervisor: {<0.1087.0>,ranch_acceptors_sup}. Started: id={acceptor,<0.1087.0>,10},pid=<0.1097.0>.
2026-09-12 00:18:51.462843+09:00 [info] <0.1087.0>@supervisor:report_progress/2:1582 Supervisor: {<0.1087.0>,ranch_acceptors_sup}. Started: id={acceptor,<0.1087.0>,11},pid=<0.1098.0>.
2026-09-12 00:18:51.462953+09:00 [info] <0.1087.0>@supervisor:report_progress/2:1582 Supervisor: {<0.1087.0>,ranch_acceptors_sup}. Started: id={acceptor,<0.1087.0>,12},pid=<0.1099.0>.
2026-09-12 00:18:51.463042+09:00 [info] <0.1087.0>@supervisor:report_progress/2:1582 Supervisor: {<0.1087.0>,ranch_acceptors_sup}. Started: id={acceptor,<0.1087.0>,13},pid=<0.1100.0>.
2026-09-12 00:18:51.463161+09:00 [info] <0.1087.0>@supervisor:report_progress/2:1582 Supervisor: {<0.1087.0>,ranch_acceptors_sup}. Started: id={acceptor,<0.1087.0>,14},pid=<0.1101.0>.
2026-09-12 00:18:51.463272+09:00 [info] <0.1087.0>@supervisor:report_progress/2:1582 Supervisor: {<0.1087.0>,ranch_acceptors_sup}. Started: id={acceptor,<0.1087.0>,15},pid=<0.1102.0>.
2026-09-12 00:18:51.463387+09:00 [info] <0.1087.0>@supervisor:report_progress/2:1582 Supervisor: {<0.1087.0>,ranch_acceptors_sup}. Started: id={acceptor,<0.1087.0>,16},pid=<0.1103.0>.
2026-09-12 00:18:51.463525+09:00 [info] <0.1087.0>@supervisor:report_progress/2:1582 Supervisor: {<0.1087.0>,ranch_acceptors_sup}. Started: id={acceptor,<0.1087.0>,17},pid=<0.1104.0>.
2026-09-12 00:18:51.463613+09:00 [info] <0.1087.0>@supervisor:report_progress/2:1582 Supervisor: {<0.1087.0>,ranch_acceptors_sup}. Started: id={acceptor,<0.1087.0>,18},pid=<0.1105.0>.
2026-09-12 00:18:51.463718+09:00 [info] <0.1087.0>@supervisor:report_progress/2:1582 Supervisor: {<0.1087.0>,ranch_acceptors_sup}. Started: id={acceptor,<0.1087.0>,19},pid=<0.1106.0>.
2026-09-12 00:18:51.463801+09:00 [info] <0.1087.0>@supervisor:report_progress/2:1582 Supervisor: {<0.1087.0>,ranch_acceptors_sup}. Started: id={acceptor,<0.1087.0>,20},pid=<0.1107.0>.
2026-09-12 00:18:51.463924+09:00 [info] <0.1087.0>@supervisor:report_progress/2:1582 Supervisor: {<0.1087.0>,ranch_acceptors_sup}. Started: id={acceptor,<0.1087.0>,21},pid=<0.1108.0>.
2026-09-12 00:18:51.464091+09:00 [info] <0.1087.0>@supervisor:report_progress/2:1582 Supervisor: {<0.1087.0>,ranch_acceptors_sup}. Started: id={acceptor,<0.1087.0>,22},pid=<0.1109.0>.
2026-09-12 00:18:51.464205+09:00 [info] <0.1087.0>@supervisor:report_progress/2:1582 Supervisor: {<0.1087.0>,ranch_acceptors_sup}. Started: id={acceptor,<0.1087.0>,23},pid=<0.1110.0>.
2026-09-12 00:18:51.464312+09:00 [info] <0.1087.0>@supervisor:report_progress/2:1582 Supervisor: {<0.1087.0>,ranch_acceptors_sup}. Started: id={acceptor,<0.1087.0>,24},pid=<0.1111.0>.
2026-09-12 00:18:51.464396+09:00 [info] <0.1087.0>@supervisor:report_progress/2:1582 Supervisor: {<0.1087.0>,ranch_acceptors_sup}. Started: id={acceptor,<0.1087.0>,25},pid=<0.1112.0>.
2026-09-12 00:18:51.464578+09:00 [info] <0.1087.0>@supervisor:report_progress/2:1582 Supervisor: {<0.1087.0>,ranch_acceptors_sup}. Started: id={acceptor,<0.1087.0>,26},pid=<0.1113.0>.
2026-09-12 00:18:51.464729+09:00 [info] <0.1087.0>@supervisor:report_progress/2:1582 Supervisor: {<0.1087.0>,ranch_acceptors_sup}. Started: id={acceptor,<0.1087.0>,27},pid=<0.1114.0>.
2026-09-12 00:18:51.464849+09:00 [info] <0.1087.0>@supervisor:report_progress/2:1582 Supervisor: {<0.1087.0>,ranch_acceptors_sup}. Started: id={acceptor,<0.1087.0>,28},pid=<0.1115.0>.
2026-09-12 00:18:51.464987+09:00 [info] <0.1087.0>@supervisor:report_progress/2:1582 Supervisor: {<0.1087.0>,ranch_acceptors_sup}. Started: id={acceptor,<0.1087.0>,29},pid=<0.1116.0>.
2026-09-12 00:18:51.465110+09:00 [info] <0.1087.0>@supervisor:report_progress/2:1582 Supervisor: {<0.1087.0>,ranch_acceptors_sup}. Started: id={acceptor,<0.1087.0>,30},pid=<0.1117.0>.
2026-09-12 00:18:51.465231+09:00 [info] <0.1087.0>@supervisor:report_progress/2:1582 Supervisor: {<0.1087.0>,ranch_acceptors_sup}. Started: id={acceptor,<0.1087.0>,31},pid=<0.1118.0>.
2026-09-12 00:18:51.465353+09:00 [info] <0.1087.0>@supervisor:report_progress/2:1582 Supervisor: {<0.1087.0>,ranch_acceptors_sup}. Started: id={acceptor,<0.1087.0>,32},pid=<0.1119.0>.
2026-09-12 00:18:51.465458+09:00 [info] <0.1087.0>@supervisor:report_progress/2:1582 Supervisor: {<0.1087.0>,ranch_acceptors_sup}. Started: id={acceptor,<0.1087.0>,33},pid=<0.1120.0>.
2026-09-12 00:18:51.465574+09:00 [info] <0.1087.0>@supervisor:report_progress/2:1582 Supervisor: {<0.1087.0>,ranch_acceptors_sup}. Started: id={acceptor,<0.1087.0>,34},pid=<0.1121.0>.
2026-09-12 00:18:51.465671+09:00 [info] <0.1087.0>@supervisor:report_progress/2:1582 Supervisor: {<0.1087.0>,ranch_acceptors_sup}. Started: id={acceptor,<0.1087.0>,35},pid=<0.1122.0>.
2026-09-12 00:18:51.465833+09:00 [info] <0.1087.0>@supervisor:report_progress/2:1582 Supervisor: {<0.1087.0>,ranch_acceptors_sup}. Started: id={acceptor,<0.1087.0>,36},pid=<0.1123.0>.
2026-09-12 00:18:51.466020+09:00 [info] <0.1087.0>@supervisor:report_progress/2:1582 Supervisor: {<0.1087.0>,ranch_acceptors_sup}. Started: id={acceptor,<0.1087.0>,37},pid=<0.1124.0>.
2026-09-12 00:18:51.466471+09:00 [info] <0.1087.0>@supervisor:report_progress/2:1582 Supervisor: {<0.1087.0>,ranch_acceptors_sup}. Started: id={acceptor,<0.1087.0>,38},pid=<0.1125.0>.
2026-09-12 00:18:51.466669+09:00 [info] <0.1087.0>@supervisor:report_progress/2:1582 Supervisor: {<0.1087.0>,ranch_acceptors_sup}. Started: id={acceptor,<0.1087.0>,39},pid=<0.1126.0>.
2026-09-12 00:18:51.466830+09:00 [info] <0.1087.0>@supervisor:report_progress/2:1582 Supervisor: {<0.1087.0>,ranch_acceptors_sup}. Started: id={acceptor,<0.1087.0>,40},pid=<0.1127.0>.
2026-09-12 00:18:51.467026+09:00 [info] <0.1087.0>@supervisor:report_progress/2:1582 Supervisor: {<0.1087.0>,ranch_acceptors_sup}. Started: id={acceptor,<0.1087.0>,41},pid=<0.1128.0>.
2026-09-12 00:18:51.467230+09:00 [info] <0.1087.0>@supervisor:report_progress/2:1582 Supervisor: {<0.1087.0>,ranch_acceptors_sup}. Started: id={acceptor,<0.1087.0>,42},pid=<0.1129.0>.
2026-09-12 00:18:51.467410+09:00 [info] <0.1087.0>@supervisor:report_progress/2:1582 Supervisor: {<0.1087.0>,ranch_acceptors_sup}. Started: id={acceptor,<0.1087.0>,43},pid=<0.1130.0>.
2026-09-12 00:18:51.467593+09:00 [info] <0.1087.0>@supervisor:report_progress/2:1582 Supervisor: {<0.1087.0>,ranch_acceptors_sup}. Started: id={acceptor,<0.1087.0>,44},pid=<0.1131.0>.
2026-09-12 00:18:51.467757+09:00 [info] <0.1087.0>@supervisor:report_progress/2:1582 Supervisor: {<0.1087.0>,ranch_acceptors_sup}. Started: id={acceptor,<0.1087.0>,45},pid=<0.1132.0>.
2026-09-12 00:18:51.467936+09:00 [info] <0.1087.0>@supervisor:report_progress/2:1582 Supervisor: {<0.1087.0>,ranch_acceptors_sup}. Started: id={acceptor,<0.1087.0>,46},pid=<0.1133.0>.
2026-09-12 00:18:51.468103+09:00 [info] <0.1087.0>@supervisor:report_progress/2:1582 Supervisor: {<0.1087.0>,ranch_acceptors_sup}. Started: id={acceptor,<0.1087.0>,47},pid=<0.1134.0>.
2026-09-12 00:18:51.468237+09:00 [info] <0.1087.0>@supervisor:report_progress/2:1582 Supervisor: {<0.1087.0>,ranch_acceptors_sup}. Started: id={acceptor,<0.1087.0>,48},pid=<0.1135.0>.
2026-09-12 00:18:51.468396+09:00 [info] <0.1087.0>@supervisor:report_progress/2:1582 Supervisor: {<0.1087.0>,ranch_acceptors_sup}. Started: id={acceptor,<0.1087.0>,49},pid=<0.1136.0>.
2026-09-12 00:18:51.468543+09:00 [info] <0.1087.0>@supervisor:report_progress/2:1582 Supervisor: {<0.1087.0>,ranch_acceptors_sup}. Started: id={acceptor,<0.1087.0>,50},pid=<0.1137.0>.
2026-09-12 00:18:51.468711+09:00 [info] <0.1087.0>@supervisor:report_progress/2:1582 Supervisor: {<0.1087.0>,ranch_acceptors_sup}. Started: id={acceptor,<0.1087.0>,51},pid=<0.1138.0>.
2026-09-12 00:18:51.468866+09:00 [info] <0.1087.0>@supervisor:report_progress/2:1582 Supervisor: {<0.1087.0>,ranch_acceptors_sup}. Started: id={acceptor,<0.1087.0>,52},pid=<0.1139.0>.
2026-09-12 00:18:51.469000+09:00 [info] <0.1087.0>@supervisor:report_progress/2:1582 Supervisor: {<0.1087.0>,ranch_acceptors_sup}. Started: id={acceptor,<0.1087.0>,53},pid=<0.1140.0>.
2026-09-12 00:18:51.469170+09:00 [info] <0.1087.0>@supervisor:report_progress/2:1582 Supervisor: {<0.1087.0>,ranch_acceptors_sup}. Started: id={acceptor,<0.1087.0>,54},pid=<0.1141.0>.
2026-09-12 00:18:51.469303+09:00 [info] <0.1087.0>@supervisor:report_progress/2:1582 Supervisor: {<0.1087.0>,ranch_acceptors_sup}. Started: id={acceptor,<0.1087.0>,55},pid=<0.1142.0>.
2026-09-12 00:18:51.469473+09:00 [info] <0.1087.0>@supervisor:report_progress/2:1582 Supervisor: {<0.1087.0>,ranch_acceptors_sup}. Started: id={acceptor,<0.1087.0>,56},pid=<0.1143.0>.
2026-09-12 00:18:51.469604+09:00 [info] <0.1087.0>@supervisor:report_progress/2:1582 Supervisor: {<0.1087.0>,ranch_acceptors_sup}. Started: id={acceptor,<0.1087.0>,57},pid=<0.1144.0>.
2026-09-12 00:18:51.469728+09:00 [info] <0.1087.0>@supervisor:report_progress/2:1582 Supervisor: {<0.1087.0>,ranch_acceptors_sup}. Started: id={acceptor,<0.1087.0>,58},pid=<0.1145.0>.
2026-09-12 00:18:51.469862+09:00 [info] <0.1087.0>@supervisor:report_progress/2:1582 Supervisor: {<0.1087.0>,ranch_acceptors_sup}. Started: id={acceptor,<0.1087.0>,59},pid=<0.1146.0>.
2026-09-12 00:18:51.469981+09:00 [info] <0.1087.0>@supervisor:report_progress/2:1582 Supervisor: {<0.1087.0>,ranch_acceptors_sup}. Started: id={acceptor,<0.1087.0>,60},pid=<0.1147.0>.
2026-09-12 00:18:51.470129+09:00 [info] <0.1087.0>@supervisor:report_progress/2:1582 Supervisor: {<0.1087.0>,ranch_acceptors_sup}. Started: id={acceptor,<0.1087.0>,61},pid=<0.1148.0>.
2026-09-12 00:18:51.470272+09:00 [info] <0.1087.0>@supervisor:report_progress/2:1582 Supervisor: {<0.1087.0>,ranch_acceptors_sup}. Started: id={acceptor,<0.1087.0>,62},pid=<0.1149.0>.
2026-09-12 00:18:51.470380+09:00 [info] <0.1087.0>@supervisor:report_progress/2:1582 Supervisor: {<0.1087.0>,ranch_acceptors_sup}. Started: id={acceptor,<0.1087.0>,63},pid=<0.1150.0>.
2026-09-12 00:18:51.470526+09:00 [info] <0.1087.0>@supervisor:report_progress/2:1582 Supervisor: {<0.1087.0>,ranch_acceptors_sup}. Started: id={acceptor,<0.1087.0>,64},pid=<0.1151.0>.
2026-09-12 00:18:51.470641+09:00 [info] <0.1087.0>@supervisor:report_progress/2:1582 Supervisor: {<0.1087.0>,ranch_acceptors_sup}. Started: id={acceptor,<0.1087.0>,65},pid=<0.1152.0>.
2026-09-12 00:18:51.470778+09:00 [info] <0.1087.0>@supervisor:report_progress/2:1582 Supervisor: {<0.1087.0>,ranch_acceptors_sup}. Started: id={acceptor,<0.1087.0>,66},pid=<0.1153.0>.
2026-09-12 00:18:51.470911+09:00 [info] <0.1087.0>@supervisor:report_progress/2:1582 Supervisor: {<0.1087.0>,ranch_acceptors_sup}. Started: id={acceptor,<0.1087.0>,67},pid=<0.1154.0>.
2026-09-12 00:18:51.471030+09:00 [info] <0.1087.0>@supervisor:report_progress/2:1582 Supervisor: {<0.1087.0>,ranch_acceptors_sup}. Started: id={acceptor,<0.1087.0>,68},pid=<0.1155.0>.
2026-09-12 00:18:51.471177+09:00 [info] <0.1087.0>@supervisor:report_progress/2:1582 Supervisor: {<0.1087.0>,ranch_acceptors_sup}. Started: id={acceptor,<0.1087.0>,69},pid=<0.1156.0>.
2026-09-12 00:18:51.471305+09:00 [info] <0.1087.0>@supervisor:report_progress/2:1582 Supervisor: {<0.1087.0>,ranch_acceptors_sup}. Started: id={acceptor,<0.1087.0>,70},pid=<0.1157.0>.
2026-09-12 00:18:51.471516+09:00 [info] <0.1087.0>@supervisor:report_progress/2:1582 Supervisor: {<0.1087.0>,ranch_acceptors_sup}. Started: id={acceptor,<0.1087.0>,71},pid=<0.1158.0>.
2026-09-12 00:18:51.471668+09:00 [info] <0.1087.0>@supervisor:report_progress/2:1582 Supervisor: {<0.1087.0>,ranch_acceptors_sup}. Started: id={acceptor,<0.1087.0>,72},pid=<0.1159.0>.
2026-09-12 00:18:51.471785+09:00 [info] <0.1087.0>@supervisor:report_progress/2:1582 Supervisor: {<0.1087.0>,ranch_acceptors_sup}. Started: id={acceptor,<0.1087.0>,73},pid=<0.1160.0>.
2026-09-12 00:18:51.471928+09:00 [info] <0.1087.0>@supervisor:report_progress/2:1582 Supervisor: {<0.1087.0>,ranch_acceptors_sup}. Started: id={acceptor,<0.1087.0>,74},pid=<0.1161.0>.
2026-09-12 00:18:51.472037+09:00 [info] <0.1087.0>@supervisor:report_progress/2:1582 Supervisor: {<0.1087.0>,ranch_acceptors_sup}. Started: id={acceptor,<0.1087.0>,75},pid=<0.1162.0>.
2026-09-12 00:18:51.472173+09:00 [info] <0.1087.0>@supervisor:report_progress/2:1582 Supervisor: {<0.1087.0>,ranch_acceptors_sup}. Started: id={acceptor,<0.1087.0>,76},pid=<0.1163.0>.
2026-09-12 00:18:51.472309+09:00 [info] <0.1087.0>@supervisor:report_progress/2:1582 Supervisor: {<0.1087.0>,ranch_acceptors_sup}. Started: id={acceptor,<0.1087.0>,77},pid=<0.1164.0>.
2026-09-12 00:18:51.472496+09:00 [info] <0.1087.0>@supervisor:report_progress/2:1582 Supervisor: {<0.1087.0>,ranch_acceptors_sup}. Started: id={acceptor,<0.1087.0>,78},pid=<0.1165.0>.
2026-09-12 00:18:51.472664+09:00 [info] <0.1087.0>@supervisor:report_progress/2:1582 Supervisor: {<0.1087.0>,ranch_acceptors_sup}. Started: id={acceptor,<0.1087.0>,79},pid=<0.1166.0>.
2026-09-12 00:18:51.472798+09:00 [info] <0.1087.0>@supervisor:report_progress/2:1582 Supervisor: {<0.1087.0>,ranch_acceptors_sup}. Started: id={acceptor,<0.1087.0>,80},pid=<0.1167.0>.
2026-09-12 00:18:51.472956+09:00 [info] <0.1087.0>@supervisor:report_progress/2:1582 Supervisor: {<0.1087.0>,ranch_acceptors_sup}. Started: id={acceptor,<0.1087.0>,81},pid=<0.1168.0>.
2026-09-12 00:18:51.473100+09:00 [info] <0.1087.0>@supervisor:report_progress/2:1582 Supervisor: {<0.1087.0>,ranch_acceptors_sup}. Started: id={acceptor,<0.1087.0>,82},pid=<0.1169.0>.
2026-09-12 00:18:51.473216+09:00 [info] <0.1087.0>@supervisor:report_progress/2:1582 Supervisor: {<0.1087.0>,ranch_acceptors_sup}. Started: id={acceptor,<0.1087.0>,83},pid=<0.1170.0>.
2026-09-12 00:18:51.473358+09:00 [info] <0.1087.0>@supervisor:report_progress/2:1582 Supervisor: {<0.1087.0>,ranch_acceptors_sup}. Started: id={acceptor,<0.1087.0>,84},pid=<0.1171.0>.
2026-09-12 00:18:51.473490+09:00 [info] <0.1087.0>@supervisor:report_progress/2:1582 Supervisor: {<0.1087.0>,ranch_acceptors_sup}. Started: id={acceptor,<0.1087.0>,85},pid=<0.1172.0>.
2026-09-12 00:18:51.473645+09:00 [info] <0.1087.0>@supervisor:report_progress/2:1582 Supervisor: {<0.1087.0>,ranch_acceptors_sup}. Started: id={acceptor,<0.1087.0>,86},pid=<0.1173.0>.
2026-09-12 00:18:51.473841+09:00 [info] <0.1087.0>@supervisor:report_progress/2:1582 Supervisor: {<0.1087.0>,ranch_acceptors_sup}. Started: id={acceptor,<0.1087.0>,87},pid=<0.1174.0>.
2026-09-12 00:18:51.473990+09:00 [info] <0.1087.0>@supervisor:report_progress/2:1582 Supervisor: {<0.1087.0>,ranch_acceptors_sup}. Started: id={acceptor,<0.1087.0>,88},pid=<0.1175.0>.
2026-09-12 00:18:51.474183+09:00 [info] <0.1087.0>@supervisor:report_progress/2:1582 Supervisor: {<0.1087.0>,ranch_acceptors_sup}. Started: id={acceptor,<0.1087.0>,89},pid=<0.1176.0>.
2026-09-12 00:18:51.474318+09:00 [info] <0.1087.0>@supervisor:report_progress/2:1582 Supervisor: {<0.1087.0>,ranch_acceptors_sup}. Started: id={acceptor,<0.1087.0>,90},pid=<0.1177.0>.
2026-09-12 00:18:51.474515+09:00 [info] <0.1087.0>@supervisor:report_progress/2:1582 Supervisor: {<0.1087.0>,ranch_acceptors_sup}. Started: id={acceptor,<0.1087.0>,91},pid=<0.1178.0>.
2026-09-12 00:18:51.474674+09:00 [info] <0.1087.0>@supervisor:report_progress/2:1582 Supervisor: {<0.1087.0>,ranch_acceptors_sup}. Started: id={acceptor,<0.1087.0>,92},pid=<0.1179.0>.
2026-09-12 00:18:51.474794+09:00 [info] <0.1087.0>@supervisor:report_progress/2:1582 Supervisor: {<0.1087.0>,ranch_acceptors_sup}. Started: id={acceptor,<0.1087.0>,93},pid=<0.1180.0>.
2026-09-12 00:18:51.474936+09:00 [info] <0.1087.0>@supervisor:report_progress/2:1582 Supervisor: {<0.1087.0>,ranch_acceptors_sup}. Started: id={acceptor,<0.1087.0>,94},pid=<0.1181.0>.
2026-09-12 00:18:51.475043+09:00 [info] <0.1087.0>@supervisor:report_progress/2:1582 Supervisor: {<0.1087.0>,ranch_acceptors_sup}. Started: id={acceptor,<0.1087.0>,95},pid=<0.1182.0>.
2026-09-12 00:18:51.475180+09:00 [info] <0.1087.0>@supervisor:report_progress/2:1582 Supervisor: {<0.1087.0>,ranch_acceptors_sup}. Started: id={acceptor,<0.1087.0>,96},pid=<0.1183.0>.
2026-09-12 00:18:51.475311+09:00 [info] <0.1087.0>@supervisor:report_progress/2:1582 Supervisor: {<0.1087.0>,ranch_acceptors_sup}. Started: id={acceptor,<0.1087.0>,97},pid=<0.1184.0>.
2026-09-12 00:18:51.475419+09:00 [info] <0.1087.0>@supervisor:report_progress/2:1582 Supervisor: {<0.1087.0>,ranch_acceptors_sup}. Started: id={acceptor,<0.1087.0>,98},pid=<0.1185.0>.
2026-09-12 00:18:51.475558+09:00 [info] <0.1087.0>@supervisor:report_progress/2:1582 Supervisor: {<0.1087.0>,ranch_acceptors_sup}. Started: id={acceptor,<0.1087.0>,99},pid=<0.1186.0>.
2026-09-12 00:18:51.475671+09:00 [info] <0.1087.0>@supervisor:report_progress/2:1582 Supervisor: {<0.1087.0>,ranch_acceptors_sup}. Started: id={acceptor,<0.1087.0>,100},pid=<0.1187.0>.
2026-09-12 00:18:51.476389+09:00 [info] <0.985.0>@supervisor:report_progress/2:1582 Supervisor: {<0.985.0>,ranch_listener_sup}. Started: id=ranch_acceptors_sup,pid=<0.1087.0>.
2026-09-12 00:18:51.476501+09:00 [info] <0.610.0>@supervisor:report_progress/2:1582 Supervisor: {local,ranch_sup}. Started: id={ranch_listener_sup,{[49,50,55,46,48,46,48,46,49],9080}},pid=<0.985.0>.
2026-09-12 00:18:51.476613+09:00 [info] <0.982.0>@riak_core_service_mgr:start_dispatcher/3:524 Service manager: listening on 127.0.0.1:9080
2026-09-12 00:18:51.476696+09:00 [info] <0.979.0>@supervisor:report_progress/2:1582 Supervisor: {local,riak_core_cluster_mgr_sup}. Started: id=riak_core_service_mgr,pid=<0.982.0>.
2026-09-12 00:18:51.480238+09:00 [info] <0.979.0>@supervisor:report_progress/2:1582 Supervisor: {local,riak_core_cluster_mgr_sup}. Started: id=riak_core_connection_mgr,pid=<0.1188.0>.
2026-09-12 00:18:51.482878+09:00 [info] <0.979.0>@supervisor:report_progress/2:1582 Supervisor: {local,riak_core_cluster_mgr_sup}. Started: id=riak_core_cluster_conn_sup,pid=<0.1189.0>.
2026-09-12 00:18:51.486400+09:00 [info] <0.1190.0>@riak_core_cluster_mgr:become_leader/2:706 ClusterManager: 'openriak-kv@node-01.cluster-a.openriak' becoming the leader
2026-09-12 00:18:51.486515+09:00 [info] <0.979.0>@supervisor:report_progress/2:1582 Supervisor: {local,riak_core_cluster_mgr_sup}. Started: id=riak_repl_cluster_mgr,pid=<0.1190.0>.
2026-09-12 00:18:51.489189+09:00 [info] <0.1191.0>@riak_core_tcp_mon:init/1:167 Starting TCP Monitor
2026-09-12 00:18:51.489320+09:00 [info] <0.979.0>@supervisor:report_progress/2:1582 Supervisor: {local,riak_core_cluster_mgr_sup}. Started: id=riak_core_tcp_mon,pid=<0.1191.0>.
2026-09-12 00:18:51.489469+09:00 [info] <0.971.0>@supervisor:report_progress/2:1582 Supervisor: {local,riak_repl_sup}. Started: id=riak_core_cluster_mgr_sup,pid=<0.979.0>.
2026-09-12 00:18:51.491629+09:00 [info] <0.971.0>@supervisor:report_progress/2:1582 Supervisor: {local,riak_repl_sup}. Started: id=riak_repl2_fs_node_reserver,pid=<0.1192.0>.
2026-09-12 00:18:51.499196+09:00 [info] <0.1194.0>@supervisor:report_progress/2:1582 Supervisor: {local,riak_repl2_rtsource_sup}. Started: id=riak_repl2_rtq,pid=<0.1195.0>.
2026-09-12 00:18:51.501014+09:00 [info] <0.1194.0>@supervisor:report_progress/2:1582 Supervisor: {local,riak_repl2_rtsource_sup}. Started: id=riak_repl2_rtq_overload_counter,pid=<0.1196.0>.
2026-09-12 00:18:51.506899+09:00 [info] <0.1194.0>@supervisor:report_progress/2:1582 Supervisor: {local,riak_repl2_rtsource_sup}. Started: id=riak_repl2_rtsource_conn_sup,pid=<0.1197.0>.
2026-09-12 00:18:51.507029+09:00 [info] <0.1193.0>@supervisor:report_progress/2:1582 Supervisor: {local,riak_repl2_rt_sup}. Started: id=riak_repl2_rtsource_sup,pid=<0.1194.0>.
2026-09-12 00:18:51.509953+09:00 [info] <0.1198.0>@supervisor:report_progress/2:1582 Supervisor: {local,riak_repl2_rtsink_sup}. Started: id=riak_repl2_rtsink_pool,pid=<0.1199.0>.
2026-09-12 00:18:51.513166+09:00 [info] <0.1198.0>@supervisor:report_progress/2:1582 Supervisor: {local,riak_repl2_rtsink_sup}. Started: id=riak_repl2_rtsink_conn_sup,pid=<0.1206.0>.
2026-09-12 00:18:51.513308+09:00 [info] <0.1193.0>@supervisor:report_progress/2:1582 Supervisor: {local,riak_repl2_rt_sup}. Started: id=riak_repl2_rtsink_sup,pid=<0.1198.0>.
2026-09-12 00:18:51.513423+09:00 [info] <0.1193.0>@supervisor:report_progress/2:1582 Supervisor: {local,riak_repl2_rt_sup}. Started: id=riak_repl2_rt,pid=<0.1207.0>.
2026-09-12 00:18:51.514198+09:00 [info] <0.971.0>@supervisor:report_progress/2:1582 Supervisor: {local,riak_repl_sup}. Started: id=riak_repl2_rt_sup,pid=<0.1193.0>.
2026-09-12 00:18:51.518544+09:00 [info] <0.971.0>@supervisor:report_progress/2:1582 Supervisor: {local,riak_repl_sup}. Started: id=riak_repl2_fscoordinator_sup,pid=<0.1208.0>.
2026-09-12 00:18:51.524587+09:00 [info] <0.971.0>@supervisor:report_progress/2:1582 Supervisor: {local,riak_repl_sup}. Started: id=riak_repl2_fscoordinator_serv_sup,pid=<0.1209.0>.
2026-09-12 00:18:51.528845+09:00 [info] <0.971.0>@supervisor:report_progress/2:1582 Supervisor: {local,riak_repl_sup}. Started: id=riak_repl2_fssource_sup,pid=<0.1210.0>.
2026-09-12 00:18:51.534681+09:00 [info] <0.971.0>@supervisor:report_progress/2:1582 Supervisor: {local,riak_repl_sup}. Started: id=riak_repl2_fssink_pool,pid=<0.1211.0>.
2026-09-12 00:18:51.539555+09:00 [info] <0.971.0>@supervisor:report_progress/2:1582 Supervisor: {local,riak_repl_sup}. Started: id=riak_repl2_fssink_sup,pid=<0.1218.0>.
2026-09-12 00:18:51.542409+09:00 [info] <0.971.0>@supervisor:report_progress/2:1582 Supervisor: {local,riak_repl_sup}. Started: id=riak_repl2_pg_proxy_sup,pid=<0.1219.0>.
2026-09-12 00:18:51.553672+09:00 [info] <0.1220.0>@supervisor:report_progress/2:1582 Supervisor: {local,riak_repl2_pg_sup}. Started: id=riak_repl2_pg_block_provider_sup,pid=<0.1221.0>.
2026-09-12 00:18:51.557502+09:00 [info] <0.1220.0>@supervisor:report_progress/2:1582 Supervisor: {local,riak_repl2_pg_sup}. Started: id=riak_repl2_pg_block_requester_sup,pid=<0.1222.0>.
2026-09-12 00:18:51.557657+09:00 [info] <0.1220.0>@supervisor:report_progress/2:1582 Supervisor: {local,riak_repl2_pg_sup}. Started: id=riak_repl2_pg,pid=<0.1223.0>.
2026-09-12 00:18:51.557744+09:00 [info] <0.971.0>@supervisor:report_progress/2:1582 Supervisor: {local,riak_repl_sup}. Started: id=riak_repl2_pg_sup,pid=<0.1220.0>.
2026-09-12 00:18:51.567634+09:00 [info] <0.253.0>@supervisor:report_progress/2:1582 Supervisor: {local,riak_core_stats_sup}. Started: id=riak_core_connection_mgr_stats,pid=<0.1224.0>.
2026-09-12 00:18:51.595324+09:00 [info] <0.253.0>@supervisor:report_progress/2:1582 Supervisor: {local,riak_core_stats_sup}. Started: id=riak_repl_stats,pid=<0.1225.0>.
2026-09-12 00:18:51.619871+09:00 [info] <0.219.0>@supervisor:report_progress/2:1582 Supervisor: {local,riak_core_eventhandler_sup}. Started: id={riak_core_ring_events,riak_repl_ring_handler},pid=<0.1226.0>.
2026-09-12 00:18:51.641955+09:00 [info] <0.44.0>@application_controller:info_started/2:2130 Application: riak_repl. Started at: 'openriak-kv@node-01.cluster-a.openriak'.
2026-09-12 00:18:51.642184+09:00 [info] <0.44.0>@application_controller:info_started/2:2130 Application: canola. Started at: 'openriak-kv@node-01.cluster-a.openriak'.
2026-09-12 00:18:51.673872+09:00 [info] <0.44.0>@application_controller:info_started/2:2130 Application: riak_auth_mods. Started at: 'openriak-kv@node-01.cluster-a.openriak'.
2026-09-12 00:18:51.674099+09:00 [info] <0.44.0>@application_controller:info_started/2:2130 Application: riak_logger. Started at: 'openriak-kv@node-01.cluster-a.openriak'.
2026-09-12 00:18:56.936696+09:00 [info] <0.768.0>@leveled_monitor:handle_cast/2:551 log_ref=b0017 db_id=5 Snapshot timing with sample_count=0 and bookie_time=0 pcl_time=0 with sample_period=5 seconds
2026-09-12 00:19:02.650686+09:00 [info] <0.770.0>@leveled_monitor:handle_cast/2:625 log_ref=cdb19 db_id=1 Sample timings in microseconds for sample_count=0 with totals of cycle_count=0 index_time=0 read_time=0 with sample_period=11 seconds
2026-09-12 00:19:07.580759+09:00 [info] <0.771.0>@leveled_monitor:handle_cast/2:580 log_ref=p0032 db_id=6 Fetch head timing with sample_count=0 and level timings of foundmem_time=0 found0_time=0 found1_time=0 found2_time=0 found3_time=0 foundlower_time=0 missed_time=0 with counts of foundmem_count=0 found0_count=0 found1_count=0 found2_count=0 found3_count=0 foundlower_count=0 missed_count=0 with sample_period=16 seconds
2026-09-12 00:19:11.388153+09:00 [info] <0.767.0>@leveled_monitor:handle_cast/2:515 log_ref=b0018 db_id=7 Positive HEAD responses timed with sample_count=0 and cache_count=0 found_count=0 fetch_ledger_time=0 fetch_ledgercache_time=0 rsp_time=0 notfound_time=0 with sample_period=20 seconds
2026-09-12 00:19:11.486907+09:00 [info] <0.387.0>@riak_kv_replrtq_src:handle_info/2:646 QueueName=q1_ttaaefs has queue sizes p1=0 p2=0 p3=0
2026-09-12 00:19:20.794663+09:00 [info] <0.769.0>@leveled_monitor:handle_cast/2:580 log_ref=p0032 db_id=3 Fetch head timing with sample_count=0 and level timings of foundmem_time=0 found0_time=0 found1_time=0 found2_time=0 found3_time=0 foundlower_time=0 missed_time=0 with counts of foundmem_count=0 found0_count=0 found1_count=0 found2_count=0 found3_count=0 foundlower_count=0 missed_count=0 with sample_period=29 seconds
2026-09-12 00:19:25.798319+09:00 [info] <0.772.0>@leveled_monitor:handle_cast/2:534 log_ref=b0015 db_id=2 Put timing with sample_count=0 ink_time=0 prep_time=0 mem_time=0 with total_object_size=0 with sample_period=34 seconds
2026-09-12 00:19:26.937687+09:00 [info] <0.768.0>@leveled_monitor:handle_cast/2:494 log_ref=b0016 db_id=5 Get timing with sample_count=0 and head_time=0 body_time=0 with fetch_count=0 with sample_period=35 seconds
2026-09-12 00:19:26.972742+09:00 [info] <0.229.0>@riak_core_gossip:log_node_added/2:362 'openriak-kv@node-02.cluster-a.openriak' joined cluster with status 'joining'
2026-09-12 00:19:26.983008+09:00 [info] <0.1190.0>@riak_core_cluster_mgr:become_proxy/2:719 ClusterManager: 'openriak-kv@node-01.cluster-a.openriak' becoming a proxy to 'openriak-kv@node-02.cluster-a.openriak'
2026-09-12 00:19:27.154294+09:00 [info] <0.229.0>@riak_core_gossip:log_node_added/2:362 'openriak-kv@node-03.cluster-a.openriak' joined cluster with status 'joining'
2026-09-12 00:19:27.177770+09:00 [info] <0.977.0>@riak_repl2_leader:become_leader/2:217 Leader2: 'openriak-kv@node-01.cluster-a.openriak' elected as replication leader
2026-09-12 00:19:27.177897+09:00 [info] <0.1190.0>@riak_core_cluster_mgr:become_leader/2:706 ClusterManager: 'openriak-kv@node-01.cluster-a.openriak' becoming the leader
2026-09-12 00:19:29.015239+09:00 [info] <0.229.0>@riak_core_gossip:log_node_added/2:362 'openriak-kv@node-04.cluster-a.openriak' joined cluster with status 'joining'
2026-09-12 00:19:29.045942+09:00 [info] <0.1190.0>@riak_core_cluster_mgr:become_proxy/2:719 ClusterManager: 'openriak-kv@node-01.cluster-a.openriak' becoming a proxy to 'openriak-kv@node-04.cluster-a.openriak'
2026-09-12 00:19:31.354070+09:00 [info] <0.229.0>@riak_core_gossip:log_node_added/2:362 'openriak-kv@node-05.cluster-a.openriak' joined cluster with status 'joining'
2026-09-12 00:19:32.652350+09:00 [info] <0.770.0>@leveled_monitor:handle_cast/2:494 log_ref=b0016 db_id=1 Get timing with sample_count=0 and head_time=0 body_time=0 with fetch_count=0 with sample_period=41 seconds
2026-09-12 00:19:34.254521+09:00 [info] <0.250.0>@riak_core_membership_claim:claim/3:163 Claim requested with {riak_core_membership_claim,default_choose_claim} due to initial wants
2026-09-12 00:19:34.254764+09:00 [info] <0.250.0>@riak_core_claimant:rebalance_ring/1:1513 Claim algorithm completed in claim_time=0 ms
2026-09-12 00:19:36.605959+09:00 [info] <0.229.0>@riak_core_membership_claim:claim/3:163 Claim requested with {riak_core_membership_claim,default_choose_claim} due to initial wants
2026-09-12 00:19:36.607924+09:00 [info] <0.229.0>@riak_core_claimant:rebalance_ring/1:1513 Claim algorithm completed in claim_time=2 ms
2026-09-12 00:19:37.584034+09:00 [info] <0.771.0>@leveled_monitor:handle_cast/2:551 log_ref=b0017 db_id=6 Snapshot timing with sample_count=0 and bookie_time=0 pcl_time=0 with sample_period=46 seconds
2026-09-12 00:19:38.454502+09:00 [info] <0.765.0>@leveled_monitor:handle_cast/2:515 log_ref=b0018 db_id=0 Positive HEAD responses timed with sample_count=0 and cache_count=0 found_count=0 fetch_ledger_time=0 fetch_ledgercache_time=0 rsp_time=0 notfound_time=0 with sample_period=47 seconds
2026-09-12 00:19:40.897695+09:00 [info] <0.229.0>@riak_core_vnode:mark_handoff_complete/5:658 Updating local ring as handoff of riak_pipe_vnode 182687704666362864775460604089535377456991567872 to awaiting node 'openriak-kv@node-02.cluster-a.openriak' complete
2026-09-12 00:19:40.908609+09:00 [info] <0.229.0>@riak_core_vnode:mark_handoff_complete/5:658 Updating local ring as handoff of riak_pipe_vnode 365375409332725729550921208179070754913983135744 to awaiting node 'openriak-kv@node-03.cluster-a.openriak' complete
2026-09-12 00:19:40.908785+09:00 [info] <0.935.0>@riak_core_vnode:mark_handoff_complete/5:735 Handoff of riak_pipe_vnode 182687704666362864775460604089535377456991567872 complete to new owner - forward
2026-09-12 00:19:40.908867+09:00 [info] <0.935.0>@riak_core_vnode:finish_handoff/2:788 182687704666362864775460604089535377456991567872 riak_pipe_vnode vnode finished handoff and deleted in 0 milliseconds
2026-09-12 00:19:40.911665+09:00 [info] <0.1902.0>@riak_core_vnode_manager:get_vnode/3:733 Will start VNode for partition 182687704666362864775460604089535377456991567872 riak_pipe_vnode
2026-09-12 00:19:40.912310+09:00 [info] <0.1902.0>@riak_core_vnode_manager:get_vnode/3:743 VNode initialization ready <0.1903.0> 182687704666362864775460604089535377456991567872 riak_pipe_vnode
2026-09-12 00:19:40.918456+09:00 [info] <0.229.0>@riak_core_vnode:mark_handoff_complete/5:658 Updating local ring as handoff of riak_pipe_vnode 548063113999088594326381812268606132370974703616 to awaiting node 'openriak-kv@node-05.cluster-a.openriak' complete
2026-09-12 00:19:40.918605+09:00 [info] <0.938.0>@riak_core_vnode:mark_handoff_complete/5:735 Handoff of riak_pipe_vnode 365375409332725729550921208179070754913983135744 complete to new owner - forward
2026-09-12 00:19:40.918719+09:00 [info] <0.938.0>@riak_core_vnode:finish_handoff/2:788 365375409332725729550921208179070754913983135744 riak_pipe_vnode vnode finished handoff and deleted in 0 milliseconds
2026-09-12 00:19:40.921074+09:00 [info] <0.229.0>@riak_core_vnode:mark_handoff_complete/5:658 Updating local ring as handoff of riak_pipe_vnode 913438523331814323877303020447676887284957839360 to awaiting node 'openriak-kv@node-02.cluster-a.openriak' complete
2026-09-12 00:19:40.921218+09:00 [info] <0.941.0>@riak_core_vnode:mark_handoff_complete/5:735 Handoff of riak_pipe_vnode 548063113999088594326381812268606132370974703616 complete to new owner - forward
2026-09-12 00:19:40.921334+09:00 [info] <0.941.0>@riak_core_vnode:finish_handoff/2:788 548063113999088594326381812268606132370974703616 riak_pipe_vnode vnode finished handoff and deleted in 0 milliseconds
2026-09-12 00:19:40.925491+09:00 [info] <0.947.0>@riak_core_vnode:mark_handoff_complete/5:735 Handoff of riak_pipe_vnode 913438523331814323877303020447676887284957839360 complete to new owner - forward
2026-09-12 00:19:40.925568+09:00 [info] <0.947.0>@riak_core_vnode:finish_handoff/2:788 913438523331814323877303020447676887284957839360 riak_pipe_vnode vnode finished handoff and deleted in 0 milliseconds
2026-09-12 00:19:40.925421+09:00 [info] <0.229.0>@riak_core_vnode:mark_handoff_complete/5:658 Updating local ring as handoff of riak_pipe_vnode 1096126227998177188652763624537212264741949407232 to awaiting node 'openriak-kv@node-03.cluster-a.openriak' complete
2026-09-12 00:19:40.930855+09:00 [info] <0.229.0>@riak_core_vnode:mark_handoff_complete/5:658 Updating local ring as handoff of riak_pipe_vnode 1278813932664540053428224228626747642198940975104 to awaiting node 'openriak-kv@node-04.cluster-a.openriak' complete
2026-09-12 00:19:40.931019+09:00 [info] <0.950.0>@riak_core_vnode:mark_handoff_complete/5:735 Handoff of riak_pipe_vnode 1096126227998177188652763624537212264741949407232 complete to new owner - forward
2026-09-12 00:19:40.931147+09:00 [info] <0.950.0>@riak_core_vnode:finish_handoff/2:788 1096126227998177188652763624537212264741949407232 riak_pipe_vnode vnode finished handoff and deleted in 0 milliseconds
2026-09-12 00:19:40.945300+09:00 [info] <0.229.0>@riak_core_vnode:mark_handoff_complete/5:658 Updating local ring as handoff of riak_kv_vnode 182687704666362864775460604089535377456991567872 to awaiting node 'openriak-kv@node-02.cluster-a.openriak' complete
2026-09-12 00:19:40.945520+09:00 [info] <0.953.0>@riak_core_vnode:mark_handoff_complete/5:735 Handoff of riak_pipe_vnode 1278813932664540053428224228626747642198940975104 complete to new owner - forward
2026-09-12 00:19:40.945609+09:00 [info] <0.953.0>@riak_core_vnode:finish_handoff/2:788 1278813932664540053428224228626747642198940975104 riak_pipe_vnode vnode finished handoff and deleted in 0 milliseconds
2026-09-12 00:19:40.952713+09:00 [info] <0.733.0>@riak_core_vnode:mark_handoff_complete/5:735 Handoff of riak_kv_vnode 182687704666362864775460604089535377456991567872 complete to new owner - forward
2026-09-12 00:19:40.952677+09:00 [info] <0.229.0>@riak_core_vnode:mark_handoff_complete/5:658 Updating local ring as handoff of riak_kv_vnode 365375409332725729550921208179070754913983135744 to awaiting node 'openriak-kv@node-03.cluster-a.openriak' complete
2026-09-12 00:19:40.974406+09:00 [info] <0.734.0>@riak_core_vnode:mark_handoff_complete/5:735 Handoff of riak_kv_vnode 365375409332725729550921208179070754913983135744 complete to new owner - forward
2026-09-12 00:19:40.975104+09:00 [info] <0.229.0>@riak_core_vnode:mark_handoff_complete/5:658 Updating local ring as handoff of riak_kv_vnode 548063113999088594326381812268606132370974703616 to awaiting node 'openriak-kv@node-05.cluster-a.openriak' complete
2026-09-12 00:19:40.985115+09:00 [info] <0.229.0>@riak_core_vnode:mark_handoff_complete/5:658 Updating local ring as handoff of riak_kv_vnode 913438523331814323877303020447676887284957839360 to awaiting node 'openriak-kv@node-02.cluster-a.openriak' complete
2026-09-12 00:19:40.985239+09:00 [info] <0.735.0>@riak_core_vnode:mark_handoff_complete/5:735 Handoff of riak_kv_vnode 548063113999088594326381812268606132370974703616 complete to new owner - forward
2026-09-12 00:19:40.993313+09:00 [warning] <0.764.0>@leveled_bookie:handle_call/3:1732 log_ref=b0011 db_id=1 Call to destroy the store and so all files to be removed
2026-09-12 00:19:40.993466+09:00 [warning] <0.776.0>@leveled_inker:handle_call/3:776 log_ref=i0018 db_id=1 We're doomed - intention recorded to destroy all files
2026-09-12 00:19:40.993538+09:00 [info] <0.776.0>@leveled_inker:handle_call/3:780 log_ref=i0005 db_id=1 Inker closing journal for reason doom
2026-09-12 00:19:40.993633+09:00 [info] <0.776.0>@leveled_inker:handle_call/3:782 log_ref=i0006 db_id=1 Close triggered with journal_sqn=0 and manifest_sqn=2
2026-09-12 00:19:40.993743+09:00 [info] <0.776.0>@leveled_inker:shutdown_manifest/1:1036 log_ref=i0007 db_id=1 Inker manifest when closing is:
2026-09-12 00:19:40.993889+09:00 [warning] <0.801.0>@leveled_penciller:handle_call/3:1093 log_ref=p0030 db_id=1 We're doomed - intention recorded to destroy all files
2026-09-12 00:19:40.993991+09:00 [info] <0.806.0>@leveled_pclerk:terminate/2:178 log_ref=pc005 db_id=1 Penciller's Clerk <0.806.0> shutdown now complete for reason normal
2026-09-12 00:19:40.993593+09:00 [warning] <0.758.0>@leveled_bookie:handle_call/3:1732 log_ref=b0011 db_id=2 Call to destroy the store and so all files to be removed
2026-09-12 00:19:40.994177+09:00 [warning] <0.775.0>@leveled_inker:handle_call/3:776 log_ref=i0018 db_id=2 We're doomed - intention recorded to destroy all files
2026-09-12 00:19:40.994266+09:00 [info] <0.775.0>@leveled_inker:handle_call/3:780 log_ref=i0005 db_id=2 Inker closing journal for reason doom
2026-09-12 00:19:40.994349+09:00 [info] <0.775.0>@leveled_inker:handle_call/3:782 log_ref=i0006 db_id=2 Close triggered with journal_sqn=0 and manifest_sqn=2
2026-09-12 00:19:40.994488+09:00 [info] <0.775.0>@leveled_inker:shutdown_manifest/1:1036 log_ref=i0007 db_id=2 Inker manifest when closing is:
2026-09-12 00:19:40.995010+09:00 [info] <0.229.0>@riak_core_vnode:mark_handoff_complete/5:658 Updating local ring as handoff of riak_kv_vnode 1096126227998177188652763624537212264741949407232 to awaiting node 'openriak-kv@node-03.cluster-a.openriak' complete
2026-09-12 00:19:40.995107+09:00 [info] <0.737.0>@riak_core_vnode:mark_handoff_complete/5:735 Handoff of riak_kv_vnode 913438523331814323877303020447676887284957839360 complete to new owner - forward
2026-09-12 00:19:40.995464+09:00 [warning] <0.799.0>@leveled_penciller:handle_call/3:1093 log_ref=p0030 db_id=2 We're doomed - intention recorded to destroy all files
2026-09-12 00:19:40.995567+09:00 [info] <0.807.0>@leveled_pclerk:terminate/2:178 log_ref=pc005 db_id=2 Penciller's Clerk <0.807.0> shutdown now complete for reason normal
2026-09-12 00:19:40.998607+09:00 [warning] <0.761.0>@leveled_bookie:handle_call/3:1732 log_ref=b0011 db_id=3 Call to destroy the store and so all files to be removed
2026-09-12 00:19:40.998798+09:00 [warning] <0.777.0>@leveled_inker:handle_call/3:776 log_ref=i0018 db_id=3 We're doomed - intention recorded to destroy all files
2026-09-12 00:19:40.998931+09:00 [info] <0.777.0>@leveled_inker:handle_call/3:780 log_ref=i0005 db_id=3 Inker closing journal for reason doom
2026-09-12 00:19:40.999061+09:00 [info] <0.777.0>@leveled_inker:handle_call/3:782 log_ref=i0006 db_id=3 Close triggered with journal_sqn=0 and manifest_sqn=2
2026-09-12 00:19:40.999278+09:00 [info] <0.777.0>@leveled_inker:shutdown_manifest/1:1036 log_ref=i0007 db_id=3 Inker manifest when closing is:
2026-09-12 00:19:40.999374+09:00 [info] <0.764.0>@leveled_bookie:terminate/2:1803 log_ref=b0003 db_id=1 Bookie closing for reason normal
2026-09-12 00:19:41.000089+09:00 [info] <0.859.0>@aae_treecache:handle_cast/2:354 log_ref=c0004 Destroying tree cache for partition {182687704666362864775460604089535377456991567872,3}
2026-09-12 00:19:41.000101+09:00 [info] <0.851.0>@aae_treecache:handle_cast/2:354 log_ref=c0004 Destroying tree cache for partition {0,3}
2026-09-12 00:19:41.000200+09:00 [info] <0.844.0>@aae_treecache:handle_cast/2:354 log_ref=c0004 Destroying tree cache for partition {1278813932664540053428224228626747642198940975104,3}
2026-09-12 00:19:41.000458+09:00 [info] <0.733.0>@riak_core_vnode:finish_handoff/2:788 182687704666362864775460604089535377456991567872 riak_kv_vnode vnode finished handoff and deleted in 46 milliseconds
2026-09-12 00:19:41.000543+09:00 [warning] <0.804.0>@leveled_penciller:handle_call/3:1093 log_ref=p0030 db_id=3 We're doomed - intention recorded to destroy all files
2026-09-12 00:19:41.000726+09:00 [info] <0.808.0>@leveled_pclerk:terminate/2:178 log_ref=pc005 db_id=3 Penciller's Clerk <0.808.0> shutdown now complete for reason normal
2026-09-12 00:19:41.001403+09:00 [info] <0.229.0>@riak_core_vnode:mark_handoff_complete/5:658 Updating local ring as handoff of riak_kv_vnode 1278813932664540053428224228626747642198940975104 to awaiting node 'openriak-kv@node-04.cluster-a.openriak' complete
2026-09-12 00:19:41.001557+09:00 [info] <0.738.0>@riak_core_vnode:mark_handoff_complete/5:735 Handoff of riak_kv_vnode 1096126227998177188652763624537212264741949407232 complete to new owner - forward
2026-09-12 00:19:41.010866+09:00 [warning] <0.762.0>@leveled_bookie:handle_call/3:1732 log_ref=b0011 db_id=5 Call to destroy the store and so all files to be removed
2026-09-12 00:19:41.011001+09:00 [warning] <0.778.0>@leveled_inker:handle_call/3:776 log_ref=i0018 db_id=5 We're doomed - intention recorded to destroy all files
2026-09-12 00:19:41.011082+09:00 [info] <0.778.0>@leveled_inker:handle_call/3:780 log_ref=i0005 db_id=5 Inker closing journal for reason doom
2026-09-12 00:19:41.012787+09:00 [info] <0.758.0>@leveled_bookie:terminate/2:1803 log_ref=b0003 db_id=2 Bookie closing for reason normal
2026-09-12 00:19:41.011173+09:00 [info] <0.778.0>@leveled_inker:handle_call/3:782 log_ref=i0006 db_id=5 Close triggered with journal_sqn=0 and manifest_sqn=2
2026-09-12 00:19:41.018578+09:00 [info] <0.840.0>@aae_treecache:handle_cast/2:354 log_ref=c0004 Destroying tree cache for partition {0,3}
2026-09-12 00:19:41.014625+09:00 [info] <0.739.0>@riak_core_vnode:mark_handoff_complete/5:735 Handoff of riak_kv_vnode 1278813932664540053428224228626747642198940975104 complete to new owner - forward
2026-09-12 00:19:41.017443+09:00 [warning] <0.759.0>@leveled_bookie:handle_call/3:1732 log_ref=b0011 db_id=6 Call to destroy the store and so all files to be removed
2026-09-12 00:19:41.018016+09:00 [info] <0.761.0>@leveled_bookie:terminate/2:1803 log_ref=b0003 db_id=3 Bookie closing for reason normal
2026-09-12 00:19:41.018383+09:00 [info] <0.857.0>@aae_treecache:handle_cast/2:354 log_ref=c0004 Destroying tree cache for partition {365375409332725729550921208179070754913983135744,3}
2026-09-12 00:19:41.015332+09:00 [info] <0.1903.0>@riak_core_vnode:mark_handoff_complete/5:735 Handoff of riak_pipe_vnode 182687704666362864775460604089535377456991567872 complete to new owner - forward
2026-09-12 00:19:41.018908+09:00 [info] <0.778.0>@leveled_inker:shutdown_manifest/1:1036 log_ref=i0007 db_id=5 Inker manifest when closing is:
2026-09-12 00:19:41.019066+09:00 [info] <0.1903.0>@riak_core_vnode:finish_handoff/2:788 182687704666362864775460604089535377456991567872 riak_pipe_vnode vnode finished handoff and deleted in 0 milliseconds
2026-09-12 00:19:41.019214+09:00 [info] <0.734.0>@riak_core_vnode:finish_handoff/2:788 365375409332725729550921208179070754913983135744 riak_kv_vnode vnode finished handoff and deleted in 43 milliseconds
2026-09-12 00:19:41.019100+09:00 [warning] <0.779.0>@leveled_inker:handle_call/3:776 log_ref=i0018 db_id=6 We're doomed - intention recorded to destroy all files
2026-09-12 00:19:41.019570+09:00 [info] <0.779.0>@leveled_inker:handle_call/3:780 log_ref=i0005 db_id=6 Inker closing journal for reason doom
2026-09-12 00:19:41.019648+09:00 [info] <0.779.0>@leveled_inker:handle_call/3:782 log_ref=i0006 db_id=6 Close triggered with journal_sqn=0 and manifest_sqn=2
2026-09-12 00:19:41.019428+09:00 [info] <0.852.0>@aae_treecache:handle_cast/2:354 log_ref=c0004 Destroying tree cache for partition {365375409332725729550921208179070754913983135744,3}
2026-09-12 00:19:41.019483+09:00 [info] <0.845.0>@aae_treecache:handle_cast/2:354 log_ref=c0004 Destroying tree cache for partition {182687704666362864775460604089535377456991567872,3}
2026-09-12 00:19:41.019179+09:00 [info] <0.849.0>@aae_treecache:handle_cast/2:354 log_ref=c0004 Destroying tree cache for partition {182687704666362864775460604089535377456991567872,3}
2026-09-12 00:19:41.020346+09:00 [warning] <0.802.0>@leveled_penciller:handle_call/3:1093 log_ref=p0030 db_id=5 We're doomed - intention recorded to destroy all files
2026-09-12 00:19:41.020626+09:00 [info] <0.810.0>@leveled_pclerk:terminate/2:178 log_ref=pc005 db_id=5 Penciller's Clerk <0.810.0> shutdown now complete for reason normal
2026-09-12 00:19:41.022899+09:00 [info] <0.779.0>@leveled_inker:shutdown_manifest/1:1036 log_ref=i0007 db_id=6 Inker manifest when closing is:
2026-09-12 00:19:41.019393+09:00 [info] <0.860.0>@aae_treecache:handle_cast/2:354 log_ref=c0004 Destroying tree cache for partition {548063113999088594326381812268606132370974703616,3}
2026-09-12 00:19:41.023741+09:00 [warning] <0.798.0>@leveled_penciller:handle_call/3:1093 log_ref=p0030 db_id=6 We're doomed - intention recorded to destroy all files
2026-09-12 00:19:41.023838+09:00 [info] <0.811.0>@leveled_pclerk:terminate/2:178 log_ref=pc005 db_id=6 Penciller's Clerk <0.811.0> shutdown now complete for reason normal
2026-09-12 00:19:41.020292+09:00 [info] <0.735.0>@riak_core_vnode:finish_handoff/2:788 548063113999088594326381812268606132370974703616 riak_kv_vnode vnode finished handoff and deleted in 34 milliseconds
2026-09-12 00:19:41.032605+09:00 [info] <0.762.0>@leveled_bookie:terminate/2:1803 log_ref=b0003 db_id=5 Bookie closing for reason normal
2026-09-12 00:19:41.032746+09:00 [info] <0.858.0>@aae_treecache:handle_cast/2:354 log_ref=c0004 Destroying tree cache for partition {913438523331814323877303020447676887284957839360,3}
2026-09-12 00:19:41.032790+09:00 [info] <0.850.0>@aae_treecache:handle_cast/2:354 log_ref=c0004 Destroying tree cache for partition {730750818665451459101842416358141509827966271488,3}
2026-09-12 00:19:41.032824+09:00 [info] <0.838.0>@aae_treecache:handle_cast/2:354 log_ref=c0004 Destroying tree cache for partition {548063113999088594326381812268606132370974703616,3}
2026-09-12 00:19:41.032898+09:00 [info] <0.737.0>@riak_core_vnode:finish_handoff/2:788 913438523331814323877303020447676887284957839360 riak_kv_vnode vnode finished handoff and deleted in 37 milliseconds
2026-09-12 00:19:41.032930+09:00 [info] <0.759.0>@leveled_bookie:terminate/2:1803 log_ref=b0003 db_id=6 Bookie closing for reason normal
2026-09-12 00:19:41.034116+09:00 [info] <0.856.0>@aae_treecache:handle_cast/2:354 log_ref=c0004 Destroying tree cache for partition {1096126227998177188652763624537212264741949407232,3}
2026-09-12 00:19:41.034154+09:00 [info] <0.848.0>@aae_treecache:handle_cast/2:354 log_ref=c0004 Destroying tree cache for partition {913438523331814323877303020447676887284957839360,3}
2026-09-12 00:19:41.034188+09:00 [info] <0.841.0>@aae_treecache:handle_cast/2:354 log_ref=c0004 Destroying tree cache for partition {730750818665451459101842416358141509827966271488,3}
2026-09-12 00:19:41.034254+09:00 [info] <0.738.0>@riak_core_vnode:finish_handoff/2:788 1096126227998177188652763624537212264741949407232 riak_kv_vnode vnode finished handoff and deleted in 32 milliseconds
2026-09-12 00:19:41.036802+09:00 [warning] <0.757.0>@leveled_bookie:handle_call/3:1732 log_ref=b0011 db_id=7 Call to destroy the store and so all files to be removed
2026-09-12 00:19:41.036922+09:00 [warning] <0.773.0>@leveled_inker:handle_call/3:776 log_ref=i0018 db_id=7 We're doomed - intention recorded to destroy all files
2026-09-12 00:19:41.036994+09:00 [info] <0.773.0>@leveled_inker:handle_call/3:780 log_ref=i0005 db_id=7 Inker closing journal for reason doom
2026-09-12 00:19:41.037088+09:00 [info] <0.773.0>@leveled_inker:handle_call/3:782 log_ref=i0006 db_id=7 Close triggered with journal_sqn=0 and manifest_sqn=2
2026-09-12 00:19:41.037179+09:00 [info] <0.773.0>@leveled_inker:shutdown_manifest/1:1036 log_ref=i0007 db_id=7 Inker manifest when closing is:
2026-09-12 00:19:41.037363+09:00 [warning] <0.800.0>@leveled_penciller:handle_call/3:1093 log_ref=p0030 db_id=7 We're doomed - intention recorded to destroy all files
2026-09-12 00:19:41.037480+09:00 [info] <0.812.0>@leveled_pclerk:terminate/2:178 log_ref=pc005 db_id=7 Penciller's Clerk <0.812.0> shutdown now complete for reason normal
2026-09-12 00:19:41.052412+09:00 [info] <0.757.0>@leveled_bookie:terminate/2:1803 log_ref=b0003 db_id=7 Bookie closing for reason normal
2026-09-12 00:19:41.053376+09:00 [info] <0.855.0>@aae_treecache:handle_cast/2:354 log_ref=c0004 Destroying tree cache for partition {1278813932664540053428224228626747642198940975104,3}
2026-09-12 00:19:41.053415+09:00 [info] <0.847.0>@aae_treecache:handle_cast/2:354 log_ref=c0004 Destroying tree cache for partition {1096126227998177188652763624537212264741949407232,3}
2026-09-12 00:19:41.053451+09:00 [info] <0.839.0>@aae_treecache:handle_cast/2:354 log_ref=c0004 Destroying tree cache for partition {913438523331814323877303020447676887284957839360,3}
2026-09-12 00:19:41.055907+09:00 [info] <0.739.0>@riak_core_vnode:finish_handoff/2:788 1278813932664540053428224228626747642198940975104 riak_kv_vnode vnode finished handoff and deleted in 36 milliseconds
2026-09-12 00:19:41.062906+09:00 [info] <0.766.0>@leveled_monitor:handle_cast/2:494 log_ref=b0016 db_id=4 Get timing with sample_count=0 and head_time=0 body_time=0 with fetch_count=0 with sample_period=50 seconds
2026-09-12 00:19:41.474790+09:00 [info] <0.386.0>@riak_kv_ttaaefs_manager:handle_info/2:648 Initiated Tictac AAE Full-Sync Mgr with scope=disabled
2026-09-12 00:19:41.474916+09:00 [info] <0.386.0>@riak_kv_ttaaefs_manager:handle_info/2:668 Initiating schedule at startup SlotInfo {1,5,1} Schedule [{no_check,24},{all_check,0},{day_check,0},{hour_check,0},{range_check,0},{auto_check,0}]
2026-09-12 00:19:41.475073+09:00 [info] <0.386.0>@riak_kv_ttaaefs_manager:handle_info/2:686 Scheduling work_item=no_check in 2469 seconds 23 items to run in schedule
2026-09-12 00:19:41.491019+09:00 [info] <0.387.0>@riak_kv_replrtq_src:handle_info/2:646 QueueName=q1_ttaaefs has queue sizes p1=0 p2=0 p3=0
2026-09-12 00:19:41.498729+09:00 [info] <0.390.0>@riak_kv_overflow_queue:log/5:129 riak_kv_reaper job_id=0 has attempts=0 aborts=0 Queue lengths queue_p2=0 queue_p1=0 Overflow lengths overflow_p2=0 overflow_p1=0 Discard counts discard_p2=0 discard_p1=0
2026-09-12 00:19:41.502420+09:00 [info] <0.391.0>@riak_kv_overflow_queue:log/5:129 riak_kv_eraser job_id=0 has attempts=0 aborts=0 Queue lengths queue_p2=0 queue_p1=0 Overflow lengths overflow_p2=0 overflow_p1=0 Discard counts discard_p2=0 discard_p1=0
2026-09-12 00:19:41.507708+09:00 [info] <0.392.0>@riak_kv_overflow_queue:log/5:129 riak_kv_reader job_id=0 has attempts=0 aborts=0 Queue lengths queue_p2=0 queue_p1=0 Overflow lengths overflow_p2=0 overflow_p1=0 Discard counts discard_p2=0 discard_p1=0
2026-09-12 00:19:41.757868+09:00 [info] <0.571.0>@riak_core_worker_pool:handle_info/3:257 worker_pool=af2_pool has qlen=0 and no items checked out
2026-09-12 00:19:41.757961+09:00 [info] <0.575.0>@riak_core_worker_pool:handle_info/3:257 worker_pool=af3_pool has qlen=0 and no items checked out
2026-09-12 00:19:41.758025+09:00 [info] <0.582.0>@riak_core_worker_pool:handle_info/3:257 worker_pool=af4_pool has qlen=0 and no items checked out
2026-09-12 00:19:41.758722+09:00 [info] <0.586.0>@riak_core_worker_pool:handle_info/3:257 worker_pool=be_pool has qlen=0 and no items checked out
2026-09-12 00:19:41.758792+09:00 [info] <0.563.0>@riak_core_worker_pool:handle_info/3:257 worker_pool=af1_pool has qlen=0 and no items checked out
2026-09-12 00:20:11.063608+09:00 [info] <0.766.0>@leveled_monitor:handle_cast/2:551 log_ref=b0017 db_id=4 Snapshot timing with sample_count=0 and bookie_time=0 pcl_time=0 with sample_period=80 seconds
2026-09-12 00:20:11.493589+09:00 [info] <0.387.0>@riak_kv_replrtq_src:handle_info/2:646 QueueName=q1_ttaaefs has queue sizes p1=0 p2=0 p3=0
2026-09-12 00:20:36.709651+09:00 [info] <0.563.0>@riak_core_worker_pool:handle_info/3:257 worker_pool=af1_pool has qlen=0 and no items checked out
2026-09-12 00:20:38.458105+09:00 [info] <0.765.0>@leveled_monitor:handle_cast/2:580 log_ref=p0032 db_id=0 Fetch head timing with sample_count=0 and level timings of foundmem_time=0 found0_time=0 found1_time=0 found2_time=0 found3_time=0 foundlower_time=0 missed_time=0 with counts of foundmem_count=0 found0_count=0 found1_count=0 found2_count=0 found3_count=0 foundlower_count=0 missed_count=0 with sample_period=107 seconds
2026-09-12 00:20:39.975835+09:00 [info] <0.586.0>@riak_core_worker_pool:handle_info/3:257 worker_pool=be_pool has qlen=0 and no items checked out
2026-09-12 00:20:40.430760+09:00 [info] <0.575.0>@riak_core_worker_pool:handle_info/3:257 worker_pool=af3_pool has qlen=0 and no items checked out
2026-09-12 00:20:40.457833+09:00 [info] <0.582.0>@riak_core_worker_pool:handle_info/3:257 worker_pool=af4_pool has qlen=0 and no items checked out
2026-09-12 00:20:41.064669+09:00 [info] <0.766.0>@leveled_monitor:handle_cast/2:534 log_ref=b0015 db_id=4 Put timing with sample_count=0 ink_time=0 prep_time=0 mem_time=0 with total_object_size=0 with sample_period=110 seconds
2026-09-12 00:20:41.494597+09:00 [info] <0.387.0>@riak_kv_replrtq_src:handle_info/2:646 QueueName=q1_ttaaefs has queue sizes p1=0 p2=0 p3=0
2026-09-12 00:20:41.500112+09:00 [info] <0.390.0>@riak_kv_overflow_queue:log/5:129 riak_kv_reaper job_id=0 has attempts=0 aborts=0 Queue lengths queue_p2=0 queue_p1=0 Overflow lengths overflow_p2=0 overflow_p1=0 Discard counts discard_p2=0 discard_p1=0
2026-09-12 00:20:41.502778+09:00 [info] <0.391.0>@riak_kv_overflow_queue:log/5:129 riak_kv_eraser job_id=0 has attempts=0 aborts=0 Queue lengths queue_p2=0 queue_p1=0 Overflow lengths overflow_p2=0 overflow_p1=0 Discard counts discard_p2=0 discard_p1=0
2026-09-12 00:20:41.508689+09:00 [info] <0.392.0>@riak_kv_overflow_queue:log/5:129 riak_kv_reader job_id=0 has attempts=0 aborts=0 Queue lengths queue_p2=0 queue_p1=0 Overflow lengths overflow_p2=0 overflow_p1=0 Discard counts discard_p2=0 discard_p1=0
2026-09-12 00:20:41.521373+09:00 [info] <0.571.0>@riak_core_worker_pool:handle_info/3:257 worker_pool=af2_pool has qlen=0 and no items checked out
2026-09-12 00:21:08.458664+09:00 [info] <0.765.0>@leveled_monitor:handle_cast/2:494 log_ref=b0016 db_id=0 Get timing with sample_count=0 and head_time=0 body_time=0 with fetch_count=0 with sample_period=137 seconds
2026-09-12 00:21:11.065658+09:00 [info] <0.766.0>@leveled_monitor:handle_cast/2:625 log_ref=cdb19 db_id=4 Sample timings in microseconds for sample_count=0 with totals of cycle_count=0 index_time=0 read_time=0 with sample_period=140 seconds
2026-09-12 00:21:11.496402+09:00 [info] <0.387.0>@riak_kv_replrtq_src:handle_info/2:646 QueueName=q1_ttaaefs has queue sizes p1=0 p2=0 p3=0
2026-09-12 00:21:32.029871+09:00 [info] <0.563.0>@riak_core_worker_pool:handle_info/3:257 worker_pool=af1_pool has qlen=0 and no items checked out
2026-09-12 00:21:36.334634+09:00 [info] <0.575.0>@riak_core_worker_pool:handle_info/3:257 worker_pool=af3_pool has qlen=0 and no items checked out
2026-09-12 00:21:38.459672+09:00 [info] <0.765.0>@leveled_monitor:handle_cast/2:534 log_ref=b0015 db_id=0 Put timing with sample_count=0 ink_time=0 prep_time=0 mem_time=0 with total_object_size=0 with sample_period=167 seconds
2026-09-12 00:21:39.568655+09:00 [info] <0.571.0>@riak_core_worker_pool:handle_info/3:257 worker_pool=af2_pool has qlen=0 and no items checked out
2026-09-12 00:21:39.711619+09:00 [info] <0.586.0>@riak_core_worker_pool:handle_info/3:257 worker_pool=be_pool has qlen=0 and no items checked out
2026-09-12 00:21:40.050656+09:00 [info] <0.582.0>@riak_core_worker_pool:handle_info/3:257 worker_pool=af4_pool has qlen=0 and no items checked out
2026-09-12 00:21:41.066640+09:00 [info] <0.766.0>@leveled_monitor:handle_cast/2:515 log_ref=b0018 db_id=4 Positive HEAD responses timed with sample_count=0 and cache_count=0 found_count=0 fetch_ledger_time=0 fetch_ledgercache_time=0 rsp_time=0 notfound_time=0 with sample_period=170 seconds
2026-09-12 00:21:41.496702+09:00 [info] <0.387.0>@riak_kv_replrtq_src:handle_info/2:646 QueueName=q1_ttaaefs has queue sizes p1=0 p2=0 p3=0
2026-09-12 00:21:41.502402+09:00 [info] <0.390.0>@riak_kv_overflow_queue:log/5:129 riak_kv_reaper job_id=0 has attempts=0 aborts=0 Queue lengths queue_p2=0 queue_p1=0 Overflow lengths overflow_p2=0 overflow_p1=0 Discard counts discard_p2=0 discard_p1=0
2026-09-12 00:21:41.506667+09:00 [info] <0.391.0>@riak_kv_overflow_queue:log/5:129 riak_kv_eraser job_id=0 has attempts=0 aborts=0 Queue lengths queue_p2=0 queue_p1=0 Overflow lengths overflow_p2=0 overflow_p1=0 Discard counts discard_p2=0 discard_p1=0
2026-09-12 00:21:41.511810+09:00 [info] <0.392.0>@riak_kv_overflow_queue:log/5:129 riak_kv_reader job_id=0 has attempts=0 aborts=0 Queue lengths queue_p2=0 queue_p1=0 Overflow lengths overflow_p2=0 overflow_p1=0 Discard counts discard_p2=0 discard_p1=0
2026-09-12 00:21:56.206910+09:00 [info] <0.4415.0>@supervisor_bridge:report_progress/4:139 Supervisor: {local,inet_gethost_native_sup}. Started: pid=<0.4416.0>,mfa={inet_gethost_native,init,[[]]}.
2026-09-12 00:21:56.207187+09:00 [info] <0.82.0>@supervisor:report_progress/2:1582 Supervisor: {local,kernel_safe_sup}. Started: id=inet_gethost_native_sup,pid=<0.4415.0>.
2026-09-12 00:22:06.017897+09:00 [info] <0.614.0>@riak_repl_app:prep_stop/1:336 Redirecting realtime replication traffic
2026-09-12 00:22:06.039545+09:00 [info] <0.82.0>@supervisor:report_progress/2:1582 Supervisor: {local,kernel_safe_sup}. Started: id=riak_repl2_rtq_proxy,pid=<0.4558.0>.
2026-09-12 00:22:06.039690+09:00 [info] <0.614.0>@riak_repl_app:prep_stop/1:339 Stopping application riak_repl - marked service down.
2026-09-12 00:22:06.048166+09:00 [info] <0.4559.0>@riak_repl_migration:init/0:33 Riak replication migration server started
2026-09-12 00:22:06.048286+09:00 [info] <0.614.0>@riak_repl_app:prep_stop/1:343 Started migration server
2026-09-12 00:22:06.048370+09:00 [info] <0.4559.0>@riak_repl_migration:handle_call/3:37 Realtime Repl queue migration sleeping
2026-09-12 00:22:06.149753+09:00 [info] <0.4559.0>@riak_repl_migration:handle_info/2:50 Queue empty, no replication queue migration required
2026-09-12 00:22:07.152260+09:00 [info] <0.614.0>@riak_repl_app:stop/1:139 Stopped application riak_repl
2026-09-12 00:22:07.160324+09:00 [info] <0.358.0>@riak_kv_app:prep_stop/1:275 Stopping application riak_kv - marked service down.
2026-09-12 00:22:07.160760+09:00 [info] <0.358.0>@riak_kv_app:prep_stop/1:279 Unregistered pb services
2026-09-12 00:22:07.163762+09:00 [info] <0.358.0>@riak_kv_app:prep_stop/1:284 unregistered webmachine routes
2026-09-12 00:22:07.163918+09:00 [info] <0.358.0>@riak_kv_app:prep_stop/1:286 all active put FSMs completed
2026-09-12 00:22:07.164327+09:00 [info] <0.358.0>@riak_kv_app:stop/1:297 Stopped  application riak_kv.
2026-09-12 00:22:07.172416+09:00 [info] <0.780.0>@leveled_inker:handle_call/3:780 log_ref=i0005 db_id=0 Inker closing journal for reason close
2026-09-12 00:22:07.172547+09:00 [info] <0.780.0>@leveled_inker:handle_call/3:782 log_ref=i0006 db_id=0 Close triggered with journal_sqn=5 and manifest_sqn=2
2026-09-12 00:22:07.172658+09:00 [info] <0.774.0>@leveled_inker:handle_call/3:780 log_ref=i0005 db_id=4 Inker closing journal for reason close
2026-09-12 00:22:07.172761+09:00 [info] <0.774.0>@leveled_inker:handle_call/3:782 log_ref=i0006 db_id=4 Close triggered with journal_sqn=0 and manifest_sqn=2
2026-09-12 00:22:07.172887+09:00 [info] <0.774.0>@leveled_inker:shutdown_manifest/1:1036 log_ref=i0007 db_id=4 Inker manifest when closing is:
2026-09-12 00:22:07.172838+09:00 [info] <0.780.0>@leveled_inker:shutdown_manifest/1:1036 log_ref=i0007 db_id=0 Inker manifest when closing is:
2026-09-12 00:22:07.173086+09:00 [info] <0.809.0>@leveled_pclerk:terminate/2:178 log_ref=pc005 db_id=0 Penciller's Clerk <0.809.0> shutdown now complete for reason normal
2026-09-12 00:22:07.173102+09:00 [info] <0.813.0>@leveled_pclerk:terminate/2:178 log_ref=pc005 db_id=4 Penciller's Clerk <0.813.0> shutdown now complete for reason normal
2026-09-12 00:22:07.173197+09:00 [info] <0.803.0>@leveled_penciller:handle_call/3:1068 log_ref=p0008 db_id=0 Penciller closing for reason close
2026-09-12 00:22:07.173225+09:00 [info] <0.805.0>@leveled_penciller:handle_call/3:1068 log_ref=p0008 db_id=4 Penciller closing for reason close
2026-09-12 00:22:07.173279+09:00 [info] <0.803.0>@leveled_penciller:handle_call/3:1084 log_ref=p0010 db_id=0 level zero discarded_count=0 on close of Penciller
2026-09-12 00:22:07.173335+09:00 [info] <0.805.0>@leveled_penciller:handle_call/3:1084 log_ref=p0010 db_id=4 level zero discarded_count=0 on close of Penciller
2026-09-12 00:22:07.173401+09:00 [info] <0.763.0>@leveled_bookie:terminate/2:1803 log_ref=b0003 db_id=0 Bookie closing for reason normal
2026-09-12 00:22:07.173569+09:00 [info] <0.760.0>@leveled_bookie:terminate/2:1803 log_ref=b0003 db_id=4 Bookie closing for reason normal
2026-09-12 00:22:07.227750+09:00 [info] <0.861.0>@aae_treecache:save_to_disk/3:403 log_ref=c0003 Saving tree cache to path /var/lib/riak/tictac_aae/730750818665451459101842416358141509827966271488/aaetree/730750818665451459101842416358141509827966271488_3/ and filename 1.pnd
2026-09-12 00:22:07.231866+09:00 [info] <0.854.0>@aae_treecache:save_to_disk/3:403 log_ref=c0003 Saving tree cache to path /var/lib/riak/tictac_aae/0/aaetree/0_3/ and filename 1.pnd
2026-09-12 00:22:07.270327+09:00 [info] <0.4558.0>@riak_repl2_rtq_proxy:handle_info/2:94 rtq proxy target 'openriak-kv@node-05.cluster-a.openriak' is down
2026-09-12 00:22:07.276361+09:00 [info] <0.853.0>@aae_treecache:save_to_disk/3:403 log_ref=c0003 Saving tree cache to path /var/lib/riak/tictac_aae/730750818665451459101842416358141509827966271488/aaetree/548063113999088594326381812268606132370974703616_3/ and filename 1.pnd
2026-09-12 00:22:07.276827+09:00 [info] <0.846.0>@aae_treecache:save_to_disk/3:403 log_ref=c0003 Saving tree cache to path /var/lib/riak/tictac_aae/0/aaetree/1278813932664540053428224228626747642198940975104_3/ and filename 1.pnd
2026-09-12 00:22:07.284225+09:00 [info] <0.4558.0>@riak_repl2_rtq_proxy:handle_info/2:94 rtq proxy target 'openriak-kv@node-04.cluster-a.openriak' is down
2026-09-12 00:22:07.344543+09:00 [info] <0.843.0>@aae_treecache:save_to_disk/3:403 log_ref=c0003 Saving tree cache to path /var/lib/riak/tictac_aae/0/aaetree/1096126227998177188652763624537212264741949407232_3/ and filename 1.pnd
2026-09-12 00:22:07.356818+09:00 [info] <0.4558.0>@riak_repl2_rtq_proxy:handle_info/2:94 rtq proxy target 'openriak-kv@node-02.cluster-a.openriak' is down
2026-09-12 00:22:07.373108+09:00 [info] <0.842.0>@aae_treecache:save_to_disk/3:403 log_ref=c0003 Saving tree cache to path /var/lib/riak/tictac_aae/730750818665451459101842416358141509827966271488/aaetree/365375409332725729550921208179070754913983135744_3/ and filename 1.pnd
2026-09-12 00:22:07.376479+09:00 [info] <0.214.0>@riak_core_app:stop/1:118 Stopped  application riak_core.
2026-09-12 00:22:07.385759+09:00 [notice] <0.143.0>@: alarm_handler: {clear,system_memory_high_watermark}
