2026-09-11 20:45:56.503314+09:00 [info] <0.44.0>@application_controller:info_started/2:2130 Application: kernel. Started at: 'openriak-kv@node-05.cluster-a.openriak'.
2026-09-11 20:45:57.231356+09:00 [info] <0.44.0>@application_controller:info_started/2:2130 Application: stdlib. Started at: 'openriak-kv@node-05.cluster-a.openriak'.
2026-09-11 20:45:57.255273+09:00 [info] <0.44.0>@application_controller:info_started/2:2130 Application: asn1. Started at: 'openriak-kv@node-05.cluster-a.openriak'.
2026-09-11 20:45:57.275342+09:00 [info] <0.44.0>@application_controller:info_started/2:2130 Application: crypto. Started at: 'openriak-kv@node-05.cluster-a.openriak'.
2026-09-11 20:45:57.289914+09:00 [info] <0.44.0>@application_controller:info_started/2:2130 Application: public_key. Started at: 'openriak-kv@node-05.cluster-a.openriak'.
2026-09-11 20:45:57.580261+09:00 [info] <0.77.0>@supervisor:report_progress/2:1582 Supervisor: {local,logger_sup}. Started: id=ssl_handler,pid=<0.99.0>.
2026-09-11 20:45:57.966742+09:00 [info] <0.103.0>@supervisor:report_progress/2:1582 Supervisor: {local,ssl_admin_sup}. Started: id=ssl_pem_cache,pid=<0.104.0>.
2026-09-11 20:45:58.380675+09:00 [info] <0.103.0>@supervisor:report_progress/2:1582 Supervisor: {local,ssl_admin_sup}. Started: id=ssl_manager,pid=<0.105.0>.
2026-09-11 20:45:58.456223+09:00 [info] <0.103.0>@supervisor:report_progress/2:1582 Supervisor: {local,ssl_admin_sup}. Started: id=tls_client_ticket_store,pid=<0.106.0>.
2026-09-11 20:45:58.466426+09:00 [info] <0.102.0>@supervisor:report_progress/2:1582 Supervisor: {local,ssl_sup}. Started: id=ssl_admin_sup,pid=<0.103.0>.
2026-09-11 20:45:58.587972+09:00 [info] <0.108.0>@supervisor:report_progress/2:1582 Supervisor: {local,tls_sup}. Started: id=tls_connection_sup,pid=<0.109.0>.
2026-09-11 20:45:58.723877+09:00 [info] <0.110.0>@supervisor:report_progress/2:1582 Supervisor: {local,tls_server_sup}. Started: id=ssl_listen_tracker_sup,pid=<0.111.0>.
2026-09-11 20:45:58.836431+09:00 [info] <0.110.0>@supervisor:report_progress/2:1582 Supervisor: {local,tls_server_sup}. Started: id=tls_server_session_ticket,pid=<0.112.0>.
2026-09-11 20:45:58.919882+09:00 [info] <0.110.0>@supervisor:report_progress/2:1582 Supervisor: {local,tls_server_sup}. Started: id=ssl_server_session_cache_sup,pid=<0.113.0>.
2026-09-11 20:45:59.003796+09:00 [info] <0.110.0>@supervisor:report_progress/2:1582 Supervisor: {local,tls_server_sup}. Started: id=ssl_upgrade_server_session_cache_sup,pid=<0.114.0>.
2026-09-11 20:45:59.012553+09:00 [info] <0.108.0>@supervisor:report_progress/2:1582 Supervisor: {local,tls_sup}. Started: id=tls_server_sup,pid=<0.110.0>.
2026-09-11 20:45:59.027572+09:00 [info] <0.107.0>@supervisor:report_progress/2:1582 Supervisor: {local,ssl_connection_sup}. Started: id=tls_sup,pid=<0.108.0>.
2026-09-11 20:45:59.160045+09:00 [info] <0.115.0>@supervisor:report_progress/2:1582 Supervisor: {local,dtls_sup}. Started: id=dtls_connection_sup,pid=<0.116.0>.
2026-09-11 20:45:59.250826+09:00 [info] <0.117.0>@supervisor:report_progress/2:1582 Supervisor: {local,dtls_server_sup}. Started: id=dtls_listener_sup,pid=<0.118.0>.
2026-09-11 20:45:59.282367+09:00 [info] <0.117.0>@supervisor:report_progress/2:1582 Supervisor: {local,dtls_server_sup}. Started: id=dtls_server_session_cache_sup,pid=<0.119.0>.
2026-09-11 20:45:59.289031+09:00 [info] <0.115.0>@supervisor:report_progress/2:1582 Supervisor: {local,dtls_sup}. Started: id=dtls_server_sup,pid=<0.117.0>.
2026-09-11 20:45:59.290989+09:00 [info] <0.107.0>@supervisor:report_progress/2:1582 Supervisor: {local,ssl_connection_sup}. Started: id=dtls_sup,pid=<0.115.0>.
2026-09-11 20:45:59.308291+09:00 [info] <0.102.0>@supervisor:report_progress/2:1582 Supervisor: {local,ssl_sup}. Started: id=ssl_connection_sup,pid=<0.107.0>.
2026-09-11 20:45:59.315667+09:00 [info] <0.44.0>@application_controller:info_started/2:2130 Application: ssl. Started at: 'openriak-kv@node-05.cluster-a.openriak'.
2026-09-11 20:45:59.327202+09:00 [info] <0.44.0>@application_controller:info_started/2:2130 Application: hut. Started at: 'openriak-kv@node-05.cluster-a.openriak'.
2026-09-11 20:45:59.460339+09:00 [info] <0.124.0>@supervisor:report_progress/2:1582 Supervisor: {local,setup_sup}. Started: id=setup_srv,pid=<0.125.0>.
2026-09-11 20:45:59.891644+09:00 [notice] <0.125.0>@: Setup running ...
2026-09-11 20:46:00.069812+09:00 [notice] <0.125.0>@: Directories verified. Res = ok
2026-09-11 20:46:00.218809+09:00 [notice] <0.125.0>@: Setup finished processing hooks (Mode=normal)...
2026-09-11 20:46:00.226879+09:00 [info] <0.44.0>@application_controller:info_started/2:2130 Application: setup. Started at: 'openriak-kv@node-05.cluster-a.openriak'.
2026-09-11 20:46:00.235532+09:00 [info] <0.44.0>@application_controller:info_started/2:2130 Application: syntax_tools. Started at: 'openriak-kv@node-05.cluster-a.openriak'.
2026-09-11 20:46:00.239559+09:00 [info] <0.44.0>@application_controller:info_started/2:2130 Application: compiler. Started at: 'openriak-kv@node-05.cluster-a.openriak'.
2026-09-11 20:46:00.256853+09:00 [info] <0.44.0>@application_controller:info_started/2:2130 Application: parse_trans. Started at: 'openriak-kv@node-05.cluster-a.openriak'.
2026-09-11 20:46:00.573091+09:00 [info] <0.132.0>@supervisor:report_progress/2:1582 Supervisor: {local,exometer_core_sup}. Started: id=exometer_admin,pid=<0.133.0>.
2026-09-11 20:46:00.627284+09:00 [info] <0.132.0>@supervisor:report_progress/2:1582 Supervisor: {local,exometer_core_sup}. Started: id=exometer_cache,pid=<0.134.0>.
2026-09-11 20:46:00.948893+09:00 [info] <0.132.0>@supervisor:report_progress/2:1582 Supervisor: {local,exometer_core_sup}. Started: id=exometer_report,pid=<0.135.0>.
2026-09-11 20:46:00.978400+09:00 [info] <0.132.0>@supervisor:report_progress/2:1582 Supervisor: {local,exometer_core_sup}. Started: id=exometer_report_logger_sup,pid=<0.136.0>.
2026-09-11 20:46:01.151378+09:00 [info] <0.132.0>@supervisor:report_progress/2:1582 Supervisor: {local,exometer_core_sup}. Started: id=exometer_alias,pid=<0.137.0>.
2026-09-11 20:46:01.202083+09:00 [info] <0.135.0>@exometer_report:do_start_reporters/1:695 Starting reporters with []
2026-09-11 20:46:01.248853+09:00 [info] <0.44.0>@application_controller:info_started/2:2130 Application: exometer_core. Started at: 'openriak-kv@node-05.cluster-a.openriak'.
2026-09-11 20:46:01.380409+09:00 [info] <0.142.0>@supervisor:report_progress/2:1582 Supervisor: {local,sasl_safe_sup}. Started: id=alarm_handler,pid=<0.143.0>.
2026-09-11 20:46:01.387286+09:00 [info] <0.141.0>@supervisor:report_progress/2:1582 Supervisor: {local,sasl_sup}. Started: id=sasl_safe_sup,pid=<0.142.0>.
2026-09-11 20:46:02.053675+09:00 [info] <0.141.0>@supervisor:report_progress/2:1582 Supervisor: {local,sasl_sup}. Started: id=release_handler,pid=<0.144.0>.
2026-09-11 20:46:02.058700+09:00 [info] <0.44.0>@application_controller:info_started/2:2130 Application: sasl. Started at: 'openriak-kv@node-05.cluster-a.openriak'.
2026-09-11 20:46:02.205625+09:00 [info] <0.49.0>@supervisor:report_progress/2:1582 Supervisor: {local,kernel_sup}. Started: id=timer_server,pid=<0.151.0>.
2026-09-11 20:46:02.214822+09:00 [info] <0.149.0>@supervisor:report_progress/2:1582 Supervisor: {local,riak_sysmon_sup}. Started: id=riak_sysmon_filter,pid=<0.150.0>.
2026-09-11 20:46:02.234150+09:00 [info] <0.149.0>@supervisor:report_progress/2:1582 Supervisor: {local,riak_sysmon_sup}. Started: id=riak_sysmon_mgr,pid=<0.153.0>.
2026-09-11 20:46:02.240023+09:00 [info] <0.44.0>@application_controller:info_started/2:2130 Application: riak_sysmon. Started at: 'openriak-kv@node-05.cluster-a.openriak'.
2026-09-11 20:46:02.502921+09:00 [info] <0.157.0>@supervisor:report_progress/2:1582 Supervisor: {local,os_mon_sup}. Started: id=disksup,pid=<0.158.0>.
2026-09-11 20:46:02.822068+09:00 [info] <0.157.0>@supervisor:report_progress/2:1582 Supervisor: {local,os_mon_sup}. Started: id=memsup,pid=<0.159.0>.
2026-09-11 20:46:03.187188+09:00 [info] <0.157.0>@supervisor:report_progress/2:1582 Supervisor: {local,os_mon_sup}. Started: id=cpu_sup,pid=<0.161.0>.
2026-09-11 20:46:03.200723+09:00 [info] <0.44.0>@application_controller:info_started/2:2130 Application: os_mon. Started at: 'openriak-kv@node-05.cluster-a.openriak'.
2026-09-11 20:46:03.224587+09:00 [info] <0.44.0>@application_controller:info_started/2:2130 Application: observer. Started at: 'openriak-kv@node-05.cluster-a.openriak'.
2026-09-11 20:46:03.865774+09:00 [info] <0.168.0>@supervisor:report_progress/2:1582 Supervisor: {local,runtime_tools_sup}. Started: id=ttb_autostart,pid=<0.169.0>.
2026-09-11 20:46:03.882037+09:00 [info] <0.44.0>@application_controller:info_started/2:2130 Application: runtime_tools. Started at: 'openriak-kv@node-05.cluster-a.openriak'.
2026-09-11 20:46:03.901797+09:00 [info] <0.44.0>@application_controller:info_started/2:2130 Application: xmerl. Started at: 'openriak-kv@node-05.cluster-a.openriak'.
2026-09-11 20:46:05.033396+09:00 [info] <0.176.0>@supervisor:report_progress/2:1582 Supervisor: {local,httpc_profile_sup}. Started: id=httpc_manager,pid=<0.177.0>.
2026-09-11 20:46:05.056044+09:00 [info] <0.175.0>@supervisor:report_progress/2:1582 Supervisor: {local,httpc_sup}. Started: id=httpc_profile_sup,pid=<0.176.0>.
2026-09-11 20:46:05.121895+09:00 [info] <0.175.0>@supervisor:report_progress/2:1582 Supervisor: {local,httpc_sup}. Started: id=httpc_handler_sup,pid=<0.178.0>.
2026-09-11 20:46:05.125947+09:00 [info] <0.174.0>@supervisor:report_progress/2:1582 Supervisor: {local,inets_sup}. Started: id=httpc_sup,pid=<0.175.0>.
2026-09-11 20:46:05.228470+09:00 [info] <0.174.0>@supervisor:report_progress/2:1582 Supervisor: {local,inets_sup}. Started: id=httpd_sup,pid=<0.179.0>.
2026-09-11 20:46:05.240929+09:00 [info] <0.44.0>@application_controller:info_started/2:2130 Application: inets. Started at: 'openriak-kv@node-05.cluster-a.openriak'.
2026-09-11 20:46:05.271756+09:00 [info] <0.44.0>@application_controller:info_started/2:2130 Application: mochiweb. Started at: 'openriak-kv@node-05.cluster-a.openriak'.
2026-09-11 20:46:05.539689+09:00 [info] <0.184.0>@supervisor:report_progress/2:1582 Supervisor: {local,webmachine_sup}. Started: id=webmachine_logger,pid=<0.185.0>.
2026-09-11 20:46:05.602249+09:00 [info] <0.184.0>@supervisor:report_progress/2:1582 Supervisor: {local,webmachine_sup}. Started: id=webmachine_logger_watcher_sup,pid=<0.186.0>.
2026-09-11 20:46:05.717510+09:00 [info] <0.184.0>@supervisor:report_progress/2:1582 Supervisor: {local,webmachine_sup}. Started: id=webmachine_router,pid=<0.187.0>.
2026-09-11 20:46:05.730151+09:00 [info] <0.44.0>@application_controller:info_started/2:2130 Application: webmachine. Started at: 'openriak-kv@node-05.cluster-a.openriak'.
2026-09-11 20:46:05.735188+09:00 [info] <0.44.0>@application_controller:info_started/2:2130 Application: basho_stats. Started at: 'openriak-kv@node-05.cluster-a.openriak'.
2026-09-11 20:46:06.021938+09:00 [info] <0.192.0>@supervisor:report_progress/2:1582 Supervisor: {local,bitcask_sup}. Started: id=bitcask_merge_worker,pid=<0.193.0>.
2026-09-11 20:46:06.121192+09:00 [info] <0.192.0>@supervisor:report_progress/2:1582 Supervisor: {local,bitcask_sup}. Started: id=bitcask_merge_delete,pid=<0.194.0>.
2026-09-11 20:46:06.132281+09:00 [info] <0.44.0>@application_controller:info_started/2:2130 Application: bitcask. Started at: 'openriak-kv@node-05.cluster-a.openriak'.
2026-09-11 20:46:06.140226+09:00 [info] <0.44.0>@application_controller:info_started/2:2130 Application: getopt. Started at: 'openriak-kv@node-05.cluster-a.openriak'.
2026-09-11 20:46:06.148807+09:00 [info] <0.44.0>@application_controller:info_started/2:2130 Application: cuttlefish. Started at: 'openriak-kv@node-05.cluster-a.openriak'.
2026-09-11 20:46:06.767481+09:00 [info] <0.200.0>@supervisor:report_progress/2:1582 Supervisor: {local,clique_sup}. Started: id=clique_manager,pid=<0.201.0>.
2026-09-11 20:46:06.769389+09:00 [info] <0.44.0>@application_controller:info_started/2:2130 Application: clique. Started at: 'openriak-kv@node-05.cluster-a.openriak'.
2026-09-11 20:46:06.802899+09:00 [info] <0.44.0>@application_controller:info_started/2:2130 Application: eleveldb. Started at: 'openriak-kv@node-05.cluster-a.openriak'.
2026-09-11 20:46:06.837521+09:00 [info] <0.44.0>@application_controller:info_started/2:2130 Application: pbkdf2. Started at: 'openriak-kv@node-05.cluster-a.openriak'.
2026-09-11 20:46:06.855985+09:00 [info] <0.44.0>@application_controller:info_started/2:2130 Application: poolboy. Started at: 'openriak-kv@node-05.cluster-a.openriak'.
2026-09-11 20:46:07.297744+09:00 [info] <0.44.0>@application_controller:info_started/2:2130 Application: cluster_info. Started at: 'openriak-kv@node-05.cluster-a.openriak'.
2026-09-11 20:46:09.164260+09:00 [info] <0.212.0>@supervisor:report_progress/2:1582 Supervisor: {local,riak_core_sup}. Started: id=riak_core_bg_manager,pid=<0.213.0>.
2026-09-11 20:46:09.406163+09:00 [info] <0.212.0>@supervisor:report_progress/2:1582 Supervisor: {local,riak_core_sup}. Started: id=riak_core_sysmon_minder,pid=<0.214.0>.
2026-09-11 20:46:09.480728+09:00 [info] <0.212.0>@supervisor:report_progress/2:1582 Supervisor: {local,riak_core_sup}. Started: id=riak_core_vnode_sup,pid=<0.215.0>.
2026-09-11 20:46:09.539814+09:00 [info] <0.212.0>@supervisor:report_progress/2:1582 Supervisor: {local,riak_core_sup}. Started: id=riak_core_eventhandler_sup,pid=<0.216.0>.
2026-09-11 20:46:09.668143+09:00 [info] <0.212.0>@supervisor:report_progress/2:1582 Supervisor: {local,riak_core_sup}. Started: id=riak_core_dist_mon,pid=<0.217.0>.
2026-09-11 20:46:09.791195+09:00 [info] <0.218.0>@supervisor:report_progress/2:1582 Supervisor: {local,riak_core_handoff_sup}. Started: id=riak_core_handoff_receiver_sup,pid=<0.219.0>.
2026-09-11 20:46:09.889232+09:00 [info] <0.218.0>@supervisor:report_progress/2:1582 Supervisor: {local,riak_core_handoff_sup}. Started: id=riak_core_handoff_sender_sup,pid=<0.220.0>.
2026-09-11 20:46:10.548864+09:00 [info] <0.221.0>@supervisor:report_progress/2:1582 Supervisor: {local,riak_core_handoff_listener_sup}. Started: id=riak_core_handoff_listener,pid=<0.222.0>.
2026-09-11 20:46:10.550676+09:00 [info] <0.218.0>@supervisor:report_progress/2:1582 Supervisor: {local,riak_core_handoff_sup}. Started: id=riak_core_handoff_listener_sup,pid=<0.221.0>.
2026-09-11 20:46:11.076159+09:00 [info] <0.218.0>@supervisor:report_progress/2:1582 Supervisor: {local,riak_core_handoff_sup}. Started: id=riak_core_handoff_manager,pid=<0.224.0>.
2026-09-11 20:46:11.078518+09:00 [info] <0.212.0>@supervisor:report_progress/2:1582 Supervisor: {local,riak_core_sup}. Started: id=riak_core_handoff_sup,pid=<0.218.0>.
2026-09-11 20:46:11.182113+09:00 [info] <0.212.0>@supervisor:report_progress/2:1582 Supervisor: {local,riak_core_sup}. Started: id=riak_core_ring_events,pid=<0.225.0>.
2026-09-11 20:46:29.596524+09:00 [warning] <0.226.0>@riak_core_ring_manager:reload_ring/1:388 No ring file available.
2026-09-11 20:46:30.667952+09:00 [info] <0.212.0>@supervisor:report_progress/2:1582 Supervisor: {local,riak_core_sup}. Started: id=riak_core_ring_manager,pid=<0.226.0>.
2026-09-11 20:46:31.644942+09:00 [info] <0.82.0>@supervisor:report_progress/2:1582 Supervisor: {local,kernel_safe_sup}. Started: id=dets_sup,pid=<0.233.0>.
2026-09-11 20:46:31.653590+09:00 [info] <0.82.0>@supervisor:report_progress/2:1582 Supervisor: {local,kernel_safe_sup}. Started: id=dets,pid=<0.234.0>.
2026-09-11 20:46:32.780794+09:00 [info] <0.212.0>@supervisor:report_progress/2:1582 Supervisor: {local,riak_core_sup}. Started: id=riak_core_metadata_manager,pid=<0.232.0>.
2026-09-11 20:46:35.381630+09:00 [info] <0.212.0>@supervisor:report_progress/2:1582 Supervisor: {local,riak_core_sup}. Started: id=riak_core_metadata_hashtree,pid=<0.237.0>.
2026-09-11 20:46:35.619302+09:00 [info] <0.212.0>@supervisor:report_progress/2:1582 Supervisor: {local,riak_core_sup}. Started: id=riak_core_broadcast,pid=<0.243.0>.
2026-09-11 20:46:35.672128+09:00 [info] <0.212.0>@supervisor:report_progress/2:1582 Supervisor: {local,riak_core_sup}. Started: id=riak_core_vnode_proxy_sup,pid=<0.244.0>.
2026-09-11 20:46:35.710720+09:00 [info] <0.212.0>@supervisor:report_progress/2:1582 Supervisor: {local,riak_core_sup}. Started: id=riak_core_node_watcher_events,pid=<0.245.0>.
2026-09-11 20:46:36.019637+09:00 [info] <0.212.0>@supervisor:report_progress/2:1582 Supervisor: {local,riak_core_sup}. Started: id=riak_core_node_watcher,pid=<0.246.0>.
2026-09-11 20:46:36.618553+09:00 [info] <0.212.0>@supervisor:report_progress/2:1582 Supervisor: {local,riak_core_sup}. Started: id=riak_core_vnode_manager,pid=<0.247.0>.
2026-09-11 20:46:36.837294+09:00 [info] <0.212.0>@supervisor:report_progress/2:1582 Supervisor: {local,riak_core_sup}. Started: id=riak_core_capability,pid=<0.248.0>.
2026-09-11 20:46:36.861417+09:00 [info] <0.212.0>@supervisor:report_progress/2:1582 Supervisor: {local,riak_core_sup}. Started: id=riak_core_gossip,pid=<0.249.0>.
2026-09-11 20:46:37.260324+09:00 [info] <0.212.0>@supervisor:report_progress/2:1582 Supervisor: {local,riak_core_sup}. Started: id=riak_core_claimant,pid=<0.250.0>.
2026-09-11 20:46:37.346352+09:00 [info] <0.212.0>@supervisor:report_progress/2:1582 Supervisor: {local,riak_core_sup}. Started: id=riak_core_table_owner,pid=<0.251.0>.
2026-09-11 20:46:37.566214+09:00 [info] <0.253.0>@supervisor:report_progress/2:1582 Supervisor: {local,riak_core_stats_sup}. Started: id=riak_core_stat_cache,pid=<0.254.0>.
2026-09-11 20:46:37.579897+09:00 [info] <0.252.0>@supervisor:report_progress/2:1582 Supervisor: {local,riak_core_stat_sup}. Started: id=riak_core_stats_sup,pid=<0.253.0>.
2026-09-11 20:46:37.581670+09:00 [info] <0.212.0>@supervisor:report_progress/2:1582 Supervisor: {local,riak_core_sup}. Started: id=riak_core_stat_sup,pid=<0.252.0>.
2026-09-11 20:46:37.661870+09:00 [info] <0.212.0>@supervisor:report_progress/2:1582 Supervisor: {local,riak_core_sup}. Started: id=riak_core_node_worker_pool_sup,pid=<0.255.0>.
2026-09-11 20:46:39.863322+09:00 [info] <0.253.0>@supervisor:report_progress/2:1582 Supervisor: {local,riak_core_stats_sup}. Started: id=riak_core_stat,pid=<0.256.0>.
2026-09-11 20:46:40.242770+09:00 [info] <0.216.0>@supervisor:report_progress/2:1582 Supervisor: {local,riak_core_eventhandler_sup}. Started: id={riak_core_ring_events,riak_core_ring_handler},pid=<0.279.0>.
2026-09-11 20:46:40.308312+09:00 [info] <0.248.0>@riak_core_capability:process_capability_changes/2:557 New capability: {riak_core,vnode_routing} = proxy
2026-09-11 20:46:40.402260+09:00 [info] <0.248.0>@riak_core_capability:process_capability_changes/2:557 New capability: {riak_core,staged_joins} = true
2026-09-11 20:46:40.485305+09:00 [info] <0.248.0>@riak_core_capability:process_capability_changes/2:557 New capability: {riak_core,resizable_ring} = true
2026-09-11 20:46:40.536823+09:00 [info] <0.248.0>@riak_core_capability:process_capability_changes/2:557 New capability: {riak_core,fold_req_version} = v2
2026-09-11 20:46:40.602749+09:00 [info] <0.248.0>@riak_core_capability:process_capability_changes/2:557 New capability: {riak_core,security} = true
2026-09-11 20:46:40.640306+09:00 [info] <0.248.0>@riak_core_capability:process_capability_changes/2:557 New capability: {riak_core,bucket_types} = true
2026-09-11 20:46:40.731782+09:00 [info] <0.248.0>@riak_core_capability:process_capability_changes/2:557 New capability: {riak_core,net_ticktime} = true
2026-09-11 20:46:50.890117+09:00 [info] <0.44.0>@application_controller:info_started/2:2130 Application: riak_core. Started at: 'openriak-kv@node-05.cluster-a.openriak'.
2026-09-11 20:46:51.144419+09:00 [info] <0.248.0>@riak_core_capability:process_capability_changes/2:557 New capability: {riak_pipe,trace_format} = ordsets
2026-09-11 20:46:51.315029+09:00 [info] <0.287.0>@supervisor:report_progress/2:1582 Supervisor: {local,riak_pipe_sup}. Started: id=riak_pipe_vnode_master,pid=<0.290.0>.
2026-09-11 20:46:51.419871+09:00 [info] <0.287.0>@supervisor:report_progress/2:1582 Supervisor: {local,riak_pipe_sup}. Started: id=riak_pipe_builder_sup,pid=<0.291.0>.
2026-09-11 20:46:51.480373+09:00 [info] <0.287.0>@supervisor:report_progress/2:1582 Supervisor: {local,riak_pipe_sup}. Started: id=riak_pipe_fitting_sup,pid=<0.292.0>.
2026-09-11 20:46:51.530473+09:00 [info] <0.287.0>@supervisor:report_progress/2:1582 Supervisor: {local,riak_pipe_sup}. Started: id=riak_pipe_qcover_sup,pid=<0.293.0>.
2026-09-11 20:46:51.724113+09:00 [info] <0.244.0>@supervisor:report_progress/2:1582 Supervisor: {local,riak_core_vnode_proxy_sup}. Started: id={riak_pipe_vnode,0},pid=<0.295.0>.
2026-09-11 20:46:51.757093+09:00 [info] <0.244.0>@supervisor:report_progress/2:1582 Supervisor: {local,riak_core_vnode_proxy_sup}. Started: id={riak_pipe_vnode,182687704666362864775460604089535377456991567872},pid=<0.296.0>.
2026-09-11 20:46:51.769891+09:00 [info] <0.244.0>@supervisor:report_progress/2:1582 Supervisor: {local,riak_core_vnode_proxy_sup}. Started: id={riak_pipe_vnode,365375409332725729550921208179070754913983135744},pid=<0.297.0>.
2026-09-11 20:46:51.785413+09:00 [info] <0.244.0>@supervisor:report_progress/2:1582 Supervisor: {local,riak_core_vnode_proxy_sup}. Started: id={riak_pipe_vnode,548063113999088594326381812268606132370974703616},pid=<0.298.0>.
2026-09-11 20:46:51.793430+09:00 [info] <0.244.0>@supervisor:report_progress/2:1582 Supervisor: {local,riak_core_vnode_proxy_sup}. Started: id={riak_pipe_vnode,730750818665451459101842416358141509827966271488},pid=<0.299.0>.
2026-09-11 20:46:51.805726+09:00 [info] <0.244.0>@supervisor:report_progress/2:1582 Supervisor: {local,riak_core_vnode_proxy_sup}. Started: id={riak_pipe_vnode,913438523331814323877303020447676887284957839360},pid=<0.300.0>.
2026-09-11 20:46:51.814036+09:00 [info] <0.244.0>@supervisor:report_progress/2:1582 Supervisor: {local,riak_core_vnode_proxy_sup}. Started: id={riak_pipe_vnode,1096126227998177188652763624537212264741949407232},pid=<0.301.0>.
2026-09-11 20:46:51.827574+09:00 [info] <0.244.0>@supervisor:report_progress/2:1582 Supervisor: {local,riak_core_vnode_proxy_sup}. Started: id={riak_pipe_vnode,1278813932664540053428224228626747642198940975104},pid=<0.302.0>.
2026-09-11 20:46:51.920494+09:00 [info] <0.253.0>@supervisor:report_progress/2:1582 Supervisor: {local,riak_core_stats_sup}. Started: id=riak_pipe_stat,pid=<0.303.0>.
2026-09-11 20:46:52.026588+09:00 [info] <0.44.0>@application_controller:info_started/2:2130 Application: riak_pipe. Started at: 'openriak-kv@node-05.cluster-a.openriak'.
2026-09-11 20:46:52.036090+09:00 [info] <0.44.0>@application_controller:info_started/2:2130 Application: tools. Started at: 'openriak-kv@node-05.cluster-a.openriak'.
2026-09-11 20:46:52.057763+09:00 [info] <0.44.0>@application_controller:info_started/2:2130 Application: riak_pb. Started at: 'openriak-kv@node-05.cluster-a.openriak'.
2026-09-11 20:46:52.528822+09:00 [info] <0.311.0>@supervisor:report_progress/2:1582 Supervisor: {local,riak_api_sup}. Started: id=riak_api_pb_registration_helper,pid=<0.312.0>.
2026-09-11 20:46:52.745299+09:00 [info] <0.311.0>@supervisor:report_progress/2:1582 Supervisor: {local,riak_api_sup}. Started: id=riak_api_pb_registrar,pid=<0.313.0>.
2026-09-11 20:46:52.851332+09:00 [info] <0.311.0>@supervisor:report_progress/2:1582 Supervisor: {local,riak_api_sup}. Started: id=riak_api_pb_sup,pid=<0.314.0>.
2026-09-11 20:46:52.873257+09:00 [info] <0.311.0>@supervisor:report_progress/2:1582 Supervisor: {local,riak_api_sup}. Started: id=[112,98,58,47,47,34,48,46,48,46,48,46,48,34,58,56,48,56,55],pid=<0.315.0>.
2026-09-11 20:46:54.043645+09:00 [info] <0.311.0>@supervisor:report_progress/2:1582 Supervisor: {local,riak_api_sup}. Started: id=[104,116,116,112,58,47,47,48,46,48,46,48,46,48,58,56,48,57,56],pid=<0.320.0>.
2026-09-11 20:46:54.159422+09:00 [info] <0.253.0>@supervisor:report_progress/2:1582 Supervisor: {local,riak_core_stats_sup}. Started: id=riak_api_stat,pid=<0.337.0>.
2026-09-11 20:46:54.309620+09:00 [info] <0.44.0>@application_controller:info_started/2:2130 Application: riak_api. Started at: 'openriak-kv@node-05.cluster-a.openriak'.
2026-09-11 20:46:54.458374+09:00 [info] <0.44.0>@application_controller:info_started/2:2130 Application: sidejob. Started at: 'openriak-kv@node-05.cluster-a.openriak'.
2026-09-11 20:46:54.474684+09:00 [info] <0.44.0>@application_controller:info_started/2:2130 Application: riak_dt. Started at: 'openriak-kv@node-05.cluster-a.openriak'.
2026-09-11 20:46:54.501644+09:00 [info] <0.44.0>@application_controller:info_started/2:2130 Application: sext. Started at: 'openriak-kv@node-05.cluster-a.openriak'.
2026-09-11 20:46:54.516840+09:00 [info] <0.44.0>@application_controller:info_started/2:2130 Application: lz4. Started at: 'openriak-kv@node-05.cluster-a.openriak'.
2026-09-11 20:46:54.530249+09:00 [info] <0.44.0>@application_controller:info_started/2:2130 Application: zstd. Started at: 'openriak-kv@node-05.cluster-a.openriak'.
2026-09-11 20:46:54.540724+09:00 [info] <0.44.0>@application_controller:info_started/2:2130 Application: leveled. Started at: 'openriak-kv@node-05.cluster-a.openriak'.
2026-09-11 20:46:54.551412+09:00 [info] <0.44.0>@application_controller:info_started/2:2130 Application: kv_index_tictactree. Started at: 'openriak-kv@node-05.cluster-a.openriak'.
2026-09-11 20:46:54.568549+09:00 [info] <0.44.0>@application_controller:info_started/2:2130 Application: hyper. Started at: 'openriak-kv@node-05.cluster-a.openriak'.
2026-09-11 20:46:54.590683+09:00 [info] <0.44.0>@application_controller:info_started/2:2130 Application: redbug. Started at: 'openriak-kv@node-05.cluster-a.openriak'.
2026-09-11 20:46:54.619535+09:00 [info] <0.44.0>@application_controller:info_started/2:2130 Application: recon. Started at: 'openriak-kv@node-05.cluster-a.openriak'.
2026-09-11 20:46:54.622020+09:00 [info] <0.44.0>@application_controller:info_started/2:2130 Application: riakc. Started at: 'openriak-kv@node-05.cluster-a.openriak'.
2026-09-11 20:46:55.138674+09:00 [info] <0.356.0>@supervisor:report_progress/2:1582 Supervisor: {local,ibrowse_sup}. Started: id=ibrowse,pid=<0.357.0>.
2026-09-11 20:46:55.146784+09:00 [info] <0.44.0>@application_controller:info_started/2:2130 Application: ibrowse. Started at: 'openriak-kv@node-05.cluster-a.openriak'.
2026-09-11 20:46:55.167259+09:00 [info] <0.44.0>@application_controller:info_started/2:2130 Application: rhc. Started at: 'openriak-kv@node-05.cluster-a.openriak'.
2026-09-11 20:46:56.727737+09:00 [info] <0.247.0>@riak_core_vnode_manager:update_never_started/4:1026 Update never started for Mod riak_pipe_vnode with count 8 to be added to 0
2026-09-11 20:46:56.756177+09:00 [info] <0.383.0>@riak_core_vnode_manager:get_vnode/3:733 Will start VNode for partition 0 riak_pipe_vnode
2026-09-11 20:46:57.675310+09:00 [info] <0.384.0>@supervisor:report_progress/2:1582 Supervisor: {local,riak_kv_put_fsm_sj_worker_sup}. Started: id=riak_kv_put_fsm_sj_1,pid=<0.385.0>.
2026-09-11 20:46:57.692232+09:00 [info] <0.384.0>@supervisor:report_progress/2:1582 Supervisor: {local,riak_kv_put_fsm_sj_worker_sup}. Started: id=riak_kv_put_fsm_sj_2,pid=<0.386.0>.
2026-09-11 20:46:57.708015+09:00 [info] <0.384.0>@supervisor:report_progress/2:1582 Supervisor: {local,riak_kv_put_fsm_sj_worker_sup}. Started: id=riak_kv_put_fsm_sj_3,pid=<0.387.0>.
2026-09-11 20:46:57.735205+09:00 [info] <0.384.0>@supervisor:report_progress/2:1582 Supervisor: {local,riak_kv_put_fsm_sj_worker_sup}. Started: id=riak_kv_put_fsm_sj_4,pid=<0.388.0>.
2026-09-11 20:46:57.740196+09:00 [info] <0.380.0>@supervisor:report_progress/2:1582 Supervisor: {local,riak_kv_put_fsm_sj}. Started: id=sidejob_worker_sup,pid=<0.384.0>.
2026-09-11 20:46:57.762968+09:00 [info] <0.380.0>@supervisor:report_progress/2:1582 Supervisor: {local,riak_kv_put_fsm_sj}. Started: id=riak_kv_put_fsm_sj_stats,pid=<0.390.0>.
2026-09-11 20:46:57.771103+09:00 [info] <0.342.0>@supervisor:report_progress/2:1582 Supervisor: {local,sidejob_sup}. Started: id=riak_kv_put_fsm_sj,pid=<0.380.0>.
2026-09-11 20:46:57.932153+09:00 [info] <0.383.0>@riak_core_vnode_manager:get_vnode/3:743 VNode initialization ready <0.389.0> 0 riak_pipe_vnode
2026-09-11 20:46:57.974715+09:00 [info] <0.393.0>@riak_core_vnode_manager:get_vnode/3:733 Will start VNode for partition 182687704666362864775460604089535377456991567872 riak_pipe_vnode
2026-09-11 20:46:57.993513+09:00 [info] <0.393.0>@riak_core_vnode_manager:get_vnode/3:743 VNode initialization ready <0.394.0> 182687704666362864775460604089535377456991567872 riak_pipe_vnode
2026-09-11 20:46:58.021555+09:00 [info] <0.396.0>@riak_core_vnode_manager:get_vnode/3:733 Will start VNode for partition 365375409332725729550921208179070754913983135744 riak_pipe_vnode
2026-09-11 20:46:58.042253+09:00 [info] <0.396.0>@riak_core_vnode_manager:get_vnode/3:743 VNode initialization ready <0.397.0> 365375409332725729550921208179070754913983135744 riak_pipe_vnode
2026-09-11 20:46:58.066037+09:00 [info] <0.399.0>@riak_core_vnode_manager:get_vnode/3:733 Will start VNode for partition 548063113999088594326381812268606132370974703616 riak_pipe_vnode
2026-09-11 20:46:58.091416+09:00 [info] <0.399.0>@riak_core_vnode_manager:get_vnode/3:743 VNode initialization ready <0.400.0> 548063113999088594326381812268606132370974703616 riak_pipe_vnode
2026-09-11 20:46:58.100498+09:00 [info] <0.402.0>@riak_core_vnode_manager:get_vnode/3:733 Will start VNode for partition 730750818665451459101842416358141509827966271488 riak_pipe_vnode
2026-09-11 20:46:58.109378+09:00 [info] <0.402.0>@riak_core_vnode_manager:get_vnode/3:743 VNode initialization ready <0.403.0> 730750818665451459101842416358141509827966271488 riak_pipe_vnode
2026-09-11 20:46:58.133425+09:00 [info] <0.408.0>@riak_core_vnode_manager:get_vnode/3:733 Will start VNode for partition 913438523331814323877303020447676887284957839360 riak_pipe_vnode
2026-09-11 20:46:58.113196+09:00 [info] <0.406.0>@supervisor:report_progress/2:1582 Supervisor: {local,riak_kv_get_fsm_sj_worker_sup}. Started: id=riak_kv_get_fsm_sj_1,pid=<0.407.0>.
2026-09-11 20:46:58.162192+09:00 [info] <0.406.0>@supervisor:report_progress/2:1582 Supervisor: {local,riak_kv_get_fsm_sj_worker_sup}. Started: id=riak_kv_get_fsm_sj_2,pid=<0.413.0>.
2026-09-11 20:46:58.180472+09:00 [info] <0.408.0>@riak_core_vnode_manager:get_vnode/3:743 VNode initialization ready <0.409.0> 913438523331814323877303020447676887284957839360 riak_pipe_vnode
2026-09-11 20:46:58.189844+09:00 [info] <0.406.0>@supervisor:report_progress/2:1582 Supervisor: {local,riak_kv_get_fsm_sj_worker_sup}. Started: id=riak_kv_get_fsm_sj_3,pid=<0.428.0>.
2026-09-11 20:46:58.198210+09:00 [info] <0.429.0>@riak_core_vnode_manager:get_vnode/3:733 Will start VNode for partition 1096126227998177188652763624537212264741949407232 riak_pipe_vnode
2026-09-11 20:46:58.203203+09:00 [info] <0.429.0>@riak_core_vnode_manager:get_vnode/3:743 VNode initialization ready <0.431.0> 1096126227998177188652763624537212264741949407232 riak_pipe_vnode
2026-09-11 20:46:58.207538+09:00 [info] <0.406.0>@supervisor:report_progress/2:1582 Supervisor: {local,riak_kv_get_fsm_sj_worker_sup}. Started: id=riak_kv_get_fsm_sj_4,pid=<0.430.0>.
2026-09-11 20:46:58.209206+09:00 [info] <0.405.0>@supervisor:report_progress/2:1582 Supervisor: {local,riak_kv_get_fsm_sj}. Started: id=sidejob_worker_sup,pid=<0.406.0>.
2026-09-11 20:46:58.232488+09:00 [info] <0.434.0>@riak_core_vnode_manager:get_vnode/3:733 Will start VNode for partition 1278813932664540053428224228626747642198940975104 riak_pipe_vnode
2026-09-11 20:46:58.231245+09:00 [info] <0.405.0>@supervisor:report_progress/2:1582 Supervisor: {local,riak_kv_get_fsm_sj}. Started: id=riak_kv_get_fsm_sj_stats,pid=<0.433.0>.
2026-09-11 20:46:58.242798+09:00 [info] <0.342.0>@supervisor:report_progress/2:1582 Supervisor: {local,sidejob_sup}. Started: id=riak_kv_get_fsm_sj,pid=<0.405.0>.
2026-09-11 20:46:58.255305+09:00 [info] <0.434.0>@riak_core_vnode_manager:get_vnode/3:743 VNode initialization ready <0.435.0> 1278813932664540053428224228626747642198940975104 riak_pipe_vnode
2026-09-11 20:46:58.601065+09:00 [info] <0.439.0>@supervisor:report_progress/2:1582 Supervisor: {local,riak_kv_stat_sj_worker_sup}. Started: id=riak_kv_stat_sj_1,pid=<0.440.0>.
2026-09-11 20:46:58.612257+09:00 [info] <0.439.0>@supervisor:report_progress/2:1582 Supervisor: {local,riak_kv_stat_sj_worker_sup}. Started: id=riak_kv_stat_sj_2,pid=<0.441.0>.
2026-09-11 20:46:58.632073+09:00 [info] <0.439.0>@supervisor:report_progress/2:1582 Supervisor: {local,riak_kv_stat_sj_worker_sup}. Started: id=riak_kv_stat_sj_3,pid=<0.442.0>.
2026-09-11 20:46:58.642369+09:00 [info] <0.439.0>@supervisor:report_progress/2:1582 Supervisor: {local,riak_kv_stat_sj_worker_sup}. Started: id=riak_kv_stat_sj_4,pid=<0.443.0>.
2026-09-11 20:46:58.650656+09:00 [info] <0.438.0>@supervisor:report_progress/2:1582 Supervisor: {local,riak_kv_stat_sj}. Started: id=sidejob_worker_sup,pid=<0.439.0>.
2026-09-11 20:46:58.660604+09:00 [info] <0.438.0>@supervisor:report_progress/2:1582 Supervisor: {local,riak_kv_stat_sj}. Started: id=riak_kv_stat_sj_stats,pid=<0.444.0>.
2026-09-11 20:46:58.665288+09:00 [info] <0.342.0>@supervisor:report_progress/2:1582 Supervisor: {local,sidejob_sup}. Started: id=riak_kv_stat_sj,pid=<0.438.0>.
2026-09-11 20:46:59.067697+09:00 [info] <0.362.0>@riak_kv_env:doc_env/0:47 Environment and OS variables:
2026-09-11 20:47:01.708212+09:00 [info] <0.248.0>@riak_core_capability:process_capability_changes/2:557 New capability: {riak_kv,object_hash_version} = 0
2026-09-11 20:47:01.768914+09:00 [info] <0.248.0>@riak_core_capability:process_capability_changes/2:557 New capability: {riak_kv,anti_entropy} = enabled_v1
2026-09-11 20:47:01.855133+09:00 [info] <0.463.0>@riak_core_throttle:enable_throttle/2:121 Enabling throttle for riak_kv/aae_throttle.
2026-09-11 20:47:01.880882+09:00 [info] <0.462.0>@supervisor:report_progress/2:1582 Supervisor: {local,riak_kv_sup}. Started: id=riak_kv_entropy_manager,pid=<0.463.0>.
2026-09-11 20:47:02.754140+09:00 [info] <0.462.0>@supervisor:report_progress/2:1582 Supervisor: {local,riak_kv_sup}. Started: id=riak_kv_ttaaefs_manager,pid=<0.480.0>.
2026-09-11 20:47:03.353407+09:00 [info] <0.462.0>@supervisor:report_progress/2:1582 Supervisor: {local,riak_kv_sup}. Started: id=riak_kv_replrtq_src,pid=<0.482.0>.
2026-09-11 20:47:03.669431+09:00 [info] <0.462.0>@supervisor:report_progress/2:1582 Supervisor: {local,riak_kv_sup}. Started: id=riak_kv_replrtq_snk,pid=<0.483.0>.
2026-09-11 20:47:03.882360+09:00 [info] <0.462.0>@supervisor:report_progress/2:1582 Supervisor: {local,riak_kv_sup}. Started: id=riak_kv_replrtq_peer,pid=<0.485.0>.
2026-09-11 20:47:04.255006+09:00 [info] <0.462.0>@supervisor:report_progress/2:1582 Supervisor: {local,riak_kv_sup}. Started: id=riak_kv_reaper,pid=<0.492.0>.
2026-09-11 20:47:04.407020+09:00 [info] <0.462.0>@supervisor:report_progress/2:1582 Supervisor: {local,riak_kv_sup}. Started: id=riak_kv_eraser,pid=<0.503.0>.
2026-09-11 20:47:04.515204+09:00 [info] <0.462.0>@supervisor:report_progress/2:1582 Supervisor: {local,riak_kv_sup}. Started: id=riak_kv_reader,pid=<0.504.0>.
2026-09-11 20:47:04.698801+09:00 [info] <0.462.0>@supervisor:report_progress/2:1582 Supervisor: {local,riak_kv_sup}. Started: id=riak_kv_token_manager,pid=<0.505.0>.
2026-09-11 20:47:04.720955+09:00 [info] <0.462.0>@supervisor:report_progress/2:1582 Supervisor: {local,riak_kv_sup}. Started: id=riak_kv_vnode_master,pid=<0.506.0>.
2026-09-11 20:47:04.743685+09:00 [info] <0.506.0>@riak_core:wait_for_service/2:498 Waiting for service riak_kv to start (0 seconds)
2026-09-11 20:47:04.970755+09:00 [info] <0.507.0>@supervisor:report_progress/2:1582 Supervisor: {local,riak_kv_w1c_sup}. Started: id=riak_kv_w1c_worker00,pid=<0.508.0>.
2026-09-11 20:47:04.997428+09:00 [info] <0.507.0>@supervisor:report_progress/2:1582 Supervisor: {local,riak_kv_w1c_sup}. Started: id=riak_kv_w1c_worker01,pid=<0.509.0>.
2026-09-11 20:47:05.012047+09:00 [info] <0.507.0>@supervisor:report_progress/2:1582 Supervisor: {local,riak_kv_w1c_sup}. Started: id=riak_kv_w1c_worker02,pid=<0.510.0>.
2026-09-11 20:47:05.013656+09:00 [info] <0.507.0>@supervisor:report_progress/2:1582 Supervisor: {local,riak_kv_w1c_sup}. Started: id=riak_kv_w1c_worker03,pid=<0.511.0>.
2026-09-11 20:47:05.041428+09:00 [info] <0.507.0>@supervisor:report_progress/2:1582 Supervisor: {local,riak_kv_w1c_sup}. Started: id=riak_kv_w1c_worker04,pid=<0.512.0>.
2026-09-11 20:47:05.043068+09:00 [info] <0.507.0>@supervisor:report_progress/2:1582 Supervisor: {local,riak_kv_w1c_sup}. Started: id=riak_kv_w1c_worker05,pid=<0.513.0>.
2026-09-11 20:47:05.058138+09:00 [info] <0.507.0>@supervisor:report_progress/2:1582 Supervisor: {local,riak_kv_w1c_sup}. Started: id=riak_kv_w1c_worker06,pid=<0.514.0>.
2026-09-11 20:47:05.076867+09:00 [info] <0.507.0>@supervisor:report_progress/2:1582 Supervisor: {local,riak_kv_w1c_sup}. Started: id=riak_kv_w1c_worker07,pid=<0.515.0>.
2026-09-11 20:47:05.079266+09:00 [info] <0.462.0>@supervisor:report_progress/2:1582 Supervisor: {local,riak_kv_sup}. Started: id=riak_kv_w1c_sup,pid=<0.507.0>.
2026-09-11 20:47:05.155645+09:00 [info] <0.462.0>@supervisor:report_progress/2:1582 Supervisor: {local,riak_kv_sup}. Started: id=riak_kv_delete_sup,pid=<0.516.0>.
2026-09-11 20:47:05.254087+09:00 [info] <0.462.0>@supervisor:report_progress/2:1582 Supervisor: {local,riak_kv_sup}. Started: id=riak_kv_mrc_sink_sup,pid=<0.517.0>.
2026-09-11 20:47:05.345001+09:00 [info] <0.462.0>@supervisor:report_progress/2:1582 Supervisor: {local,riak_kv_sup}. Started: id=riak_kv_buckets_fsm_sup,pid=<0.518.0>.
2026-09-11 20:47:05.444064+09:00 [info] <0.462.0>@supervisor:report_progress/2:1582 Supervisor: {local,riak_kv_sup}. Started: id=riak_kv_keys_fsm_sup,pid=<0.519.0>.
2026-09-11 20:47:05.547964+09:00 [info] <0.462.0>@supervisor:report_progress/2:1582 Supervisor: {local,riak_kv_sup}. Started: id=riak_kv_index_fsm_sup,pid=<0.520.0>.
2026-09-11 20:47:05.666012+09:00 [info] <0.462.0>@supervisor:report_progress/2:1582 Supervisor: {local,riak_kv_sup}. Started: id=riak_kv_query_sup,pid=<0.521.0>.
2026-09-11 20:47:05.718758+09:00 [info] <0.462.0>@supervisor:report_progress/2:1582 Supervisor: {local,riak_kv_sup}. Started: id=riak_kv_clusteraae_fsm_sup,pid=<0.522.0>.
2026-09-11 20:47:05.787195+09:00 [info] <0.462.0>@supervisor:report_progress/2:1582 Supervisor: {local,riak_kv_sup}. Started: id=riak_kv_hotbackup_fsm_sup,pid=<0.523.0>.
2026-09-11 20:47:05.872144+09:00 [info] <0.462.0>@supervisor:report_progress/2:1582 Supervisor: {local,riak_kv_sup}. Started: id=riak_kv_http_cache,pid=<0.524.0>.
2026-09-11 20:47:05.879259+09:00 [info] <0.248.0>@riak_core_capability:process_capability_changes/2:557 New capability: {riak_kv,vnode_vclocks} = true
2026-09-11 20:47:05.925969+09:00 [info] <0.248.0>@riak_core_capability:process_capability_changes/2:557 New capability: {riak_kv,legacy_keylisting} = false
2026-09-11 20:47:06.019137+09:00 [info] <0.248.0>@riak_core_capability:process_capability_changes/2:557 New capability: {riak_kv,listkeys_backpressure} = true
2026-09-11 20:47:06.107648+09:00 [info] <0.248.0>@riak_core_capability:process_capability_changes/2:557 New capability: {riak_kv,index_backpressure} = true
2026-09-11 20:47:06.173919+09:00 [info] <0.248.0>@riak_core_capability:process_capability_changes/2:557 New capability: {riak_kv,mapred_system} = pipe
2026-09-11 20:47:06.256837+09:00 [info] <0.248.0>@riak_core_capability:process_capability_changes/2:557 New capability: {riak_kv,mapred_2i_pipe} = true
2026-09-11 20:47:06.326325+09:00 [info] <0.248.0>@riak_core_capability:process_capability_changes/2:557 New capability: {riak_kv,handoff_data_encoding} = encode_raw
2026-09-11 20:47:06.414154+09:00 [info] <0.248.0>@riak_core_capability:process_capability_changes/2:557 New capability: {riak_kv,object_format} = v1
2026-09-11 20:47:06.503764+09:00 [info] <0.248.0>@riak_core_capability:process_capability_changes/2:557 New capability: {riak_kv,secondary_index_version} = v3
2026-09-11 20:47:06.579181+09:00 [info] <0.248.0>@riak_core_capability:process_capability_changes/2:557 New capability: {riak_kv,vclock_data_encoding} = encode_zlib
2026-09-11 20:47:06.690651+09:00 [info] <0.248.0>@riak_core_capability:process_capability_changes/2:557 New capability: {riak_kv,crdt} = [pncounter,riak_dt_pncounter,riak_dt_orswot,riak_dt_map,riak_kv_hll,riak_dt_gset]
2026-09-11 20:47:06.770538+09:00 [info] <0.248.0>@riak_core_capability:process_capability_changes/2:557 New capability: {riak_kv,crdt_epoch_versions} = [{riak_dt_map,2},{riak_dt_orswot,2},{riak_dt_pncounter,2},{riak_kv_hll,1},{riak_dt_gset,2}]
2026-09-11 20:47:06.842660+09:00 [info] <0.248.0>@riak_core_capability:process_capability_changes/2:557 New capability: {riak_kv,put_fsm_ack_execute} = enabled
2026-09-11 20:47:06.931673+09:00 [info] <0.248.0>@riak_core_capability:process_capability_changes/2:557 New capability: {riak_kv,get_request_type} = head
2026-09-11 20:47:07.039073+09:00 [info] <0.248.0>@riak_core_capability:process_capability_changes/2:557 New capability: {riak_kv,put_soft_limit} = true
2026-09-11 20:47:07.171912+09:00 [info] <0.248.0>@riak_core_capability:process_capability_changes/2:557 New capability: {riak_kv,tictacaae_prompted_repairs} = true
2026-09-11 20:47:07.274992+09:00 [info] <0.244.0>@supervisor:report_progress/2:1582 Supervisor: {local,riak_core_vnode_proxy_sup}. Started: id={riak_kv_vnode,0},pid=<0.543.0>.
2026-09-11 20:47:07.277088+09:00 [info] <0.244.0>@supervisor:report_progress/2:1582 Supervisor: {local,riak_core_vnode_proxy_sup}. Started: id={riak_kv_vnode,182687704666362864775460604089535377456991567872},pid=<0.544.0>.
2026-09-11 20:47:07.309185+09:00 [info] <0.244.0>@supervisor:report_progress/2:1582 Supervisor: {local,riak_core_vnode_proxy_sup}. Started: id={riak_kv_vnode,365375409332725729550921208179070754913983135744},pid=<0.545.0>.
2026-09-11 20:47:07.339822+09:00 [info] <0.244.0>@supervisor:report_progress/2:1582 Supervisor: {local,riak_core_vnode_proxy_sup}. Started: id={riak_kv_vnode,548063113999088594326381812268606132370974703616},pid=<0.546.0>.
2026-09-11 20:47:07.362966+09:00 [info] <0.244.0>@supervisor:report_progress/2:1582 Supervisor: {local,riak_core_vnode_proxy_sup}. Started: id={riak_kv_vnode,730750818665451459101842416358141509827966271488},pid=<0.547.0>.
2026-09-11 20:47:07.376087+09:00 [info] <0.244.0>@supervisor:report_progress/2:1582 Supervisor: {local,riak_core_vnode_proxy_sup}. Started: id={riak_kv_vnode,913438523331814323877303020447676887284957839360},pid=<0.548.0>.
2026-09-11 20:47:07.391431+09:00 [info] <0.244.0>@supervisor:report_progress/2:1582 Supervisor: {local,riak_core_vnode_proxy_sup}. Started: id={riak_kv_vnode,1096126227998177188652763624537212264741949407232},pid=<0.549.0>.
2026-09-11 20:47:07.416742+09:00 [info] <0.244.0>@supervisor:report_progress/2:1582 Supervisor: {local,riak_core_vnode_proxy_sup}. Started: id={riak_kv_vnode,1278813932664540053428224228626747642198940975104},pid=<0.550.0>.
2026-09-11 20:47:09.381877+09:00 [info] <0.253.0>@supervisor:report_progress/2:1582 Supervisor: {local,riak_core_stats_sup}. Started: id=riak_kv_stat,pid=<0.551.0>.
2026-09-11 20:47:10.718369+09:00 [info] <0.255.0>@riak_core_node_worker_pool:start_link/5:85 Registered worker pool of type af1_pool and size 2
2026-09-11 20:47:10.719749+09:00 [info] <0.255.0>@supervisor:report_progress/2:1582 Supervisor: {local,riak_core_node_worker_pool_sup}. Started: id=af1_pool,pid=<0.710.0>.
2026-09-11 20:47:10.757751+09:00 [info] <0.255.0>@riak_core_node_worker_pool:start_link/5:85 Registered worker pool of type af2_pool and size 1
2026-09-11 20:47:10.758875+09:00 [info] <0.255.0>@supervisor:report_progress/2:1582 Supervisor: {local,riak_core_node_worker_pool_sup}. Started: id=af2_pool,pid=<0.731.0>.
2026-09-11 20:47:10.808603+09:00 [info] <0.255.0>@riak_core_node_worker_pool:start_link/5:85 Registered worker pool of type af3_pool and size 4
2026-09-11 20:47:10.809763+09:00 [info] <0.255.0>@supervisor:report_progress/2:1582 Supervisor: {local,riak_core_node_worker_pool_sup}. Started: id=af3_pool,pid=<0.735.0>.
2026-09-11 20:47:10.861090+09:00 [info] <0.255.0>@riak_core_node_worker_pool:start_link/5:85 Registered worker pool of type af4_pool and size 1
2026-09-11 20:47:10.862151+09:00 [info] <0.255.0>@supervisor:report_progress/2:1582 Supervisor: {local,riak_core_node_worker_pool_sup}. Started: id=af4_pool,pid=<0.742.0>.
2026-09-11 20:47:10.884820+09:00 [info] <0.255.0>@riak_core_node_worker_pool:start_link/5:85 Registered worker pool of type be_pool and size 1
2026-09-11 20:47:10.912796+09:00 [info] <0.255.0>@supervisor:report_progress/2:1582 Supervisor: {local,riak_core_node_worker_pool_sup}. Started: id=be_pool,pid=<0.746.0>.
2026-09-11 20:47:12.303246+09:00 [info] <0.44.0>@application_controller:info_started/2:2130 Application: riak_kv. Started at: 'openriak-kv@node-05.cluster-a.openriak'.
2026-09-11 20:47:12.331299+09:00 [info] <0.44.0>@application_controller:info_started/2:2130 Application: ebloom. Started at: 'openriak-kv@node-05.cluster-a.openriak'.
2026-09-11 20:47:12.372962+09:00 [info] <0.44.0>@application_controller:info_started/2:2130 Application: bear. Started at: 'openriak-kv@node-05.cluster-a.openriak'.
2026-09-11 20:47:12.608119+09:00 [info] <0.771.0>@supervisor:report_progress/2:1582 Supervisor: {local,folsom_sup}. Started: id=folsom_sample_slide_sup,pid=<0.772.0>.
2026-09-11 20:47:12.656337+09:00 [info] <0.771.0>@supervisor:report_progress/2:1582 Supervisor: {local,folsom_sup}. Started: id=folsom_meter_timer_server,pid=<0.773.0>.
2026-09-11 20:47:12.681249+09:00 [info] <0.771.0>@supervisor:report_progress/2:1582 Supervisor: {local,folsom_sup}. Started: id=folsom_metrics_histogram_ets,pid=<0.774.0>.
2026-09-11 20:47:12.731065+09:00 [info] <0.771.0>@supervisor:report_progress/2:1582 Supervisor: {local,folsom_sup}. Started: id=folsom_metrics_spiral,pid=<0.775.0>.
2026-09-11 20:47:12.779280+09:00 [info] <0.771.0>@supervisor:report_progress/2:1582 Supervisor: {local,folsom_sup}. Started: id=folsom_metrics_history,pid=<0.776.0>.
2026-09-11 20:47:12.852092+09:00 [info] <0.771.0>@supervisor:report_progress/2:1582 Supervisor: {local,folsom_sup}. Started: id=folsom_metrics_histogram,pid=<0.777.0>.
2026-09-11 20:47:12.931550+09:00 [info] <0.771.0>@supervisor:report_progress/2:1582 Supervisor: {local,folsom_sup}. Started: id=folsom_metrics_duration,pid=<0.779.0>.
2026-09-11 20:47:12.992276+09:00 [info] <0.771.0>@supervisor:report_progress/2:1582 Supervisor: {local,folsom_sup}. Started: id=folsom_metrics_counter,pid=<0.780.0>.
2026-09-11 20:47:13.048670+09:00 [info] <0.771.0>@supervisor:report_progress/2:1582 Supervisor: {local,folsom_sup}. Started: id=folsom_metrics_gauge,pid=<0.781.0>.
2026-09-11 20:47:13.132722+09:00 [info] <0.771.0>@supervisor:report_progress/2:1582 Supervisor: {local,folsom_sup}. Started: id=folsom_metrics_meter,pid=<0.782.0>.
2026-09-11 20:47:13.227529+09:00 [info] <0.771.0>@supervisor:report_progress/2:1582 Supervisor: {local,folsom_sup}. Started: id=folsom_metrics_meter_reader,pid=<0.783.0>.
2026-09-11 20:47:13.237273+09:00 [info] <0.44.0>@application_controller:info_started/2:2130 Application: folsom. Started at: 'openriak-kv@node-05.cluster-a.openriak'.
2026-09-11 20:47:13.504315+09:00 [info] <0.787.0>@supervisor:report_progress/2:1582 Supervisor: {local,ranch_sup}. Started: id=ranch_server,pid=<0.788.0>.
2026-09-11 20:47:13.520042+09:00 [info] <0.44.0>@application_controller:info_started/2:2130 Application: ranch. Started at: 'openriak-kv@node-05.cluster-a.openriak'.
2026-09-11 20:47:13.745245+09:00 [info] <0.791.0>@riak_core:wait_for_service/2:498 Waiting for service riak_kv to start (0 seconds)
2026-09-11 20:47:16.667375+09:00 [info] <0.247.0>@riak_core_vnode_manager:update_never_started/4:1026 Update never started for Mod riak_kv_vnode with count 8 to be added to 0
2026-09-11 20:47:16.687848+09:00 [info] <0.828.0>@riak_core_vnode_manager:get_vnode/3:733 Will start VNode for partition 0 riak_kv_vnode
2026-09-11 20:47:20.854116+09:00 [info] <0.863.0>@leveled_inker:open_all_manifest/2:1269 log_ref=i0011 db_id=0 Manifest is empty, starting from manifest SQN 1
2026-09-11 20:47:22.989191+09:00 [info] <0.891.0>@leveled_cdb:starting/3:479 log_ref=cdb01 db_id=0 Opening file for writing with filename /var/lib/riak/leveled/0/journal/journal_files/0_5aaa9aa8-a7ea-462e-a645-41f3f1b88e0d.pnd
2026-09-11 20:47:23.058293+09:00 [info] <0.863.0>@leveled_inker:build_manifest/3:1238 log_ref=i0009 db_id=0 Updated manifest on startup:
2026-09-11 20:47:23.096803+09:00 [info] <0.863.0>@leveled_imanifest:writer/3:187 log_ref=i0016 db_id=0 Writing new version of manifest for manifestSQN=2
2026-09-11 20:47:23.861071+09:00 [info] <0.892.0>@leveled_pclerk:clerk_new/3:78 log_ref=pc001 db_id=0 Penciller's clerk <0.894.0> started with owner <0.892.0>
2026-09-11 20:47:24.434431+09:00 [info] <0.892.0>@leveled_pmanifest:open_manifestfile/2:1180 log_ref=p0013 db_id=0 Seqence number of 0 indicates no valid manifest
2026-09-11 20:47:24.695007+09:00 [info] <0.892.0>@leveled_penciller:start_from_file/1:1508 log_ref=p0014 db_id=0 Maximum sequence number of 0 found in nonzero levels
2026-09-11 20:47:24.703282+09:00 [info] <0.892.0>@leveled_penciller:start_from_file/1:1510 log_ref=p0035 db_id=0 Startup with Manifest SQN of 0
2026-09-11 20:47:24.731178+09:00 [info] <0.892.0>@leveled_penciller:start_from_file/1:1538 log_ref=p0017 db_id=0 No L0 file found
2026-09-11 20:47:24.884333+09:00 [info] <0.853.0>@leveled_bookie:startup/2:1993 log_ref=b0005 db_id=0 LedgerSQN=0 at startup
2026-09-11 20:47:24.903600+09:00 [info] <0.863.0>@leveled_bookie:startup/2:2004 log_ref=i0014 db_id=0 On startup loading from filename /var/lib/riak/leveled/0/journal/journal_files/0_5aaa9aa8-a7ea-462e-a645-41f3f1b88e0d from SQN 1
2026-09-11 20:47:24.941821+09:00 [info] <0.853.0>@leveled_bookie:init/1:1409 log_ref=b0001 db_id=0 Bookie starting with Ink <0.863.0> Pcl <0.892.0>
2026-09-11 20:47:24.975792+09:00 [info] <0.829.0>@riak_kv_leveled_backend:schedule_journalcompaction/4:903 Schedule compaction for interval 1743 on partition 0
2026-09-11 20:47:27.692227+09:00 [info] <0.931.0>@aae_controller:init/1:674 log_ref=aae02 Native KeyStore type leveled_nko startup request
2026-09-11 20:47:27.724825+09:00 [warning] <0.932.0>@aae_keystore:open_manifest/1:1526 log_ref=ks002 No valid manifest found for AAE keystore at /var/lib/riak/tictac_aae/0/leveled_nko/keystore reason not_present
2026-09-11 20:47:28.055133+09:00 [info] <0.933.0>@aae_treecache:init/1:224 log_ref=c0005 Starting cache with is_restored=false and IndexN of {1096126227998177188652763624537212264741949407232,3}
2026-09-11 20:47:28.103375+09:00 [info] <0.934.0>@aae_treecache:init/1:224 log_ref=c0005 Starting cache with is_restored=false and IndexN of {1278813932664540053428224228626747642198940975104,3}
2026-09-11 20:47:28.130832+09:00 [info] <0.935.0>@aae_treecache:init/1:224 log_ref=c0005 Starting cache with is_restored=false and IndexN of {0,3}
2026-09-11 20:47:28.223219+09:00 [info] <0.931.0>@aae_controller:init/1:719 log_ref=aae10 AAE controller started with IndexNs [{1096126227998177188652763624537212264741949407232,3},{1278813932664540053428224228626747642198940975104,3},{0,3}] and StoreType {native,leveled_nko,<0.853.0>}
2026-09-11 20:47:28.232590+09:00 [info] <0.829.0>@riak_kv_vnode:maybe_start_aaecontroller/2:402 AAE Controller started with pid=<0.931.0>
2026-09-11 20:47:28.330112+09:00 [info] <0.828.0>@riak_core_vnode_manager:get_vnode/3:743 VNode initialization ready <0.829.0> 0 riak_kv_vnode
2026-09-11 20:47:28.335865+09:00 [info] <0.947.0>@riak_core_vnode_manager:get_vnode/3:733 Will start VNode for partition 548063113999088594326381812268606132370974703616 riak_kv_vnode
2026-09-11 20:47:28.338154+09:00 [info] <0.945.0>@riak_core_vnode_manager:get_vnode/3:733 Will start VNode for partition 182687704666362864775460604089535377456991567872 riak_kv_vnode
2026-09-11 20:47:28.339514+09:00 [info] <0.950.0>@riak_core_vnode_manager:get_vnode/3:733 Will start VNode for partition 913438523331814323877303020447676887284957839360 riak_kv_vnode
2026-09-11 20:47:28.339774+09:00 [info] <0.952.0>@riak_core_vnode_manager:get_vnode/3:733 Will start VNode for partition 1278813932664540053428224228626747642198940975104 riak_kv_vnode
2026-09-11 20:47:28.339277+09:00 [info] <0.949.0>@riak_core_vnode_manager:get_vnode/3:733 Will start VNode for partition 730750818665451459101842416358141509827966271488 riak_kv_vnode
2026-09-11 20:47:28.346637+09:00 [info] <0.951.0>@riak_core_vnode_manager:get_vnode/3:733 Will start VNode for partition 1096126227998177188652763624537212264741949407232 riak_kv_vnode
2026-09-11 20:47:28.347121+09:00 [info] <0.946.0>@riak_core_vnode_manager:get_vnode/3:733 Will start VNode for partition 365375409332725729550921208179070754913983135744 riak_kv_vnode
2026-09-11 20:47:28.941000+09:00 [info] <0.997.0>@leveled_inker:open_all_manifest/2:1269 log_ref=i0011 db_id=5 Manifest is empty, starting from manifest SQN 1
2026-09-11 20:47:28.956887+09:00 [info] <0.1003.0>@leveled_inker:open_all_manifest/2:1269 log_ref=i0011 db_id=4 Manifest is empty, starting from manifest SQN 1
2026-09-11 20:47:28.952687+09:00 [info] <0.1013.0>@leveled_cdb:starting/3:479 log_ref=cdb01 db_id=5 Opening file for writing with filename /var/lib/riak/leveled/913438523331814323877303020447676887284957839360/journal/journal_files/0_c93f6d84-0246-48f7-9a0b-91acfc11d218.pnd
2026-09-11 20:47:28.958731+09:00 [info] <0.1014.0>@leveled_cdb:starting/3:479 log_ref=cdb01 db_id=4 Opening file for writing with filename /var/lib/riak/leveled/730750818665451459101842416358141509827966271488/journal/journal_files/0_10ffc414-cc5a-4d6c-9d0d-62ce2fa5e4c9.pnd
2026-09-11 20:47:28.994271+09:00 [info] <0.997.0>@leveled_inker:build_manifest/3:1238 log_ref=i0009 db_id=5 Updated manifest on startup:
2026-09-11 20:47:28.998967+09:00 [info] <0.1003.0>@leveled_inker:build_manifest/3:1238 log_ref=i0009 db_id=4 Updated manifest on startup:
2026-09-11 20:47:28.991772+09:00 [info] <0.1005.0>@leveled_inker:open_all_manifest/2:1269 log_ref=i0011 db_id=3 Manifest is empty, starting from manifest SQN 1
2026-09-11 20:47:29.004185+09:00 [info] <0.1007.0>@leveled_inker:open_all_manifest/2:1269 log_ref=i0011 db_id=6 Manifest is empty, starting from manifest SQN 1
2026-09-11 20:47:29.015076+09:00 [info] <0.1020.0>@leveled_cdb:starting/3:479 log_ref=cdb01 db_id=3 Opening file for writing with filename /var/lib/riak/leveled/548063113999088594326381812268606132370974703616/journal/journal_files/0_2abc84a9-1e46-4452-a3a7-5d277ff4d075.pnd
2026-09-11 20:47:29.017185+09:00 [info] <0.1021.0>@leveled_cdb:starting/3:479 log_ref=cdb01 db_id=6 Opening file for writing with filename /var/lib/riak/leveled/1096126227998177188652763624537212264741949407232/journal/journal_files/0_da43e5a8-2069-4435-94e5-9d7229fcc412.pnd
2026-09-11 20:47:29.038939+09:00 [info] <0.1008.0>@leveled_inker:open_all_manifest/2:1269 log_ref=i0011 db_id=7 Manifest is empty, starting from manifest SQN 1
2026-09-11 20:47:29.040895+09:00 [info] <0.1022.0>@leveled_cdb:starting/3:479 log_ref=cdb01 db_id=7 Opening file for writing with filename /var/lib/riak/leveled/1278813932664540053428224228626747642198940975104/journal/journal_files/0_f54208f9-e9ea-4c4f-99e6-ad923e531649.pnd
2026-09-11 20:47:29.015324+09:00 [info] <0.1006.0>@leveled_inker:open_all_manifest/2:1269 log_ref=i0011 db_id=1 Manifest is empty, starting from manifest SQN 1
2026-09-11 20:47:29.060179+09:00 [info] <0.1003.0>@leveled_imanifest:writer/3:187 log_ref=i0016 db_id=4 Writing new version of manifest for manifestSQN=2
2026-09-11 20:47:29.065039+09:00 [info] <0.1023.0>@leveled_cdb:starting/3:479 log_ref=cdb01 db_id=1 Opening file for writing with filename /var/lib/riak/leveled/182687704666362864775460604089535377456991567872/journal/journal_files/0_52292138-6322-4819-a0f6-789c1523d9e4.pnd
2026-09-11 20:47:29.042313+09:00 [info] <0.1009.0>@leveled_inker:open_all_manifest/2:1269 log_ref=i0011 db_id=2 Manifest is empty, starting from manifest SQN 1
2026-09-11 20:47:29.057372+09:00 [info] <0.997.0>@leveled_imanifest:writer/3:187 log_ref=i0016 db_id=5 Writing new version of manifest for manifestSQN=2
2026-09-11 20:47:29.084770+09:00 [info] <0.1024.0>@leveled_cdb:starting/3:479 log_ref=cdb01 db_id=2 Opening file for writing with filename /var/lib/riak/leveled/365375409332725729550921208179070754913983135744/journal/journal_files/0_47e75d64-032b-4049-842b-5b6000a3f041.pnd
2026-09-11 20:47:29.105165+09:00 [info] <0.1005.0>@leveled_inker:build_manifest/3:1238 log_ref=i0009 db_id=3 Updated manifest on startup:
2026-09-11 20:47:29.121038+09:00 [info] <0.1005.0>@leveled_imanifest:writer/3:187 log_ref=i0016 db_id=3 Writing new version of manifest for manifestSQN=2
2026-09-11 20:47:29.134677+09:00 [info] <0.1006.0>@leveled_inker:build_manifest/3:1238 log_ref=i0009 db_id=1 Updated manifest on startup:
2026-09-11 20:47:29.132246+09:00 [info] <0.1007.0>@leveled_inker:build_manifest/3:1238 log_ref=i0009 db_id=6 Updated manifest on startup:
2026-09-11 20:47:29.116012+09:00 [info] <0.1008.0>@leveled_inker:build_manifest/3:1238 log_ref=i0009 db_id=7 Updated manifest on startup:
2026-09-11 20:47:29.152327+09:00 [info] <0.1007.0>@leveled_imanifest:writer/3:187 log_ref=i0016 db_id=6 Writing new version of manifest for manifestSQN=2
2026-09-11 20:47:29.154886+09:00 [info] <0.1025.0>@leveled_pclerk:clerk_new/3:78 log_ref=pc001 db_id=5 Penciller's clerk <0.1026.0> started with owner <0.1025.0>
2026-09-11 20:47:29.156253+09:00 [info] <0.1006.0>@leveled_imanifest:writer/3:187 log_ref=i0016 db_id=1 Writing new version of manifest for manifestSQN=2
2026-09-11 20:47:29.170833+09:00 [info] <0.1008.0>@leveled_imanifest:writer/3:187 log_ref=i0016 db_id=7 Writing new version of manifest for manifestSQN=2
2026-09-11 20:47:29.183966+09:00 [info] <0.1027.0>@leveled_pclerk:clerk_new/3:78 log_ref=pc001 db_id=4 Penciller's clerk <0.1028.0> started with owner <0.1027.0>
2026-09-11 20:47:29.174634+09:00 [info] <0.1009.0>@leveled_inker:build_manifest/3:1238 log_ref=i0009 db_id=2 Updated manifest on startup:
2026-09-11 20:47:29.210474+09:00 [info] <0.1009.0>@leveled_imanifest:writer/3:187 log_ref=i0016 db_id=2 Writing new version of manifest for manifestSQN=2
2026-09-11 20:47:29.218323+09:00 [info] <0.1031.0>@leveled_pclerk:clerk_new/3:78 log_ref=pc001 db_id=6 Penciller's clerk <0.1032.0> started with owner <0.1031.0>
2026-09-11 20:47:29.211466+09:00 [info] <0.1029.0>@leveled_pclerk:clerk_new/3:78 log_ref=pc001 db_id=3 Penciller's clerk <0.1030.0> started with owner <0.1029.0>
2026-09-11 20:47:29.233144+09:00 [info] <0.1033.0>@leveled_pclerk:clerk_new/3:78 log_ref=pc001 db_id=7 Penciller's clerk <0.1034.0> started with owner <0.1033.0>
2026-09-11 20:47:29.269509+09:00 [info] <0.1035.0>@leveled_pclerk:clerk_new/3:78 log_ref=pc001 db_id=1 Penciller's clerk <0.1036.0> started with owner <0.1035.0>
2026-09-11 20:47:29.296028+09:00 [info] <0.1025.0>@leveled_pmanifest:open_manifestfile/2:1180 log_ref=p0013 db_id=5 Seqence number of 0 indicates no valid manifest
2026-09-11 20:47:29.297280+09:00 [info] <0.1025.0>@leveled_penciller:start_from_file/1:1508 log_ref=p0014 db_id=5 Maximum sequence number of 0 found in nonzero levels
2026-09-11 20:47:29.309550+09:00 [info] <0.1037.0>@leveled_pclerk:clerk_new/3:78 log_ref=pc001 db_id=2 Penciller's clerk <0.1038.0> started with owner <0.1037.0>
2026-09-11 20:47:29.299833+09:00 [info] <0.1025.0>@leveled_penciller:start_from_file/1:1510 log_ref=p0035 db_id=5 Startup with Manifest SQN of 0
2026-09-11 20:47:29.329504+09:00 [info] <0.1027.0>@leveled_pmanifest:open_manifestfile/2:1180 log_ref=p0013 db_id=4 Seqence number of 0 indicates no valid manifest
2026-09-11 20:47:29.342076+09:00 [info] <0.1027.0>@leveled_penciller:start_from_file/1:1508 log_ref=p0014 db_id=4 Maximum sequence number of 0 found in nonzero levels
2026-09-11 20:47:29.353360+09:00 [info] <0.1027.0>@leveled_penciller:start_from_file/1:1510 log_ref=p0035 db_id=4 Startup with Manifest SQN of 0
2026-09-11 20:47:29.371152+09:00 [info] <0.1031.0>@leveled_pmanifest:open_manifestfile/2:1180 log_ref=p0013 db_id=6 Seqence number of 0 indicates no valid manifest
2026-09-11 20:47:29.372285+09:00 [info] <0.1031.0>@leveled_penciller:start_from_file/1:1508 log_ref=p0014 db_id=6 Maximum sequence number of 0 found in nonzero levels
2026-09-11 20:47:29.387256+09:00 [info] <0.1031.0>@leveled_penciller:start_from_file/1:1510 log_ref=p0035 db_id=6 Startup with Manifest SQN of 0
2026-09-11 20:47:29.395942+09:00 [info] <0.1029.0>@leveled_pmanifest:open_manifestfile/2:1180 log_ref=p0013 db_id=3 Seqence number of 0 indicates no valid manifest
2026-09-11 20:47:29.397228+09:00 [info] <0.1029.0>@leveled_penciller:start_from_file/1:1508 log_ref=p0014 db_id=3 Maximum sequence number of 0 found in nonzero levels
2026-09-11 20:47:29.411513+09:00 [info] <0.1029.0>@leveled_penciller:start_from_file/1:1510 log_ref=p0035 db_id=3 Startup with Manifest SQN of 0
2026-09-11 20:47:29.420243+09:00 [info] <0.1033.0>@leveled_pmanifest:open_manifestfile/2:1180 log_ref=p0013 db_id=7 Seqence number of 0 indicates no valid manifest
2026-09-11 20:47:29.421281+09:00 [info] <0.1033.0>@leveled_penciller:start_from_file/1:1508 log_ref=p0014 db_id=7 Maximum sequence number of 0 found in nonzero levels
2026-09-11 20:47:29.428869+09:00 [info] <0.1033.0>@leveled_penciller:start_from_file/1:1510 log_ref=p0035 db_id=7 Startup with Manifest SQN of 0
2026-09-11 20:47:29.441940+09:00 [info] <0.1025.0>@leveled_penciller:start_from_file/1:1538 log_ref=p0017 db_id=5 No L0 file found
2026-09-11 20:47:29.445846+09:00 [info] <0.1035.0>@leveled_pmanifest:open_manifestfile/2:1180 log_ref=p0013 db_id=1 Seqence number of 0 indicates no valid manifest
2026-09-11 20:47:29.447039+09:00 [info] <0.1035.0>@leveled_penciller:start_from_file/1:1508 log_ref=p0014 db_id=1 Maximum sequence number of 0 found in nonzero levels
2026-09-11 20:47:29.455870+09:00 [info] <0.1027.0>@leveled_penciller:start_from_file/1:1538 log_ref=p0017 db_id=4 No L0 file found
2026-09-11 20:47:29.448263+09:00 [info] <0.1035.0>@leveled_penciller:start_from_file/1:1510 log_ref=p0035 db_id=1 Startup with Manifest SQN of 0
2026-09-11 20:47:29.482762+09:00 [info] <0.1037.0>@leveled_pmanifest:open_manifestfile/2:1180 log_ref=p0013 db_id=2 Seqence number of 0 indicates no valid manifest
2026-09-11 20:47:29.491865+09:00 [info] <0.989.0>@leveled_bookie:startup/2:1993 log_ref=b0005 db_id=5 LedgerSQN=0 at startup
2026-09-11 20:47:29.493871+09:00 [info] <0.1037.0>@leveled_penciller:start_from_file/1:1508 log_ref=p0014 db_id=2 Maximum sequence number of 0 found in nonzero levels
2026-09-11 20:47:29.496150+09:00 [info] <0.1037.0>@leveled_penciller:start_from_file/1:1510 log_ref=p0035 db_id=2 Startup with Manifest SQN of 0
2026-09-11 20:47:29.502629+09:00 [info] <0.997.0>@leveled_bookie:startup/2:2004 log_ref=i0014 db_id=5 On startup loading from filename /var/lib/riak/leveled/913438523331814323877303020447676887284957839360/journal/journal_files/0_c93f6d84-0246-48f7-9a0b-91acfc11d218 from SQN 1
2026-09-11 20:47:29.517810+09:00 [info] <0.989.0>@leveled_bookie:init/1:1409 log_ref=b0001 db_id=5 Bookie starting with Ink <0.997.0> Pcl <0.1025.0>
2026-09-11 20:47:29.524188+09:00 [info] <0.991.0>@leveled_bookie:startup/2:1993 log_ref=b0005 db_id=4 LedgerSQN=0 at startup
2026-09-11 20:47:29.532966+09:00 [info] <0.955.0>@riak_kv_leveled_backend:schedule_journalcompaction/4:903 Schedule compaction for interval 4601 on partition 913438523331814323877303020447676887284957839360
2026-09-11 20:47:29.539732+09:00 [info] <0.1031.0>@leveled_penciller:start_from_file/1:1538 log_ref=p0017 db_id=6 No L0 file found
2026-09-11 20:47:29.536576+09:00 [info] <0.1003.0>@leveled_bookie:startup/2:2004 log_ref=i0014 db_id=4 On startup loading from filename /var/lib/riak/leveled/730750818665451459101842416358141509827966271488/journal/journal_files/0_10ffc414-cc5a-4d6c-9d0d-62ce2fa5e4c9 from SQN 1
2026-09-11 20:47:29.553421+09:00 [info] <0.1029.0>@leveled_penciller:start_from_file/1:1538 log_ref=p0017 db_id=3 No L0 file found
2026-09-11 20:47:29.560918+09:00 [info] <0.1033.0>@leveled_penciller:start_from_file/1:1538 log_ref=p0017 db_id=7 No L0 file found
2026-09-11 20:47:29.577604+09:00 [info] <0.991.0>@leveled_bookie:init/1:1409 log_ref=b0001 db_id=4 Bookie starting with Ink <0.1003.0> Pcl <0.1027.0>
2026-09-11 20:47:29.570171+09:00 [info] <0.1040.0>@aae_controller:init/1:674 log_ref=aae02 Native KeyStore type leveled_nko startup request
2026-09-11 20:47:29.589756+09:00 [info] <0.965.0>@riak_kv_leveled_backend:schedule_journalcompaction/4:903 Schedule compaction for interval 1175 on partition 730750818665451459101842416358141509827966271488
2026-09-11 20:47:29.609523+09:00 [info] <0.1043.0>@aae_controller:init/1:674 log_ref=aae02 Native KeyStore type leveled_nko startup request
2026-09-11 20:47:29.611330+09:00 [warning] <0.1041.0>@aae_keystore:open_manifest/1:1526 log_ref=ks002 No valid manifest found for AAE keystore at /var/lib/riak/tictac_aae/913438523331814323877303020447676887284957839360/leveled_nko/keystore reason not_present
2026-09-11 20:47:29.644823+09:00 [info] <0.998.0>@leveled_bookie:startup/2:1993 log_ref=b0005 db_id=6 LedgerSQN=0 at startup
2026-09-11 20:47:29.646325+09:00 [info] <0.1007.0>@leveled_bookie:startup/2:2004 log_ref=i0014 db_id=6 On startup loading from filename /var/lib/riak/leveled/1096126227998177188652763624537212264741949407232/journal/journal_files/0_da43e5a8-2069-4435-94e5-9d7229fcc412 from SQN 1
2026-09-11 20:47:29.670026+09:00 [info] <0.1035.0>@leveled_penciller:start_from_file/1:1538 log_ref=p0017 db_id=1 No L0 file found
2026-09-11 20:47:29.677416+09:00 [info] <0.1000.0>@leveled_bookie:startup/2:1993 log_ref=b0005 db_id=7 LedgerSQN=0 at startup
2026-09-11 20:47:29.680886+09:00 [info] <0.1008.0>@leveled_bookie:startup/2:2004 log_ref=i0014 db_id=7 On startup loading from filename /var/lib/riak/leveled/1278813932664540053428224228626747642198940975104/journal/journal_files/0_f54208f9-e9ea-4c4f-99e6-ad923e531649 from SQN 1
2026-09-11 20:47:29.692733+09:00 [info] <0.998.0>@leveled_bookie:init/1:1409 log_ref=b0001 db_id=6 Bookie starting with Ink <0.1007.0> Pcl <0.1031.0>
2026-09-11 20:47:29.687210+09:00 [info] <0.993.0>@leveled_bookie:startup/2:1993 log_ref=b0005 db_id=3 LedgerSQN=0 at startup
2026-09-11 20:47:29.707815+09:00 [info] <0.1005.0>@leveled_bookie:startup/2:2004 log_ref=i0014 db_id=3 On startup loading from filename /var/lib/riak/leveled/548063113999088594326381812268606132370974703616/journal/journal_files/0_2abc84a9-1e46-4452-a3a7-5d277ff4d075 from SQN 1
2026-09-11 20:47:29.699242+09:00 [warning] <0.1044.0>@aae_keystore:open_manifest/1:1526 log_ref=ks002 No valid manifest found for AAE keystore at /var/lib/riak/tictac_aae/730750818665451459101842416358141509827966271488/leveled_nko/keystore reason not_present
2026-09-11 20:47:29.725668+09:00 [info] <0.968.0>@riak_kv_leveled_backend:schedule_journalcompaction/4:903 Schedule compaction for interval 1526 on partition 1096126227998177188652763624537212264741949407232
2026-09-11 20:47:29.737913+09:00 [info] <0.1037.0>@leveled_penciller:start_from_file/1:1538 log_ref=p0017 db_id=2 No L0 file found
2026-09-11 20:47:29.720141+09:00 [info] <0.1000.0>@leveled_bookie:init/1:1409 log_ref=b0001 db_id=7 Bookie starting with Ink <0.1008.0> Pcl <0.1033.0>
2026-09-11 20:47:29.748056+09:00 [info] <0.957.0>@riak_kv_leveled_backend:schedule_journalcompaction/4:903 Schedule compaction for interval 2105 on partition 1278813932664540053428224228626747642198940975104
2026-09-11 20:47:29.751311+09:00 [info] <0.995.0>@leveled_bookie:startup/2:1993 log_ref=b0005 db_id=1 LedgerSQN=0 at startup
2026-09-11 20:47:29.758420+09:00 [info] <0.1048.0>@aae_controller:init/1:674 log_ref=aae02 Native KeyStore type leveled_nko startup request
2026-09-11 20:47:29.777783+09:00 [info] <0.993.0>@leveled_bookie:init/1:1409 log_ref=b0001 db_id=3 Bookie starting with Ink <0.1005.0> Pcl <0.1029.0>
2026-09-11 20:47:29.778247+09:00 [info] <0.1051.0>@aae_controller:init/1:674 log_ref=aae02 Native KeyStore type leveled_nko startup request
2026-09-11 20:47:29.763273+09:00 [info] <0.1006.0>@leveled_bookie:startup/2:2004 log_ref=i0014 db_id=1 On startup loading from filename /var/lib/riak/leveled/182687704666362864775460604089535377456991567872/journal/journal_files/0_52292138-6322-4819-a0f6-789c1523d9e4 from SQN 1
2026-09-11 20:47:29.779405+09:00 [info] <0.954.0>@riak_kv_leveled_backend:schedule_journalcompaction/4:903 Schedule compaction for interval 2740 on partition 548063113999088594326381812268606132370974703616
2026-09-11 20:47:29.816903+09:00 [warning] <0.1050.0>@aae_keystore:open_manifest/1:1526 log_ref=ks002 No valid manifest found for AAE keystore at /var/lib/riak/tictac_aae/1096126227998177188652763624537212264741949407232/leveled_nko/keystore reason not_present
2026-09-11 20:47:29.812171+09:00 [info] <0.995.0>@leveled_bookie:init/1:1409 log_ref=b0001 db_id=1 Bookie starting with Ink <0.1006.0> Pcl <0.1035.0>
2026-09-11 20:47:29.838318+09:00 [warning] <0.1052.0>@aae_keystore:open_manifest/1:1526 log_ref=ks002 No valid manifest found for AAE keystore at /var/lib/riak/tictac_aae/1278813932664540053428224228626747642198940975104/leveled_nko/keystore reason not_present
2026-09-11 20:47:29.837309+09:00 [info] <0.1002.0>@leveled_bookie:startup/2:1993 log_ref=b0005 db_id=2 LedgerSQN=0 at startup
2026-09-11 20:47:29.830693+09:00 [info] <0.959.0>@riak_kv_leveled_backend:schedule_journalcompaction/4:903 Schedule compaction for interval 4327 on partition 182687704666362864775460604089535377456991567872
2026-09-11 20:47:29.839065+09:00 [info] <0.1055.0>@aae_controller:init/1:674 log_ref=aae02 Native KeyStore type leveled_nko startup request
2026-09-11 20:47:29.855982+09:00 [info] <0.1009.0>@leveled_bookie:startup/2:2004 log_ref=i0014 db_id=2 On startup loading from filename /var/lib/riak/leveled/365375409332725729550921208179070754913983135744/journal/journal_files/0_47e75d64-032b-4049-842b-5b6000a3f041 from SQN 1
2026-09-11 20:47:29.875047+09:00 [warning] <0.1056.0>@aae_keystore:open_manifest/1:1526 log_ref=ks002 No valid manifest found for AAE keystore at /var/lib/riak/tictac_aae/548063113999088594326381812268606132370974703616/leveled_nko/keystore reason not_present
2026-09-11 20:47:29.916654+09:00 [info] <0.1002.0>@leveled_bookie:init/1:1409 log_ref=b0001 db_id=2 Bookie starting with Ink <0.1009.0> Pcl <0.1037.0>
2026-09-11 20:47:29.888395+09:00 [info] <0.1060.0>@aae_controller:init/1:674 log_ref=aae02 Native KeyStore type leveled_nko startup request
2026-09-11 20:47:29.929586+09:00 [info] <0.969.0>@riak_kv_leveled_backend:schedule_journalcompaction/4:903 Schedule compaction for interval 5138 on partition 365375409332725729550921208179070754913983135744
2026-09-11 20:47:29.931987+09:00 [info] <0.1045.0>@aae_treecache:init/1:224 log_ref=c0005 Starting cache with is_restored=false and IndexN of {548063113999088594326381812268606132370974703616,3}
2026-09-11 20:47:29.946147+09:00 [warning] <0.1061.0>@aae_keystore:open_manifest/1:1526 log_ref=ks002 No valid manifest found for AAE keystore at /var/lib/riak/tictac_aae/182687704666362864775460604089535377456991567872/leveled_nko/keystore reason not_present
2026-09-11 20:47:29.954747+09:00 [info] <0.1064.0>@aae_controller:init/1:674 log_ref=aae02 Native KeyStore type leveled_nko startup request
2026-09-11 20:47:29.955218+09:00 [info] <0.1046.0>@aae_treecache:init/1:224 log_ref=c0005 Starting cache with is_restored=false and IndexN of {365375409332725729550921208179070754913983135744,3}
2026-09-11 20:47:29.992464+09:00 [warning] <0.1066.0>@aae_keystore:open_manifest/1:1526 log_ref=ks002 No valid manifest found for AAE keystore at /var/lib/riak/tictac_aae/365375409332725729550921208179070754913983135744/leveled_nko/keystore reason not_present
2026-09-11 20:47:30.043086+09:00 [info] <0.1054.0>@aae_treecache:init/1:224 log_ref=c0005 Starting cache with is_restored=false and IndexN of {730750818665451459101842416358141509827966271488,3}
2026-09-11 20:47:30.048474+09:00 [info] <0.1062.0>@aae_treecache:init/1:224 log_ref=c0005 Starting cache with is_restored=false and IndexN of {730750818665451459101842416358141509827966271488,3}
2026-09-11 20:47:30.109159+09:00 [info] <0.1067.0>@aae_treecache:init/1:224 log_ref=c0005 Starting cache with is_restored=false and IndexN of {548063113999088594326381812268606132370974703616,3}
2026-09-11 20:47:30.105418+09:00 [info] <0.1058.0>@aae_treecache:init/1:224 log_ref=c0005 Starting cache with is_restored=false and IndexN of {913438523331814323877303020447676887284957839360,3}
2026-09-11 20:47:30.125239+09:00 [info] <0.1059.0>@aae_treecache:init/1:224 log_ref=c0005 Starting cache with is_restored=false and IndexN of {182687704666362864775460604089535377456991567872,3}
2026-09-11 20:47:30.153247+09:00 [info] <0.1069.0>@aae_treecache:init/1:224 log_ref=c0005 Starting cache with is_restored=false and IndexN of {913438523331814323877303020447676887284957839360,3}
2026-09-11 20:47:30.160099+09:00 [info] <0.1070.0>@aae_treecache:init/1:224 log_ref=c0005 Starting cache with is_restored=false and IndexN of {913438523331814323877303020447676887284957839360,3}
2026-09-11 20:47:30.171099+09:00 [info] <0.1040.0>@aae_controller:init/1:719 log_ref=aae10 AAE controller started with IndexNs [{548063113999088594326381812268606132370974703616,3},{730750818665451459101842416358141509827966271488,3},{913438523331814323877303020447676887284957839360,3}] and StoreType {native,leveled_nko,<0.989.0>}
2026-09-11 20:47:30.178939+09:00 [info] <0.955.0>@riak_kv_vnode:maybe_start_aaecontroller/2:402 AAE Controller started with pid=<0.1040.0>
2026-09-11 20:47:30.173689+09:00 [info] <0.1065.0>@aae_treecache:init/1:224 log_ref=c0005 Starting cache with is_restored=false and IndexN of {1278813932664540053428224228626747642198940975104,3}
2026-09-11 20:47:30.193637+09:00 [info] <0.1071.0>@aae_treecache:init/1:224 log_ref=c0005 Starting cache with is_restored=false and IndexN of {730750818665451459101842416358141509827966271488,3}
2026-09-11 20:47:30.204137+09:00 [info] <0.1043.0>@aae_controller:init/1:719 log_ref=aae10 AAE controller started with IndexNs [{365375409332725729550921208179070754913983135744,3},{548063113999088594326381812268606132370974703616,3},{730750818665451459101842416358141509827966271488,3}] and StoreType {native,leveled_nko,<0.991.0>}
2026-09-11 20:47:30.225983+09:00 [info] <0.1072.0>@aae_treecache:init/1:224 log_ref=c0005 Starting cache with is_restored=false and IndexN of {1096126227998177188652763624537212264741949407232,3}
2026-09-11 20:47:30.206117+09:00 [info] <0.965.0>@riak_kv_vnode:maybe_start_aaecontroller/2:402 AAE Controller started with pid=<0.1043.0>
2026-09-11 20:47:30.219749+09:00 [info] <0.950.0>@riak_core_vnode_manager:get_vnode/3:743 VNode initialization ready <0.955.0> 913438523331814323877303020447676887284957839360 riak_kv_vnode
2026-09-11 20:47:30.244676+09:00 [info] <0.1073.0>@aae_treecache:init/1:224 log_ref=c0005 Starting cache with is_restored=false and IndexN of {365375409332725729550921208179070754913983135744,3}
2026-09-11 20:47:30.256243+09:00 [info] <0.949.0>@riak_core_vnode_manager:get_vnode/3:743 VNode initialization ready <0.965.0> 730750818665451459101842416358141509827966271488 riak_kv_vnode
2026-09-11 20:47:30.269591+09:00 [info] <0.1068.0>@aae_treecache:init/1:224 log_ref=c0005 Starting cache with is_restored=false and IndexN of {0,3}
2026-09-11 20:47:30.297242+09:00 [info] <0.1074.0>@aae_treecache:init/1:224 log_ref=c0005 Starting cache with is_restored=false and IndexN of {1096126227998177188652763624537212264741949407232,3}
2026-09-11 20:47:30.303234+09:00 [info] <0.1048.0>@aae_controller:init/1:719 log_ref=aae10 AAE controller started with IndexNs [{730750818665451459101842416358141509827966271488,3},{913438523331814323877303020447676887284957839360,3},{1096126227998177188652763624537212264741949407232,3}] and StoreType {native,leveled_nko,<0.998.0>}
2026-09-11 20:47:30.294958+09:00 [info] <0.1077.0>@aae_treecache:init/1:224 log_ref=c0005 Starting cache with is_restored=false and IndexN of {0,3}
2026-09-11 20:47:30.304871+09:00 [info] <0.968.0>@riak_kv_vnode:maybe_start_aaecontroller/2:402 AAE Controller started with pid=<0.1048.0>
2026-09-11 20:47:30.325427+09:00 [info] <0.1086.0>@aae_treecache:init/1:224 log_ref=c0005 Starting cache with is_restored=false and IndexN of {1278813932664540053428224228626747642198940975104,3}
2026-09-11 20:47:30.345006+09:00 [info] <0.1095.0>@aae_treecache:init/1:224 log_ref=c0005 Starting cache with is_restored=false and IndexN of {548063113999088594326381812268606132370974703616,3}
2026-09-11 20:47:30.353831+09:00 [info] <0.1051.0>@aae_controller:init/1:719 log_ref=aae10 AAE controller started with IndexNs [{913438523331814323877303020447676887284957839360,3},{1096126227998177188652763624537212264741949407232,3},{1278813932664540053428224228626747642198940975104,3}] and StoreType {native,leveled_nko,<0.1000.0>}
2026-09-11 20:47:30.358394+09:00 [info] <0.1055.0>@aae_controller:init/1:719 log_ref=aae10 AAE controller started with IndexNs [{182687704666362864775460604089535377456991567872,3},{365375409332725729550921208179070754913983135744,3},{548063113999088594326381812268606132370974703616,3}] and StoreType {native,leveled_nko,<0.993.0>}
2026-09-11 20:47:30.372791+09:00 [info] <0.957.0>@riak_kv_vnode:maybe_start_aaecontroller/2:402 AAE Controller started with pid=<0.1051.0>
2026-09-11 20:47:30.383128+09:00 [info] <0.1096.0>@aae_treecache:init/1:224 log_ref=c0005 Starting cache with is_restored=false and IndexN of {182687704666362864775460604089535377456991567872,3}
2026-09-11 20:47:30.392307+09:00 [info] <0.1098.0>@aae_treecache:init/1:224 log_ref=c0005 Starting cache with is_restored=false and IndexN of {182687704666362864775460604089535377456991567872,3}
2026-09-11 20:47:30.377283+09:00 [info] <0.954.0>@riak_kv_vnode:maybe_start_aaecontroller/2:402 AAE Controller started with pid=<0.1055.0>
2026-09-11 20:47:30.419752+09:00 [info] <0.1060.0>@aae_controller:init/1:719 log_ref=aae10 AAE controller started with IndexNs [{1278813932664540053428224228626747642198940975104,3},{0,3},{182687704666362864775460604089535377456991567872,3}] and StoreType {native,leveled_nko,<0.995.0>}
2026-09-11 20:47:30.434850+09:00 [info] <0.951.0>@riak_core_vnode_manager:get_vnode/3:743 VNode initialization ready <0.968.0> 1096126227998177188652763624537212264741949407232 riak_kv_vnode
2026-09-11 20:47:30.440528+09:00 [info] <0.947.0>@riak_core_vnode_manager:get_vnode/3:743 VNode initialization ready <0.954.0> 548063113999088594326381812268606132370974703616 riak_kv_vnode
2026-09-11 20:47:30.431182+09:00 [info] <0.952.0>@riak_core_vnode_manager:get_vnode/3:743 VNode initialization ready <0.957.0> 1278813932664540053428224228626747642198940975104 riak_kv_vnode
2026-09-11 20:47:30.421734+09:00 [info] <0.959.0>@riak_kv_vnode:maybe_start_aaecontroller/2:402 AAE Controller started with pid=<0.1060.0>
2026-09-11 20:47:30.444834+09:00 [info] <0.1112.0>@aae_treecache:init/1:224 log_ref=c0005 Starting cache with is_restored=false and IndexN of {365375409332725729550921208179070754913983135744,3}
2026-09-11 20:47:30.461625+09:00 [info] <0.1064.0>@aae_controller:init/1:719 log_ref=aae10 AAE controller started with IndexNs [{0,3},{182687704666362864775460604089535377456991567872,3},{365375409332725729550921208179070754913983135744,3}] and StoreType {native,leveled_nko,<0.1002.0>}
2026-09-11 20:47:30.469417+09:00 [info] <0.969.0>@riak_kv_vnode:maybe_start_aaecontroller/2:402 AAE Controller started with pid=<0.1064.0>
2026-09-11 20:47:30.472631+09:00 [info] <0.945.0>@riak_core_vnode_manager:get_vnode/3:743 VNode initialization ready <0.959.0> 182687704666362864775460604089535377456991567872 riak_kv_vnode
2026-09-11 20:47:30.497582+09:00 [info] <0.946.0>@riak_core_vnode_manager:get_vnode/3:743 VNode initialization ready <0.969.0> 365375409332725729550921208179070754913983135744 riak_kv_vnode
2026-09-11 20:47:30.584881+09:00 [info] <0.791.0>@riak_core:wait_for_service/2:492 Wait complete for service riak_kv (11 seconds)
2026-09-11 20:47:30.609028+09:00 [info] <0.506.0>@riak_core:wait_for_service/2:492 Wait complete for service riak_kv (22 seconds)
2026-09-11 20:47:30.738640+09:00 [info] <0.248.0>@riak_core_capability:process_capability_changes/2:557 New capability: {riak_repl,bloom_fold} = true
2026-09-11 20:47:30.840290+09:00 [info] <0.248.0>@riak_core_capability:process_capability_changes/2:557 New capability: {riak_repl,rtq_meta} = true
2026-09-11 20:47:30.927557+09:00 [info] <0.248.0>@riak_core_capability:process_capability_changes/2:557 New capability: {riak_repl,default_bucket_props_hash} = [consistent,datatype,n_val,write_once]
2026-09-11 20:47:31.348579+09:00 [info] <0.791.0>@riak_repl_app:start/2:70 REPL CS block skip disabled
2026-09-11 20:47:31.554421+09:00 [info] <0.1160.0>@supervisor:report_progress/2:1582 Supervisor: {local,riak_repl_sup}. Started: id=riak_repl_client_sup,pid=<0.1161.0>.
2026-09-11 20:47:31.622564+09:00 [info] <0.1160.0>@supervisor:report_progress/2:1582 Supervisor: {local,riak_repl_sup}. Started: id=riak_repl_server_sup,pid=<0.1162.0>.
2026-09-11 20:47:31.894563+09:00 [info] <0.1160.0>@supervisor:report_progress/2:1582 Supervisor: {local,riak_repl_sup}. Started: id=riak_repl_leader,pid=<0.1163.0>.
2026-09-11 20:47:32.173326+09:00 [info] <0.1160.0>@supervisor:report_progress/2:1582 Supervisor: {local,riak_repl_sup}. Started: id=riak_repl2_leader,pid=<0.1166.0>.
2026-09-11 20:47:32.887072+09:00 [info] <0.1168.0>@riak_core_service_mgr:start_link/1:111 Starting Core Service Manager at {"127.0.0.1",9080}
2026-09-11 20:47:33.258627+09:00 [info] <0.1166.0>@riak_repl2_leader:become_leader/2:217 Leader2: 'openriak-kv@node-05.cluster-a.openriak' elected as replication leader
2026-09-11 20:47:33.362207+09:00 [info] <0.482.0>@riak_kv_replrtq_src:handle_info/2:646 QueueName=q1_ttaaefs has queue sizes p1=0 p2=0 p3=0
2026-09-11 20:47:33.635535+09:00 [info] <0.1189.0>@supervisor:report_progress/2:1582 Supervisor: {<0.1189.0>,ranch_conns_sup_sup}. Started: id={ranch_conns_sup,1},pid=<0.1190.0>.
2026-09-11 20:47:33.648295+09:00 [info] <0.1189.0>@supervisor:report_progress/2:1582 Supervisor: {<0.1189.0>,ranch_conns_sup_sup}. Started: id={ranch_conns_sup,2},pid=<0.1191.0>.
2026-09-11 20:47:33.659763+09:00 [info] <0.1189.0>@supervisor:report_progress/2:1582 Supervisor: {<0.1189.0>,ranch_conns_sup_sup}. Started: id={ranch_conns_sup,3},pid=<0.1192.0>.
2026-09-11 20:47:33.673568+09:00 [info] <0.1189.0>@supervisor:report_progress/2:1582 Supervisor: {<0.1189.0>,ranch_conns_sup_sup}. Started: id={ranch_conns_sup,4},pid=<0.1193.0>.
2026-09-11 20:47:33.675297+09:00 [info] <0.1189.0>@supervisor:report_progress/2:1582 Supervisor: {<0.1189.0>,ranch_conns_sup_sup}. Started: id={ranch_conns_sup,5},pid=<0.1194.0>.
2026-09-11 20:47:33.689152+09:00 [info] <0.1189.0>@supervisor:report_progress/2:1582 Supervisor: {<0.1189.0>,ranch_conns_sup_sup}. Started: id={ranch_conns_sup,6},pid=<0.1195.0>.
2026-09-11 20:47:33.698241+09:00 [info] <0.1189.0>@supervisor:report_progress/2:1582 Supervisor: {<0.1189.0>,ranch_conns_sup_sup}. Started: id={ranch_conns_sup,7},pid=<0.1196.0>.
2026-09-11 20:47:33.709649+09:00 [info] <0.1189.0>@supervisor:report_progress/2:1582 Supervisor: {<0.1189.0>,ranch_conns_sup_sup}. Started: id={ranch_conns_sup,8},pid=<0.1197.0>.
2026-09-11 20:47:33.715944+09:00 [info] <0.1189.0>@supervisor:report_progress/2:1582 Supervisor: {<0.1189.0>,ranch_conns_sup_sup}. Started: id={ranch_conns_sup,9},pid=<0.1198.0>.
2026-09-11 20:47:33.727201+09:00 [info] <0.1189.0>@supervisor:report_progress/2:1582 Supervisor: {<0.1189.0>,ranch_conns_sup_sup}. Started: id={ranch_conns_sup,10},pid=<0.1199.0>.
2026-09-11 20:47:33.729787+09:00 [info] <0.1189.0>@supervisor:report_progress/2:1582 Supervisor: {<0.1189.0>,ranch_conns_sup_sup}. Started: id={ranch_conns_sup,11},pid=<0.1200.0>.
2026-09-11 20:47:33.735916+09:00 [info] <0.1189.0>@supervisor:report_progress/2:1582 Supervisor: {<0.1189.0>,ranch_conns_sup_sup}. Started: id={ranch_conns_sup,12},pid=<0.1201.0>.
2026-09-11 20:47:33.750649+09:00 [info] <0.1189.0>@supervisor:report_progress/2:1582 Supervisor: {<0.1189.0>,ranch_conns_sup_sup}. Started: id={ranch_conns_sup,13},pid=<0.1202.0>.
2026-09-11 20:47:33.762317+09:00 [info] <0.1189.0>@supervisor:report_progress/2:1582 Supervisor: {<0.1189.0>,ranch_conns_sup_sup}. Started: id={ranch_conns_sup,14},pid=<0.1203.0>.
2026-09-11 20:47:33.769073+09:00 [info] <0.1189.0>@supervisor:report_progress/2:1582 Supervisor: {<0.1189.0>,ranch_conns_sup_sup}. Started: id={ranch_conns_sup,15},pid=<0.1204.0>.
2026-09-11 20:47:33.773702+09:00 [info] <0.1189.0>@supervisor:report_progress/2:1582 Supervisor: {<0.1189.0>,ranch_conns_sup_sup}. Started: id={ranch_conns_sup,16},pid=<0.1205.0>.
2026-09-11 20:47:33.781299+09:00 [info] <0.1189.0>@supervisor:report_progress/2:1582 Supervisor: {<0.1189.0>,ranch_conns_sup_sup}. Started: id={ranch_conns_sup,17},pid=<0.1206.0>.
2026-09-11 20:47:33.786898+09:00 [info] <0.1189.0>@supervisor:report_progress/2:1582 Supervisor: {<0.1189.0>,ranch_conns_sup_sup}. Started: id={ranch_conns_sup,18},pid=<0.1207.0>.
2026-09-11 20:47:33.803083+09:00 [info] <0.1189.0>@supervisor:report_progress/2:1582 Supervisor: {<0.1189.0>,ranch_conns_sup_sup}. Started: id={ranch_conns_sup,19},pid=<0.1208.0>.
2026-09-11 20:47:33.813724+09:00 [info] <0.1189.0>@supervisor:report_progress/2:1582 Supervisor: {<0.1189.0>,ranch_conns_sup_sup}. Started: id={ranch_conns_sup,20},pid=<0.1209.0>.
2026-09-11 20:47:33.815214+09:00 [info] <0.1189.0>@supervisor:report_progress/2:1582 Supervisor: {<0.1189.0>,ranch_conns_sup_sup}. Started: id={ranch_conns_sup,21},pid=<0.1210.0>.
2026-09-11 20:47:33.835135+09:00 [info] <0.1189.0>@supervisor:report_progress/2:1582 Supervisor: {<0.1189.0>,ranch_conns_sup_sup}. Started: id={ranch_conns_sup,22},pid=<0.1211.0>.
2026-09-11 20:47:33.837229+09:00 [info] <0.1189.0>@supervisor:report_progress/2:1582 Supervisor: {<0.1189.0>,ranch_conns_sup_sup}. Started: id={ranch_conns_sup,23},pid=<0.1212.0>.
2026-09-11 20:47:33.840308+09:00 [info] <0.1189.0>@supervisor:report_progress/2:1582 Supervisor: {<0.1189.0>,ranch_conns_sup_sup}. Started: id={ranch_conns_sup,24},pid=<0.1213.0>.
2026-09-11 20:47:33.841852+09:00 [info] <0.1189.0>@supervisor:report_progress/2:1582 Supervisor: {<0.1189.0>,ranch_conns_sup_sup}. Started: id={ranch_conns_sup,25},pid=<0.1214.0>.
2026-09-11 20:47:33.867844+09:00 [info] <0.1189.0>@supervisor:report_progress/2:1582 Supervisor: {<0.1189.0>,ranch_conns_sup_sup}. Started: id={ranch_conns_sup,26},pid=<0.1216.0>.
2026-09-11 20:47:33.869428+09:00 [info] <0.1189.0>@supervisor:report_progress/2:1582 Supervisor: {<0.1189.0>,ranch_conns_sup_sup}. Started: id={ranch_conns_sup,27},pid=<0.1217.0>.
2026-09-11 20:47:33.881094+09:00 [info] <0.1189.0>@supervisor:report_progress/2:1582 Supervisor: {<0.1189.0>,ranch_conns_sup_sup}. Started: id={ranch_conns_sup,28},pid=<0.1218.0>.
2026-09-11 20:47:33.894942+09:00 [info] <0.1189.0>@supervisor:report_progress/2:1582 Supervisor: {<0.1189.0>,ranch_conns_sup_sup}. Started: id={ranch_conns_sup,29},pid=<0.1219.0>.
2026-09-11 20:47:33.907425+09:00 [info] <0.1189.0>@supervisor:report_progress/2:1582 Supervisor: {<0.1189.0>,ranch_conns_sup_sup}. Started: id={ranch_conns_sup,30},pid=<0.1220.0>.
2026-09-11 20:47:33.920923+09:00 [info] <0.1189.0>@supervisor:report_progress/2:1582 Supervisor: {<0.1189.0>,ranch_conns_sup_sup}. Started: id={ranch_conns_sup,31},pid=<0.1221.0>.
2026-09-11 20:47:33.927735+09:00 [info] <0.1189.0>@supervisor:report_progress/2:1582 Supervisor: {<0.1189.0>,ranch_conns_sup_sup}. Started: id={ranch_conns_sup,32},pid=<0.1222.0>.
2026-09-11 20:47:33.934568+09:00 [info] <0.1189.0>@supervisor:report_progress/2:1582 Supervisor: {<0.1189.0>,ranch_conns_sup_sup}. Started: id={ranch_conns_sup,33},pid=<0.1223.0>.
2026-09-11 20:47:33.939517+09:00 [info] <0.1189.0>@supervisor:report_progress/2:1582 Supervisor: {<0.1189.0>,ranch_conns_sup_sup}. Started: id={ranch_conns_sup,34},pid=<0.1224.0>.
2026-09-11 20:47:33.941190+09:00 [info] <0.1189.0>@supervisor:report_progress/2:1582 Supervisor: {<0.1189.0>,ranch_conns_sup_sup}. Started: id={ranch_conns_sup,35},pid=<0.1225.0>.
2026-09-11 20:47:33.949106+09:00 [info] <0.1189.0>@supervisor:report_progress/2:1582 Supervisor: {<0.1189.0>,ranch_conns_sup_sup}. Started: id={ranch_conns_sup,36},pid=<0.1226.0>.
2026-09-11 20:47:33.951160+09:00 [info] <0.1189.0>@supervisor:report_progress/2:1582 Supervisor: {<0.1189.0>,ranch_conns_sup_sup}. Started: id={ranch_conns_sup,37},pid=<0.1227.0>.
2026-09-11 20:47:33.960766+09:00 [info] <0.1189.0>@supervisor:report_progress/2:1582 Supervisor: {<0.1189.0>,ranch_conns_sup_sup}. Started: id={ranch_conns_sup,38},pid=<0.1228.0>.
2026-09-11 20:47:33.968360+09:00 [info] <0.1189.0>@supervisor:report_progress/2:1582 Supervisor: {<0.1189.0>,ranch_conns_sup_sup}. Started: id={ranch_conns_sup,39},pid=<0.1229.0>.
2026-09-11 20:47:33.983960+09:00 [info] <0.1189.0>@supervisor:report_progress/2:1582 Supervisor: {<0.1189.0>,ranch_conns_sup_sup}. Started: id={ranch_conns_sup,40},pid=<0.1230.0>.
2026-09-11 20:47:33.995081+09:00 [info] <0.1189.0>@supervisor:report_progress/2:1582 Supervisor: {<0.1189.0>,ranch_conns_sup_sup}. Started: id={ranch_conns_sup,41},pid=<0.1231.0>.
2026-09-11 20:47:34.000334+09:00 [info] <0.1189.0>@supervisor:report_progress/2:1582 Supervisor: {<0.1189.0>,ranch_conns_sup_sup}. Started: id={ranch_conns_sup,42},pid=<0.1232.0>.
2026-09-11 20:47:34.008401+09:00 [info] <0.1189.0>@supervisor:report_progress/2:1582 Supervisor: {<0.1189.0>,ranch_conns_sup_sup}. Started: id={ranch_conns_sup,43},pid=<0.1233.0>.
2026-09-11 20:47:34.023749+09:00 [info] <0.1189.0>@supervisor:report_progress/2:1582 Supervisor: {<0.1189.0>,ranch_conns_sup_sup}. Started: id={ranch_conns_sup,44},pid=<0.1234.0>.
2026-09-11 20:47:34.047624+09:00 [info] <0.1189.0>@supervisor:report_progress/2:1582 Supervisor: {<0.1189.0>,ranch_conns_sup_sup}. Started: id={ranch_conns_sup,45},pid=<0.1235.0>.
2026-09-11 20:47:34.054724+09:00 [info] <0.1189.0>@supervisor:report_progress/2:1582 Supervisor: {<0.1189.0>,ranch_conns_sup_sup}. Started: id={ranch_conns_sup,46},pid=<0.1236.0>.
2026-09-11 20:47:34.065282+09:00 [info] <0.1189.0>@supervisor:report_progress/2:1582 Supervisor: {<0.1189.0>,ranch_conns_sup_sup}. Started: id={ranch_conns_sup,47},pid=<0.1237.0>.
2026-09-11 20:47:34.081547+09:00 [info] <0.1189.0>@supervisor:report_progress/2:1582 Supervisor: {<0.1189.0>,ranch_conns_sup_sup}. Started: id={ranch_conns_sup,48},pid=<0.1238.0>.
2026-09-11 20:47:34.087593+09:00 [info] <0.1189.0>@supervisor:report_progress/2:1582 Supervisor: {<0.1189.0>,ranch_conns_sup_sup}. Started: id={ranch_conns_sup,49},pid=<0.1239.0>.
2026-09-11 20:47:34.091014+09:00 [info] <0.1189.0>@supervisor:report_progress/2:1582 Supervisor: {<0.1189.0>,ranch_conns_sup_sup}. Started: id={ranch_conns_sup,50},pid=<0.1240.0>.
2026-09-11 20:47:34.092656+09:00 [info] <0.1189.0>@supervisor:report_progress/2:1582 Supervisor: {<0.1189.0>,ranch_conns_sup_sup}. Started: id={ranch_conns_sup,51},pid=<0.1241.0>.
2026-09-11 20:47:34.106711+09:00 [info] <0.1189.0>@supervisor:report_progress/2:1582 Supervisor: {<0.1189.0>,ranch_conns_sup_sup}. Started: id={ranch_conns_sup,52},pid=<0.1242.0>.
2026-09-11 20:47:34.120786+09:00 [info] <0.1189.0>@supervisor:report_progress/2:1582 Supervisor: {<0.1189.0>,ranch_conns_sup_sup}. Started: id={ranch_conns_sup,53},pid=<0.1243.0>.
2026-09-11 20:47:34.122670+09:00 [info] <0.1189.0>@supervisor:report_progress/2:1582 Supervisor: {<0.1189.0>,ranch_conns_sup_sup}. Started: id={ranch_conns_sup,54},pid=<0.1244.0>.
2026-09-11 20:47:34.138188+09:00 [info] <0.1189.0>@supervisor:report_progress/2:1582 Supervisor: {<0.1189.0>,ranch_conns_sup_sup}. Started: id={ranch_conns_sup,55},pid=<0.1245.0>.
2026-09-11 20:47:34.148674+09:00 [info] <0.1189.0>@supervisor:report_progress/2:1582 Supervisor: {<0.1189.0>,ranch_conns_sup_sup}. Started: id={ranch_conns_sup,56},pid=<0.1246.0>.
2026-09-11 20:47:34.151571+09:00 [info] <0.1189.0>@supervisor:report_progress/2:1582 Supervisor: {<0.1189.0>,ranch_conns_sup_sup}. Started: id={ranch_conns_sup,57},pid=<0.1247.0>.
2026-09-11 20:47:34.162090+09:00 [info] <0.1189.0>@supervisor:report_progress/2:1582 Supervisor: {<0.1189.0>,ranch_conns_sup_sup}. Started: id={ranch_conns_sup,58},pid=<0.1248.0>.
2026-09-11 20:47:34.169419+09:00 [info] <0.1189.0>@supervisor:report_progress/2:1582 Supervisor: {<0.1189.0>,ranch_conns_sup_sup}. Started: id={ranch_conns_sup,59},pid=<0.1249.0>.
2026-09-11 20:47:34.182139+09:00 [info] <0.1189.0>@supervisor:report_progress/2:1582 Supervisor: {<0.1189.0>,ranch_conns_sup_sup}. Started: id={ranch_conns_sup,60},pid=<0.1250.0>.
2026-09-11 20:47:34.201594+09:00 [info] <0.1189.0>@supervisor:report_progress/2:1582 Supervisor: {<0.1189.0>,ranch_conns_sup_sup}. Started: id={ranch_conns_sup,61},pid=<0.1251.0>.
2026-09-11 20:47:34.207266+09:00 [info] <0.1189.0>@supervisor:report_progress/2:1582 Supervisor: {<0.1189.0>,ranch_conns_sup_sup}. Started: id={ranch_conns_sup,62},pid=<0.1252.0>.
2026-09-11 20:47:34.221825+09:00 [info] <0.1189.0>@supervisor:report_progress/2:1582 Supervisor: {<0.1189.0>,ranch_conns_sup_sup}. Started: id={ranch_conns_sup,63},pid=<0.1253.0>.
2026-09-11 20:47:34.224688+09:00 [info] <0.1189.0>@supervisor:report_progress/2:1582 Supervisor: {<0.1189.0>,ranch_conns_sup_sup}. Started: id={ranch_conns_sup,64},pid=<0.1254.0>.
2026-09-11 20:47:34.246234+09:00 [info] <0.1189.0>@supervisor:report_progress/2:1582 Supervisor: {<0.1189.0>,ranch_conns_sup_sup}. Started: id={ranch_conns_sup,65},pid=<0.1255.0>.
2026-09-11 20:47:34.262230+09:00 [info] <0.1189.0>@supervisor:report_progress/2:1582 Supervisor: {<0.1189.0>,ranch_conns_sup_sup}. Started: id={ranch_conns_sup,66},pid=<0.1256.0>.
2026-09-11 20:47:34.263876+09:00 [info] <0.1189.0>@supervisor:report_progress/2:1582 Supervisor: {<0.1189.0>,ranch_conns_sup_sup}. Started: id={ranch_conns_sup,67},pid=<0.1257.0>.
2026-09-11 20:47:34.279063+09:00 [info] <0.1189.0>@supervisor:report_progress/2:1582 Supervisor: {<0.1189.0>,ranch_conns_sup_sup}. Started: id={ranch_conns_sup,68},pid=<0.1258.0>.
2026-09-11 20:47:34.293872+09:00 [info] <0.1189.0>@supervisor:report_progress/2:1582 Supervisor: {<0.1189.0>,ranch_conns_sup_sup}. Started: id={ranch_conns_sup,69},pid=<0.1259.0>.
2026-09-11 20:47:34.304241+09:00 [info] <0.1189.0>@supervisor:report_progress/2:1582 Supervisor: {<0.1189.0>,ranch_conns_sup_sup}. Started: id={ranch_conns_sup,70},pid=<0.1260.0>.
2026-09-11 20:47:34.309147+09:00 [info] <0.1189.0>@supervisor:report_progress/2:1582 Supervisor: {<0.1189.0>,ranch_conns_sup_sup}. Started: id={ranch_conns_sup,71},pid=<0.1261.0>.
2026-09-11 20:47:34.316913+09:00 [info] <0.1189.0>@supervisor:report_progress/2:1582 Supervisor: {<0.1189.0>,ranch_conns_sup_sup}. Started: id={ranch_conns_sup,72},pid=<0.1262.0>.
2026-09-11 20:47:34.329848+09:00 [info] <0.1189.0>@supervisor:report_progress/2:1582 Supervisor: {<0.1189.0>,ranch_conns_sup_sup}. Started: id={ranch_conns_sup,73},pid=<0.1263.0>.
2026-09-11 20:47:34.331604+09:00 [info] <0.1189.0>@supervisor:report_progress/2:1582 Supervisor: {<0.1189.0>,ranch_conns_sup_sup}. Started: id={ranch_conns_sup,74},pid=<0.1264.0>.
2026-09-11 20:47:34.359926+09:00 [info] <0.1189.0>@supervisor:report_progress/2:1582 Supervisor: {<0.1189.0>,ranch_conns_sup_sup}. Started: id={ranch_conns_sup,75},pid=<0.1265.0>.
2026-09-11 20:47:34.386098+09:00 [info] <0.1189.0>@supervisor:report_progress/2:1582 Supervisor: {<0.1189.0>,ranch_conns_sup_sup}. Started: id={ranch_conns_sup,76},pid=<0.1266.0>.
2026-09-11 20:47:34.396657+09:00 [info] <0.1189.0>@supervisor:report_progress/2:1582 Supervisor: {<0.1189.0>,ranch_conns_sup_sup}. Started: id={ranch_conns_sup,77},pid=<0.1269.0>.
2026-09-11 20:47:34.414079+09:00 [info] <0.1189.0>@supervisor:report_progress/2:1582 Supervisor: {<0.1189.0>,ranch_conns_sup_sup}. Started: id={ranch_conns_sup,78},pid=<0.1270.0>.
2026-09-11 20:47:34.431967+09:00 [info] <0.1189.0>@supervisor:report_progress/2:1582 Supervisor: {<0.1189.0>,ranch_conns_sup_sup}. Started: id={ranch_conns_sup,79},pid=<0.1271.0>.
2026-09-11 20:47:34.433889+09:00 [info] <0.1189.0>@supervisor:report_progress/2:1582 Supervisor: {<0.1189.0>,ranch_conns_sup_sup}. Started: id={ranch_conns_sup,80},pid=<0.1276.0>.
2026-09-11 20:47:34.454712+09:00 [info] <0.1189.0>@supervisor:report_progress/2:1582 Supervisor: {<0.1189.0>,ranch_conns_sup_sup}. Started: id={ranch_conns_sup,81},pid=<0.1277.0>.
2026-09-11 20:47:34.466735+09:00 [info] <0.1189.0>@supervisor:report_progress/2:1582 Supervisor: {<0.1189.0>,ranch_conns_sup_sup}. Started: id={ranch_conns_sup,82},pid=<0.1278.0>.
2026-09-11 20:47:34.481290+09:00 [info] <0.1189.0>@supervisor:report_progress/2:1582 Supervisor: {<0.1189.0>,ranch_conns_sup_sup}. Started: id={ranch_conns_sup,83},pid=<0.1279.0>.
2026-09-11 20:47:34.507043+09:00 [info] <0.994.0>@leveled_monitor:handle_cast/2:625 log_ref=cdb19 db_id=3 Sample timings in microseconds for sample_count=0 with totals of cycle_count=0 index_time=0 read_time=0 with sample_period=5 seconds
2026-09-11 20:47:34.518868+09:00 [info] <0.1189.0>@supervisor:report_progress/2:1582 Supervisor: {<0.1189.0>,ranch_conns_sup_sup}. Started: id={ranch_conns_sup,84},pid=<0.1280.0>.
2026-09-11 20:47:34.530834+09:00 [info] <0.1189.0>@supervisor:report_progress/2:1582 Supervisor: {<0.1189.0>,ranch_conns_sup_sup}. Started: id={ranch_conns_sup,85},pid=<0.1282.0>.
2026-09-11 20:47:34.543498+09:00 [info] <0.1189.0>@supervisor:report_progress/2:1582 Supervisor: {<0.1189.0>,ranch_conns_sup_sup}. Started: id={ranch_conns_sup,86},pid=<0.1290.0>.
2026-09-11 20:47:34.558908+09:00 [info] <0.1189.0>@supervisor:report_progress/2:1582 Supervisor: {<0.1189.0>,ranch_conns_sup_sup}. Started: id={ranch_conns_sup,87},pid=<0.1293.0>.
2026-09-11 20:47:34.568271+09:00 [info] <0.1189.0>@supervisor:report_progress/2:1582 Supervisor: {<0.1189.0>,ranch_conns_sup_sup}. Started: id={ranch_conns_sup,88},pid=<0.1294.0>.
2026-09-11 20:47:34.575891+09:00 [info] <0.1189.0>@supervisor:report_progress/2:1582 Supervisor: {<0.1189.0>,ranch_conns_sup_sup}. Started: id={ranch_conns_sup,89},pid=<0.1295.0>.
2026-09-11 20:47:34.585185+09:00 [info] <0.1189.0>@supervisor:report_progress/2:1582 Supervisor: {<0.1189.0>,ranch_conns_sup_sup}. Started: id={ranch_conns_sup,90},pid=<0.1296.0>.
2026-09-11 20:47:34.595748+09:00 [info] <0.1189.0>@supervisor:report_progress/2:1582 Supervisor: {<0.1189.0>,ranch_conns_sup_sup}. Started: id={ranch_conns_sup,91},pid=<0.1297.0>.
2026-09-11 20:47:34.606681+09:00 [info] <0.1189.0>@supervisor:report_progress/2:1582 Supervisor: {<0.1189.0>,ranch_conns_sup_sup}. Started: id={ranch_conns_sup,92},pid=<0.1298.0>.
2026-09-11 20:47:34.611665+09:00 [info] <0.1189.0>@supervisor:report_progress/2:1582 Supervisor: {<0.1189.0>,ranch_conns_sup_sup}. Started: id={ranch_conns_sup,93},pid=<0.1299.0>.
2026-09-11 20:47:34.618112+09:00 [info] <0.1189.0>@supervisor:report_progress/2:1582 Supervisor: {<0.1189.0>,ranch_conns_sup_sup}. Started: id={ranch_conns_sup,94},pid=<0.1300.0>.
2026-09-11 20:47:34.623590+09:00 [info] <0.1189.0>@supervisor:report_progress/2:1582 Supervisor: {<0.1189.0>,ranch_conns_sup_sup}. Started: id={ranch_conns_sup,95},pid=<0.1301.0>.
2026-09-11 20:47:34.631339+09:00 [info] <0.1189.0>@supervisor:report_progress/2:1582 Supervisor: {<0.1189.0>,ranch_conns_sup_sup}. Started: id={ranch_conns_sup,96},pid=<0.1302.0>.
2026-09-11 20:47:34.633680+09:00 [info] <0.1189.0>@supervisor:report_progress/2:1582 Supervisor: {<0.1189.0>,ranch_conns_sup_sup}. Started: id={ranch_conns_sup,97},pid=<0.1303.0>.
2026-09-11 20:47:34.641897+09:00 [info] <0.1189.0>@supervisor:report_progress/2:1582 Supervisor: {<0.1189.0>,ranch_conns_sup_sup}. Started: id={ranch_conns_sup,98},pid=<0.1304.0>.
2026-09-11 20:47:34.644782+09:00 [info] <0.1189.0>@supervisor:report_progress/2:1582 Supervisor: {<0.1189.0>,ranch_conns_sup_sup}. Started: id={ranch_conns_sup,99},pid=<0.1305.0>.
2026-09-11 20:47:34.650462+09:00 [info] <0.1189.0>@supervisor:report_progress/2:1582 Supervisor: {<0.1189.0>,ranch_conns_sup_sup}. Started: id={ranch_conns_sup,100},pid=<0.1306.0>.
2026-09-11 20:47:34.656100+09:00 [info] <0.1188.0>@supervisor:report_progress/2:1582 Supervisor: {<0.1188.0>,ranch_listener_sup}. Started: id=ranch_conns_sup_sup,pid=<0.1189.0>.
2026-09-11 20:47:34.819299+09:00 [info] <0.1307.0>@supervisor:report_progress/2:1582 Supervisor: {<0.1307.0>,ranch_acceptors_sup}. Started: id={acceptor,<0.1307.0>,1},pid=<0.1308.0>.
2026-09-11 20:47:34.834172+09:00 [info] <0.1307.0>@supervisor:report_progress/2:1582 Supervisor: {<0.1307.0>,ranch_acceptors_sup}. Started: id={acceptor,<0.1307.0>,2},pid=<0.1309.0>.
2026-09-11 20:47:34.841729+09:00 [info] <0.1307.0>@supervisor:report_progress/2:1582 Supervisor: {<0.1307.0>,ranch_acceptors_sup}. Started: id={acceptor,<0.1307.0>,3},pid=<0.1310.0>.
2026-09-11 20:47:34.856854+09:00 [info] <0.1307.0>@supervisor:report_progress/2:1582 Supervisor: {<0.1307.0>,ranch_acceptors_sup}. Started: id={acceptor,<0.1307.0>,4},pid=<0.1311.0>.
2026-09-11 20:47:34.866533+09:00 [info] <0.1307.0>@supervisor:report_progress/2:1582 Supervisor: {<0.1307.0>,ranch_acceptors_sup}. Started: id={acceptor,<0.1307.0>,5},pid=<0.1312.0>.
2026-09-11 20:47:34.892513+09:00 [info] <0.1307.0>@supervisor:report_progress/2:1582 Supervisor: {<0.1307.0>,ranch_acceptors_sup}. Started: id={acceptor,<0.1307.0>,6},pid=<0.1313.0>.
2026-09-11 20:47:34.898812+09:00 [info] <0.1307.0>@supervisor:report_progress/2:1582 Supervisor: {<0.1307.0>,ranch_acceptors_sup}. Started: id={acceptor,<0.1307.0>,7},pid=<0.1314.0>.
2026-09-11 20:47:34.917811+09:00 [info] <0.1307.0>@supervisor:report_progress/2:1582 Supervisor: {<0.1307.0>,ranch_acceptors_sup}. Started: id={acceptor,<0.1307.0>,8},pid=<0.1315.0>.
2026-09-11 20:47:34.933008+09:00 [info] <0.1307.0>@supervisor:report_progress/2:1582 Supervisor: {<0.1307.0>,ranch_acceptors_sup}. Started: id={acceptor,<0.1307.0>,9},pid=<0.1316.0>.
2026-09-11 20:47:34.935852+09:00 [info] <0.1307.0>@supervisor:report_progress/2:1582 Supervisor: {<0.1307.0>,ranch_acceptors_sup}. Started: id={acceptor,<0.1307.0>,10},pid=<0.1317.0>.
2026-09-11 20:47:34.949031+09:00 [info] <0.1307.0>@supervisor:report_progress/2:1582 Supervisor: {<0.1307.0>,ranch_acceptors_sup}. Started: id={acceptor,<0.1307.0>,11},pid=<0.1318.0>.
2026-09-11 20:47:34.964786+09:00 [info] <0.1307.0>@supervisor:report_progress/2:1582 Supervisor: {<0.1307.0>,ranch_acceptors_sup}. Started: id={acceptor,<0.1307.0>,12},pid=<0.1319.0>.
2026-09-11 20:47:34.972072+09:00 [info] <0.1307.0>@supervisor:report_progress/2:1582 Supervisor: {<0.1307.0>,ranch_acceptors_sup}. Started: id={acceptor,<0.1307.0>,13},pid=<0.1320.0>.
2026-09-11 20:47:34.982121+09:00 [info] <0.1307.0>@supervisor:report_progress/2:1582 Supervisor: {<0.1307.0>,ranch_acceptors_sup}. Started: id={acceptor,<0.1307.0>,14},pid=<0.1321.0>.
2026-09-11 20:47:34.995218+09:00 [info] <0.1307.0>@supervisor:report_progress/2:1582 Supervisor: {<0.1307.0>,ranch_acceptors_sup}. Started: id={acceptor,<0.1307.0>,15},pid=<0.1322.0>.
2026-09-11 20:47:35.007595+09:00 [info] <0.1307.0>@supervisor:report_progress/2:1582 Supervisor: {<0.1307.0>,ranch_acceptors_sup}. Started: id={acceptor,<0.1307.0>,16},pid=<0.1323.0>.
2026-09-11 20:47:35.018993+09:00 [info] <0.1307.0>@supervisor:report_progress/2:1582 Supervisor: {<0.1307.0>,ranch_acceptors_sup}. Started: id={acceptor,<0.1307.0>,17},pid=<0.1324.0>.
2026-09-11 20:47:35.028625+09:00 [info] <0.1307.0>@supervisor:report_progress/2:1582 Supervisor: {<0.1307.0>,ranch_acceptors_sup}. Started: id={acceptor,<0.1307.0>,18},pid=<0.1325.0>.
2026-09-11 20:47:35.035705+09:00 [info] <0.1307.0>@supervisor:report_progress/2:1582 Supervisor: {<0.1307.0>,ranch_acceptors_sup}. Started: id={acceptor,<0.1307.0>,19},pid=<0.1326.0>.
2026-09-11 20:47:35.051149+09:00 [info] <0.1307.0>@supervisor:report_progress/2:1582 Supervisor: {<0.1307.0>,ranch_acceptors_sup}. Started: id={acceptor,<0.1307.0>,20},pid=<0.1327.0>.
2026-09-11 20:47:35.058381+09:00 [info] <0.1307.0>@supervisor:report_progress/2:1582 Supervisor: {<0.1307.0>,ranch_acceptors_sup}. Started: id={acceptor,<0.1307.0>,21},pid=<0.1328.0>.
2026-09-11 20:47:35.067239+09:00 [info] <0.1307.0>@supervisor:report_progress/2:1582 Supervisor: {<0.1307.0>,ranch_acceptors_sup}. Started: id={acceptor,<0.1307.0>,22},pid=<0.1329.0>.
2026-09-11 20:47:35.081510+09:00 [info] <0.1307.0>@supervisor:report_progress/2:1582 Supervisor: {<0.1307.0>,ranch_acceptors_sup}. Started: id={acceptor,<0.1307.0>,23},pid=<0.1330.0>.
2026-09-11 20:47:35.093243+09:00 [info] <0.1307.0>@supervisor:report_progress/2:1582 Supervisor: {<0.1307.0>,ranch_acceptors_sup}. Started: id={acceptor,<0.1307.0>,24},pid=<0.1331.0>.
2026-09-11 20:47:35.106448+09:00 [info] <0.1307.0>@supervisor:report_progress/2:1582 Supervisor: {<0.1307.0>,ranch_acceptors_sup}. Started: id={acceptor,<0.1307.0>,25},pid=<0.1332.0>.
2026-09-11 20:47:35.112223+09:00 [info] <0.1307.0>@supervisor:report_progress/2:1582 Supervisor: {<0.1307.0>,ranch_acceptors_sup}. Started: id={acceptor,<0.1307.0>,26},pid=<0.1333.0>.
2026-09-11 20:47:35.120759+09:00 [info] <0.1307.0>@supervisor:report_progress/2:1582 Supervisor: {<0.1307.0>,ranch_acceptors_sup}. Started: id={acceptor,<0.1307.0>,27},pid=<0.1334.0>.
2026-09-11 20:47:35.142608+09:00 [info] <0.1307.0>@supervisor:report_progress/2:1582 Supervisor: {<0.1307.0>,ranch_acceptors_sup}. Started: id={acceptor,<0.1307.0>,28},pid=<0.1335.0>.
2026-09-11 20:47:35.145199+09:00 [info] <0.1307.0>@supervisor:report_progress/2:1582 Supervisor: {<0.1307.0>,ranch_acceptors_sup}. Started: id={acceptor,<0.1307.0>,29},pid=<0.1336.0>.
2026-09-11 20:47:35.154492+09:00 [info] <0.1307.0>@supervisor:report_progress/2:1582 Supervisor: {<0.1307.0>,ranch_acceptors_sup}. Started: id={acceptor,<0.1307.0>,30},pid=<0.1337.0>.
2026-09-11 20:47:35.166016+09:00 [info] <0.1307.0>@supervisor:report_progress/2:1582 Supervisor: {<0.1307.0>,ranch_acceptors_sup}. Started: id={acceptor,<0.1307.0>,31},pid=<0.1338.0>.
2026-09-11 20:47:35.180463+09:00 [info] <0.1307.0>@supervisor:report_progress/2:1582 Supervisor: {<0.1307.0>,ranch_acceptors_sup}. Started: id={acceptor,<0.1307.0>,32},pid=<0.1339.0>.
2026-09-11 20:47:35.199365+09:00 [info] <0.1307.0>@supervisor:report_progress/2:1582 Supervisor: {<0.1307.0>,ranch_acceptors_sup}. Started: id={acceptor,<0.1307.0>,33},pid=<0.1340.0>.
2026-09-11 20:47:35.208102+09:00 [info] <0.1307.0>@supervisor:report_progress/2:1582 Supervisor: {<0.1307.0>,ranch_acceptors_sup}. Started: id={acceptor,<0.1307.0>,34},pid=<0.1341.0>.
2026-09-11 20:47:35.230076+09:00 [info] <0.1307.0>@supervisor:report_progress/2:1582 Supervisor: {<0.1307.0>,ranch_acceptors_sup}. Started: id={acceptor,<0.1307.0>,35},pid=<0.1342.0>.
2026-09-11 20:47:35.237058+09:00 [info] <0.1307.0>@supervisor:report_progress/2:1582 Supervisor: {<0.1307.0>,ranch_acceptors_sup}. Started: id={acceptor,<0.1307.0>,36},pid=<0.1343.0>.
2026-09-11 20:47:35.254046+09:00 [info] <0.1307.0>@supervisor:report_progress/2:1582 Supervisor: {<0.1307.0>,ranch_acceptors_sup}. Started: id={acceptor,<0.1307.0>,37},pid=<0.1344.0>.
2026-09-11 20:47:35.272156+09:00 [info] <0.1307.0>@supervisor:report_progress/2:1582 Supervisor: {<0.1307.0>,ranch_acceptors_sup}. Started: id={acceptor,<0.1307.0>,38},pid=<0.1345.0>.
2026-09-11 20:47:35.299876+09:00 [info] <0.1307.0>@supervisor:report_progress/2:1582 Supervisor: {<0.1307.0>,ranch_acceptors_sup}. Started: id={acceptor,<0.1307.0>,39},pid=<0.1346.0>.
2026-09-11 20:47:35.330673+09:00 [info] <0.1307.0>@supervisor:report_progress/2:1582 Supervisor: {<0.1307.0>,ranch_acceptors_sup}. Started: id={acceptor,<0.1307.0>,40},pid=<0.1347.0>.
2026-09-11 20:47:35.347427+09:00 [info] <0.1307.0>@supervisor:report_progress/2:1582 Supervisor: {<0.1307.0>,ranch_acceptors_sup}. Started: id={acceptor,<0.1307.0>,41},pid=<0.1348.0>.
2026-09-11 20:47:35.370067+09:00 [info] <0.1307.0>@supervisor:report_progress/2:1582 Supervisor: {<0.1307.0>,ranch_acceptors_sup}. Started: id={acceptor,<0.1307.0>,42},pid=<0.1349.0>.
2026-09-11 20:47:35.390207+09:00 [info] <0.1307.0>@supervisor:report_progress/2:1582 Supervisor: {<0.1307.0>,ranch_acceptors_sup}. Started: id={acceptor,<0.1307.0>,43},pid=<0.1350.0>.
2026-09-11 20:47:35.410816+09:00 [info] <0.1307.0>@supervisor:report_progress/2:1582 Supervisor: {<0.1307.0>,ranch_acceptors_sup}. Started: id={acceptor,<0.1307.0>,44},pid=<0.1351.0>.
2026-09-11 20:47:35.438010+09:00 [info] <0.1307.0>@supervisor:report_progress/2:1582 Supervisor: {<0.1307.0>,ranch_acceptors_sup}. Started: id={acceptor,<0.1307.0>,45},pid=<0.1352.0>.
2026-09-11 20:47:35.451422+09:00 [info] <0.1307.0>@supervisor:report_progress/2:1582 Supervisor: {<0.1307.0>,ranch_acceptors_sup}. Started: id={acceptor,<0.1307.0>,46},pid=<0.1355.0>.
2026-09-11 20:47:35.465213+09:00 [info] <0.1307.0>@supervisor:report_progress/2:1582 Supervisor: {<0.1307.0>,ranch_acceptors_sup}. Started: id={acceptor,<0.1307.0>,47},pid=<0.1356.0>.
2026-09-11 20:47:35.471861+09:00 [info] <0.1307.0>@supervisor:report_progress/2:1582 Supervisor: {<0.1307.0>,ranch_acceptors_sup}. Started: id={acceptor,<0.1307.0>,48},pid=<0.1357.0>.
2026-09-11 20:47:35.496975+09:00 [info] <0.1307.0>@supervisor:report_progress/2:1582 Supervisor: {<0.1307.0>,ranch_acceptors_sup}. Started: id={acceptor,<0.1307.0>,49},pid=<0.1358.0>.
2026-09-11 20:47:35.501051+09:00 [info] <0.1307.0>@supervisor:report_progress/2:1582 Supervisor: {<0.1307.0>,ranch_acceptors_sup}. Started: id={acceptor,<0.1307.0>,50},pid=<0.1359.0>.
2026-09-11 20:47:35.511693+09:00 [info] <0.1307.0>@supervisor:report_progress/2:1582 Supervisor: {<0.1307.0>,ranch_acceptors_sup}. Started: id={acceptor,<0.1307.0>,51},pid=<0.1360.0>.
2026-09-11 20:47:35.519075+09:00 [info] <0.1307.0>@supervisor:report_progress/2:1582 Supervisor: {<0.1307.0>,ranch_acceptors_sup}. Started: id={acceptor,<0.1307.0>,52},pid=<0.1361.0>.
2026-09-11 20:47:35.539018+09:00 [info] <0.1307.0>@supervisor:report_progress/2:1582 Supervisor: {<0.1307.0>,ranch_acceptors_sup}. Started: id={acceptor,<0.1307.0>,53},pid=<0.1362.0>.
2026-09-11 20:47:35.555359+09:00 [info] <0.1307.0>@supervisor:report_progress/2:1582 Supervisor: {<0.1307.0>,ranch_acceptors_sup}. Started: id={acceptor,<0.1307.0>,54},pid=<0.1363.0>.
2026-09-11 20:47:35.561921+09:00 [info] <0.1307.0>@supervisor:report_progress/2:1582 Supervisor: {<0.1307.0>,ranch_acceptors_sup}. Started: id={acceptor,<0.1307.0>,55},pid=<0.1364.0>.
2026-09-11 20:47:35.578846+09:00 [info] <0.1307.0>@supervisor:report_progress/2:1582 Supervisor: {<0.1307.0>,ranch_acceptors_sup}. Started: id={acceptor,<0.1307.0>,56},pid=<0.1365.0>.
2026-09-11 20:47:35.600495+09:00 [info] <0.1307.0>@supervisor:report_progress/2:1582 Supervisor: {<0.1307.0>,ranch_acceptors_sup}. Started: id={acceptor,<0.1307.0>,57},pid=<0.1366.0>.
2026-09-11 20:47:35.614869+09:00 [info] <0.1307.0>@supervisor:report_progress/2:1582 Supervisor: {<0.1307.0>,ranch_acceptors_sup}. Started: id={acceptor,<0.1307.0>,58},pid=<0.1367.0>.
2026-09-11 20:47:35.628806+09:00 [info] <0.1307.0>@supervisor:report_progress/2:1582 Supervisor: {<0.1307.0>,ranch_acceptors_sup}. Started: id={acceptor,<0.1307.0>,59},pid=<0.1368.0>.
2026-09-11 20:47:35.636978+09:00 [info] <0.1307.0>@supervisor:report_progress/2:1582 Supervisor: {<0.1307.0>,ranch_acceptors_sup}. Started: id={acceptor,<0.1307.0>,60},pid=<0.1369.0>.
2026-09-11 20:47:35.666558+09:00 [info] <0.1307.0>@supervisor:report_progress/2:1582 Supervisor: {<0.1307.0>,ranch_acceptors_sup}. Started: id={acceptor,<0.1307.0>,61},pid=<0.1370.0>.
2026-09-11 20:47:35.684828+09:00 [info] <0.1307.0>@supervisor:report_progress/2:1582 Supervisor: {<0.1307.0>,ranch_acceptors_sup}. Started: id={acceptor,<0.1307.0>,62},pid=<0.1371.0>.
2026-09-11 20:47:35.700405+09:00 [info] <0.1307.0>@supervisor:report_progress/2:1582 Supervisor: {<0.1307.0>,ranch_acceptors_sup}. Started: id={acceptor,<0.1307.0>,63},pid=<0.1372.0>.
2026-09-11 20:47:35.711698+09:00 [info] <0.1307.0>@supervisor:report_progress/2:1582 Supervisor: {<0.1307.0>,ranch_acceptors_sup}. Started: id={acceptor,<0.1307.0>,64},pid=<0.1373.0>.
2026-09-11 20:47:35.721238+09:00 [info] <0.1307.0>@supervisor:report_progress/2:1582 Supervisor: {<0.1307.0>,ranch_acceptors_sup}. Started: id={acceptor,<0.1307.0>,65},pid=<0.1374.0>.
2026-09-11 20:47:35.732964+09:00 [info] <0.1307.0>@supervisor:report_progress/2:1582 Supervisor: {<0.1307.0>,ranch_acceptors_sup}. Started: id={acceptor,<0.1307.0>,66},pid=<0.1375.0>.
2026-09-11 20:47:35.762278+09:00 [info] <0.1307.0>@supervisor:report_progress/2:1582 Supervisor: {<0.1307.0>,ranch_acceptors_sup}. Started: id={acceptor,<0.1307.0>,67},pid=<0.1376.0>.
2026-09-11 20:47:35.783106+09:00 [info] <0.1307.0>@supervisor:report_progress/2:1582 Supervisor: {<0.1307.0>,ranch_acceptors_sup}. Started: id={acceptor,<0.1307.0>,68},pid=<0.1377.0>.
2026-09-11 20:47:35.785358+09:00 [info] <0.1307.0>@supervisor:report_progress/2:1582 Supervisor: {<0.1307.0>,ranch_acceptors_sup}. Started: id={acceptor,<0.1307.0>,69},pid=<0.1378.0>.
2026-09-11 20:47:35.805180+09:00 [info] <0.1307.0>@supervisor:report_progress/2:1582 Supervisor: {<0.1307.0>,ranch_acceptors_sup}. Started: id={acceptor,<0.1307.0>,70},pid=<0.1380.0>.
2026-09-11 20:47:35.824973+09:00 [info] <0.1307.0>@supervisor:report_progress/2:1582 Supervisor: {<0.1307.0>,ranch_acceptors_sup}. Started: id={acceptor,<0.1307.0>,71},pid=<0.1381.0>.
2026-09-11 20:47:35.849564+09:00 [info] <0.1307.0>@supervisor:report_progress/2:1582 Supervisor: {<0.1307.0>,ranch_acceptors_sup}. Started: id={acceptor,<0.1307.0>,72},pid=<0.1382.0>.
2026-09-11 20:47:35.873585+09:00 [info] <0.1307.0>@supervisor:report_progress/2:1582 Supervisor: {<0.1307.0>,ranch_acceptors_sup}. Started: id={acceptor,<0.1307.0>,73},pid=<0.1383.0>.
2026-09-11 20:47:35.884331+09:00 [info] <0.1307.0>@supervisor:report_progress/2:1582 Supervisor: {<0.1307.0>,ranch_acceptors_sup}. Started: id={acceptor,<0.1307.0>,74},pid=<0.1384.0>.
2026-09-11 20:47:35.902335+09:00 [info] <0.1307.0>@supervisor:report_progress/2:1582 Supervisor: {<0.1307.0>,ranch_acceptors_sup}. Started: id={acceptor,<0.1307.0>,75},pid=<0.1385.0>.
2026-09-11 20:47:35.909481+09:00 [info] <0.1307.0>@supervisor:report_progress/2:1582 Supervisor: {<0.1307.0>,ranch_acceptors_sup}. Started: id={acceptor,<0.1307.0>,76},pid=<0.1386.0>.
2026-09-11 20:47:35.917114+09:00 [info] <0.1307.0>@supervisor:report_progress/2:1582 Supervisor: {<0.1307.0>,ranch_acceptors_sup}. Started: id={acceptor,<0.1307.0>,77},pid=<0.1387.0>.
2026-09-11 20:47:35.939029+09:00 [info] <0.1307.0>@supervisor:report_progress/2:1582 Supervisor: {<0.1307.0>,ranch_acceptors_sup}. Started: id={acceptor,<0.1307.0>,78},pid=<0.1388.0>.
2026-09-11 20:47:35.961777+09:00 [info] <0.1307.0>@supervisor:report_progress/2:1582 Supervisor: {<0.1307.0>,ranch_acceptors_sup}. Started: id={acceptor,<0.1307.0>,79},pid=<0.1389.0>.
2026-09-11 20:47:35.977102+09:00 [info] <0.1307.0>@supervisor:report_progress/2:1582 Supervisor: {<0.1307.0>,ranch_acceptors_sup}. Started: id={acceptor,<0.1307.0>,80},pid=<0.1390.0>.
2026-09-11 20:47:35.987709+09:00 [info] <0.1307.0>@supervisor:report_progress/2:1582 Supervisor: {<0.1307.0>,ranch_acceptors_sup}. Started: id={acceptor,<0.1307.0>,81},pid=<0.1391.0>.
2026-09-11 20:47:35.998503+09:00 [info] <0.1307.0>@supervisor:report_progress/2:1582 Supervisor: {<0.1307.0>,ranch_acceptors_sup}. Started: id={acceptor,<0.1307.0>,82},pid=<0.1392.0>.
2026-09-11 20:47:36.012147+09:00 [info] <0.1307.0>@supervisor:report_progress/2:1582 Supervisor: {<0.1307.0>,ranch_acceptors_sup}. Started: id={acceptor,<0.1307.0>,83},pid=<0.1393.0>.
2026-09-11 20:47:36.014337+09:00 [info] <0.1307.0>@supervisor:report_progress/2:1582 Supervisor: {<0.1307.0>,ranch_acceptors_sup}. Started: id={acceptor,<0.1307.0>,84},pid=<0.1394.0>.
2026-09-11 20:47:36.028715+09:00 [info] <0.1307.0>@supervisor:report_progress/2:1582 Supervisor: {<0.1307.0>,ranch_acceptors_sup}. Started: id={acceptor,<0.1307.0>,85},pid=<0.1395.0>.
2026-09-11 20:47:36.044374+09:00 [info] <0.1307.0>@supervisor:report_progress/2:1582 Supervisor: {<0.1307.0>,ranch_acceptors_sup}. Started: id={acceptor,<0.1307.0>,86},pid=<0.1396.0>.
2026-09-11 20:47:36.070756+09:00 [info] <0.1307.0>@supervisor:report_progress/2:1582 Supervisor: {<0.1307.0>,ranch_acceptors_sup}. Started: id={acceptor,<0.1307.0>,87},pid=<0.1397.0>.
2026-09-11 20:47:36.087186+09:00 [info] <0.1307.0>@supervisor:report_progress/2:1582 Supervisor: {<0.1307.0>,ranch_acceptors_sup}. Started: id={acceptor,<0.1307.0>,88},pid=<0.1398.0>.
2026-09-11 20:47:36.095733+09:00 [info] <0.1307.0>@supervisor:report_progress/2:1582 Supervisor: {<0.1307.0>,ranch_acceptors_sup}. Started: id={acceptor,<0.1307.0>,89},pid=<0.1399.0>.
2026-09-11 20:47:36.107544+09:00 [info] <0.1307.0>@supervisor:report_progress/2:1582 Supervisor: {<0.1307.0>,ranch_acceptors_sup}. Started: id={acceptor,<0.1307.0>,90},pid=<0.1400.0>.
2026-09-11 20:47:36.114126+09:00 [info] <0.1307.0>@supervisor:report_progress/2:1582 Supervisor: {<0.1307.0>,ranch_acceptors_sup}. Started: id={acceptor,<0.1307.0>,91},pid=<0.1401.0>.
2026-09-11 20:47:36.121811+09:00 [info] <0.1307.0>@supervisor:report_progress/2:1582 Supervisor: {<0.1307.0>,ranch_acceptors_sup}. Started: id={acceptor,<0.1307.0>,92},pid=<0.1402.0>.
2026-09-11 20:47:36.136733+09:00 [info] <0.1307.0>@supervisor:report_progress/2:1582 Supervisor: {<0.1307.0>,ranch_acceptors_sup}. Started: id={acceptor,<0.1307.0>,93},pid=<0.1403.0>.
2026-09-11 20:47:36.152950+09:00 [info] <0.1307.0>@supervisor:report_progress/2:1582 Supervisor: {<0.1307.0>,ranch_acceptors_sup}. Started: id={acceptor,<0.1307.0>,94},pid=<0.1404.0>.
2026-09-11 20:47:36.162055+09:00 [info] <0.1307.0>@supervisor:report_progress/2:1582 Supervisor: {<0.1307.0>,ranch_acceptors_sup}. Started: id={acceptor,<0.1307.0>,95},pid=<0.1405.0>.
2026-09-11 20:47:36.185491+09:00 [info] <0.1307.0>@supervisor:report_progress/2:1582 Supervisor: {<0.1307.0>,ranch_acceptors_sup}. Started: id={acceptor,<0.1307.0>,96},pid=<0.1406.0>.
2026-09-11 20:47:36.200766+09:00 [info] <0.1307.0>@supervisor:report_progress/2:1582 Supervisor: {<0.1307.0>,ranch_acceptors_sup}. Started: id={acceptor,<0.1307.0>,97},pid=<0.1407.0>.
2026-09-11 20:47:36.211645+09:00 [info] <0.1307.0>@supervisor:report_progress/2:1582 Supervisor: {<0.1307.0>,ranch_acceptors_sup}. Started: id={acceptor,<0.1307.0>,98},pid=<0.1408.0>.
2026-09-11 20:47:36.227511+09:00 [info] <0.1307.0>@supervisor:report_progress/2:1582 Supervisor: {<0.1307.0>,ranch_acceptors_sup}. Started: id={acceptor,<0.1307.0>,99},pid=<0.1409.0>.
2026-09-11 20:47:36.236687+09:00 [info] <0.1307.0>@supervisor:report_progress/2:1582 Supervisor: {<0.1307.0>,ranch_acceptors_sup}. Started: id={acceptor,<0.1307.0>,100},pid=<0.1410.0>.
2026-09-11 20:47:36.249802+09:00 [info] <0.1188.0>@supervisor:report_progress/2:1582 Supervisor: {<0.1188.0>,ranch_listener_sup}. Started: id=ranch_acceptors_sup,pid=<0.1307.0>.
2026-09-11 20:47:36.251118+09:00 [info] <0.787.0>@supervisor:report_progress/2:1582 Supervisor: {local,ranch_sup}. Started: id={ranch_listener_sup,{[49,50,55,46,48,46,48,46,49],9080}},pid=<0.1188.0>.
2026-09-11 20:47:36.264645+09:00 [info] <0.1185.0>@riak_core_service_mgr:start_dispatcher/3:524 Service manager: listening on 127.0.0.1:9080
2026-09-11 20:47:36.266012+09:00 [info] <0.1168.0>@supervisor:report_progress/2:1582 Supervisor: {local,riak_core_cluster_mgr_sup}. Started: id=riak_core_service_mgr,pid=<0.1185.0>.
2026-09-11 20:47:36.693621+09:00 [info] <0.1168.0>@supervisor:report_progress/2:1582 Supervisor: {local,riak_core_cluster_mgr_sup}. Started: id=riak_core_connection_mgr,pid=<0.1427.0>.
2026-09-11 20:47:36.776753+09:00 [info] <0.1168.0>@supervisor:report_progress/2:1582 Supervisor: {local,riak_core_cluster_mgr_sup}. Started: id=riak_core_cluster_conn_sup,pid=<0.1428.0>.
2026-09-11 20:47:37.206657+09:00 [info] <0.1429.0>@riak_core_cluster_mgr:become_leader/2:706 ClusterManager: 'openriak-kv@node-05.cluster-a.openriak' becoming the leader
2026-09-11 20:47:37.204585+09:00 [info] <0.999.0>@leveled_monitor:handle_cast/2:515 log_ref=b0018 db_id=6 Positive HEAD responses timed with sample_count=0 and cache_count=0 found_count=0 fetch_ledger_time=0 fetch_ledgercache_time=0 rsp_time=0 notfound_time=0 with sample_period=8 seconds
2026-09-11 20:47:37.225630+09:00 [info] <0.1168.0>@supervisor:report_progress/2:1582 Supervisor: {local,riak_core_cluster_mgr_sup}. Started: id=riak_repl_cluster_mgr,pid=<0.1429.0>.
2026-09-11 20:47:37.441614+09:00 [info] <0.1430.0>@riak_core_tcp_mon:init/1:167 Starting TCP Monitor
2026-09-11 20:47:37.452188+09:00 [info] <0.1168.0>@supervisor:report_progress/2:1582 Supervisor: {local,riak_core_cluster_mgr_sup}. Started: id=riak_core_tcp_mon,pid=<0.1430.0>.
2026-09-11 20:47:37.465839+09:00 [info] <0.1160.0>@supervisor:report_progress/2:1582 Supervisor: {local,riak_repl_sup}. Started: id=riak_core_cluster_mgr_sup,pid=<0.1168.0>.
2026-09-11 20:47:37.604383+09:00 [info] <0.1160.0>@supervisor:report_progress/2:1582 Supervisor: {local,riak_repl_sup}. Started: id=riak_repl2_fs_node_reserver,pid=<0.1431.0>.
2026-09-11 20:47:38.004017+09:00 [info] <0.1433.0>@supervisor:report_progress/2:1582 Supervisor: {local,riak_repl2_rtsource_sup}. Started: id=riak_repl2_rtq,pid=<0.1434.0>.
2026-09-11 20:47:38.075048+09:00 [info] <0.1433.0>@supervisor:report_progress/2:1582 Supervisor: {local,riak_repl2_rtsource_sup}. Started: id=riak_repl2_rtq_overload_counter,pid=<0.1435.0>.
2026-09-11 20:47:38.353852+09:00 [info] <0.1433.0>@supervisor:report_progress/2:1582 Supervisor: {local,riak_repl2_rtsource_sup}. Started: id=riak_repl2_rtsource_conn_sup,pid=<0.1436.0>.
2026-09-11 20:47:38.378254+09:00 [info] <0.1432.0>@supervisor:report_progress/2:1582 Supervisor: {local,riak_repl2_rt_sup}. Started: id=riak_repl2_rtsource_sup,pid=<0.1433.0>.
2026-09-11 20:47:38.619933+09:00 [info] <0.1443.0>@supervisor:report_progress/2:1582 Supervisor: {local,riak_repl2_rtsink_sup}. Started: id=riak_repl2_rtsink_pool,pid=<0.1444.0>.
2026-09-11 20:47:38.709409+09:00 [info] <0.1443.0>@supervisor:report_progress/2:1582 Supervisor: {local,riak_repl2_rtsink_sup}. Started: id=riak_repl2_rtsink_conn_sup,pid=<0.1461.0>.
2026-09-11 20:47:38.723283+09:00 [info] <0.1432.0>@supervisor:report_progress/2:1582 Supervisor: {local,riak_repl2_rt_sup}. Started: id=riak_repl2_rtsink_sup,pid=<0.1443.0>.
2026-09-11 20:47:38.724932+09:00 [info] <0.1432.0>@supervisor:report_progress/2:1582 Supervisor: {local,riak_repl2_rt_sup}. Started: id=riak_repl2_rt,pid=<0.1462.0>.
2026-09-11 20:47:38.741121+09:00 [info] <0.1160.0>@supervisor:report_progress/2:1582 Supervisor: {local,riak_repl_sup}. Started: id=riak_repl2_rt_sup,pid=<0.1432.0>.
2026-09-11 20:47:38.813731+09:00 [info] <0.1160.0>@supervisor:report_progress/2:1582 Supervisor: {local,riak_repl_sup}. Started: id=riak_repl2_fscoordinator_sup,pid=<0.1463.0>.
2026-09-11 20:47:38.926782+09:00 [info] <0.1160.0>@supervisor:report_progress/2:1582 Supervisor: {local,riak_repl_sup}. Started: id=riak_repl2_fscoordinator_serv_sup,pid=<0.1465.0>.
2026-09-11 20:47:38.999592+09:00 [info] <0.1160.0>@supervisor:report_progress/2:1582 Supervisor: {local,riak_repl_sup}. Started: id=riak_repl2_fssource_sup,pid=<0.1466.0>.
2026-09-11 20:47:39.111411+09:00 [info] <0.1160.0>@supervisor:report_progress/2:1582 Supervisor: {local,riak_repl_sup}. Started: id=riak_repl2_fssink_pool,pid=<0.1467.0>.
2026-09-11 20:47:39.212296+09:00 [info] <0.1160.0>@supervisor:report_progress/2:1582 Supervisor: {local,riak_repl_sup}. Started: id=riak_repl2_fssink_sup,pid=<0.1474.0>.
2026-09-11 20:47:39.298960+09:00 [info] <0.1160.0>@supervisor:report_progress/2:1582 Supervisor: {local,riak_repl_sup}. Started: id=riak_repl2_pg_proxy_sup,pid=<0.1475.0>.
2026-09-11 20:47:39.571106+09:00 [info] <0.1476.0>@supervisor:report_progress/2:1582 Supervisor: {local,riak_repl2_pg_sup}. Started: id=riak_repl2_pg_block_provider_sup,pid=<0.1477.0>.
2026-09-11 20:47:39.647487+09:00 [info] <0.1476.0>@supervisor:report_progress/2:1582 Supervisor: {local,riak_repl2_pg_sup}. Started: id=riak_repl2_pg_block_requester_sup,pid=<0.1478.0>.
2026-09-11 20:47:39.664052+09:00 [info] <0.1476.0>@supervisor:report_progress/2:1582 Supervisor: {local,riak_repl2_pg_sup}. Started: id=riak_repl2_pg,pid=<0.1479.0>.
2026-09-11 20:47:39.673093+09:00 [info] <0.1160.0>@supervisor:report_progress/2:1582 Supervisor: {local,riak_repl_sup}. Started: id=riak_repl2_pg_sup,pid=<0.1476.0>.
2026-09-11 20:47:40.155632+09:00 [info] <0.253.0>@supervisor:report_progress/2:1582 Supervisor: {local,riak_core_stats_sup}. Started: id=riak_core_connection_mgr_stats,pid=<0.1480.0>.
2026-09-11 20:47:40.799009+09:00 [info] <0.253.0>@supervisor:report_progress/2:1582 Supervisor: {local,riak_core_stats_sup}. Started: id=riak_repl_stats,pid=<0.1494.0>.
2026-09-11 20:47:41.015694+09:00 [info] <0.216.0>@supervisor:report_progress/2:1582 Supervisor: {local,riak_core_eventhandler_sup}. Started: id={riak_core_ring_events,riak_repl_ring_handler},pid=<0.1501.0>.
2026-09-11 20:47:41.870717+09:00 [info] <0.44.0>@application_controller:info_started/2:2130 Application: riak_repl. Started at: 'openriak-kv@node-05.cluster-a.openriak'.
2026-09-11 20:47:41.885750+09:00 [info] <0.44.0>@application_controller:info_started/2:2130 Application: canola. Started at: 'openriak-kv@node-05.cluster-a.openriak'.
2026-09-11 20:47:42.199222+09:00 [info] <0.44.0>@application_controller:info_started/2:2130 Application: riak_auth_mods. Started at: 'openriak-kv@node-05.cluster-a.openriak'.
2026-09-11 20:47:42.215652+09:00 [info] <0.44.0>@application_controller:info_started/2:2130 Application: riak_logger. Started at: 'openriak-kv@node-05.cluster-a.openriak'.
2026-09-11 20:47:45.429466+09:00 [info] <0.854.0>@leveled_monitor:handle_cast/2:580 log_ref=p0032 db_id=0 Fetch head timing with sample_count=0 and level timings of foundmem_time=0 found0_time=0 found1_time=0 found2_time=0 found3_time=0 foundlower_time=0 missed_time=0 with counts of foundmem_count=0 found0_count=0 found1_count=0 found2_count=0 found3_count=0 foundlower_count=0 missed_count=0 with sample_period=25 seconds
2026-09-11 20:47:55.615965+09:00 [info] <0.990.0>@leveled_monitor:handle_cast/2:494 log_ref=b0016 db_id=5 Get timing with sample_count=0 and head_time=0 body_time=0 with fetch_count=0 with sample_period=26 seconds
2026-09-11 20:48:02.764772+09:00 [info] <0.480.0>@riak_kv_ttaaefs_manager:handle_info/2:648 Initiated Tictac AAE Full-Sync Mgr with scope=disabled
2026-09-11 20:48:02.767288+09:00 [info] <0.480.0>@riak_kv_ttaaefs_manager:handle_info/2:668 Initiating schedule at startup SlotInfo {1,1,1} Schedule [{no_check,24},{all_check,0},{day_check,0},{hour_check,0},{range_check,0},{auto_check,0}]
2026-09-11 20:48:02.821682+09:00 [info] <0.480.0>@riak_kv_ttaaefs_manager:handle_info/2:686 Scheduling work_item=no_check in 754 seconds 23 items to run in schedule
2026-09-11 20:48:03.365695+09:00 [info] <0.482.0>@riak_kv_replrtq_src:handle_info/2:646 QueueName=q1_ttaaefs has queue sizes p1=0 p2=0 p3=0
2026-09-11 20:48:04.224380+09:00 [info] <0.492.0>@riak_kv_overflow_queue:log/5:129 riak_kv_reaper job_id=0 has attempts=0 aborts=0 Queue lengths queue_p2=0 queue_p1=0 Overflow lengths overflow_p2=0 overflow_p1=0 Discard counts discard_p2=0 discard_p1=0
2026-09-11 20:48:04.397991+09:00 [info] <0.503.0>@riak_kv_overflow_queue:log/5:129 riak_kv_eraser job_id=0 has attempts=0 aborts=0 Queue lengths queue_p2=0 queue_p1=0 Overflow lengths overflow_p2=0 overflow_p1=0 Discard counts discard_p2=0 discard_p1=0
2026-09-11 20:48:04.490054+09:00 [info] <0.504.0>@riak_kv_overflow_queue:log/5:129 riak_kv_reader job_id=0 has attempts=0 aborts=0 Queue lengths queue_p2=0 queue_p1=0 Overflow lengths overflow_p2=0 overflow_p1=0 Discard counts discard_p2=0 discard_p1=0
2026-09-11 20:48:04.500865+09:00 [info] <0.994.0>@leveled_monitor:handle_cast/2:515 log_ref=b0018 db_id=3 Positive HEAD responses timed with sample_count=0 and cache_count=0 found_count=0 fetch_ledger_time=0 fetch_ledgercache_time=0 rsp_time=0 notfound_time=0 with sample_period=35 seconds
2026-09-11 20:48:05.042250+09:00 [info] <0.1001.0>@leveled_monitor:handle_cast/2:625 log_ref=cdb19 db_id=7 Sample timings in microseconds for sample_count=0 with totals of cycle_count=0 index_time=0 read_time=0 with sample_period=36 seconds
2026-09-11 20:48:07.185427+09:00 [info] <0.999.0>@leveled_monitor:handle_cast/2:494 log_ref=b0016 db_id=6 Get timing with sample_count=0 and head_time=0 body_time=0 with fetch_count=0 with sample_period=38 seconds
2026-09-11 20:48:10.601702+09:00 [info] <0.710.0>@riak_core_worker_pool:handle_info/3:257 worker_pool=af1_pool has qlen=0 and no items checked out
2026-09-11 20:48:10.758618+09:00 [info] <0.731.0>@riak_core_worker_pool:handle_info/3:257 worker_pool=af2_pool has qlen=0 and no items checked out
2026-09-11 20:48:10.816465+09:00 [info] <0.735.0>@riak_core_worker_pool:handle_info/3:257 worker_pool=af3_pool has qlen=0 and no items checked out
2026-09-11 20:48:10.870646+09:00 [info] <0.742.0>@riak_core_worker_pool:handle_info/3:257 worker_pool=af4_pool has qlen=0 and no items checked out
2026-09-11 20:48:10.885127+09:00 [info] <0.746.0>@riak_core_worker_pool:handle_info/3:257 worker_pool=be_pool has qlen=0 and no items checked out
2026-09-11 20:48:13.213377+09:00 [info] <0.992.0>@leveled_monitor:handle_cast/2:515 log_ref=b0018 db_id=4 Positive HEAD responses timed with sample_count=0 and cache_count=0 found_count=0 fetch_ledger_time=0 fetch_ledgercache_time=0 rsp_time=0 notfound_time=0 with sample_period=44 seconds
2026-09-11 20:48:25.611877+09:00 [info] <0.990.0>@leveled_monitor:handle_cast/2:625 log_ref=cdb19 db_id=5 Sample timings in microseconds for sample_count=0 with totals of cycle_count=0 index_time=0 read_time=0 with sample_period=56 seconds
2026-09-11 20:48:33.385131+09:00 [info] <0.482.0>@riak_kv_replrtq_src:handle_info/2:646 QueueName=q1_ttaaefs has queue sizes p1=0 p2=0 p3=0
2026-09-11 20:48:34.503622+09:00 [info] <0.994.0>@leveled_monitor:handle_cast/2:534 log_ref=b0015 db_id=3 Put timing with sample_count=0 ink_time=0 prep_time=0 mem_time=0 with total_object_size=0 with sample_period=65 seconds
2026-09-11 20:48:35.051144+09:00 [info] <0.1001.0>@leveled_monitor:handle_cast/2:580 log_ref=p0032 db_id=7 Fetch head timing with sample_count=0 and level timings of foundmem_time=0 found0_time=0 found1_time=0 found2_time=0 found3_time=0 foundlower_time=0 missed_time=0 with counts of foundmem_count=0 found0_count=0 found1_count=0 found2_count=0 found3_count=0 foundlower_count=0 missed_count=0 with sample_period=66 seconds
2026-09-11 20:48:37.186327+09:00 [info] <0.999.0>@leveled_monitor:handle_cast/2:534 log_ref=b0015 db_id=6 Put timing with sample_count=0 ink_time=0 prep_time=0 mem_time=0 with total_object_size=0 with sample_period=68 seconds
2026-09-11 20:48:37.444540+09:00 [info] <0.1004.0>@leveled_monitor:handle_cast/2:625 log_ref=cdb19 db_id=2 Sample timings in microseconds for sample_count=0 with totals of cycle_count=0 index_time=0 read_time=0 with sample_period=68 seconds
2026-09-11 20:48:43.214204+09:00 [info] <0.992.0>@leveled_monitor:handle_cast/2:534 log_ref=b0015 db_id=4 Put timing with sample_count=0 ink_time=0 prep_time=0 mem_time=0 with total_object_size=0 with sample_period=74 seconds
2026-09-11 20:48:43.884082+09:00 [info] <0.996.0>@leveled_monitor:handle_cast/2:534 log_ref=b0015 db_id=1 Put timing with sample_count=0 ink_time=0 prep_time=0 mem_time=0 with total_object_size=0 with sample_period=75 seconds
2026-09-11 20:48:45.436848+09:00 [info] <0.854.0>@leveled_monitor:handle_cast/2:515 log_ref=b0018 db_id=0 Positive HEAD responses timed with sample_count=0 and cache_count=0 found_count=0 fetch_ledger_time=0 fetch_ledgercache_time=0 rsp_time=0 notfound_time=0 with sample_period=85 seconds
2026-09-11 20:48:55.618039+09:00 [info] <0.990.0>@leveled_monitor:handle_cast/2:551 log_ref=b0017 db_id=5 Snapshot timing with sample_count=0 and bookie_time=0 pcl_time=0 with sample_period=86 seconds
2026-09-11 20:49:03.393807+09:00 [info] <0.482.0>@riak_kv_replrtq_src:handle_info/2:646 QueueName=q1_ttaaefs has queue sizes p1=0 p2=0 p3=0
2026-09-11 20:49:04.251255+09:00 [info] <0.492.0>@riak_kv_overflow_queue:log/5:129 riak_kv_reaper job_id=0 has attempts=0 aborts=0 Queue lengths queue_p2=0 queue_p1=0 Overflow lengths overflow_p2=0 overflow_p1=0 Discard counts discard_p2=0 discard_p1=0
2026-09-11 20:49:04.413503+09:00 [info] <0.503.0>@riak_kv_overflow_queue:log/5:129 riak_kv_eraser job_id=0 has attempts=0 aborts=0 Queue lengths queue_p2=0 queue_p1=0 Overflow lengths overflow_p2=0 overflow_p1=0 Discard counts discard_p2=0 discard_p1=0
2026-09-11 20:49:04.501943+09:00 [info] <0.504.0>@riak_kv_overflow_queue:log/5:129 riak_kv_reader job_id=0 has attempts=0 aborts=0 Queue lengths queue_p2=0 queue_p1=0 Overflow lengths overflow_p2=0 overflow_p1=0 Discard counts discard_p2=0 discard_p1=0
2026-09-11 20:49:04.504031+09:00 [info] <0.994.0>@leveled_monitor:handle_cast/2:551 log_ref=b0017 db_id=3 Snapshot timing with sample_count=1 and bookie_time=143 pcl_time=928 with sample_period=95 seconds
2026-09-11 20:49:05.053888+09:00 [info] <0.1001.0>@leveled_monitor:handle_cast/2:551 log_ref=b0017 db_id=7 Snapshot timing with sample_count=0 and bookie_time=0 pcl_time=0 with sample_period=96 seconds
2026-09-11 20:49:05.632667+09:00 [info] <0.731.0>@riak_core_worker_pool:handle_info/3:257 worker_pool=af2_pool has qlen=0 and no items checked out
2026-09-11 20:49:05.895724+09:00 [info] <0.742.0>@riak_core_worker_pool:handle_info/3:257 worker_pool=af4_pool has qlen=0 and no items checked out
2026-09-11 20:49:06.449256+09:00 [info] <0.710.0>@riak_core_worker_pool:handle_info/3:257 worker_pool=af1_pool has qlen=0 and no items checked out
2026-09-11 20:49:07.195825+09:00 [info] <0.999.0>@leveled_monitor:handle_cast/2:551 log_ref=b0017 db_id=6 Snapshot timing with sample_count=0 and bookie_time=0 pcl_time=0 with sample_period=98 seconds
2026-09-11 20:49:07.445350+09:00 [info] <0.1004.0>@leveled_monitor:handle_cast/2:551 log_ref=b0017 db_id=2 Snapshot timing with sample_count=0 and bookie_time=0 pcl_time=0 with sample_period=98 seconds
2026-09-11 20:49:09.308493+09:00 [info] <0.735.0>@riak_core_worker_pool:handle_info/3:257 worker_pool=af3_pool has qlen=0 and no items checked out
2026-09-11 20:49:09.633740+09:00 [info] <0.746.0>@riak_core_worker_pool:handle_info/3:257 worker_pool=be_pool has qlen=0 and no items checked out
2026-09-11 20:49:13.218376+09:00 [info] <0.992.0>@leveled_monitor:handle_cast/2:551 log_ref=b0017 db_id=4 Snapshot timing with sample_count=0 and bookie_time=0 pcl_time=0 with sample_period=104 seconds
2026-09-11 20:49:13.885999+09:00 [info] <0.996.0>@leveled_monitor:handle_cast/2:580 log_ref=p0032 db_id=1 Fetch head timing with sample_count=0 and level timings of foundmem_time=0 found0_time=0 found1_time=0 found2_time=0 found3_time=0 foundlower_time=0 missed_time=0 with counts of foundmem_count=0 found0_count=0 found1_count=0 found2_count=0 found3_count=0 foundlower_count=0 missed_count=0 with sample_period=105 seconds
2026-09-11 20:49:15.443151+09:00 [info] <0.854.0>@leveled_monitor:handle_cast/2:494 log_ref=b0016 db_id=0 Get timing with sample_count=0 and head_time=0 body_time=0 with fetch_count=0 with sample_period=115 seconds
2026-09-11 20:49:25.614348+09:00 [info] <0.990.0>@leveled_monitor:handle_cast/2:580 log_ref=p0032 db_id=5 Fetch head timing with sample_count=0 and level timings of foundmem_time=0 found0_time=0 found1_time=0 found2_time=0 found3_time=0 foundlower_time=0 missed_time=0 with counts of foundmem_count=0 found0_count=0 found1_count=0 found2_count=0 found3_count=0 foundlower_count=0 missed_count=0 with sample_period=116 seconds
2026-09-11 20:49:33.401598+09:00 [info] <0.482.0>@riak_kv_replrtq_src:handle_info/2:646 QueueName=q1_ttaaefs has queue sizes p1=0 p2=0 p3=0
2026-09-11 20:49:34.509832+09:00 [info] <0.994.0>@leveled_monitor:handle_cast/2:494 log_ref=b0016 db_id=3 Get timing with sample_count=0 and head_time=0 body_time=0 with fetch_count=0 with sample_period=125 seconds
2026-09-11 20:49:35.054204+09:00 [info] <0.1001.0>@leveled_monitor:handle_cast/2:534 log_ref=b0015 db_id=7 Put timing with sample_count=0 ink_time=0 prep_time=0 mem_time=0 with total_object_size=0 with sample_period=126 seconds
2026-09-11 20:49:37.201842+09:00 [info] <0.999.0>@leveled_monitor:handle_cast/2:625 log_ref=cdb19 db_id=6 Sample timings in microseconds for sample_count=0 with totals of cycle_count=0 index_time=0 read_time=0 with sample_period=128 seconds
2026-09-11 20:49:37.448020+09:00 [info] <0.1004.0>@leveled_monitor:handle_cast/2:494 log_ref=b0016 db_id=2 Get timing with sample_count=0 and head_time=0 body_time=0 with fetch_count=0 with sample_period=128 seconds
2026-09-11 20:49:43.228851+09:00 [info] <0.992.0>@leveled_monitor:handle_cast/2:494 log_ref=b0016 db_id=4 Get timing with sample_count=0 and head_time=0 body_time=0 with fetch_count=0 with sample_period=134 seconds
2026-09-11 20:49:43.886176+09:00 [info] <0.996.0>@leveled_monitor:handle_cast/2:494 log_ref=b0016 db_id=1 Get timing with sample_count=0 and head_time=0 body_time=0 with fetch_count=0 with sample_period=135 seconds
2026-09-11 20:49:45.445540+09:00 [info] <0.854.0>@leveled_monitor:handle_cast/2:534 log_ref=b0015 db_id=0 Put timing with sample_count=0 ink_time=0 prep_time=0 mem_time=0 with total_object_size=0 with sample_period=145 seconds
2026-09-11 20:50:01.848189+09:00 [info] <0.731.0>@riak_core_worker_pool:handle_info/3:257 worker_pool=af2_pool has qlen=0 and no items checked out
2026-09-11 20:50:03.409726+09:00 [info] <0.482.0>@riak_kv_replrtq_src:handle_info/2:646 QueueName=q1_ttaaefs has queue sizes p1=0 p2=0 p3=0
2026-09-11 20:50:04.258239+09:00 [info] <0.492.0>@riak_kv_overflow_queue:log/5:129 riak_kv_reaper job_id=0 has attempts=0 aborts=0 Queue lengths queue_p2=0 queue_p1=0 Overflow lengths overflow_p2=0 overflow_p1=0 Discard counts discard_p2=0 discard_p1=0
2026-09-11 20:50:04.343834+09:00 [info] <0.742.0>@riak_core_worker_pool:handle_info/3:257 worker_pool=af4_pool has qlen=0 and no items checked out
2026-09-11 20:50:04.418221+09:00 [info] <0.503.0>@riak_kv_overflow_queue:log/5:129 riak_kv_eraser job_id=0 has attempts=0 aborts=0 Queue lengths queue_p2=0 queue_p1=0 Overflow lengths overflow_p2=0 overflow_p1=0 Discard counts discard_p2=0 discard_p1=0
2026-09-11 20:50:04.479743+09:00 [info] <0.710.0>@riak_core_worker_pool:handle_info/3:257 worker_pool=af1_pool has qlen=0 and no items checked out
2026-09-11 20:50:04.505195+09:00 [info] <0.504.0>@riak_kv_overflow_queue:log/5:129 riak_kv_reader job_id=0 has attempts=0 aborts=0 Queue lengths queue_p2=0 queue_p1=0 Overflow lengths overflow_p2=0 overflow_p1=0 Discard counts discard_p2=0 discard_p1=0
2026-09-11 20:50:05.063724+09:00 [info] <0.1001.0>@leveled_monitor:handle_cast/2:494 log_ref=b0016 db_id=7 Get timing with sample_count=0 and head_time=0 body_time=0 with fetch_count=0 with sample_period=156 seconds
2026-09-11 20:50:06.988543+09:00 [info] <0.746.0>@riak_core_worker_pool:handle_info/3:257 worker_pool=be_pool has qlen=0 and no items checked out
2026-09-11 20:50:07.450801+09:00 [info] <0.1004.0>@leveled_monitor:handle_cast/2:515 log_ref=b0018 db_id=2 Positive HEAD responses timed with sample_count=0 and cache_count=0 found_count=0 fetch_ledger_time=0 fetch_ledgercache_time=0 rsp_time=0 notfound_time=0 with sample_period=158 seconds
2026-09-11 20:50:08.844451+09:00 [info] <0.735.0>@riak_core_worker_pool:handle_info/3:257 worker_pool=af3_pool has qlen=0 and no items checked out
2026-09-11 20:50:13.229250+09:00 [info] <0.992.0>@leveled_monitor:handle_cast/2:580 log_ref=p0032 db_id=4 Fetch head timing with sample_count=0 and level timings of foundmem_time=0 found0_time=0 found1_time=0 found2_time=0 found3_time=0 foundlower_time=0 missed_time=0 with counts of foundmem_count=0 found0_count=0 found1_count=0 found2_count=0 found3_count=0 foundlower_count=0 missed_count=0 with sample_period=164 seconds
2026-09-11 20:50:13.888786+09:00 [info] <0.996.0>@leveled_monitor:handle_cast/2:515 log_ref=b0018 db_id=1 Positive HEAD responses timed with sample_count=0 and cache_count=0 found_count=0 fetch_ledger_time=0 fetch_ledgercache_time=0 rsp_time=0 notfound_time=0 with sample_period=165 seconds
2026-09-11 20:50:15.468314+09:00 [info] <0.854.0>@leveled_monitor:handle_cast/2:625 log_ref=cdb19 db_id=0 Sample timings in microseconds for sample_count=0 with totals of cycle_count=0 index_time=0 read_time=0 with sample_period=175 seconds
2026-09-11 20:50:25.624612+09:00 [info] <0.990.0>@leveled_monitor:handle_cast/2:534 log_ref=b0015 db_id=5 Put timing with sample_count=0 ink_time=0 prep_time=0 mem_time=0 with total_object_size=0 with sample_period=176 seconds
2026-09-11 20:50:33.415258+09:00 [info] <0.482.0>@riak_kv_replrtq_src:handle_info/2:646 QueueName=q1_ttaaefs has queue sizes p1=0 p2=0 p3=0
2026-09-11 20:50:34.520863+09:00 [info] <0.994.0>@leveled_monitor:handle_cast/2:580 log_ref=p0032 db_id=3 Fetch head timing with sample_count=0 and level timings of foundmem_time=0 found0_time=0 found1_time=0 found2_time=0 found3_time=0 foundlower_time=0 missed_time=0 with counts of foundmem_count=0 found0_count=0 found1_count=0 found2_count=0 found3_count=0 foundlower_count=0 missed_count=0 with sample_period=185 seconds
2026-09-11 20:50:35.069972+09:00 [info] <0.1001.0>@leveled_monitor:handle_cast/2:515 log_ref=b0018 db_id=7 Positive HEAD responses timed with sample_count=0 and cache_count=0 found_count=0 fetch_ledger_time=0 fetch_ledgercache_time=0 rsp_time=0 notfound_time=0 with sample_period=186 seconds
2026-09-11 20:50:37.205804+09:00 [info] <0.999.0>@leveled_monitor:handle_cast/2:580 log_ref=p0032 db_id=6 Fetch head timing with sample_count=0 and level timings of foundmem_time=0 found0_time=0 found1_time=0 found2_time=0 found3_time=0 foundlower_time=0 missed_time=0 with counts of foundmem_count=0 found0_count=0 found1_count=0 found2_count=0 found3_count=0 foundlower_count=0 missed_count=0 with sample_period=188 seconds
2026-09-11 20:50:37.456815+09:00 [info] <0.1004.0>@leveled_monitor:handle_cast/2:534 log_ref=b0015 db_id=2 Put timing with sample_count=0 ink_time=0 prep_time=0 mem_time=0 with total_object_size=0 with sample_period=188 seconds
2026-09-11 20:50:43.893891+09:00 [info] <0.996.0>@leveled_monitor:handle_cast/2:551 log_ref=b0017 db_id=1 Snapshot timing with sample_count=0 and bookie_time=0 pcl_time=0 with sample_period=195 seconds
2026-09-11 20:50:45.479836+09:00 [info] <0.854.0>@leveled_monitor:handle_cast/2:551 log_ref=b0017 db_id=0 Snapshot timing with sample_count=0 and bookie_time=0 pcl_time=0 with sample_period=205 seconds
2026-09-11 20:50:55.714313+09:00 [info] <0.990.0>@leveled_monitor:handle_cast/2:515 log_ref=b0018 db_id=5 Positive HEAD responses timed with sample_count=0 and cache_count=0 found_count=0 fetch_ledger_time=0 fetch_ledgercache_time=0 rsp_time=0 notfound_time=0 with sample_period=207 seconds
2026-09-11 20:50:56.058563+09:00 [info] <0.731.0>@riak_core_worker_pool:handle_info/3:257 worker_pool=af2_pool has qlen=0 and no items checked out
2026-09-11 20:51:00.302335+09:00 [info] <0.742.0>@riak_core_worker_pool:handle_info/3:257 worker_pool=af4_pool has qlen=0 and no items checked out
2026-09-11 20:51:01.978031+09:00 [info] <0.746.0>@riak_core_worker_pool:handle_info/3:257 worker_pool=be_pool has qlen=0 and no items checked out
2026-09-11 20:51:03.002198+09:00 [info] <0.710.0>@riak_core_worker_pool:handle_info/3:257 worker_pool=af1_pool has qlen=0 and no items checked out
2026-09-11 20:51:03.418705+09:00 [info] <0.482.0>@riak_kv_replrtq_src:handle_info/2:646 QueueName=q1_ttaaefs has queue sizes p1=0 p2=0 p3=0
2026-09-11 20:51:04.044643+09:00 [info] <0.735.0>@riak_core_worker_pool:handle_info/3:257 worker_pool=af3_pool has qlen=0 and no items checked out
2026-09-11 20:51:04.266074+09:00 [info] <0.492.0>@riak_kv_overflow_queue:log/5:129 riak_kv_reaper job_id=0 has attempts=0 aborts=0 Queue lengths queue_p2=0 queue_p1=0 Overflow lengths overflow_p2=0 overflow_p1=0 Discard counts discard_p2=0 discard_p1=0
2026-09-11 20:51:04.448921+09:00 [info] <0.503.0>@riak_kv_overflow_queue:log/5:129 riak_kv_eraser job_id=0 has attempts=0 aborts=0 Queue lengths queue_p2=0 queue_p1=0 Overflow lengths overflow_p2=0 overflow_p1=0 Discard counts discard_p2=0 discard_p1=0
2026-09-11 20:51:04.508803+09:00 [info] <0.504.0>@riak_kv_overflow_queue:log/5:129 riak_kv_reader job_id=0 has attempts=0 aborts=0 Queue lengths queue_p2=0 queue_p1=0 Overflow lengths overflow_p2=0 overflow_p1=0 Discard counts discard_p2=0 discard_p1=0
2026-09-11 20:51:04.529266+09:00 [info] <0.994.0>@leveled_monitor:handle_cast/2:625 log_ref=cdb19 db_id=3 Sample timings in microseconds for sample_count=0 with totals of cycle_count=0 index_time=0 read_time=0 with sample_period=210 seconds
2026-09-11 20:51:07.206256+09:00 [info] <0.999.0>@leveled_monitor:handle_cast/2:515 log_ref=b0018 db_id=6 Positive HEAD responses timed with sample_count=0 and cache_count=0 found_count=0 fetch_ledger_time=0 fetch_ledgercache_time=0 rsp_time=0 notfound_time=0 with sample_period=209 seconds
2026-09-11 20:51:07.458976+09:00 [info] <0.1004.0>@leveled_monitor:handle_cast/2:580 log_ref=p0032 db_id=2 Fetch head timing with sample_count=0 and level timings of foundmem_time=0 found0_time=0 found1_time=0 found2_time=0 found3_time=0 foundlower_time=0 missed_time=0 with counts of foundmem_count=0 found0_count=0 found1_count=0 found2_count=0 found3_count=0 foundlower_count=0 missed_count=0 with sample_period=218 seconds
2026-09-11 20:51:13.231188+09:00 [info] <0.992.0>@leveled_monitor:handle_cast/2:625 log_ref=cdb19 db_id=4 Sample timings in microseconds for sample_count=0 with totals of cycle_count=0 index_time=0 read_time=0 with sample_period=224 seconds
2026-09-11 20:51:13.904686+09:00 [info] <0.996.0>@leveled_monitor:handle_cast/2:625 log_ref=cdb19 db_id=1 Sample timings in microseconds for sample_count=0 with totals of cycle_count=0 index_time=0 read_time=0 with sample_period=225 seconds
2026-09-11 20:51:15.482950+09:00 [info] <0.854.0>@leveled_monitor:handle_cast/2:580 log_ref=p0032 db_id=0 Fetch head timing with sample_count=0 and level timings of foundmem_time=0 found0_time=0 found1_time=0 found2_time=0 found3_time=0 foundlower_time=0 missed_time=0 with counts of foundmem_count=0 found0_count=0 found1_count=0 found2_count=0 found3_count=0 foundlower_count=0 missed_count=0 with sample_period=210 seconds
2026-09-11 20:51:25.715218+09:00 [info] <0.990.0>@leveled_monitor:handle_cast/2:494 log_ref=b0016 db_id=5 Get timing with sample_count=0 and head_time=0 body_time=0 with fetch_count=0 with sample_period=210 seconds
2026-09-11 20:51:33.421140+09:00 [info] <0.482.0>@riak_kv_replrtq_src:handle_info/2:646 QueueName=q1_ttaaefs has queue sizes p1=0 p2=0 p3=0
2026-09-11 20:51:34.529262+09:00 [info] <0.994.0>@leveled_monitor:handle_cast/2:515 log_ref=b0018 db_id=3 Positive HEAD responses timed with sample_count=0 and cache_count=0 found_count=0 fetch_ledger_time=0 fetch_ledgercache_time=0 rsp_time=0 notfound_time=0 with sample_period=210 seconds
2026-09-11 20:51:35.078851+09:00 [info] <0.1001.0>@leveled_monitor:handle_cast/2:625 log_ref=cdb19 db_id=7 Sample timings in microseconds for sample_count=0 with totals of cycle_count=0 index_time=0 read_time=0 with sample_period=210 seconds
2026-09-11 20:51:37.207195+09:00 [info] <0.999.0>@leveled_monitor:handle_cast/2:494 log_ref=b0016 db_id=6 Get timing with sample_count=0 and head_time=0 body_time=0 with fetch_count=0 with sample_period=210 seconds
2026-09-11 20:51:43.234801+09:00 [info] <0.992.0>@leveled_monitor:handle_cast/2:515 log_ref=b0018 db_id=4 Positive HEAD responses timed with sample_count=0 and cache_count=0 found_count=0 fetch_ledger_time=0 fetch_ledgercache_time=0 rsp_time=0 notfound_time=0 with sample_period=210 seconds
2026-09-11 20:51:55.494605+09:00 [info] <0.731.0>@riak_core_worker_pool:handle_info/3:257 worker_pool=af2_pool has qlen=0 and no items checked out
2026-09-11 20:51:55.716261+09:00 [info] <0.990.0>@leveled_monitor:handle_cast/2:625 log_ref=cdb19 db_id=5 Sample timings in microseconds for sample_count=0 with totals of cycle_count=0 index_time=0 read_time=0 with sample_period=210 seconds
2026-09-11 20:51:56.841235+09:00 [info] <0.742.0>@riak_core_worker_pool:handle_info/3:257 worker_pool=af4_pool has qlen=0 and no items checked out
2026-09-11 20:51:58.862597+09:00 [info] <0.710.0>@riak_core_worker_pool:handle_info/3:257 worker_pool=af1_pool has qlen=0 and no items checked out
2026-09-11 20:52:01.750096+09:00 [info] <0.746.0>@riak_core_worker_pool:handle_info/3:257 worker_pool=be_pool has qlen=0 and no items checked out
2026-09-11 20:52:02.581645+09:00 [info] <0.735.0>@riak_core_worker_pool:handle_info/3:257 worker_pool=af3_pool has qlen=0 and no items checked out
2026-09-11 20:52:03.424066+09:00 [info] <0.482.0>@riak_kv_replrtq_src:handle_info/2:646 QueueName=q1_ttaaefs has queue sizes p1=0 p2=0 p3=0
2026-09-11 20:52:04.278626+09:00 [info] <0.492.0>@riak_kv_overflow_queue:log/5:129 riak_kv_reaper job_id=0 has attempts=0 aborts=0 Queue lengths queue_p2=0 queue_p1=0 Overflow lengths overflow_p2=0 overflow_p1=0 Discard counts discard_p2=0 discard_p1=0
2026-09-11 20:52:04.462863+09:00 [info] <0.503.0>@riak_kv_overflow_queue:log/5:129 riak_kv_eraser job_id=0 has attempts=0 aborts=0 Queue lengths queue_p2=0 queue_p1=0 Overflow lengths overflow_p2=0 overflow_p1=0 Discard counts discard_p2=0 discard_p1=0
2026-09-11 20:52:04.511691+09:00 [info] <0.504.0>@riak_kv_overflow_queue:log/5:129 riak_kv_reader job_id=0 has attempts=0 aborts=0 Queue lengths queue_p2=0 queue_p1=0 Overflow lengths overflow_p2=0 overflow_p1=0 Discard counts discard_p2=0 discard_p1=0
2026-09-11 20:52:04.530894+09:00 [info] <0.994.0>@leveled_monitor:handle_cast/2:534 log_ref=b0015 db_id=3 Put timing with sample_count=0 ink_time=0 prep_time=0 mem_time=0 with total_object_size=0 with sample_period=210 seconds
2026-09-11 20:52:05.080842+09:00 [info] <0.1001.0>@leveled_monitor:handle_cast/2:580 log_ref=p0032 db_id=7 Fetch head timing with sample_count=0 and level timings of foundmem_time=0 found0_time=0 found1_time=0 found2_time=0 found3_time=0 foundlower_time=0 missed_time=0 with counts of foundmem_count=0 found0_count=0 found1_count=0 found2_count=0 found3_count=0 foundlower_count=0 missed_count=0 with sample_period=210 seconds
2026-09-11 20:52:07.209901+09:00 [info] <0.999.0>@leveled_monitor:handle_cast/2:534 log_ref=b0015 db_id=6 Put timing with sample_count=0 ink_time=0 prep_time=0 mem_time=0 with total_object_size=0 with sample_period=210 seconds
2026-09-11 20:52:07.464368+09:00 [info] <0.1004.0>@leveled_monitor:handle_cast/2:625 log_ref=cdb19 db_id=2 Sample timings in microseconds for sample_count=0 with totals of cycle_count=0 index_time=0 read_time=0 with sample_period=210 seconds
2026-09-11 20:52:13.238333+09:00 [info] <0.992.0>@leveled_monitor:handle_cast/2:534 log_ref=b0015 db_id=4 Put timing with sample_count=0 ink_time=0 prep_time=0 mem_time=0 with total_object_size=0 with sample_period=210 seconds
2026-09-11 20:52:13.911992+09:00 [info] <0.996.0>@leveled_monitor:handle_cast/2:534 log_ref=b0015 db_id=1 Put timing with sample_count=0 ink_time=0 prep_time=0 mem_time=0 with total_object_size=0 with sample_period=210 seconds
2026-09-11 20:52:15.484847+09:00 [info] <0.854.0>@leveled_monitor:handle_cast/2:515 log_ref=b0018 db_id=0 Positive HEAD responses timed with sample_count=0 and cache_count=0 found_count=0 fetch_ledger_time=0 fetch_ledgercache_time=0 rsp_time=0 notfound_time=0 with sample_period=210 seconds
2026-09-11 20:52:25.720252+09:00 [info] <0.990.0>@leveled_monitor:handle_cast/2:551 log_ref=b0017 db_id=5 Snapshot timing with sample_count=0 and bookie_time=0 pcl_time=0 with sample_period=210 seconds
2026-09-11 20:52:33.430953+09:00 [info] <0.482.0>@riak_kv_replrtq_src:handle_info/2:646 QueueName=q1_ttaaefs has queue sizes p1=0 p2=0 p3=0
2026-09-11 20:52:34.538926+09:00 [info] <0.994.0>@leveled_monitor:handle_cast/2:551 log_ref=b0017 db_id=3 Snapshot timing with sample_count=0 and bookie_time=0 pcl_time=0 with sample_period=210 seconds
2026-09-11 20:52:35.081346+09:00 [info] <0.1001.0>@leveled_monitor:handle_cast/2:551 log_ref=b0017 db_id=7 Snapshot timing with sample_count=0 and bookie_time=0 pcl_time=0 with sample_period=210 seconds
2026-09-11 20:52:37.213911+09:00 [info] <0.999.0>@leveled_monitor:handle_cast/2:551 log_ref=b0017 db_id=6 Snapshot timing with sample_count=0 and bookie_time=0 pcl_time=0 with sample_period=210 seconds
2026-09-11 20:52:37.466085+09:00 [info] <0.1004.0>@leveled_monitor:handle_cast/2:551 log_ref=b0017 db_id=2 Snapshot timing with sample_count=0 and bookie_time=0 pcl_time=0 with sample_period=210 seconds
2026-09-11 20:52:43.239194+09:00 [info] <0.992.0>@leveled_monitor:handle_cast/2:551 log_ref=b0017 db_id=4 Snapshot timing with sample_count=0 and bookie_time=0 pcl_time=0 with sample_period=210 seconds
2026-09-11 20:52:43.915817+09:00 [info] <0.996.0>@leveled_monitor:handle_cast/2:580 log_ref=p0032 db_id=1 Fetch head timing with sample_count=0 and level timings of foundmem_time=0 found0_time=0 found1_time=0 found2_time=0 found3_time=0 foundlower_time=0 missed_time=0 with counts of foundmem_count=0 found0_count=0 found1_count=0 found2_count=0 found3_count=0 foundlower_count=0 missed_count=0 with sample_period=210 seconds
2026-09-11 20:52:45.487321+09:00 [info] <0.854.0>@leveled_monitor:handle_cast/2:494 log_ref=b0016 db_id=0 Get timing with sample_count=0 and head_time=0 body_time=0 with fetch_count=0 with sample_period=210 seconds
2026-09-11 20:52:53.711108+09:00 [info] <0.731.0>@riak_core_worker_pool:handle_info/3:257 worker_pool=af2_pool has qlen=0 and no items checked out
2026-09-11 20:52:54.704755+09:00 [info] <0.710.0>@riak_core_worker_pool:handle_info/3:257 worker_pool=af1_pool has qlen=0 and no items checked out
2026-09-11 20:52:55.722679+09:00 [info] <0.990.0>@leveled_monitor:handle_cast/2:580 log_ref=p0032 db_id=5 Fetch head timing with sample_count=0 and level timings of foundmem_time=0 found0_time=0 found1_time=0 found2_time=0 found3_time=0 foundlower_time=0 missed_time=0 with counts of foundmem_count=0 found0_count=0 found1_count=0 found2_count=0 found3_count=0 foundlower_count=0 missed_count=0 with sample_period=210 seconds
2026-09-11 20:52:56.232717+09:00 [info] <0.742.0>@riak_core_worker_pool:handle_info/3:257 worker_pool=af4_pool has qlen=0 and no items checked out
2026-09-11 20:53:00.095096+09:00 [info] <0.746.0>@riak_core_worker_pool:handle_info/3:257 worker_pool=be_pool has qlen=0 and no items checked out
2026-09-11 20:53:00.823671+09:00 [info] <0.735.0>@riak_core_worker_pool:handle_info/3:257 worker_pool=af3_pool has qlen=0 and no items checked out
2026-09-11 20:53:03.433088+09:00 [info] <0.482.0>@riak_kv_replrtq_src:handle_info/2:646 QueueName=q1_ttaaefs has queue sizes p1=0 p2=0 p3=0
2026-09-11 20:53:04.289914+09:00 [info] <0.492.0>@riak_kv_overflow_queue:log/5:129 riak_kv_reaper job_id=0 has attempts=0 aborts=0 Queue lengths queue_p2=0 queue_p1=0 Overflow lengths overflow_p2=0 overflow_p1=0 Discard counts discard_p2=0 discard_p1=0
2026-09-11 20:53:04.471463+09:00 [info] <0.503.0>@riak_kv_overflow_queue:log/5:129 riak_kv_eraser job_id=0 has attempts=0 aborts=0 Queue lengths queue_p2=0 queue_p1=0 Overflow lengths overflow_p2=0 overflow_p1=0 Discard counts discard_p2=0 discard_p1=0
2026-09-11 20:53:04.520240+09:00 [info] <0.504.0>@riak_kv_overflow_queue:log/5:129 riak_kv_reader job_id=0 has attempts=0 aborts=0 Queue lengths queue_p2=0 queue_p1=0 Overflow lengths overflow_p2=0 overflow_p1=0 Discard counts discard_p2=0 discard_p1=0
2026-09-11 20:53:04.539280+09:00 [info] <0.994.0>@leveled_monitor:handle_cast/2:494 log_ref=b0016 db_id=3 Get timing with sample_count=0 and head_time=0 body_time=0 with fetch_count=0 with sample_period=210 seconds
2026-09-11 20:53:04.735699+09:00 [info] <0.4277.0>@supervisor_bridge:report_progress/4:139 Supervisor: {local,inet_gethost_native_sup}. Started: pid=<0.4278.0>,mfa={inet_gethost_native,init,[[]]}.
2026-09-11 20:53:04.748748+09:00 [info] <0.82.0>@supervisor:report_progress/2:1582 Supervisor: {local,kernel_safe_sup}. Started: id=inet_gethost_native_sup,pid=<0.4277.0>.
2026-09-11 20:53:05.090732+09:00 [info] <0.1001.0>@leveled_monitor:handle_cast/2:534 log_ref=b0015 db_id=7 Put timing with sample_count=0 ink_time=0 prep_time=0 mem_time=0 with total_object_size=0 with sample_period=210 seconds
2026-09-11 20:53:05.616239+09:00 [info] <0.1166.0>@riak_repl2_leader:become_leader/2:217 Leader2: 'openriak-kv@node-05.cluster-a.openriak' elected as replication leader
2026-09-11 20:53:05.717285+09:00 [info] <0.226.0>@riak_core_gossip:log_node_added/2:362 'openriak-kv@node-04.cluster-a.openriak' joined cluster with status 'joining'
2026-09-11 20:53:05.831016+09:00 [info] <0.1166.0>@riak_repl2_leader:become_leader/2:217 Leader2: 'openriak-kv@node-05.cluster-a.openriak' elected as replication leader
2026-09-11 20:53:07.215755+09:00 [info] <0.999.0>@leveled_monitor:handle_cast/2:625 log_ref=cdb19 db_id=6 Sample timings in microseconds for sample_count=0 with totals of cycle_count=0 index_time=0 read_time=0 with sample_period=210 seconds
2026-09-11 20:53:07.466971+09:00 [info] <0.1004.0>@leveled_monitor:handle_cast/2:494 log_ref=b0016 db_id=2 Get timing with sample_count=0 and head_time=0 body_time=0 with fetch_count=0 with sample_period=210 seconds
2026-09-11 20:53:13.243186+09:00 [info] <0.992.0>@leveled_monitor:handle_cast/2:494 log_ref=b0016 db_id=4 Get timing with sample_count=0 and head_time=0 body_time=0 with fetch_count=0 with sample_period=210 seconds
2026-09-11 20:53:13.926747+09:00 [info] <0.996.0>@leveled_monitor:handle_cast/2:494 log_ref=b0016 db_id=1 Get timing with sample_count=0 and head_time=0 body_time=0 with fetch_count=0 with sample_period=210 seconds
2026-09-11 20:53:15.490857+09:00 [info] <0.854.0>@leveled_monitor:handle_cast/2:534 log_ref=b0015 db_id=0 Put timing with sample_count=0 ink_time=0 prep_time=0 mem_time=0 with total_object_size=0 with sample_period=210 seconds
2026-09-11 20:53:16.262919+09:00 [warning] <0.993.0>@leveled_bookie:handle_call/3:1732 log_ref=b0011 db_id=3 Call to destroy the store and so all files to be removed
2026-09-11 20:53:16.273740+09:00 [warning] <0.1005.0>@leveled_inker:handle_call/3:776 log_ref=i0018 db_id=3 We're doomed - intention recorded to destroy all files
2026-09-11 20:53:16.283327+09:00 [info] <0.1005.0>@leveled_inker:handle_call/3:780 log_ref=i0005 db_id=3 Inker closing journal for reason doom
2026-09-11 20:53:16.293991+09:00 [info] <0.1005.0>@leveled_inker:handle_call/3:782 log_ref=i0006 db_id=3 Close triggered with journal_sqn=0 and manifest_sqn=2
2026-09-11 20:53:16.310983+09:00 [info] <0.1005.0>@leveled_inker:shutdown_manifest/1:1036 log_ref=i0007 db_id=3 Inker manifest when closing is:
2026-09-11 20:53:16.342833+09:00 [warning] <0.1029.0>@leveled_penciller:handle_call/3:1093 log_ref=p0030 db_id=3 We're doomed - intention recorded to destroy all files
2026-09-11 20:53:16.347744+09:00 [info] <0.1030.0>@leveled_pclerk:terminate/2:178 log_ref=pc005 db_id=3 Penciller's Clerk <0.1030.0> shutdown now complete for reason normal
2026-09-11 20:53:16.469542+09:00 [info] <0.993.0>@leveled_bookie:terminate/2:1803 log_ref=b0003 db_id=3 Bookie closing for reason normal
2026-09-11 20:53:16.497478+09:00 [info] <0.1095.0>@aae_treecache:handle_cast/2:354 log_ref=c0004 Destroying tree cache for partition {548063113999088594326381812268606132370974703616,3}
2026-09-11 20:53:16.489301+09:00 [info] <0.1073.0>@aae_treecache:handle_cast/2:354 log_ref=c0004 Destroying tree cache for partition {365375409332725729550921208179070754913983135744,3}
2026-09-11 20:53:16.509226+09:00 [info] <0.1059.0>@aae_treecache:handle_cast/2:354 log_ref=c0004 Destroying tree cache for partition {182687704666362864775460604089535377456991567872,3}
2026-09-11 20:53:16.520719+09:00 [info] <0.954.0>@riak_core_vnode:finish_handoff/2:788 548063113999088594326381812268606132370974703616 riak_kv_vnode vnode finished handoff and deleted in 389 milliseconds
2026-09-11 20:53:17.662496+09:00 [info] <0.400.0>@riak_core_vnode:finish_handoff/2:788 548063113999088594326381812268606132370974703616 riak_pipe_vnode vnode finished handoff and deleted in 0 milliseconds
2026-09-11 20:53:18.642042+09:00 [warning] <0.853.0>@leveled_bookie:handle_call/3:1732 log_ref=b0011 db_id=0 Call to destroy the store and so all files to be removed
2026-09-11 20:53:18.650078+09:00 [warning] <0.863.0>@leveled_inker:handle_call/3:776 log_ref=i0018 db_id=0 We're doomed - intention recorded to destroy all files
2026-09-11 20:53:18.660777+09:00 [info] <0.863.0>@leveled_inker:handle_call/3:780 log_ref=i0005 db_id=0 Inker closing journal for reason doom
2026-09-11 20:53:18.674284+09:00 [info] <0.863.0>@leveled_inker:handle_call/3:782 log_ref=i0006 db_id=0 Close triggered with journal_sqn=0 and manifest_sqn=2
2026-09-11 20:53:18.688947+09:00 [info] <0.863.0>@leveled_inker:shutdown_manifest/1:1036 log_ref=i0007 db_id=0 Inker manifest when closing is:
2026-09-11 20:53:18.703130+09:00 [warning] <0.892.0>@leveled_penciller:handle_call/3:1093 log_ref=p0030 db_id=0 We're doomed - intention recorded to destroy all files
2026-09-11 20:53:18.707433+09:00 [info] <0.894.0>@leveled_pclerk:terminate/2:178 log_ref=pc005 db_id=0 Penciller's Clerk <0.894.0> shutdown now complete for reason normal
2026-09-11 20:53:18.829973+09:00 [info] <0.853.0>@leveled_bookie:terminate/2:1803 log_ref=b0003 db_id=0 Bookie closing for reason normal
2026-09-11 20:53:18.839544+09:00 [info] <0.935.0>@aae_treecache:handle_cast/2:354 log_ref=c0004 Destroying tree cache for partition {0,3}
2026-09-11 20:53:18.840501+09:00 [info] <0.934.0>@aae_treecache:handle_cast/2:354 log_ref=c0004 Destroying tree cache for partition {1278813932664540053428224228626747642198940975104,3}
2026-09-11 20:53:18.841360+09:00 [info] <0.933.0>@aae_treecache:handle_cast/2:354 log_ref=c0004 Destroying tree cache for partition {1096126227998177188652763624537212264741949407232,3}
2026-09-11 20:53:18.843867+09:00 [info] <0.829.0>@riak_core_vnode:finish_handoff/2:788 0 riak_kv_vnode vnode finished handoff and deleted in 365 milliseconds
2026-09-11 20:53:21.667080+09:00 [info] <0.389.0>@riak_core_vnode:finish_handoff/2:788 0 riak_pipe_vnode vnode finished handoff and deleted in 0 milliseconds
2026-09-11 20:53:27.799119+09:00 [info] <0.435.0>@riak_core_vnode:finish_handoff/2:788 1278813932664540053428224228626747642198940975104 riak_pipe_vnode vnode finished handoff and deleted in 0 milliseconds
2026-09-11 20:53:31.768601+09:00 [info] <0.431.0>@riak_core_vnode:finish_handoff/2:788 1096126227998177188652763624537212264741949407232 riak_pipe_vnode vnode finished handoff and deleted in 0 milliseconds
2026-09-11 20:53:33.440781+09:00 [info] <0.482.0>@riak_kv_replrtq_src:handle_info/2:646 QueueName=q1_ttaaefs has queue sizes p1=0 p2=0 p3=0
2026-09-11 20:53:35.095811+09:00 [info] <0.1001.0>@leveled_monitor:handle_cast/2:494 log_ref=b0016 db_id=7 Get timing with sample_count=0 and head_time=0 body_time=0 with fetch_count=0 with sample_period=210 seconds
2026-09-11 20:53:37.470762+09:00 [info] <0.1004.0>@leveled_monitor:handle_cast/2:515 log_ref=b0018 db_id=2 Positive HEAD responses timed with sample_count=0 and cache_count=0 found_count=0 fetch_ledger_time=0 fetch_ledgercache_time=0 rsp_time=0 notfound_time=0 with sample_period=210 seconds
2026-09-11 20:53:43.250851+09:00 [info] <0.992.0>@leveled_monitor:handle_cast/2:580 log_ref=p0032 db_id=4 Fetch head timing with sample_count=0 and level timings of foundmem_time=0 found0_time=0 found1_time=0 found2_time=0 found3_time=0 foundlower_time=0 missed_time=0 with counts of foundmem_count=0 found0_count=0 found1_count=0 found2_count=0 found3_count=0 foundlower_count=0 missed_count=0 with sample_period=210 seconds
2026-09-11 20:53:43.927774+09:00 [info] <0.996.0>@leveled_monitor:handle_cast/2:515 log_ref=b0018 db_id=1 Positive HEAD responses timed with sample_count=0 and cache_count=0 found_count=0 fetch_ledger_time=0 fetch_ledgercache_time=0 rsp_time=0 notfound_time=0 with sample_period=210 seconds
2026-09-11 20:53:48.348755+09:00 [info] <0.731.0>@riak_core_worker_pool:handle_info/3:257 worker_pool=af2_pool has qlen=0 and no items checked out
2026-09-11 20:53:51.492011+09:00 [info] <0.710.0>@riak_core_worker_pool:handle_info/3:257 worker_pool=af1_pool has qlen=0 and no items checked out
2026-09-11 20:53:51.856146+09:00 [info] <0.742.0>@riak_core_worker_pool:handle_info/3:257 worker_pool=af4_pool has qlen=0 and no items checked out
2026-09-11 20:53:52.617041+09:00 [info] <0.409.0>@riak_core_vnode:finish_handoff/2:788 913438523331814323877303020447676887284957839360 riak_pipe_vnode vnode finished handoff and deleted in 0 milliseconds
2026-09-11 20:53:55.727330+09:00 [info] <0.990.0>@leveled_monitor:handle_cast/2:534 log_ref=b0015 db_id=5 Put timing with sample_count=0 ink_time=0 prep_time=0 mem_time=0 with total_object_size=0 with sample_period=210 seconds
2026-09-11 20:53:56.481596+09:00 [warning] <0.995.0>@leveled_bookie:handle_call/3:1732 log_ref=b0011 db_id=1 Call to destroy the store and so all files to be removed
2026-09-11 20:53:56.495816+09:00 [warning] <0.1006.0>@leveled_inker:handle_call/3:776 log_ref=i0018 db_id=1 We're doomed - intention recorded to destroy all files
2026-09-11 20:53:56.496810+09:00 [info] <0.1006.0>@leveled_inker:handle_call/3:780 log_ref=i0005 db_id=1 Inker closing journal for reason doom
2026-09-11 20:53:56.498123+09:00 [info] <0.1006.0>@leveled_inker:handle_call/3:782 log_ref=i0006 db_id=1 Close triggered with journal_sqn=0 and manifest_sqn=2
2026-09-11 20:53:56.526370+09:00 [info] <0.1006.0>@leveled_inker:shutdown_manifest/1:1036 log_ref=i0007 db_id=1 Inker manifest when closing is:
2026-09-11 20:53:56.546408+09:00 [warning] <0.1035.0>@leveled_penciller:handle_call/3:1093 log_ref=p0030 db_id=1 We're doomed - intention recorded to destroy all files
2026-09-11 20:53:56.547905+09:00 [info] <0.1036.0>@leveled_pclerk:terminate/2:178 log_ref=pc005 db_id=1 Penciller's Clerk <0.1036.0> shutdown now complete for reason normal
2026-09-11 20:53:56.676442+09:00 [info] <0.995.0>@leveled_bookie:terminate/2:1803 log_ref=b0003 db_id=1 Bookie closing for reason normal
2026-09-11 20:53:56.695306+09:00 [info] <0.959.0>@riak_core_vnode:finish_handoff/2:788 182687704666362864775460604089535377456991567872 riak_kv_vnode vnode finished handoff and deleted in 372 milliseconds
2026-09-11 20:53:56.688116+09:00 [info] <0.1077.0>@aae_treecache:handle_cast/2:354 log_ref=c0004 Destroying tree cache for partition {0,3}
2026-09-11 20:53:56.688116+09:00 [info] <0.1098.0>@aae_treecache:handle_cast/2:354 log_ref=c0004 Destroying tree cache for partition {182687704666362864775460604089535377456991567872,3}
2026-09-11 20:53:56.693400+09:00 [info] <0.1065.0>@aae_treecache:handle_cast/2:354 log_ref=c0004 Destroying tree cache for partition {1278813932664540053428224228626747642198940975104,3}
2026-09-11 20:53:56.707650+09:00 [info] <0.746.0>@riak_core_worker_pool:handle_info/3:257 worker_pool=be_pool has qlen=0 and no items checked out
2026-09-11 20:53:59.584141+09:00 [info] <0.735.0>@riak_core_worker_pool:handle_info/3:257 worker_pool=af3_pool has qlen=0 and no items checked out
2026-09-11 20:54:03.236047+09:00 [info] <0.394.0>@riak_core_vnode:finish_handoff/2:788 182687704666362864775460604089535377456991567872 riak_pipe_vnode vnode finished handoff and deleted in 0 milliseconds
2026-09-11 20:54:03.450032+09:00 [info] <0.482.0>@riak_kv_replrtq_src:handle_info/2:646 QueueName=q1_ttaaefs has queue sizes p1=0 p2=0 p3=0
2026-09-11 20:54:04.293268+09:00 [info] <0.492.0>@riak_kv_overflow_queue:log/5:129 riak_kv_reaper job_id=0 has attempts=0 aborts=0 Queue lengths queue_p2=0 queue_p1=0 Overflow lengths overflow_p2=0 overflow_p1=0 Discard counts discard_p2=0 discard_p1=0
2026-09-11 20:54:04.479076+09:00 [info] <0.503.0>@riak_kv_overflow_queue:log/5:129 riak_kv_eraser job_id=0 has attempts=0 aborts=0 Queue lengths queue_p2=0 queue_p1=0 Overflow lengths overflow_p2=0 overflow_p1=0 Discard counts discard_p2=0 discard_p1=0
2026-09-11 20:54:04.522629+09:00 [info] <0.504.0>@riak_kv_overflow_queue:log/5:129 riak_kv_reader job_id=0 has attempts=0 aborts=0 Queue lengths queue_p2=0 queue_p1=0 Overflow lengths overflow_p2=0 overflow_p1=0 Discard counts discard_p2=0 discard_p1=0
2026-09-11 20:54:05.098401+09:00 [info] <0.1001.0>@leveled_monitor:handle_cast/2:515 log_ref=b0018 db_id=7 Positive HEAD responses timed with sample_count=0 and cache_count=0 found_count=0 fetch_ledger_time=0 fetch_ledgercache_time=0 rsp_time=0 notfound_time=0 with sample_period=210 seconds
2026-09-11 20:54:07.217339+09:00 [info] <0.999.0>@leveled_monitor:handle_cast/2:580 log_ref=p0032 db_id=6 Fetch head timing with sample_count=0 and level timings of foundmem_time=0 found0_time=0 found1_time=0 found2_time=0 found3_time=0 foundlower_time=0 missed_time=0 with counts of foundmem_count=0 found0_count=0 found1_count=0 found2_count=0 found3_count=0 foundlower_count=0 missed_count=0 with sample_period=210 seconds
2026-09-11 20:54:07.478834+09:00 [info] <0.1004.0>@leveled_monitor:handle_cast/2:534 log_ref=b0015 db_id=2 Put timing with sample_count=0 ink_time=0 prep_time=0 mem_time=0 with total_object_size=0 with sample_period=210 seconds
2026-09-11 20:54:09.336240+09:00 [info] <0.397.0>@riak_core_vnode:finish_handoff/2:788 365375409332725729550921208179070754913983135744 riak_pipe_vnode vnode finished handoff and deleted in 0 milliseconds
2026-09-11 20:54:12.523239+09:00 [warning] <0.1002.0>@leveled_bookie:handle_call/3:1732 log_ref=b0011 db_id=2 Call to destroy the store and so all files to be removed
2026-09-11 20:54:12.524827+09:00 [warning] <0.1009.0>@leveled_inker:handle_call/3:776 log_ref=i0018 db_id=2 We're doomed - intention recorded to destroy all files
2026-09-11 20:54:12.537890+09:00 [info] <0.1009.0>@leveled_inker:handle_call/3:780 log_ref=i0005 db_id=2 Inker closing journal for reason doom
2026-09-11 20:54:12.539480+09:00 [info] <0.1009.0>@leveled_inker:handle_call/3:782 log_ref=i0006 db_id=2 Close triggered with journal_sqn=0 and manifest_sqn=2
2026-09-11 20:54:12.554111+09:00 [info] <0.1009.0>@leveled_inker:shutdown_manifest/1:1036 log_ref=i0007 db_id=2 Inker manifest when closing is:
2026-09-11 20:54:12.559685+09:00 [warning] <0.1037.0>@leveled_penciller:handle_call/3:1093 log_ref=p0030 db_id=2 We're doomed - intention recorded to destroy all files
2026-09-11 20:54:12.562126+09:00 [info] <0.1038.0>@leveled_pclerk:terminate/2:178 log_ref=pc005 db_id=2 Penciller's Clerk <0.1038.0> shutdown now complete for reason normal
2026-09-11 20:54:12.633903+09:00 [info] <0.1002.0>@leveled_bookie:terminate/2:1803 log_ref=b0003 db_id=2 Bookie closing for reason normal
2026-09-11 20:54:12.648256+09:00 [info] <0.1112.0>@aae_treecache:handle_cast/2:354 log_ref=c0004 Destroying tree cache for partition {365375409332725729550921208179070754913983135744,3}
2026-09-11 20:54:12.651108+09:00 [info] <0.1068.0>@aae_treecache:handle_cast/2:354 log_ref=c0004 Destroying tree cache for partition {0,3}
2026-09-11 20:54:12.652722+09:00 [info] <0.969.0>@riak_core_vnode:finish_handoff/2:788 365375409332725729550921208179070754913983135744 riak_kv_vnode vnode finished handoff and deleted in 246 milliseconds
2026-09-11 20:54:12.649222+09:00 [info] <0.1096.0>@aae_treecache:handle_cast/2:354 log_ref=c0004 Destroying tree cache for partition {182687704666362864775460604089535377456991567872,3}
2026-09-11 20:54:12.835721+09:00 [warning] <0.998.0>@leveled_bookie:handle_call/3:1732 log_ref=b0011 db_id=6 Call to destroy the store and so all files to be removed
2026-09-11 20:54:12.841288+09:00 [warning] <0.1007.0>@leveled_inker:handle_call/3:776 log_ref=i0018 db_id=6 We're doomed - intention recorded to destroy all files
2026-09-11 20:54:12.846928+09:00 [info] <0.1007.0>@leveled_inker:handle_call/3:780 log_ref=i0005 db_id=6 Inker closing journal for reason doom
2026-09-11 20:54:12.850900+09:00 [info] <0.1007.0>@leveled_inker:handle_call/3:782 log_ref=i0006 db_id=6 Close triggered with journal_sqn=0 and manifest_sqn=2
2026-09-11 20:54:12.855370+09:00 [info] <0.1007.0>@leveled_inker:shutdown_manifest/1:1036 log_ref=i0007 db_id=6 Inker manifest when closing is:
2026-09-11 20:54:12.863803+09:00 [warning] <0.1031.0>@leveled_penciller:handle_call/3:1093 log_ref=p0030 db_id=6 We're doomed - intention recorded to destroy all files
2026-09-11 20:54:12.865340+09:00 [info] <0.1032.0>@leveled_pclerk:terminate/2:178 log_ref=pc005 db_id=6 Penciller's Clerk <0.1032.0> shutdown now complete for reason normal
2026-09-11 20:54:12.943001+09:00 [info] <0.998.0>@leveled_bookie:terminate/2:1803 log_ref=b0003 db_id=6 Bookie closing for reason normal
2026-09-11 20:54:12.955053+09:00 [info] <0.1069.0>@aae_treecache:handle_cast/2:354 log_ref=c0004 Destroying tree cache for partition {913438523331814323877303020447676887284957839360,3}
2026-09-11 20:54:12.959704+09:00 [info] <0.968.0>@riak_core_vnode:finish_handoff/2:788 1096126227998177188652763624537212264741949407232 riak_kv_vnode vnode finished handoff and deleted in 191 milliseconds
2026-09-11 20:54:12.956517+09:00 [info] <0.1054.0>@aae_treecache:handle_cast/2:354 log_ref=c0004 Destroying tree cache for partition {730750818665451459101842416358141509827966271488,3}
2026-09-11 20:54:12.952988+09:00 [info] <0.1074.0>@aae_treecache:handle_cast/2:354 log_ref=c0004 Destroying tree cache for partition {1096126227998177188652763624537212264741949407232,3}
2026-09-11 20:54:25.545722+09:00 [info] <0.403.0>@riak_core_vnode:finish_handoff/2:788 730750818665451459101842416358141509827966271488 riak_pipe_vnode vnode finished handoff and deleted in 0 milliseconds
2026-09-11 20:54:25.728311+09:00 [info] <0.990.0>@leveled_monitor:handle_cast/2:515 log_ref=b0018 db_id=5 Positive HEAD responses timed with sample_count=0 and cache_count=0 found_count=0 fetch_ledger_time=0 fetch_ledgercache_time=0 rsp_time=0 notfound_time=0 with sample_period=210 seconds
2026-09-11 20:54:25.921048+09:00 [warning] <0.989.0>@leveled_bookie:handle_call/3:1732 log_ref=b0011 db_id=5 Call to destroy the store and so all files to be removed
2026-09-11 20:54:25.926731+09:00 [warning] <0.997.0>@leveled_inker:handle_call/3:776 log_ref=i0018 db_id=5 We're doomed - intention recorded to destroy all files
2026-09-11 20:54:25.927768+09:00 [info] <0.997.0>@leveled_inker:handle_call/3:780 log_ref=i0005 db_id=5 Inker closing journal for reason doom
2026-09-11 20:54:25.941551+09:00 [info] <0.997.0>@leveled_inker:handle_call/3:782 log_ref=i0006 db_id=5 Close triggered with journal_sqn=0 and manifest_sqn=2
2026-09-11 20:54:25.957545+09:00 [info] <0.997.0>@leveled_inker:shutdown_manifest/1:1036 log_ref=i0007 db_id=5 Inker manifest when closing is:
2026-09-11 20:54:25.971391+09:00 [warning] <0.1025.0>@leveled_penciller:handle_call/3:1093 log_ref=p0030 db_id=5 We're doomed - intention recorded to destroy all files
2026-09-11 20:54:25.973011+09:00 [info] <0.1026.0>@leveled_pclerk:terminate/2:178 log_ref=pc005 db_id=5 Penciller's Clerk <0.1026.0> shutdown now complete for reason normal
2026-09-11 20:54:26.101584+09:00 [info] <0.989.0>@leveled_bookie:terminate/2:1803 log_ref=b0003 db_id=5 Bookie closing for reason normal
2026-09-11 20:54:26.113414+09:00 [info] <0.1045.0>@aae_treecache:handle_cast/2:354 log_ref=c0004 Destroying tree cache for partition {548063113999088594326381812268606132370974703616,3}
2026-09-11 20:54:26.112102+09:00 [info] <0.1070.0>@aae_treecache:handle_cast/2:354 log_ref=c0004 Destroying tree cache for partition {913438523331814323877303020447676887284957839360,3}
2026-09-11 20:54:26.116713+09:00 [info] <0.1062.0>@aae_treecache:handle_cast/2:354 log_ref=c0004 Destroying tree cache for partition {730750818665451459101842416358141509827966271488,3}
2026-09-11 20:54:26.122865+09:00 [info] <0.955.0>@riak_core_vnode:finish_handoff/2:788 913438523331814323877303020447676887284957839360 riak_kv_vnode vnode finished handoff and deleted in 256 milliseconds
2026-09-11 20:54:33.458311+09:00 [info] <0.482.0>@riak_kv_replrtq_src:handle_info/2:646 QueueName=q1_ttaaefs has queue sizes p1=0 p2=0 p3=0
2026-09-11 20:54:43.255118+09:00 [info] <0.992.0>@leveled_monitor:handle_cast/2:625 log_ref=cdb19 db_id=4 Sample timings in microseconds for sample_count=0 with totals of cycle_count=0 index_time=0 read_time=0 with sample_period=210 seconds
2026-09-11 20:54:46.036386+09:00 [info] <0.710.0>@riak_core_worker_pool:handle_info/3:257 worker_pool=af1_pool has qlen=0 and no items checked out
2026-09-11 20:54:47.977755+09:00 [info] <0.731.0>@riak_core_worker_pool:handle_info/3:257 worker_pool=af2_pool has qlen=0 and no items checked out
2026-09-11 20:54:49.208115+09:00 [info] <0.742.0>@riak_core_worker_pool:handle_info/3:257 worker_pool=af4_pool has qlen=0 and no items checked out
2026-09-11 20:54:50.247106+09:00 [warning] <0.1000.0>@leveled_bookie:handle_call/3:1732 log_ref=b0011 db_id=7 Call to destroy the store and so all files to be removed
2026-09-11 20:54:50.258740+09:00 [warning] <0.1008.0>@leveled_inker:handle_call/3:776 log_ref=i0018 db_id=7 We're doomed - intention recorded to destroy all files
2026-09-11 20:54:50.259730+09:00 [info] <0.1008.0>@leveled_inker:handle_call/3:780 log_ref=i0005 db_id=7 Inker closing journal for reason doom
2026-09-11 20:54:50.269774+09:00 [info] <0.1008.0>@leveled_inker:handle_call/3:782 log_ref=i0006 db_id=7 Close triggered with journal_sqn=0 and manifest_sqn=2
2026-09-11 20:54:50.278272+09:00 [info] <0.1008.0>@leveled_inker:shutdown_manifest/1:1036 log_ref=i0007 db_id=7 Inker manifest when closing is:
2026-09-11 20:54:50.293839+09:00 [warning] <0.1033.0>@leveled_penciller:handle_call/3:1093 log_ref=p0030 db_id=7 We're doomed - intention recorded to destroy all files
2026-09-11 20:54:50.295255+09:00 [info] <0.1034.0>@leveled_pclerk:terminate/2:178 log_ref=pc005 db_id=7 Penciller's Clerk <0.1034.0> shutdown now complete for reason normal
2026-09-11 20:54:50.365110+09:00 [info] <0.1000.0>@leveled_bookie:terminate/2:1803 log_ref=b0003 db_id=7 Bookie closing for reason normal
2026-09-11 20:54:50.373426+09:00 [info] <0.1086.0>@aae_treecache:handle_cast/2:354 log_ref=c0004 Destroying tree cache for partition {1278813932664540053428224228626747642198940975104,3}
2026-09-11 20:54:50.374906+09:00 [info] <0.1072.0>@aae_treecache:handle_cast/2:354 log_ref=c0004 Destroying tree cache for partition {1096126227998177188652763624537212264741949407232,3}
2026-09-11 20:54:50.379766+09:00 [info] <0.957.0>@riak_core_vnode:finish_handoff/2:788 1278813932664540053428224228626747642198940975104 riak_kv_vnode vnode finished handoff and deleted in 236 milliseconds
2026-09-11 20:54:50.375364+09:00 [info] <0.1058.0>@aae_treecache:handle_cast/2:354 log_ref=c0004 Destroying tree cache for partition {913438523331814323877303020447676887284957839360,3}
2026-09-11 20:54:52.738171+09:00 [info] <0.746.0>@riak_core_worker_pool:handle_info/3:257 worker_pool=be_pool has qlen=0 and no items checked out
2026-09-11 20:54:58.514107+09:00 [info] <0.735.0>@riak_core_worker_pool:handle_info/3:257 worker_pool=af3_pool has qlen=0 and no items checked out
2026-09-11 20:55:01.004275+09:00 [warning] <0.991.0>@leveled_bookie:handle_call/3:1732 log_ref=b0011 db_id=4 Call to destroy the store and so all files to be removed
2026-09-11 20:55:01.011312+09:00 [warning] <0.1003.0>@leveled_inker:handle_call/3:776 log_ref=i0018 db_id=4 We're doomed - intention recorded to destroy all files
2026-09-11 20:55:01.013845+09:00 [info] <0.1003.0>@leveled_inker:handle_call/3:780 log_ref=i0005 db_id=4 Inker closing journal for reason doom
2026-09-11 20:55:01.016940+09:00 [info] <0.1003.0>@leveled_inker:handle_call/3:782 log_ref=i0006 db_id=4 Close triggered with journal_sqn=0 and manifest_sqn=2
2026-09-11 20:55:01.026095+09:00 [info] <0.1003.0>@leveled_inker:shutdown_manifest/1:1036 log_ref=i0007 db_id=4 Inker manifest when closing is:
2026-09-11 20:55:01.039198+09:00 [warning] <0.1027.0>@leveled_penciller:handle_call/3:1093 log_ref=p0030 db_id=4 We're doomed - intention recorded to destroy all files
2026-09-11 20:55:01.047808+09:00 [info] <0.1028.0>@leveled_pclerk:terminate/2:178 log_ref=pc005 db_id=4 Penciller's Clerk <0.1028.0> shutdown now complete for reason normal
2026-09-11 20:55:01.107173+09:00 [info] <0.991.0>@leveled_bookie:terminate/2:1803 log_ref=b0003 db_id=4 Bookie closing for reason normal
2026-09-11 20:55:01.109074+09:00 [info] <0.1067.0>@aae_treecache:handle_cast/2:354 log_ref=c0004 Destroying tree cache for partition {548063113999088594326381812268606132370974703616,3}
2026-09-11 20:55:01.110752+09:00 [info] <0.1071.0>@aae_treecache:handle_cast/2:354 log_ref=c0004 Destroying tree cache for partition {730750818665451459101842416358141509827966271488,3}
2026-09-11 20:55:01.111698+09:00 [info] <0.1046.0>@aae_treecache:handle_cast/2:354 log_ref=c0004 Destroying tree cache for partition {365375409332725729550921208179070754913983135744,3}
2026-09-11 20:55:01.132349+09:00 [info] <0.965.0>@riak_core_vnode:finish_handoff/2:788 730750818665451459101842416358141509827966271488 riak_kv_vnode vnode finished handoff and deleted in 177 milliseconds
2026-09-11 20:55:03.464263+09:00 [info] <0.482.0>@riak_kv_replrtq_src:handle_info/2:646 QueueName=q1_ttaaefs has queue sizes p1=0 p2=0 p3=0
2026-09-11 20:55:04.307766+09:00 [info] <0.492.0>@riak_kv_overflow_queue:log/5:129 riak_kv_reaper job_id=0 has attempts=0 aborts=0 Queue lengths queue_p2=0 queue_p1=0 Overflow lengths overflow_p2=0 overflow_p1=0 Discard counts discard_p2=0 discard_p1=0
2026-09-11 20:55:04.483463+09:00 [info] <0.503.0>@riak_kv_overflow_queue:log/5:129 riak_kv_eraser job_id=0 has attempts=0 aborts=0 Queue lengths queue_p2=0 queue_p1=0 Overflow lengths overflow_p2=0 overflow_p1=0 Discard counts discard_p2=0 discard_p1=0
2026-09-11 20:55:04.532019+09:00 [info] <0.504.0>@riak_kv_overflow_queue:log/5:129 riak_kv_reader job_id=0 has attempts=0 aborts=0 Queue lengths queue_p2=0 queue_p1=0 Overflow lengths overflow_p2=0 overflow_p1=0 Discard counts discard_p2=0 discard_p1=0
2026-09-11 20:55:33.469081+09:00 [info] <0.482.0>@riak_kv_replrtq_src:handle_info/2:646 QueueName=q1_ttaaefs has queue sizes p1=0 p2=0 p3=0
2026-09-11 20:55:34.805935+09:00 [info] <0.226.0>@riak_core_gossip:log_node_changed/3:359 'openriak-kv@node-02.cluster-a.openriak' changed from 'joining' to 'valid'
2026-09-11 20:55:34.807553+09:00 [info] <0.226.0>@riak_core_gossip:log_node_changed/3:359 'openriak-kv@node-03.cluster-a.openriak' changed from 'joining' to 'valid'
2026-09-11 20:55:34.812951+09:00 [info] <0.226.0>@riak_core_gossip:log_node_changed/3:359 'openriak-kv@node-04.cluster-a.openriak' changed from 'joining' to 'valid'
2026-09-11 20:55:34.815406+09:00 [info] <0.226.0>@riak_core_gossip:log_node_changed/3:359 'openriak-kv@node-05.cluster-a.openriak' changed from 'joining' to 'valid'
2026-09-11 20:55:40.738193+09:00 [info] <0.7060.0>@riak_core_vnode_manager:get_vnode/3:733 Will start VNode for partition 548063113999088594326381812268606132370974703616 riak_pipe_vnode
2026-09-11 20:55:40.760045+09:00 [info] <0.7060.0>@riak_core_vnode_manager:get_vnode/3:743 VNode initialization ready <0.7061.0> 548063113999088594326381812268606132370974703616 riak_pipe_vnode
2026-09-11 20:55:40.772808+09:00 [info] <0.7063.0>@riak_core_vnode_manager:get_vnode/3:733 Will start VNode for partition 548063113999088594326381812268606132370974703616 riak_kv_vnode
2026-09-11 20:55:40.969083+09:00 [info] <0.7069.0>@leveled_inker:open_all_manifest/2:1269 log_ref=i0011 db_id=3 Manifest is empty, starting from manifest SQN 1
2026-09-11 20:55:40.987582+09:00 [info] <0.7071.0>@leveled_cdb:starting/3:479 log_ref=cdb01 db_id=3 Opening file for writing with filename /var/lib/riak/leveled/548063113999088594326381812268606132370974703616/journal/journal_files/0_5ee8ebc4-3493-42cb-85ac-7ac2596a90a2.pnd
2026-09-11 20:55:41.007919+09:00 [info] <0.7069.0>@leveled_inker:build_manifest/3:1238 log_ref=i0009 db_id=3 Updated manifest on startup:
2026-09-11 20:55:41.011239+09:00 [info] <0.7069.0>@leveled_imanifest:writer/3:187 log_ref=i0016 db_id=3 Writing new version of manifest for manifestSQN=2
2026-09-11 20:55:41.051823+09:00 [info] <0.7072.0>@leveled_pclerk:clerk_new/3:78 log_ref=pc001 db_id=3 Penciller's clerk <0.7073.0> started with owner <0.7072.0>
2026-09-11 20:55:41.080772+09:00 [info] <0.7072.0>@leveled_pmanifest:open_manifestfile/2:1180 log_ref=p0013 db_id=3 Seqence number of 0 indicates no valid manifest
2026-09-11 20:55:41.096608+09:00 [info] <0.7072.0>@leveled_penciller:start_from_file/1:1508 log_ref=p0014 db_id=3 Maximum sequence number of 0 found in nonzero levels
2026-09-11 20:55:41.107870+09:00 [info] <0.7072.0>@leveled_penciller:start_from_file/1:1510 log_ref=p0035 db_id=3 Startup with Manifest SQN of 0
2026-09-11 20:55:41.139044+09:00 [info] <0.7072.0>@leveled_penciller:start_from_file/1:1538 log_ref=p0017 db_id=3 No L0 file found
2026-09-11 20:55:41.144390+09:00 [info] <0.7067.0>@leveled_bookie:startup/2:1993 log_ref=b0005 db_id=3 LedgerSQN=0 at startup
2026-09-11 20:55:41.146684+09:00 [info] <0.7069.0>@leveled_bookie:startup/2:2004 log_ref=i0014 db_id=3 On startup loading from filename /var/lib/riak/leveled/548063113999088594326381812268606132370974703616/journal/journal_files/0_5ee8ebc4-3493-42cb-85ac-7ac2596a90a2 from SQN 1
2026-09-11 20:55:41.164403+09:00 [info] <0.7067.0>@leveled_bookie:init/1:1409 log_ref=b0001 db_id=3 Bookie starting with Ink <0.7069.0> Pcl <0.7072.0>
2026-09-11 20:55:41.171675+09:00 [info] <0.7064.0>@riak_kv_leveled_backend:schedule_journalcompaction/4:903 Schedule compaction for interval 12398 on partition 548063113999088594326381812268606132370974703616
2026-09-11 20:55:41.182340+09:00 [info] <0.7079.0>@aae_controller:init/1:674 log_ref=aae02 Native KeyStore type leveled_nko startup request
2026-09-11 20:55:41.191896+09:00 [warning] <0.7080.0>@aae_keystore:open_manifest/1:1526 log_ref=ks002 No valid manifest found for AAE keystore at /var/lib/riak/tictac_aae/548063113999088594326381812268606132370974703616/leveled_nko/keystore reason not_present
2026-09-11 20:55:41.209862+09:00 [info] <0.7081.0>@aae_treecache:init/1:224 log_ref=c0005 Starting cache with is_restored=false and IndexN of {182687704666362864775460604089535377456991567872,3}
2026-09-11 20:55:41.232978+09:00 [info] <0.7082.0>@aae_treecache:init/1:224 log_ref=c0005 Starting cache with is_restored=false and IndexN of {365375409332725729550921208179070754913983135744,3}
2026-09-11 20:55:41.251159+09:00 [info] <0.7083.0>@aae_treecache:init/1:224 log_ref=c0005 Starting cache with is_restored=false and IndexN of {548063113999088594326381812268606132370974703616,3}
2026-09-11 20:55:41.256154+09:00 [info] <0.7079.0>@aae_controller:init/1:719 log_ref=aae10 AAE controller started with IndexNs [{182687704666362864775460604089535377456991567872,3},{365375409332725729550921208179070754913983135744,3},{548063113999088594326381812268606132370974703616,3}] and StoreType {native,leveled_nko,<0.7067.0>}
2026-09-11 20:55:41.257314+09:00 [info] <0.7064.0>@riak_kv_vnode:maybe_start_aaecontroller/2:402 AAE Controller started with pid=<0.7079.0>
2026-09-11 20:55:41.271412+09:00 [info] <0.7063.0>@riak_core_vnode_manager:get_vnode/3:743 VNode initialization ready <0.7064.0> 548063113999088594326381812268606132370974703616 riak_kv_vnode
2026-09-11 20:55:44.009927+09:00 [info] <0.710.0>@riak_core_worker_pool:handle_info/3:257 worker_pool=af1_pool has qlen=0 and no items checked out
2026-09-11 20:55:44.612118+09:00 [info] <0.742.0>@riak_core_worker_pool:handle_info/3:257 worker_pool=af4_pool has qlen=0 and no items checked out
2026-09-11 20:55:47.386363+09:00 [info] <0.746.0>@riak_core_worker_pool:handle_info/3:257 worker_pool=be_pool has qlen=0 and no items checked out
2026-09-11 20:55:47.576076+09:00 [info] <0.731.0>@riak_core_worker_pool:handle_info/3:257 worker_pool=af2_pool has qlen=0 and no items checked out
2026-09-11 20:55:52.693865+09:00 [info] <0.735.0>@riak_core_worker_pool:handle_info/3:257 worker_pool=af3_pool has qlen=0 and no items checked out
2026-09-11 20:56:03.471085+09:00 [info] <0.482.0>@riak_kv_replrtq_src:handle_info/2:646 QueueName=q1_ttaaefs has queue sizes p1=0 p2=0 p3=0
2026-09-11 20:56:04.323176+09:00 [info] <0.492.0>@riak_kv_overflow_queue:log/5:129 riak_kv_reaper job_id=0 has attempts=0 aborts=0 Queue lengths queue_p2=0 queue_p1=0 Overflow lengths overflow_p2=0 overflow_p1=0 Discard counts discard_p2=0 discard_p1=0
2026-09-11 20:56:04.487254+09:00 [info] <0.503.0>@riak_kv_overflow_queue:log/5:129 riak_kv_eraser job_id=0 has attempts=0 aborts=0 Queue lengths queue_p2=0 queue_p1=0 Overflow lengths overflow_p2=0 overflow_p1=0 Discard counts discard_p2=0 discard_p1=0
2026-09-11 20:56:04.535254+09:00 [info] <0.504.0>@riak_kv_overflow_queue:log/5:129 riak_kv_reader job_id=0 has attempts=0 aborts=0 Queue lengths queue_p2=0 queue_p1=0 Overflow lengths overflow_p2=0 overflow_p1=0 Discard counts discard_p2=0 discard_p1=0
2026-09-11 20:56:18.816287+09:00 [info] <0.7068.0>@leveled_monitor:handle_cast/2:551 log_ref=b0017 db_id=3 Snapshot timing with sample_count=1 and bookie_time=72 pcl_time=698 with sample_period=37 seconds
2026-09-11 20:56:33.474827+09:00 [info] <0.482.0>@riak_kv_replrtq_src:handle_info/2:646 QueueName=q1_ttaaefs has queue sizes p1=0 p2=0 p3=0
2026-09-11 20:56:41.170118+09:00 [info] <0.710.0>@riak_core_worker_pool:handle_info/3:257 worker_pool=af1_pool has qlen=0 and no items checked out
2026-09-11 20:56:42.334096+09:00 [info] <0.742.0>@riak_core_worker_pool:handle_info/3:257 worker_pool=af4_pool has qlen=0 and no items checked out
2026-09-11 20:56:42.632162+09:00 [info] <0.746.0>@riak_core_worker_pool:handle_info/3:257 worker_pool=be_pool has qlen=0 and no items checked out
2026-09-11 20:56:44.527051+09:00 [info] <0.731.0>@riak_core_worker_pool:handle_info/3:257 worker_pool=af2_pool has qlen=0 and no items checked out
2026-09-11 20:56:48.817237+09:00 [info] <0.7068.0>@leveled_monitor:handle_cast/2:494 log_ref=b0016 db_id=3 Get timing with sample_count=0 and head_time=0 body_time=0 with fetch_count=0 with sample_period=67 seconds
2026-09-11 20:56:51.584346+09:00 [info] <0.735.0>@riak_core_worker_pool:handle_info/3:257 worker_pool=af3_pool has qlen=0 and no items checked out
2026-09-11 20:57:03.493868+09:00 [info] <0.482.0>@riak_kv_replrtq_src:handle_info/2:646 QueueName=q1_ttaaefs has queue sizes p1=0 p2=0 p3=0
2026-09-11 20:57:04.330546+09:00 [info] <0.492.0>@riak_kv_overflow_queue:log/5:129 riak_kv_reaper job_id=0 has attempts=0 aborts=0 Queue lengths queue_p2=0 queue_p1=0 Overflow lengths overflow_p2=0 overflow_p1=0 Discard counts discard_p2=0 discard_p1=0
2026-09-11 20:57:04.496524+09:00 [info] <0.503.0>@riak_kv_overflow_queue:log/5:129 riak_kv_eraser job_id=0 has attempts=0 aborts=0 Queue lengths queue_p2=0 queue_p1=0 Overflow lengths overflow_p2=0 overflow_p1=0 Discard counts discard_p2=0 discard_p1=0
2026-09-11 20:57:04.547159+09:00 [info] <0.504.0>@riak_kv_overflow_queue:log/5:129 riak_kv_reader job_id=0 has attempts=0 aborts=0 Queue lengths queue_p2=0 queue_p1=0 Overflow lengths overflow_p2=0 overflow_p1=0 Discard counts discard_p2=0 discard_p1=0
2026-09-11 20:57:18.818452+09:00 [info] <0.7068.0>@leveled_monitor:handle_cast/2:515 log_ref=b0018 db_id=3 Positive HEAD responses timed with sample_count=0 and cache_count=0 found_count=0 fetch_ledger_time=0 fetch_ledgercache_time=0 rsp_time=0 notfound_time=0 with sample_period=97 seconds
2026-09-11 20:57:33.502691+09:00 [info] <0.482.0>@riak_kv_replrtq_src:handle_info/2:646 QueueName=q1_ttaaefs has queue sizes p1=0 p2=0 p3=0
2026-09-11 20:57:36.763731+09:00 [info] <0.746.0>@riak_core_worker_pool:handle_info/3:257 worker_pool=be_pool has qlen=0 and no items checked out
2026-09-11 20:57:38.850288+09:00 [info] <0.710.0>@riak_core_worker_pool:handle_info/3:257 worker_pool=af1_pool has qlen=0 and no items checked out
2026-09-11 20:57:41.490116+09:00 [info] <0.742.0>@riak_core_worker_pool:handle_info/3:257 worker_pool=af4_pool has qlen=0 and no items checked out
2026-09-11 20:57:43.112724+09:00 [info] <0.731.0>@riak_core_worker_pool:handle_info/3:257 worker_pool=af2_pool has qlen=0 and no items checked out
2026-09-11 20:57:47.472670+09:00 [info] <0.735.0>@riak_core_worker_pool:handle_info/3:257 worker_pool=af3_pool has qlen=0 and no items checked out
2026-09-11 20:58:03.505165+09:00 [info] <0.482.0>@riak_kv_replrtq_src:handle_info/2:646 QueueName=q1_ttaaefs has queue sizes p1=0 p2=0 p3=0
2026-09-11 20:58:04.333645+09:00 [info] <0.492.0>@riak_kv_overflow_queue:log/5:129 riak_kv_reaper job_id=0 has attempts=0 aborts=0 Queue lengths queue_p2=0 queue_p1=0 Overflow lengths overflow_p2=0 overflow_p1=0 Discard counts discard_p2=0 discard_p1=0
2026-09-11 20:58:04.500536+09:00 [info] <0.503.0>@riak_kv_overflow_queue:log/5:129 riak_kv_eraser job_id=0 has attempts=0 aborts=0 Queue lengths queue_p2=0 queue_p1=0 Overflow lengths overflow_p2=0 overflow_p1=0 Discard counts discard_p2=0 discard_p1=0
2026-09-11 20:58:04.559563+09:00 [info] <0.504.0>@riak_kv_overflow_queue:log/5:129 riak_kv_reader job_id=0 has attempts=0 aborts=0 Queue lengths queue_p2=0 queue_p1=0 Overflow lengths overflow_p2=0 overflow_p1=0 Discard counts discard_p2=0 discard_p1=0
2026-09-11 20:58:18.822872+09:00 [info] <0.7068.0>@leveled_monitor:handle_cast/2:580 log_ref=p0032 db_id=3 Fetch head timing with sample_count=0 and level timings of foundmem_time=0 found0_time=0 found1_time=0 found2_time=0 found3_time=0 foundlower_time=0 missed_time=0 with counts of foundmem_count=0 found0_count=0 found1_count=0 found2_count=0 found3_count=0 foundlower_count=0 missed_count=0 with sample_period=157 seconds
2026-09-11 20:58:33.503073+09:00 [info] <0.710.0>@riak_core_worker_pool:handle_info/3:257 worker_pool=af1_pool has qlen=0 and no items checked out
2026-09-11 20:58:33.507895+09:00 [info] <0.482.0>@riak_kv_replrtq_src:handle_info/2:646 QueueName=q1_ttaaefs has queue sizes p1=0 p2=0 p3=0
2026-09-11 20:58:33.774757+09:00 [info] <0.746.0>@riak_core_worker_pool:handle_info/3:257 worker_pool=be_pool has qlen=0 and no items checked out
2026-09-11 20:58:39.186074+09:00 [info] <0.742.0>@riak_core_worker_pool:handle_info/3:257 worker_pool=af4_pool has qlen=0 and no items checked out
2026-09-11 20:58:39.758701+09:00 [info] <0.731.0>@riak_core_worker_pool:handle_info/3:257 worker_pool=af2_pool has qlen=0 and no items checked out
2026-09-11 20:58:46.535698+09:00 [info] <0.735.0>@riak_core_worker_pool:handle_info/3:257 worker_pool=af3_pool has qlen=0 and no items checked out
2026-09-11 20:58:48.823540+09:00 [info] <0.7068.0>@leveled_monitor:handle_cast/2:534 log_ref=b0015 db_id=3 Put timing with sample_count=0 ink_time=0 prep_time=0 mem_time=0 with total_object_size=0 with sample_period=187 seconds
2026-09-11 20:59:03.510080+09:00 [info] <0.482.0>@riak_kv_replrtq_src:handle_info/2:646 QueueName=q1_ttaaefs has queue sizes p1=0 p2=0 p3=0
2026-09-11 20:59:04.343027+09:00 [info] <0.492.0>@riak_kv_overflow_queue:log/5:129 riak_kv_reaper job_id=0 has attempts=0 aborts=0 Queue lengths queue_p2=0 queue_p1=0 Overflow lengths overflow_p2=0 overflow_p1=0 Discard counts discard_p2=0 discard_p1=0
2026-09-11 20:59:04.515250+09:00 [info] <0.503.0>@riak_kv_overflow_queue:log/5:129 riak_kv_eraser job_id=0 has attempts=0 aborts=0 Queue lengths queue_p2=0 queue_p1=0 Overflow lengths overflow_p2=0 overflow_p1=0 Discard counts discard_p2=0 discard_p1=0
2026-09-11 20:59:04.562642+09:00 [info] <0.504.0>@riak_kv_overflow_queue:log/5:129 riak_kv_reader job_id=0 has attempts=0 aborts=0 Queue lengths queue_p2=0 queue_p1=0 Overflow lengths overflow_p2=0 overflow_p1=0 Discard counts discard_p2=0 discard_p1=0
2026-09-11 20:59:18.826851+09:00 [info] <0.7068.0>@leveled_monitor:handle_cast/2:625 log_ref=cdb19 db_id=3 Sample timings in microseconds for sample_count=0 with totals of cycle_count=0 index_time=0 read_time=0 with sample_period=217 seconds
2026-09-11 20:59:31.038074+09:00 [info] <0.746.0>@riak_core_worker_pool:handle_info/3:257 worker_pool=be_pool has qlen=0 and no items checked out
2026-09-11 20:59:32.575238+09:00 [info] <0.710.0>@riak_core_worker_pool:handle_info/3:257 worker_pool=af1_pool has qlen=0 and no items checked out
2026-09-11 20:59:33.512146+09:00 [info] <0.482.0>@riak_kv_replrtq_src:handle_info/2:646 QueueName=q1_ttaaefs has queue sizes p1=0 p2=0 p3=0
2026-09-11 20:59:36.383147+09:00 [info] <0.742.0>@riak_core_worker_pool:handle_info/3:257 worker_pool=af4_pool has qlen=0 and no items checked out
2026-09-11 20:59:38.477759+09:00 [info] <0.731.0>@riak_core_worker_pool:handle_info/3:257 worker_pool=af2_pool has qlen=0 and no items checked out
2026-09-11 20:59:40.675724+09:00 [info] <0.735.0>@riak_core_worker_pool:handle_info/3:257 worker_pool=af3_pool has qlen=0 and no items checked out
2026-09-11 20:59:48.828122+09:00 [info] <0.7068.0>@leveled_monitor:handle_cast/2:551 log_ref=b0017 db_id=3 Snapshot timing with sample_count=0 and bookie_time=0 pcl_time=0 with sample_period=210 seconds
2026-09-11 21:00:03.514105+09:00 [info] <0.482.0>@riak_kv_replrtq_src:handle_info/2:646 QueueName=q1_ttaaefs has queue sizes p1=0 p2=0 p3=0
2026-09-11 21:00:04.354627+09:00 [info] <0.492.0>@riak_kv_overflow_queue:log/5:129 riak_kv_reaper job_id=0 has attempts=0 aborts=0 Queue lengths queue_p2=0 queue_p1=0 Overflow lengths overflow_p2=0 overflow_p1=0 Discard counts discard_p2=0 discard_p1=0
2026-09-11 21:00:04.517750+09:00 [info] <0.503.0>@riak_kv_overflow_queue:log/5:129 riak_kv_eraser job_id=0 has attempts=0 aborts=0 Queue lengths queue_p2=0 queue_p1=0 Overflow lengths overflow_p2=0 overflow_p1=0 Discard counts discard_p2=0 discard_p1=0
2026-09-11 21:00:04.578170+09:00 [info] <0.504.0>@riak_kv_overflow_queue:log/5:129 riak_kv_reader job_id=0 has attempts=0 aborts=0 Queue lengths queue_p2=0 queue_p1=0 Overflow lengths overflow_p2=0 overflow_p1=0 Discard counts discard_p2=0 discard_p1=0
2026-09-11 21:00:18.832837+09:00 [info] <0.7068.0>@leveled_monitor:handle_cast/2:494 log_ref=b0016 db_id=3 Get timing with sample_count=0 and head_time=0 body_time=0 with fetch_count=0 with sample_period=210 seconds
2026-09-11 21:00:29.766699+09:00 [info] <0.710.0>@riak_core_worker_pool:handle_info/3:257 worker_pool=af1_pool has qlen=0 and no items checked out
2026-09-11 21:00:30.016095+09:00 [info] <0.746.0>@riak_core_worker_pool:handle_info/3:257 worker_pool=be_pool has qlen=0 and no items checked out
2026-09-11 21:00:33.517105+09:00 [info] <0.482.0>@riak_kv_replrtq_src:handle_info/2:646 QueueName=q1_ttaaefs has queue sizes p1=0 p2=0 p3=0
2026-09-11 21:00:34.887620+09:00 [info] <0.731.0>@riak_core_worker_pool:handle_info/3:257 worker_pool=af2_pool has qlen=0 and no items checked out
2026-09-11 21:00:35.616679+09:00 [info] <0.742.0>@riak_core_worker_pool:handle_info/3:257 worker_pool=af4_pool has qlen=0 and no items checked out
2026-09-11 21:00:36.494100+09:00 [info] <0.735.0>@riak_core_worker_pool:handle_info/3:257 worker_pool=af3_pool has qlen=0 and no items checked out
2026-09-11 21:00:48.837212+09:00 [info] <0.7068.0>@leveled_monitor:handle_cast/2:515 log_ref=b0018 db_id=3 Positive HEAD responses timed with sample_count=0 and cache_count=0 found_count=0 fetch_ledger_time=0 fetch_ledgercache_time=0 rsp_time=0 notfound_time=0 with sample_period=210 seconds
2026-09-11 21:00:51.829325+09:00 [info] <0.480.0>@riak_kv_ttaaefs_manager:handle_info/2:675 SlotInfo changed from {1,1,1} to {5,5,1} so resetting schedule
2026-09-11 21:00:51.841849+09:00 [info] <0.480.0>@riak_kv_ttaaefs_manager:handle_info/2:686 Scheduling work_item=no_check in 6461 seconds 23 items to run in schedule
2026-09-11 21:01:03.522823+09:00 [info] <0.482.0>@riak_kv_replrtq_src:handle_info/2:646 QueueName=q1_ttaaefs has queue sizes p1=0 p2=0 p3=0
2026-09-11 21:01:04.363894+09:00 [info] <0.492.0>@riak_kv_overflow_queue:log/5:129 riak_kv_reaper job_id=0 has attempts=0 aborts=0 Queue lengths queue_p2=0 queue_p1=0 Overflow lengths overflow_p2=0 overflow_p1=0 Discard counts discard_p2=0 discard_p1=0
2026-09-11 21:01:04.531988+09:00 [info] <0.503.0>@riak_kv_overflow_queue:log/5:129 riak_kv_eraser job_id=0 has attempts=0 aborts=0 Queue lengths queue_p2=0 queue_p1=0 Overflow lengths overflow_p2=0 overflow_p1=0 Discard counts discard_p2=0 discard_p1=0
2026-09-11 21:01:04.581126+09:00 [info] <0.504.0>@riak_kv_overflow_queue:log/5:129 riak_kv_reader job_id=0 has attempts=0 aborts=0 Queue lengths queue_p2=0 queue_p1=0 Overflow lengths overflow_p2=0 overflow_p1=0 Discard counts discard_p2=0 discard_p1=0
2026-09-11 21:01:29.137091+09:00 [info] <0.731.0>@riak_core_worker_pool:handle_info/3:257 worker_pool=af2_pool has qlen=0 and no items checked out
2026-09-11 21:01:29.384069+09:00 [info] <0.710.0>@riak_core_worker_pool:handle_info/3:257 worker_pool=af1_pool has qlen=0 and no items checked out
2026-09-11 21:01:29.815677+09:00 [info] <0.746.0>@riak_core_worker_pool:handle_info/3:257 worker_pool=be_pool has qlen=0 and no items checked out
2026-09-11 21:01:31.176726+09:00 [info] <0.735.0>@riak_core_worker_pool:handle_info/3:257 worker_pool=af3_pool has qlen=0 and no items checked out
2026-09-11 21:01:33.526919+09:00 [info] <0.482.0>@riak_kv_replrtq_src:handle_info/2:646 QueueName=q1_ttaaefs has queue sizes p1=0 p2=0 p3=0
2026-09-11 21:01:33.684067+09:00 [info] <0.742.0>@riak_core_worker_pool:handle_info/3:257 worker_pool=af4_pool has qlen=0 and no items checked out
2026-09-11 21:01:48.844811+09:00 [info] <0.7068.0>@leveled_monitor:handle_cast/2:580 log_ref=p0032 db_id=3 Fetch head timing with sample_count=0 and level timings of foundmem_time=0 found0_time=0 found1_time=0 found2_time=0 found3_time=0 foundlower_time=0 missed_time=0 with counts of foundmem_count=0 found0_count=0 found1_count=0 found2_count=0 found3_count=0 foundlower_count=0 missed_count=0 with sample_period=210 seconds
2026-09-11 21:02:03.544693+09:00 [info] <0.482.0>@riak_kv_replrtq_src:handle_info/2:646 QueueName=q1_ttaaefs has queue sizes p1=0 p2=0 p3=0
2026-09-11 21:02:04.366530+09:00 [info] <0.492.0>@riak_kv_overflow_queue:log/5:129 riak_kv_reaper job_id=0 has attempts=0 aborts=0 Queue lengths queue_p2=0 queue_p1=0 Overflow lengths overflow_p2=0 overflow_p1=0 Discard counts discard_p2=0 discard_p1=0
2026-09-11 21:02:04.536248+09:00 [info] <0.503.0>@riak_kv_overflow_queue:log/5:129 riak_kv_eraser job_id=0 has attempts=0 aborts=0 Queue lengths queue_p2=0 queue_p1=0 Overflow lengths overflow_p2=0 overflow_p1=0 Discard counts discard_p2=0 discard_p1=0
2026-09-11 21:02:04.583970+09:00 [info] <0.504.0>@riak_kv_overflow_queue:log/5:129 riak_kv_reader job_id=0 has attempts=0 aborts=0 Queue lengths queue_p2=0 queue_p1=0 Overflow lengths overflow_p2=0 overflow_p1=0 Discard counts discard_p2=0 discard_p1=0
2026-09-11 21:02:18.845353+09:00 [info] <0.7068.0>@leveled_monitor:handle_cast/2:534 log_ref=b0015 db_id=3 Put timing with sample_count=0 ink_time=0 prep_time=0 mem_time=0 with total_object_size=0 with sample_period=210 seconds
2026-09-11 21:02:26.167366+09:00 [info] <0.735.0>@riak_core_worker_pool:handle_info/3:257 worker_pool=af3_pool has qlen=0 and no items checked out
2026-09-11 21:02:27.978645+09:00 [info] <0.731.0>@riak_core_worker_pool:handle_info/3:257 worker_pool=af2_pool has qlen=0 and no items checked out
2026-09-11 21:02:28.935285+09:00 [info] <0.746.0>@riak_core_worker_pool:handle_info/3:257 worker_pool=be_pool has qlen=0 and no items checked out
2026-09-11 21:02:29.173057+09:00 [info] <0.710.0>@riak_core_worker_pool:handle_info/3:257 worker_pool=af1_pool has qlen=0 and no items checked out
2026-09-11 21:02:32.377319+09:00 [info] <0.742.0>@riak_core_worker_pool:handle_info/3:257 worker_pool=af4_pool has qlen=0 and no items checked out
2026-09-11 21:02:33.548810+09:00 [info] <0.482.0>@riak_kv_replrtq_src:handle_info/2:646 QueueName=q1_ttaaefs has queue sizes p1=0 p2=0 p3=0
2026-09-11 21:02:48.848835+09:00 [info] <0.7068.0>@leveled_monitor:handle_cast/2:625 log_ref=cdb19 db_id=3 Sample timings in microseconds for sample_count=0 with totals of cycle_count=0 index_time=0 read_time=0 with sample_period=210 seconds
2026-09-11 21:03:03.551098+09:00 [info] <0.482.0>@riak_kv_replrtq_src:handle_info/2:646 QueueName=q1_ttaaefs has queue sizes p1=0 p2=0 p3=0
2026-09-11 21:03:04.378502+09:00 [info] <0.492.0>@riak_kv_overflow_queue:log/5:129 riak_kv_reaper job_id=0 has attempts=0 aborts=0 Queue lengths queue_p2=0 queue_p1=0 Overflow lengths overflow_p2=0 overflow_p1=0 Discard counts discard_p2=0 discard_p1=0
2026-09-11 21:03:04.541149+09:00 [info] <0.503.0>@riak_kv_overflow_queue:log/5:129 riak_kv_eraser job_id=0 has attempts=0 aborts=0 Queue lengths queue_p2=0 queue_p1=0 Overflow lengths overflow_p2=0 overflow_p1=0 Discard counts discard_p2=0 discard_p1=0
2026-09-11 21:03:04.601312+09:00 [info] <0.504.0>@riak_kv_overflow_queue:log/5:129 riak_kv_reader job_id=0 has attempts=0 aborts=0 Queue lengths queue_p2=0 queue_p1=0 Overflow lengths overflow_p2=0 overflow_p1=0 Discard counts discard_p2=0 discard_p1=0
2026-09-11 21:03:18.851855+09:00 [info] <0.7068.0>@leveled_monitor:handle_cast/2:551 log_ref=b0017 db_id=3 Snapshot timing with sample_count=0 and bookie_time=0 pcl_time=0 with sample_period=210 seconds
2026-09-11 21:03:23.987095+09:00 [info] <0.746.0>@riak_core_worker_pool:handle_info/3:257 worker_pool=be_pool has qlen=0 and no items checked out
2026-09-11 21:03:24.716117+09:00 [info] <0.735.0>@riak_core_worker_pool:handle_info/3:257 worker_pool=af3_pool has qlen=0 and no items checked out
2026-09-11 21:03:25.087131+09:00 [info] <0.731.0>@riak_core_worker_pool:handle_info/3:257 worker_pool=af2_pool has qlen=0 and no items checked out
2026-09-11 21:03:26.740138+09:00 [info] <0.710.0>@riak_core_worker_pool:handle_info/3:257 worker_pool=af1_pool has qlen=0 and no items checked out
2026-09-11 21:03:30.543030+09:00 [info] <0.742.0>@riak_core_worker_pool:handle_info/3:257 worker_pool=af4_pool has qlen=0 and no items checked out
2026-09-11 21:03:33.559734+09:00 [info] <0.482.0>@riak_kv_replrtq_src:handle_info/2:646 QueueName=q1_ttaaefs has queue sizes p1=0 p2=0 p3=0
2026-09-11 21:03:48.852216+09:00 [info] <0.7068.0>@leveled_monitor:handle_cast/2:494 log_ref=b0016 db_id=3 Get timing with sample_count=0 and head_time=0 body_time=0 with fetch_count=0 with sample_period=210 seconds
2026-09-11 21:04:03.562844+09:00 [info] <0.482.0>@riak_kv_replrtq_src:handle_info/2:646 QueueName=q1_ttaaefs has queue sizes p1=0 p2=0 p3=0
2026-09-11 21:04:04.391677+09:00 [info] <0.492.0>@riak_kv_overflow_queue:log/5:129 riak_kv_reaper job_id=0 has attempts=0 aborts=0 Queue lengths queue_p2=0 queue_p1=0 Overflow lengths overflow_p2=0 overflow_p1=0 Discard counts discard_p2=0 discard_p1=0
2026-09-11 21:04:04.553226+09:00 [info] <0.503.0>@riak_kv_overflow_queue:log/5:129 riak_kv_eraser job_id=0 has attempts=0 aborts=0 Queue lengths queue_p2=0 queue_p1=0 Overflow lengths overflow_p2=0 overflow_p1=0 Discard counts discard_p2=0 discard_p1=0
2026-09-11 21:04:04.615212+09:00 [info] <0.504.0>@riak_kv_overflow_queue:log/5:129 riak_kv_reader job_id=0 has attempts=0 aborts=0 Queue lengths queue_p2=0 queue_p1=0 Overflow lengths overflow_p2=0 overflow_p1=0 Discard counts discard_p2=0 discard_p1=0
2026-09-11 21:04:18.853958+09:00 [info] <0.7068.0>@leveled_monitor:handle_cast/2:515 log_ref=b0018 db_id=3 Positive HEAD responses timed with sample_count=0 and cache_count=0 found_count=0 fetch_ledger_time=0 fetch_ledgercache_time=0 rsp_time=0 notfound_time=0 with sample_period=210 seconds
2026-09-11 21:04:21.888764+09:00 [info] <0.735.0>@riak_core_worker_pool:handle_info/3:257 worker_pool=af3_pool has qlen=0 and no items checked out
2026-09-11 21:04:23.425693+09:00 [info] <0.746.0>@riak_core_worker_pool:handle_info/3:257 worker_pool=be_pool has qlen=0 and no items checked out
2026-09-11 21:04:23.970874+09:00 [info] <0.731.0>@riak_core_worker_pool:handle_info/3:257 worker_pool=af2_pool has qlen=0 and no items checked out
2026-09-11 21:04:25.244642+09:00 [info] <0.710.0>@riak_core_worker_pool:handle_info/3:257 worker_pool=af1_pool has qlen=0 and no items checked out
2026-09-11 21:04:26.348689+09:00 [info] <0.742.0>@riak_core_worker_pool:handle_info/3:257 worker_pool=af4_pool has qlen=0 and no items checked out
2026-09-11 21:04:33.567675+09:00 [info] <0.482.0>@riak_kv_replrtq_src:handle_info/2:646 QueueName=q1_ttaaefs has queue sizes p1=0 p2=0 p3=0
2026-09-11 21:05:03.570341+09:00 [info] <0.482.0>@riak_kv_replrtq_src:handle_info/2:646 QueueName=q1_ttaaefs has queue sizes p1=0 p2=0 p3=0
2026-09-11 21:05:04.396924+09:00 [info] <0.492.0>@riak_kv_overflow_queue:log/5:129 riak_kv_reaper job_id=0 has attempts=0 aborts=0 Queue lengths queue_p2=0 queue_p1=0 Overflow lengths overflow_p2=0 overflow_p1=0 Discard counts discard_p2=0 discard_p1=0
2026-09-11 21:05:04.557951+09:00 [info] <0.503.0>@riak_kv_overflow_queue:log/5:129 riak_kv_eraser job_id=0 has attempts=0 aborts=0 Queue lengths queue_p2=0 queue_p1=0 Overflow lengths overflow_p2=0 overflow_p1=0 Discard counts discard_p2=0 discard_p1=0
2026-09-11 21:05:04.635006+09:00 [info] <0.504.0>@riak_kv_overflow_queue:log/5:129 riak_kv_reader job_id=0 has attempts=0 aborts=0 Queue lengths queue_p2=0 queue_p1=0 Overflow lengths overflow_p2=0 overflow_p1=0 Discard counts discard_p2=0 discard_p1=0
2026-09-11 21:05:18.860052+09:00 [info] <0.7068.0>@leveled_monitor:handle_cast/2:580 log_ref=p0032 db_id=3 Fetch head timing with sample_count=0 and level timings of foundmem_time=0 found0_time=0 found1_time=0 found2_time=0 found3_time=0 foundlower_time=0 missed_time=0 with counts of foundmem_count=0 found0_count=0 found1_count=0 found2_count=0 found3_count=0 foundlower_count=0 missed_count=0 with sample_period=210 seconds
2026-09-11 21:05:19.388698+09:00 [info] <0.746.0>@riak_core_worker_pool:handle_info/3:257 worker_pool=be_pool has qlen=0 and no items checked out
2026-09-11 21:05:19.630762+09:00 [info] <0.710.0>@riak_core_worker_pool:handle_info/3:257 worker_pool=af1_pool has qlen=0 and no items checked out
2026-09-11 21:05:20.736087+09:00 [info] <0.735.0>@riak_core_worker_pool:handle_info/3:257 worker_pool=af3_pool has qlen=0 and no items checked out
2026-09-11 21:05:22.818735+09:00 [info] <0.742.0>@riak_core_worker_pool:handle_info/3:257 worker_pool=af4_pool has qlen=0 and no items checked out
2026-09-11 21:05:22.853423+09:00 [info] <0.731.0>@riak_core_worker_pool:handle_info/3:257 worker_pool=af2_pool has qlen=0 and no items checked out
2026-09-11 21:05:33.594839+09:00 [info] <0.482.0>@riak_kv_replrtq_src:handle_info/2:646 QueueName=q1_ttaaefs has queue sizes p1=0 p2=0 p3=0
2026-09-11 21:05:48.861170+09:00 [info] <0.7068.0>@leveled_monitor:handle_cast/2:534 log_ref=b0015 db_id=3 Put timing with sample_count=0 ink_time=0 prep_time=0 mem_time=0 with total_object_size=0 with sample_period=210 seconds
2026-09-11 21:06:03.597980+09:00 [info] <0.482.0>@riak_kv_replrtq_src:handle_info/2:646 QueueName=q1_ttaaefs has queue sizes p1=0 p2=0 p3=0
2026-09-11 21:06:04.402270+09:00 [info] <0.492.0>@riak_kv_overflow_queue:log/5:129 riak_kv_reaper job_id=0 has attempts=0 aborts=0 Queue lengths queue_p2=0 queue_p1=0 Overflow lengths overflow_p2=0 overflow_p1=0 Discard counts discard_p2=0 discard_p1=0
2026-09-11 21:06:04.560780+09:00 [info] <0.503.0>@riak_kv_overflow_queue:log/5:129 riak_kv_eraser job_id=0 has attempts=0 aborts=0 Queue lengths queue_p2=0 queue_p1=0 Overflow lengths overflow_p2=0 overflow_p1=0 Discard counts discard_p2=0 discard_p1=0
2026-09-11 21:06:04.640478+09:00 [info] <0.504.0>@riak_kv_overflow_queue:log/5:129 riak_kv_reader job_id=0 has attempts=0 aborts=0 Queue lengths queue_p2=0 queue_p1=0 Overflow lengths overflow_p2=0 overflow_p1=0 Discard counts discard_p2=0 discard_p1=0
2026-09-11 21:06:14.709099+09:00 [info] <0.746.0>@riak_core_worker_pool:handle_info/3:257 worker_pool=be_pool has qlen=0 and no items checked out
2026-09-11 21:06:15.592108+09:00 [info] <0.735.0>@riak_core_worker_pool:handle_info/3:257 worker_pool=af3_pool has qlen=0 and no items checked out
2026-09-11 21:06:17.776223+09:00 [info] <0.731.0>@riak_core_worker_pool:handle_info/3:257 worker_pool=af2_pool has qlen=0 and no items checked out
2026-09-11 21:06:17.999653+09:00 [info] <0.710.0>@riak_core_worker_pool:handle_info/3:257 worker_pool=af1_pool has qlen=0 and no items checked out
2026-09-11 21:06:18.862467+09:00 [info] <0.7068.0>@leveled_monitor:handle_cast/2:625 log_ref=cdb19 db_id=3 Sample timings in microseconds for sample_count=0 with totals of cycle_count=0 index_time=0 read_time=0 with sample_period=210 seconds
2026-09-11 21:06:20.645998+09:00 [info] <0.7064.0>@riak_kv_vnode:handle_command/3:1479 Tictac AAE loop completed for partition=548063113999088594326381812268606132370974703616 with exchanges expected=6 exchanges completed=0 total deltas=0 total exchange_time=0 seconds loop duration=639 seconds (elapsed)
2026-09-11 21:06:21.374083+09:00 [info] <0.742.0>@riak_core_worker_pool:handle_info/3:257 worker_pool=af4_pool has qlen=0 and no items checked out
2026-09-11 21:06:33.604690+09:00 [info] <0.482.0>@riak_kv_replrtq_src:handle_info/2:646 QueueName=q1_ttaaefs has queue sizes p1=0 p2=0 p3=0
2026-09-11 21:06:48.868828+09:00 [info] <0.7068.0>@leveled_monitor:handle_cast/2:551 log_ref=b0017 db_id=3 Snapshot timing with sample_count=0 and bookie_time=0 pcl_time=0 with sample_period=210 seconds
2026-09-11 21:07:03.609182+09:00 [info] <0.482.0>@riak_kv_replrtq_src:handle_info/2:646 QueueName=q1_ttaaefs has queue sizes p1=0 p2=0 p3=0
2026-09-11 21:07:04.405047+09:00 [info] <0.492.0>@riak_kv_overflow_queue:log/5:129 riak_kv_reaper job_id=0 has attempts=0 aborts=0 Queue lengths queue_p2=0 queue_p1=0 Overflow lengths overflow_p2=0 overflow_p1=0 Discard counts discard_p2=0 discard_p1=0
2026-09-11 21:07:04.566070+09:00 [info] <0.503.0>@riak_kv_overflow_queue:log/5:129 riak_kv_eraser job_id=0 has attempts=0 aborts=0 Queue lengths queue_p2=0 queue_p1=0 Overflow lengths overflow_p2=0 overflow_p1=0 Discard counts discard_p2=0 discard_p1=0
2026-09-11 21:07:04.643430+09:00 [info] <0.504.0>@riak_kv_overflow_queue:log/5:129 riak_kv_reader job_id=0 has attempts=0 aborts=0 Queue lengths queue_p2=0 queue_p1=0 Overflow lengths overflow_p2=0 overflow_p1=0 Discard counts discard_p2=0 discard_p1=0
2026-09-11 21:07:10.533607+09:00 [info] <0.735.0>@riak_core_worker_pool:handle_info/3:257 worker_pool=af3_pool has qlen=0 and no items checked out
2026-09-11 21:07:11.854053+09:00 [info] <0.731.0>@riak_core_worker_pool:handle_info/3:257 worker_pool=af2_pool has qlen=0 and no items checked out
2026-09-11 21:07:14.653475+09:00 [info] <0.746.0>@riak_core_worker_pool:handle_info/3:257 worker_pool=be_pool has qlen=0 and no items checked out
2026-09-11 21:07:16.116665+09:00 [info] <0.710.0>@riak_core_worker_pool:handle_info/3:257 worker_pool=af1_pool has qlen=0 and no items checked out
2026-09-11 21:07:18.870643+09:00 [info] <0.7068.0>@leveled_monitor:handle_cast/2:494 log_ref=b0016 db_id=3 Get timing with sample_count=0 and head_time=0 body_time=0 with fetch_count=0 with sample_period=210 seconds
2026-09-11 21:07:19.970692+09:00 [info] <0.742.0>@riak_core_worker_pool:handle_info/3:257 worker_pool=af4_pool has qlen=0 and no items checked out
2026-09-11 21:07:33.617855+09:00 [info] <0.482.0>@riak_kv_replrtq_src:handle_info/2:646 QueueName=q1_ttaaefs has queue sizes p1=0 p2=0 p3=0
2026-09-11 21:07:48.875210+09:00 [info] <0.7068.0>@leveled_monitor:handle_cast/2:515 log_ref=b0018 db_id=3 Positive HEAD responses timed with sample_count=0 and cache_count=0 found_count=0 fetch_ledger_time=0 fetch_ledgercache_time=0 rsp_time=0 notfound_time=0 with sample_period=210 seconds
2026-09-11 21:08:03.629691+09:00 [info] <0.482.0>@riak_kv_replrtq_src:handle_info/2:646 QueueName=q1_ttaaefs has queue sizes p1=0 p2=0 p3=0
2026-09-11 21:08:04.410193+09:00 [info] <0.492.0>@riak_kv_overflow_queue:log/5:129 riak_kv_reaper job_id=0 has attempts=0 aborts=0 Queue lengths queue_p2=0 queue_p1=0 Overflow lengths overflow_p2=0 overflow_p1=0 Discard counts discard_p2=0 discard_p1=0
2026-09-11 21:08:04.589231+09:00 [info] <0.503.0>@riak_kv_overflow_queue:log/5:129 riak_kv_eraser job_id=0 has attempts=0 aborts=0 Queue lengths queue_p2=0 queue_p1=0 Overflow lengths overflow_p2=0 overflow_p1=0 Discard counts discard_p2=0 discard_p1=0
2026-09-11 21:08:04.650055+09:00 [info] <0.504.0>@riak_kv_overflow_queue:log/5:129 riak_kv_reader job_id=0 has attempts=0 aborts=0 Queue lengths queue_p2=0 queue_p1=0 Overflow lengths overflow_p2=0 overflow_p1=0 Discard counts discard_p2=0 discard_p1=0
2026-09-11 21:08:06.201363+09:00 [info] <0.735.0>@riak_core_worker_pool:handle_info/3:257 worker_pool=af3_pool has qlen=0 and no items checked out
2026-09-11 21:08:07.819747+09:00 [info] <0.731.0>@riak_core_worker_pool:handle_info/3:257 worker_pool=af2_pool has qlen=0 and no items checked out
2026-09-11 21:08:10.880691+09:00 [info] <0.710.0>@riak_core_worker_pool:handle_info/3:257 worker_pool=af1_pool has qlen=0 and no items checked out
2026-09-11 21:08:13.899660+09:00 [info] <0.746.0>@riak_core_worker_pool:handle_info/3:257 worker_pool=be_pool has qlen=0 and no items checked out
2026-09-11 21:08:19.173838+09:00 [info] <0.742.0>@riak_core_worker_pool:handle_info/3:257 worker_pool=af4_pool has qlen=0 and no items checked out
2026-09-11 21:08:33.647736+09:00 [info] <0.482.0>@riak_kv_replrtq_src:handle_info/2:646 QueueName=q1_ttaaefs has queue sizes p1=0 p2=0 p3=0
2026-09-11 21:08:48.878041+09:00 [info] <0.7068.0>@leveled_monitor:handle_cast/2:580 log_ref=p0032 db_id=3 Fetch head timing with sample_count=0 and level timings of foundmem_time=0 found0_time=0 found1_time=0 found2_time=0 found3_time=0 foundlower_time=0 missed_time=0 with counts of foundmem_count=0 found0_count=0 found1_count=0 found2_count=0 found3_count=0 foundlower_count=0 missed_count=0 with sample_period=210 seconds
2026-09-11 21:09:02.154083+09:00 [info] <0.735.0>@riak_core_worker_pool:handle_info/3:257 worker_pool=af3_pool has qlen=0 and no items checked out
2026-09-11 21:09:03.650040+09:00 [info] <0.482.0>@riak_kv_replrtq_src:handle_info/2:646 QueueName=q1_ttaaefs has queue sizes p1=0 p2=0 p3=0
2026-09-11 21:09:04.427550+09:00 [info] <0.492.0>@riak_kv_overflow_queue:log/5:129 riak_kv_reaper job_id=0 has attempts=0 aborts=0 Queue lengths queue_p2=0 queue_p1=0 Overflow lengths overflow_p2=0 overflow_p1=0 Discard counts discard_p2=0 discard_p1=0
2026-09-11 21:09:04.601161+09:00 [info] <0.503.0>@riak_kv_overflow_queue:log/5:129 riak_kv_eraser job_id=0 has attempts=0 aborts=0 Queue lengths queue_p2=0 queue_p1=0 Overflow lengths overflow_p2=0 overflow_p1=0 Discard counts discard_p2=0 discard_p1=0
2026-09-11 21:09:04.663669+09:00 [info] <0.731.0>@riak_core_worker_pool:handle_info/3:257 worker_pool=af2_pool has qlen=0 and no items checked out
2026-09-11 21:09:04.680400+09:00 [info] <0.504.0>@riak_kv_overflow_queue:log/5:129 riak_kv_reader job_id=0 has attempts=0 aborts=0 Queue lengths queue_p2=0 queue_p1=0 Overflow lengths overflow_p2=0 overflow_p1=0 Discard counts discard_p2=0 discard_p1=0
2026-09-11 21:09:09.439040+09:00 [info] <0.710.0>@riak_core_worker_pool:handle_info/3:257 worker_pool=af1_pool has qlen=0 and no items checked out
2026-09-11 21:09:10.444094+09:00 [info] <0.746.0>@riak_core_worker_pool:handle_info/3:257 worker_pool=be_pool has qlen=0 and no items checked out
2026-09-11 21:09:14.443678+09:00 [info] <0.742.0>@riak_core_worker_pool:handle_info/3:257 worker_pool=af4_pool has qlen=0 and no items checked out
2026-09-11 21:09:18.886016+09:00 [info] <0.7068.0>@leveled_monitor:handle_cast/2:534 log_ref=b0015 db_id=3 Put timing with sample_count=0 ink_time=0 prep_time=0 mem_time=0 with total_object_size=0 with sample_period=210 seconds
2026-09-11 21:09:33.654232+09:00 [info] <0.482.0>@riak_kv_replrtq_src:handle_info/2:646 QueueName=q1_ttaaefs has queue sizes p1=0 p2=0 p3=0
2026-09-11 21:09:48.897044+09:00 [info] <0.7068.0>@leveled_monitor:handle_cast/2:625 log_ref=cdb19 db_id=3 Sample timings in microseconds for sample_count=0 with totals of cycle_count=0 index_time=0 read_time=0 with sample_period=210 seconds
2026-09-11 21:09:57.602280+09:00 [info] <0.735.0>@riak_core_worker_pool:handle_info/3:257 worker_pool=af3_pool has qlen=0 and no items checked out
2026-09-11 21:10:02.341110+09:00 [info] <0.731.0>@riak_core_worker_pool:handle_info/3:257 worker_pool=af2_pool has qlen=0 and no items checked out
2026-09-11 21:10:03.657810+09:00 [info] <0.482.0>@riak_kv_replrtq_src:handle_info/2:646 QueueName=q1_ttaaefs has queue sizes p1=0 p2=0 p3=0
2026-09-11 21:10:04.431383+09:00 [info] <0.492.0>@riak_kv_overflow_queue:log/5:129 riak_kv_reaper job_id=0 has attempts=0 aborts=0 Queue lengths queue_p2=0 queue_p1=0 Overflow lengths overflow_p2=0 overflow_p1=0 Discard counts discard_p2=0 discard_p1=0
2026-09-11 21:10:04.603615+09:00 [info] <0.503.0>@riak_kv_overflow_queue:log/5:129 riak_kv_eraser job_id=0 has attempts=0 aborts=0 Queue lengths queue_p2=0 queue_p1=0 Overflow lengths overflow_p2=0 overflow_p1=0 Discard counts discard_p2=0 discard_p1=0
2026-09-11 21:10:04.690787+09:00 [info] <0.504.0>@riak_kv_overflow_queue:log/5:129 riak_kv_reader job_id=0 has attempts=0 aborts=0 Queue lengths queue_p2=0 queue_p1=0 Overflow lengths overflow_p2=0 overflow_p1=0 Discard counts discard_p2=0 discard_p1=0
2026-09-11 21:10:08.327713+09:00 [info] <0.710.0>@riak_core_worker_pool:handle_info/3:257 worker_pool=af1_pool has qlen=0 and no items checked out
2026-09-11 21:10:09.739854+09:00 [info] <0.742.0>@riak_core_worker_pool:handle_info/3:257 worker_pool=af4_pool has qlen=0 and no items checked out
2026-09-11 21:10:10.064260+09:00 [info] <0.746.0>@riak_core_worker_pool:handle_info/3:257 worker_pool=be_pool has qlen=0 and no items checked out
2026-09-11 21:10:18.921983+09:00 [info] <0.7068.0>@leveled_monitor:handle_cast/2:551 log_ref=b0017 db_id=3 Snapshot timing with sample_count=0 and bookie_time=0 pcl_time=0 with sample_period=210 seconds
2026-09-11 21:10:33.660048+09:00 [info] <0.482.0>@riak_kv_replrtq_src:handle_info/2:646 QueueName=q1_ttaaefs has queue sizes p1=0 p2=0 p3=0
2026-09-11 21:10:48.925792+09:00 [info] <0.7068.0>@leveled_monitor:handle_cast/2:494 log_ref=b0016 db_id=3 Get timing with sample_count=0 and head_time=0 body_time=0 with fetch_count=0 with sample_period=210 seconds
2026-09-11 21:10:56.727459+09:00 [info] <0.735.0>@riak_core_worker_pool:handle_info/3:257 worker_pool=af3_pool has qlen=0 and no items checked out
2026-09-11 21:10:59.253751+09:00 [info] <0.731.0>@riak_core_worker_pool:handle_info/3:257 worker_pool=af2_pool has qlen=0 and no items checked out
2026-09-11 21:11:03.671796+09:00 [info] <0.482.0>@riak_kv_replrtq_src:handle_info/2:646 QueueName=q1_ttaaefs has queue sizes p1=0 p2=0 p3=0
2026-09-11 21:11:04.446974+09:00 [info] <0.492.0>@riak_kv_overflow_queue:log/5:129 riak_kv_reaper job_id=0 has attempts=0 aborts=0 Queue lengths queue_p2=0 queue_p1=0 Overflow lengths overflow_p2=0 overflow_p1=0 Discard counts discard_p2=0 discard_p1=0
2026-09-11 21:11:04.612053+09:00 [info] <0.503.0>@riak_kv_overflow_queue:log/5:129 riak_kv_eraser job_id=0 has attempts=0 aborts=0 Queue lengths queue_p2=0 queue_p1=0 Overflow lengths overflow_p2=0 overflow_p1=0 Discard counts discard_p2=0 discard_p1=0
2026-09-11 21:11:04.693400+09:00 [info] <0.504.0>@riak_kv_overflow_queue:log/5:129 riak_kv_reader job_id=0 has attempts=0 aborts=0 Queue lengths queue_p2=0 queue_p1=0 Overflow lengths overflow_p2=0 overflow_p1=0 Discard counts discard_p2=0 discard_p1=0
2026-09-11 21:11:04.915428+09:00 [info] <0.710.0>@riak_core_worker_pool:handle_info/3:257 worker_pool=af1_pool has qlen=0 and no items checked out
2026-09-11 21:11:04.946224+09:00 [info] <0.742.0>@riak_core_worker_pool:handle_info/3:257 worker_pool=af4_pool has qlen=0 and no items checked out
2026-09-11 21:11:07.127842+09:00 [info] <0.746.0>@riak_core_worker_pool:handle_info/3:257 worker_pool=be_pool has qlen=0 and no items checked out
2026-09-11 21:11:18.926394+09:00 [info] <0.7068.0>@leveled_monitor:handle_cast/2:515 log_ref=b0018 db_id=3 Positive HEAD responses timed with sample_count=0 and cache_count=0 found_count=0 fetch_ledger_time=0 fetch_ledgercache_time=0 rsp_time=0 notfound_time=0 with sample_period=210 seconds
2026-09-11 21:11:33.674202+09:00 [info] <0.482.0>@riak_kv_replrtq_src:handle_info/2:646 QueueName=q1_ttaaefs has queue sizes p1=0 p2=0 p3=0
2026-09-11 21:11:51.301123+09:00 [info] <0.735.0>@riak_core_worker_pool:handle_info/3:257 worker_pool=af3_pool has qlen=0 and no items checked out
2026-09-11 21:11:53.424132+09:00 [info] <0.731.0>@riak_core_worker_pool:handle_info/3:257 worker_pool=af2_pool has qlen=0 and no items checked out
2026-09-11 21:12:00.037686+09:00 [info] <0.742.0>@riak_core_worker_pool:handle_info/3:257 worker_pool=af4_pool has qlen=0 and no items checked out
2026-09-11 21:12:03.605678+09:00 [info] <0.710.0>@riak_core_worker_pool:handle_info/3:257 worker_pool=af1_pool has qlen=0 and no items checked out
2026-09-11 21:12:03.676099+09:00 [info] <0.482.0>@riak_kv_replrtq_src:handle_info/2:646 QueueName=q1_ttaaefs has queue sizes p1=0 p2=0 p3=0
2026-09-11 21:12:04.474714+09:00 [info] <0.492.0>@riak_kv_overflow_queue:log/5:129 riak_kv_reaper job_id=0 has attempts=0 aborts=0 Queue lengths queue_p2=0 queue_p1=0 Overflow lengths overflow_p2=0 overflow_p1=0 Discard counts discard_p2=0 discard_p1=0
2026-09-11 21:12:04.616174+09:00 [info] <0.503.0>@riak_kv_overflow_queue:log/5:129 riak_kv_eraser job_id=0 has attempts=0 aborts=0 Queue lengths queue_p2=0 queue_p1=0 Overflow lengths overflow_p2=0 overflow_p1=0 Discard counts discard_p2=0 discard_p1=0
2026-09-11 21:12:04.701645+09:00 [info] <0.504.0>@riak_kv_overflow_queue:log/5:129 riak_kv_reader job_id=0 has attempts=0 aborts=0 Queue lengths queue_p2=0 queue_p1=0 Overflow lengths overflow_p2=0 overflow_p1=0 Discard counts discard_p2=0 discard_p1=0
2026-09-11 21:12:06.416026+09:00 [info] <0.746.0>@riak_core_worker_pool:handle_info/3:257 worker_pool=be_pool has qlen=0 and no items checked out
2026-09-11 21:12:18.942337+09:00 [info] <0.7068.0>@leveled_monitor:handle_cast/2:580 log_ref=p0032 db_id=3 Fetch head timing with sample_count=0 and level timings of foundmem_time=0 found0_time=0 found1_time=0 found2_time=0 found3_time=0 foundlower_time=0 missed_time=0 with counts of foundmem_count=0 found0_count=0 found1_count=0 found2_count=0 found3_count=0 foundlower_count=0 missed_count=0 with sample_period=210 seconds
2026-09-11 21:12:33.678043+09:00 [info] <0.482.0>@riak_kv_replrtq_src:handle_info/2:646 QueueName=q1_ttaaefs has queue sizes p1=0 p2=0 p3=0
2026-09-11 21:12:46.200598+09:00 [info] <0.735.0>@riak_core_worker_pool:handle_info/3:257 worker_pool=af3_pool has qlen=0 and no items checked out
2026-09-11 21:12:48.945807+09:00 [info] <0.7068.0>@leveled_monitor:handle_cast/2:534 log_ref=b0015 db_id=3 Put timing with sample_count=0 ink_time=0 prep_time=0 mem_time=0 with total_object_size=0 with sample_period=210 seconds
2026-09-11 21:12:49.524036+09:00 [info] <0.731.0>@riak_core_worker_pool:handle_info/3:257 worker_pool=af2_pool has qlen=0 and no items checked out
2026-09-11 21:12:58.636129+09:00 [info] <0.742.0>@riak_core_worker_pool:handle_info/3:257 worker_pool=af4_pool has qlen=0 and no items checked out
2026-09-11 21:13:02.203183+09:00 [info] <0.710.0>@riak_core_worker_pool:handle_info/3:257 worker_pool=af1_pool has qlen=0 and no items checked out
2026-09-11 21:13:03.684870+09:00 [info] <0.482.0>@riak_kv_replrtq_src:handle_info/2:646 QueueName=q1_ttaaefs has queue sizes p1=0 p2=0 p3=0
2026-09-11 21:13:04.477473+09:00 [info] <0.492.0>@riak_kv_overflow_queue:log/5:129 riak_kv_reaper job_id=0 has attempts=0 aborts=0 Queue lengths queue_p2=0 queue_p1=0 Overflow lengths overflow_p2=0 overflow_p1=0 Discard counts discard_p2=0 discard_p1=0
2026-09-11 21:13:04.484388+09:00 [info] <0.746.0>@riak_core_worker_pool:handle_info/3:257 worker_pool=be_pool has qlen=0 and no items checked out
2026-09-11 21:13:04.621380+09:00 [info] <0.503.0>@riak_kv_overflow_queue:log/5:129 riak_kv_eraser job_id=0 has attempts=0 aborts=0 Queue lengths queue_p2=0 queue_p1=0 Overflow lengths overflow_p2=0 overflow_p1=0 Discard counts discard_p2=0 discard_p1=0
2026-09-11 21:13:04.706264+09:00 [info] <0.504.0>@riak_kv_overflow_queue:log/5:129 riak_kv_reader job_id=0 has attempts=0 aborts=0 Queue lengths queue_p2=0 queue_p1=0 Overflow lengths overflow_p2=0 overflow_p1=0 Discard counts discard_p2=0 discard_p1=0
2026-09-11 21:13:18.946163+09:00 [info] <0.7068.0>@leveled_monitor:handle_cast/2:625 log_ref=cdb19 db_id=3 Sample timings in microseconds for sample_count=0 with totals of cycle_count=0 index_time=0 read_time=0 with sample_period=210 seconds
2026-09-11 21:13:33.696696+09:00 [info] <0.482.0>@riak_kv_replrtq_src:handle_info/2:646 QueueName=q1_ttaaefs has queue sizes p1=0 p2=0 p3=0
2026-09-11 21:13:44.375094+09:00 [info] <0.731.0>@riak_core_worker_pool:handle_info/3:257 worker_pool=af2_pool has qlen=0 and no items checked out
2026-09-11 21:13:45.132773+09:00 [info] <0.735.0>@riak_core_worker_pool:handle_info/3:257 worker_pool=af3_pool has qlen=0 and no items checked out
2026-09-11 21:13:48.947867+09:00 [info] <0.7068.0>@leveled_monitor:handle_cast/2:551 log_ref=b0017 db_id=3 Snapshot timing with sample_count=0 and bookie_time=0 pcl_time=0 with sample_period=210 seconds
2026-09-11 21:13:53.294517+09:00 [info] <0.742.0>@riak_core_worker_pool:handle_info/3:257 worker_pool=af4_pool has qlen=0 and no items checked out
2026-09-11 21:14:02.064801+09:00 [info] <0.710.0>@riak_core_worker_pool:handle_info/3:257 worker_pool=af1_pool has qlen=0 and no items checked out
2026-09-11 21:14:03.707147+09:00 [info] <0.482.0>@riak_kv_replrtq_src:handle_info/2:646 QueueName=q1_ttaaefs has queue sizes p1=0 p2=0 p3=0
2026-09-11 21:14:03.820590+09:00 [info] <0.746.0>@riak_core_worker_pool:handle_info/3:257 worker_pool=be_pool has qlen=0 and no items checked out
2026-09-11 21:14:04.491339+09:00 [info] <0.492.0>@riak_kv_overflow_queue:log/5:129 riak_kv_reaper job_id=0 has attempts=0 aborts=0 Queue lengths queue_p2=0 queue_p1=0 Overflow lengths overflow_p2=0 overflow_p1=0 Discard counts discard_p2=0 discard_p1=0
2026-09-11 21:14:04.627724+09:00 [info] <0.503.0>@riak_kv_overflow_queue:log/5:129 riak_kv_eraser job_id=0 has attempts=0 aborts=0 Queue lengths queue_p2=0 queue_p1=0 Overflow lengths overflow_p2=0 overflow_p1=0 Discard counts discard_p2=0 discard_p1=0
2026-09-11 21:14:04.718622+09:00 [info] <0.504.0>@riak_kv_overflow_queue:log/5:129 riak_kv_reader job_id=0 has attempts=0 aborts=0 Queue lengths queue_p2=0 queue_p1=0 Overflow lengths overflow_p2=0 overflow_p1=0 Discard counts discard_p2=0 discard_p1=0
2026-09-11 21:14:18.948301+09:00 [info] <0.7068.0>@leveled_monitor:handle_cast/2:494 log_ref=b0016 db_id=3 Get timing with sample_count=0 and head_time=0 body_time=0 with fetch_count=0 with sample_period=210 seconds
2026-09-11 21:14:20.644993+09:00 [warning] <0.7064.0>@riak_kv_vnode:handle_command/3:1565 Skipping a tick due to non_zero skip_count=5
2026-09-11 21:14:33.722254+09:00 [info] <0.482.0>@riak_kv_replrtq_src:handle_info/2:646 QueueName=q1_ttaaefs has queue sizes p1=0 p2=0 p3=0
2026-09-11 21:14:39.279172+09:00 [info] <0.731.0>@riak_core_worker_pool:handle_info/3:257 worker_pool=af2_pool has qlen=0 and no items checked out
2026-09-11 21:14:44.563760+09:00 [info] <0.735.0>@riak_core_worker_pool:handle_info/3:257 worker_pool=af3_pool has qlen=0 and no items checked out
2026-09-11 21:14:48.953546+09:00 [info] <0.7068.0>@leveled_monitor:handle_cast/2:515 log_ref=b0018 db_id=3 Positive HEAD responses timed with sample_count=0 and cache_count=0 found_count=0 fetch_ledger_time=0 fetch_ledgercache_time=0 rsp_time=0 notfound_time=0 with sample_period=210 seconds
2026-09-11 21:14:52.446097+09:00 [info] <0.742.0>@riak_core_worker_pool:handle_info/3:257 worker_pool=af4_pool has qlen=0 and no items checked out
2026-09-11 21:14:56.197608+09:00 [info] <0.710.0>@riak_core_worker_pool:handle_info/3:257 worker_pool=af1_pool has qlen=0 and no items checked out
2026-09-11 21:15:00.227651+09:00 [info] <0.746.0>@riak_core_worker_pool:handle_info/3:257 worker_pool=be_pool has qlen=0 and no items checked out
2026-09-11 21:15:03.727704+09:00 [info] <0.482.0>@riak_kv_replrtq_src:handle_info/2:646 QueueName=q1_ttaaefs has queue sizes p1=0 p2=0 p3=0
2026-09-11 21:15:04.505145+09:00 [info] <0.492.0>@riak_kv_overflow_queue:log/5:129 riak_kv_reaper job_id=0 has attempts=0 aborts=0 Queue lengths queue_p2=0 queue_p1=0 Overflow lengths overflow_p2=0 overflow_p1=0 Discard counts discard_p2=0 discard_p1=0
2026-09-11 21:15:04.643893+09:00 [info] <0.503.0>@riak_kv_overflow_queue:log/5:129 riak_kv_eraser job_id=0 has attempts=0 aborts=0 Queue lengths queue_p2=0 queue_p1=0 Overflow lengths overflow_p2=0 overflow_p1=0 Discard counts discard_p2=0 discard_p1=0
2026-09-11 21:15:04.721492+09:00 [info] <0.504.0>@riak_kv_overflow_queue:log/5:129 riak_kv_reader job_id=0 has attempts=0 aborts=0 Queue lengths queue_p2=0 queue_p1=0 Overflow lengths overflow_p2=0 overflow_p1=0 Discard counts discard_p2=0 discard_p1=0
2026-09-11 21:15:33.730145+09:00 [info] <0.482.0>@riak_kv_replrtq_src:handle_info/2:646 QueueName=q1_ttaaefs has queue sizes p1=0 p2=0 p3=0
2026-09-11 21:15:34.768652+09:00 [info] <0.731.0>@riak_core_worker_pool:handle_info/3:257 worker_pool=af2_pool has qlen=0 and no items checked out
2026-09-11 21:15:41.093100+09:00 [info] <0.735.0>@riak_core_worker_pool:handle_info/3:257 worker_pool=af3_pool has qlen=0 and no items checked out
2026-09-11 21:15:48.963815+09:00 [info] <0.7068.0>@leveled_monitor:handle_cast/2:580 log_ref=p0032 db_id=3 Fetch head timing with sample_count=0 and level timings of foundmem_time=0 found0_time=0 found1_time=0 found2_time=0 found3_time=0 foundlower_time=0 missed_time=0 with counts of foundmem_count=0 found0_count=0 found1_count=0 found2_count=0 found3_count=0 foundlower_count=0 missed_count=0 with sample_period=210 seconds
2026-09-11 21:15:49.388084+09:00 [info] <0.742.0>@riak_core_worker_pool:handle_info/3:257 worker_pool=af4_pool has qlen=0 and no items checked out
2026-09-11 21:15:52.594601+09:00 [info] <0.710.0>@riak_core_worker_pool:handle_info/3:257 worker_pool=af1_pool has qlen=0 and no items checked out
2026-09-11 21:15:57.825332+09:00 [info] <0.746.0>@riak_core_worker_pool:handle_info/3:257 worker_pool=be_pool has qlen=0 and no items checked out
2026-09-11 21:16:03.740829+09:00 [info] <0.482.0>@riak_kv_replrtq_src:handle_info/2:646 QueueName=q1_ttaaefs has queue sizes p1=0 p2=0 p3=0
2026-09-11 21:16:04.514186+09:00 [info] <0.492.0>@riak_kv_overflow_queue:log/5:129 riak_kv_reaper job_id=0 has attempts=0 aborts=0 Queue lengths queue_p2=0 queue_p1=0 Overflow lengths overflow_p2=0 overflow_p1=0 Discard counts discard_p2=0 discard_p1=0
2026-09-11 21:16:04.652130+09:00 [info] <0.503.0>@riak_kv_overflow_queue:log/5:129 riak_kv_eraser job_id=0 has attempts=0 aborts=0 Queue lengths queue_p2=0 queue_p1=0 Overflow lengths overflow_p2=0 overflow_p1=0 Discard counts discard_p2=0 discard_p1=0
2026-09-11 21:16:04.727613+09:00 [info] <0.504.0>@riak_kv_overflow_queue:log/5:129 riak_kv_reader job_id=0 has attempts=0 aborts=0 Queue lengths queue_p2=0 queue_p1=0 Overflow lengths overflow_p2=0 overflow_p1=0 Discard counts discard_p2=0 discard_p1=0
2026-09-11 21:16:18.964257+09:00 [info] <0.7068.0>@leveled_monitor:handle_cast/2:534 log_ref=b0015 db_id=3 Put timing with sample_count=0 ink_time=0 prep_time=0 mem_time=0 with total_object_size=0 with sample_period=210 seconds
2026-09-11 21:16:29.709198+09:00 [info] <0.731.0>@riak_core_worker_pool:handle_info/3:257 worker_pool=af2_pool has qlen=0 and no items checked out
2026-09-11 21:16:33.746262+09:00 [info] <0.482.0>@riak_kv_replrtq_src:handle_info/2:646 QueueName=q1_ttaaefs has queue sizes p1=0 p2=0 p3=0
2026-09-11 21:16:38.786153+09:00 [info] <0.735.0>@riak_core_worker_pool:handle_info/3:257 worker_pool=af3_pool has qlen=0 and no items checked out
2026-09-11 21:16:47.778664+09:00 [info] <0.710.0>@riak_core_worker_pool:handle_info/3:257 worker_pool=af1_pool has qlen=0 and no items checked out
2026-09-11 21:16:48.968827+09:00 [info] <0.7068.0>@leveled_monitor:handle_cast/2:625 log_ref=cdb19 db_id=3 Sample timings in microseconds for sample_count=0 with totals of cycle_count=0 index_time=0 read_time=0 with sample_period=210 seconds
2026-09-11 21:16:49.297105+09:00 [info] <0.742.0>@riak_core_worker_pool:handle_info/3:257 worker_pool=af4_pool has qlen=0 and no items checked out
2026-09-11 21:16:55.459133+09:00 [info] <0.746.0>@riak_core_worker_pool:handle_info/3:257 worker_pool=be_pool has qlen=0 and no items checked out
2026-09-11 21:17:03.763231+09:00 [info] <0.482.0>@riak_kv_replrtq_src:handle_info/2:646 QueueName=q1_ttaaefs has queue sizes p1=0 p2=0 p3=0
2026-09-11 21:17:04.529982+09:00 [info] <0.492.0>@riak_kv_overflow_queue:log/5:129 riak_kv_reaper job_id=0 has attempts=0 aborts=0 Queue lengths queue_p2=0 queue_p1=0 Overflow lengths overflow_p2=0 overflow_p1=0 Discard counts discard_p2=0 discard_p1=0
2026-09-11 21:17:04.656175+09:00 [info] <0.503.0>@riak_kv_overflow_queue:log/5:129 riak_kv_eraser job_id=0 has attempts=0 aborts=0 Queue lengths queue_p2=0 queue_p1=0 Overflow lengths overflow_p2=0 overflow_p1=0 Discard counts discard_p2=0 discard_p1=0
2026-09-11 21:17:04.743560+09:00 [info] <0.504.0>@riak_kv_overflow_queue:log/5:129 riak_kv_reader job_id=0 has attempts=0 aborts=0 Queue lengths queue_p2=0 queue_p1=0 Overflow lengths overflow_p2=0 overflow_p1=0 Discard counts discard_p2=0 discard_p1=0
2026-09-11 21:17:18.970195+09:00 [info] <0.7068.0>@leveled_monitor:handle_cast/2:551 log_ref=b0017 db_id=3 Snapshot timing with sample_count=0 and bookie_time=0 pcl_time=0 with sample_period=210 seconds
2026-09-11 21:17:26.372670+09:00 [info] <0.731.0>@riak_core_worker_pool:handle_info/3:257 worker_pool=af2_pool has qlen=0 and no items checked out
2026-09-11 21:17:33.768788+09:00 [info] <0.482.0>@riak_kv_replrtq_src:handle_info/2:646 QueueName=q1_ttaaefs has queue sizes p1=0 p2=0 p3=0
2026-09-11 21:17:34.387698+09:00 [info] <0.735.0>@riak_core_worker_pool:handle_info/3:257 worker_pool=af3_pool has qlen=0 and no items checked out
2026-09-11 21:17:44.652670+09:00 [info] <0.742.0>@riak_core_worker_pool:handle_info/3:257 worker_pool=af4_pool has qlen=0 and no items checked out
2026-09-11 21:17:47.680690+09:00 [info] <0.710.0>@riak_core_worker_pool:handle_info/3:257 worker_pool=af1_pool has qlen=0 and no items checked out
2026-09-11 21:17:48.971237+09:00 [info] <0.7068.0>@leveled_monitor:handle_cast/2:494 log_ref=b0016 db_id=3 Get timing with sample_count=0 and head_time=0 body_time=0 with fetch_count=0 with sample_period=210 seconds
2026-09-11 21:17:55.284554+09:00 [info] <0.746.0>@riak_core_worker_pool:handle_info/3:257 worker_pool=be_pool has qlen=0 and no items checked out
2026-09-11 21:18:03.784098+09:00 [info] <0.482.0>@riak_kv_replrtq_src:handle_info/2:646 QueueName=q1_ttaaefs has queue sizes p1=0 p2=0 p3=0
2026-09-11 21:18:04.533252+09:00 [info] <0.492.0>@riak_kv_overflow_queue:log/5:129 riak_kv_reaper job_id=0 has attempts=0 aborts=0 Queue lengths queue_p2=0 queue_p1=0 Overflow lengths overflow_p2=0 overflow_p1=0 Discard counts discard_p2=0 discard_p1=0
2026-09-11 21:18:04.660222+09:00 [info] <0.503.0>@riak_kv_overflow_queue:log/5:129 riak_kv_eraser job_id=0 has attempts=0 aborts=0 Queue lengths queue_p2=0 queue_p1=0 Overflow lengths overflow_p2=0 overflow_p1=0 Discard counts discard_p2=0 discard_p1=0
2026-09-11 21:18:04.755595+09:00 [info] <0.504.0>@riak_kv_overflow_queue:log/5:129 riak_kv_reader job_id=0 has attempts=0 aborts=0 Queue lengths queue_p2=0 queue_p1=0 Overflow lengths overflow_p2=0 overflow_p1=0 Discard counts discard_p2=0 discard_p1=0
2026-09-11 21:18:18.974999+09:00 [info] <0.7068.0>@leveled_monitor:handle_cast/2:515 log_ref=b0018 db_id=3 Positive HEAD responses timed with sample_count=0 and cache_count=0 found_count=0 fetch_ledger_time=0 fetch_ledgercache_time=0 rsp_time=0 notfound_time=0 with sample_period=210 seconds
2026-09-11 21:18:22.719135+09:00 [info] <0.731.0>@riak_core_worker_pool:handle_info/3:257 worker_pool=af2_pool has qlen=0 and no items checked out
2026-09-11 21:18:30.499671+09:00 [info] <0.735.0>@riak_core_worker_pool:handle_info/3:257 worker_pool=af3_pool has qlen=0 and no items checked out
2026-09-11 21:18:33.794817+09:00 [info] <0.482.0>@riak_kv_replrtq_src:handle_info/2:646 QueueName=q1_ttaaefs has queue sizes p1=0 p2=0 p3=0
2026-09-11 21:18:41.712114+09:00 [info] <0.710.0>@riak_core_worker_pool:handle_info/3:257 worker_pool=af1_pool has qlen=0 and no items checked out
2026-09-11 21:18:41.844883+09:00 [info] <0.742.0>@riak_core_worker_pool:handle_info/3:257 worker_pool=af4_pool has qlen=0 and no items checked out
2026-09-11 21:18:50.175132+09:00 [info] <0.746.0>@riak_core_worker_pool:handle_info/3:257 worker_pool=be_pool has qlen=0 and no items checked out
2026-09-11 21:19:03.797165+09:00 [info] <0.482.0>@riak_kv_replrtq_src:handle_info/2:646 QueueName=q1_ttaaefs has queue sizes p1=0 p2=0 p3=0
2026-09-11 21:19:04.544019+09:00 [info] <0.492.0>@riak_kv_overflow_queue:log/5:129 riak_kv_reaper job_id=0 has attempts=0 aborts=0 Queue lengths queue_p2=0 queue_p1=0 Overflow lengths overflow_p2=0 overflow_p1=0 Discard counts discard_p2=0 discard_p1=0
2026-09-11 21:19:04.662416+09:00 [info] <0.503.0>@riak_kv_overflow_queue:log/5:129 riak_kv_eraser job_id=0 has attempts=0 aborts=0 Queue lengths queue_p2=0 queue_p1=0 Overflow lengths overflow_p2=0 overflow_p1=0 Discard counts discard_p2=0 discard_p1=0
2026-09-11 21:19:04.765929+09:00 [info] <0.504.0>@riak_kv_overflow_queue:log/5:129 riak_kv_reader job_id=0 has attempts=0 aborts=0 Queue lengths queue_p2=0 queue_p1=0 Overflow lengths overflow_p2=0 overflow_p1=0 Discard counts discard_p2=0 discard_p1=0
2026-09-11 21:19:17.515107+09:00 [info] <0.731.0>@riak_core_worker_pool:handle_info/3:257 worker_pool=af2_pool has qlen=0 and no items checked out
2026-09-11 21:19:18.985820+09:00 [info] <0.7068.0>@leveled_monitor:handle_cast/2:580 log_ref=p0032 db_id=3 Fetch head timing with sample_count=0 and level timings of foundmem_time=0 found0_time=0 found1_time=0 found2_time=0 found3_time=0 foundlower_time=0 missed_time=0 with counts of foundmem_count=0 found0_count=0 found1_count=0 found2_count=0 found3_count=0 foundlower_count=0 missed_count=0 with sample_period=210 seconds
2026-09-11 21:19:26.987312+09:00 [info] <0.735.0>@riak_core_worker_pool:handle_info/3:257 worker_pool=af3_pool has qlen=0 and no items checked out
2026-09-11 21:19:33.810100+09:00 [info] <0.482.0>@riak_kv_replrtq_src:handle_info/2:646 QueueName=q1_ttaaefs has queue sizes p1=0 p2=0 p3=0
2026-09-11 21:19:36.585696+09:00 [info] <0.742.0>@riak_core_worker_pool:handle_info/3:257 worker_pool=af4_pool has qlen=0 and no items checked out
2026-09-11 21:19:38.725669+09:00 [info] <0.710.0>@riak_core_worker_pool:handle_info/3:257 worker_pool=af1_pool has qlen=0 and no items checked out
2026-09-11 21:19:45.587119+09:00 [info] <0.746.0>@riak_core_worker_pool:handle_info/3:257 worker_pool=be_pool has qlen=0 and no items checked out
2026-09-11 21:19:48.986368+09:00 [info] <0.7068.0>@leveled_monitor:handle_cast/2:534 log_ref=b0015 db_id=3 Put timing with sample_count=0 ink_time=0 prep_time=0 mem_time=0 with total_object_size=0 with sample_period=210 seconds
2026-09-11 21:20:03.822760+09:00 [info] <0.482.0>@riak_kv_replrtq_src:handle_info/2:646 QueueName=q1_ttaaefs has queue sizes p1=0 p2=0 p3=0
2026-09-11 21:20:04.549653+09:00 [info] <0.492.0>@riak_kv_overflow_queue:log/5:129 riak_kv_reaper job_id=0 has attempts=0 aborts=0 Queue lengths queue_p2=0 queue_p1=0 Overflow lengths overflow_p2=0 overflow_p1=0 Discard counts discard_p2=0 discard_p1=0
2026-09-11 21:20:04.668636+09:00 [info] <0.503.0>@riak_kv_overflow_queue:log/5:129 riak_kv_eraser job_id=0 has attempts=0 aborts=0 Queue lengths queue_p2=0 queue_p1=0 Overflow lengths overflow_p2=0 overflow_p1=0 Discard counts discard_p2=0 discard_p1=0
2026-09-11 21:20:04.775063+09:00 [info] <0.504.0>@riak_kv_overflow_queue:log/5:129 riak_kv_reader job_id=0 has attempts=0 aborts=0 Queue lengths queue_p2=0 queue_p1=0 Overflow lengths overflow_p2=0 overflow_p1=0 Discard counts discard_p2=0 discard_p1=0
2026-09-11 21:20:13.001068+09:00 [info] <0.731.0>@riak_core_worker_pool:handle_info/3:257 worker_pool=af2_pool has qlen=0 and no items checked out
2026-09-11 21:20:18.989153+09:00 [info] <0.7068.0>@leveled_monitor:handle_cast/2:625 log_ref=cdb19 db_id=3 Sample timings in microseconds for sample_count=0 with totals of cycle_count=0 index_time=0 read_time=0 with sample_period=210 seconds
2026-09-11 21:20:24.036867+09:00 [info] <0.735.0>@riak_core_worker_pool:handle_info/3:257 worker_pool=af3_pool has qlen=0 and no items checked out
2026-09-11 21:20:31.538599+09:00 [info] <0.742.0>@riak_core_worker_pool:handle_info/3:257 worker_pool=af4_pool has qlen=0 and no items checked out
2026-09-11 21:20:33.120112+09:00 [info] <0.710.0>@riak_core_worker_pool:handle_info/3:257 worker_pool=af1_pool has qlen=0 and no items checked out
2026-09-11 21:20:33.830357+09:00 [info] <0.482.0>@riak_kv_replrtq_src:handle_info/2:646 QueueName=q1_ttaaefs has queue sizes p1=0 p2=0 p3=0
2026-09-11 21:20:40.628626+09:00 [info] <0.746.0>@riak_core_worker_pool:handle_info/3:257 worker_pool=be_pool has qlen=0 and no items checked out
2026-09-11 21:20:48.994866+09:00 [info] <0.7068.0>@leveled_monitor:handle_cast/2:551 log_ref=b0017 db_id=3 Snapshot timing with sample_count=0 and bookie_time=0 pcl_time=0 with sample_period=210 seconds
2026-09-11 21:21:03.832042+09:00 [info] <0.482.0>@riak_kv_replrtq_src:handle_info/2:646 QueueName=q1_ttaaefs has queue sizes p1=0 p2=0 p3=0
2026-09-11 21:21:04.552493+09:00 [info] <0.492.0>@riak_kv_overflow_queue:log/5:129 riak_kv_reaper job_id=0 has attempts=0 aborts=0 Queue lengths queue_p2=0 queue_p1=0 Overflow lengths overflow_p2=0 overflow_p1=0 Discard counts discard_p2=0 discard_p1=0
2026-09-11 21:21:04.691448+09:00 [info] <0.503.0>@riak_kv_overflow_queue:log/5:129 riak_kv_eraser job_id=0 has attempts=0 aborts=0 Queue lengths queue_p2=0 queue_p1=0 Overflow lengths overflow_p2=0 overflow_p1=0 Discard counts discard_p2=0 discard_p1=0
2026-09-11 21:21:04.780129+09:00 [info] <0.504.0>@riak_kv_overflow_queue:log/5:129 riak_kv_reader job_id=0 has attempts=0 aborts=0 Queue lengths queue_p2=0 queue_p1=0 Overflow lengths overflow_p2=0 overflow_p1=0 Discard counts discard_p2=0 discard_p1=0
2026-09-11 21:21:09.172986+09:00 [info] <0.731.0>@riak_core_worker_pool:handle_info/3:257 worker_pool=af2_pool has qlen=0 and no items checked out
2026-09-11 21:21:18.997618+09:00 [info] <0.7068.0>@leveled_monitor:handle_cast/2:494 log_ref=b0016 db_id=3 Get timing with sample_count=0 and head_time=0 body_time=0 with fetch_count=0 with sample_period=210 seconds
2026-09-11 21:21:22.669607+09:00 [info] <0.735.0>@riak_core_worker_pool:handle_info/3:257 worker_pool=af3_pool has qlen=0 and no items checked out
2026-09-11 21:21:27.548346+09:00 [info] <0.742.0>@riak_core_worker_pool:handle_info/3:257 worker_pool=af4_pool has qlen=0 and no items checked out
2026-09-11 21:21:30.525142+09:00 [info] <0.710.0>@riak_core_worker_pool:handle_info/3:257 worker_pool=af1_pool has qlen=0 and no items checked out
2026-09-11 21:21:33.834810+09:00 [info] <0.482.0>@riak_kv_replrtq_src:handle_info/2:646 QueueName=q1_ttaaefs has queue sizes p1=0 p2=0 p3=0
2026-09-11 21:21:38.140543+09:00 [info] <0.746.0>@riak_core_worker_pool:handle_info/3:257 worker_pool=be_pool has qlen=0 and no items checked out
2026-09-11 21:21:48.998353+09:00 [info] <0.7068.0>@leveled_monitor:handle_cast/2:515 log_ref=b0018 db_id=3 Positive HEAD responses timed with sample_count=0 and cache_count=0 found_count=0 fetch_ledger_time=0 fetch_ledgercache_time=0 rsp_time=0 notfound_time=0 with sample_period=210 seconds
2026-09-11 21:22:03.848306+09:00 [info] <0.482.0>@riak_kv_replrtq_src:handle_info/2:646 QueueName=q1_ttaaefs has queue sizes p1=0 p2=0 p3=0
2026-09-11 21:22:04.559293+09:00 [info] <0.492.0>@riak_kv_overflow_queue:log/5:129 riak_kv_reaper job_id=0 has attempts=0 aborts=0 Queue lengths queue_p2=0 queue_p1=0 Overflow lengths overflow_p2=0 overflow_p1=0 Discard counts discard_p2=0 discard_p1=0
2026-09-11 21:22:04.694112+09:00 [info] <0.503.0>@riak_kv_overflow_queue:log/5:129 riak_kv_eraser job_id=0 has attempts=0 aborts=0 Queue lengths queue_p2=0 queue_p1=0 Overflow lengths overflow_p2=0 overflow_p1=0 Discard counts discard_p2=0 discard_p1=0
2026-09-11 21:22:04.789195+09:00 [info] <0.504.0>@riak_kv_overflow_queue:log/5:129 riak_kv_reader job_id=0 has attempts=0 aborts=0 Queue lengths queue_p2=0 queue_p1=0 Overflow lengths overflow_p2=0 overflow_p1=0 Discard counts discard_p2=0 discard_p1=0
2026-09-11 21:22:04.915176+09:00 [info] <0.731.0>@riak_core_worker_pool:handle_info/3:257 worker_pool=af2_pool has qlen=0 and no items checked out
2026-09-11 21:22:20.645182+09:00 [warning] <0.7064.0>@riak_kv_vnode:handle_command/3:1565 Skipping a tick due to non_zero skip_count=4
2026-09-11 21:22:21.412741+09:00 [info] <0.735.0>@riak_core_worker_pool:handle_info/3:257 worker_pool=af3_pool has qlen=0 and no items checked out
2026-09-11 21:22:21.846165+09:00 [info] <0.742.0>@riak_core_worker_pool:handle_info/3:257 worker_pool=af4_pool has qlen=0 and no items checked out
2026-09-11 21:22:30.090020+09:00 [info] <0.710.0>@riak_core_worker_pool:handle_info/3:257 worker_pool=af1_pool has qlen=0 and no items checked out
2026-09-11 21:22:33.850335+09:00 [info] <0.482.0>@riak_kv_replrtq_src:handle_info/2:646 QueueName=q1_ttaaefs has queue sizes p1=0 p2=0 p3=0
2026-09-11 21:22:36.138672+09:00 [info] <0.746.0>@riak_core_worker_pool:handle_info/3:257 worker_pool=be_pool has qlen=0 and no items checked out
2026-09-11 21:22:49.007569+09:00 [info] <0.7068.0>@leveled_monitor:handle_cast/2:580 log_ref=p0032 db_id=3 Fetch head timing with sample_count=0 and level timings of foundmem_time=0 found0_time=0 found1_time=0 found2_time=0 found3_time=0 foundlower_time=0 missed_time=0 with counts of foundmem_count=0 found0_count=0 found1_count=0 found2_count=0 found3_count=0 foundlower_count=0 missed_count=0 with sample_period=210 seconds
2026-09-11 21:23:03.202685+09:00 [info] <0.731.0>@riak_core_worker_pool:handle_info/3:257 worker_pool=af2_pool has qlen=0 and no items checked out
2026-09-11 21:23:03.852066+09:00 [info] <0.482.0>@riak_kv_replrtq_src:handle_info/2:646 QueueName=q1_ttaaefs has queue sizes p1=0 p2=0 p3=0
2026-09-11 21:23:04.567122+09:00 [info] <0.492.0>@riak_kv_overflow_queue:log/5:129 riak_kv_reaper job_id=0 has attempts=0 aborts=0 Queue lengths queue_p2=0 queue_p1=0 Overflow lengths overflow_p2=0 overflow_p1=0 Discard counts discard_p2=0 discard_p1=0
2026-09-11 21:23:04.696408+09:00 [info] <0.503.0>@riak_kv_overflow_queue:log/5:129 riak_kv_eraser job_id=0 has attempts=0 aborts=0 Queue lengths queue_p2=0 queue_p1=0 Overflow lengths overflow_p2=0 overflow_p1=0 Discard counts discard_p2=0 discard_p1=0
2026-09-11 21:23:04.793983+09:00 [info] <0.504.0>@riak_kv_overflow_queue:log/5:129 riak_kv_reader job_id=0 has attempts=0 aborts=0 Queue lengths queue_p2=0 queue_p1=0 Overflow lengths overflow_p2=0 overflow_p1=0 Discard counts discard_p2=0 discard_p1=0
2026-09-11 21:23:16.169073+09:00 [info] <0.742.0>@riak_core_worker_pool:handle_info/3:257 worker_pool=af4_pool has qlen=0 and no items checked out
2026-09-11 21:23:18.386994+09:00 [info] <0.735.0>@riak_core_worker_pool:handle_info/3:257 worker_pool=af3_pool has qlen=0 and no items checked out
2026-09-11 21:23:19.009581+09:00 [info] <0.7068.0>@leveled_monitor:handle_cast/2:534 log_ref=b0015 db_id=3 Put timing with sample_count=0 ink_time=0 prep_time=0 mem_time=0 with total_object_size=0 with sample_period=210 seconds
2026-09-11 21:23:29.582558+09:00 [info] <0.710.0>@riak_core_worker_pool:handle_info/3:257 worker_pool=af1_pool has qlen=0 and no items checked out
2026-09-11 21:23:33.241059+09:00 [info] <0.746.0>@riak_core_worker_pool:handle_info/3:257 worker_pool=be_pool has qlen=0 and no items checked out
2026-09-11 21:23:33.860227+09:00 [info] <0.482.0>@riak_kv_replrtq_src:handle_info/2:646 QueueName=q1_ttaaefs has queue sizes p1=0 p2=0 p3=0
2026-09-11 21:23:49.012192+09:00 [info] <0.7068.0>@leveled_monitor:handle_cast/2:625 log_ref=cdb19 db_id=3 Sample timings in microseconds for sample_count=0 with totals of cycle_count=0 index_time=0 read_time=0 with sample_period=210 seconds
2026-09-11 21:24:01.445824+09:00 [info] <0.731.0>@riak_core_worker_pool:handle_info/3:257 worker_pool=af2_pool has qlen=0 and no items checked out
2026-09-11 21:24:03.862013+09:00 [info] <0.482.0>@riak_kv_replrtq_src:handle_info/2:646 QueueName=q1_ttaaefs has queue sizes p1=0 p2=0 p3=0
2026-09-11 21:24:04.569611+09:00 [info] <0.492.0>@riak_kv_overflow_queue:log/5:129 riak_kv_reaper job_id=0 has attempts=0 aborts=0 Queue lengths queue_p2=0 queue_p1=0 Overflow lengths overflow_p2=0 overflow_p1=0 Discard counts discard_p2=0 discard_p1=0
2026-09-11 21:24:04.703235+09:00 [info] <0.503.0>@riak_kv_overflow_queue:log/5:129 riak_kv_eraser job_id=0 has attempts=0 aborts=0 Queue lengths queue_p2=0 queue_p1=0 Overflow lengths overflow_p2=0 overflow_p1=0 Discard counts discard_p2=0 discard_p1=0
2026-09-11 21:24:04.799261+09:00 [info] <0.504.0>@riak_kv_overflow_queue:log/5:129 riak_kv_reader job_id=0 has attempts=0 aborts=0 Queue lengths queue_p2=0 queue_p1=0 Overflow lengths overflow_p2=0 overflow_p1=0 Discard counts discard_p2=0 discard_p1=0
2026-09-11 21:24:10.545085+09:00 [info] <0.742.0>@riak_core_worker_pool:handle_info/3:257 worker_pool=af4_pool has qlen=0 and no items checked out
2026-09-11 21:24:14.573175+09:00 [info] <0.735.0>@riak_core_worker_pool:handle_info/3:257 worker_pool=af3_pool has qlen=0 and no items checked out
2026-09-11 21:24:19.013190+09:00 [info] <0.7068.0>@leveled_monitor:handle_cast/2:551 log_ref=b0017 db_id=3 Snapshot timing with sample_count=0 and bookie_time=0 pcl_time=0 with sample_period=210 seconds
2026-09-11 21:24:25.203017+09:00 [info] <0.710.0>@riak_core_worker_pool:handle_info/3:257 worker_pool=af1_pool has qlen=0 and no items checked out
2026-09-11 21:24:30.958777+09:00 [info] <0.746.0>@riak_core_worker_pool:handle_info/3:257 worker_pool=be_pool has qlen=0 and no items checked out
2026-09-11 21:24:33.864807+09:00 [info] <0.482.0>@riak_kv_replrtq_src:handle_info/2:646 QueueName=q1_ttaaefs has queue sizes p1=0 p2=0 p3=0
2026-09-11 21:24:49.017890+09:00 [info] <0.7068.0>@leveled_monitor:handle_cast/2:494 log_ref=b0016 db_id=3 Get timing with sample_count=0 and head_time=0 body_time=0 with fetch_count=0 with sample_period=210 seconds
2026-09-11 21:24:57.776669+09:00 [info] <0.731.0>@riak_core_worker_pool:handle_info/3:257 worker_pool=af2_pool has qlen=0 and no items checked out
2026-09-11 21:25:03.869804+09:00 [info] <0.482.0>@riak_kv_replrtq_src:handle_info/2:646 QueueName=q1_ttaaefs has queue sizes p1=0 p2=0 p3=0
2026-09-11 21:25:04.576094+09:00 [info] <0.492.0>@riak_kv_overflow_queue:log/5:129 riak_kv_reaper job_id=0 has attempts=0 aborts=0 Queue lengths queue_p2=0 queue_p1=0 Overflow lengths overflow_p2=0 overflow_p1=0 Discard counts discard_p2=0 discard_p1=0
2026-09-11 21:25:04.715016+09:00 [info] <0.503.0>@riak_kv_overflow_queue:log/5:129 riak_kv_eraser job_id=0 has attempts=0 aborts=0 Queue lengths queue_p2=0 queue_p1=0 Overflow lengths overflow_p2=0 overflow_p1=0 Discard counts discard_p2=0 discard_p1=0
2026-09-11 21:25:04.805414+09:00 [info] <0.504.0>@riak_kv_overflow_queue:log/5:129 riak_kv_reader job_id=0 has attempts=0 aborts=0 Queue lengths queue_p2=0 queue_p1=0 Overflow lengths overflow_p2=0 overflow_p1=0 Discard counts discard_p2=0 discard_p1=0
2026-09-11 21:25:10.128114+09:00 [info] <0.742.0>@riak_core_worker_pool:handle_info/3:257 worker_pool=af4_pool has qlen=0 and no items checked out
2026-09-11 21:25:10.799120+09:00 [info] <0.735.0>@riak_core_worker_pool:handle_info/3:257 worker_pool=af3_pool has qlen=0 and no items checked out
2026-09-11 21:25:19.018370+09:00 [info] <0.7068.0>@leveled_monitor:handle_cast/2:515 log_ref=b0018 db_id=3 Positive HEAD responses timed with sample_count=0 and cache_count=0 found_count=0 fetch_ledger_time=0 fetch_ledgercache_time=0 rsp_time=0 notfound_time=0 with sample_period=210 seconds
2026-09-11 21:25:21.995631+09:00 [info] <0.710.0>@riak_core_worker_pool:handle_info/3:257 worker_pool=af1_pool has qlen=0 and no items checked out
2026-09-11 21:25:26.323393+09:00 [info] <0.746.0>@riak_core_worker_pool:handle_info/3:257 worker_pool=be_pool has qlen=0 and no items checked out
2026-09-11 21:25:33.876655+09:00 [info] <0.482.0>@riak_kv_replrtq_src:handle_info/2:646 QueueName=q1_ttaaefs has queue sizes p1=0 p2=0 p3=0
2026-09-11 21:25:56.092665+09:00 [info] <0.731.0>@riak_core_worker_pool:handle_info/3:257 worker_pool=af2_pool has qlen=0 and no items checked out
2026-09-11 21:26:03.883691+09:00 [info] <0.482.0>@riak_kv_replrtq_src:handle_info/2:646 QueueName=q1_ttaaefs has queue sizes p1=0 p2=0 p3=0
2026-09-11 21:26:04.578607+09:00 [info] <0.492.0>@riak_kv_overflow_queue:log/5:129 riak_kv_reaper job_id=0 has attempts=0 aborts=0 Queue lengths queue_p2=0 queue_p1=0 Overflow lengths overflow_p2=0 overflow_p1=0 Discard counts discard_p2=0 discard_p1=0
2026-09-11 21:26:04.721172+09:00 [info] <0.503.0>@riak_kv_overflow_queue:log/5:129 riak_kv_eraser job_id=0 has attempts=0 aborts=0 Queue lengths queue_p2=0 queue_p1=0 Overflow lengths overflow_p2=0 overflow_p1=0 Discard counts discard_p2=0 discard_p1=0
2026-09-11 21:26:04.807654+09:00 [info] <0.504.0>@riak_kv_overflow_queue:log/5:129 riak_kv_reader job_id=0 has attempts=0 aborts=0 Queue lengths queue_p2=0 queue_p1=0 Overflow lengths overflow_p2=0 overflow_p1=0 Discard counts discard_p2=0 discard_p1=0
2026-09-11 21:26:07.365686+09:00 [info] <0.742.0>@riak_core_worker_pool:handle_info/3:257 worker_pool=af4_pool has qlen=0 and no items checked out
2026-09-11 21:26:08.389753+09:00 [info] <0.735.0>@riak_core_worker_pool:handle_info/3:257 worker_pool=af3_pool has qlen=0 and no items checked out
2026-09-11 21:26:19.022261+09:00 [info] <0.7068.0>@leveled_monitor:handle_cast/2:580 log_ref=p0032 db_id=3 Fetch head timing with sample_count=0 and level timings of foundmem_time=0 found0_time=0 found1_time=0 found2_time=0 found3_time=0 foundlower_time=0 missed_time=0 with counts of foundmem_count=0 found0_count=0 found1_count=0 found2_count=0 found3_count=0 foundlower_count=0 missed_count=0 with sample_period=210 seconds
2026-09-11 21:26:20.548082+09:00 [info] <0.746.0>@riak_core_worker_pool:handle_info/3:257 worker_pool=be_pool has qlen=0 and no items checked out
2026-09-11 21:26:21.583079+09:00 [info] <0.710.0>@riak_core_worker_pool:handle_info/3:257 worker_pool=af1_pool has qlen=0 and no items checked out
2026-09-11 21:26:33.890251+09:00 [info] <0.482.0>@riak_kv_replrtq_src:handle_info/2:646 QueueName=q1_ttaaefs has queue sizes p1=0 p2=0 p3=0
2026-09-11 21:26:49.027312+09:00 [info] <0.7068.0>@leveled_monitor:handle_cast/2:534 log_ref=b0015 db_id=3 Put timing with sample_count=0 ink_time=0 prep_time=0 mem_time=0 with total_object_size=0 with sample_period=210 seconds
2026-09-11 21:26:53.860026+09:00 [info] <0.731.0>@riak_core_worker_pool:handle_info/3:257 worker_pool=af2_pool has qlen=0 and no items checked out
2026-09-11 21:27:03.586052+09:00 [info] <0.742.0>@riak_core_worker_pool:handle_info/3:257 worker_pool=af4_pool has qlen=0 and no items checked out
2026-09-11 21:27:03.899647+09:00 [info] <0.482.0>@riak_kv_replrtq_src:handle_info/2:646 QueueName=q1_ttaaefs has queue sizes p1=0 p2=0 p3=0
2026-09-11 21:27:04.588512+09:00 [info] <0.492.0>@riak_kv_overflow_queue:log/5:129 riak_kv_reaper job_id=0 has attempts=0 aborts=0 Queue lengths queue_p2=0 queue_p1=0 Overflow lengths overflow_p2=0 overflow_p1=0 Discard counts discard_p2=0 discard_p1=0
2026-09-11 21:27:04.728428+09:00 [info] <0.503.0>@riak_kv_overflow_queue:log/5:129 riak_kv_eraser job_id=0 has attempts=0 aborts=0 Queue lengths queue_p2=0 queue_p1=0 Overflow lengths overflow_p2=0 overflow_p1=0 Discard counts discard_p2=0 discard_p1=0
2026-09-11 21:27:04.814279+09:00 [info] <0.504.0>@riak_kv_overflow_queue:log/5:129 riak_kv_reader job_id=0 has attempts=0 aborts=0 Queue lengths queue_p2=0 queue_p1=0 Overflow lengths overflow_p2=0 overflow_p1=0 Discard counts discard_p2=0 discard_p1=0
2026-09-11 21:27:07.490659+09:00 [info] <0.735.0>@riak_core_worker_pool:handle_info/3:257 worker_pool=af3_pool has qlen=0 and no items checked out
2026-09-11 21:27:18.210243+09:00 [info] <0.710.0>@riak_core_worker_pool:handle_info/3:257 worker_pool=af1_pool has qlen=0 and no items checked out
2026-09-11 21:27:18.764023+09:00 [info] <0.746.0>@riak_core_worker_pool:handle_info/3:257 worker_pool=be_pool has qlen=0 and no items checked out
2026-09-11 21:27:19.028248+09:00 [info] <0.7068.0>@leveled_monitor:handle_cast/2:625 log_ref=cdb19 db_id=3 Sample timings in microseconds for sample_count=0 with totals of cycle_count=0 index_time=0 read_time=0 with sample_period=210 seconds
2026-09-11 21:27:33.905658+09:00 [info] <0.482.0>@riak_kv_replrtq_src:handle_info/2:646 QueueName=q1_ttaaefs has queue sizes p1=0 p2=0 p3=0
2026-09-11 21:27:48.420110+09:00 [info] <0.731.0>@riak_core_worker_pool:handle_info/3:257 worker_pool=af2_pool has qlen=0 and no items checked out
2026-09-11 21:27:49.029309+09:00 [info] <0.7068.0>@leveled_monitor:handle_cast/2:551 log_ref=b0017 db_id=3 Snapshot timing with sample_count=0 and bookie_time=0 pcl_time=0 with sample_period=210 seconds
2026-09-11 21:28:00.941962+09:00 [info] <0.742.0>@riak_core_worker_pool:handle_info/3:257 worker_pool=af4_pool has qlen=0 and no items checked out
2026-09-11 21:28:02.243650+09:00 [info] <0.735.0>@riak_core_worker_pool:handle_info/3:257 worker_pool=af3_pool has qlen=0 and no items checked out
2026-09-11 21:28:03.912018+09:00 [info] <0.482.0>@riak_kv_replrtq_src:handle_info/2:646 QueueName=q1_ttaaefs has queue sizes p1=0 p2=0 p3=0
2026-09-11 21:28:04.591738+09:00 [info] <0.492.0>@riak_kv_overflow_queue:log/5:129 riak_kv_reaper job_id=0 has attempts=0 aborts=0 Queue lengths queue_p2=0 queue_p1=0 Overflow lengths overflow_p2=0 overflow_p1=0 Discard counts discard_p2=0 discard_p1=0
2026-09-11 21:28:04.735877+09:00 [info] <0.503.0>@riak_kv_overflow_queue:log/5:129 riak_kv_eraser job_id=0 has attempts=0 aborts=0 Queue lengths queue_p2=0 queue_p1=0 Overflow lengths overflow_p2=0 overflow_p1=0 Discard counts discard_p2=0 discard_p1=0
2026-09-11 21:28:04.819268+09:00 [info] <0.504.0>@riak_kv_overflow_queue:log/5:129 riak_kv_reader job_id=0 has attempts=0 aborts=0 Queue lengths queue_p2=0 queue_p1=0 Overflow lengths overflow_p2=0 overflow_p1=0 Discard counts discard_p2=0 discard_p1=0
2026-09-11 21:28:14.748988+09:00 [info] <0.710.0>@riak_core_worker_pool:handle_info/3:257 worker_pool=af1_pool has qlen=0 and no items checked out
2026-09-11 21:28:18.133776+09:00 [info] <0.746.0>@riak_core_worker_pool:handle_info/3:257 worker_pool=be_pool has qlen=0 and no items checked out
2026-09-11 21:28:19.037012+09:00 [info] <0.7068.0>@leveled_monitor:handle_cast/2:494 log_ref=b0016 db_id=3 Get timing with sample_count=0 and head_time=0 body_time=0 with fetch_count=0 with sample_period=210 seconds
2026-09-11 21:28:33.918858+09:00 [info] <0.482.0>@riak_kv_replrtq_src:handle_info/2:646 QueueName=q1_ttaaefs has queue sizes p1=0 p2=0 p3=0
2026-09-11 21:28:46.902724+09:00 [info] <0.731.0>@riak_core_worker_pool:handle_info/3:257 worker_pool=af2_pool has qlen=0 and no items checked out
2026-09-11 21:28:49.037338+09:00 [info] <0.7068.0>@leveled_monitor:handle_cast/2:515 log_ref=b0018 db_id=3 Positive HEAD responses timed with sample_count=0 and cache_count=0 found_count=0 fetch_ledger_time=0 fetch_ledgercache_time=0 rsp_time=0 notfound_time=0 with sample_period=210 seconds
2026-09-11 21:28:56.557053+09:00 [info] <0.742.0>@riak_core_worker_pool:handle_info/3:257 worker_pool=af4_pool has qlen=0 and no items checked out
2026-09-11 21:29:00.767613+09:00 [info] <0.735.0>@riak_core_worker_pool:handle_info/3:257 worker_pool=af3_pool has qlen=0 and no items checked out
2026-09-11 21:29:03.923654+09:00 [info] <0.482.0>@riak_kv_replrtq_src:handle_info/2:646 QueueName=q1_ttaaefs has queue sizes p1=0 p2=0 p3=0
2026-09-11 21:29:04.607607+09:00 [info] <0.492.0>@riak_kv_overflow_queue:log/5:129 riak_kv_reaper job_id=0 has attempts=0 aborts=0 Queue lengths queue_p2=0 queue_p1=0 Overflow lengths overflow_p2=0 overflow_p1=0 Discard counts discard_p2=0 discard_p1=0
2026-09-11 21:29:04.742065+09:00 [info] <0.503.0>@riak_kv_overflow_queue:log/5:129 riak_kv_eraser job_id=0 has attempts=0 aborts=0 Queue lengths queue_p2=0 queue_p1=0 Overflow lengths overflow_p2=0 overflow_p1=0 Discard counts discard_p2=0 discard_p1=0
2026-09-11 21:29:04.832443+09:00 [info] <0.504.0>@riak_kv_overflow_queue:log/5:129 riak_kv_reader job_id=0 has attempts=0 aborts=0 Queue lengths queue_p2=0 queue_p1=0 Overflow lengths overflow_p2=0 overflow_p1=0 Discard counts discard_p2=0 discard_p1=0
2026-09-11 21:29:10.674740+09:00 [info] <0.710.0>@riak_core_worker_pool:handle_info/3:257 worker_pool=af1_pool has qlen=0 and no items checked out
2026-09-11 21:29:14.159491+09:00 [info] <0.746.0>@riak_core_worker_pool:handle_info/3:257 worker_pool=be_pool has qlen=0 and no items checked out
2026-09-11 21:29:33.928800+09:00 [info] <0.482.0>@riak_kv_replrtq_src:handle_info/2:646 QueueName=q1_ttaaefs has queue sizes p1=0 p2=0 p3=0
2026-09-11 21:29:41.857049+09:00 [info] <0.731.0>@riak_core_worker_pool:handle_info/3:257 worker_pool=af2_pool has qlen=0 and no items checked out
2026-09-11 21:29:49.041237+09:00 [info] <0.7068.0>@leveled_monitor:handle_cast/2:580 log_ref=p0032 db_id=3 Fetch head timing with sample_count=0 and level timings of foundmem_time=0 found0_time=0 found1_time=0 found2_time=0 found3_time=0 foundlower_time=0 missed_time=0 with counts of foundmem_count=0 found0_count=0 found1_count=0 found2_count=0 found3_count=0 foundlower_count=0 missed_count=0 with sample_period=210 seconds
2026-09-11 21:29:54.252074+09:00 [info] <0.742.0>@riak_core_worker_pool:handle_info/3:257 worker_pool=af4_pool has qlen=0 and no items checked out
2026-09-11 21:29:57.060869+09:00 [info] <0.735.0>@riak_core_worker_pool:handle_info/3:257 worker_pool=af3_pool has qlen=0 and no items checked out
2026-09-11 21:30:03.931881+09:00 [info] <0.482.0>@riak_kv_replrtq_src:handle_info/2:646 QueueName=q1_ttaaefs has queue sizes p1=0 p2=0 p3=0
2026-09-11 21:30:04.612132+09:00 [info] <0.492.0>@riak_kv_overflow_queue:log/5:129 riak_kv_reaper job_id=0 has attempts=0 aborts=0 Queue lengths queue_p2=0 queue_p1=0 Overflow lengths overflow_p2=0 overflow_p1=0 Discard counts discard_p2=0 discard_p1=0
2026-09-11 21:30:04.747193+09:00 [info] <0.503.0>@riak_kv_overflow_queue:log/5:129 riak_kv_eraser job_id=0 has attempts=0 aborts=0 Queue lengths queue_p2=0 queue_p1=0 Overflow lengths overflow_p2=0 overflow_p1=0 Discard counts discard_p2=0 discard_p1=0
2026-09-11 21:30:04.837211+09:00 [info] <0.504.0>@riak_kv_overflow_queue:log/5:129 riak_kv_reader job_id=0 has attempts=0 aborts=0 Queue lengths queue_p2=0 queue_p1=0 Overflow lengths overflow_p2=0 overflow_p1=0 Discard counts discard_p2=0 discard_p1=0
2026-09-11 21:30:08.728930+09:00 [info] <0.746.0>@riak_core_worker_pool:handle_info/3:257 worker_pool=be_pool has qlen=0 and no items checked out
2026-09-11 21:30:08.876092+09:00 [info] <0.710.0>@riak_core_worker_pool:handle_info/3:257 worker_pool=af1_pool has qlen=0 and no items checked out
2026-09-11 21:30:19.042215+09:00 [info] <0.7068.0>@leveled_monitor:handle_cast/2:534 log_ref=b0015 db_id=3 Put timing with sample_count=0 ink_time=0 prep_time=0 mem_time=0 with total_object_size=0 with sample_period=210 seconds
2026-09-11 21:30:20.647801+09:00 [warning] <0.7064.0>@riak_kv_vnode:handle_command/3:1565 Skipping a tick due to non_zero skip_count=3
2026-09-11 21:30:33.944698+09:00 [info] <0.482.0>@riak_kv_replrtq_src:handle_info/2:646 QueueName=q1_ttaaefs has queue sizes p1=0 p2=0 p3=0
2026-09-11 21:30:38.602106+09:00 [info] <0.731.0>@riak_core_worker_pool:handle_info/3:257 worker_pool=af2_pool has qlen=0 and no items checked out
2026-09-11 21:30:49.043314+09:00 [info] <0.7068.0>@leveled_monitor:handle_cast/2:625 log_ref=cdb19 db_id=3 Sample timings in microseconds for sample_count=0 with totals of cycle_count=0 index_time=0 read_time=0 with sample_period=210 seconds
2026-09-11 21:30:49.253691+09:00 [info] <0.742.0>@riak_core_worker_pool:handle_info/3:257 worker_pool=af4_pool has qlen=0 and no items checked out
2026-09-11 21:30:54.353646+09:00 [info] <0.735.0>@riak_core_worker_pool:handle_info/3:257 worker_pool=af3_pool has qlen=0 and no items checked out
2026-09-11 21:31:03.947147+09:00 [info] <0.482.0>@riak_kv_replrtq_src:handle_info/2:646 QueueName=q1_ttaaefs has queue sizes p1=0 p2=0 p3=0
2026-09-11 21:31:04.087679+09:00 [info] <0.710.0>@riak_core_worker_pool:handle_info/3:257 worker_pool=af1_pool has qlen=0 and no items checked out
2026-09-11 21:31:04.619004+09:00 [info] <0.492.0>@riak_kv_overflow_queue:log/5:129 riak_kv_reaper job_id=0 has attempts=0 aborts=0 Queue lengths queue_p2=0 queue_p1=0 Overflow lengths overflow_p2=0 overflow_p1=0 Discard counts discard_p2=0 discard_p1=0
2026-09-11 21:31:04.759778+09:00 [info] <0.503.0>@riak_kv_overflow_queue:log/5:129 riak_kv_eraser job_id=0 has attempts=0 aborts=0 Queue lengths queue_p2=0 queue_p1=0 Overflow lengths overflow_p2=0 overflow_p1=0 Discard counts discard_p2=0 discard_p1=0
2026-09-11 21:31:04.846003+09:00 [info] <0.504.0>@riak_kv_overflow_queue:log/5:129 riak_kv_reader job_id=0 has attempts=0 aborts=0 Queue lengths queue_p2=0 queue_p1=0 Overflow lengths overflow_p2=0 overflow_p1=0 Discard counts discard_p2=0 discard_p1=0
2026-09-11 21:31:07.535115+09:00 [info] <0.746.0>@riak_core_worker_pool:handle_info/3:257 worker_pool=be_pool has qlen=0 and no items checked out
2026-09-11 21:31:19.081305+09:00 [info] <0.7068.0>@leveled_monitor:handle_cast/2:551 log_ref=b0017 db_id=3 Snapshot timing with sample_count=0 and bookie_time=0 pcl_time=0 with sample_period=210 seconds
2026-09-11 21:31:32.930712+09:00 [info] <0.731.0>@riak_core_worker_pool:handle_info/3:257 worker_pool=af2_pool has qlen=0 and no items checked out
2026-09-11 21:31:34.218516+09:00 [info] <0.482.0>@riak_kv_replrtq_src:handle_info/2:646 QueueName=q1_ttaaefs has queue sizes p1=0 p2=0 p3=0
2026-09-11 21:31:44.976098+09:00 [info] <0.742.0>@riak_core_worker_pool:handle_info/3:257 worker_pool=af4_pool has qlen=0 and no items checked out
2026-09-11 21:31:48.743657+09:00 [info] <0.735.0>@riak_core_worker_pool:handle_info/3:257 worker_pool=af3_pool has qlen=0 and no items checked out
2026-09-11 21:31:49.087759+09:00 [info] <0.7068.0>@leveled_monitor:handle_cast/2:494 log_ref=b0016 db_id=3 Get timing with sample_count=0 and head_time=0 body_time=0 with fetch_count=0 with sample_period=210 seconds
2026-09-11 21:32:02.578938+09:00 [info] <0.710.0>@riak_core_worker_pool:handle_info/3:257 worker_pool=af1_pool has qlen=0 and no items checked out
2026-09-11 21:32:04.240558+09:00 [info] <0.482.0>@riak_kv_replrtq_src:handle_info/2:646 QueueName=q1_ttaaefs has queue sizes p1=0 p2=0 p3=0
2026-09-11 21:32:04.621667+09:00 [info] <0.492.0>@riak_kv_overflow_queue:log/5:129 riak_kv_reaper job_id=0 has attempts=0 aborts=0 Queue lengths queue_p2=0 queue_p1=0 Overflow lengths overflow_p2=0 overflow_p1=0 Discard counts discard_p2=0 discard_p1=0
2026-09-11 21:32:04.765614+09:00 [info] <0.503.0>@riak_kv_overflow_queue:log/5:129 riak_kv_eraser job_id=0 has attempts=0 aborts=0 Queue lengths queue_p2=0 queue_p1=0 Overflow lengths overflow_p2=0 overflow_p1=0 Discard counts discard_p2=0 discard_p1=0
2026-09-11 21:32:04.852166+09:00 [info] <0.504.0>@riak_kv_overflow_queue:log/5:129 riak_kv_reader job_id=0 has attempts=0 aborts=0 Queue lengths queue_p2=0 queue_p1=0 Overflow lengths overflow_p2=0 overflow_p1=0 Discard counts discard_p2=0 discard_p1=0
2026-09-11 21:32:05.874332+09:00 [info] <0.746.0>@riak_core_worker_pool:handle_info/3:257 worker_pool=be_pool has qlen=0 and no items checked out
2026-09-11 21:32:19.088360+09:00 [info] <0.7068.0>@leveled_monitor:handle_cast/2:515 log_ref=b0018 db_id=3 Positive HEAD responses timed with sample_count=0 and cache_count=0 found_count=0 fetch_ledger_time=0 fetch_ledgercache_time=0 rsp_time=0 notfound_time=0 with sample_period=210 seconds
2026-09-11 21:32:32.407317+09:00 [info] <0.731.0>@riak_core_worker_pool:handle_info/3:257 worker_pool=af2_pool has qlen=0 and no items checked out
2026-09-11 21:32:34.243185+09:00 [info] <0.482.0>@riak_kv_replrtq_src:handle_info/2:646 QueueName=q1_ttaaefs has queue sizes p1=0 p2=0 p3=0
2026-09-11 21:32:40.079015+09:00 [info] <0.742.0>@riak_core_worker_pool:handle_info/3:257 worker_pool=af4_pool has qlen=0 and no items checked out
2026-09-11 21:32:46.557491+09:00 [info] <0.735.0>@riak_core_worker_pool:handle_info/3:257 worker_pool=af3_pool has qlen=0 and no items checked out
2026-09-11 21:32:59.059653+09:00 [info] <0.710.0>@riak_core_worker_pool:handle_info/3:257 worker_pool=af1_pool has qlen=0 and no items checked out
2026-09-11 21:33:03.328720+09:00 [info] <0.746.0>@riak_core_worker_pool:handle_info/3:257 worker_pool=be_pool has qlen=0 and no items checked out
2026-09-11 21:33:04.247104+09:00 [info] <0.482.0>@riak_kv_replrtq_src:handle_info/2:646 QueueName=q1_ttaaefs has queue sizes p1=0 p2=0 p3=0
2026-09-11 21:33:04.624668+09:00 [info] <0.492.0>@riak_kv_overflow_queue:log/5:129 riak_kv_reaper job_id=0 has attempts=0 aborts=0 Queue lengths queue_p2=0 queue_p1=0 Overflow lengths overflow_p2=0 overflow_p1=0 Discard counts discard_p2=0 discard_p1=0
2026-09-11 21:33:04.768358+09:00 [info] <0.503.0>@riak_kv_overflow_queue:log/5:129 riak_kv_eraser job_id=0 has attempts=0 aborts=0 Queue lengths queue_p2=0 queue_p1=0 Overflow lengths overflow_p2=0 overflow_p1=0 Discard counts discard_p2=0 discard_p1=0
2026-09-11 21:33:04.854417+09:00 [info] <0.504.0>@riak_kv_overflow_queue:log/5:129 riak_kv_reader job_id=0 has attempts=0 aborts=0 Queue lengths queue_p2=0 queue_p1=0 Overflow lengths overflow_p2=0 overflow_p1=0 Discard counts discard_p2=0 discard_p1=0
2026-09-11 21:33:19.094350+09:00 [info] <0.7068.0>@leveled_monitor:handle_cast/2:580 log_ref=p0032 db_id=3 Fetch head timing with sample_count=0 and level timings of foundmem_time=0 found0_time=0 found1_time=0 found2_time=0 found3_time=0 foundlower_time=0 missed_time=0 with counts of foundmem_count=0 found0_count=0 found1_count=0 found2_count=0 found3_count=0 foundlower_count=0 missed_count=0 with sample_period=210 seconds
2026-09-11 21:33:31.751100+09:00 [info] <0.731.0>@riak_core_worker_pool:handle_info/3:257 worker_pool=af2_pool has qlen=0 and no items checked out
2026-09-11 21:33:34.249803+09:00 [info] <0.482.0>@riak_kv_replrtq_src:handle_info/2:646 QueueName=q1_ttaaefs has queue sizes p1=0 p2=0 p3=0
2026-09-11 21:33:38.699089+09:00 [info] <0.742.0>@riak_core_worker_pool:handle_info/3:257 worker_pool=af4_pool has qlen=0 and no items checked out
2026-09-11 21:33:46.430801+09:00 [info] <0.735.0>@riak_core_worker_pool:handle_info/3:257 worker_pool=af3_pool has qlen=0 and no items checked out
2026-09-11 21:33:49.097135+09:00 [info] <0.7068.0>@leveled_monitor:handle_cast/2:534 log_ref=b0015 db_id=3 Put timing with sample_count=0 ink_time=0 prep_time=0 mem_time=0 with total_object_size=0 with sample_period=210 seconds
2026-09-11 21:33:57.656671+09:00 [info] <0.710.0>@riak_core_worker_pool:handle_info/3:257 worker_pool=af1_pool has qlen=0 and no items checked out
2026-09-11 21:33:59.145090+09:00 [info] <0.746.0>@riak_core_worker_pool:handle_info/3:257 worker_pool=be_pool has qlen=0 and no items checked out
2026-09-11 21:34:04.253748+09:00 [info] <0.482.0>@riak_kv_replrtq_src:handle_info/2:646 QueueName=q1_ttaaefs has queue sizes p1=0 p2=0 p3=0
2026-09-11 21:34:04.637272+09:00 [info] <0.492.0>@riak_kv_overflow_queue:log/5:129 riak_kv_reaper job_id=0 has attempts=0 aborts=0 Queue lengths queue_p2=0 queue_p1=0 Overflow lengths overflow_p2=0 overflow_p1=0 Discard counts discard_p2=0 discard_p1=0
2026-09-11 21:34:04.773303+09:00 [info] <0.503.0>@riak_kv_overflow_queue:log/5:129 riak_kv_eraser job_id=0 has attempts=0 aborts=0 Queue lengths queue_p2=0 queue_p1=0 Overflow lengths overflow_p2=0 overflow_p1=0 Discard counts discard_p2=0 discard_p1=0
2026-09-11 21:34:04.858401+09:00 [info] <0.504.0>@riak_kv_overflow_queue:log/5:129 riak_kv_reader job_id=0 has attempts=0 aborts=0 Queue lengths queue_p2=0 queue_p1=0 Overflow lengths overflow_p2=0 overflow_p1=0 Discard counts discard_p2=0 discard_p1=0
2026-09-11 21:34:19.099725+09:00 [info] <0.7068.0>@leveled_monitor:handle_cast/2:625 log_ref=cdb19 db_id=3 Sample timings in microseconds for sample_count=0 with totals of cycle_count=0 index_time=0 read_time=0 with sample_period=210 seconds
2026-09-11 21:34:28.058671+09:00 [info] <0.731.0>@riak_core_worker_pool:handle_info/3:257 worker_pool=af2_pool has qlen=0 and no items checked out
2026-09-11 21:34:34.263721+09:00 [info] <0.482.0>@riak_kv_replrtq_src:handle_info/2:646 QueueName=q1_ttaaefs has queue sizes p1=0 p2=0 p3=0
2026-09-11 21:34:35.124304+09:00 [info] <0.742.0>@riak_core_worker_pool:handle_info/3:257 worker_pool=af4_pool has qlen=0 and no items checked out
2026-09-11 21:34:43.762112+09:00 [info] <0.735.0>@riak_core_worker_pool:handle_info/3:257 worker_pool=af3_pool has qlen=0 and no items checked out
2026-09-11 21:34:49.104739+09:00 [info] <0.7068.0>@leveled_monitor:handle_cast/2:551 log_ref=b0017 db_id=3 Snapshot timing with sample_count=0 and bookie_time=0 pcl_time=0 with sample_period=210 seconds
2026-09-11 21:34:52.644730+09:00 [info] <0.710.0>@riak_core_worker_pool:handle_info/3:257 worker_pool=af1_pool has qlen=0 and no items checked out
2026-09-11 21:34:58.219700+09:00 [info] <0.746.0>@riak_core_worker_pool:handle_info/3:257 worker_pool=be_pool has qlen=0 and no items checked out
2026-09-11 21:35:04.266596+09:00 [info] <0.482.0>@riak_kv_replrtq_src:handle_info/2:646 QueueName=q1_ttaaefs has queue sizes p1=0 p2=0 p3=0
2026-09-11 21:35:04.645495+09:00 [info] <0.492.0>@riak_kv_overflow_queue:log/5:129 riak_kv_reaper job_id=0 has attempts=0 aborts=0 Queue lengths queue_p2=0 queue_p1=0 Overflow lengths overflow_p2=0 overflow_p1=0 Discard counts discard_p2=0 discard_p1=0
2026-09-11 21:35:04.783404+09:00 [info] <0.503.0>@riak_kv_overflow_queue:log/5:129 riak_kv_eraser job_id=0 has attempts=0 aborts=0 Queue lengths queue_p2=0 queue_p1=0 Overflow lengths overflow_p2=0 overflow_p1=0 Discard counts discard_p2=0 discard_p1=0
2026-09-11 21:35:04.869375+09:00 [info] <0.504.0>@riak_kv_overflow_queue:log/5:129 riak_kv_reader job_id=0 has attempts=0 aborts=0 Queue lengths queue_p2=0 queue_p1=0 Overflow lengths overflow_p2=0 overflow_p1=0 Discard counts discard_p2=0 discard_p1=0
2026-09-11 21:35:19.106806+09:00 [info] <0.7068.0>@leveled_monitor:handle_cast/2:494 log_ref=b0016 db_id=3 Get timing with sample_count=0 and head_time=0 body_time=0 with fetch_count=0 with sample_period=210 seconds
2026-09-11 21:35:26.679284+09:00 [info] <0.731.0>@riak_core_worker_pool:handle_info/3:257 worker_pool=af2_pool has qlen=0 and no items checked out
2026-09-11 21:35:29.947689+09:00 [info] <0.742.0>@riak_core_worker_pool:handle_info/3:257 worker_pool=af4_pool has qlen=0 and no items checked out
2026-09-11 21:35:34.274742+09:00 [info] <0.482.0>@riak_kv_replrtq_src:handle_info/2:646 QueueName=q1_ttaaefs has queue sizes p1=0 p2=0 p3=0
2026-09-11 21:35:42.851070+09:00 [info] <0.735.0>@riak_core_worker_pool:handle_info/3:257 worker_pool=af3_pool has qlen=0 and no items checked out
2026-09-11 21:35:48.008683+09:00 [info] <0.710.0>@riak_core_worker_pool:handle_info/3:257 worker_pool=af1_pool has qlen=0 and no items checked out
2026-09-11 21:35:49.114089+09:00 [info] <0.7068.0>@leveled_monitor:handle_cast/2:515 log_ref=b0018 db_id=3 Positive HEAD responses timed with sample_count=0 and cache_count=0 found_count=0 fetch_ledger_time=0 fetch_ledgercache_time=0 rsp_time=0 notfound_time=0 with sample_period=210 seconds
2026-09-11 21:35:52.408122+09:00 [info] <0.746.0>@riak_core_worker_pool:handle_info/3:257 worker_pool=be_pool has qlen=0 and no items checked out
2026-09-11 21:36:04.285666+09:00 [info] <0.482.0>@riak_kv_replrtq_src:handle_info/2:646 QueueName=q1_ttaaefs has queue sizes p1=0 p2=0 p3=0
2026-09-11 21:36:04.651184+09:00 [info] <0.492.0>@riak_kv_overflow_queue:log/5:129 riak_kv_reaper job_id=0 has attempts=0 aborts=0 Queue lengths queue_p2=0 queue_p1=0 Overflow lengths overflow_p2=0 overflow_p1=0 Discard counts discard_p2=0 discard_p1=0
2026-09-11 21:36:04.791274+09:00 [info] <0.503.0>@riak_kv_overflow_queue:log/5:129 riak_kv_eraser job_id=0 has attempts=0 aborts=0 Queue lengths queue_p2=0 queue_p1=0 Overflow lengths overflow_p2=0 overflow_p1=0 Discard counts discard_p2=0 discard_p1=0
2026-09-11 21:36:04.871692+09:00 [info] <0.504.0>@riak_kv_overflow_queue:log/5:129 riak_kv_reader job_id=0 has attempts=0 aborts=0 Queue lengths queue_p2=0 queue_p1=0 Overflow lengths overflow_p2=0 overflow_p1=0 Discard counts discard_p2=0 discard_p1=0
2026-09-11 21:36:08.304134+09:00 [info] <0.4324.0>@riak_repl_leader_helper:handle_DOWN/3:110 Replication candidate node 'openriak-kv@node-02.cluster-a.openriak' down
2026-09-11 21:36:12.795911+09:00 [info] <0.791.0>@riak_repl_app:prep_stop/1:336 Redirecting realtime replication traffic
2026-09-11 21:36:12.941516+09:00 [info] <0.82.0>@supervisor:report_progress/2:1582 Supervisor: {local,kernel_safe_sup}. Started: id=riak_repl2_rtq_proxy,pid=<0.49363.0>.
2026-09-11 21:36:12.943267+09:00 [info] <0.791.0>@riak_repl_app:prep_stop/1:339 Stopping application riak_repl - marked service down.
2026-09-11 21:36:13.015749+09:00 [info] <0.49365.0>@riak_repl_migration:init/0:33 Riak replication migration server started
2026-09-11 21:36:13.026752+09:00 [info] <0.791.0>@riak_repl_app:prep_stop/1:343 Started migration server
2026-09-11 21:36:13.033038+09:00 [info] <0.49365.0>@riak_repl_migration:handle_call/3:37 Realtime Repl queue migration sleeping
2026-09-11 21:36:13.139309+09:00 [info] <0.49365.0>@riak_repl_migration:handle_info/2:50 Queue empty, no replication queue migration required
2026-09-11 21:36:14.358708+09:00 [info] <0.791.0>@riak_repl_app:stop/1:139 Stopped application riak_repl
2026-09-11 21:36:14.842623+09:00 [info] <0.362.0>@riak_kv_app:prep_stop/1:275 Stopping application riak_kv - marked service down.
2026-09-11 21:36:14.863066+09:00 [info] <0.362.0>@riak_kv_app:prep_stop/1:279 Unregistered pb services
2026-09-11 21:36:14.938195+09:00 [info] <0.362.0>@riak_kv_app:prep_stop/1:284 unregistered webmachine routes
2026-09-11 21:36:14.948959+09:00 [info] <0.362.0>@riak_kv_app:prep_stop/1:286 all active put FSMs completed
2026-09-11 21:36:14.986653+09:00 [info] <0.362.0>@riak_kv_app:stop/1:297 Stopped  application riak_kv.
2026-09-11 21:36:15.341356+09:00 [info] <0.7069.0>@leveled_inker:handle_call/3:780 log_ref=i0005 db_id=3 Inker closing journal for reason close
2026-09-11 21:36:15.342478+09:00 [info] <0.7069.0>@leveled_inker:handle_call/3:782 log_ref=i0006 db_id=3 Close triggered with journal_sqn=0 and manifest_sqn=2
2026-09-11 21:36:15.344314+09:00 [info] <0.7069.0>@leveled_inker:shutdown_manifest/1:1036 log_ref=i0007 db_id=3 Inker manifest when closing is:
2026-09-11 21:36:15.371256+09:00 [info] <0.7073.0>@leveled_pclerk:terminate/2:178 log_ref=pc005 db_id=3 Penciller's Clerk <0.7073.0> shutdown now complete for reason normal
2026-09-11 21:36:15.377640+09:00 [info] <0.7072.0>@leveled_penciller:handle_call/3:1068 log_ref=p0008 db_id=3 Penciller closing for reason close
2026-09-11 21:36:15.385872+09:00 [info] <0.7072.0>@leveled_penciller:handle_call/3:1084 log_ref=p0010 db_id=3 level zero discarded_count=0 on close of Penciller
2026-09-11 21:36:15.388216+09:00 [info] <0.7067.0>@leveled_bookie:terminate/2:1803 log_ref=b0003 db_id=3 Bookie closing for reason normal
2026-09-11 21:36:16.663657+09:00 [info] <0.7083.0>@aae_treecache:save_to_disk/3:403 log_ref=c0003 Saving tree cache to path /var/lib/riak/tictac_aae/548063113999088594326381812268606132370974703616/aaetree/548063113999088594326381812268606132370974703616_3/ and filename 1.pnd
2026-09-11 21:36:17.718167+09:00 [info] <0.7082.0>@aae_treecache:save_to_disk/3:403 log_ref=c0003 Saving tree cache to path /var/lib/riak/tictac_aae/548063113999088594326381812268606132370974703616/aaetree/365375409332725729550921208179070754913983135744_3/ and filename 1.pnd
2026-09-11 21:36:18.631790+09:00 [info] <0.7081.0>@aae_treecache:save_to_disk/3:403 log_ref=c0003 Saving tree cache to path /var/lib/riak/tictac_aae/548063113999088594326381812268606132370974703616/aaetree/182687704666362864775460604089535377456991567872_3/ and filename 1.pnd
2026-09-11 21:36:18.672402+09:00 [info] <0.211.0>@riak_core_app:stop/1:118 Stopped  application riak_core.
