2026-09-11 18:46:33.403566+09:00 [info] <0.44.0>@application_controller:info_started/2:2130 Application: kernel. Started at: 'openriak-kv@node-01.cluster-a.openriak'.
2026-09-11 18:46:33.410620+09:00 [info] <0.44.0>@application_controller:info_started/2:2130 Application: stdlib. Started at: 'openriak-kv@node-01.cluster-a.openriak'.
2026-09-11 18:46:33.410784+09:00 [info] <0.44.0>@application_controller:info_started/2:2130 Application: asn1. Started at: 'openriak-kv@node-01.cluster-a.openriak'.
2026-09-11 18:46:33.410944+09:00 [info] <0.44.0>@application_controller:info_started/2:2130 Application: crypto. Started at: 'openriak-kv@node-01.cluster-a.openriak'.
2026-09-11 18:46:33.411037+09:00 [info] <0.44.0>@application_controller:info_started/2:2130 Application: public_key. Started at: 'openriak-kv@node-01.cluster-a.openriak'.
2026-09-11 18:46:33.414662+09:00 [info] <0.77.0>@supervisor:report_progress/2:1582 Supervisor: {local,logger_sup}. Started: id=ssl_handler,pid=<0.99.0>.
2026-09-11 18:46:33.418121+09:00 [info] <0.102.0>@supervisor:report_progress/2:1582 Supervisor: {local,ssl_admin_sup}. Started: id=ssl_pem_cache,pid=<0.103.0>.
2026-09-11 18:46:33.421404+09:00 [info] <0.102.0>@supervisor:report_progress/2:1582 Supervisor: {local,ssl_admin_sup}. Started: id=ssl_manager,pid=<0.104.0>.
2026-09-11 18:46:33.423145+09:00 [info] <0.102.0>@supervisor:report_progress/2:1582 Supervisor: {local,ssl_admin_sup}. Started: id=tls_client_ticket_store,pid=<0.105.0>.
2026-09-11 18:46:33.423287+09:00 [info] <0.101.0>@supervisor:report_progress/2:1582 Supervisor: {local,ssl_sup}. Started: id=ssl_admin_sup,pid=<0.102.0>.
2026-09-11 18:46:33.424898+09:00 [info] <0.107.0>@supervisor:report_progress/2:1582 Supervisor: {local,tls_sup}. Started: id=tls_connection_sup,pid=<0.108.0>.
2026-09-11 18:46:33.425942+09:00 [info] <0.109.0>@supervisor:report_progress/2:1582 Supervisor: {local,tls_server_sup}. Started: id=ssl_listen_tracker_sup,pid=<0.110.0>.
2026-09-11 18:46:33.426521+09:00 [info] <0.109.0>@supervisor:report_progress/2:1582 Supervisor: {local,tls_server_sup}. Started: id=tls_server_session_ticket,pid=<0.111.0>.
2026-09-11 18:46:33.427414+09:00 [info] <0.109.0>@supervisor:report_progress/2:1582 Supervisor: {local,tls_server_sup}. Started: id=ssl_server_session_cache_sup,pid=<0.112.0>.
2026-09-11 18:46:33.428103+09:00 [info] <0.109.0>@supervisor:report_progress/2:1582 Supervisor: {local,tls_server_sup}. Started: id=ssl_upgrade_server_session_cache_sup,pid=<0.113.0>.
2026-09-11 18:46:33.428216+09:00 [info] <0.107.0>@supervisor:report_progress/2:1582 Supervisor: {local,tls_sup}. Started: id=tls_server_sup,pid=<0.109.0>.
2026-09-11 18:46:33.428301+09:00 [info] <0.106.0>@supervisor:report_progress/2:1582 Supervisor: {local,ssl_connection_sup}. Started: id=tls_sup,pid=<0.107.0>.
2026-09-11 18:46:33.429353+09:00 [info] <0.114.0>@supervisor:report_progress/2:1582 Supervisor: {local,dtls_sup}. Started: id=dtls_connection_sup,pid=<0.115.0>.
2026-09-11 18:46:33.430423+09:00 [info] <0.116.0>@supervisor:report_progress/2:1582 Supervisor: {local,dtls_server_sup}. Started: id=dtls_listener_sup,pid=<0.117.0>.
2026-09-11 18:46:33.431014+09:00 [info] <0.116.0>@supervisor:report_progress/2:1582 Supervisor: {local,dtls_server_sup}. Started: id=dtls_server_session_cache_sup,pid=<0.118.0>.
2026-09-11 18:46:33.431105+09:00 [info] <0.114.0>@supervisor:report_progress/2:1582 Supervisor: {local,dtls_sup}. Started: id=dtls_server_sup,pid=<0.116.0>.
2026-09-11 18:46:33.431182+09:00 [info] <0.106.0>@supervisor:report_progress/2:1582 Supervisor: {local,ssl_connection_sup}. Started: id=dtls_sup,pid=<0.114.0>.
2026-09-11 18:46:33.431245+09:00 [info] <0.101.0>@supervisor:report_progress/2:1582 Supervisor: {local,ssl_sup}. Started: id=ssl_connection_sup,pid=<0.106.0>.
2026-09-11 18:46:33.431354+09:00 [info] <0.44.0>@application_controller:info_started/2:2130 Application: ssl. Started at: 'openriak-kv@node-01.cluster-a.openriak'.
2026-09-11 18:46:33.431520+09:00 [info] <0.44.0>@application_controller:info_started/2:2130 Application: hut. Started at: 'openriak-kv@node-01.cluster-a.openriak'.
2026-09-11 18:46:33.433345+09:00 [info] <0.123.0>@supervisor:report_progress/2:1582 Supervisor: {local,setup_sup}. Started: id=setup_srv,pid=<0.124.0>.
2026-09-11 18:46:33.437212+09:00 [notice] <0.124.0>@: Setup running ...
2026-09-11 18:46:33.442295+09:00 [notice] <0.124.0>@: Directories verified. Res = ok
2026-09-11 18:46:33.447505+09:00 [notice] <0.124.0>@: Setup finished processing hooks (Mode=normal)...
2026-09-11 18:46:33.447649+09:00 [info] <0.44.0>@application_controller:info_started/2:2130 Application: setup. Started at: 'openriak-kv@node-01.cluster-a.openriak'.
2026-09-11 18:46:33.447845+09:00 [info] <0.44.0>@application_controller:info_started/2:2130 Application: syntax_tools. Started at: 'openriak-kv@node-01.cluster-a.openriak'.
2026-09-11 18:46:33.448005+09:00 [info] <0.44.0>@application_controller:info_started/2:2130 Application: compiler. Started at: 'openriak-kv@node-01.cluster-a.openriak'.
2026-09-11 18:46:33.448099+09:00 [info] <0.44.0>@application_controller:info_started/2:2130 Application: parse_trans. Started at: 'openriak-kv@node-01.cluster-a.openriak'.
2026-09-11 18:46:33.454379+09:00 [info] <0.132.0>@supervisor:report_progress/2:1582 Supervisor: {local,exometer_core_sup}. Started: id=exometer_admin,pid=<0.133.0>.
2026-09-11 18:46:33.455600+09:00 [info] <0.132.0>@supervisor:report_progress/2:1582 Supervisor: {local,exometer_core_sup}. Started: id=exometer_cache,pid=<0.134.0>.
2026-09-11 18:46:33.461220+09:00 [info] <0.132.0>@supervisor:report_progress/2:1582 Supervisor: {local,exometer_core_sup}. Started: id=exometer_report,pid=<0.135.0>.
2026-09-11 18:46:33.462721+09:00 [info] <0.132.0>@supervisor:report_progress/2:1582 Supervisor: {local,exometer_core_sup}. Started: id=exometer_report_logger_sup,pid=<0.136.0>.
2026-09-11 18:46:33.465311+09:00 [info] <0.132.0>@supervisor:report_progress/2:1582 Supervisor: {local,exometer_core_sup}. Started: id=exometer_alias,pid=<0.137.0>.
2026-09-11 18:46:33.465764+09:00 [info] <0.135.0>@exometer_report:do_start_reporters/1:695 Starting reporters with []
2026-09-11 18:46:33.466062+09:00 [info] <0.44.0>@application_controller:info_started/2:2130 Application: exometer_core. Started at: 'openriak-kv@node-01.cluster-a.openriak'.
2026-09-11 18:46:33.470133+09:00 [info] <0.142.0>@supervisor:report_progress/2:1582 Supervisor: {local,sasl_safe_sup}. Started: id=alarm_handler,pid=<0.143.0>.
2026-09-11 18:46:33.470281+09:00 [info] <0.141.0>@supervisor:report_progress/2:1582 Supervisor: {local,sasl_sup}. Started: id=sasl_safe_sup,pid=<0.142.0>.
2026-09-11 18:46:33.477664+09:00 [info] <0.141.0>@supervisor:report_progress/2:1582 Supervisor: {local,sasl_sup}. Started: id=release_handler,pid=<0.144.0>.
2026-09-11 18:46:33.477831+09:00 [info] <0.44.0>@application_controller:info_started/2:2130 Application: sasl. Started at: 'openriak-kv@node-01.cluster-a.openriak'.
2026-09-11 18:46:33.485373+09:00 [info] <0.49.0>@supervisor:report_progress/2:1582 Supervisor: {local,kernel_sup}. Started: id=timer_server,pid=<0.151.0>.
2026-09-11 18:46:33.485550+09:00 [info] <0.149.0>@supervisor:report_progress/2:1582 Supervisor: {local,riak_sysmon_sup}. Started: id=riak_sysmon_filter,pid=<0.150.0>.
2026-09-11 18:46:33.485653+09:00 [info] <0.149.0>@supervisor:report_progress/2:1582 Supervisor: {local,riak_sysmon_sup}. Started: id=riak_sysmon_mgr,pid=<0.153.0>.
2026-09-11 18:46:33.485767+09:00 [info] <0.44.0>@application_controller:info_started/2:2130 Application: riak_sysmon. Started at: 'openriak-kv@node-01.cluster-a.openriak'.
2026-09-11 18:46:33.492511+09:00 [info] <0.157.0>@supervisor:report_progress/2:1582 Supervisor: {local,os_mon_sup}. Started: id=disksup,pid=<0.158.0>.
2026-09-11 18:46:33.495050+09:00 [info] <0.157.0>@supervisor:report_progress/2:1582 Supervisor: {local,os_mon_sup}. Started: id=memsup,pid=<0.159.0>.
2026-09-11 18:46:33.498236+09:00 [info] <0.157.0>@supervisor:report_progress/2:1582 Supervisor: {local,os_mon_sup}. Started: id=cpu_sup,pid=<0.161.0>.
2026-09-11 18:46:33.498472+09:00 [info] <0.44.0>@application_controller:info_started/2:2130 Application: os_mon. Started at: 'openriak-kv@node-01.cluster-a.openriak'.
2026-09-11 18:46:33.498778+09:00 [info] <0.44.0>@application_controller:info_started/2:2130 Application: observer. Started at: 'openriak-kv@node-01.cluster-a.openriak'.
2026-09-11 18:46:33.505390+09:00 [info] <0.168.0>@supervisor:report_progress/2:1582 Supervisor: {local,runtime_tools_sup}. Started: id=ttb_autostart,pid=<0.169.0>.
2026-09-11 18:46:33.505580+09:00 [info] <0.44.0>@application_controller:info_started/2:2130 Application: runtime_tools. Started at: 'openriak-kv@node-01.cluster-a.openriak'.
2026-09-11 18:46:33.505822+09:00 [info] <0.44.0>@application_controller:info_started/2:2130 Application: xmerl. Started at: 'openriak-kv@node-01.cluster-a.openriak'.
2026-09-11 18:46:33.517126+09:00 [info] <0.176.0>@supervisor:report_progress/2:1582 Supervisor: {local,httpc_profile_sup}. Started: id=httpc_manager,pid=<0.177.0>.
2026-09-11 18:46:33.517278+09:00 [info] <0.175.0>@supervisor:report_progress/2:1582 Supervisor: {local,httpc_sup}. Started: id=httpc_profile_sup,pid=<0.176.0>.
2026-09-11 18:46:33.518643+09:00 [info] <0.175.0>@supervisor:report_progress/2:1582 Supervisor: {local,httpc_sup}. Started: id=httpc_handler_sup,pid=<0.178.0>.
2026-09-11 18:46:33.518750+09:00 [info] <0.174.0>@supervisor:report_progress/2:1582 Supervisor: {local,inets_sup}. Started: id=httpc_sup,pid=<0.175.0>.
2026-09-11 18:46:33.519967+09:00 [info] <0.174.0>@supervisor:report_progress/2:1582 Supervisor: {local,inets_sup}. Started: id=httpd_sup,pid=<0.179.0>.
2026-09-11 18:46:33.520096+09:00 [info] <0.44.0>@application_controller:info_started/2:2130 Application: inets. Started at: 'openriak-kv@node-01.cluster-a.openriak'.
2026-09-11 18:46:33.520328+09:00 [info] <0.44.0>@application_controller:info_started/2:2130 Application: mochiweb. Started at: 'openriak-kv@node-01.cluster-a.openriak'.
2026-09-11 18:46:33.523960+09:00 [info] <0.184.0>@supervisor:report_progress/2:1582 Supervisor: {local,webmachine_sup}. Started: id=webmachine_logger,pid=<0.185.0>.
2026-09-11 18:46:33.524645+09:00 [info] <0.184.0>@supervisor:report_progress/2:1582 Supervisor: {local,webmachine_sup}. Started: id=webmachine_logger_watcher_sup,pid=<0.186.0>.
2026-09-11 18:46:33.525621+09:00 [info] <0.184.0>@supervisor:report_progress/2:1582 Supervisor: {local,webmachine_sup}. Started: id=webmachine_router,pid=<0.187.0>.
2026-09-11 18:46:33.525756+09:00 [info] <0.44.0>@application_controller:info_started/2:2130 Application: webmachine. Started at: 'openriak-kv@node-01.cluster-a.openriak'.
2026-09-11 18:46:33.525942+09:00 [info] <0.44.0>@application_controller:info_started/2:2130 Application: basho_stats. Started at: 'openriak-kv@node-01.cluster-a.openriak'.
2026-09-11 18:46:33.528632+09:00 [info] <0.192.0>@supervisor:report_progress/2:1582 Supervisor: {local,bitcask_sup}. Started: id=bitcask_merge_worker,pid=<0.193.0>.
2026-09-11 18:46:33.529709+09:00 [info] <0.192.0>@supervisor:report_progress/2:1582 Supervisor: {local,bitcask_sup}. Started: id=bitcask_merge_delete,pid=<0.194.0>.
2026-09-11 18:46:33.529820+09:00 [info] <0.44.0>@application_controller:info_started/2:2130 Application: bitcask. Started at: 'openriak-kv@node-01.cluster-a.openriak'.
2026-09-11 18:46:33.530119+09:00 [info] <0.44.0>@application_controller:info_started/2:2130 Application: getopt. Started at: 'openriak-kv@node-01.cluster-a.openriak'.
2026-09-11 18:46:33.530292+09:00 [info] <0.44.0>@application_controller:info_started/2:2130 Application: cuttlefish. Started at: 'openriak-kv@node-01.cluster-a.openriak'.
2026-09-11 18:46:33.539098+09:00 [info] <0.200.0>@supervisor:report_progress/2:1582 Supervisor: {local,clique_sup}. Started: id=clique_manager,pid=<0.201.0>.
2026-09-11 18:46:33.539275+09:00 [info] <0.44.0>@application_controller:info_started/2:2130 Application: clique. Started at: 'openriak-kv@node-01.cluster-a.openriak'.
2026-09-11 18:46:33.539472+09:00 [info] <0.44.0>@application_controller:info_started/2:2130 Application: eleveldb. Started at: 'openriak-kv@node-01.cluster-a.openriak'.
2026-09-11 18:46:33.539670+09:00 [info] <0.44.0>@application_controller:info_started/2:2130 Application: pbkdf2. Started at: 'openriak-kv@node-01.cluster-a.openriak'.
2026-09-11 18:46:33.539806+09:00 [info] <0.44.0>@application_controller:info_started/2:2130 Application: poolboy. Started at: 'openriak-kv@node-01.cluster-a.openriak'.
2026-09-11 18:46:33.543279+09:00 [info] <0.44.0>@application_controller:info_started/2:2130 Application: cluster_info. Started at: 'openriak-kv@node-01.cluster-a.openriak'.
2026-09-11 18:46:33.564012+09:00 [info] <0.212.0>@supervisor:report_progress/2:1582 Supervisor: {local,riak_core_sup}. Started: id=riak_core_bg_manager,pid=<0.213.0>.
2026-09-11 18:46:33.565987+09:00 [info] <0.212.0>@supervisor:report_progress/2:1582 Supervisor: {local,riak_core_sup}. Started: id=riak_core_sysmon_minder,pid=<0.214.0>.
2026-09-11 18:46:33.566808+09:00 [info] <0.212.0>@supervisor:report_progress/2:1582 Supervisor: {local,riak_core_sup}. Started: id=riak_core_vnode_sup,pid=<0.215.0>.
2026-09-11 18:46:33.567616+09:00 [info] <0.212.0>@supervisor:report_progress/2:1582 Supervisor: {local,riak_core_sup}. Started: id=riak_core_eventhandler_sup,pid=<0.216.0>.
2026-09-11 18:46:33.568688+09:00 [info] <0.212.0>@supervisor:report_progress/2:1582 Supervisor: {local,riak_core_sup}. Started: id=riak_core_dist_mon,pid=<0.217.0>.
2026-09-11 18:46:33.570064+09:00 [info] <0.218.0>@supervisor:report_progress/2:1582 Supervisor: {local,riak_core_handoff_sup}. Started: id=riak_core_handoff_receiver_sup,pid=<0.219.0>.
2026-09-11 18:46:33.570840+09:00 [info] <0.218.0>@supervisor:report_progress/2:1582 Supervisor: {local,riak_core_handoff_sup}. Started: id=riak_core_handoff_sender_sup,pid=<0.220.0>.
2026-09-11 18:46:33.577344+09:00 [info] <0.221.0>@supervisor:report_progress/2:1582 Supervisor: {local,riak_core_handoff_listener_sup}. Started: id=riak_core_handoff_listener,pid=<0.222.0>.
2026-09-11 18:46:33.577494+09:00 [info] <0.218.0>@supervisor:report_progress/2:1582 Supervisor: {local,riak_core_handoff_sup}. Started: id=riak_core_handoff_listener_sup,pid=<0.221.0>.
2026-09-11 18:46:33.583694+09:00 [info] <0.218.0>@supervisor:report_progress/2:1582 Supervisor: {local,riak_core_handoff_sup}. Started: id=riak_core_handoff_manager,pid=<0.224.0>.
2026-09-11 18:46:33.583868+09:00 [info] <0.212.0>@supervisor:report_progress/2:1582 Supervisor: {local,riak_core_sup}. Started: id=riak_core_handoff_sup,pid=<0.218.0>.
2026-09-11 18:46:33.586082+09:00 [info] <0.212.0>@supervisor:report_progress/2:1582 Supervisor: {local,riak_core_sup}. Started: id=riak_core_ring_events,pid=<0.225.0>.
2026-09-11 18:46:33.731548+09:00 [warning] <0.226.0>@riak_core_ring_manager:reload_ring/1:388 No ring file available.
2026-09-11 18:46:33.755256+09:00 [info] <0.212.0>@supervisor:report_progress/2:1582 Supervisor: {local,riak_core_sup}. Started: id=riak_core_ring_manager,pid=<0.226.0>.
2026-09-11 18:46:33.766370+09:00 [info] <0.84.0>@supervisor:report_progress/2:1582 Supervisor: {local,kernel_safe_sup}. Started: id=dets_sup,pid=<0.233.0>.
2026-09-11 18:46:33.766561+09:00 [info] <0.84.0>@supervisor:report_progress/2:1582 Supervisor: {local,kernel_safe_sup}. Started: id=dets,pid=<0.234.0>.
2026-09-11 18:46:33.782489+09:00 [info] <0.212.0>@supervisor:report_progress/2:1582 Supervisor: {local,riak_core_sup}. Started: id=riak_core_metadata_manager,pid=<0.232.0>.
2026-09-11 18:46:33.804663+09:00 [info] <0.212.0>@supervisor:report_progress/2:1582 Supervisor: {local,riak_core_sup}. Started: id=riak_core_metadata_hashtree,pid=<0.237.0>.
2026-09-11 18:46:33.807211+09:00 [info] <0.212.0>@supervisor:report_progress/2:1582 Supervisor: {local,riak_core_sup}. Started: id=riak_core_broadcast,pid=<0.240.0>.
2026-09-11 18:46:33.809006+09:00 [info] <0.212.0>@supervisor:report_progress/2:1582 Supervisor: {local,riak_core_sup}. Started: id=riak_core_vnode_proxy_sup,pid=<0.241.0>.
2026-09-11 18:46:33.810226+09:00 [info] <0.212.0>@supervisor:report_progress/2:1582 Supervisor: {local,riak_core_sup}. Started: id=riak_core_node_watcher_events,pid=<0.242.0>.
2026-09-11 18:46:33.813135+09:00 [info] <0.212.0>@supervisor:report_progress/2:1582 Supervisor: {local,riak_core_sup}. Started: id=riak_core_node_watcher,pid=<0.243.0>.
2026-09-11 18:46:33.816837+09:00 [info] <0.212.0>@supervisor:report_progress/2:1582 Supervisor: {local,riak_core_sup}. Started: id=riak_core_vnode_manager,pid=<0.244.0>.
2026-09-11 18:46:33.819414+09:00 [info] <0.212.0>@supervisor:report_progress/2:1582 Supervisor: {local,riak_core_sup}. Started: id=riak_core_capability,pid=<0.245.0>.
2026-09-11 18:46:33.819565+09:00 [info] <0.212.0>@supervisor:report_progress/2:1582 Supervisor: {local,riak_core_sup}. Started: id=riak_core_gossip,pid=<0.246.0>.
2026-09-11 18:46:33.823307+09:00 [info] <0.212.0>@supervisor:report_progress/2:1582 Supervisor: {local,riak_core_sup}. Started: id=riak_core_claimant,pid=<0.247.0>.
2026-09-11 18:46:33.824335+09:00 [info] <0.212.0>@supervisor:report_progress/2:1582 Supervisor: {local,riak_core_sup}. Started: id=riak_core_table_owner,pid=<0.248.0>.
2026-09-11 18:46:33.827124+09:00 [info] <0.250.0>@supervisor:report_progress/2:1582 Supervisor: {local,riak_core_stats_sup}. Started: id=riak_core_stat_cache,pid=<0.251.0>.
2026-09-11 18:46:33.827260+09:00 [info] <0.249.0>@supervisor:report_progress/2:1582 Supervisor: {local,riak_core_stat_sup}. Started: id=riak_core_stats_sup,pid=<0.250.0>.
2026-09-11 18:46:33.827360+09:00 [info] <0.212.0>@supervisor:report_progress/2:1582 Supervisor: {local,riak_core_sup}. Started: id=riak_core_stat_sup,pid=<0.249.0>.
2026-09-11 18:46:33.828296+09:00 [info] <0.212.0>@supervisor:report_progress/2:1582 Supervisor: {local,riak_core_sup}. Started: id=riak_core_node_worker_pool_sup,pid=<0.252.0>.
2026-09-11 18:46:33.853819+09:00 [info] <0.250.0>@supervisor:report_progress/2:1582 Supervisor: {local,riak_core_stats_sup}. Started: id=riak_core_stat,pid=<0.253.0>.
2026-09-11 18:46:33.859738+09:00 [info] <0.216.0>@supervisor:report_progress/2:1582 Supervisor: {local,riak_core_eventhandler_sup}. Started: id={riak_core_ring_events,riak_core_ring_handler},pid=<0.276.0>.
2026-09-11 18:46:33.859903+09:00 [info] <0.245.0>@riak_core_capability:process_capability_changes/2:557 New capability: {riak_core,vnode_routing} = proxy
2026-09-11 18:46:33.861527+09:00 [info] <0.245.0>@riak_core_capability:process_capability_changes/2:557 New capability: {riak_core,staged_joins} = true
2026-09-11 18:46:33.862663+09:00 [info] <0.245.0>@riak_core_capability:process_capability_changes/2:557 New capability: {riak_core,resizable_ring} = true
2026-09-11 18:46:33.865051+09:00 [info] <0.245.0>@riak_core_capability:process_capability_changes/2:557 New capability: {riak_core,fold_req_version} = v2
2026-09-11 18:46:33.866036+09:00 [info] <0.245.0>@riak_core_capability:process_capability_changes/2:557 New capability: {riak_core,security} = true
2026-09-11 18:46:33.867316+09:00 [info] <0.245.0>@riak_core_capability:process_capability_changes/2:557 New capability: {riak_core,bucket_types} = true
2026-09-11 18:46:33.868362+09:00 [info] <0.245.0>@riak_core_capability:process_capability_changes/2:557 New capability: {riak_core,net_ticktime} = true
2026-09-11 18:46:34.005157+09:00 [info] <0.44.0>@application_controller:info_started/2:2130 Application: riak_core. Started at: 'openriak-kv@node-01.cluster-a.openriak'.
2026-09-11 18:46:34.009008+09:00 [info] <0.245.0>@riak_core_capability:process_capability_changes/2:557 New capability: {riak_pipe,trace_format} = ordsets
2026-09-11 18:46:34.011835+09:00 [info] <0.283.0>@supervisor:report_progress/2:1582 Supervisor: {local,riak_pipe_sup}. Started: id=riak_pipe_vnode_master,pid=<0.284.0>.
2026-09-11 18:46:34.012923+09:00 [info] <0.283.0>@supervisor:report_progress/2:1582 Supervisor: {local,riak_pipe_sup}. Started: id=riak_pipe_builder_sup,pid=<0.285.0>.
2026-09-11 18:46:34.013886+09:00 [info] <0.283.0>@supervisor:report_progress/2:1582 Supervisor: {local,riak_pipe_sup}. Started: id=riak_pipe_fitting_sup,pid=<0.286.0>.
2026-09-11 18:46:34.014856+09:00 [info] <0.283.0>@supervisor:report_progress/2:1582 Supervisor: {local,riak_pipe_sup}. Started: id=riak_pipe_qcover_sup,pid=<0.287.0>.
2026-09-11 18:46:34.016700+09:00 [info] <0.241.0>@supervisor:report_progress/2:1582 Supervisor: {local,riak_core_vnode_proxy_sup}. Started: id={riak_pipe_vnode,0},pid=<0.288.0>.
2026-09-11 18:46:34.017020+09:00 [info] <0.241.0>@supervisor:report_progress/2:1582 Supervisor: {local,riak_core_vnode_proxy_sup}. Started: id={riak_pipe_vnode,182687704666362864775460604089535377456991567872},pid=<0.289.0>.
2026-09-11 18:46:34.017154+09:00 [info] <0.241.0>@supervisor:report_progress/2:1582 Supervisor: {local,riak_core_vnode_proxy_sup}. Started: id={riak_pipe_vnode,365375409332725729550921208179070754913983135744},pid=<0.290.0>.
2026-09-11 18:46:34.017280+09:00 [info] <0.241.0>@supervisor:report_progress/2:1582 Supervisor: {local,riak_core_vnode_proxy_sup}. Started: id={riak_pipe_vnode,548063113999088594326381812268606132370974703616},pid=<0.291.0>.
2026-09-11 18:46:34.017426+09:00 [info] <0.241.0>@supervisor:report_progress/2:1582 Supervisor: {local,riak_core_vnode_proxy_sup}. Started: id={riak_pipe_vnode,730750818665451459101842416358141509827966271488},pid=<0.292.0>.
2026-09-11 18:46:34.017542+09:00 [info] <0.241.0>@supervisor:report_progress/2:1582 Supervisor: {local,riak_core_vnode_proxy_sup}. Started: id={riak_pipe_vnode,913438523331814323877303020447676887284957839360},pid=<0.293.0>.
2026-09-11 18:46:34.017655+09:00 [info] <0.241.0>@supervisor:report_progress/2:1582 Supervisor: {local,riak_core_vnode_proxy_sup}. Started: id={riak_pipe_vnode,1096126227998177188652763624537212264741949407232},pid=<0.294.0>.
2026-09-11 18:46:34.017754+09:00 [info] <0.241.0>@supervisor:report_progress/2:1582 Supervisor: {local,riak_core_vnode_proxy_sup}. Started: id={riak_pipe_vnode,1278813932664540053428224228626747642198940975104},pid=<0.295.0>.
2026-09-11 18:46:34.019093+09:00 [info] <0.250.0>@supervisor:report_progress/2:1582 Supervisor: {local,riak_core_stats_sup}. Started: id=riak_pipe_stat,pid=<0.296.0>.
2026-09-11 18:46:34.021016+09:00 [info] <0.44.0>@application_controller:info_started/2:2130 Application: riak_pipe. Started at: 'openriak-kv@node-01.cluster-a.openriak'.
2026-09-11 18:46:34.021218+09:00 [info] <0.44.0>@application_controller:info_started/2:2130 Application: tools. Started at: 'openriak-kv@node-01.cluster-a.openriak'.
2026-09-11 18:46:34.021388+09:00 [info] <0.44.0>@application_controller:info_started/2:2130 Application: riak_pb. Started at: 'openriak-kv@node-01.cluster-a.openriak'.
2026-09-11 18:46:34.028127+09:00 [info] <0.304.0>@supervisor:report_progress/2:1582 Supervisor: {local,riak_api_sup}. Started: id=riak_api_pb_registration_helper,pid=<0.305.0>.
2026-09-11 18:46:34.029620+09:00 [info] <0.304.0>@supervisor:report_progress/2:1582 Supervisor: {local,riak_api_sup}. Started: id=riak_api_pb_registrar,pid=<0.306.0>.
2026-09-11 18:46:34.030729+09:00 [info] <0.304.0>@supervisor:report_progress/2:1582 Supervisor: {local,riak_api_sup}. Started: id=riak_api_pb_sup,pid=<0.307.0>.
2026-09-11 18:46:34.030986+09:00 [info] <0.304.0>@supervisor:report_progress/2:1582 Supervisor: {local,riak_api_sup}. Started: id=[112,98,58,47,47,34,48,46,48,46,48,46,48,34,58,56,48,56,55],pid=<0.308.0>.
2026-09-11 18:46:34.061367+09:00 [info] <0.304.0>@supervisor:report_progress/2:1582 Supervisor: {local,riak_api_sup}. Started: id=[104,116,116,112,58,47,47,48,46,48,46,48,46,48,58,56,48,57,56],pid=<0.311.0>.
2026-09-11 18:46:34.063390+09:00 [info] <0.250.0>@supervisor:report_progress/2:1582 Supervisor: {local,riak_core_stats_sup}. Started: id=riak_api_stat,pid=<0.328.0>.
2026-09-11 18:46:34.071038+09:00 [info] <0.44.0>@application_controller:info_started/2:2130 Application: riak_api. Started at: 'openriak-kv@node-01.cluster-a.openriak'.
2026-09-11 18:46:34.076398+09:00 [info] <0.44.0>@application_controller:info_started/2:2130 Application: sidejob. Started at: 'openriak-kv@node-01.cluster-a.openriak'.
2026-09-11 18:46:34.076837+09:00 [info] <0.44.0>@application_controller:info_started/2:2130 Application: riak_dt. Started at: 'openriak-kv@node-01.cluster-a.openriak'.
2026-09-11 18:46:34.077000+09:00 [info] <0.44.0>@application_controller:info_started/2:2130 Application: sext. Started at: 'openriak-kv@node-01.cluster-a.openriak'.
2026-09-11 18:46:34.077910+09:00 [info] <0.44.0>@application_controller:info_started/2:2130 Application: lz4. Started at: 'openriak-kv@node-01.cluster-a.openriak'.
2026-09-11 18:46:34.078078+09:00 [info] <0.44.0>@application_controller:info_started/2:2130 Application: zstd. Started at: 'openriak-kv@node-01.cluster-a.openriak'.
2026-09-11 18:46:34.078265+09:00 [info] <0.44.0>@application_controller:info_started/2:2130 Application: leveled. Started at: 'openriak-kv@node-01.cluster-a.openriak'.
2026-09-11 18:46:34.078401+09:00 [info] <0.44.0>@application_controller:info_started/2:2130 Application: kv_index_tictactree. Started at: 'openriak-kv@node-01.cluster-a.openriak'.
2026-09-11 18:46:34.078575+09:00 [info] <0.44.0>@application_controller:info_started/2:2130 Application: hyper. Started at: 'openriak-kv@node-01.cluster-a.openriak'.
2026-09-11 18:46:34.078708+09:00 [info] <0.44.0>@application_controller:info_started/2:2130 Application: redbug. Started at: 'openriak-kv@node-01.cluster-a.openriak'.
2026-09-11 18:46:34.078871+09:00 [info] <0.44.0>@application_controller:info_started/2:2130 Application: recon. Started at: 'openriak-kv@node-01.cluster-a.openriak'.
2026-09-11 18:46:34.079001+09:00 [info] <0.44.0>@application_controller:info_started/2:2130 Application: riakc. Started at: 'openriak-kv@node-01.cluster-a.openriak'.
2026-09-11 18:46:34.092285+09:00 [info] <0.347.0>@supervisor:report_progress/2:1582 Supervisor: {local,ibrowse_sup}. Started: id=ibrowse,pid=<0.348.0>.
2026-09-11 18:46:34.092505+09:00 [info] <0.44.0>@application_controller:info_started/2:2130 Application: ibrowse. Started at: 'openriak-kv@node-01.cluster-a.openriak'.
2026-09-11 18:46:34.092740+09:00 [info] <0.44.0>@application_controller:info_started/2:2130 Application: rhc. Started at: 'openriak-kv@node-01.cluster-a.openriak'.
2026-09-11 18:46:34.121749+09:00 [info] <0.356.0>@supervisor:report_progress/2:1582 Supervisor: {local,riak_kv_put_fsm_sj_worker_sup}. Started: id=riak_kv_put_fsm_sj_1,pid=<0.357.0>.
2026-09-11 18:46:34.122065+09:00 [info] <0.356.0>@supervisor:report_progress/2:1582 Supervisor: {local,riak_kv_put_fsm_sj_worker_sup}. Started: id=riak_kv_put_fsm_sj_2,pid=<0.358.0>.
2026-09-11 18:46:34.122294+09:00 [info] <0.356.0>@supervisor:report_progress/2:1582 Supervisor: {local,riak_kv_put_fsm_sj_worker_sup}. Started: id=riak_kv_put_fsm_sj_3,pid=<0.359.0>.
2026-09-11 18:46:34.122464+09:00 [info] <0.356.0>@supervisor:report_progress/2:1582 Supervisor: {local,riak_kv_put_fsm_sj_worker_sup}. Started: id=riak_kv_put_fsm_sj_4,pid=<0.360.0>.
2026-09-11 18:46:34.122528+09:00 [info] <0.355.0>@supervisor:report_progress/2:1582 Supervisor: {local,riak_kv_put_fsm_sj}. Started: id=sidejob_worker_sup,pid=<0.356.0>.
2026-09-11 18:46:34.122640+09:00 [info] <0.355.0>@supervisor:report_progress/2:1582 Supervisor: {local,riak_kv_put_fsm_sj}. Started: id=riak_kv_put_fsm_sj_stats,pid=<0.361.0>.
2026-09-11 18:46:34.122750+09:00 [info] <0.333.0>@supervisor:report_progress/2:1582 Supervisor: {local,sidejob_sup}. Started: id=riak_kv_put_fsm_sj,pid=<0.355.0>.
2026-09-11 18:46:34.126421+09:00 [info] <0.364.0>@supervisor:report_progress/2:1582 Supervisor: {local,riak_kv_get_fsm_sj_worker_sup}. Started: id=riak_kv_get_fsm_sj_1,pid=<0.365.0>.
2026-09-11 18:46:34.126692+09:00 [info] <0.364.0>@supervisor:report_progress/2:1582 Supervisor: {local,riak_kv_get_fsm_sj_worker_sup}. Started: id=riak_kv_get_fsm_sj_2,pid=<0.366.0>.
2026-09-11 18:46:34.126887+09:00 [info] <0.364.0>@supervisor:report_progress/2:1582 Supervisor: {local,riak_kv_get_fsm_sj_worker_sup}. Started: id=riak_kv_get_fsm_sj_3,pid=<0.367.0>.
2026-09-11 18:46:34.127100+09:00 [info] <0.364.0>@supervisor:report_progress/2:1582 Supervisor: {local,riak_kv_get_fsm_sj_worker_sup}. Started: id=riak_kv_get_fsm_sj_4,pid=<0.368.0>.
2026-09-11 18:46:34.127176+09:00 [info] <0.363.0>@supervisor:report_progress/2:1582 Supervisor: {local,riak_kv_get_fsm_sj}. Started: id=sidejob_worker_sup,pid=<0.364.0>.
2026-09-11 18:46:34.127250+09:00 [info] <0.363.0>@supervisor:report_progress/2:1582 Supervisor: {local,riak_kv_get_fsm_sj}. Started: id=riak_kv_get_fsm_sj_stats,pid=<0.369.0>.
2026-09-11 18:46:34.127315+09:00 [info] <0.333.0>@supervisor:report_progress/2:1582 Supervisor: {local,sidejob_sup}. Started: id=riak_kv_get_fsm_sj,pid=<0.363.0>.
2026-09-11 18:46:34.135145+09:00 [info] <0.372.0>@supervisor:report_progress/2:1582 Supervisor: {local,riak_kv_stat_sj_worker_sup}. Started: id=riak_kv_stat_sj_1,pid=<0.373.0>.
2026-09-11 18:46:34.135456+09:00 [info] <0.372.0>@supervisor:report_progress/2:1582 Supervisor: {local,riak_kv_stat_sj_worker_sup}. Started: id=riak_kv_stat_sj_2,pid=<0.374.0>.
2026-09-11 18:46:34.135686+09:00 [info] <0.372.0>@supervisor:report_progress/2:1582 Supervisor: {local,riak_kv_stat_sj_worker_sup}. Started: id=riak_kv_stat_sj_3,pid=<0.375.0>.
2026-09-11 18:46:34.135860+09:00 [info] <0.372.0>@supervisor:report_progress/2:1582 Supervisor: {local,riak_kv_stat_sj_worker_sup}. Started: id=riak_kv_stat_sj_4,pid=<0.376.0>.
2026-09-11 18:46:34.135961+09:00 [info] <0.371.0>@supervisor:report_progress/2:1582 Supervisor: {local,riak_kv_stat_sj}. Started: id=sidejob_worker_sup,pid=<0.372.0>.
2026-09-11 18:46:34.136069+09:00 [info] <0.371.0>@supervisor:report_progress/2:1582 Supervisor: {local,riak_kv_stat_sj}. Started: id=riak_kv_stat_sj_stats,pid=<0.377.0>.
2026-09-11 18:46:34.136130+09:00 [info] <0.333.0>@supervisor:report_progress/2:1582 Supervisor: {local,sidejob_sup}. Started: id=riak_kv_stat_sj,pid=<0.371.0>.
2026-09-11 18:46:34.144377+09:00 [info] <0.353.0>@riak_kv_env:doc_env/0:88 Environment and OS variables:
2026-09-11 18:46:34.154658+09:00 [warning] <0.353.0>@riak_kv_env:doc_env/0:107 Open files limit of 1024 is low, at least 65536 is recommended. Set with ulimit -n
2026-09-11 18:46:34.154800+09:00 [info] <0.353.0>@riak_kv_env:doc_env/0:107 Core dump size unlimited
2026-09-11 18:46:34.154871+09:00 [warning] <0.353.0>@riak_kv_env:doc_env/0:107 ERTS process limit of 262144 is low, at least 524288 is recommended. Set with riak.conf: erlang.process_limit
2026-09-11 18:46:34.154981+09:00 [info] <0.353.0>@riak_kv_env:doc_env/0:107 ERTS ports limit: 262144
2026-09-11 18:46:34.155056+09:00 [info] <0.353.0>@riak_kv_env:doc_env/0:107 ERTS ETS table limit: 256000
2026-09-11 18:46:34.155105+09:00 [notice] <0.353.0>@riak_kv_env:doc_env/0:107 ERTS thread pool limit of 64 is high, not more than 16 is recommended. Set with riak.conf: erlang.async_threads
2026-09-11 18:46:34.155182+09:00 [info] <0.353.0>@riak_kv_env:doc_env/0:107 ERTS dist buffer busy limit: 33554432
2026-09-11 18:46:34.155266+09:00 [info] <0.353.0>@riak_kv_env:doc_env/0:107 ERTS time warp mode: multi_time_warp
2026-09-11 18:46:34.155321+09:00 [notice] <0.353.0>@riak_kv_env:doc_env/0:107 ERTS fullsweep generations of 0 is low, 16-16384 is recommended. Set with riak.conf: erlang.fullsweep_after
2026-09-11 18:46:34.155378+09:00 [info] <0.353.0>@riak_kv_env:doc_env/0:107 ERTS Schedulers: 4 for 4 CPU cores
2026-09-11 18:46:34.155432+09:00 [notice] <0.353.0>@riak_kv_env:doc_env/0:107 sysctl net.core.netdev_max_backlog is not supported on this platform
2026-09-11 18:46:34.155472+09:00 [notice] <0.353.0>@riak_kv_env:doc_env/0:107 sysctl net.core.rmem_default is not supported on this platform
2026-09-11 18:46:34.155509+09:00 [notice] <0.353.0>@riak_kv_env:doc_env/0:107 sysctl net.core.rmem_max is not supported on this platform
2026-09-11 18:46:34.155563+09:00 [info] <0.353.0>@riak_kv_env:doc_env/0:107 sysctl net.core.somaxconn is 4096, at least 2048
2026-09-11 18:46:34.155632+09:00 [notice] <0.353.0>@riak_kv_env:doc_env/0:107 sysctl net.core.wmem_default is not supported on this platform
2026-09-11 18:46:34.155683+09:00 [notice] <0.353.0>@riak_kv_env:doc_env/0:107 sysctl net.core.wmem_max is not supported on this platform
2026-09-11 18:46:34.155731+09:00 [warning] <0.353.0>@riak_kv_env:doc_env/0:107 sysctl net.ipv4.tcp_fin_timeout is 60, should be not more than 30
2026-09-11 18:46:34.155786+09:00 [info] <0.353.0>@riak_kv_env:doc_env/0:107 sysctl net.ipv4.tcp_keepalive_intvl is 75, not more than 90
2026-09-11 18:46:34.155856+09:00 [warning] <0.353.0>@riak_kv_env:doc_env/0:107 sysctl net.ipv4.tcp_max_syn_backlog is 2048, should be at least 16384
2026-09-11 18:46:34.155922+09:00 [info] <0.353.0>@riak_kv_env:doc_env/0:107 sysctl net.ipv4.tcp_moderate_rcvbuf is 1, equal to 1
2026-09-11 18:46:34.155990+09:00 [info] <0.353.0>@riak_kv_env:doc_env/0:107 sysctl net.ipv4.tcp_sack is 1, equal to 1
2026-09-11 18:46:34.156058+09:00 [info] <0.353.0>@riak_kv_env:doc_env/0:107 sysctl net.ipv4.tcp_timestamps is 1, at least 1
2026-09-11 18:46:34.156123+09:00 [warning] <0.353.0>@riak_kv_env:doc_env/0:107 sysctl net.ipv4.tcp_tw_reuse is 2, should be equal to 1
2026-09-11 18:46:34.156189+09:00 [info] <0.353.0>@riak_kv_env:doc_env/0:107 sysctl net.ipv4.tcp_window_scaling is 1, equal to 1
2026-09-11 18:46:34.156257+09:00 [warning] <0.353.0>@riak_kv_env:doc_env/0:107 sysctl vm.swappiness is 60, should be not more than 10
2026-09-11 18:46:34.170626+09:00 [info] <0.245.0>@riak_core_capability:process_capability_changes/2:557 New capability: {riak_kv,object_hash_version} = 0
2026-09-11 18:46:34.172889+09:00 [info] <0.245.0>@riak_core_capability:process_capability_changes/2:557 New capability: {riak_kv,anti_entropy} = enabled_v1
2026-09-11 18:46:34.175337+09:00 [info] <0.379.0>@riak_core_throttle:enable_throttle/2:121 Enabling throttle for riak_kv/aae_throttle.
2026-09-11 18:46:34.175483+09:00 [info] <0.378.0>@supervisor:report_progress/2:1582 Supervisor: {local,riak_kv_sup}. Started: id=riak_kv_entropy_manager,pid=<0.379.0>.
2026-09-11 18:46:34.184492+09:00 [info] <0.378.0>@supervisor:report_progress/2:1582 Supervisor: {local,riak_kv_sup}. Started: id=riak_kv_ttaaefs_manager,pid=<0.380.0>.
2026-09-11 18:46:34.191830+09:00 [info] <0.378.0>@supervisor:report_progress/2:1582 Supervisor: {local,riak_kv_sup}. Started: id=riak_kv_replrtq_src,pid=<0.381.0>.
2026-09-11 18:46:34.195652+09:00 [info] <0.378.0>@supervisor:report_progress/2:1582 Supervisor: {local,riak_kv_sup}. Started: id=riak_kv_replrtq_snk,pid=<0.382.0>.
2026-09-11 18:46:34.198600+09:00 [info] <0.378.0>@supervisor:report_progress/2:1582 Supervisor: {local,riak_kv_sup}. Started: id=riak_kv_replrtq_peer,pid=<0.383.0>.
2026-09-11 18:46:34.205081+09:00 [info] <0.378.0>@supervisor:report_progress/2:1582 Supervisor: {local,riak_kv_sup}. Started: id=riak_kv_reaper,pid=<0.384.0>.
2026-09-11 18:46:34.208854+09:00 [info] <0.378.0>@supervisor:report_progress/2:1582 Supervisor: {local,riak_kv_sup}. Started: id=riak_kv_eraser,pid=<0.385.0>.
2026-09-11 18:46:34.210921+09:00 [info] <0.378.0>@supervisor:report_progress/2:1582 Supervisor: {local,riak_kv_sup}. Started: id=riak_kv_reader,pid=<0.386.0>.
2026-09-11 18:46:34.214054+09:00 [info] <0.378.0>@supervisor:report_progress/2:1582 Supervisor: {local,riak_kv_sup}. Started: id=riak_kv_token_manager,pid=<0.387.0>.
2026-09-11 18:46:34.214207+09:00 [info] <0.378.0>@supervisor:report_progress/2:1582 Supervisor: {local,riak_kv_sup}. Started: id=riak_kv_vnode_master,pid=<0.388.0>.
2026-09-11 18:46:34.214306+09:00 [info] <0.388.0>@riak_core:wait_for_service/2:498 Waiting for service riak_kv to start (0 seconds)
2026-09-11 18:46:34.218291+09:00 [info] <0.389.0>@supervisor:report_progress/2:1582 Supervisor: {local,riak_kv_w1c_sup}. Started: id=riak_kv_w1c_worker00,pid=<0.390.0>.
2026-09-11 18:46:34.218444+09:00 [info] <0.389.0>@supervisor:report_progress/2:1582 Supervisor: {local,riak_kv_w1c_sup}. Started: id=riak_kv_w1c_worker01,pid=<0.391.0>.
2026-09-11 18:46:34.218564+09:00 [info] <0.389.0>@supervisor:report_progress/2:1582 Supervisor: {local,riak_kv_w1c_sup}. Started: id=riak_kv_w1c_worker02,pid=<0.392.0>.
2026-09-11 18:46:34.218649+09:00 [info] <0.389.0>@supervisor:report_progress/2:1582 Supervisor: {local,riak_kv_w1c_sup}. Started: id=riak_kv_w1c_worker03,pid=<0.393.0>.
2026-09-11 18:46:34.218725+09:00 [info] <0.389.0>@supervisor:report_progress/2:1582 Supervisor: {local,riak_kv_w1c_sup}. Started: id=riak_kv_w1c_worker04,pid=<0.394.0>.
2026-09-11 18:46:34.218820+09:00 [info] <0.389.0>@supervisor:report_progress/2:1582 Supervisor: {local,riak_kv_w1c_sup}. Started: id=riak_kv_w1c_worker05,pid=<0.395.0>.
2026-09-11 18:46:34.218911+09:00 [info] <0.389.0>@supervisor:report_progress/2:1582 Supervisor: {local,riak_kv_w1c_sup}. Started: id=riak_kv_w1c_worker06,pid=<0.396.0>.
2026-09-11 18:46:34.218993+09:00 [info] <0.389.0>@supervisor:report_progress/2:1582 Supervisor: {local,riak_kv_w1c_sup}. Started: id=riak_kv_w1c_worker07,pid=<0.397.0>.
2026-09-11 18:46:34.219057+09:00 [info] <0.378.0>@supervisor:report_progress/2:1582 Supervisor: {local,riak_kv_sup}. Started: id=riak_kv_w1c_sup,pid=<0.389.0>.
2026-09-11 18:46:34.221589+09:00 [info] <0.378.0>@supervisor:report_progress/2:1582 Supervisor: {local,riak_kv_sup}. Started: id=riak_kv_delete_sup,pid=<0.398.0>.
2026-09-11 18:46:34.223395+09:00 [info] <0.378.0>@supervisor:report_progress/2:1582 Supervisor: {local,riak_kv_sup}. Started: id=riak_kv_mrc_sink_sup,pid=<0.399.0>.
2026-09-11 18:46:34.225263+09:00 [info] <0.378.0>@supervisor:report_progress/2:1582 Supervisor: {local,riak_kv_sup}. Started: id=riak_kv_buckets_fsm_sup,pid=<0.400.0>.
2026-09-11 18:46:34.227305+09:00 [info] <0.378.0>@supervisor:report_progress/2:1582 Supervisor: {local,riak_kv_sup}. Started: id=riak_kv_keys_fsm_sup,pid=<0.401.0>.
2026-09-11 18:46:34.229191+09:00 [info] <0.378.0>@supervisor:report_progress/2:1582 Supervisor: {local,riak_kv_sup}. Started: id=riak_kv_index_fsm_sup,pid=<0.402.0>.
2026-09-11 18:46:34.231021+09:00 [info] <0.378.0>@supervisor:report_progress/2:1582 Supervisor: {local,riak_kv_sup}. Started: id=riak_kv_query_sup,pid=<0.403.0>.
2026-09-11 18:46:34.233152+09:00 [info] <0.378.0>@supervisor:report_progress/2:1582 Supervisor: {local,riak_kv_sup}. Started: id=riak_kv_query_filebuffer_sup,pid=<0.404.0>.
2026-09-11 18:46:34.235158+09:00 [info] <0.378.0>@supervisor:report_progress/2:1582 Supervisor: {local,riak_kv_sup}. Started: id=riak_kv_clusteraae_fsm_sup,pid=<0.405.0>.
2026-09-11 18:46:34.238499+09:00 [info] <0.378.0>@supervisor:report_progress/2:1582 Supervisor: {local,riak_kv_sup}. Started: id=riak_kv_hotbackup_fsm_sup,pid=<0.406.0>.
2026-09-11 18:46:34.241673+09:00 [info] <0.378.0>@supervisor:report_progress/2:1582 Supervisor: {local,riak_kv_sup}. Started: id=riak_kv_http_cache,pid=<0.407.0>.
2026-09-11 18:46:34.241904+09:00 [info] <0.245.0>@riak_core_capability:process_capability_changes/2:557 New capability: {riak_kv,vnode_vclocks} = true
2026-09-11 18:46:34.246017+09:00 [info] <0.245.0>@riak_core_capability:process_capability_changes/2:557 New capability: {riak_kv,legacy_keylisting} = false
2026-09-11 18:46:34.248659+09:00 [info] <0.245.0>@riak_core_capability:process_capability_changes/2:557 New capability: {riak_kv,listkeys_backpressure} = true
2026-09-11 18:46:34.250745+09:00 [info] <0.245.0>@riak_core_capability:process_capability_changes/2:557 New capability: {riak_kv,index_backpressure} = true
2026-09-11 18:46:34.253008+09:00 [info] <0.245.0>@riak_core_capability:process_capability_changes/2:557 New capability: {riak_kv,mapred_system} = pipe
2026-09-11 18:46:34.255229+09:00 [info] <0.245.0>@riak_core_capability:process_capability_changes/2:557 New capability: {riak_kv,mapred_2i_pipe} = true
2026-09-11 18:46:34.257638+09:00 [info] <0.245.0>@riak_core_capability:process_capability_changes/2:557 New capability: {riak_kv,handoff_data_encoding} = encode_raw
2026-09-11 18:46:34.259982+09:00 [info] <0.245.0>@riak_core_capability:process_capability_changes/2:557 New capability: {riak_kv,object_format} = v1
2026-09-11 18:46:34.262895+09:00 [info] <0.245.0>@riak_core_capability:process_capability_changes/2:557 New capability: {riak_kv,secondary_index_version} = v3
2026-09-11 18:46:34.265245+09:00 [info] <0.245.0>@riak_core_capability:process_capability_changes/2:557 New capability: {riak_kv,vclock_data_encoding} = encode_zlib
2026-09-11 18:46:34.267842+09:00 [info] <0.245.0>@riak_core_capability:process_capability_changes/2:557 New capability: {riak_kv,crdt} = [pncounter,riak_dt_pncounter,riak_dt_orswot,riak_dt_map,riak_kv_hll,riak_dt_gset]
2026-09-11 18:46:34.270120+09:00 [info] <0.245.0>@riak_core_capability:process_capability_changes/2:557 New capability: {riak_kv,crdt_epoch_versions} = [{riak_dt_map,2},{riak_dt_orswot,2},{riak_dt_pncounter,2},{riak_kv_hll,1},{riak_dt_gset,2}]
2026-09-11 18:46:34.273391+09:00 [info] <0.245.0>@riak_core_capability:process_capability_changes/2:557 New capability: {riak_kv,put_fsm_ack_execute} = enabled
2026-09-11 18:46:34.276119+09:00 [info] <0.245.0>@riak_core_capability:process_capability_changes/2:557 New capability: {riak_kv,get_request_type} = head
2026-09-11 18:46:34.279463+09:00 [info] <0.245.0>@riak_core_capability:process_capability_changes/2:557 New capability: {riak_kv,put_soft_limit} = true
2026-09-11 18:46:34.281963+09:00 [info] <0.245.0>@riak_core_capability:process_capability_changes/2:557 New capability: {riak_kv,tictacaae_prompted_repairs} = true
2026-09-11 18:46:34.284081+09:00 [info] <0.241.0>@supervisor:report_progress/2:1582 Supervisor: {local,riak_core_vnode_proxy_sup}. Started: id={riak_kv_vnode,0},pid=<0.408.0>.
2026-09-11 18:46:34.284887+09:00 [info] <0.241.0>@supervisor:report_progress/2:1582 Supervisor: {local,riak_core_vnode_proxy_sup}. Started: id={riak_kv_vnode,182687704666362864775460604089535377456991567872},pid=<0.409.0>.
2026-09-11 18:46:34.285051+09:00 [info] <0.241.0>@supervisor:report_progress/2:1582 Supervisor: {local,riak_core_vnode_proxy_sup}. Started: id={riak_kv_vnode,365375409332725729550921208179070754913983135744},pid=<0.410.0>.
2026-09-11 18:46:34.285197+09:00 [info] <0.241.0>@supervisor:report_progress/2:1582 Supervisor: {local,riak_core_vnode_proxy_sup}. Started: id={riak_kv_vnode,548063113999088594326381812268606132370974703616},pid=<0.411.0>.
2026-09-11 18:46:34.285307+09:00 [info] <0.241.0>@supervisor:report_progress/2:1582 Supervisor: {local,riak_core_vnode_proxy_sup}. Started: id={riak_kv_vnode,730750818665451459101842416358141509827966271488},pid=<0.412.0>.
2026-09-11 18:46:34.285441+09:00 [info] <0.241.0>@supervisor:report_progress/2:1582 Supervisor: {local,riak_core_vnode_proxy_sup}. Started: id={riak_kv_vnode,913438523331814323877303020447676887284957839360},pid=<0.413.0>.
2026-09-11 18:46:34.285575+09:00 [info] <0.241.0>@supervisor:report_progress/2:1582 Supervisor: {local,riak_core_vnode_proxy_sup}. Started: id={riak_kv_vnode,1096126227998177188652763624537212264741949407232},pid=<0.414.0>.
2026-09-11 18:46:34.285690+09:00 [info] <0.241.0>@supervisor:report_progress/2:1582 Supervisor: {local,riak_core_vnode_proxy_sup}. Started: id={riak_kv_vnode,1278813932664540053428224228626747642198940975104},pid=<0.415.0>.
2026-09-11 18:46:34.303478+09:00 [info] <0.250.0>@supervisor:report_progress/2:1582 Supervisor: {local,riak_core_stats_sup}. Started: id=riak_kv_stat,pid=<0.416.0>.
2026-09-11 18:46:34.353299+09:00 [info] <0.252.0>@riak_core_node_worker_pool:start_link/5:85 Registered worker pool of type af1_pool and size 2
2026-09-11 18:46:34.353407+09:00 [info] <0.252.0>@supervisor:report_progress/2:1582 Supervisor: {local,riak_core_node_worker_pool_sup}. Started: id=af1_pool,pid=<0.558.0>.
2026-09-11 18:46:34.353592+09:00 [info] <0.252.0>@riak_core_node_worker_pool:start_link/5:85 Registered worker pool of type af2_pool and size 1
2026-09-11 18:46:34.353650+09:00 [info] <0.252.0>@supervisor:report_progress/2:1582 Supervisor: {local,riak_core_node_worker_pool_sup}. Started: id=af2_pool,pid=<0.563.0>.
2026-09-11 18:46:34.353827+09:00 [info] <0.252.0>@riak_core_node_worker_pool:start_link/5:85 Registered worker pool of type af3_pool and size 4
2026-09-11 18:46:34.353891+09:00 [info] <0.252.0>@supervisor:report_progress/2:1582 Supervisor: {local,riak_core_node_worker_pool_sup}. Started: id=af3_pool,pid=<0.567.0>.
2026-09-11 18:46:34.354024+09:00 [info] <0.252.0>@riak_core_node_worker_pool:start_link/5:85 Registered worker pool of type af4_pool and size 1
2026-09-11 18:46:34.354091+09:00 [info] <0.252.0>@supervisor:report_progress/2:1582 Supervisor: {local,riak_core_node_worker_pool_sup}. Started: id=af4_pool,pid=<0.574.0>.
2026-09-11 18:46:34.354221+09:00 [info] <0.252.0>@riak_core_node_worker_pool:start_link/5:85 Registered worker pool of type be_pool and size 1
2026-09-11 18:46:34.354288+09:00 [info] <0.252.0>@supervisor:report_progress/2:1582 Supervisor: {local,riak_core_node_worker_pool_sup}. Started: id=be_pool,pid=<0.578.0>.
2026-09-11 18:46:34.375655+09:00 [info] <0.44.0>@application_controller:info_started/2:2130 Application: riak_kv. Started at: 'openriak-kv@node-01.cluster-a.openriak'.
2026-09-11 18:46:34.375914+09:00 [info] <0.44.0>@application_controller:info_started/2:2130 Application: ebloom. Started at: 'openriak-kv@node-01.cluster-a.openriak'.
2026-09-11 18:46:34.376113+09:00 [info] <0.44.0>@application_controller:info_started/2:2130 Application: bear. Started at: 'openriak-kv@node-01.cluster-a.openriak'.
2026-09-11 18:46:34.382062+09:00 [info] <0.587.0>@supervisor:report_progress/2:1582 Supervisor: {local,folsom_sup}. Started: id=folsom_sample_slide_sup,pid=<0.588.0>.
2026-09-11 18:46:34.384221+09:00 [info] <0.587.0>@supervisor:report_progress/2:1582 Supervisor: {local,folsom_sup}. Started: id=folsom_meter_timer_server,pid=<0.589.0>.
2026-09-11 18:46:34.386152+09:00 [info] <0.587.0>@supervisor:report_progress/2:1582 Supervisor: {local,folsom_sup}. Started: id=folsom_metrics_histogram_ets,pid=<0.590.0>.
2026-09-11 18:46:34.388670+09:00 [info] <0.587.0>@supervisor:report_progress/2:1582 Supervisor: {local,folsom_sup}. Started: id=folsom_metrics_spiral,pid=<0.591.0>.
2026-09-11 18:46:34.391241+09:00 [info] <0.587.0>@supervisor:report_progress/2:1582 Supervisor: {local,folsom_sup}. Started: id=folsom_metrics_history,pid=<0.592.0>.
2026-09-11 18:46:34.395448+09:00 [info] <0.587.0>@supervisor:report_progress/2:1582 Supervisor: {local,folsom_sup}. Started: id=folsom_metrics_histogram,pid=<0.593.0>.
2026-09-11 18:46:34.398171+09:00 [info] <0.587.0>@supervisor:report_progress/2:1582 Supervisor: {local,folsom_sup}. Started: id=folsom_metrics_duration,pid=<0.594.0>.
2026-09-11 18:46:34.399861+09:00 [info] <0.587.0>@supervisor:report_progress/2:1582 Supervisor: {local,folsom_sup}. Started: id=folsom_metrics_counter,pid=<0.595.0>.
2026-09-11 18:46:34.401961+09:00 [info] <0.587.0>@supervisor:report_progress/2:1582 Supervisor: {local,folsom_sup}. Started: id=folsom_metrics_gauge,pid=<0.596.0>.
2026-09-11 18:46:34.403464+09:00 [info] <0.587.0>@supervisor:report_progress/2:1582 Supervisor: {local,folsom_sup}. Started: id=folsom_metrics_meter,pid=<0.597.0>.
2026-09-11 18:46:34.406258+09:00 [info] <0.587.0>@supervisor:report_progress/2:1582 Supervisor: {local,folsom_sup}. Started: id=folsom_metrics_meter_reader,pid=<0.598.0>.
2026-09-11 18:46:34.406420+09:00 [info] <0.44.0>@application_controller:info_started/2:2130 Application: folsom. Started at: 'openriak-kv@node-01.cluster-a.openriak'.
2026-09-11 18:46:34.412195+09:00 [info] <0.604.0>@supervisor:report_progress/2:1582 Supervisor: {local,ranch_sup}. Started: id=ranch_server,pid=<0.605.0>.
2026-09-11 18:46:34.412329+09:00 [info] <0.44.0>@application_controller:info_started/2:2130 Application: ranch. Started at: 'openriak-kv@node-01.cluster-a.openriak'.
2026-09-11 18:46:34.416465+09:00 [info] <0.608.0>@riak_core:wait_for_service/2:498 Waiting for service riak_kv to start (0 seconds)
2026-09-11 18:46:43.818173+09:00 [info] <0.244.0>@riak_core_vnode_manager:update_never_started/4:1026 Update never started for Mod riak_kv_vnode with count 8 to be added to 0
2026-09-11 18:46:43.818389+09:00 [info] <0.244.0>@riak_core_vnode_manager:update_never_started/4:1026 Update never started for Mod riak_pipe_vnode with count 8 to be added to 8
2026-09-11 18:46:43.818852+09:00 [info] <0.727.0>@riak_core_vnode_manager:get_vnode/3:733 Will start VNode for partition 0 riak_pipe_vnode
2026-09-11 18:46:43.839461+09:00 [info] <0.727.0>@riak_core_vnode_manager:get_vnode/3:743 VNode initialization ready <0.728.0> 0 riak_pipe_vnode
2026-09-11 18:46:43.839745+09:00 [info] <0.731.0>@riak_core_vnode_manager:get_vnode/3:733 Will start VNode for partition 0 riak_kv_vnode
2026-09-11 18:46:43.839928+09:00 [info] <0.734.0>@riak_core_vnode_manager:get_vnode/3:733 Will start VNode for partition 548063113999088594326381812268606132370974703616 riak_kv_vnode
2026-09-11 18:46:43.839783+09:00 [info] <0.732.0>@riak_core_vnode_manager:get_vnode/3:733 Will start VNode for partition 182687704666362864775460604089535377456991567872 riak_kv_vnode
2026-09-11 18:46:43.839928+09:00 [info] <0.735.0>@riak_core_vnode_manager:get_vnode/3:733 Will start VNode for partition 730750818665451459101842416358141509827966271488 riak_kv_vnode
2026-09-11 18:46:43.840042+09:00 [info] <0.737.0>@riak_core_vnode_manager:get_vnode/3:733 Will start VNode for partition 1096126227998177188652763624537212264741949407232 riak_kv_vnode
2026-09-11 18:46:43.840060+09:00 [info] <0.738.0>@riak_core_vnode_manager:get_vnode/3:733 Will start VNode for partition 1278813932664540053428224228626747642198940975104 riak_kv_vnode
2026-09-11 18:46:43.839868+09:00 [info] <0.733.0>@riak_core_vnode_manager:get_vnode/3:733 Will start VNode for partition 365375409332725729550921208179070754913983135744 riak_kv_vnode
2026-09-11 18:46:43.839981+09:00 [info] <0.736.0>@riak_core_vnode_manager:get_vnode/3:733 Will start VNode for partition 913438523331814323877303020447676887284957839360 riak_kv_vnode
2026-09-11 18:46:43.888671+09:00 [info] <0.787.0>@leveled_inker:open_all_manifest/3:1273 log_ref=i0011 db_id=6 Manifest is empty, starting from manifest SQN 1
2026-09-11 18:46:43.888806+09:00 [info] <0.784.0>@leveled_inker:open_all_manifest/3:1273 log_ref=i0011 db_id=4 Manifest is empty, starting from manifest SQN 1
2026-09-11 18:46:43.888782+09:00 [info] <0.780.0>@leveled_inker:open_all_manifest/3:1273 log_ref=i0011 db_id=0 Manifest is empty, starting from manifest SQN 1
2026-09-11 18:46:43.888665+09:00 [info] <0.783.0>@leveled_inker:open_all_manifest/3:1273 log_ref=i0011 db_id=2 Manifest is empty, starting from manifest SQN 1
2026-09-11 18:46:43.888799+09:00 [info] <0.786.0>@leveled_inker:open_all_manifest/3:1273 log_ref=i0011 db_id=5 Manifest is empty, starting from manifest SQN 1
2026-09-11 18:46:43.888847+09:00 [info] <0.785.0>@leveled_inker:open_all_manifest/3:1273 log_ref=i0011 db_id=3 Manifest is empty, starting from manifest SQN 1
2026-09-11 18:46:43.888746+09:00 [info] <0.781.0>@leveled_inker:open_all_manifest/3:1273 log_ref=i0011 db_id=7 Manifest is empty, starting from manifest SQN 1
2026-09-11 18:46:43.888895+09:00 [info] <0.782.0>@leveled_inker:open_all_manifest/3:1273 log_ref=i0011 db_id=1 Manifest is empty, starting from manifest SQN 1
2026-09-11 18:46:43.902875+09:00 [info] <0.802.0>@leveled_cdb:starting/3:479 log_ref=cdb01 db_id=1 Opening file for writing with filename /var/lib/riak/leveled/182687704666362864775460604089535377456991567872/journal/journal_files/0_296a948e-802f-4952-86fc-38be4069d9e1.pnd
2026-09-11 18:46:43.902981+09:00 [info] <0.799.0>@leveled_cdb:starting/3:479 log_ref=cdb01 db_id=0 Opening file for writing with filename /var/lib/riak/leveled/0/journal/journal_files/0_984fbc36-a3fb-4bb4-ab05-21f817a7bc4d.pnd
2026-09-11 18:46:43.902875+09:00 [info] <0.804.0>@leveled_cdb:starting/3:479 log_ref=cdb01 db_id=2 Opening file for writing with filename /var/lib/riak/leveled/365375409332725729550921208179070754913983135744/journal/journal_files/0_8230adef-69e6-49c0-92e5-64840deb9c6f.pnd
2026-09-11 18:46:43.903048+09:00 [info] <0.798.0>@leveled_cdb:starting/3:479 log_ref=cdb01 db_id=6 Opening file for writing with filename /var/lib/riak/leveled/1096126227998177188652763624537212264741949407232/journal/journal_files/0_5b011ac7-b972-45c5-8f15-8ed4b48b9a55.pnd
2026-09-11 18:46:43.902972+09:00 [info] <0.800.0>@leveled_cdb:starting/3:479 log_ref=cdb01 db_id=4 Opening file for writing with filename /var/lib/riak/leveled/730750818665451459101842416358141509827966271488/journal/journal_files/0_67e1a31f-14d3-432e-8e24-a1fde2669087.pnd
2026-09-11 18:46:43.903055+09:00 [info] <0.801.0>@leveled_cdb:starting/3:479 log_ref=cdb01 db_id=3 Opening file for writing with filename /var/lib/riak/leveled/548063113999088594326381812268606132370974703616/journal/journal_files/0_21497733-db16-4d37-9341-59089cafaa2c.pnd
2026-09-11 18:46:43.902972+09:00 [info] <0.803.0>@leveled_cdb:starting/3:479 log_ref=cdb01 db_id=5 Opening file for writing with filename /var/lib/riak/leveled/913438523331814323877303020447676887284957839360/journal/journal_files/0_9c6392b3-b9c2-4ffd-8a01-a0b126ebeb96.pnd
2026-09-11 18:46:43.902879+09:00 [info] <0.797.0>@leveled_cdb:starting/3:479 log_ref=cdb01 db_id=7 Opening file for writing with filename /var/lib/riak/leveled/1278813932664540053428224228626747642198940975104/journal/journal_files/0_da0f04ad-c0dd-4212-94e8-7d98d1002c3e.pnd
2026-09-11 18:46:43.903619+09:00 [info] <0.783.0>@leveled_inker:build_manifest/3:1242 log_ref=i0009 db_id=2 Updated manifest on startup:
2026-09-11 18:46:43.903802+09:00 [info] <0.784.0>@leveled_inker:build_manifest/3:1242 log_ref=i0009 db_id=4 Updated manifest on startup:
2026-09-11 18:46:43.903815+09:00 [info] <0.787.0>@leveled_inker:build_manifest/3:1242 log_ref=i0009 db_id=6 Updated manifest on startup:
2026-09-11 18:46:43.903743+09:00 [info] <0.785.0>@leveled_inker:build_manifest/3:1242 log_ref=i0009 db_id=3 Updated manifest on startup:
2026-09-11 18:46:43.903928+09:00 [info] <0.786.0>@leveled_inker:build_manifest/3:1242 log_ref=i0009 db_id=5 Updated manifest on startup:
2026-09-11 18:46:43.903812+09:00 [info] <0.781.0>@leveled_inker:build_manifest/3:1242 log_ref=i0009 db_id=7 Updated manifest on startup:
2026-09-11 18:46:43.904055+09:00 [info] <0.780.0>@leveled_inker:build_manifest/3:1242 log_ref=i0009 db_id=0 Updated manifest on startup:
2026-09-11 18:46:43.904089+09:00 [info] <0.782.0>@leveled_inker:build_manifest/3:1242 log_ref=i0009 db_id=1 Updated manifest on startup:
2026-09-11 18:46:43.904193+09:00 [info] <0.783.0>@leveled_imanifest:writer/3:187 log_ref=i0016 db_id=2 Writing new version of manifest for manifestSQN=2
2026-09-11 18:46:43.904923+09:00 [info] <0.784.0>@leveled_imanifest:writer/3:187 log_ref=i0016 db_id=4 Writing new version of manifest for manifestSQN=2
2026-09-11 18:46:43.905017+09:00 [info] <0.785.0>@leveled_imanifest:writer/3:187 log_ref=i0016 db_id=3 Writing new version of manifest for manifestSQN=2
2026-09-11 18:46:43.905005+09:00 [info] <0.787.0>@leveled_imanifest:writer/3:187 log_ref=i0016 db_id=6 Writing new version of manifest for manifestSQN=2
2026-09-11 18:46:43.905144+09:00 [info] <0.786.0>@leveled_imanifest:writer/3:187 log_ref=i0016 db_id=5 Writing new version of manifest for manifestSQN=2
2026-09-11 18:46:43.905277+09:00 [info] <0.781.0>@leveled_imanifest:writer/3:187 log_ref=i0016 db_id=7 Writing new version of manifest for manifestSQN=2
2026-09-11 18:46:43.905296+09:00 [info] <0.780.0>@leveled_imanifest:writer/3:187 log_ref=i0016 db_id=0 Writing new version of manifest for manifestSQN=2
2026-09-11 18:46:43.905471+09:00 [info] <0.782.0>@leveled_imanifest:writer/3:187 log_ref=i0016 db_id=1 Writing new version of manifest for manifestSQN=2
2026-09-11 18:46:43.913246+09:00 [info] <0.810.0>@leveled_pclerk:clerk_new/3:78 log_ref=pc001 db_id=0 Penciller's clerk <0.814.0> started with owner <0.810.0>
2026-09-11 18:46:43.913173+09:00 [info] <0.808.0>@leveled_pclerk:clerk_new/3:78 log_ref=pc001 db_id=7 Penciller's clerk <0.816.0> started with owner <0.808.0>
2026-09-11 18:46:43.913172+09:00 [info] <0.806.0>@leveled_pclerk:clerk_new/3:78 log_ref=pc001 db_id=4 Penciller's clerk <0.817.0> started with owner <0.806.0>
2026-09-11 18:46:43.913324+09:00 [info] <0.807.0>@leveled_pclerk:clerk_new/3:78 log_ref=pc001 db_id=3 Penciller's clerk <0.820.0> started with owner <0.807.0>
2026-09-11 18:46:43.913290+09:00 [info] <0.809.0>@leveled_pclerk:clerk_new/3:78 log_ref=pc001 db_id=2 Penciller's clerk <0.819.0> started with owner <0.809.0>
2026-09-11 18:46:43.913250+09:00 [info] <0.811.0>@leveled_pclerk:clerk_new/3:78 log_ref=pc001 db_id=1 Penciller's clerk <0.815.0> started with owner <0.811.0>
2026-09-11 18:46:43.913304+09:00 [info] <0.812.0>@leveled_pclerk:clerk_new/3:78 log_ref=pc001 db_id=5 Penciller's clerk <0.813.0> started with owner <0.812.0>
2026-09-11 18:46:43.913359+09:00 [info] <0.805.0>@leveled_pclerk:clerk_new/3:78 log_ref=pc001 db_id=6 Penciller's clerk <0.818.0> started with owner <0.805.0>
2026-09-11 18:46:43.918069+09:00 [info] <0.812.0>@leveled_pmanifest:open_manifestfile/2:1180 log_ref=p0013 db_id=5 Seqence number of 0 indicates no valid manifest
2026-09-11 18:46:43.918078+09:00 [info] <0.807.0>@leveled_pmanifest:open_manifestfile/2:1180 log_ref=p0013 db_id=3 Seqence number of 0 indicates no valid manifest
2026-09-11 18:46:43.918147+09:00 [info] <0.809.0>@leveled_pmanifest:open_manifestfile/2:1180 log_ref=p0013 db_id=2 Seqence number of 0 indicates no valid manifest
2026-09-11 18:46:43.918197+09:00 [info] <0.811.0>@leveled_pmanifest:open_manifestfile/2:1180 log_ref=p0013 db_id=1 Seqence number of 0 indicates no valid manifest
2026-09-11 18:46:43.918248+09:00 [info] <0.808.0>@leveled_pmanifest:open_manifestfile/2:1180 log_ref=p0013 db_id=7 Seqence number of 0 indicates no valid manifest
2026-09-11 18:46:43.918269+09:00 [info] <0.805.0>@leveled_pmanifest:open_manifestfile/2:1180 log_ref=p0013 db_id=6 Seqence number of 0 indicates no valid manifest
2026-09-11 18:46:43.918323+09:00 [info] <0.810.0>@leveled_pmanifest:open_manifestfile/2:1180 log_ref=p0013 db_id=0 Seqence number of 0 indicates no valid manifest
2026-09-11 18:46:43.918364+09:00 [info] <0.806.0>@leveled_pmanifest:open_manifestfile/2:1180 log_ref=p0013 db_id=4 Seqence number of 0 indicates no valid manifest
2026-09-11 18:46:43.920275+09:00 [info] <0.812.0>@leveled_penciller:start_from_file/1:1532 log_ref=p0014 db_id=5 Maximum sequence number of 0 found in nonzero levels
2026-09-11 18:46:43.920289+09:00 [info] <0.808.0>@leveled_penciller:start_from_file/1:1532 log_ref=p0014 db_id=7 Maximum sequence number of 0 found in nonzero levels
2026-09-11 18:46:43.920275+09:00 [info] <0.810.0>@leveled_penciller:start_from_file/1:1532 log_ref=p0014 db_id=0 Maximum sequence number of 0 found in nonzero levels
2026-09-11 18:46:43.920289+09:00 [info] <0.811.0>@leveled_penciller:start_from_file/1:1532 log_ref=p0014 db_id=1 Maximum sequence number of 0 found in nonzero levels
2026-09-11 18:46:43.920371+09:00 [info] <0.812.0>@leveled_penciller:start_from_file/1:1534 log_ref=p0035 db_id=5 Startup with Manifest SQN of 0
2026-09-11 18:46:43.920393+09:00 [info] <0.810.0>@leveled_penciller:start_from_file/1:1534 log_ref=p0035 db_id=0 Startup with Manifest SQN of 0
2026-09-11 18:46:43.920379+09:00 [info] <0.805.0>@leveled_penciller:start_from_file/1:1532 log_ref=p0014 db_id=6 Maximum sequence number of 0 found in nonzero levels
2026-09-11 18:46:43.920359+09:00 [info] <0.807.0>@leveled_penciller:start_from_file/1:1532 log_ref=p0014 db_id=3 Maximum sequence number of 0 found in nonzero levels
2026-09-11 18:46:43.920388+09:00 [info] <0.808.0>@leveled_penciller:start_from_file/1:1534 log_ref=p0035 db_id=7 Startup with Manifest SQN of 0
2026-09-11 18:46:43.920382+09:00 [info] <0.809.0>@leveled_penciller:start_from_file/1:1532 log_ref=p0014 db_id=2 Maximum sequence number of 0 found in nonzero levels
2026-09-11 18:46:43.920497+09:00 [info] <0.805.0>@leveled_penciller:start_from_file/1:1534 log_ref=p0035 db_id=6 Startup with Manifest SQN of 0
2026-09-11 18:46:43.920412+09:00 [info] <0.811.0>@leveled_penciller:start_from_file/1:1534 log_ref=p0035 db_id=1 Startup with Manifest SQN of 0
2026-09-11 18:46:43.920548+09:00 [info] <0.807.0>@leveled_penciller:start_from_file/1:1534 log_ref=p0035 db_id=3 Startup with Manifest SQN of 0
2026-09-11 18:46:43.920572+09:00 [info] <0.809.0>@leveled_penciller:start_from_file/1:1534 log_ref=p0035 db_id=2 Startup with Manifest SQN of 0
2026-09-11 18:46:43.920397+09:00 [info] <0.806.0>@leveled_penciller:start_from_file/1:1532 log_ref=p0014 db_id=4 Maximum sequence number of 0 found in nonzero levels
2026-09-11 18:46:43.920655+09:00 [info] <0.806.0>@leveled_penciller:start_from_file/1:1534 log_ref=p0035 db_id=4 Startup with Manifest SQN of 0
2026-09-11 18:46:43.921301+09:00 [info] <0.812.0>@leveled_penciller:start_from_file/1:1562 log_ref=p0017 db_id=5 No L0 file found
2026-09-11 18:46:43.921381+09:00 [info] <0.810.0>@leveled_penciller:start_from_file/1:1562 log_ref=p0017 db_id=0 No L0 file found
2026-09-11 18:46:43.921489+09:00 [info] <0.808.0>@leveled_penciller:start_from_file/1:1562 log_ref=p0017 db_id=7 No L0 file found
2026-09-11 18:46:43.921493+09:00 [info] <0.805.0>@leveled_penciller:start_from_file/1:1562 log_ref=p0017 db_id=6 No L0 file found
2026-09-11 18:46:43.921551+09:00 [info] <0.811.0>@leveled_penciller:start_from_file/1:1562 log_ref=p0017 db_id=1 No L0 file found
2026-09-11 18:46:43.921598+09:00 [info] <0.807.0>@leveled_penciller:start_from_file/1:1562 log_ref=p0017 db_id=3 No L0 file found
2026-09-11 18:46:43.921646+09:00 [info] <0.809.0>@leveled_penciller:start_from_file/1:1562 log_ref=p0017 db_id=2 No L0 file found
2026-09-11 18:46:43.921716+09:00 [info] <0.806.0>@leveled_penciller:start_from_file/1:1562 log_ref=p0017 db_id=4 No L0 file found
2026-09-11 18:46:43.922093+09:00 [info] <0.769.0>@leveled_bookie:startup/2:2017 log_ref=b0005 db_id=5 LedgerSQN=0 at startup
2026-09-11 18:46:43.922113+09:00 [info] <0.768.0>@leveled_bookie:startup/2:2017 log_ref=b0005 db_id=0 LedgerSQN=0 at startup
2026-09-11 18:46:43.922275+09:00 [info] <0.765.0>@leveled_bookie:startup/2:2017 log_ref=b0005 db_id=7 LedgerSQN=0 at startup
2026-09-11 18:46:43.922363+09:00 [info] <0.767.0>@leveled_bookie:startup/2:2017 log_ref=b0005 db_id=6 LedgerSQN=0 at startup
2026-09-11 18:46:43.922387+09:00 [info] <0.771.0>@leveled_bookie:startup/2:2017 log_ref=b0005 db_id=1 LedgerSQN=0 at startup
2026-09-11 18:46:43.922448+09:00 [info] <0.764.0>@leveled_bookie:startup/2:2017 log_ref=b0005 db_id=3 LedgerSQN=0 at startup
2026-09-11 18:46:43.922465+09:00 [info] <0.766.0>@leveled_bookie:startup/2:2017 log_ref=b0005 db_id=2 LedgerSQN=0 at startup
2026-09-11 18:46:43.922558+09:00 [info] <0.770.0>@leveled_bookie:startup/2:2017 log_ref=b0005 db_id=4 LedgerSQN=0 at startup
2026-09-11 18:46:43.923969+09:00 [info] <0.781.0>@leveled_bookie:startup/2:2028 log_ref=i0014 db_id=7 On startup loading from filename /var/lib/riak/leveled/1278813932664540053428224228626747642198940975104/journal/journal_files/0_da0f04ad-c0dd-4212-94e8-7d98d1002c3e from SQN 1
2026-09-11 18:46:43.924110+09:00 [info] <0.783.0>@leveled_bookie:startup/2:2028 log_ref=i0014 db_id=2 On startup loading from filename /var/lib/riak/leveled/365375409332725729550921208179070754913983135744/journal/journal_files/0_8230adef-69e6-49c0-92e5-64840deb9c6f from SQN 1
2026-09-11 18:46:43.923958+09:00 [info] <0.780.0>@leveled_bookie:startup/2:2028 log_ref=i0014 db_id=0 On startup loading from filename /var/lib/riak/leveled/0/journal/journal_files/0_984fbc36-a3fb-4bb4-ab05-21f817a7bc4d from SQN 1
2026-09-11 18:46:43.924005+09:00 [info] <0.785.0>@leveled_bookie:startup/2:2028 log_ref=i0014 db_id=3 On startup loading from filename /var/lib/riak/leveled/548063113999088594326381812268606132370974703616/journal/journal_files/0_21497733-db16-4d37-9341-59089cafaa2c from SQN 1
2026-09-11 18:46:43.924088+09:00 [info] <0.784.0>@leveled_bookie:startup/2:2028 log_ref=i0014 db_id=4 On startup loading from filename /var/lib/riak/leveled/730750818665451459101842416358141509827966271488/journal/journal_files/0_67e1a31f-14d3-432e-8e24-a1fde2669087 from SQN 1
2026-09-11 18:46:43.924054+09:00 [info] <0.786.0>@leveled_bookie:startup/2:2028 log_ref=i0014 db_id=5 On startup loading from filename /var/lib/riak/leveled/913438523331814323877303020447676887284957839360/journal/journal_files/0_9c6392b3-b9c2-4ffd-8a01-a0b126ebeb96 from SQN 1
2026-09-11 18:46:43.924137+09:00 [info] <0.782.0>@leveled_bookie:startup/2:2028 log_ref=i0014 db_id=1 On startup loading from filename /var/lib/riak/leveled/182687704666362864775460604089535377456991567872/journal/journal_files/0_296a948e-802f-4952-86fc-38be4069d9e1 from SQN 1
2026-09-11 18:46:43.924188+09:00 [info] <0.787.0>@leveled_bookie:startup/2:2028 log_ref=i0014 db_id=6 On startup loading from filename /var/lib/riak/leveled/1096126227998177188652763624537212264741949407232/journal/journal_files/0_5b011ac7-b972-45c5-8f15-8ed4b48b9a55 from SQN 1
2026-09-11 18:46:43.924511+09:00 [info] <0.767.0>@leveled_bookie:init/1:1428 log_ref=b0001 db_id=6 Bookie starting with Ink <0.787.0> Pcl <0.805.0>
2026-09-11 18:46:43.924541+09:00 [info] <0.771.0>@leveled_bookie:init/1:1428 log_ref=b0001 db_id=1 Bookie starting with Ink <0.782.0> Pcl <0.811.0>
2026-09-11 18:46:43.924646+09:00 [info] <0.766.0>@leveled_bookie:init/1:1428 log_ref=b0001 db_id=2 Bookie starting with Ink <0.783.0> Pcl <0.809.0>
2026-09-11 18:46:43.924607+09:00 [info] <0.769.0>@leveled_bookie:init/1:1428 log_ref=b0001 db_id=5 Bookie starting with Ink <0.786.0> Pcl <0.812.0>
2026-09-11 18:46:43.924776+09:00 [info] <0.768.0>@leveled_bookie:init/1:1428 log_ref=b0001 db_id=0 Bookie starting with Ink <0.780.0> Pcl <0.810.0>
2026-09-11 18:46:43.924657+09:00 [info] <0.770.0>@leveled_bookie:init/1:1428 log_ref=b0001 db_id=4 Bookie starting with Ink <0.784.0> Pcl <0.806.0>
2026-09-11 18:46:43.925319+09:00 [info] <0.764.0>@leveled_bookie:init/1:1428 log_ref=b0001 db_id=3 Bookie starting with Ink <0.785.0> Pcl <0.807.0>
2026-09-11 18:46:43.924723+09:00 [info] <0.765.0>@leveled_bookie:init/1:1428 log_ref=b0001 db_id=7 Bookie starting with Ink <0.781.0> Pcl <0.808.0>
2026-09-11 18:46:43.926023+09:00 [info] <0.746.0>@riak_kv_leveled_backend:schedule_journalcompaction/4:903 Schedule compaction for interval 3989 on partition 913438523331814323877303020447676887284957839360
2026-09-11 18:46:43.926027+09:00 [info] <0.745.0>@riak_kv_leveled_backend:schedule_journalcompaction/4:903 Schedule compaction for interval 1259 on partition 365375409332725729550921208179070754913983135744
2026-09-11 18:46:43.926015+09:00 [info] <0.742.0>@riak_kv_leveled_backend:schedule_journalcompaction/4:903 Schedule compaction for interval 4012 on partition 730750818665451459101842416358141509827966271488
2026-09-11 18:46:43.926012+09:00 [info] <0.743.0>@riak_kv_leveled_backend:schedule_journalcompaction/4:903 Schedule compaction for interval 7569 on partition 1096126227998177188652763624537212264741949407232
2026-09-11 18:46:43.926019+09:00 [info] <0.740.0>@riak_kv_leveled_backend:schedule_journalcompaction/4:903 Schedule compaction for interval 2409 on partition 548063113999088594326381812268606132370974703616
2026-09-11 18:46:43.926029+09:00 [info] <0.739.0>@riak_kv_leveled_backend:schedule_journalcompaction/4:903 Schedule compaction for interval 3800 on partition 0
2026-09-11 18:46:43.926043+09:00 [info] <0.744.0>@riak_kv_leveled_backend:schedule_journalcompaction/4:903 Schedule compaction for interval 6184 on partition 1278813932664540053428224228626747642198940975104
2026-09-11 18:46:43.926033+09:00 [info] <0.741.0>@riak_kv_leveled_backend:schedule_journalcompaction/4:903 Schedule compaction for interval 2970 on partition 182687704666362864775460604089535377456991567872
2026-09-11 18:46:43.948301+09:00 [info] <0.834.0>@aae_controller:init/1:674 log_ref=aae02 Native KeyStore type leveled_nko startup request
2026-09-11 18:46:43.948306+09:00 [info] <0.830.0>@aae_controller:init/1:674 log_ref=aae02 Native KeyStore type leveled_nko startup request
2026-09-11 18:46:43.948414+09:00 [info] <0.833.0>@aae_controller:init/1:674 log_ref=aae02 Native KeyStore type leveled_nko startup request
2026-09-11 18:46:43.948301+09:00 [info] <0.836.0>@aae_controller:init/1:674 log_ref=aae02 Native KeyStore type leveled_nko startup request
2026-09-11 18:46:43.948420+09:00 [info] <0.835.0>@aae_controller:init/1:674 log_ref=aae02 Native KeyStore type leveled_nko startup request
2026-09-11 18:46:43.948392+09:00 [info] <0.831.0>@aae_controller:init/1:674 log_ref=aae02 Native KeyStore type leveled_nko startup request
2026-09-11 18:46:43.948389+09:00 [info] <0.829.0>@aae_controller:init/1:674 log_ref=aae02 Native KeyStore type leveled_nko startup request
2026-09-11 18:46:43.948488+09:00 [info] <0.832.0>@aae_controller:init/1:674 log_ref=aae02 Native KeyStore type leveled_nko startup request
2026-09-11 18:46:43.948742+09:00 [warning] <0.843.0>@aae_keystore:open_manifest/1:1526 log_ref=ks002 No valid manifest found for AAE keystore at /var/lib/riak/tictac_aae/730750818665451459101842416358141509827966271488/leveled_nko/keystore reason not_present
2026-09-11 18:46:43.948703+09:00 [warning] <0.839.0>@aae_keystore:open_manifest/1:1526 log_ref=ks002 No valid manifest found for AAE keystore at /var/lib/riak/tictac_aae/0/leveled_nko/keystore reason not_present
2026-09-11 18:46:43.948693+09:00 [warning] <0.838.0>@aae_keystore:open_manifest/1:1526 log_ref=ks002 No valid manifest found for AAE keystore at /var/lib/riak/tictac_aae/365375409332725729550921208179070754913983135744/leveled_nko/keystore reason not_present
2026-09-11 18:46:43.948697+09:00 [warning] <0.837.0>@aae_keystore:open_manifest/1:1526 log_ref=ks002 No valid manifest found for AAE keystore at /var/lib/riak/tictac_aae/182687704666362864775460604089535377456991567872/leveled_nko/keystore reason not_present
2026-09-11 18:46:43.948706+09:00 [warning] <0.840.0>@aae_keystore:open_manifest/1:1526 log_ref=ks002 No valid manifest found for AAE keystore at /var/lib/riak/tictac_aae/913438523331814323877303020447676887284957839360/leveled_nko/keystore reason not_present
2026-09-11 18:46:43.948884+09:00 [warning] <0.842.0>@aae_keystore:open_manifest/1:1526 log_ref=ks002 No valid manifest found for AAE keystore at /var/lib/riak/tictac_aae/1096126227998177188652763624537212264741949407232/leveled_nko/keystore reason not_present
2026-09-11 18:46:43.948945+09:00 [warning] <0.841.0>@aae_keystore:open_manifest/1:1526 log_ref=ks002 No valid manifest found for AAE keystore at /var/lib/riak/tictac_aae/1278813932664540053428224228626747642198940975104/leveled_nko/keystore reason not_present
2026-09-11 18:46:43.948991+09:00 [warning] <0.844.0>@aae_keystore:open_manifest/1:1526 log_ref=ks002 No valid manifest found for AAE keystore at /var/lib/riak/tictac_aae/548063113999088594326381812268606132370974703616/leveled_nko/keystore reason not_present
2026-09-11 18:46:43.955275+09:00 [info] <0.847.0>@aae_treecache:init/1:224 log_ref=c0005 Starting cache with is_restored=false and IndexN of {1278813932664540053428224228626747642198940975104,3}
2026-09-11 18:46:43.955380+09:00 [info] <0.850.0>@aae_treecache:init/1:224 log_ref=c0005 Starting cache with is_restored=false and IndexN of {0,3}
2026-09-11 18:46:43.955267+09:00 [info] <0.846.0>@aae_treecache:init/1:224 log_ref=c0005 Starting cache with is_restored=false and IndexN of {182687704666362864775460604089535377456991567872,3}
2026-09-11 18:46:43.955380+09:00 [info] <0.845.0>@aae_treecache:init/1:224 log_ref=c0005 Starting cache with is_restored=false and IndexN of {913438523331814323877303020447676887284957839360,3}
2026-09-11 18:46:43.955299+09:00 [info] <0.852.0>@aae_treecache:init/1:224 log_ref=c0005 Starting cache with is_restored=false and IndexN of {365375409332725729550921208179070754913983135744,3}
2026-09-11 18:46:43.955439+09:00 [info] <0.848.0>@aae_treecache:init/1:224 log_ref=c0005 Starting cache with is_restored=false and IndexN of {1096126227998177188652763624537212264741949407232,3}
2026-09-11 18:46:43.955480+09:00 [info] <0.849.0>@aae_treecache:init/1:224 log_ref=c0005 Starting cache with is_restored=false and IndexN of {548063113999088594326381812268606132370974703616,3}
2026-09-11 18:46:43.955523+09:00 [info] <0.851.0>@aae_treecache:init/1:224 log_ref=c0005 Starting cache with is_restored=false and IndexN of {730750818665451459101842416358141509827966271488,3}
2026-09-11 18:46:43.956671+09:00 [info] <0.853.0>@aae_treecache:init/1:224 log_ref=c0005 Starting cache with is_restored=false and IndexN of {365375409332725729550921208179070754913983135744,3}
2026-09-11 18:46:43.956676+09:00 [info] <0.857.0>@aae_treecache:init/1:224 log_ref=c0005 Starting cache with is_restored=false and IndexN of {548063113999088594326381812268606132370974703616,3}
2026-09-11 18:46:43.956832+09:00 [info] <0.854.0>@aae_treecache:init/1:224 log_ref=c0005 Starting cache with is_restored=false and IndexN of {0,3}
2026-09-11 18:46:43.957012+09:00 [info] <0.856.0>@aae_treecache:init/1:224 log_ref=c0005 Starting cache with is_restored=false and IndexN of {1096126227998177188652763624537212264741949407232,3}
2026-09-11 18:46:43.957066+09:00 [info] <0.859.0>@aae_treecache:init/1:224 log_ref=c0005 Starting cache with is_restored=false and IndexN of {1278813932664540053428224228626747642198940975104,3}
2026-09-11 18:46:43.957107+09:00 [info] <0.855.0>@aae_treecache:init/1:224 log_ref=c0005 Starting cache with is_restored=false and IndexN of {182687704666362864775460604089535377456991567872,3}
2026-09-11 18:46:43.957173+09:00 [info] <0.858.0>@aae_treecache:init/1:224 log_ref=c0005 Starting cache with is_restored=false and IndexN of {730750818665451459101842416358141509827966271488,3}
2026-09-11 18:46:43.957434+09:00 [info] <0.860.0>@aae_treecache:init/1:224 log_ref=c0005 Starting cache with is_restored=false and IndexN of {913438523331814323877303020447676887284957839360,3}
2026-09-11 18:46:43.958227+09:00 [info] <0.861.0>@aae_treecache:init/1:224 log_ref=c0005 Starting cache with is_restored=false and IndexN of {548063113999088594326381812268606132370974703616,3}
2026-09-11 18:46:43.958267+09:00 [info] <0.862.0>@aae_treecache:init/1:224 log_ref=c0005 Starting cache with is_restored=false and IndexN of {730750818665451459101842416358141509827966271488,3}
2026-09-11 18:46:43.958475+09:00 [info] <0.863.0>@aae_treecache:init/1:224 log_ref=c0005 Starting cache with is_restored=false and IndexN of {182687704666362864775460604089535377456991567872,3}
2026-09-11 18:46:43.958857+09:00 [info] <0.865.0>@aae_treecache:init/1:224 log_ref=c0005 Starting cache with is_restored=false and IndexN of {0,3}
2026-09-11 18:46:43.959012+09:00 [info] <0.864.0>@aae_treecache:init/1:224 log_ref=c0005 Starting cache with is_restored=false and IndexN of {1278813932664540053428224228626747642198940975104,3}
2026-09-11 18:46:43.960171+09:00 [info] <0.866.0>@aae_treecache:init/1:224 log_ref=c0005 Starting cache with is_restored=false and IndexN of {365375409332725729550921208179070754913983135744,3}
2026-09-11 18:46:43.960356+09:00 [info] <0.867.0>@aae_treecache:init/1:224 log_ref=c0005 Starting cache with is_restored=false and IndexN of {913438523331814323877303020447676887284957839360,3}
2026-09-11 18:46:43.960318+09:00 [info] <0.835.0>@aae_controller:init/1:719 log_ref=aae10 AAE controller started with IndexNs [{913438523331814323877303020447676887284957839360,3},{1096126227998177188652763624537212264741949407232,3},{1278813932664540053428224228626747642198940975104,3}] and StoreType {native,leveled_nko,<0.765.0>}
2026-09-11 18:46:43.960347+09:00 [info] <0.834.0>@aae_controller:init/1:719 log_ref=aae10 AAE controller started with IndexNs [{1278813932664540053428224228626747642198940975104,3},{0,3},{182687704666362864775460604089535377456991567872,3}] and StoreType {native,leveled_nko,<0.771.0>}
2026-09-11 18:46:43.960431+09:00 [info] <0.833.0>@aae_controller:init/1:719 log_ref=aae10 AAE controller started with IndexNs [{1096126227998177188652763624537212264741949407232,3},{1278813932664540053428224228626747642198940975104,3},{0,3}] and StoreType {native,leveled_nko,<0.768.0>}
2026-09-11 18:46:43.960549+09:00 [info] <0.744.0>@riak_kv_vnode:maybe_start_aaecontroller/2:415 AAE Controller started with pid=<0.835.0>
2026-09-11 18:46:43.960351+09:00 [info] <0.829.0>@aae_controller:init/1:719 log_ref=aae10 AAE controller started with IndexNs [{365375409332725729550921208179070754913983135744,3},{548063113999088594326381812268606132370974703616,3},{730750818665451459101842416358141509827966271488,3}] and StoreType {native,leveled_nko,<0.770.0>}
2026-09-11 18:46:43.960360+09:00 [info] <0.832.0>@aae_controller:init/1:719 log_ref=aae10 AAE controller started with IndexNs [{182687704666362864775460604089535377456991567872,3},{365375409332725729550921208179070754913983135744,3},{548063113999088594326381812268606132370974703616,3}] and StoreType {native,leveled_nko,<0.764.0>}
2026-09-11 18:46:43.960556+09:00 [info] <0.739.0>@riak_kv_vnode:maybe_start_aaecontroller/2:415 AAE Controller started with pid=<0.833.0>
2026-09-11 18:46:43.960482+09:00 [info] <0.830.0>@aae_controller:init/1:719 log_ref=aae10 AAE controller started with IndexNs [{0,3},{182687704666362864775460604089535377456991567872,3},{365375409332725729550921208179070754913983135744,3}] and StoreType {native,leveled_nko,<0.766.0>}
2026-09-11 18:46:43.960597+09:00 [info] <0.741.0>@riak_kv_vnode:maybe_start_aaecontroller/2:415 AAE Controller started with pid=<0.834.0>
2026-09-11 18:46:43.960646+09:00 [info] <0.836.0>@aae_controller:init/1:719 log_ref=aae10 AAE controller started with IndexNs [{548063113999088594326381812268606132370974703616,3},{730750818665451459101842416358141509827966271488,3},{913438523331814323877303020447676887284957839360,3}] and StoreType {native,leveled_nko,<0.769.0>}
2026-09-11 18:46:43.960626+09:00 [info] <0.742.0>@riak_kv_vnode:maybe_start_aaecontroller/2:415 AAE Controller started with pid=<0.829.0>
2026-09-11 18:46:43.960660+09:00 [info] <0.740.0>@riak_kv_vnode:maybe_start_aaecontroller/2:415 AAE Controller started with pid=<0.832.0>
2026-09-11 18:46:43.960719+09:00 [info] <0.746.0>@riak_kv_vnode:maybe_start_aaecontroller/2:415 AAE Controller started with pid=<0.836.0>
2026-09-11 18:46:43.960696+09:00 [info] <0.745.0>@riak_kv_vnode:maybe_start_aaecontroller/2:415 AAE Controller started with pid=<0.830.0>
2026-09-11 18:46:43.960925+09:00 [info] <0.868.0>@aae_treecache:init/1:224 log_ref=c0005 Starting cache with is_restored=false and IndexN of {1096126227998177188652763624537212264741949407232,3}
2026-09-11 18:46:43.961017+09:00 [info] <0.831.0>@aae_controller:init/1:719 log_ref=aae10 AAE controller started with IndexNs [{730750818665451459101842416358141509827966271488,3},{913438523331814323877303020447676887284957839360,3},{1096126227998177188652763624537212264741949407232,3}] and StoreType {native,leveled_nko,<0.767.0>}
2026-09-11 18:46:43.961107+09:00 [info] <0.743.0>@riak_kv_vnode:maybe_start_aaecontroller/2:415 AAE Controller started with pid=<0.831.0>
2026-09-11 18:46:43.962384+09:00 [info] <0.735.0>@riak_core_vnode_manager:get_vnode/3:743 VNode initialization ready <0.742.0> 730750818665451459101842416358141509827966271488 riak_kv_vnode
2026-09-11 18:46:43.962428+09:00 [info] <0.732.0>@riak_core_vnode_manager:get_vnode/3:743 VNode initialization ready <0.741.0> 182687704666362864775460604089535377456991567872 riak_kv_vnode
2026-09-11 18:46:43.962384+09:00 [info] <0.731.0>@riak_core_vnode_manager:get_vnode/3:743 VNode initialization ready <0.739.0> 0 riak_kv_vnode
2026-09-11 18:46:43.962549+09:00 [info] <0.733.0>@riak_core_vnode_manager:get_vnode/3:743 VNode initialization ready <0.745.0> 365375409332725729550921208179070754913983135744 riak_kv_vnode
2026-09-11 18:46:43.962484+09:00 [info] <0.736.0>@riak_core_vnode_manager:get_vnode/3:743 VNode initialization ready <0.746.0> 913438523331814323877303020447676887284957839360 riak_kv_vnode
2026-09-11 18:46:43.962671+09:00 [info] <0.737.0>@riak_core_vnode_manager:get_vnode/3:743 VNode initialization ready <0.743.0> 1096126227998177188652763624537212264741949407232 riak_kv_vnode
2026-09-11 18:46:43.962672+09:00 [info] <0.734.0>@riak_core_vnode_manager:get_vnode/3:743 VNode initialization ready <0.740.0> 548063113999088594326381812268606132370974703616 riak_kv_vnode
2026-09-11 18:46:43.962657+09:00 [info] <0.738.0>@riak_core_vnode_manager:get_vnode/3:743 VNode initialization ready <0.744.0> 1278813932664540053428224228626747642198940975104 riak_kv_vnode
2026-09-11 18:46:43.962864+09:00 [info] <0.941.0>@riak_core_vnode_manager:get_vnode/3:733 Will start VNode for partition 182687704666362864775460604089535377456991567872 riak_pipe_vnode
2026-09-11 18:46:43.963115+09:00 [info] <0.941.0>@riak_core_vnode_manager:get_vnode/3:743 VNode initialization ready <0.942.0> 182687704666362864775460604089535377456991567872 riak_pipe_vnode
2026-09-11 18:46:43.963247+09:00 [info] <0.944.0>@riak_core_vnode_manager:get_vnode/3:733 Will start VNode for partition 365375409332725729550921208179070754913983135744 riak_pipe_vnode
2026-09-11 18:46:43.963482+09:00 [info] <0.944.0>@riak_core_vnode_manager:get_vnode/3:743 VNode initialization ready <0.945.0> 365375409332725729550921208179070754913983135744 riak_pipe_vnode
2026-09-11 18:46:43.963607+09:00 [info] <0.947.0>@riak_core_vnode_manager:get_vnode/3:733 Will start VNode for partition 548063113999088594326381812268606132370974703616 riak_pipe_vnode
2026-09-11 18:46:43.963839+09:00 [info] <0.947.0>@riak_core_vnode_manager:get_vnode/3:743 VNode initialization ready <0.948.0> 548063113999088594326381812268606132370974703616 riak_pipe_vnode
2026-09-11 18:46:43.963948+09:00 [info] <0.950.0>@riak_core_vnode_manager:get_vnode/3:733 Will start VNode for partition 730750818665451459101842416358141509827966271488 riak_pipe_vnode
2026-09-11 18:46:43.964179+09:00 [info] <0.950.0>@riak_core_vnode_manager:get_vnode/3:743 VNode initialization ready <0.951.0> 730750818665451459101842416358141509827966271488 riak_pipe_vnode
2026-09-11 18:46:43.964293+09:00 [info] <0.953.0>@riak_core_vnode_manager:get_vnode/3:733 Will start VNode for partition 913438523331814323877303020447676887284957839360 riak_pipe_vnode
2026-09-11 18:46:43.964580+09:00 [info] <0.953.0>@riak_core_vnode_manager:get_vnode/3:743 VNode initialization ready <0.954.0> 913438523331814323877303020447676887284957839360 riak_pipe_vnode
2026-09-11 18:46:43.964668+09:00 [info] <0.956.0>@riak_core_vnode_manager:get_vnode/3:733 Will start VNode for partition 1096126227998177188652763624537212264741949407232 riak_pipe_vnode
2026-09-11 18:46:43.964836+09:00 [info] <0.956.0>@riak_core_vnode_manager:get_vnode/3:743 VNode initialization ready <0.957.0> 1096126227998177188652763624537212264741949407232 riak_pipe_vnode
2026-09-11 18:46:43.964953+09:00 [info] <0.959.0>@riak_core_vnode_manager:get_vnode/3:733 Will start VNode for partition 1278813932664540053428224228626747642198940975104 riak_pipe_vnode
2026-09-11 18:46:43.965176+09:00 [info] <0.959.0>@riak_core_vnode_manager:get_vnode/3:743 VNode initialization ready <0.960.0> 1278813932664540053428224228626747642198940975104 riak_pipe_vnode
2026-09-11 18:46:44.010734+09:00 [info] <0.388.0>@riak_core:wait_for_service/2:492 Wait complete for service riak_kv (9 seconds)
2026-09-11 18:46:44.013666+09:00 [info] <0.608.0>@riak_core:wait_for_service/2:492 Wait complete for service riak_kv (9 seconds)
2026-09-11 18:46:44.016846+09:00 [info] <0.245.0>@riak_core_capability:process_capability_changes/2:557 New capability: {riak_repl,bloom_fold} = true
2026-09-11 18:46:44.018476+09:00 [info] <0.245.0>@riak_core_capability:process_capability_changes/2:557 New capability: {riak_repl,rtq_meta} = true
2026-09-11 18:46:44.019747+09:00 [info] <0.245.0>@riak_core_capability:process_capability_changes/2:557 New capability: {riak_repl,default_bucket_props_hash} = [consistent,datatype,n_val,write_once]
2026-09-11 18:46:44.024934+09:00 [info] <0.608.0>@riak_repl_app:start/2:70 REPL CS block skip disabled
2026-09-11 18:46:44.028544+09:00 [info] <0.962.0>@supervisor:report_progress/2:1582 Supervisor: {local,riak_repl_sup}. Started: id=riak_repl_client_sup,pid=<0.963.0>.
2026-09-11 18:46:44.030021+09:00 [info] <0.962.0>@supervisor:report_progress/2:1582 Supervisor: {local,riak_repl_sup}. Started: id=riak_repl_server_sup,pid=<0.964.0>.
2026-09-11 18:46:44.033612+09:00 [info] <0.962.0>@supervisor:report_progress/2:1582 Supervisor: {local,riak_repl_sup}. Started: id=riak_repl_leader,pid=<0.965.0>.
2026-09-11 18:46:44.036865+09:00 [info] <0.962.0>@supervisor:report_progress/2:1582 Supervisor: {local,riak_repl_sup}. Started: id=riak_repl2_leader,pid=<0.968.0>.
2026-09-11 18:46:44.043826+09:00 [info] <0.970.0>@riak_core_service_mgr:start_link/1:111 Starting Core Service Manager at {"127.0.0.1",9080}
2026-09-11 18:46:44.052634+09:00 [info] <0.973.0>@supervisor:report_progress/2:1582 Supervisor: {<0.973.0>,ranch_conns_sup_sup}. Started: id={ranch_conns_sup,1},pid=<0.974.0>.
2026-09-11 18:46:44.052829+09:00 [info] <0.973.0>@supervisor:report_progress/2:1582 Supervisor: {<0.973.0>,ranch_conns_sup_sup}. Started: id={ranch_conns_sup,2},pid=<0.975.0>.
2026-09-11 18:46:44.052930+09:00 [info] <0.973.0>@supervisor:report_progress/2:1582 Supervisor: {<0.973.0>,ranch_conns_sup_sup}. Started: id={ranch_conns_sup,3},pid=<0.976.0>.
2026-09-11 18:46:44.053048+09:00 [info] <0.973.0>@supervisor:report_progress/2:1582 Supervisor: {<0.973.0>,ranch_conns_sup_sup}. Started: id={ranch_conns_sup,4},pid=<0.977.0>.
2026-09-11 18:46:44.053135+09:00 [info] <0.973.0>@supervisor:report_progress/2:1582 Supervisor: {<0.973.0>,ranch_conns_sup_sup}. Started: id={ranch_conns_sup,5},pid=<0.978.0>.
2026-09-11 18:46:44.053334+09:00 [info] <0.973.0>@supervisor:report_progress/2:1582 Supervisor: {<0.973.0>,ranch_conns_sup_sup}. Started: id={ranch_conns_sup,6},pid=<0.979.0>.
2026-09-11 18:46:44.053438+09:00 [info] <0.973.0>@supervisor:report_progress/2:1582 Supervisor: {<0.973.0>,ranch_conns_sup_sup}. Started: id={ranch_conns_sup,7},pid=<0.980.0>.
2026-09-11 18:46:44.053602+09:00 [info] <0.973.0>@supervisor:report_progress/2:1582 Supervisor: {<0.973.0>,ranch_conns_sup_sup}. Started: id={ranch_conns_sup,8},pid=<0.981.0>.
2026-09-11 18:46:44.053758+09:00 [info] <0.973.0>@supervisor:report_progress/2:1582 Supervisor: {<0.973.0>,ranch_conns_sup_sup}. Started: id={ranch_conns_sup,9},pid=<0.982.0>.
2026-09-11 18:46:44.053938+09:00 [info] <0.973.0>@supervisor:report_progress/2:1582 Supervisor: {<0.973.0>,ranch_conns_sup_sup}. Started: id={ranch_conns_sup,10},pid=<0.983.0>.
2026-09-11 18:46:44.054057+09:00 [info] <0.973.0>@supervisor:report_progress/2:1582 Supervisor: {<0.973.0>,ranch_conns_sup_sup}. Started: id={ranch_conns_sup,11},pid=<0.984.0>.
2026-09-11 18:46:44.054221+09:00 [info] <0.973.0>@supervisor:report_progress/2:1582 Supervisor: {<0.973.0>,ranch_conns_sup_sup}. Started: id={ranch_conns_sup,12},pid=<0.985.0>.
2026-09-11 18:46:44.054325+09:00 [info] <0.973.0>@supervisor:report_progress/2:1582 Supervisor: {<0.973.0>,ranch_conns_sup_sup}. Started: id={ranch_conns_sup,13},pid=<0.986.0>.
2026-09-11 18:46:44.054497+09:00 [info] <0.973.0>@supervisor:report_progress/2:1582 Supervisor: {<0.973.0>,ranch_conns_sup_sup}. Started: id={ranch_conns_sup,14},pid=<0.987.0>.
2026-09-11 18:46:44.054605+09:00 [info] <0.973.0>@supervisor:report_progress/2:1582 Supervisor: {<0.973.0>,ranch_conns_sup_sup}. Started: id={ranch_conns_sup,15},pid=<0.988.0>.
2026-09-11 18:46:44.054694+09:00 [info] <0.973.0>@supervisor:report_progress/2:1582 Supervisor: {<0.973.0>,ranch_conns_sup_sup}. Started: id={ranch_conns_sup,16},pid=<0.989.0>.
2026-09-11 18:46:44.054788+09:00 [info] <0.973.0>@supervisor:report_progress/2:1582 Supervisor: {<0.973.0>,ranch_conns_sup_sup}. Started: id={ranch_conns_sup,17},pid=<0.990.0>.
2026-09-11 18:46:44.054943+09:00 [info] <0.973.0>@supervisor:report_progress/2:1582 Supervisor: {<0.973.0>,ranch_conns_sup_sup}. Started: id={ranch_conns_sup,18},pid=<0.991.0>.
2026-09-11 18:46:44.055047+09:00 [info] <0.973.0>@supervisor:report_progress/2:1582 Supervisor: {<0.973.0>,ranch_conns_sup_sup}. Started: id={ranch_conns_sup,19},pid=<0.992.0>.
2026-09-11 18:46:44.055139+09:00 [info] <0.973.0>@supervisor:report_progress/2:1582 Supervisor: {<0.973.0>,ranch_conns_sup_sup}. Started: id={ranch_conns_sup,20},pid=<0.993.0>.
2026-09-11 18:46:44.055231+09:00 [info] <0.973.0>@supervisor:report_progress/2:1582 Supervisor: {<0.973.0>,ranch_conns_sup_sup}. Started: id={ranch_conns_sup,21},pid=<0.994.0>.
2026-09-11 18:46:44.055376+09:00 [info] <0.973.0>@supervisor:report_progress/2:1582 Supervisor: {<0.973.0>,ranch_conns_sup_sup}. Started: id={ranch_conns_sup,22},pid=<0.995.0>.
2026-09-11 18:46:44.055480+09:00 [info] <0.973.0>@supervisor:report_progress/2:1582 Supervisor: {<0.973.0>,ranch_conns_sup_sup}. Started: id={ranch_conns_sup,23},pid=<0.996.0>.
2026-09-11 18:46:44.055582+09:00 [info] <0.973.0>@supervisor:report_progress/2:1582 Supervisor: {<0.973.0>,ranch_conns_sup_sup}. Started: id={ranch_conns_sup,24},pid=<0.997.0>.
2026-09-11 18:46:44.055676+09:00 [info] <0.973.0>@supervisor:report_progress/2:1582 Supervisor: {<0.973.0>,ranch_conns_sup_sup}. Started: id={ranch_conns_sup,25},pid=<0.998.0>.
2026-09-11 18:46:44.055853+09:00 [info] <0.973.0>@supervisor:report_progress/2:1582 Supervisor: {<0.973.0>,ranch_conns_sup_sup}. Started: id={ranch_conns_sup,26},pid=<0.999.0>.
2026-09-11 18:46:44.055932+09:00 [info] <0.973.0>@supervisor:report_progress/2:1582 Supervisor: {<0.973.0>,ranch_conns_sup_sup}. Started: id={ranch_conns_sup,27},pid=<0.1000.0>.
2026-09-11 18:46:44.056030+09:00 [info] <0.973.0>@supervisor:report_progress/2:1582 Supervisor: {<0.973.0>,ranch_conns_sup_sup}. Started: id={ranch_conns_sup,28},pid=<0.1001.0>.
2026-09-11 18:46:44.056101+09:00 [info] <0.973.0>@supervisor:report_progress/2:1582 Supervisor: {<0.973.0>,ranch_conns_sup_sup}. Started: id={ranch_conns_sup,29},pid=<0.1002.0>.
2026-09-11 18:46:44.056175+09:00 [info] <0.973.0>@supervisor:report_progress/2:1582 Supervisor: {<0.973.0>,ranch_conns_sup_sup}. Started: id={ranch_conns_sup,30},pid=<0.1003.0>.
2026-09-11 18:46:44.056258+09:00 [info] <0.973.0>@supervisor:report_progress/2:1582 Supervisor: {<0.973.0>,ranch_conns_sup_sup}. Started: id={ranch_conns_sup,31},pid=<0.1004.0>.
2026-09-11 18:46:44.056378+09:00 [info] <0.973.0>@supervisor:report_progress/2:1582 Supervisor: {<0.973.0>,ranch_conns_sup_sup}. Started: id={ranch_conns_sup,32},pid=<0.1005.0>.
2026-09-11 18:46:44.056449+09:00 [info] <0.973.0>@supervisor:report_progress/2:1582 Supervisor: {<0.973.0>,ranch_conns_sup_sup}. Started: id={ranch_conns_sup,33},pid=<0.1006.0>.
2026-09-11 18:46:44.056552+09:00 [info] <0.973.0>@supervisor:report_progress/2:1582 Supervisor: {<0.973.0>,ranch_conns_sup_sup}. Started: id={ranch_conns_sup,34},pid=<0.1007.0>.
2026-09-11 18:46:44.056626+09:00 [info] <0.973.0>@supervisor:report_progress/2:1582 Supervisor: {<0.973.0>,ranch_conns_sup_sup}. Started: id={ranch_conns_sup,35},pid=<0.1008.0>.
2026-09-11 18:46:44.056719+09:00 [info] <0.973.0>@supervisor:report_progress/2:1582 Supervisor: {<0.973.0>,ranch_conns_sup_sup}. Started: id={ranch_conns_sup,36},pid=<0.1009.0>.
2026-09-11 18:46:44.056784+09:00 [info] <0.973.0>@supervisor:report_progress/2:1582 Supervisor: {<0.973.0>,ranch_conns_sup_sup}. Started: id={ranch_conns_sup,37},pid=<0.1010.0>.
2026-09-11 18:46:44.056857+09:00 [info] <0.973.0>@supervisor:report_progress/2:1582 Supervisor: {<0.973.0>,ranch_conns_sup_sup}. Started: id={ranch_conns_sup,38},pid=<0.1011.0>.
2026-09-11 18:46:44.056930+09:00 [info] <0.973.0>@supervisor:report_progress/2:1582 Supervisor: {<0.973.0>,ranch_conns_sup_sup}. Started: id={ranch_conns_sup,39},pid=<0.1012.0>.
2026-09-11 18:46:44.057086+09:00 [info] <0.973.0>@supervisor:report_progress/2:1582 Supervisor: {<0.973.0>,ranch_conns_sup_sup}. Started: id={ranch_conns_sup,40},pid=<0.1013.0>.
2026-09-11 18:46:44.057153+09:00 [info] <0.973.0>@supervisor:report_progress/2:1582 Supervisor: {<0.973.0>,ranch_conns_sup_sup}. Started: id={ranch_conns_sup,41},pid=<0.1014.0>.
2026-09-11 18:46:44.057233+09:00 [info] <0.973.0>@supervisor:report_progress/2:1582 Supervisor: {<0.973.0>,ranch_conns_sup_sup}. Started: id={ranch_conns_sup,42},pid=<0.1015.0>.
2026-09-11 18:46:44.057339+09:00 [info] <0.973.0>@supervisor:report_progress/2:1582 Supervisor: {<0.973.0>,ranch_conns_sup_sup}. Started: id={ranch_conns_sup,43},pid=<0.1016.0>.
2026-09-11 18:46:44.057418+09:00 [info] <0.973.0>@supervisor:report_progress/2:1582 Supervisor: {<0.973.0>,ranch_conns_sup_sup}. Started: id={ranch_conns_sup,44},pid=<0.1017.0>.
2026-09-11 18:46:44.057517+09:00 [info] <0.973.0>@supervisor:report_progress/2:1582 Supervisor: {<0.973.0>,ranch_conns_sup_sup}. Started: id={ranch_conns_sup,45},pid=<0.1018.0>.
2026-09-11 18:46:44.057604+09:00 [info] <0.973.0>@supervisor:report_progress/2:1582 Supervisor: {<0.973.0>,ranch_conns_sup_sup}. Started: id={ranch_conns_sup,46},pid=<0.1019.0>.
2026-09-11 18:46:44.057703+09:00 [info] <0.973.0>@supervisor:report_progress/2:1582 Supervisor: {<0.973.0>,ranch_conns_sup_sup}. Started: id={ranch_conns_sup,47},pid=<0.1020.0>.
2026-09-11 18:46:44.057769+09:00 [info] <0.973.0>@supervisor:report_progress/2:1582 Supervisor: {<0.973.0>,ranch_conns_sup_sup}. Started: id={ranch_conns_sup,48},pid=<0.1021.0>.
2026-09-11 18:46:44.057861+09:00 [info] <0.973.0>@supervisor:report_progress/2:1582 Supervisor: {<0.973.0>,ranch_conns_sup_sup}. Started: id={ranch_conns_sup,49},pid=<0.1022.0>.
2026-09-11 18:46:44.057931+09:00 [info] <0.973.0>@supervisor:report_progress/2:1582 Supervisor: {<0.973.0>,ranch_conns_sup_sup}. Started: id={ranch_conns_sup,50},pid=<0.1023.0>.
2026-09-11 18:46:44.058038+09:00 [info] <0.973.0>@supervisor:report_progress/2:1582 Supervisor: {<0.973.0>,ranch_conns_sup_sup}. Started: id={ranch_conns_sup,51},pid=<0.1024.0>.
2026-09-11 18:46:44.058120+09:00 [info] <0.973.0>@supervisor:report_progress/2:1582 Supervisor: {<0.973.0>,ranch_conns_sup_sup}. Started: id={ranch_conns_sup,52},pid=<0.1025.0>.
2026-09-11 18:46:44.058212+09:00 [info] <0.973.0>@supervisor:report_progress/2:1582 Supervisor: {<0.973.0>,ranch_conns_sup_sup}. Started: id={ranch_conns_sup,53},pid=<0.1026.0>.
2026-09-11 18:46:44.058287+09:00 [info] <0.973.0>@supervisor:report_progress/2:1582 Supervisor: {<0.973.0>,ranch_conns_sup_sup}. Started: id={ranch_conns_sup,54},pid=<0.1027.0>.
2026-09-11 18:46:44.058391+09:00 [info] <0.973.0>@supervisor:report_progress/2:1582 Supervisor: {<0.973.0>,ranch_conns_sup_sup}. Started: id={ranch_conns_sup,55},pid=<0.1028.0>.
2026-09-11 18:46:44.058456+09:00 [info] <0.973.0>@supervisor:report_progress/2:1582 Supervisor: {<0.973.0>,ranch_conns_sup_sup}. Started: id={ranch_conns_sup,56},pid=<0.1029.0>.
2026-09-11 18:46:44.058557+09:00 [info] <0.973.0>@supervisor:report_progress/2:1582 Supervisor: {<0.973.0>,ranch_conns_sup_sup}. Started: id={ranch_conns_sup,57},pid=<0.1030.0>.
2026-09-11 18:46:44.058636+09:00 [info] <0.973.0>@supervisor:report_progress/2:1582 Supervisor: {<0.973.0>,ranch_conns_sup_sup}. Started: id={ranch_conns_sup,58},pid=<0.1031.0>.
2026-09-11 18:46:44.058742+09:00 [info] <0.973.0>@supervisor:report_progress/2:1582 Supervisor: {<0.973.0>,ranch_conns_sup_sup}. Started: id={ranch_conns_sup,59},pid=<0.1032.0>.
2026-09-11 18:46:44.058826+09:00 [info] <0.973.0>@supervisor:report_progress/2:1582 Supervisor: {<0.973.0>,ranch_conns_sup_sup}. Started: id={ranch_conns_sup,60},pid=<0.1033.0>.
2026-09-11 18:46:44.058923+09:00 [info] <0.973.0>@supervisor:report_progress/2:1582 Supervisor: {<0.973.0>,ranch_conns_sup_sup}. Started: id={ranch_conns_sup,61},pid=<0.1034.0>.
2026-09-11 18:46:44.059014+09:00 [info] <0.973.0>@supervisor:report_progress/2:1582 Supervisor: {<0.973.0>,ranch_conns_sup_sup}. Started: id={ranch_conns_sup,62},pid=<0.1035.0>.
2026-09-11 18:46:44.059115+09:00 [info] <0.973.0>@supervisor:report_progress/2:1582 Supervisor: {<0.973.0>,ranch_conns_sup_sup}. Started: id={ranch_conns_sup,63},pid=<0.1036.0>.
2026-09-11 18:46:44.059189+09:00 [info] <0.973.0>@supervisor:report_progress/2:1582 Supervisor: {<0.973.0>,ranch_conns_sup_sup}. Started: id={ranch_conns_sup,64},pid=<0.1037.0>.
2026-09-11 18:46:44.059266+09:00 [info] <0.973.0>@supervisor:report_progress/2:1582 Supervisor: {<0.973.0>,ranch_conns_sup_sup}. Started: id={ranch_conns_sup,65},pid=<0.1038.0>.
2026-09-11 18:46:44.059332+09:00 [info] <0.973.0>@supervisor:report_progress/2:1582 Supervisor: {<0.973.0>,ranch_conns_sup_sup}. Started: id={ranch_conns_sup,66},pid=<0.1039.0>.
2026-09-11 18:46:44.059449+09:00 [info] <0.973.0>@supervisor:report_progress/2:1582 Supervisor: {<0.973.0>,ranch_conns_sup_sup}. Started: id={ranch_conns_sup,67},pid=<0.1040.0>.
2026-09-11 18:46:44.059521+09:00 [info] <0.973.0>@supervisor:report_progress/2:1582 Supervisor: {<0.973.0>,ranch_conns_sup_sup}. Started: id={ranch_conns_sup,68},pid=<0.1041.0>.
2026-09-11 18:46:44.059631+09:00 [info] <0.973.0>@supervisor:report_progress/2:1582 Supervisor: {<0.973.0>,ranch_conns_sup_sup}. Started: id={ranch_conns_sup,69},pid=<0.1042.0>.
2026-09-11 18:46:44.059699+09:00 [info] <0.973.0>@supervisor:report_progress/2:1582 Supervisor: {<0.973.0>,ranch_conns_sup_sup}. Started: id={ranch_conns_sup,70},pid=<0.1043.0>.
2026-09-11 18:46:44.059790+09:00 [info] <0.973.0>@supervisor:report_progress/2:1582 Supervisor: {<0.973.0>,ranch_conns_sup_sup}. Started: id={ranch_conns_sup,71},pid=<0.1044.0>.
2026-09-11 18:46:44.059865+09:00 [info] <0.973.0>@supervisor:report_progress/2:1582 Supervisor: {<0.973.0>,ranch_conns_sup_sup}. Started: id={ranch_conns_sup,72},pid=<0.1045.0>.
2026-09-11 18:46:44.060006+09:00 [info] <0.973.0>@supervisor:report_progress/2:1582 Supervisor: {<0.973.0>,ranch_conns_sup_sup}. Started: id={ranch_conns_sup,73},pid=<0.1046.0>.
2026-09-11 18:46:44.060082+09:00 [info] <0.973.0>@supervisor:report_progress/2:1582 Supervisor: {<0.973.0>,ranch_conns_sup_sup}. Started: id={ranch_conns_sup,74},pid=<0.1047.0>.
2026-09-11 18:46:44.060184+09:00 [info] <0.973.0>@supervisor:report_progress/2:1582 Supervisor: {<0.973.0>,ranch_conns_sup_sup}. Started: id={ranch_conns_sup,75},pid=<0.1048.0>.
2026-09-11 18:46:44.060261+09:00 [info] <0.973.0>@supervisor:report_progress/2:1582 Supervisor: {<0.973.0>,ranch_conns_sup_sup}. Started: id={ranch_conns_sup,76},pid=<0.1049.0>.
2026-09-11 18:46:44.060331+09:00 [info] <0.973.0>@supervisor:report_progress/2:1582 Supervisor: {<0.973.0>,ranch_conns_sup_sup}. Started: id={ranch_conns_sup,77},pid=<0.1050.0>.
2026-09-11 18:46:44.060418+09:00 [info] <0.973.0>@supervisor:report_progress/2:1582 Supervisor: {<0.973.0>,ranch_conns_sup_sup}. Started: id={ranch_conns_sup,78},pid=<0.1051.0>.
2026-09-11 18:46:44.060524+09:00 [info] <0.973.0>@supervisor:report_progress/2:1582 Supervisor: {<0.973.0>,ranch_conns_sup_sup}. Started: id={ranch_conns_sup,79},pid=<0.1052.0>.
2026-09-11 18:46:44.060628+09:00 [info] <0.973.0>@supervisor:report_progress/2:1582 Supervisor: {<0.973.0>,ranch_conns_sup_sup}. Started: id={ranch_conns_sup,80},pid=<0.1053.0>.
2026-09-11 18:46:44.060714+09:00 [info] <0.973.0>@supervisor:report_progress/2:1582 Supervisor: {<0.973.0>,ranch_conns_sup_sup}. Started: id={ranch_conns_sup,81},pid=<0.1054.0>.
2026-09-11 18:46:44.060807+09:00 [info] <0.973.0>@supervisor:report_progress/2:1582 Supervisor: {<0.973.0>,ranch_conns_sup_sup}. Started: id={ranch_conns_sup,82},pid=<0.1055.0>.
2026-09-11 18:46:44.060909+09:00 [info] <0.973.0>@supervisor:report_progress/2:1582 Supervisor: {<0.973.0>,ranch_conns_sup_sup}. Started: id={ranch_conns_sup,83},pid=<0.1056.0>.
2026-09-11 18:46:44.060977+09:00 [info] <0.973.0>@supervisor:report_progress/2:1582 Supervisor: {<0.973.0>,ranch_conns_sup_sup}. Started: id={ranch_conns_sup,84},pid=<0.1057.0>.
2026-09-11 18:46:44.061055+09:00 [info] <0.973.0>@supervisor:report_progress/2:1582 Supervisor: {<0.973.0>,ranch_conns_sup_sup}. Started: id={ranch_conns_sup,85},pid=<0.1058.0>.
2026-09-11 18:46:44.061143+09:00 [info] <0.973.0>@supervisor:report_progress/2:1582 Supervisor: {<0.973.0>,ranch_conns_sup_sup}. Started: id={ranch_conns_sup,86},pid=<0.1059.0>.
2026-09-11 18:46:44.061275+09:00 [info] <0.973.0>@supervisor:report_progress/2:1582 Supervisor: {<0.973.0>,ranch_conns_sup_sup}. Started: id={ranch_conns_sup,87},pid=<0.1060.0>.
2026-09-11 18:46:44.061352+09:00 [info] <0.973.0>@supervisor:report_progress/2:1582 Supervisor: {<0.973.0>,ranch_conns_sup_sup}. Started: id={ranch_conns_sup,88},pid=<0.1061.0>.
2026-09-11 18:46:44.061452+09:00 [info] <0.973.0>@supervisor:report_progress/2:1582 Supervisor: {<0.973.0>,ranch_conns_sup_sup}. Started: id={ranch_conns_sup,89},pid=<0.1062.0>.
2026-09-11 18:46:44.061525+09:00 [info] <0.973.0>@supervisor:report_progress/2:1582 Supervisor: {<0.973.0>,ranch_conns_sup_sup}. Started: id={ranch_conns_sup,90},pid=<0.1063.0>.
2026-09-11 18:46:44.061606+09:00 [info] <0.973.0>@supervisor:report_progress/2:1582 Supervisor: {<0.973.0>,ranch_conns_sup_sup}. Started: id={ranch_conns_sup,91},pid=<0.1064.0>.
2026-09-11 18:46:44.061673+09:00 [info] <0.973.0>@supervisor:report_progress/2:1582 Supervisor: {<0.973.0>,ranch_conns_sup_sup}. Started: id={ranch_conns_sup,92},pid=<0.1065.0>.
2026-09-11 18:46:44.061872+09:00 [info] <0.973.0>@supervisor:report_progress/2:1582 Supervisor: {<0.973.0>,ranch_conns_sup_sup}. Started: id={ranch_conns_sup,93},pid=<0.1066.0>.
2026-09-11 18:46:44.061956+09:00 [info] <0.973.0>@supervisor:report_progress/2:1582 Supervisor: {<0.973.0>,ranch_conns_sup_sup}. Started: id={ranch_conns_sup,94},pid=<0.1067.0>.
2026-09-11 18:46:44.062054+09:00 [info] <0.973.0>@supervisor:report_progress/2:1582 Supervisor: {<0.973.0>,ranch_conns_sup_sup}. Started: id={ranch_conns_sup,95},pid=<0.1068.0>.
2026-09-11 18:46:44.062127+09:00 [info] <0.973.0>@supervisor:report_progress/2:1582 Supervisor: {<0.973.0>,ranch_conns_sup_sup}. Started: id={ranch_conns_sup,96},pid=<0.1069.0>.
2026-09-11 18:46:44.062232+09:00 [info] <0.973.0>@supervisor:report_progress/2:1582 Supervisor: {<0.973.0>,ranch_conns_sup_sup}. Started: id={ranch_conns_sup,97},pid=<0.1070.0>.
2026-09-11 18:46:44.062356+09:00 [info] <0.973.0>@supervisor:report_progress/2:1582 Supervisor: {<0.973.0>,ranch_conns_sup_sup}. Started: id={ranch_conns_sup,98},pid=<0.1071.0>.
2026-09-11 18:46:44.062496+09:00 [info] <0.973.0>@supervisor:report_progress/2:1582 Supervisor: {<0.973.0>,ranch_conns_sup_sup}. Started: id={ranch_conns_sup,99},pid=<0.1072.0>.
2026-09-11 18:46:44.062614+09:00 [info] <0.973.0>@supervisor:report_progress/2:1582 Supervisor: {<0.973.0>,ranch_conns_sup_sup}. Started: id={ranch_conns_sup,100},pid=<0.1073.0>.
2026-09-11 18:46:44.062688+09:00 [info] <0.972.0>@supervisor:report_progress/2:1582 Supervisor: {<0.972.0>,ranch_listener_sup}. Started: id=ranch_conns_sup_sup,pid=<0.973.0>.
2026-09-11 18:46:44.065992+09:00 [info] <0.1074.0>@supervisor:report_progress/2:1582 Supervisor: {<0.1074.0>,ranch_acceptors_sup}. Started: id={acceptor,<0.1074.0>,1},pid=<0.1075.0>.
2026-09-11 18:46:44.066320+09:00 [info] <0.1074.0>@supervisor:report_progress/2:1582 Supervisor: {<0.1074.0>,ranch_acceptors_sup}. Started: id={acceptor,<0.1074.0>,2},pid=<0.1076.0>.
2026-09-11 18:46:44.066573+09:00 [info] <0.1074.0>@supervisor:report_progress/2:1582 Supervisor: {<0.1074.0>,ranch_acceptors_sup}. Started: id={acceptor,<0.1074.0>,3},pid=<0.1077.0>.
2026-09-11 18:46:44.066699+09:00 [info] <0.1074.0>@supervisor:report_progress/2:1582 Supervisor: {<0.1074.0>,ranch_acceptors_sup}. Started: id={acceptor,<0.1074.0>,4},pid=<0.1081.0>.
2026-09-11 18:46:44.066845+09:00 [info] <0.1074.0>@supervisor:report_progress/2:1582 Supervisor: {<0.1074.0>,ranch_acceptors_sup}. Started: id={acceptor,<0.1074.0>,5},pid=<0.1095.0>.
2026-09-11 18:46:44.066945+09:00 [info] <0.1074.0>@supervisor:report_progress/2:1582 Supervisor: {<0.1074.0>,ranch_acceptors_sup}. Started: id={acceptor,<0.1074.0>,6},pid=<0.1096.0>.
2026-09-11 18:46:44.067082+09:00 [info] <0.1074.0>@supervisor:report_progress/2:1582 Supervisor: {<0.1074.0>,ranch_acceptors_sup}. Started: id={acceptor,<0.1074.0>,7},pid=<0.1097.0>.
2026-09-11 18:46:44.067248+09:00 [info] <0.1074.0>@supervisor:report_progress/2:1582 Supervisor: {<0.1074.0>,ranch_acceptors_sup}. Started: id={acceptor,<0.1074.0>,8},pid=<0.1098.0>.
2026-09-11 18:46:44.067382+09:00 [info] <0.1074.0>@supervisor:report_progress/2:1582 Supervisor: {<0.1074.0>,ranch_acceptors_sup}. Started: id={acceptor,<0.1074.0>,9},pid=<0.1099.0>.
2026-09-11 18:46:44.067542+09:00 [info] <0.1074.0>@supervisor:report_progress/2:1582 Supervisor: {<0.1074.0>,ranch_acceptors_sup}. Started: id={acceptor,<0.1074.0>,10},pid=<0.1100.0>.
2026-09-11 18:46:44.067662+09:00 [info] <0.1074.0>@supervisor:report_progress/2:1582 Supervisor: {<0.1074.0>,ranch_acceptors_sup}. Started: id={acceptor,<0.1074.0>,11},pid=<0.1101.0>.
2026-09-11 18:46:44.067806+09:00 [info] <0.1074.0>@supervisor:report_progress/2:1582 Supervisor: {<0.1074.0>,ranch_acceptors_sup}. Started: id={acceptor,<0.1074.0>,12},pid=<0.1102.0>.
2026-09-11 18:46:44.067959+09:00 [info] <0.1074.0>@supervisor:report_progress/2:1582 Supervisor: {<0.1074.0>,ranch_acceptors_sup}. Started: id={acceptor,<0.1074.0>,13},pid=<0.1103.0>.
2026-09-11 18:46:44.068077+09:00 [info] <0.1074.0>@supervisor:report_progress/2:1582 Supervisor: {<0.1074.0>,ranch_acceptors_sup}. Started: id={acceptor,<0.1074.0>,14},pid=<0.1104.0>.
2026-09-11 18:46:44.068221+09:00 [info] <0.1074.0>@supervisor:report_progress/2:1582 Supervisor: {<0.1074.0>,ranch_acceptors_sup}. Started: id={acceptor,<0.1074.0>,15},pid=<0.1105.0>.
2026-09-11 18:46:44.068338+09:00 [info] <0.1074.0>@supervisor:report_progress/2:1582 Supervisor: {<0.1074.0>,ranch_acceptors_sup}. Started: id={acceptor,<0.1074.0>,16},pid=<0.1106.0>.
2026-09-11 18:46:44.068479+09:00 [info] <0.1074.0>@supervisor:report_progress/2:1582 Supervisor: {<0.1074.0>,ranch_acceptors_sup}. Started: id={acceptor,<0.1074.0>,17},pid=<0.1107.0>.
2026-09-11 18:46:44.068631+09:00 [info] <0.1074.0>@supervisor:report_progress/2:1582 Supervisor: {<0.1074.0>,ranch_acceptors_sup}. Started: id={acceptor,<0.1074.0>,18},pid=<0.1108.0>.
2026-09-11 18:46:44.068743+09:00 [info] <0.1074.0>@supervisor:report_progress/2:1582 Supervisor: {<0.1074.0>,ranch_acceptors_sup}. Started: id={acceptor,<0.1074.0>,19},pid=<0.1109.0>.
2026-09-11 18:46:44.068893+09:00 [info] <0.1074.0>@supervisor:report_progress/2:1582 Supervisor: {<0.1074.0>,ranch_acceptors_sup}. Started: id={acceptor,<0.1074.0>,20},pid=<0.1110.0>.
2026-09-11 18:46:44.069005+09:00 [info] <0.1074.0>@supervisor:report_progress/2:1582 Supervisor: {<0.1074.0>,ranch_acceptors_sup}. Started: id={acceptor,<0.1074.0>,21},pid=<0.1111.0>.
2026-09-11 18:46:44.069143+09:00 [info] <0.1074.0>@supervisor:report_progress/2:1582 Supervisor: {<0.1074.0>,ranch_acceptors_sup}. Started: id={acceptor,<0.1074.0>,22},pid=<0.1112.0>.
2026-09-11 18:46:44.069294+09:00 [info] <0.1074.0>@supervisor:report_progress/2:1582 Supervisor: {<0.1074.0>,ranch_acceptors_sup}. Started: id={acceptor,<0.1074.0>,23},pid=<0.1113.0>.
2026-09-11 18:46:44.069411+09:00 [info] <0.1074.0>@supervisor:report_progress/2:1582 Supervisor: {<0.1074.0>,ranch_acceptors_sup}. Started: id={acceptor,<0.1074.0>,24},pid=<0.1114.0>.
2026-09-11 18:46:44.069562+09:00 [info] <0.1074.0>@supervisor:report_progress/2:1582 Supervisor: {<0.1074.0>,ranch_acceptors_sup}. Started: id={acceptor,<0.1074.0>,25},pid=<0.1115.0>.
2026-09-11 18:46:44.069677+09:00 [info] <0.1074.0>@supervisor:report_progress/2:1582 Supervisor: {<0.1074.0>,ranch_acceptors_sup}. Started: id={acceptor,<0.1074.0>,26},pid=<0.1116.0>.
2026-09-11 18:46:44.069829+09:00 [info] <0.1074.0>@supervisor:report_progress/2:1582 Supervisor: {<0.1074.0>,ranch_acceptors_sup}. Started: id={acceptor,<0.1074.0>,27},pid=<0.1117.0>.
2026-09-11 18:46:44.069974+09:00 [info] <0.1074.0>@supervisor:report_progress/2:1582 Supervisor: {<0.1074.0>,ranch_acceptors_sup}. Started: id={acceptor,<0.1074.0>,28},pid=<0.1118.0>.
2026-09-11 18:46:44.070092+09:00 [info] <0.1074.0>@supervisor:report_progress/2:1582 Supervisor: {<0.1074.0>,ranch_acceptors_sup}. Started: id={acceptor,<0.1074.0>,29},pid=<0.1119.0>.
2026-09-11 18:46:44.070245+09:00 [info] <0.1074.0>@supervisor:report_progress/2:1582 Supervisor: {<0.1074.0>,ranch_acceptors_sup}. Started: id={acceptor,<0.1074.0>,30},pid=<0.1120.0>.
2026-09-11 18:46:44.070360+09:00 [info] <0.1074.0>@supervisor:report_progress/2:1582 Supervisor: {<0.1074.0>,ranch_acceptors_sup}. Started: id={acceptor,<0.1074.0>,31},pid=<0.1121.0>.
2026-09-11 18:46:44.070501+09:00 [info] <0.1074.0>@supervisor:report_progress/2:1582 Supervisor: {<0.1074.0>,ranch_acceptors_sup}. Started: id={acceptor,<0.1074.0>,32},pid=<0.1122.0>.
2026-09-11 18:46:44.070650+09:00 [info] <0.1074.0>@supervisor:report_progress/2:1582 Supervisor: {<0.1074.0>,ranch_acceptors_sup}. Started: id={acceptor,<0.1074.0>,33},pid=<0.1123.0>.
2026-09-11 18:46:44.070772+09:00 [info] <0.1074.0>@supervisor:report_progress/2:1582 Supervisor: {<0.1074.0>,ranch_acceptors_sup}. Started: id={acceptor,<0.1074.0>,34},pid=<0.1124.0>.
2026-09-11 18:46:44.070914+09:00 [info] <0.1074.0>@supervisor:report_progress/2:1582 Supervisor: {<0.1074.0>,ranch_acceptors_sup}. Started: id={acceptor,<0.1074.0>,35},pid=<0.1125.0>.
2026-09-11 18:46:44.071031+09:00 [info] <0.1074.0>@supervisor:report_progress/2:1582 Supervisor: {<0.1074.0>,ranch_acceptors_sup}. Started: id={acceptor,<0.1074.0>,36},pid=<0.1126.0>.
2026-09-11 18:46:44.071180+09:00 [info] <0.1074.0>@supervisor:report_progress/2:1582 Supervisor: {<0.1074.0>,ranch_acceptors_sup}. Started: id={acceptor,<0.1074.0>,37},pid=<0.1127.0>.
2026-09-11 18:46:44.071325+09:00 [info] <0.1074.0>@supervisor:report_progress/2:1582 Supervisor: {<0.1074.0>,ranch_acceptors_sup}. Started: id={acceptor,<0.1074.0>,38},pid=<0.1128.0>.
2026-09-11 18:46:44.071467+09:00 [info] <0.1074.0>@supervisor:report_progress/2:1582 Supervisor: {<0.1074.0>,ranch_acceptors_sup}. Started: id={acceptor,<0.1074.0>,39},pid=<0.1129.0>.
2026-09-11 18:46:44.071620+09:00 [info] <0.1074.0>@supervisor:report_progress/2:1582 Supervisor: {<0.1074.0>,ranch_acceptors_sup}. Started: id={acceptor,<0.1074.0>,40},pid=<0.1130.0>.
2026-09-11 18:46:44.071708+09:00 [info] <0.1074.0>@supervisor:report_progress/2:1582 Supervisor: {<0.1074.0>,ranch_acceptors_sup}. Started: id={acceptor,<0.1074.0>,41},pid=<0.1131.0>.
2026-09-11 18:46:44.071822+09:00 [info] <0.1074.0>@supervisor:report_progress/2:1582 Supervisor: {<0.1074.0>,ranch_acceptors_sup}. Started: id={acceptor,<0.1074.0>,42},pid=<0.1132.0>.
2026-09-11 18:46:44.071931+09:00 [info] <0.1074.0>@supervisor:report_progress/2:1582 Supervisor: {<0.1074.0>,ranch_acceptors_sup}. Started: id={acceptor,<0.1074.0>,43},pid=<0.1133.0>.
2026-09-11 18:46:44.072013+09:00 [info] <0.1074.0>@supervisor:report_progress/2:1582 Supervisor: {<0.1074.0>,ranch_acceptors_sup}. Started: id={acceptor,<0.1074.0>,44},pid=<0.1134.0>.
2026-09-11 18:46:44.072124+09:00 [info] <0.1074.0>@supervisor:report_progress/2:1582 Supervisor: {<0.1074.0>,ranch_acceptors_sup}. Started: id={acceptor,<0.1074.0>,45},pid=<0.1135.0>.
2026-09-11 18:46:44.072204+09:00 [info] <0.1074.0>@supervisor:report_progress/2:1582 Supervisor: {<0.1074.0>,ranch_acceptors_sup}. Started: id={acceptor,<0.1074.0>,46},pid=<0.1136.0>.
2026-09-11 18:46:44.072304+09:00 [info] <0.1074.0>@supervisor:report_progress/2:1582 Supervisor: {<0.1074.0>,ranch_acceptors_sup}. Started: id={acceptor,<0.1074.0>,47},pid=<0.1137.0>.
2026-09-11 18:46:44.072405+09:00 [info] <0.1074.0>@supervisor:report_progress/2:1582 Supervisor: {<0.1074.0>,ranch_acceptors_sup}. Started: id={acceptor,<0.1074.0>,48},pid=<0.1138.0>.
2026-09-11 18:46:44.072490+09:00 [info] <0.1074.0>@supervisor:report_progress/2:1582 Supervisor: {<0.1074.0>,ranch_acceptors_sup}. Started: id={acceptor,<0.1074.0>,49},pid=<0.1139.0>.
2026-09-11 18:46:44.072602+09:00 [info] <0.1074.0>@supervisor:report_progress/2:1582 Supervisor: {<0.1074.0>,ranch_acceptors_sup}. Started: id={acceptor,<0.1074.0>,50},pid=<0.1140.0>.
2026-09-11 18:46:44.072684+09:00 [info] <0.1074.0>@supervisor:report_progress/2:1582 Supervisor: {<0.1074.0>,ranch_acceptors_sup}. Started: id={acceptor,<0.1074.0>,51},pid=<0.1141.0>.
2026-09-11 18:46:44.072789+09:00 [info] <0.1074.0>@supervisor:report_progress/2:1582 Supervisor: {<0.1074.0>,ranch_acceptors_sup}. Started: id={acceptor,<0.1074.0>,52},pid=<0.1142.0>.
2026-09-11 18:46:44.072927+09:00 [info] <0.1074.0>@supervisor:report_progress/2:1582 Supervisor: {<0.1074.0>,ranch_acceptors_sup}. Started: id={acceptor,<0.1074.0>,53},pid=<0.1143.0>.
2026-09-11 18:46:44.073061+09:00 [info] <0.1074.0>@supervisor:report_progress/2:1582 Supervisor: {<0.1074.0>,ranch_acceptors_sup}. Started: id={acceptor,<0.1074.0>,54},pid=<0.1144.0>.
2026-09-11 18:46:44.073232+09:00 [info] <0.1074.0>@supervisor:report_progress/2:1582 Supervisor: {<0.1074.0>,ranch_acceptors_sup}. Started: id={acceptor,<0.1074.0>,55},pid=<0.1145.0>.
2026-09-11 18:46:44.073347+09:00 [info] <0.1074.0>@supervisor:report_progress/2:1582 Supervisor: {<0.1074.0>,ranch_acceptors_sup}. Started: id={acceptor,<0.1074.0>,56},pid=<0.1146.0>.
2026-09-11 18:46:44.073505+09:00 [info] <0.1074.0>@supervisor:report_progress/2:1582 Supervisor: {<0.1074.0>,ranch_acceptors_sup}. Started: id={acceptor,<0.1074.0>,57},pid=<0.1147.0>.
2026-09-11 18:46:44.073703+09:00 [info] <0.1074.0>@supervisor:report_progress/2:1582 Supervisor: {<0.1074.0>,ranch_acceptors_sup}. Started: id={acceptor,<0.1074.0>,58},pid=<0.1148.0>.
2026-09-11 18:46:44.073856+09:00 [info] <0.1074.0>@supervisor:report_progress/2:1582 Supervisor: {<0.1074.0>,ranch_acceptors_sup}. Started: id={acceptor,<0.1074.0>,59},pid=<0.1149.0>.
2026-09-11 18:46:44.074010+09:00 [info] <0.1074.0>@supervisor:report_progress/2:1582 Supervisor: {<0.1074.0>,ranch_acceptors_sup}. Started: id={acceptor,<0.1074.0>,60},pid=<0.1150.0>.
2026-09-11 18:46:44.074141+09:00 [info] <0.1074.0>@supervisor:report_progress/2:1582 Supervisor: {<0.1074.0>,ranch_acceptors_sup}. Started: id={acceptor,<0.1074.0>,61},pid=<0.1151.0>.
2026-09-11 18:46:44.074298+09:00 [info] <0.1074.0>@supervisor:report_progress/2:1582 Supervisor: {<0.1074.0>,ranch_acceptors_sup}. Started: id={acceptor,<0.1074.0>,62},pid=<0.1152.0>.
2026-09-11 18:46:44.074466+09:00 [info] <0.1074.0>@supervisor:report_progress/2:1582 Supervisor: {<0.1074.0>,ranch_acceptors_sup}. Started: id={acceptor,<0.1074.0>,63},pid=<0.1153.0>.
2026-09-11 18:46:44.074597+09:00 [info] <0.1074.0>@supervisor:report_progress/2:1582 Supervisor: {<0.1074.0>,ranch_acceptors_sup}. Started: id={acceptor,<0.1074.0>,64},pid=<0.1154.0>.
2026-09-11 18:46:44.074739+09:00 [info] <0.1074.0>@supervisor:report_progress/2:1582 Supervisor: {<0.1074.0>,ranch_acceptors_sup}. Started: id={acceptor,<0.1074.0>,65},pid=<0.1155.0>.
2026-09-11 18:46:44.074851+09:00 [info] <0.1074.0>@supervisor:report_progress/2:1582 Supervisor: {<0.1074.0>,ranch_acceptors_sup}. Started: id={acceptor,<0.1074.0>,66},pid=<0.1156.0>.
2026-09-11 18:46:44.074999+09:00 [info] <0.1074.0>@supervisor:report_progress/2:1582 Supervisor: {<0.1074.0>,ranch_acceptors_sup}. Started: id={acceptor,<0.1074.0>,67},pid=<0.1157.0>.
2026-09-11 18:46:44.075139+09:00 [info] <0.1074.0>@supervisor:report_progress/2:1582 Supervisor: {<0.1074.0>,ranch_acceptors_sup}. Started: id={acceptor,<0.1074.0>,68},pid=<0.1158.0>.
2026-09-11 18:46:44.075250+09:00 [info] <0.1074.0>@supervisor:report_progress/2:1582 Supervisor: {<0.1074.0>,ranch_acceptors_sup}. Started: id={acceptor,<0.1074.0>,69},pid=<0.1159.0>.
2026-09-11 18:46:44.075399+09:00 [info] <0.1074.0>@supervisor:report_progress/2:1582 Supervisor: {<0.1074.0>,ranch_acceptors_sup}. Started: id={acceptor,<0.1074.0>,70},pid=<0.1160.0>.
2026-09-11 18:46:44.075510+09:00 [info] <0.1074.0>@supervisor:report_progress/2:1582 Supervisor: {<0.1074.0>,ranch_acceptors_sup}. Started: id={acceptor,<0.1074.0>,71},pid=<0.1161.0>.
2026-09-11 18:46:44.075656+09:00 [info] <0.1074.0>@supervisor:report_progress/2:1582 Supervisor: {<0.1074.0>,ranch_acceptors_sup}. Started: id={acceptor,<0.1074.0>,72},pid=<0.1162.0>.
2026-09-11 18:46:44.075790+09:00 [info] <0.1074.0>@supervisor:report_progress/2:1582 Supervisor: {<0.1074.0>,ranch_acceptors_sup}. Started: id={acceptor,<0.1074.0>,73},pid=<0.1163.0>.
2026-09-11 18:46:44.075902+09:00 [info] <0.1074.0>@supervisor:report_progress/2:1582 Supervisor: {<0.1074.0>,ranch_acceptors_sup}. Started: id={acceptor,<0.1074.0>,74},pid=<0.1164.0>.
2026-09-11 18:46:44.076041+09:00 [info] <0.1074.0>@supervisor:report_progress/2:1582 Supervisor: {<0.1074.0>,ranch_acceptors_sup}. Started: id={acceptor,<0.1074.0>,75},pid=<0.1165.0>.
2026-09-11 18:46:44.076163+09:00 [info] <0.1074.0>@supervisor:report_progress/2:1582 Supervisor: {<0.1074.0>,ranch_acceptors_sup}. Started: id={acceptor,<0.1074.0>,76},pid=<0.1166.0>.
2026-09-11 18:46:44.076261+09:00 [info] <0.1074.0>@supervisor:report_progress/2:1582 Supervisor: {<0.1074.0>,ranch_acceptors_sup}. Started: id={acceptor,<0.1074.0>,77},pid=<0.1167.0>.
2026-09-11 18:46:44.076371+09:00 [info] <0.1074.0>@supervisor:report_progress/2:1582 Supervisor: {<0.1074.0>,ranch_acceptors_sup}. Started: id={acceptor,<0.1074.0>,78},pid=<0.1168.0>.
2026-09-11 18:46:44.076454+09:00 [info] <0.1074.0>@supervisor:report_progress/2:1582 Supervisor: {<0.1074.0>,ranch_acceptors_sup}. Started: id={acceptor,<0.1074.0>,79},pid=<0.1169.0>.
2026-09-11 18:46:44.076569+09:00 [info] <0.1074.0>@supervisor:report_progress/2:1582 Supervisor: {<0.1074.0>,ranch_acceptors_sup}. Started: id={acceptor,<0.1074.0>,80},pid=<0.1170.0>.
2026-09-11 18:46:44.076658+09:00 [info] <0.1074.0>@supervisor:report_progress/2:1582 Supervisor: {<0.1074.0>,ranch_acceptors_sup}. Started: id={acceptor,<0.1074.0>,81},pid=<0.1171.0>.
2026-09-11 18:46:44.076759+09:00 [info] <0.1074.0>@supervisor:report_progress/2:1582 Supervisor: {<0.1074.0>,ranch_acceptors_sup}. Started: id={acceptor,<0.1074.0>,82},pid=<0.1172.0>.
2026-09-11 18:46:44.076858+09:00 [info] <0.1074.0>@supervisor:report_progress/2:1582 Supervisor: {<0.1074.0>,ranch_acceptors_sup}. Started: id={acceptor,<0.1074.0>,83},pid=<0.1173.0>.
2026-09-11 18:46:44.076937+09:00 [info] <0.1074.0>@supervisor:report_progress/2:1582 Supervisor: {<0.1074.0>,ranch_acceptors_sup}. Started: id={acceptor,<0.1074.0>,84},pid=<0.1174.0>.
2026-09-11 18:46:44.077040+09:00 [info] <0.1074.0>@supervisor:report_progress/2:1582 Supervisor: {<0.1074.0>,ranch_acceptors_sup}. Started: id={acceptor,<0.1074.0>,85},pid=<0.1175.0>.
2026-09-11 18:46:44.077121+09:00 [info] <0.1074.0>@supervisor:report_progress/2:1582 Supervisor: {<0.1074.0>,ranch_acceptors_sup}. Started: id={acceptor,<0.1074.0>,86},pid=<0.1176.0>.
2026-09-11 18:46:44.077225+09:00 [info] <0.1074.0>@supervisor:report_progress/2:1582 Supervisor: {<0.1074.0>,ranch_acceptors_sup}. Started: id={acceptor,<0.1074.0>,87},pid=<0.1177.0>.
2026-09-11 18:46:44.077352+09:00 [info] <0.1074.0>@supervisor:report_progress/2:1582 Supervisor: {<0.1074.0>,ranch_acceptors_sup}. Started: id={acceptor,<0.1074.0>,88},pid=<0.1178.0>.
2026-09-11 18:46:44.077454+09:00 [info] <0.1074.0>@supervisor:report_progress/2:1582 Supervisor: {<0.1074.0>,ranch_acceptors_sup}. Started: id={acceptor,<0.1074.0>,89},pid=<0.1179.0>.
2026-09-11 18:46:44.077574+09:00 [info] <0.1074.0>@supervisor:report_progress/2:1582 Supervisor: {<0.1074.0>,ranch_acceptors_sup}. Started: id={acceptor,<0.1074.0>,90},pid=<0.1180.0>.
2026-09-11 18:46:44.077684+09:00 [info] <0.1074.0>@supervisor:report_progress/2:1582 Supervisor: {<0.1074.0>,ranch_acceptors_sup}. Started: id={acceptor,<0.1074.0>,91},pid=<0.1181.0>.
2026-09-11 18:46:44.077799+09:00 [info] <0.1074.0>@supervisor:report_progress/2:1582 Supervisor: {<0.1074.0>,ranch_acceptors_sup}. Started: id={acceptor,<0.1074.0>,92},pid=<0.1182.0>.
2026-09-11 18:46:44.077912+09:00 [info] <0.1074.0>@supervisor:report_progress/2:1582 Supervisor: {<0.1074.0>,ranch_acceptors_sup}. Started: id={acceptor,<0.1074.0>,93},pid=<0.1183.0>.
2026-09-11 18:46:44.078022+09:00 [info] <0.1074.0>@supervisor:report_progress/2:1582 Supervisor: {<0.1074.0>,ranch_acceptors_sup}. Started: id={acceptor,<0.1074.0>,94},pid=<0.1184.0>.
2026-09-11 18:46:44.078138+09:00 [info] <0.1074.0>@supervisor:report_progress/2:1582 Supervisor: {<0.1074.0>,ranch_acceptors_sup}. Started: id={acceptor,<0.1074.0>,95},pid=<0.1185.0>.
2026-09-11 18:46:44.078229+09:00 [info] <0.1074.0>@supervisor:report_progress/2:1582 Supervisor: {<0.1074.0>,ranch_acceptors_sup}. Started: id={acceptor,<0.1074.0>,96},pid=<0.1186.0>.
2026-09-11 18:46:44.078339+09:00 [info] <0.1074.0>@supervisor:report_progress/2:1582 Supervisor: {<0.1074.0>,ranch_acceptors_sup}. Started: id={acceptor,<0.1074.0>,97},pid=<0.1187.0>.
2026-09-11 18:46:44.078463+09:00 [info] <0.1074.0>@supervisor:report_progress/2:1582 Supervisor: {<0.1074.0>,ranch_acceptors_sup}. Started: id={acceptor,<0.1074.0>,98},pid=<0.1188.0>.
2026-09-11 18:46:44.078557+09:00 [info] <0.1074.0>@supervisor:report_progress/2:1582 Supervisor: {<0.1074.0>,ranch_acceptors_sup}. Started: id={acceptor,<0.1074.0>,99},pid=<0.1189.0>.
2026-09-11 18:46:44.078665+09:00 [info] <0.1074.0>@supervisor:report_progress/2:1582 Supervisor: {<0.1074.0>,ranch_acceptors_sup}. Started: id={acceptor,<0.1074.0>,100},pid=<0.1190.0>.
2026-09-11 18:46:44.078724+09:00 [info] <0.972.0>@supervisor:report_progress/2:1582 Supervisor: {<0.972.0>,ranch_listener_sup}. Started: id=ranch_acceptors_sup,pid=<0.1074.0>.
2026-09-11 18:46:44.078823+09:00 [info] <0.604.0>@supervisor:report_progress/2:1582 Supervisor: {local,ranch_sup}. Started: id={ranch_listener_sup,{[49,50,55,46,48,46,48,46,49],9080}},pid=<0.972.0>.
2026-09-11 18:46:44.078905+09:00 [info] <0.971.0>@riak_core_service_mgr:start_dispatcher/3:524 Service manager: listening on 127.0.0.1:9080
2026-09-11 18:46:44.078967+09:00 [info] <0.970.0>@supervisor:report_progress/2:1582 Supervisor: {local,riak_core_cluster_mgr_sup}. Started: id=riak_core_service_mgr,pid=<0.971.0>.
2026-09-11 18:46:44.081677+09:00 [info] <0.970.0>@supervisor:report_progress/2:1582 Supervisor: {local,riak_core_cluster_mgr_sup}. Started: id=riak_core_connection_mgr,pid=<0.1191.0>.
2026-09-11 18:46:44.083089+09:00 [info] <0.970.0>@supervisor:report_progress/2:1582 Supervisor: {local,riak_core_cluster_mgr_sup}. Started: id=riak_core_cluster_conn_sup,pid=<0.1192.0>.
2026-09-11 18:46:44.085977+09:00 [info] <0.970.0>@supervisor:report_progress/2:1582 Supervisor: {local,riak_core_cluster_mgr_sup}. Started: id=riak_repl_cluster_mgr,pid=<0.1193.0>.
2026-09-11 18:46:44.088924+09:00 [info] <0.1194.0>@riak_core_tcp_mon:init/1:167 Starting TCP Monitor
2026-09-11 18:46:44.089065+09:00 [info] <0.970.0>@supervisor:report_progress/2:1582 Supervisor: {local,riak_core_cluster_mgr_sup}. Started: id=riak_core_tcp_mon,pid=<0.1194.0>.
2026-09-11 18:46:44.089181+09:00 [info] <0.962.0>@supervisor:report_progress/2:1582 Supervisor: {local,riak_repl_sup}. Started: id=riak_core_cluster_mgr_sup,pid=<0.970.0>.
2026-09-11 18:46:44.090587+09:00 [info] <0.962.0>@supervisor:report_progress/2:1582 Supervisor: {local,riak_repl_sup}. Started: id=riak_repl2_fs_node_reserver,pid=<0.1195.0>.
2026-09-11 18:46:44.095449+09:00 [info] <0.1197.0>@supervisor:report_progress/2:1582 Supervisor: {local,riak_repl2_rtsource_sup}. Started: id=riak_repl2_rtq,pid=<0.1198.0>.
2026-09-11 18:46:44.096855+09:00 [info] <0.1197.0>@supervisor:report_progress/2:1582 Supervisor: {local,riak_repl2_rtsource_sup}. Started: id=riak_repl2_rtq_overload_counter,pid=<0.1199.0>.
2026-09-11 18:46:44.099890+09:00 [info] <0.1197.0>@supervisor:report_progress/2:1582 Supervisor: {local,riak_repl2_rtsource_sup}. Started: id=riak_repl2_rtsource_conn_sup,pid=<0.1200.0>.
2026-09-11 18:46:44.100034+09:00 [info] <0.1196.0>@supervisor:report_progress/2:1582 Supervisor: {local,riak_repl2_rt_sup}. Started: id=riak_repl2_rtsource_sup,pid=<0.1197.0>.
2026-09-11 18:46:44.102782+09:00 [info] <0.1201.0>@supervisor:report_progress/2:1582 Supervisor: {local,riak_repl2_rtsink_sup}. Started: id=riak_repl2_rtsink_pool,pid=<0.1202.0>.
2026-09-11 18:46:44.104156+09:00 [info] <0.1201.0>@supervisor:report_progress/2:1582 Supervisor: {local,riak_repl2_rtsink_sup}. Started: id=riak_repl2_rtsink_conn_sup,pid=<0.1209.0>.
2026-09-11 18:46:44.104280+09:00 [info] <0.1196.0>@supervisor:report_progress/2:1582 Supervisor: {local,riak_repl2_rt_sup}. Started: id=riak_repl2_rtsink_sup,pid=<0.1201.0>.
2026-09-11 18:46:44.104405+09:00 [info] <0.1196.0>@supervisor:report_progress/2:1582 Supervisor: {local,riak_repl2_rt_sup}. Started: id=riak_repl2_rt,pid=<0.1210.0>.
2026-09-11 18:46:44.104524+09:00 [info] <0.962.0>@supervisor:report_progress/2:1582 Supervisor: {local,riak_repl_sup}. Started: id=riak_repl2_rt_sup,pid=<0.1196.0>.
2026-09-11 18:46:44.106072+09:00 [info] <0.962.0>@supervisor:report_progress/2:1582 Supervisor: {local,riak_repl_sup}. Started: id=riak_repl2_fscoordinator_sup,pid=<0.1211.0>.
2026-09-11 18:46:44.107551+09:00 [info] <0.962.0>@supervisor:report_progress/2:1582 Supervisor: {local,riak_repl_sup}. Started: id=riak_repl2_fscoordinator_serv_sup,pid=<0.1212.0>.
2026-09-11 18:46:44.109043+09:00 [info] <0.962.0>@supervisor:report_progress/2:1582 Supervisor: {local,riak_repl_sup}. Started: id=riak_repl2_fssource_sup,pid=<0.1213.0>.
2026-09-11 18:46:44.110434+09:00 [info] <0.962.0>@supervisor:report_progress/2:1582 Supervisor: {local,riak_repl_sup}. Started: id=riak_repl2_fssink_pool,pid=<0.1214.0>.
2026-09-11 18:46:44.111726+09:00 [info] <0.962.0>@supervisor:report_progress/2:1582 Supervisor: {local,riak_repl_sup}. Started: id=riak_repl2_fssink_sup,pid=<0.1221.0>.
2026-09-11 18:46:44.113270+09:00 [info] <0.962.0>@supervisor:report_progress/2:1582 Supervisor: {local,riak_repl_sup}. Started: id=riak_repl2_pg_proxy_sup,pid=<0.1222.0>.
2026-09-11 18:46:44.117051+09:00 [info] <0.1223.0>@supervisor:report_progress/2:1582 Supervisor: {local,riak_repl2_pg_sup}. Started: id=riak_repl2_pg_block_provider_sup,pid=<0.1224.0>.
2026-09-11 18:46:44.118405+09:00 [info] <0.1223.0>@supervisor:report_progress/2:1582 Supervisor: {local,riak_repl2_pg_sup}. Started: id=riak_repl2_pg_block_requester_sup,pid=<0.1225.0>.
2026-09-11 18:46:44.118519+09:00 [info] <0.1223.0>@supervisor:report_progress/2:1582 Supervisor: {local,riak_repl2_pg_sup}. Started: id=riak_repl2_pg,pid=<0.1226.0>.
2026-09-11 18:46:44.118605+09:00 [info] <0.962.0>@supervisor:report_progress/2:1582 Supervisor: {local,riak_repl_sup}. Started: id=riak_repl2_pg_sup,pid=<0.1223.0>.
2026-09-11 18:46:44.123923+09:00 [info] <0.250.0>@supervisor:report_progress/2:1582 Supervisor: {local,riak_core_stats_sup}. Started: id=riak_core_connection_mgr_stats,pid=<0.1227.0>.
2026-09-11 18:46:44.130690+09:00 [info] <0.250.0>@supervisor:report_progress/2:1582 Supervisor: {local,riak_core_stats_sup}. Started: id=riak_repl_stats,pid=<0.1228.0>.
2026-09-11 18:46:44.135896+09:00 [info] <0.216.0>@supervisor:report_progress/2:1582 Supervisor: {local,riak_core_eventhandler_sup}. Started: id={riak_core_ring_events,riak_repl_ring_handler},pid=<0.1229.0>.
2026-09-11 18:46:44.142006+09:00 [info] <0.968.0>@riak_repl2_leader:become_leader/2:217 Leader2: 'openriak-kv@node-01.cluster-a.openriak' elected as replication leader
2026-09-11 18:46:44.142171+09:00 [info] <0.1193.0>@riak_core_cluster_mgr:become_leader/2:706 ClusterManager: 'openriak-kv@node-01.cluster-a.openriak' becoming the leader
2026-09-11 18:46:44.147670+09:00 [info] <0.44.0>@application_controller:info_started/2:2130 Application: riak_repl. Started at: 'openriak-kv@node-01.cluster-a.openriak'.
2026-09-11 18:46:44.147872+09:00 [info] <0.44.0>@application_controller:info_started/2:2130 Application: canola. Started at: 'openriak-kv@node-01.cluster-a.openriak'.
2026-09-11 18:46:44.152589+09:00 [info] <0.44.0>@application_controller:info_started/2:2130 Application: riak_auth_mods. Started at: 'openriak-kv@node-01.cluster-a.openriak'.
2026-09-11 18:46:44.152821+09:00 [info] <0.44.0>@application_controller:info_started/2:2130 Application: riak_logger. Started at: 'openriak-kv@node-01.cluster-a.openriak'.
2026-09-11 18:46:46.964897+09:00 [info] <0.778.0>@leveled_monitor:handle_cast/2:647 log_ref=b0016 db_id=2 Get timing with sample_count=0 and head_time=0 body_time=0 with fetch_count=0 with sample_period=3 seconds
2026-09-11 18:46:50.056999+09:00 [info] <0.608.0>@riak_repl_app:prep_stop/1:336 Redirecting realtime replication traffic
2026-09-11 18:46:50.058753+09:00 [info] <0.84.0>@supervisor:report_progress/2:1582 Supervisor: {local,kernel_safe_sup}. Started: id=riak_repl2_rtq_proxy,pid=<0.1343.0>.
2026-09-11 18:46:50.058881+09:00 [info] <0.608.0>@riak_repl_app:prep_stop/1:339 Stopping application riak_repl - marked service down.
2026-09-11 18:46:50.061058+09:00 [info] <0.1344.0>@riak_repl_migration:init/1:33 Riak replication migration server started
2026-09-11 18:46:50.061146+09:00 [info] <0.608.0>@riak_repl_app:prep_stop/1:343 Started migration server
2026-09-11 18:46:50.061218+09:00 [info] <0.1344.0>@riak_repl_migration:handle_call/3:37 Realtime Repl queue migration sleeping
2026-09-11 18:46:50.161711+09:00 [info] <0.1344.0>@riak_repl_migration:handle_info/2:50 Queue empty, no replication queue migration required
2026-09-11 18:46:51.168268+09:00 [info] <0.608.0>@riak_repl_app:stop/1:139 Stopped application riak_repl
2026-09-11 18:46:51.177601+09:00 [info] <0.353.0>@riak_kv_app:prep_stop/1:275 Stopping application riak_kv - marked service down.
2026-09-11 18:46:51.177816+09:00 [info] <0.353.0>@riak_kv_app:prep_stop/1:279 Unregistered pb services
2026-09-11 18:46:51.179374+09:00 [info] <0.353.0>@riak_kv_app:prep_stop/1:284 unregistered webmachine routes
2026-09-11 18:46:51.179477+09:00 [info] <0.353.0>@riak_kv_app:prep_stop/1:286 all active put FSMs completed
2026-09-11 18:46:51.179868+09:00 [info] <0.353.0>@riak_kv_app:stop/1:297 Stopped  application riak_kv.
2026-09-11 18:46:51.185607+09:00 [info] <0.780.0>@leveled_inker:handle_call/3:784 log_ref=i0005 db_id=0 Inker closing journal for reason close
2026-09-11 18:46:51.185601+09:00 [info] <0.787.0>@leveled_inker:handle_call/3:784 log_ref=i0005 db_id=6 Inker closing journal for reason close
2026-09-11 18:46:51.185687+09:00 [info] <0.782.0>@leveled_inker:handle_call/3:784 log_ref=i0005 db_id=1 Inker closing journal for reason close
2026-09-11 18:46:51.185592+09:00 [info] <0.784.0>@leveled_inker:handle_call/3:784 log_ref=i0005 db_id=4 Inker closing journal for reason close
2026-09-11 18:46:51.185688+09:00 [info] <0.783.0>@leveled_inker:handle_call/3:784 log_ref=i0005 db_id=2 Inker closing journal for reason close
2026-09-11 18:46:51.185606+09:00 [info] <0.785.0>@leveled_inker:handle_call/3:784 log_ref=i0005 db_id=3 Inker closing journal for reason close
2026-09-11 18:46:51.185719+09:00 [info] <0.787.0>@leveled_inker:handle_call/3:786 log_ref=i0006 db_id=6 Close triggered with journal_sqn=0 and manifest_sqn=2
2026-09-11 18:46:51.185707+09:00 [info] <0.780.0>@leveled_inker:handle_call/3:786 log_ref=i0006 db_id=0 Close triggered with journal_sqn=1 and manifest_sqn=2
2026-09-11 18:46:51.185793+09:00 [info] <0.785.0>@leveled_inker:handle_call/3:786 log_ref=i0006 db_id=3 Close triggered with journal_sqn=0 and manifest_sqn=2
2026-09-11 18:46:51.185722+09:00 [info] <0.786.0>@leveled_inker:handle_call/3:784 log_ref=i0005 db_id=5 Inker closing journal for reason close
2026-09-11 18:46:51.185790+09:00 [info] <0.783.0>@leveled_inker:handle_call/3:786 log_ref=i0006 db_id=2 Close triggered with journal_sqn=0 and manifest_sqn=2
2026-09-11 18:46:51.185764+09:00 [info] <0.784.0>@leveled_inker:handle_call/3:786 log_ref=i0006 db_id=4 Close triggered with journal_sqn=0 and manifest_sqn=2
2026-09-11 18:46:51.185748+09:00 [info] <0.782.0>@leveled_inker:handle_call/3:786 log_ref=i0006 db_id=1 Close triggered with journal_sqn=1 and manifest_sqn=2
2026-09-11 18:46:51.185761+09:00 [info] <0.781.0>@leveled_inker:handle_call/3:784 log_ref=i0005 db_id=7 Inker closing journal for reason close
2026-09-11 18:46:51.185892+09:00 [info] <0.780.0>@leveled_inker:shutdown_manifest/1:1040 log_ref=i0007 db_id=0 Inker manifest when closing is:
2026-09-11 18:46:51.185947+09:00 [info] <0.781.0>@leveled_inker:handle_call/3:786 log_ref=i0006 db_id=7 Close triggered with journal_sqn=1 and manifest_sqn=2
2026-09-11 18:46:51.185911+09:00 [info] <0.786.0>@leveled_inker:handle_call/3:786 log_ref=i0006 db_id=5 Close triggered with journal_sqn=0 and manifest_sqn=2
2026-09-11 18:46:51.185947+09:00 [info] <0.787.0>@leveled_inker:shutdown_manifest/1:1040 log_ref=i0007 db_id=6 Inker manifest when closing is:
2026-09-11 18:46:51.186019+09:00 [info] <0.784.0>@leveled_inker:shutdown_manifest/1:1040 log_ref=i0007 db_id=4 Inker manifest when closing is:
2026-09-11 18:46:51.186010+09:00 [info] <0.783.0>@leveled_inker:shutdown_manifest/1:1040 log_ref=i0007 db_id=2 Inker manifest when closing is:
2026-09-11 18:46:51.186022+09:00 [info] <0.785.0>@leveled_inker:shutdown_manifest/1:1040 log_ref=i0007 db_id=3 Inker manifest when closing is:
2026-09-11 18:46:51.186093+09:00 [info] <0.786.0>@leveled_inker:shutdown_manifest/1:1040 log_ref=i0007 db_id=5 Inker manifest when closing is:
2026-09-11 18:46:51.186037+09:00 [info] <0.782.0>@leveled_inker:shutdown_manifest/1:1040 log_ref=i0007 db_id=1 Inker manifest when closing is:
2026-09-11 18:46:51.186070+09:00 [info] <0.781.0>@leveled_inker:shutdown_manifest/1:1040 log_ref=i0007 db_id=7 Inker manifest when closing is:
2026-09-11 18:46:51.186242+09:00 [info] <0.819.0>@leveled_pclerk:terminate/2:178 log_ref=pc005 db_id=2 Penciller's Clerk <0.819.0> shutdown now complete for reason normal
2026-09-11 18:46:51.186273+09:00 [info] <0.813.0>@leveled_pclerk:terminate/2:178 log_ref=pc005 db_id=5 Penciller's Clerk <0.813.0> shutdown now complete for reason normal
2026-09-11 18:46:51.186243+09:00 [info] <0.817.0>@leveled_pclerk:terminate/2:178 log_ref=pc005 db_id=4 Penciller's Clerk <0.817.0> shutdown now complete for reason normal
2026-09-11 18:46:51.186374+09:00 [info] <0.814.0>@leveled_pclerk:terminate/2:178 log_ref=pc005 db_id=0 Penciller's Clerk <0.814.0> shutdown now complete for reason normal
2026-09-11 18:46:51.186439+09:00 [info] <0.820.0>@leveled_pclerk:terminate/2:178 log_ref=pc005 db_id=3 Penciller's Clerk <0.820.0> shutdown now complete for reason normal
2026-09-11 18:46:51.186410+09:00 [info] <0.809.0>@leveled_penciller:handle_call/3:1072 log_ref=p0008 db_id=2 Penciller closing for reason close
2026-09-11 18:46:51.186505+09:00 [info] <0.806.0>@leveled_penciller:handle_call/3:1072 log_ref=p0008 db_id=4 Penciller closing for reason close
2026-09-11 18:46:51.186492+09:00 [info] <0.812.0>@leveled_penciller:handle_call/3:1072 log_ref=p0008 db_id=5 Penciller closing for reason close
2026-09-11 18:46:51.186526+09:00 [info] <0.815.0>@leveled_pclerk:terminate/2:178 log_ref=pc005 db_id=1 Penciller's Clerk <0.815.0> shutdown now complete for reason normal
2026-09-11 18:46:51.186615+09:00 [info] <0.807.0>@leveled_penciller:handle_call/3:1072 log_ref=p0008 db_id=3 Penciller closing for reason close
2026-09-11 18:46:51.186678+09:00 [info] <0.809.0>@leveled_penciller:handle_call/3:1088 log_ref=p0010 db_id=2 level zero discarded_count=0 on close of Penciller
2026-09-11 18:46:51.186607+09:00 [info] <0.810.0>@leveled_penciller:handle_call/3:1072 log_ref=p0008 db_id=0 Penciller closing for reason close
2026-09-11 18:46:51.186652+09:00 [info] <0.816.0>@leveled_pclerk:terminate/2:178 log_ref=pc005 db_id=7 Penciller's Clerk <0.816.0> shutdown now complete for reason normal
2026-09-11 18:46:51.186744+09:00 [info] <0.811.0>@leveled_penciller:handle_call/3:1072 log_ref=p0008 db_id=1 Penciller closing for reason close
2026-09-11 18:46:51.186705+09:00 [info] <0.806.0>@leveled_penciller:handle_call/3:1088 log_ref=p0010 db_id=4 level zero discarded_count=0 on close of Penciller
2026-09-11 18:46:51.186846+09:00 [info] <0.810.0>@leveled_penciller:handle_call/3:1088 log_ref=p0010 db_id=0 level zero discarded_count=0 on close of Penciller
2026-09-11 18:46:51.186795+09:00 [info] <0.807.0>@leveled_penciller:handle_call/3:1088 log_ref=p0010 db_id=3 level zero discarded_count=0 on close of Penciller
2026-09-11 18:46:51.186861+09:00 [info] <0.766.0>@leveled_bookie:terminate/2:1827 log_ref=b0003 db_id=2 Bookie closing for reason normal
2026-09-11 18:46:51.186874+09:00 [info] <0.808.0>@leveled_penciller:handle_call/3:1072 log_ref=p0008 db_id=7 Penciller closing for reason close
2026-09-11 18:46:51.186709+09:00 [info] <0.812.0>@leveled_penciller:handle_call/3:1088 log_ref=p0010 db_id=5 level zero discarded_count=0 on close of Penciller
2026-09-11 18:46:51.187033+09:00 [info] <0.808.0>@leveled_penciller:handle_call/3:1088 log_ref=p0010 db_id=7 level zero discarded_count=0 on close of Penciller
2026-09-11 18:46:51.187071+09:00 [info] <0.764.0>@leveled_bookie:terminate/2:1827 log_ref=b0003 db_id=3 Bookie closing for reason normal
2026-09-11 18:46:51.187004+09:00 [info] <0.811.0>@leveled_penciller:handle_call/3:1088 log_ref=p0010 db_id=1 level zero discarded_count=0 on close of Penciller
2026-09-11 18:46:51.187130+09:00 [info] <0.770.0>@leveled_bookie:terminate/2:1827 log_ref=b0003 db_id=4 Bookie closing for reason normal
2026-09-11 18:46:51.187223+09:00 [info] <0.769.0>@leveled_bookie:terminate/2:1827 log_ref=b0003 db_id=5 Bookie closing for reason normal
2026-09-11 18:46:51.187145+09:00 [info] <0.768.0>@leveled_bookie:terminate/2:1827 log_ref=b0003 db_id=0 Bookie closing for reason normal
2026-09-11 18:46:51.187260+09:00 [info] <0.765.0>@leveled_bookie:terminate/2:1827 log_ref=b0003 db_id=7 Bookie closing for reason normal
2026-09-11 18:46:51.187354+09:00 [info] <0.771.0>@leveled_bookie:terminate/2:1827 log_ref=b0003 db_id=1 Bookie closing for reason normal
2026-09-11 18:46:51.187814+09:00 [info] <0.818.0>@leveled_pclerk:terminate/2:178 log_ref=pc005 db_id=6 Penciller's Clerk <0.818.0> shutdown now complete for reason normal
2026-09-11 18:46:51.194288+09:00 [info] <0.805.0>@leveled_penciller:handle_call/3:1072 log_ref=p0008 db_id=6 Penciller closing for reason close
2026-09-11 18:46:51.195967+09:00 [info] <0.805.0>@leveled_penciller:handle_call/3:1088 log_ref=p0010 db_id=6 level zero discarded_count=0 on close of Penciller
2026-09-11 18:46:51.203834+09:00 [info] <0.767.0>@leveled_bookie:terminate/2:1827 log_ref=b0003 db_id=6 Bookie closing for reason normal
2026-09-11 18:46:51.252233+09:00 [info] <0.862.0>@aae_treecache:save_to_disk/3:403 log_ref=c0003 Saving tree cache to path /var/lib/riak/tictac_aae/730750818665451459101842416358141509827966271488/aaetree/730750818665451459101842416358141509827966271488_3/ and filename 1.pnd
2026-09-11 18:46:51.252783+09:00 [info] <0.865.0>@aae_treecache:save_to_disk/3:403 log_ref=c0003 Saving tree cache to path /var/lib/riak/tictac_aae/0/aaetree/0_3/ and filename 1.pnd
2026-09-11 18:46:51.284567+09:00 [info] <0.864.0>@aae_treecache:save_to_disk/3:403 log_ref=c0003 Saving tree cache to path /var/lib/riak/tictac_aae/1278813932664540053428224228626747642198940975104/aaetree/1278813932664540053428224228626747642198940975104_3/ and filename 1.pnd
2026-09-11 18:46:51.288786+09:00 [info] <0.866.0>@aae_treecache:save_to_disk/3:403 log_ref=c0003 Saving tree cache to path /var/lib/riak/tictac_aae/365375409332725729550921208179070754913983135744/aaetree/365375409332725729550921208179070754913983135744_3/ and filename 1.pnd
2026-09-11 18:46:51.292415+09:00 [info] <0.861.0>@aae_treecache:save_to_disk/3:403 log_ref=c0003 Saving tree cache to path /var/lib/riak/tictac_aae/548063113999088594326381812268606132370974703616/aaetree/548063113999088594326381812268606132370974703616_3/ and filename 1.pnd
2026-09-11 18:46:51.315876+09:00 [info] <0.867.0>@aae_treecache:save_to_disk/3:403 log_ref=c0003 Saving tree cache to path /var/lib/riak/tictac_aae/913438523331814323877303020447676887284957839360/aaetree/913438523331814323877303020447676887284957839360_3/ and filename 1.pnd
2026-09-11 18:46:51.318820+09:00 [info] <0.868.0>@aae_treecache:save_to_disk/3:403 log_ref=c0003 Saving tree cache to path /var/lib/riak/tictac_aae/1096126227998177188652763624537212264741949407232/aaetree/1096126227998177188652763624537212264741949407232_3/ and filename 1.pnd
2026-09-11 18:46:51.319149+09:00 [info] <0.863.0>@aae_treecache:save_to_disk/3:403 log_ref=c0003 Saving tree cache to path /var/lib/riak/tictac_aae/182687704666362864775460604089535377456991567872/aaetree/182687704666362864775460604089535377456991567872_3/ and filename 1.pnd
2026-09-11 18:46:51.348233+09:00 [info] <0.857.0>@aae_treecache:save_to_disk/3:403 log_ref=c0003 Saving tree cache to path /var/lib/riak/tictac_aae/730750818665451459101842416358141509827966271488/aaetree/548063113999088594326381812268606132370974703616_3/ and filename 1.pnd
2026-09-11 18:46:51.370689+09:00 [info] <0.859.0>@aae_treecache:save_to_disk/3:403 log_ref=c0003 Saving tree cache to path /var/lib/riak/tictac_aae/0/aaetree/1278813932664540053428224228626747642198940975104_3/ and filename 1.pnd
2026-09-11 18:46:51.377752+09:00 [info] <0.856.0>@aae_treecache:save_to_disk/3:403 log_ref=c0003 Saving tree cache to path /var/lib/riak/tictac_aae/1278813932664540053428224228626747642198940975104/aaetree/1096126227998177188652763624537212264741949407232_3/ and filename 1.pnd
2026-09-11 18:46:51.409121+09:00 [info] <0.855.0>@aae_treecache:save_to_disk/3:403 log_ref=c0003 Saving tree cache to path /var/lib/riak/tictac_aae/365375409332725729550921208179070754913983135744/aaetree/182687704666362864775460604089535377456991567872_3/ and filename 1.pnd
2026-09-11 18:46:51.411413+09:00 [info] <0.853.0>@aae_treecache:save_to_disk/3:403 log_ref=c0003 Saving tree cache to path /var/lib/riak/tictac_aae/548063113999088594326381812268606132370974703616/aaetree/365375409332725729550921208179070754913983135744_3/ and filename 1.pnd
2026-09-11 18:46:51.409599+09:00 [info] <0.852.0>@aae_treecache:save_to_disk/3:403 log_ref=c0003 Saving tree cache to path /var/lib/riak/tictac_aae/730750818665451459101842416358141509827966271488/aaetree/365375409332725729550921208179070754913983135744_3/ and filename 1.pnd
2026-09-11 18:46:51.411950+09:00 [info] <0.858.0>@aae_treecache:save_to_disk/3:403 log_ref=c0003 Saving tree cache to path /var/lib/riak/tictac_aae/913438523331814323877303020447676887284957839360/aaetree/730750818665451459101842416358141509827966271488_3/ and filename 1.pnd
2026-09-11 18:46:51.431899+09:00 [info] <0.860.0>@aae_treecache:save_to_disk/3:403 log_ref=c0003 Saving tree cache to path /var/lib/riak/tictac_aae/1096126227998177188652763624537212264741949407232/aaetree/913438523331814323877303020447676887284957839360_3/ and filename 1.pnd
2026-09-11 18:46:51.434399+09:00 [info] <0.854.0>@aae_treecache:save_to_disk/3:403 log_ref=c0003 Saving tree cache to path /var/lib/riak/tictac_aae/182687704666362864775460604089535377456991567872/aaetree/0_3/ and filename 1.pnd
2026-09-11 18:46:51.453047+09:00 [info] <0.848.0>@aae_treecache:save_to_disk/3:403 log_ref=c0003 Saving tree cache to path /var/lib/riak/tictac_aae/0/aaetree/1096126227998177188652763624537212264741949407232_3/ and filename 1.pnd
2026-09-11 18:46:51.461260+09:00 [info] <0.845.0>@aae_treecache:save_to_disk/3:403 log_ref=c0003 Saving tree cache to path /var/lib/riak/tictac_aae/1278813932664540053428224228626747642198940975104/aaetree/913438523331814323877303020447676887284957839360_3/ and filename 1.pnd
2026-09-11 18:46:51.490008+09:00 [info] <0.846.0>@aae_treecache:save_to_disk/3:403 log_ref=c0003 Saving tree cache to path /var/lib/riak/tictac_aae/548063113999088594326381812268606132370974703616/aaetree/182687704666362864775460604089535377456991567872_3/ and filename 1.pnd
2026-09-11 18:46:51.492339+09:00 [info] <0.850.0>@aae_treecache:save_to_disk/3:403 log_ref=c0003 Saving tree cache to path /var/lib/riak/tictac_aae/365375409332725729550921208179070754913983135744/aaetree/0_3/ and filename 1.pnd
2026-09-11 18:46:51.499199+09:00 [info] <0.851.0>@aae_treecache:save_to_disk/3:403 log_ref=c0003 Saving tree cache to path /var/lib/riak/tictac_aae/1096126227998177188652763624537212264741949407232/aaetree/730750818665451459101842416358141509827966271488_3/ and filename 1.pnd
2026-09-11 18:46:51.503140+09:00 [info] <0.849.0>@aae_treecache:save_to_disk/3:403 log_ref=c0003 Saving tree cache to path /var/lib/riak/tictac_aae/913438523331814323877303020447676887284957839360/aaetree/548063113999088594326381812268606132370974703616_3/ and filename 1.pnd
2026-09-11 18:46:51.506919+09:00 [info] <0.847.0>@aae_treecache:save_to_disk/3:403 log_ref=c0003 Saving tree cache to path /var/lib/riak/tictac_aae/182687704666362864775460604089535377456991567872/aaetree/1278813932664540053428224228626747642198940975104_3/ and filename 1.pnd
2026-09-11 18:46:51.508320+09:00 [info] <0.211.0>@riak_core_app:stop/1:118 Stopped  application riak_core.
