2026-09-11 22:49:37.236237+09:00 [info] <0.44.0>@application_controller:info_started/2:2130 Application: kernel. Started at: 'openriak-kv@node-05.cluster-a.openriak'.
2026-09-11 22:49:37.331186+09:00 [info] <0.44.0>@application_controller:info_started/2:2130 Application: stdlib. Started at: 'openriak-kv@node-05.cluster-a.openriak'.
2026-09-11 22:49:37.331364+09:00 [info] <0.44.0>@application_controller:info_started/2:2130 Application: asn1. Started at: 'openriak-kv@node-05.cluster-a.openriak'.
2026-09-11 22:49:37.331553+09:00 [info] <0.44.0>@application_controller:info_started/2:2130 Application: crypto. Started at: 'openriak-kv@node-05.cluster-a.openriak'.
2026-09-11 22:49:37.331696+09:00 [info] <0.44.0>@application_controller:info_started/2:2130 Application: public_key. Started at: 'openriak-kv@node-05.cluster-a.openriak'.
2026-09-11 22:49:37.347166+09:00 [info] <0.77.0>@supervisor:report_progress/2:1582 Supervisor: {local,logger_sup}. Started: id=ssl_handler,pid=<0.100.0>.
2026-09-11 22:49:37.364815+09:00 [info] <0.103.0>@supervisor:report_progress/2:1582 Supervisor: {local,ssl_admin_sup}. Started: id=ssl_pem_cache,pid=<0.104.0>.
2026-09-11 22:49:37.380099+09:00 [info] <0.103.0>@supervisor:report_progress/2:1582 Supervisor: {local,ssl_admin_sup}. Started: id=ssl_manager,pid=<0.105.0>.
2026-09-11 22:49:37.386333+09:00 [info] <0.103.0>@supervisor:report_progress/2:1582 Supervisor: {local,ssl_admin_sup}. Started: id=tls_client_ticket_store,pid=<0.106.0>.
2026-09-11 22:49:37.386513+09:00 [info] <0.102.0>@supervisor:report_progress/2:1582 Supervisor: {local,ssl_sup}. Started: id=ssl_admin_sup,pid=<0.103.0>.
2026-09-11 22:49:37.396508+09:00 [info] <0.108.0>@supervisor:report_progress/2:1582 Supervisor: {local,tls_sup}. Started: id=tls_connection_sup,pid=<0.109.0>.
2026-09-11 22:49:37.408586+09:00 [info] <0.110.0>@supervisor:report_progress/2:1582 Supervisor: {local,tls_server_sup}. Started: id=ssl_listen_tracker_sup,pid=<0.111.0>.
2026-09-11 22:49:37.412669+09:00 [info] <0.110.0>@supervisor:report_progress/2:1582 Supervisor: {local,tls_server_sup}. Started: id=tls_server_session_ticket,pid=<0.112.0>.
2026-09-11 22:49:37.416943+09:00 [info] <0.110.0>@supervisor:report_progress/2:1582 Supervisor: {local,tls_server_sup}. Started: id=ssl_server_session_cache_sup,pid=<0.113.0>.
2026-09-11 22:49:37.420072+09:00 [info] <0.110.0>@supervisor:report_progress/2:1582 Supervisor: {local,tls_server_sup}. Started: id=ssl_upgrade_server_session_cache_sup,pid=<0.114.0>.
2026-09-11 22:49:37.420221+09:00 [info] <0.108.0>@supervisor:report_progress/2:1582 Supervisor: {local,tls_sup}. Started: id=tls_server_sup,pid=<0.110.0>.
2026-09-11 22:49:37.420335+09:00 [info] <0.107.0>@supervisor:report_progress/2:1582 Supervisor: {local,ssl_connection_sup}. Started: id=tls_sup,pid=<0.108.0>.
2026-09-11 22:49:37.439601+09:00 [info] <0.115.0>@supervisor:report_progress/2:1582 Supervisor: {local,dtls_sup}. Started: id=dtls_connection_sup,pid=<0.116.0>.
2026-09-11 22:49:37.448570+09:00 [info] <0.117.0>@supervisor:report_progress/2:1582 Supervisor: {local,dtls_server_sup}. Started: id=dtls_listener_sup,pid=<0.118.0>.
2026-09-11 22:49:37.451979+09:00 [info] <0.117.0>@supervisor:report_progress/2:1582 Supervisor: {local,dtls_server_sup}. Started: id=dtls_server_session_cache_sup,pid=<0.119.0>.
2026-09-11 22:49:37.452097+09:00 [info] <0.115.0>@supervisor:report_progress/2:1582 Supervisor: {local,dtls_sup}. Started: id=dtls_server_sup,pid=<0.117.0>.
2026-09-11 22:49:37.452174+09:00 [info] <0.107.0>@supervisor:report_progress/2:1582 Supervisor: {local,ssl_connection_sup}. Started: id=dtls_sup,pid=<0.115.0>.
2026-09-11 22:49:37.452240+09:00 [info] <0.102.0>@supervisor:report_progress/2:1582 Supervisor: {local,ssl_sup}. Started: id=ssl_connection_sup,pid=<0.107.0>.
2026-09-11 22:49:37.452390+09:00 [info] <0.44.0>@application_controller:info_started/2:2130 Application: ssl. Started at: 'openriak-kv@node-05.cluster-a.openriak'.
2026-09-11 22:49:37.452568+09:00 [info] <0.44.0>@application_controller:info_started/2:2130 Application: hut. Started at: 'openriak-kv@node-05.cluster-a.openriak'.
2026-09-11 22:49:37.486964+09:00 [info] <0.124.0>@supervisor:report_progress/2:1582 Supervisor: {local,setup_sup}. Started: id=setup_srv,pid=<0.125.0>.
2026-09-11 22:49:37.540686+09:00 [notice] <0.125.0>@: Setup running ...
2026-09-11 22:49:37.565769+09:00 [notice] <0.125.0>@: Directories verified. Res = ok
2026-09-11 22:49:37.584560+09:00 [notice] <0.125.0>@: Setup finished processing hooks (Mode=normal)...
2026-09-11 22:49:37.584723+09:00 [info] <0.44.0>@application_controller:info_started/2:2130 Application: setup. Started at: 'openriak-kv@node-05.cluster-a.openriak'.
2026-09-11 22:49:37.584940+09:00 [info] <0.44.0>@application_controller:info_started/2:2130 Application: syntax_tools. Started at: 'openriak-kv@node-05.cluster-a.openriak'.
2026-09-11 22:49:37.585170+09:00 [info] <0.44.0>@application_controller:info_started/2:2130 Application: compiler. Started at: 'openriak-kv@node-05.cluster-a.openriak'.
2026-09-11 22:49:37.585352+09:00 [info] <0.44.0>@application_controller:info_started/2:2130 Application: parse_trans. Started at: 'openriak-kv@node-05.cluster-a.openriak'.
2026-09-11 22:49:37.623196+09:00 [info] <0.132.0>@supervisor:report_progress/2:1582 Supervisor: {local,exometer_core_sup}. Started: id=exometer_admin,pid=<0.133.0>.
2026-09-11 22:49:37.631089+09:00 [info] <0.132.0>@supervisor:report_progress/2:1582 Supervisor: {local,exometer_core_sup}. Started: id=exometer_cache,pid=<0.134.0>.
2026-09-11 22:49:37.668512+09:00 [info] <0.132.0>@supervisor:report_progress/2:1582 Supervisor: {local,exometer_core_sup}. Started: id=exometer_report,pid=<0.135.0>.
2026-09-11 22:49:37.674909+09:00 [info] <0.132.0>@supervisor:report_progress/2:1582 Supervisor: {local,exometer_core_sup}. Started: id=exometer_report_logger_sup,pid=<0.136.0>.
2026-09-11 22:49:37.690080+09:00 [info] <0.132.0>@supervisor:report_progress/2:1582 Supervisor: {local,exometer_core_sup}. Started: id=exometer_alias,pid=<0.137.0>.
2026-09-11 22:49:37.690894+09:00 [info] <0.135.0>@exometer_report:do_start_reporters/1:695 Starting reporters with []
2026-09-11 22:49:37.691304+09:00 [info] <0.44.0>@application_controller:info_started/2:2130 Application: exometer_core. Started at: 'openriak-kv@node-05.cluster-a.openriak'.
2026-09-11 22:49:37.705364+09:00 [info] <0.142.0>@supervisor:report_progress/2:1582 Supervisor: {local,sasl_safe_sup}. Started: id=alarm_handler,pid=<0.143.0>.
2026-09-11 22:49:37.705527+09:00 [info] <0.141.0>@supervisor:report_progress/2:1582 Supervisor: {local,sasl_sup}. Started: id=sasl_safe_sup,pid=<0.142.0>.
2026-09-11 22:49:37.732847+09:00 [info] <0.141.0>@supervisor:report_progress/2:1582 Supervisor: {local,sasl_sup}. Started: id=release_handler,pid=<0.144.0>.
2026-09-11 22:49:37.733009+09:00 [info] <0.44.0>@application_controller:info_started/2:2130 Application: sasl. Started at: 'openriak-kv@node-05.cluster-a.openriak'.
2026-09-11 22:49:37.745997+09:00 [info] <0.49.0>@supervisor:report_progress/2:1582 Supervisor: {local,kernel_sup}. Started: id=timer_server,pid=<0.151.0>.
2026-09-11 22:49:37.746149+09:00 [info] <0.149.0>@supervisor:report_progress/2:1582 Supervisor: {local,riak_sysmon_sup}. Started: id=riak_sysmon_filter,pid=<0.150.0>.
2026-09-11 22:49:37.746256+09:00 [info] <0.149.0>@supervisor:report_progress/2:1582 Supervisor: {local,riak_sysmon_sup}. Started: id=riak_sysmon_mgr,pid=<0.153.0>.
2026-09-11 22:49:37.746365+09:00 [info] <0.44.0>@application_controller:info_started/2:2130 Application: riak_sysmon. Started at: 'openriak-kv@node-05.cluster-a.openriak'.
2026-09-11 22:49:37.773332+09:00 [info] <0.157.0>@supervisor:report_progress/2:1582 Supervisor: {local,os_mon_sup}. Started: id=disksup,pid=<0.158.0>.
2026-09-11 22:49:37.785697+09:00 [info] <0.157.0>@supervisor:report_progress/2:1582 Supervisor: {local,os_mon_sup}. Started: id=memsup,pid=<0.159.0>.
2026-09-11 22:49:37.791186+09:00 [info] <0.157.0>@supervisor:report_progress/2:1582 Supervisor: {local,os_mon_sup}. Started: id=cpu_sup,pid=<0.161.0>.
2026-09-11 22:49:37.791458+09:00 [info] <0.44.0>@application_controller:info_started/2:2130 Application: os_mon. Started at: 'openriak-kv@node-05.cluster-a.openriak'.
2026-09-11 22:49:37.793779+09:00 [info] <0.44.0>@application_controller:info_started/2:2130 Application: observer. Started at: 'openriak-kv@node-05.cluster-a.openriak'.
2026-09-11 22:49:37.834330+09:00 [info] <0.168.0>@supervisor:report_progress/2:1582 Supervisor: {local,runtime_tools_sup}. Started: id=ttb_autostart,pid=<0.169.0>.
2026-09-11 22:49:37.835152+09:00 [info] <0.44.0>@application_controller:info_started/2:2130 Application: runtime_tools. Started at: 'openriak-kv@node-05.cluster-a.openriak'.
2026-09-11 22:49:37.835382+09:00 [info] <0.44.0>@application_controller:info_started/2:2130 Application: xmerl. Started at: 'openriak-kv@node-05.cluster-a.openriak'.
2026-09-11 22:49:37.899510+09:00 [info] <0.176.0>@supervisor:report_progress/2:1582 Supervisor: {local,httpc_profile_sup}. Started: id=httpc_manager,pid=<0.177.0>.
2026-09-11 22:49:37.899679+09:00 [info] <0.175.0>@supervisor:report_progress/2:1582 Supervisor: {local,httpc_sup}. Started: id=httpc_profile_sup,pid=<0.176.0>.
2026-09-11 22:49:37.902632+09:00 [info] <0.175.0>@supervisor:report_progress/2:1582 Supervisor: {local,httpc_sup}. Started: id=httpc_handler_sup,pid=<0.178.0>.
2026-09-11 22:49:37.902746+09:00 [info] <0.174.0>@supervisor:report_progress/2:1582 Supervisor: {local,inets_sup}. Started: id=httpc_sup,pid=<0.175.0>.
2026-09-11 22:49:37.912524+09:00 [info] <0.174.0>@supervisor:report_progress/2:1582 Supervisor: {local,inets_sup}. Started: id=httpd_sup,pid=<0.179.0>.
2026-09-11 22:49:37.912665+09:00 [info] <0.44.0>@application_controller:info_started/2:2130 Application: inets. Started at: 'openriak-kv@node-05.cluster-a.openriak'.
2026-09-11 22:49:37.912877+09:00 [info] <0.44.0>@application_controller:info_started/2:2130 Application: mochiweb. Started at: 'openriak-kv@node-05.cluster-a.openriak'.
2026-09-11 22:49:37.933073+09:00 [info] <0.184.0>@supervisor:report_progress/2:1582 Supervisor: {local,webmachine_sup}. Started: id=webmachine_logger,pid=<0.185.0>.
2026-09-11 22:49:37.937575+09:00 [info] <0.184.0>@supervisor:report_progress/2:1582 Supervisor: {local,webmachine_sup}. Started: id=webmachine_logger_watcher_sup,pid=<0.186.0>.
2026-09-11 22:49:37.940551+09:00 [info] <0.184.0>@supervisor:report_progress/2:1582 Supervisor: {local,webmachine_sup}. Started: id=webmachine_router,pid=<0.187.0>.
2026-09-11 22:49:37.940713+09:00 [info] <0.44.0>@application_controller:info_started/2:2130 Application: webmachine. Started at: 'openriak-kv@node-05.cluster-a.openriak'.
2026-09-11 22:49:37.940946+09:00 [info] <0.44.0>@application_controller:info_started/2:2130 Application: basho_stats. Started at: 'openriak-kv@node-05.cluster-a.openriak'.
2026-09-11 22:49:37.956246+09:00 [info] <0.192.0>@supervisor:report_progress/2:1582 Supervisor: {local,bitcask_sup}. Started: id=bitcask_merge_worker,pid=<0.193.0>.
2026-09-11 22:49:37.959954+09:00 [info] <0.192.0>@supervisor:report_progress/2:1582 Supervisor: {local,bitcask_sup}. Started: id=bitcask_merge_delete,pid=<0.194.0>.
2026-09-11 22:49:37.960103+09:00 [info] <0.44.0>@application_controller:info_started/2:2130 Application: bitcask. Started at: 'openriak-kv@node-05.cluster-a.openriak'.
2026-09-11 22:49:37.960310+09:00 [info] <0.44.0>@application_controller:info_started/2:2130 Application: getopt. Started at: 'openriak-kv@node-05.cluster-a.openriak'.
2026-09-11 22:49:37.962103+09:00 [info] <0.44.0>@application_controller:info_started/2:2130 Application: cuttlefish. Started at: 'openriak-kv@node-05.cluster-a.openriak'.
2026-09-11 22:49:38.025666+09:00 [info] <0.200.0>@supervisor:report_progress/2:1582 Supervisor: {local,clique_sup}. Started: id=clique_manager,pid=<0.201.0>.
2026-09-11 22:49:38.025858+09:00 [info] <0.44.0>@application_controller:info_started/2:2130 Application: clique. Started at: 'openriak-kv@node-05.cluster-a.openriak'.
2026-09-11 22:49:38.026060+09:00 [info] <0.44.0>@application_controller:info_started/2:2130 Application: eleveldb. Started at: 'openriak-kv@node-05.cluster-a.openriak'.
2026-09-11 22:49:38.026257+09:00 [info] <0.44.0>@application_controller:info_started/2:2130 Application: pbkdf2. Started at: 'openriak-kv@node-05.cluster-a.openriak'.
2026-09-11 22:49:38.026407+09:00 [info] <0.44.0>@application_controller:info_started/2:2130 Application: poolboy. Started at: 'openriak-kv@node-05.cluster-a.openriak'.
2026-09-11 22:49:38.063154+09:00 [info] <0.44.0>@application_controller:info_started/2:2130 Application: cluster_info. Started at: 'openriak-kv@node-05.cluster-a.openriak'.
2026-09-11 22:49:38.191080+09:00 [info] <0.212.0>@supervisor:report_progress/2:1582 Supervisor: {local,riak_core_sup}. Started: id=riak_core_bg_manager,pid=<0.213.0>.
2026-09-11 22:49:38.201401+09:00 [info] <0.212.0>@supervisor:report_progress/2:1582 Supervisor: {local,riak_core_sup}. Started: id=riak_core_sysmon_minder,pid=<0.214.0>.
2026-09-11 22:49:38.211737+09:00 [info] <0.212.0>@supervisor:report_progress/2:1582 Supervisor: {local,riak_core_sup}. Started: id=riak_core_vnode_sup,pid=<0.215.0>.
2026-09-11 22:49:38.217162+09:00 [info] <0.212.0>@supervisor:report_progress/2:1582 Supervisor: {local,riak_core_sup}. Started: id=riak_core_eventhandler_sup,pid=<0.216.0>.
2026-09-11 22:49:38.224055+09:00 [info] <0.212.0>@supervisor:report_progress/2:1582 Supervisor: {local,riak_core_sup}. Started: id=riak_core_dist_mon,pid=<0.217.0>.
2026-09-11 22:49:38.236568+09:00 [info] <0.218.0>@supervisor:report_progress/2:1582 Supervisor: {local,riak_core_handoff_sup}. Started: id=riak_core_handoff_receiver_sup,pid=<0.219.0>.
2026-09-11 22:49:38.241663+09:00 [info] <0.218.0>@supervisor:report_progress/2:1582 Supervisor: {local,riak_core_handoff_sup}. Started: id=riak_core_handoff_sender_sup,pid=<0.220.0>.
2026-09-11 22:49:38.301283+09:00 [info] <0.221.0>@supervisor:report_progress/2:1582 Supervisor: {local,riak_core_handoff_listener_sup}. Started: id=riak_core_handoff_listener,pid=<0.222.0>.
2026-09-11 22:49:38.301459+09:00 [info] <0.218.0>@supervisor:report_progress/2:1582 Supervisor: {local,riak_core_handoff_sup}. Started: id=riak_core_handoff_listener_sup,pid=<0.221.0>.
2026-09-11 22:49:38.346708+09:00 [info] <0.218.0>@supervisor:report_progress/2:1582 Supervisor: {local,riak_core_handoff_sup}. Started: id=riak_core_handoff_manager,pid=<0.224.0>.
2026-09-11 22:49:38.347369+09:00 [info] <0.212.0>@supervisor:report_progress/2:1582 Supervisor: {local,riak_core_sup}. Started: id=riak_core_handoff_sup,pid=<0.218.0>.
2026-09-11 22:49:38.358384+09:00 [info] <0.212.0>@supervisor:report_progress/2:1582 Supervisor: {local,riak_core_sup}. Started: id=riak_core_ring_events,pid=<0.225.0>.
2026-09-11 22:49:39.159135+09:00 [warning] <0.226.0>@riak_core_ring_manager:reload_ring/1:388 No ring file available.
2026-09-11 22:49:39.254802+09:00 [info] <0.212.0>@supervisor:report_progress/2:1582 Supervisor: {local,riak_core_sup}. Started: id=riak_core_ring_manager,pid=<0.226.0>.
2026-09-11 22:49:39.303886+09:00 [info] <0.84.0>@supervisor:report_progress/2:1582 Supervisor: {local,kernel_safe_sup}. Started: id=dets_sup,pid=<0.233.0>.
2026-09-11 22:49:39.304081+09:00 [info] <0.84.0>@supervisor:report_progress/2:1582 Supervisor: {local,kernel_safe_sup}. Started: id=dets,pid=<0.234.0>.
2026-09-11 22:49:39.381778+09:00 [info] <0.212.0>@supervisor:report_progress/2:1582 Supervisor: {local,riak_core_sup}. Started: id=riak_core_metadata_manager,pid=<0.232.0>.
2026-09-11 22:49:39.499753+09:00 [info] <0.212.0>@supervisor:report_progress/2:1582 Supervisor: {local,riak_core_sup}. Started: id=riak_core_metadata_hashtree,pid=<0.237.0>.
2026-09-11 22:49:39.511330+09:00 [info] <0.212.0>@supervisor:report_progress/2:1582 Supervisor: {local,riak_core_sup}. Started: id=riak_core_broadcast,pid=<0.240.0>.
2026-09-11 22:49:39.517815+09:00 [info] <0.212.0>@supervisor:report_progress/2:1582 Supervisor: {local,riak_core_sup}. Started: id=riak_core_vnode_proxy_sup,pid=<0.241.0>.
2026-09-11 22:49:39.533006+09:00 [info] <0.212.0>@supervisor:report_progress/2:1582 Supervisor: {local,riak_core_sup}. Started: id=riak_core_node_watcher_events,pid=<0.242.0>.
2026-09-11 22:49:39.554227+09:00 [info] <0.212.0>@supervisor:report_progress/2:1582 Supervisor: {local,riak_core_sup}. Started: id=riak_core_node_watcher,pid=<0.243.0>.
2026-09-11 22:49:39.574917+09:00 [info] <0.212.0>@supervisor:report_progress/2:1582 Supervisor: {local,riak_core_sup}. Started: id=riak_core_vnode_manager,pid=<0.244.0>.
2026-09-11 22:49:39.597669+09:00 [info] <0.212.0>@supervisor:report_progress/2:1582 Supervisor: {local,riak_core_sup}. Started: id=riak_core_capability,pid=<0.245.0>.
2026-09-11 22:49:39.597848+09:00 [info] <0.212.0>@supervisor:report_progress/2:1582 Supervisor: {local,riak_core_sup}. Started: id=riak_core_gossip,pid=<0.246.0>.
2026-09-11 22:49:39.632545+09:00 [info] <0.212.0>@supervisor:report_progress/2:1582 Supervisor: {local,riak_core_sup}. Started: id=riak_core_claimant,pid=<0.247.0>.
2026-09-11 22:49:39.645562+09:00 [info] <0.212.0>@supervisor:report_progress/2:1582 Supervisor: {local,riak_core_sup}. Started: id=riak_core_table_owner,pid=<0.248.0>.
2026-09-11 22:49:39.677338+09:00 [info] <0.250.0>@supervisor:report_progress/2:1582 Supervisor: {local,riak_core_stats_sup}. Started: id=riak_core_stat_cache,pid=<0.251.0>.
2026-09-11 22:49:39.677767+09:00 [info] <0.249.0>@supervisor:report_progress/2:1582 Supervisor: {local,riak_core_stat_sup}. Started: id=riak_core_stats_sup,pid=<0.250.0>.
2026-09-11 22:49:39.677867+09:00 [info] <0.212.0>@supervisor:report_progress/2:1582 Supervisor: {local,riak_core_sup}. Started: id=riak_core_stat_sup,pid=<0.249.0>.
2026-09-11 22:49:39.685627+09:00 [info] <0.212.0>@supervisor:report_progress/2:1582 Supervisor: {local,riak_core_sup}. Started: id=riak_core_node_worker_pool_sup,pid=<0.252.0>.
2026-09-11 22:49:39.872026+09:00 [info] <0.250.0>@supervisor:report_progress/2:1582 Supervisor: {local,riak_core_stats_sup}. Started: id=riak_core_stat,pid=<0.253.0>.
2026-09-11 22:49:39.915795+09:00 [info] <0.216.0>@supervisor:report_progress/2:1582 Supervisor: {local,riak_core_eventhandler_sup}. Started: id={riak_core_ring_events,riak_core_ring_handler},pid=<0.276.0>.
2026-09-11 22:49:39.916022+09:00 [info] <0.245.0>@riak_core_capability:process_capability_changes/2:557 New capability: {riak_core,vnode_routing} = proxy
2026-09-11 22:49:39.922044+09:00 [info] <0.245.0>@riak_core_capability:process_capability_changes/2:557 New capability: {riak_core,staged_joins} = true
2026-09-11 22:49:39.931035+09:00 [info] <0.245.0>@riak_core_capability:process_capability_changes/2:557 New capability: {riak_core,resizable_ring} = true
2026-09-11 22:49:39.934679+09:00 [info] <0.245.0>@riak_core_capability:process_capability_changes/2:557 New capability: {riak_core,fold_req_version} = v2
2026-09-11 22:49:39.936518+09:00 [info] <0.245.0>@riak_core_capability:process_capability_changes/2:557 New capability: {riak_core,security} = true
2026-09-11 22:49:39.944700+09:00 [info] <0.245.0>@riak_core_capability:process_capability_changes/2:557 New capability: {riak_core,bucket_types} = true
2026-09-11 22:49:39.949987+09:00 [info] <0.245.0>@riak_core_capability:process_capability_changes/2:557 New capability: {riak_core,net_ticktime} = true
2026-09-11 22:49:40.741651+09:00 [info] <0.44.0>@application_controller:info_started/2:2130 Application: riak_core. Started at: 'openriak-kv@node-05.cluster-a.openriak'.
2026-09-11 22:49:40.766548+09:00 [info] <0.245.0>@riak_core_capability:process_capability_changes/2:557 New capability: {riak_pipe,trace_format} = ordsets
2026-09-11 22:49:40.800732+09:00 [info] <0.283.0>@supervisor:report_progress/2:1582 Supervisor: {local,riak_pipe_sup}. Started: id=riak_pipe_vnode_master,pid=<0.284.0>.
2026-09-11 22:49:40.804826+09:00 [info] <0.283.0>@supervisor:report_progress/2:1582 Supervisor: {local,riak_pipe_sup}. Started: id=riak_pipe_builder_sup,pid=<0.285.0>.
2026-09-11 22:49:40.830904+09:00 [info] <0.283.0>@supervisor:report_progress/2:1582 Supervisor: {local,riak_pipe_sup}. Started: id=riak_pipe_fitting_sup,pid=<0.286.0>.
2026-09-11 22:49:40.858527+09:00 [info] <0.283.0>@supervisor:report_progress/2:1582 Supervisor: {local,riak_pipe_sup}. Started: id=riak_pipe_qcover_sup,pid=<0.287.0>.
2026-09-11 22:49:40.890620+09:00 [info] <0.241.0>@supervisor:report_progress/2:1582 Supervisor: {local,riak_core_vnode_proxy_sup}. Started: id={riak_pipe_vnode,0},pid=<0.288.0>.
2026-09-11 22:49:40.890870+09:00 [info] <0.241.0>@supervisor:report_progress/2:1582 Supervisor: {local,riak_core_vnode_proxy_sup}. Started: id={riak_pipe_vnode,182687704666362864775460604089535377456991567872},pid=<0.289.0>.
2026-09-11 22:49:40.891001+09:00 [info] <0.241.0>@supervisor:report_progress/2:1582 Supervisor: {local,riak_core_vnode_proxy_sup}. Started: id={riak_pipe_vnode,365375409332725729550921208179070754913983135744},pid=<0.290.0>.
2026-09-11 22:49:40.891150+09:00 [info] <0.241.0>@supervisor:report_progress/2:1582 Supervisor: {local,riak_core_vnode_proxy_sup}. Started: id={riak_pipe_vnode,548063113999088594326381812268606132370974703616},pid=<0.291.0>.
2026-09-11 22:49:40.892837+09:00 [info] <0.241.0>@supervisor:report_progress/2:1582 Supervisor: {local,riak_core_vnode_proxy_sup}. Started: id={riak_pipe_vnode,730750818665451459101842416358141509827966271488},pid=<0.292.0>.
2026-09-11 22:49:40.893880+09:00 [info] <0.241.0>@supervisor:report_progress/2:1582 Supervisor: {local,riak_core_vnode_proxy_sup}. Started: id={riak_pipe_vnode,913438523331814323877303020447676887284957839360},pid=<0.293.0>.
2026-09-11 22:49:40.897526+09:00 [info] <0.241.0>@supervisor:report_progress/2:1582 Supervisor: {local,riak_core_vnode_proxy_sup}. Started: id={riak_pipe_vnode,1096126227998177188652763624537212264741949407232},pid=<0.294.0>.
2026-09-11 22:49:40.897875+09:00 [info] <0.241.0>@supervisor:report_progress/2:1582 Supervisor: {local,riak_core_vnode_proxy_sup}. Started: id={riak_pipe_vnode,1278813932664540053428224228626747642198940975104},pid=<0.295.0>.
2026-09-11 22:49:40.919109+09:00 [info] <0.250.0>@supervisor:report_progress/2:1582 Supervisor: {local,riak_core_stats_sup}. Started: id=riak_pipe_stat,pid=<0.296.0>.
2026-09-11 22:49:40.948061+09:00 [info] <0.44.0>@application_controller:info_started/2:2130 Application: riak_pipe. Started at: 'openriak-kv@node-05.cluster-a.openriak'.
2026-09-11 22:49:40.948281+09:00 [info] <0.44.0>@application_controller:info_started/2:2130 Application: tools. Started at: 'openriak-kv@node-05.cluster-a.openriak'.
2026-09-11 22:49:40.948523+09:00 [info] <0.44.0>@application_controller:info_started/2:2130 Application: riak_pb. Started at: 'openriak-kv@node-05.cluster-a.openriak'.
2026-09-11 22:49:40.995648+09:00 [info] <0.304.0>@supervisor:report_progress/2:1582 Supervisor: {local,riak_api_sup}. Started: id=riak_api_pb_registration_helper,pid=<0.305.0>.
2026-09-11 22:49:41.020596+09:00 [info] <0.304.0>@supervisor:report_progress/2:1582 Supervisor: {local,riak_api_sup}. Started: id=riak_api_pb_registrar,pid=<0.306.0>.
2026-09-11 22:49:41.031494+09:00 [info] <0.304.0>@supervisor:report_progress/2:1582 Supervisor: {local,riak_api_sup}. Started: id=riak_api_pb_sup,pid=<0.307.0>.
2026-09-11 22:49:41.031810+09:00 [info] <0.304.0>@supervisor:report_progress/2:1582 Supervisor: {local,riak_api_sup}. Started: id=[112,98,58,47,47,34,48,46,48,46,48,46,48,34,58,56,48,56,55],pid=<0.308.0>.
2026-09-11 22:49:41.103177+09:00 [info] <0.304.0>@supervisor:report_progress/2:1582 Supervisor: {local,riak_api_sup}. Started: id=[104,116,116,112,58,47,47,48,46,48,46,48,46,48,58,56,48,57,56],pid=<0.311.0>.
2026-09-11 22:49:41.117214+09:00 [info] <0.250.0>@supervisor:report_progress/2:1582 Supervisor: {local,riak_core_stats_sup}. Started: id=riak_api_stat,pid=<0.328.0>.
2026-09-11 22:49:41.126612+09:00 [info] <0.44.0>@application_controller:info_started/2:2130 Application: riak_api. Started at: 'openriak-kv@node-05.cluster-a.openriak'.
2026-09-11 22:49:41.151944+09:00 [info] <0.44.0>@application_controller:info_started/2:2130 Application: sidejob. Started at: 'openriak-kv@node-05.cluster-a.openriak'.
2026-09-11 22:49:41.152193+09:00 [info] <0.44.0>@application_controller:info_started/2:2130 Application: riak_dt. Started at: 'openriak-kv@node-05.cluster-a.openriak'.
2026-09-11 22:49:41.152355+09:00 [info] <0.44.0>@application_controller:info_started/2:2130 Application: sext. Started at: 'openriak-kv@node-05.cluster-a.openriak'.
2026-09-11 22:49:41.154692+09:00 [info] <0.44.0>@application_controller:info_started/2:2130 Application: lz4. Started at: 'openriak-kv@node-05.cluster-a.openriak'.
2026-09-11 22:49:41.154870+09:00 [info] <0.44.0>@application_controller:info_started/2:2130 Application: zstd. Started at: 'openriak-kv@node-05.cluster-a.openriak'.
2026-09-11 22:49:41.155072+09:00 [info] <0.44.0>@application_controller:info_started/2:2130 Application: leveled. Started at: 'openriak-kv@node-05.cluster-a.openriak'.
2026-09-11 22:49:41.155245+09:00 [info] <0.44.0>@application_controller:info_started/2:2130 Application: kv_index_tictactree. Started at: 'openriak-kv@node-05.cluster-a.openriak'.
2026-09-11 22:49:41.155453+09:00 [info] <0.44.0>@application_controller:info_started/2:2130 Application: hyper. Started at: 'openriak-kv@node-05.cluster-a.openriak'.
2026-09-11 22:49:41.155590+09:00 [info] <0.44.0>@application_controller:info_started/2:2130 Application: redbug. Started at: 'openriak-kv@node-05.cluster-a.openriak'.
2026-09-11 22:49:41.155771+09:00 [info] <0.44.0>@application_controller:info_started/2:2130 Application: recon. Started at: 'openriak-kv@node-05.cluster-a.openriak'.
2026-09-11 22:49:41.155937+09:00 [info] <0.44.0>@application_controller:info_started/2:2130 Application: riakc. Started at: 'openriak-kv@node-05.cluster-a.openriak'.
2026-09-11 22:49:41.207702+09:00 [info] <0.347.0>@supervisor:report_progress/2:1582 Supervisor: {local,ibrowse_sup}. Started: id=ibrowse,pid=<0.348.0>.
2026-09-11 22:49:41.207871+09:00 [info] <0.44.0>@application_controller:info_started/2:2130 Application: ibrowse. Started at: 'openriak-kv@node-05.cluster-a.openriak'.
2026-09-11 22:49:41.208060+09:00 [info] <0.44.0>@application_controller:info_started/2:2130 Application: rhc. Started at: 'openriak-kv@node-05.cluster-a.openriak'.
2026-09-11 22:49:41.301410+09:00 [info] <0.356.0>@supervisor:report_progress/2:1582 Supervisor: {local,riak_kv_put_fsm_sj_worker_sup}. Started: id=riak_kv_put_fsm_sj_1,pid=<0.357.0>.
2026-09-11 22:49:41.301731+09:00 [info] <0.356.0>@supervisor:report_progress/2:1582 Supervisor: {local,riak_kv_put_fsm_sj_worker_sup}. Started: id=riak_kv_put_fsm_sj_2,pid=<0.358.0>.
2026-09-11 22:49:41.301965+09:00 [info] <0.356.0>@supervisor:report_progress/2:1582 Supervisor: {local,riak_kv_put_fsm_sj_worker_sup}. Started: id=riak_kv_put_fsm_sj_3,pid=<0.359.0>.
2026-09-11 22:49:41.302165+09:00 [info] <0.356.0>@supervisor:report_progress/2:1582 Supervisor: {local,riak_kv_put_fsm_sj_worker_sup}. Started: id=riak_kv_put_fsm_sj_4,pid=<0.360.0>.
2026-09-11 22:49:41.302260+09:00 [info] <0.355.0>@supervisor:report_progress/2:1582 Supervisor: {local,riak_kv_put_fsm_sj}. Started: id=sidejob_worker_sup,pid=<0.356.0>.
2026-09-11 22:49:41.302384+09:00 [info] <0.355.0>@supervisor:report_progress/2:1582 Supervisor: {local,riak_kv_put_fsm_sj}. Started: id=riak_kv_put_fsm_sj_stats,pid=<0.361.0>.
2026-09-11 22:49:41.306756+09:00 [info] <0.333.0>@supervisor:report_progress/2:1582 Supervisor: {local,sidejob_sup}. Started: id=riak_kv_put_fsm_sj,pid=<0.355.0>.
2026-09-11 22:49:41.320343+09:00 [info] <0.364.0>@supervisor:report_progress/2:1582 Supervisor: {local,riak_kv_get_fsm_sj_worker_sup}. Started: id=riak_kv_get_fsm_sj_1,pid=<0.365.0>.
2026-09-11 22:49:41.323848+09:00 [info] <0.364.0>@supervisor:report_progress/2:1582 Supervisor: {local,riak_kv_get_fsm_sj_worker_sup}. Started: id=riak_kv_get_fsm_sj_2,pid=<0.366.0>.
2026-09-11 22:49:41.324113+09:00 [info] <0.364.0>@supervisor:report_progress/2:1582 Supervisor: {local,riak_kv_get_fsm_sj_worker_sup}. Started: id=riak_kv_get_fsm_sj_3,pid=<0.367.0>.
2026-09-11 22:49:41.324337+09:00 [info] <0.364.0>@supervisor:report_progress/2:1582 Supervisor: {local,riak_kv_get_fsm_sj_worker_sup}. Started: id=riak_kv_get_fsm_sj_4,pid=<0.368.0>.
2026-09-11 22:49:41.324466+09:00 [info] <0.363.0>@supervisor:report_progress/2:1582 Supervisor: {local,riak_kv_get_fsm_sj}. Started: id=sidejob_worker_sup,pid=<0.364.0>.
2026-09-11 22:49:41.324570+09:00 [info] <0.363.0>@supervisor:report_progress/2:1582 Supervisor: {local,riak_kv_get_fsm_sj}. Started: id=riak_kv_get_fsm_sj_stats,pid=<0.369.0>.
2026-09-11 22:49:41.324660+09:00 [info] <0.333.0>@supervisor:report_progress/2:1582 Supervisor: {local,sidejob_sup}. Started: id=riak_kv_get_fsm_sj,pid=<0.363.0>.
2026-09-11 22:49:41.362445+09:00 [info] <0.372.0>@supervisor:report_progress/2:1582 Supervisor: {local,riak_kv_stat_sj_worker_sup}. Started: id=riak_kv_stat_sj_1,pid=<0.373.0>.
2026-09-11 22:49:41.362724+09:00 [info] <0.372.0>@supervisor:report_progress/2:1582 Supervisor: {local,riak_kv_stat_sj_worker_sup}. Started: id=riak_kv_stat_sj_2,pid=<0.374.0>.
2026-09-11 22:49:41.362934+09:00 [info] <0.372.0>@supervisor:report_progress/2:1582 Supervisor: {local,riak_kv_stat_sj_worker_sup}. Started: id=riak_kv_stat_sj_3,pid=<0.375.0>.
2026-09-11 22:49:41.363136+09:00 [info] <0.372.0>@supervisor:report_progress/2:1582 Supervisor: {local,riak_kv_stat_sj_worker_sup}. Started: id=riak_kv_stat_sj_4,pid=<0.376.0>.
2026-09-11 22:49:41.363243+09:00 [info] <0.371.0>@supervisor:report_progress/2:1582 Supervisor: {local,riak_kv_stat_sj}. Started: id=sidejob_worker_sup,pid=<0.372.0>.
2026-09-11 22:49:41.363360+09:00 [info] <0.371.0>@supervisor:report_progress/2:1582 Supervisor: {local,riak_kv_stat_sj}. Started: id=riak_kv_stat_sj_stats,pid=<0.377.0>.
2026-09-11 22:49:41.366086+09:00 [info] <0.333.0>@supervisor:report_progress/2:1582 Supervisor: {local,sidejob_sup}. Started: id=riak_kv_stat_sj,pid=<0.371.0>.
2026-09-11 22:49:41.439534+09:00 [info] <0.353.0>@riak_kv_env:doc_env/0:88 Environment and OS variables:
2026-09-11 22:49:41.523928+09:00 [info] <0.245.0>@riak_core_capability:process_capability_changes/2:557 New capability: {riak_kv,object_hash_version} = 0
2026-09-11 22:49:41.526788+09:00 [info] <0.245.0>@riak_core_capability:process_capability_changes/2:557 New capability: {riak_kv,anti_entropy} = enabled_v1
2026-09-11 22:49:41.530265+09:00 [info] <0.379.0>@riak_core_throttle:enable_throttle/2:121 Enabling throttle for riak_kv/aae_throttle.
2026-09-11 22:49:41.530397+09:00 [info] <0.378.0>@supervisor:report_progress/2:1582 Supervisor: {local,riak_kv_sup}. Started: id=riak_kv_entropy_manager,pid=<0.379.0>.
2026-09-11 22:49:41.589566+09:00 [info] <0.378.0>@supervisor:report_progress/2:1582 Supervisor: {local,riak_kv_sup}. Started: id=riak_kv_ttaaefs_manager,pid=<0.380.0>.
2026-09-11 22:49:41.633254+09:00 [info] <0.378.0>@supervisor:report_progress/2:1582 Supervisor: {local,riak_kv_sup}. Started: id=riak_kv_replrtq_src,pid=<0.381.0>.
2026-09-11 22:49:41.658044+09:00 [info] <0.378.0>@supervisor:report_progress/2:1582 Supervisor: {local,riak_kv_sup}. Started: id=riak_kv_replrtq_snk,pid=<0.382.0>.
2026-09-11 22:49:41.679950+09:00 [info] <0.378.0>@supervisor:report_progress/2:1582 Supervisor: {local,riak_kv_sup}. Started: id=riak_kv_replrtq_peer,pid=<0.383.0>.
2026-09-11 22:49:41.732446+09:00 [info] <0.378.0>@supervisor:report_progress/2:1582 Supervisor: {local,riak_kv_sup}. Started: id=riak_kv_reaper,pid=<0.384.0>.
2026-09-11 22:49:41.751269+09:00 [info] <0.378.0>@supervisor:report_progress/2:1582 Supervisor: {local,riak_kv_sup}. Started: id=riak_kv_eraser,pid=<0.385.0>.
2026-09-11 22:49:41.774874+09:00 [info] <0.378.0>@supervisor:report_progress/2:1582 Supervisor: {local,riak_kv_sup}. Started: id=riak_kv_reader,pid=<0.386.0>.
2026-09-11 22:49:41.800548+09:00 [info] <0.378.0>@supervisor:report_progress/2:1582 Supervisor: {local,riak_kv_sup}. Started: id=riak_kv_token_manager,pid=<0.387.0>.
2026-09-11 22:49:41.800720+09:00 [info] <0.378.0>@supervisor:report_progress/2:1582 Supervisor: {local,riak_kv_sup}. Started: id=riak_kv_vnode_master,pid=<0.388.0>.
2026-09-11 22:49:41.800839+09:00 [info] <0.388.0>@riak_core:wait_for_service/2:498 Waiting for service riak_kv to start (0 seconds)
2026-09-11 22:49:41.824118+09:00 [info] <0.389.0>@supervisor:report_progress/2:1582 Supervisor: {local,riak_kv_w1c_sup}. Started: id=riak_kv_w1c_worker00,pid=<0.390.0>.
2026-09-11 22:49:41.824274+09:00 [info] <0.389.0>@supervisor:report_progress/2:1582 Supervisor: {local,riak_kv_w1c_sup}. Started: id=riak_kv_w1c_worker01,pid=<0.391.0>.
2026-09-11 22:49:41.824375+09:00 [info] <0.389.0>@supervisor:report_progress/2:1582 Supervisor: {local,riak_kv_w1c_sup}. Started: id=riak_kv_w1c_worker02,pid=<0.392.0>.
2026-09-11 22:49:41.824490+09:00 [info] <0.389.0>@supervisor:report_progress/2:1582 Supervisor: {local,riak_kv_w1c_sup}. Started: id=riak_kv_w1c_worker03,pid=<0.393.0>.
2026-09-11 22:49:41.824583+09:00 [info] <0.389.0>@supervisor:report_progress/2:1582 Supervisor: {local,riak_kv_w1c_sup}. Started: id=riak_kv_w1c_worker04,pid=<0.394.0>.
2026-09-11 22:49:41.824680+09:00 [info] <0.389.0>@supervisor:report_progress/2:1582 Supervisor: {local,riak_kv_w1c_sup}. Started: id=riak_kv_w1c_worker05,pid=<0.395.0>.
2026-09-11 22:49:41.824769+09:00 [info] <0.389.0>@supervisor:report_progress/2:1582 Supervisor: {local,riak_kv_w1c_sup}. Started: id=riak_kv_w1c_worker06,pid=<0.396.0>.
2026-09-11 22:49:41.824866+09:00 [info] <0.389.0>@supervisor:report_progress/2:1582 Supervisor: {local,riak_kv_w1c_sup}. Started: id=riak_kv_w1c_worker07,pid=<0.397.0>.
2026-09-11 22:49:41.824951+09:00 [info] <0.378.0>@supervisor:report_progress/2:1582 Supervisor: {local,riak_kv_sup}. Started: id=riak_kv_w1c_sup,pid=<0.389.0>.
2026-09-11 22:49:41.834938+09:00 [info] <0.378.0>@supervisor:report_progress/2:1582 Supervisor: {local,riak_kv_sup}. Started: id=riak_kv_delete_sup,pid=<0.398.0>.
2026-09-11 22:49:41.841864+09:00 [info] <0.378.0>@supervisor:report_progress/2:1582 Supervisor: {local,riak_kv_sup}. Started: id=riak_kv_mrc_sink_sup,pid=<0.399.0>.
2026-09-11 22:49:41.850009+09:00 [info] <0.378.0>@supervisor:report_progress/2:1582 Supervisor: {local,riak_kv_sup}. Started: id=riak_kv_buckets_fsm_sup,pid=<0.400.0>.
2026-09-11 22:49:41.854810+09:00 [info] <0.378.0>@supervisor:report_progress/2:1582 Supervisor: {local,riak_kv_sup}. Started: id=riak_kv_keys_fsm_sup,pid=<0.401.0>.
2026-09-11 22:49:41.864841+09:00 [info] <0.378.0>@supervisor:report_progress/2:1582 Supervisor: {local,riak_kv_sup}. Started: id=riak_kv_index_fsm_sup,pid=<0.402.0>.
2026-09-11 22:49:41.871694+09:00 [info] <0.378.0>@supervisor:report_progress/2:1582 Supervisor: {local,riak_kv_sup}. Started: id=riak_kv_query_sup,pid=<0.403.0>.
2026-09-11 22:49:41.884353+09:00 [info] <0.378.0>@supervisor:report_progress/2:1582 Supervisor: {local,riak_kv_sup}. Started: id=riak_kv_query_filebuffer_sup,pid=<0.404.0>.
2026-09-11 22:49:41.895566+09:00 [info] <0.378.0>@supervisor:report_progress/2:1582 Supervisor: {local,riak_kv_sup}. Started: id=riak_kv_clusteraae_fsm_sup,pid=<0.405.0>.
2026-09-11 22:49:41.907683+09:00 [info] <0.378.0>@supervisor:report_progress/2:1582 Supervisor: {local,riak_kv_sup}. Started: id=riak_kv_hotbackup_fsm_sup,pid=<0.406.0>.
2026-09-11 22:49:41.919414+09:00 [info] <0.378.0>@supervisor:report_progress/2:1582 Supervisor: {local,riak_kv_sup}. Started: id=riak_kv_http_cache,pid=<0.407.0>.
2026-09-11 22:49:41.919625+09:00 [info] <0.245.0>@riak_core_capability:process_capability_changes/2:557 New capability: {riak_kv,vnode_vclocks} = true
2026-09-11 22:49:41.925659+09:00 [info] <0.245.0>@riak_core_capability:process_capability_changes/2:557 New capability: {riak_kv,legacy_keylisting} = false
2026-09-11 22:49:41.931726+09:00 [info] <0.245.0>@riak_core_capability:process_capability_changes/2:557 New capability: {riak_kv,listkeys_backpressure} = true
2026-09-11 22:49:41.939119+09:00 [info] <0.245.0>@riak_core_capability:process_capability_changes/2:557 New capability: {riak_kv,index_backpressure} = true
2026-09-11 22:49:41.958215+09:00 [info] <0.245.0>@riak_core_capability:process_capability_changes/2:557 New capability: {riak_kv,mapred_system} = pipe
2026-09-11 22:49:41.988772+09:00 [info] <0.245.0>@riak_core_capability:process_capability_changes/2:557 New capability: {riak_kv,mapred_2i_pipe} = true
2026-09-11 22:49:41.996497+09:00 [info] <0.245.0>@riak_core_capability:process_capability_changes/2:557 New capability: {riak_kv,handoff_data_encoding} = encode_raw
2026-09-11 22:49:42.007864+09:00 [info] <0.245.0>@riak_core_capability:process_capability_changes/2:557 New capability: {riak_kv,object_format} = v1
2026-09-11 22:49:42.023810+09:00 [info] <0.245.0>@riak_core_capability:process_capability_changes/2:557 New capability: {riak_kv,secondary_index_version} = v3
2026-09-11 22:49:42.040552+09:00 [info] <0.245.0>@riak_core_capability:process_capability_changes/2:557 New capability: {riak_kv,vclock_data_encoding} = encode_zlib
2026-09-11 22:49:42.058144+09:00 [info] <0.245.0>@riak_core_capability:process_capability_changes/2:557 New capability: {riak_kv,crdt} = [pncounter,riak_dt_pncounter,riak_dt_orswot,riak_dt_map,riak_kv_hll,riak_dt_gset]
2026-09-11 22:49:42.076880+09:00 [info] <0.245.0>@riak_core_capability:process_capability_changes/2:557 New capability: {riak_kv,crdt_epoch_versions} = [{riak_dt_map,2},{riak_dt_orswot,2},{riak_dt_pncounter,2},{riak_kv_hll,1},{riak_dt_gset,2}]
2026-09-11 22:49:42.090052+09:00 [info] <0.245.0>@riak_core_capability:process_capability_changes/2:557 New capability: {riak_kv,put_fsm_ack_execute} = enabled
2026-09-11 22:49:42.105843+09:00 [info] <0.245.0>@riak_core_capability:process_capability_changes/2:557 New capability: {riak_kv,get_request_type} = head
2026-09-11 22:49:42.111220+09:00 [info] <0.245.0>@riak_core_capability:process_capability_changes/2:557 New capability: {riak_kv,put_soft_limit} = true
2026-09-11 22:49:42.119136+09:00 [info] <0.245.0>@riak_core_capability:process_capability_changes/2:557 New capability: {riak_kv,tictacaae_prompted_repairs} = true
2026-09-11 22:49:42.130053+09:00 [info] <0.241.0>@supervisor:report_progress/2:1582 Supervisor: {local,riak_core_vnode_proxy_sup}. Started: id={riak_kv_vnode,0},pid=<0.408.0>.
2026-09-11 22:49:42.132790+09:00 [info] <0.241.0>@supervisor:report_progress/2:1582 Supervisor: {local,riak_core_vnode_proxy_sup}. Started: id={riak_kv_vnode,182687704666362864775460604089535377456991567872},pid=<0.409.0>.
2026-09-11 22:49:42.132969+09:00 [info] <0.241.0>@supervisor:report_progress/2:1582 Supervisor: {local,riak_core_vnode_proxy_sup}. Started: id={riak_kv_vnode,365375409332725729550921208179070754913983135744},pid=<0.410.0>.
2026-09-11 22:49:42.133086+09:00 [info] <0.241.0>@supervisor:report_progress/2:1582 Supervisor: {local,riak_core_vnode_proxy_sup}. Started: id={riak_kv_vnode,548063113999088594326381812268606132370974703616},pid=<0.411.0>.
2026-09-11 22:49:42.133217+09:00 [info] <0.241.0>@supervisor:report_progress/2:1582 Supervisor: {local,riak_core_vnode_proxy_sup}. Started: id={riak_kv_vnode,730750818665451459101842416358141509827966271488},pid=<0.412.0>.
2026-09-11 22:49:42.133339+09:00 [info] <0.241.0>@supervisor:report_progress/2:1582 Supervisor: {local,riak_core_vnode_proxy_sup}. Started: id={riak_kv_vnode,913438523331814323877303020447676887284957839360},pid=<0.413.0>.
2026-09-11 22:49:42.138236+09:00 [info] <0.241.0>@supervisor:report_progress/2:1582 Supervisor: {local,riak_core_vnode_proxy_sup}. Started: id={riak_kv_vnode,1096126227998177188652763624537212264741949407232},pid=<0.414.0>.
2026-09-11 22:49:42.138402+09:00 [info] <0.241.0>@supervisor:report_progress/2:1582 Supervisor: {local,riak_core_vnode_proxy_sup}. Started: id={riak_kv_vnode,1278813932664540053428224228626747642198940975104},pid=<0.415.0>.
2026-09-11 22:49:42.230913+09:00 [info] <0.250.0>@supervisor:report_progress/2:1582 Supervisor: {local,riak_core_stats_sup}. Started: id=riak_kv_stat,pid=<0.416.0>.
2026-09-11 22:49:42.338918+09:00 [info] <0.252.0>@riak_core_node_worker_pool:start_link/5:85 Registered worker pool of type af1_pool and size 2
2026-09-11 22:49:42.339039+09:00 [info] <0.252.0>@supervisor:report_progress/2:1582 Supervisor: {local,riak_core_node_worker_pool_sup}. Started: id=af1_pool,pid=<0.558.0>.
2026-09-11 22:49:42.339298+09:00 [info] <0.252.0>@riak_core_node_worker_pool:start_link/5:85 Registered worker pool of type af2_pool and size 1
2026-09-11 22:49:42.339360+09:00 [info] <0.252.0>@supervisor:report_progress/2:1582 Supervisor: {local,riak_core_node_worker_pool_sup}. Started: id=af2_pool,pid=<0.563.0>.
2026-09-11 22:49:42.339606+09:00 [info] <0.252.0>@riak_core_node_worker_pool:start_link/5:85 Registered worker pool of type af3_pool and size 4
2026-09-11 22:49:42.339671+09:00 [info] <0.252.0>@supervisor:report_progress/2:1582 Supervisor: {local,riak_core_node_worker_pool_sup}. Started: id=af3_pool,pid=<0.567.0>.
2026-09-11 22:49:42.339871+09:00 [info] <0.252.0>@riak_core_node_worker_pool:start_link/5:85 Registered worker pool of type af4_pool and size 1
2026-09-11 22:49:42.339935+09:00 [info] <0.252.0>@supervisor:report_progress/2:1582 Supervisor: {local,riak_core_node_worker_pool_sup}. Started: id=af4_pool,pid=<0.574.0>.
2026-09-11 22:49:42.340127+09:00 [info] <0.252.0>@riak_core_node_worker_pool:start_link/5:85 Registered worker pool of type be_pool and size 1
2026-09-11 22:49:42.340183+09:00 [info] <0.252.0>@supervisor:report_progress/2:1582 Supervisor: {local,riak_core_node_worker_pool_sup}. Started: id=be_pool,pid=<0.578.0>.
2026-09-11 22:49:42.489844+09:00 [info] <0.44.0>@application_controller:info_started/2:2130 Application: riak_kv. Started at: 'openriak-kv@node-05.cluster-a.openriak'.
2026-09-11 22:49:42.490163+09:00 [info] <0.44.0>@application_controller:info_started/2:2130 Application: ebloom. Started at: 'openriak-kv@node-05.cluster-a.openriak'.
2026-09-11 22:49:42.490805+09:00 [info] <0.44.0>@application_controller:info_started/2:2130 Application: bear. Started at: 'openriak-kv@node-05.cluster-a.openriak'.
2026-09-11 22:49:42.517688+09:00 [info] <0.590.0>@supervisor:report_progress/2:1582 Supervisor: {local,folsom_sup}. Started: id=folsom_sample_slide_sup,pid=<0.591.0>.
2026-09-11 22:49:42.526486+09:00 [info] <0.590.0>@supervisor:report_progress/2:1582 Supervisor: {local,folsom_sup}. Started: id=folsom_meter_timer_server,pid=<0.592.0>.
2026-09-11 22:49:42.535718+09:00 [info] <0.590.0>@supervisor:report_progress/2:1582 Supervisor: {local,folsom_sup}. Started: id=folsom_metrics_histogram_ets,pid=<0.593.0>.
2026-09-11 22:49:42.546715+09:00 [info] <0.590.0>@supervisor:report_progress/2:1582 Supervisor: {local,folsom_sup}. Started: id=folsom_metrics_spiral,pid=<0.594.0>.
2026-09-11 22:49:42.561180+09:00 [info] <0.590.0>@supervisor:report_progress/2:1582 Supervisor: {local,folsom_sup}. Started: id=folsom_metrics_history,pid=<0.595.0>.
2026-09-11 22:49:42.579582+09:00 [info] <0.590.0>@supervisor:report_progress/2:1582 Supervisor: {local,folsom_sup}. Started: id=folsom_metrics_histogram,pid=<0.596.0>.
2026-09-11 22:49:42.596030+09:00 [info] <0.590.0>@supervisor:report_progress/2:1582 Supervisor: {local,folsom_sup}. Started: id=folsom_metrics_duration,pid=<0.597.0>.
2026-09-11 22:49:42.622941+09:00 [info] <0.590.0>@supervisor:report_progress/2:1582 Supervisor: {local,folsom_sup}. Started: id=folsom_metrics_counter,pid=<0.598.0>.
2026-09-11 22:49:42.638466+09:00 [info] <0.590.0>@supervisor:report_progress/2:1582 Supervisor: {local,folsom_sup}. Started: id=folsom_metrics_gauge,pid=<0.599.0>.
2026-09-11 22:49:42.649649+09:00 [info] <0.590.0>@supervisor:report_progress/2:1582 Supervisor: {local,folsom_sup}. Started: id=folsom_metrics_meter,pid=<0.600.0>.
2026-09-11 22:49:42.685795+09:00 [info] <0.590.0>@supervisor:report_progress/2:1582 Supervisor: {local,folsom_sup}. Started: id=folsom_metrics_meter_reader,pid=<0.601.0>.
2026-09-11 22:49:42.686036+09:00 [info] <0.44.0>@application_controller:info_started/2:2130 Application: folsom. Started at: 'openriak-kv@node-05.cluster-a.openriak'.
2026-09-11 22:49:42.725385+09:00 [info] <0.605.0>@supervisor:report_progress/2:1582 Supervisor: {local,ranch_sup}. Started: id=ranch_server,pid=<0.608.0>.
2026-09-11 22:49:42.725624+09:00 [info] <0.44.0>@application_controller:info_started/2:2130 Application: ranch. Started at: 'openriak-kv@node-05.cluster-a.openriak'.
2026-09-11 22:49:42.771440+09:00 [info] <0.611.0>@riak_core:wait_for_service/2:498 Waiting for service riak_kv to start (0 seconds)
2026-09-11 22:49:49.575948+09:00 [info] <0.244.0>@riak_core_vnode_manager:update_never_started/4:1026 Update never started for Mod riak_kv_vnode with count 8 to be added to 0
2026-09-11 22:49:49.576084+09:00 [info] <0.244.0>@riak_core_vnode_manager:update_never_started/4:1026 Update never started for Mod riak_pipe_vnode with count 8 to be added to 8
2026-09-11 22:49:49.576592+09:00 [info] <0.700.0>@riak_core_vnode_manager:get_vnode/3:733 Will start VNode for partition 0 riak_pipe_vnode
2026-09-11 22:49:49.632810+09:00 [info] <0.700.0>@riak_core_vnode_manager:get_vnode/3:743 VNode initialization ready <0.701.0> 0 riak_pipe_vnode
2026-09-11 22:49:49.633025+09:00 [info] <0.703.0>@riak_core_vnode_manager:get_vnode/3:733 Will start VNode for partition 0 riak_kv_vnode
2026-09-11 22:49:49.633057+09:00 [info] <0.704.0>@riak_core_vnode_manager:get_vnode/3:733 Will start VNode for partition 182687704666362864775460604089535377456991567872 riak_kv_vnode
2026-09-11 22:49:49.633123+09:00 [info] <0.706.0>@riak_core_vnode_manager:get_vnode/3:733 Will start VNode for partition 548063113999088594326381812268606132370974703616 riak_kv_vnode
2026-09-11 22:49:49.633138+09:00 [info] <0.708.0>@riak_core_vnode_manager:get_vnode/3:733 Will start VNode for partition 913438523331814323877303020447676887284957839360 riak_kv_vnode
2026-09-11 22:49:49.633135+09:00 [info] <0.707.0>@riak_core_vnode_manager:get_vnode/3:733 Will start VNode for partition 730750818665451459101842416358141509827966271488 riak_kv_vnode
2026-09-11 22:49:49.633151+09:00 [info] <0.710.0>@riak_core_vnode_manager:get_vnode/3:733 Will start VNode for partition 1278813932664540053428224228626747642198940975104 riak_kv_vnode
2026-09-11 22:49:49.633146+09:00 [info] <0.709.0>@riak_core_vnode_manager:get_vnode/3:733 Will start VNode for partition 1096126227998177188652763624537212264741949407232 riak_kv_vnode
2026-09-11 22:49:49.633120+09:00 [info] <0.705.0>@riak_core_vnode_manager:get_vnode/3:733 Will start VNode for partition 365375409332725729550921208179070754913983135744 riak_kv_vnode
2026-09-11 22:49:49.803522+09:00 [info] <0.752.0>@leveled_inker:open_all_manifest/3:1273 log_ref=i0011 db_id=3 Manifest is empty, starting from manifest SQN 1
2026-09-11 22:49:49.803619+09:00 [info] <0.756.0>@leveled_inker:open_all_manifest/3:1273 log_ref=i0011 db_id=6 Manifest is empty, starting from manifest SQN 1
2026-09-11 22:49:49.803800+09:00 [info] <0.755.0>@leveled_inker:open_all_manifest/3:1273 log_ref=i0011 db_id=1 Manifest is empty, starting from manifest SQN 1
2026-09-11 22:49:49.803836+09:00 [info] <0.757.0>@leveled_inker:open_all_manifest/3:1273 log_ref=i0011 db_id=7 Manifest is empty, starting from manifest SQN 1
2026-09-11 22:49:49.803846+09:00 [info] <0.753.0>@leveled_inker:open_all_manifest/3:1273 log_ref=i0011 db_id=0 Manifest is empty, starting from manifest SQN 1
2026-09-11 22:49:49.803862+09:00 [info] <0.758.0>@leveled_inker:open_all_manifest/3:1273 log_ref=i0011 db_id=2 Manifest is empty, starting from manifest SQN 1
2026-09-11 22:49:49.803870+09:00 [info] <0.759.0>@leveled_inker:open_all_manifest/3:1273 log_ref=i0011 db_id=4 Manifest is empty, starting from manifest SQN 1
2026-09-11 22:49:49.806231+09:00 [info] <0.754.0>@leveled_inker:open_all_manifest/3:1273 log_ref=i0011 db_id=5 Manifest is empty, starting from manifest SQN 1
2026-09-11 22:49:49.863183+09:00 [info] <0.770.0>@leveled_cdb:starting/3:479 log_ref=cdb01 db_id=4 Opening file for writing with filename /var/lib/riak/leveled/730750818665451459101842416358141509827966271488/journal/journal_files/0_7394fcb5-1649-4d99-bf54-7215f70575fe.pnd
2026-09-11 22:49:49.863279+09:00 [info] <0.772.0>@leveled_cdb:starting/3:479 log_ref=cdb01 db_id=0 Opening file for writing with filename /var/lib/riak/leveled/0/journal/journal_files/0_7700456e-c05b-4055-9f2e-7928891f7905.pnd
2026-09-11 22:49:49.864253+09:00 [info] <0.777.0>@leveled_cdb:starting/3:479 log_ref=cdb01 db_id=5 Opening file for writing with filename /var/lib/riak/leveled/913438523331814323877303020447676887284957839360/journal/journal_files/0_2ee864e1-d604-4c0f-b669-140a3abe83c2.pnd
2026-09-11 22:49:49.863346+09:00 [info] <0.771.0>@leveled_cdb:starting/3:479 log_ref=cdb01 db_id=2 Opening file for writing with filename /var/lib/riak/leveled/365375409332725729550921208179070754913983135744/journal/journal_files/0_92823532-0dfc-4f00-baea-69ed7fad4dd8.pnd
2026-09-11 22:49:49.863505+09:00 [info] <0.775.0>@leveled_cdb:starting/3:479 log_ref=cdb01 db_id=3 Opening file for writing with filename /var/lib/riak/leveled/548063113999088594326381812268606132370974703616/journal/journal_files/0_8cfad106-15f5-47b5-a191-f2ea7e7876d2.pnd
2026-09-11 22:49:49.863515+09:00 [info] <0.774.0>@leveled_cdb:starting/3:479 log_ref=cdb01 db_id=1 Opening file for writing with filename /var/lib/riak/leveled/182687704666362864775460604089535377456991567872/journal/journal_files/0_f61ceda0-e155-433c-a8bb-d27927da1a96.pnd
2026-09-11 22:49:49.863525+09:00 [info] <0.773.0>@leveled_cdb:starting/3:479 log_ref=cdb01 db_id=7 Opening file for writing with filename /var/lib/riak/leveled/1278813932664540053428224228626747642198940975104/journal/journal_files/0_29f51637-29b4-4f60-b373-61a444a3e8be.pnd
2026-09-11 22:49:49.866005+09:00 [info] <0.758.0>@leveled_inker:build_manifest/3:1242 log_ref=i0009 db_id=2 Updated manifest on startup:
2026-09-11 22:49:49.866078+09:00 [info] <0.754.0>@leveled_inker:build_manifest/3:1242 log_ref=i0009 db_id=5 Updated manifest on startup:
2026-09-11 22:49:49.866153+09:00 [info] <0.753.0>@leveled_inker:build_manifest/3:1242 log_ref=i0009 db_id=0 Updated manifest on startup:
2026-09-11 22:49:49.866126+09:00 [info] <0.755.0>@leveled_inker:build_manifest/3:1242 log_ref=i0009 db_id=1 Updated manifest on startup:
2026-09-11 22:49:49.866136+09:00 [info] <0.752.0>@leveled_inker:build_manifest/3:1242 log_ref=i0009 db_id=3 Updated manifest on startup:
2026-09-11 22:49:49.867242+09:00 [info] <0.757.0>@leveled_inker:build_manifest/3:1242 log_ref=i0009 db_id=7 Updated manifest on startup:
2026-09-11 22:49:49.869121+09:00 [info] <0.759.0>@leveled_inker:build_manifest/3:1242 log_ref=i0009 db_id=4 Updated manifest on startup:
2026-09-11 22:49:49.863493+09:00 [info] <0.776.0>@leveled_cdb:starting/3:479 log_ref=cdb01 db_id=6 Opening file for writing with filename /var/lib/riak/leveled/1096126227998177188652763624537212264741949407232/journal/journal_files/0_9ed8879a-4f25-45a8-8750-8c984afb7228.pnd
2026-09-11 22:49:49.871552+09:00 [info] <0.752.0>@leveled_imanifest:writer/3:187 log_ref=i0016 db_id=3 Writing new version of manifest for manifestSQN=2
2026-09-11 22:49:49.871768+09:00 [info] <0.754.0>@leveled_imanifest:writer/3:187 log_ref=i0016 db_id=5 Writing new version of manifest for manifestSQN=2
2026-09-11 22:49:49.871973+09:00 [info] <0.755.0>@leveled_imanifest:writer/3:187 log_ref=i0016 db_id=1 Writing new version of manifest for manifestSQN=2
2026-09-11 22:49:49.872128+09:00 [info] <0.758.0>@leveled_imanifest:writer/3:187 log_ref=i0016 db_id=2 Writing new version of manifest for manifestSQN=2
2026-09-11 22:49:49.872686+09:00 [info] <0.759.0>@leveled_imanifest:writer/3:187 log_ref=i0016 db_id=4 Writing new version of manifest for manifestSQN=2
2026-09-11 22:49:49.872821+09:00 [info] <0.757.0>@leveled_imanifest:writer/3:187 log_ref=i0016 db_id=7 Writing new version of manifest for manifestSQN=2
2026-09-11 22:49:49.878985+09:00 [info] <0.756.0>@leveled_inker:build_manifest/3:1242 log_ref=i0009 db_id=6 Updated manifest on startup:
2026-09-11 22:49:49.882339+09:00 [info] <0.756.0>@leveled_imanifest:writer/3:187 log_ref=i0016 db_id=6 Writing new version of manifest for manifestSQN=2
2026-09-11 22:49:49.872344+09:00 [info] <0.753.0>@leveled_imanifest:writer/3:187 log_ref=i0016 db_id=0 Writing new version of manifest for manifestSQN=2
2026-09-11 22:49:49.911121+09:00 [info] <0.783.0>@leveled_pclerk:clerk_new/3:78 log_ref=pc001 db_id=1 Penciller's clerk <0.788.0> started with owner <0.783.0>
2026-09-11 22:49:49.910649+09:00 [info] <0.785.0>@leveled_pclerk:clerk_new/3:78 log_ref=pc001 db_id=2 Penciller's clerk <0.786.0> started with owner <0.785.0>
2026-09-11 22:49:49.911248+09:00 [info] <0.782.0>@leveled_pclerk:clerk_new/3:78 log_ref=pc001 db_id=5 Penciller's clerk <0.789.0> started with owner <0.782.0>
2026-09-11 22:49:49.911266+09:00 [info] <0.781.0>@leveled_pclerk:clerk_new/3:78 log_ref=pc001 db_id=7 Penciller's clerk <0.790.0> started with owner <0.781.0>
2026-09-11 22:49:49.911286+09:00 [info] <0.779.0>@leveled_pclerk:clerk_new/3:78 log_ref=pc001 db_id=6 Penciller's clerk <0.792.0> started with owner <0.779.0>
2026-09-11 22:49:49.911306+09:00 [info] <0.778.0>@leveled_pclerk:clerk_new/3:78 log_ref=pc001 db_id=3 Penciller's clerk <0.793.0> started with owner <0.778.0>
2026-09-11 22:49:49.911319+09:00 [info] <0.780.0>@leveled_pclerk:clerk_new/3:78 log_ref=pc001 db_id=0 Penciller's clerk <0.791.0> started with owner <0.780.0>
2026-09-11 22:49:49.912158+09:00 [info] <0.784.0>@leveled_pclerk:clerk_new/3:78 log_ref=pc001 db_id=4 Penciller's clerk <0.787.0> started with owner <0.784.0>
2026-09-11 22:49:49.928318+09:00 [info] <0.780.0>@leveled_pmanifest:open_manifestfile/2:1180 log_ref=p0013 db_id=0 Seqence number of 0 indicates no valid manifest
2026-09-11 22:49:49.928425+09:00 [info] <0.778.0>@leveled_pmanifest:open_manifestfile/2:1180 log_ref=p0013 db_id=3 Seqence number of 0 indicates no valid manifest
2026-09-11 22:49:49.928503+09:00 [info] <0.779.0>@leveled_pmanifest:open_manifestfile/2:1180 log_ref=p0013 db_id=6 Seqence number of 0 indicates no valid manifest
2026-09-11 22:49:49.928546+09:00 [info] <0.781.0>@leveled_pmanifest:open_manifestfile/2:1180 log_ref=p0013 db_id=7 Seqence number of 0 indicates no valid manifest
2026-09-11 22:49:49.928572+09:00 [info] <0.782.0>@leveled_pmanifest:open_manifestfile/2:1180 log_ref=p0013 db_id=5 Seqence number of 0 indicates no valid manifest
2026-09-11 22:49:49.928725+09:00 [info] <0.785.0>@leveled_pmanifest:open_manifestfile/2:1180 log_ref=p0013 db_id=2 Seqence number of 0 indicates no valid manifest
2026-09-11 22:49:49.928915+09:00 [info] <0.783.0>@leveled_pmanifest:open_manifestfile/2:1180 log_ref=p0013 db_id=1 Seqence number of 0 indicates no valid manifest
2026-09-11 22:49:49.928782+09:00 [info] <0.784.0>@leveled_pmanifest:open_manifestfile/2:1180 log_ref=p0013 db_id=4 Seqence number of 0 indicates no valid manifest
2026-09-11 22:49:49.939693+09:00 [info] <0.784.0>@leveled_penciller:start_from_file/1:1532 log_ref=p0014 db_id=4 Maximum sequence number of 0 found in nonzero levels
2026-09-11 22:49:49.939764+09:00 [info] <0.780.0>@leveled_penciller:start_from_file/1:1532 log_ref=p0014 db_id=0 Maximum sequence number of 0 found in nonzero levels
2026-09-11 22:49:49.939863+09:00 [info] <0.784.0>@leveled_penciller:start_from_file/1:1534 log_ref=p0035 db_id=4 Startup with Manifest SQN of 0
2026-09-11 22:49:49.939877+09:00 [info] <0.780.0>@leveled_penciller:start_from_file/1:1534 log_ref=p0035 db_id=0 Startup with Manifest SQN of 0
2026-09-11 22:49:49.939899+09:00 [info] <0.783.0>@leveled_penciller:start_from_file/1:1532 log_ref=p0014 db_id=1 Maximum sequence number of 0 found in nonzero levels
2026-09-11 22:49:49.940108+09:00 [info] <0.783.0>@leveled_penciller:start_from_file/1:1534 log_ref=p0035 db_id=1 Startup with Manifest SQN of 0
2026-09-11 22:49:49.940248+09:00 [info] <0.785.0>@leveled_penciller:start_from_file/1:1532 log_ref=p0014 db_id=2 Maximum sequence number of 0 found in nonzero levels
2026-09-11 22:49:49.940477+09:00 [info] <0.782.0>@leveled_penciller:start_from_file/1:1532 log_ref=p0014 db_id=5 Maximum sequence number of 0 found in nonzero levels
2026-09-11 22:49:49.940341+09:00 [info] <0.785.0>@leveled_penciller:start_from_file/1:1534 log_ref=p0035 db_id=2 Startup with Manifest SQN of 0
2026-09-11 22:49:49.940544+09:00 [info] <0.782.0>@leveled_penciller:start_from_file/1:1534 log_ref=p0035 db_id=5 Startup with Manifest SQN of 0
2026-09-11 22:49:49.940562+09:00 [info] <0.781.0>@leveled_penciller:start_from_file/1:1532 log_ref=p0014 db_id=7 Maximum sequence number of 0 found in nonzero levels
2026-09-11 22:49:49.940576+09:00 [info] <0.779.0>@leveled_penciller:start_from_file/1:1532 log_ref=p0014 db_id=6 Maximum sequence number of 0 found in nonzero levels
2026-09-11 22:49:49.940592+09:00 [info] <0.778.0>@leveled_penciller:start_from_file/1:1532 log_ref=p0014 db_id=3 Maximum sequence number of 0 found in nonzero levels
2026-09-11 22:49:49.940974+09:00 [info] <0.778.0>@leveled_penciller:start_from_file/1:1534 log_ref=p0035 db_id=3 Startup with Manifest SQN of 0
2026-09-11 22:49:49.940883+09:00 [info] <0.781.0>@leveled_penciller:start_from_file/1:1534 log_ref=p0035 db_id=7 Startup with Manifest SQN of 0
2026-09-11 22:49:49.940951+09:00 [info] <0.779.0>@leveled_penciller:start_from_file/1:1534 log_ref=p0035 db_id=6 Startup with Manifest SQN of 0
2026-09-11 22:49:49.941384+09:00 [info] <0.784.0>@leveled_penciller:start_from_file/1:1562 log_ref=p0017 db_id=4 No L0 file found
2026-09-11 22:49:49.941808+09:00 [info] <0.783.0>@leveled_penciller:start_from_file/1:1562 log_ref=p0017 db_id=1 No L0 file found
2026-09-11 22:49:49.943001+09:00 [info] <0.736.0>@leveled_bookie:startup/2:2017 log_ref=b0005 db_id=4 LedgerSQN=0 at startup
2026-09-11 22:49:49.943211+09:00 [info] <0.785.0>@leveled_penciller:start_from_file/1:1562 log_ref=p0017 db_id=2 No L0 file found
2026-09-11 22:49:49.943325+09:00 [info] <0.782.0>@leveled_penciller:start_from_file/1:1562 log_ref=p0017 db_id=5 No L0 file found
2026-09-11 22:49:49.944473+09:00 [info] <0.778.0>@leveled_penciller:start_from_file/1:1562 log_ref=p0017 db_id=3 No L0 file found
2026-09-11 22:49:49.947193+09:00 [info] <0.781.0>@leveled_penciller:start_from_file/1:1562 log_ref=p0017 db_id=7 No L0 file found
2026-09-11 22:49:49.947278+09:00 [info] <0.779.0>@leveled_penciller:start_from_file/1:1562 log_ref=p0017 db_id=6 No L0 file found
2026-09-11 22:49:49.947386+09:00 [info] <0.780.0>@leveled_penciller:start_from_file/1:1562 log_ref=p0017 db_id=0 No L0 file found
2026-09-11 22:49:49.945143+09:00 [info] <0.738.0>@leveled_bookie:startup/2:2017 log_ref=b0005 db_id=1 LedgerSQN=0 at startup
2026-09-11 22:49:49.947747+09:00 [info] <0.755.0>@leveled_bookie:startup/2:2028 log_ref=i0014 db_id=1 On startup loading from filename /var/lib/riak/leveled/182687704666362864775460604089535377456991567872/journal/journal_files/0_f61ceda0-e155-433c-a8bb-d27927da1a96 from SQN 1
2026-09-11 22:49:49.947940+09:00 [info] <0.737.0>@leveled_bookie:startup/2:2017 log_ref=b0005 db_id=2 LedgerSQN=0 at startup
2026-09-11 22:49:49.948031+09:00 [info] <0.758.0>@leveled_bookie:startup/2:2028 log_ref=i0014 db_id=2 On startup loading from filename /var/lib/riak/leveled/365375409332725729550921208179070754913983135744/journal/journal_files/0_92823532-0dfc-4f00-baea-69ed7fad4dd8 from SQN 1
2026-09-11 22:49:49.948184+09:00 [info] <0.743.0>@leveled_bookie:startup/2:2017 log_ref=b0005 db_id=5 LedgerSQN=0 at startup
2026-09-11 22:49:49.948269+09:00 [info] <0.754.0>@leveled_bookie:startup/2:2028 log_ref=i0014 db_id=5 On startup loading from filename /var/lib/riak/leveled/913438523331814323877303020447676887284957839360/journal/journal_files/0_2ee864e1-d604-4c0f-b669-140a3abe83c2 from SQN 1
2026-09-11 22:49:49.948407+09:00 [info] <0.737.0>@leveled_bookie:init/1:1428 log_ref=b0001 db_id=2 Bookie starting with Ink <0.758.0> Pcl <0.785.0>
2026-09-11 22:49:49.948563+09:00 [info] <0.718.0>@riak_kv_leveled_backend:schedule_journalcompaction/4:903 Schedule compaction for interval 926 on partition 365375409332725729550921208179070754913983135744
2026-09-11 22:49:49.948736+09:00 [info] <0.740.0>@leveled_bookie:startup/2:2017 log_ref=b0005 db_id=7 LedgerSQN=0 at startup
2026-09-11 22:49:49.948963+09:00 [info] <0.757.0>@leveled_bookie:startup/2:2028 log_ref=i0014 db_id=7 On startup loading from filename /var/lib/riak/leveled/1278813932664540053428224228626747642198940975104/journal/journal_files/0_29f51637-29b4-4f60-b373-61a444a3e8be from SQN 1
2026-09-11 22:49:49.950607+09:00 [info] <0.743.0>@leveled_bookie:init/1:1428 log_ref=b0001 db_id=5 Bookie starting with Ink <0.754.0> Pcl <0.782.0>
2026-09-11 22:49:49.950748+09:00 [info] <0.714.0>@riak_kv_leveled_backend:schedule_journalcompaction/4:903 Schedule compaction for interval 2018 on partition 913438523331814323877303020447676887284957839360
2026-09-11 22:49:49.950895+09:00 [info] <0.740.0>@leveled_bookie:init/1:1428 log_ref=b0001 db_id=7 Bookie starting with Ink <0.757.0> Pcl <0.781.0>
2026-09-11 22:49:49.951004+09:00 [info] <0.716.0>@riak_kv_leveled_backend:schedule_journalcompaction/4:903 Schedule compaction for interval 11642 on partition 1278813932664540053428224228626747642198940975104
2026-09-11 22:49:49.951180+09:00 [info] <0.759.0>@leveled_bookie:startup/2:2028 log_ref=i0014 db_id=4 On startup loading from filename /var/lib/riak/leveled/730750818665451459101842416358141509827966271488/journal/journal_files/0_7394fcb5-1649-4d99-bf54-7215f70575fe from SQN 1
2026-09-11 22:49:49.951307+09:00 [info] <0.739.0>@leveled_bookie:startup/2:2017 log_ref=b0005 db_id=6 LedgerSQN=0 at startup
2026-09-11 22:49:49.951407+09:00 [info] <0.756.0>@leveled_bookie:startup/2:2028 log_ref=i0014 db_id=6 On startup loading from filename /var/lib/riak/leveled/1096126227998177188652763624537212264741949407232/journal/journal_files/0_9ed8879a-4f25-45a8-8750-8c984afb7228 from SQN 1
2026-09-11 22:49:49.951548+09:00 [info] <0.736.0>@leveled_bookie:init/1:1428 log_ref=b0001 db_id=4 Bookie starting with Ink <0.759.0> Pcl <0.784.0>
2026-09-11 22:49:49.951666+09:00 [info] <0.715.0>@riak_kv_leveled_backend:schedule_journalcompaction/4:903 Schedule compaction for interval 5668 on partition 730750818665451459101842416358141509827966271488
2026-09-11 22:49:49.951789+09:00 [info] <0.742.0>@leveled_bookie:startup/2:2017 log_ref=b0005 db_id=0 LedgerSQN=0 at startup
2026-09-11 22:49:49.951911+09:00 [info] <0.753.0>@leveled_bookie:startup/2:2028 log_ref=i0014 db_id=0 On startup loading from filename /var/lib/riak/leveled/0/journal/journal_files/0_7700456e-c05b-4055-9f2e-7928891f7905 from SQN 1
2026-09-11 22:49:49.955126+09:00 [info] <0.738.0>@leveled_bookie:init/1:1428 log_ref=b0001 db_id=1 Bookie starting with Ink <0.755.0> Pcl <0.783.0>
2026-09-11 22:49:49.955285+09:00 [info] <0.741.0>@leveled_bookie:startup/2:2017 log_ref=b0005 db_id=3 LedgerSQN=0 at startup
2026-09-11 22:49:49.955371+09:00 [info] <0.752.0>@leveled_bookie:startup/2:2028 log_ref=i0014 db_id=3 On startup loading from filename /var/lib/riak/leveled/548063113999088594326381812268606132370974703616/journal/journal_files/0_8cfad106-15f5-47b5-a191-f2ea7e7876d2 from SQN 1
2026-09-11 22:49:49.955520+09:00 [info] <0.712.0>@riak_kv_leveled_backend:schedule_journalcompaction/4:903 Schedule compaction for interval 6402 on partition 182687704666362864775460604089535377456991567872
2026-09-11 22:49:49.955919+09:00 [info] <0.742.0>@leveled_bookie:init/1:1428 log_ref=b0001 db_id=0 Bookie starting with Ink <0.753.0> Pcl <0.780.0>
2026-09-11 22:49:49.956042+09:00 [info] <0.711.0>@riak_kv_leveled_backend:schedule_journalcompaction/4:903 Schedule compaction for interval 7531 on partition 0
2026-09-11 22:49:49.956432+09:00 [info] <0.741.0>@leveled_bookie:init/1:1428 log_ref=b0001 db_id=3 Bookie starting with Ink <0.752.0> Pcl <0.778.0>
2026-09-11 22:49:49.956556+09:00 [info] <0.713.0>@riak_kv_leveled_backend:schedule_journalcompaction/4:903 Schedule compaction for interval 5314 on partition 548063113999088594326381812268606132370974703616
2026-09-11 22:49:49.956845+09:00 [info] <0.739.0>@leveled_bookie:init/1:1428 log_ref=b0001 db_id=6 Bookie starting with Ink <0.756.0> Pcl <0.779.0>
2026-09-11 22:49:49.956950+09:00 [info] <0.717.0>@riak_kv_leveled_backend:schedule_journalcompaction/4:903 Schedule compaction for interval 2162 on partition 1096126227998177188652763624537212264741949407232
2026-09-11 22:49:50.074879+09:00 [info] <0.802.0>@aae_controller:init/1:674 log_ref=aae02 Native KeyStore type leveled_nko startup request
2026-09-11 22:49:50.075062+09:00 [info] <0.809.0>@aae_controller:init/1:674 log_ref=aae02 Native KeyStore type leveled_nko startup request
2026-09-11 22:49:50.075211+09:00 [info] <0.807.0>@aae_controller:init/1:674 log_ref=aae02 Native KeyStore type leveled_nko startup request
2026-09-11 22:49:50.075365+09:00 [info] <0.808.0>@aae_controller:init/1:674 log_ref=aae02 Native KeyStore type leveled_nko startup request
2026-09-11 22:49:50.074302+09:00 [info] <0.806.0>@aae_controller:init/1:674 log_ref=aae02 Native KeyStore type leveled_nko startup request
2026-09-11 22:49:50.074402+09:00 [info] <0.805.0>@aae_controller:init/1:674 log_ref=aae02 Native KeyStore type leveled_nko startup request
2026-09-11 22:49:50.074481+09:00 [info] <0.804.0>@aae_controller:init/1:674 log_ref=aae02 Native KeyStore type leveled_nko startup request
2026-09-11 22:49:50.077300+09:00 [info] <0.803.0>@aae_controller:init/1:674 log_ref=aae02 Native KeyStore type leveled_nko startup request
2026-09-11 22:49:50.077496+09:00 [warning] <0.810.0>@aae_keystore:open_manifest/1:1526 log_ref=ks002 No valid manifest found for AAE keystore at /var/lib/riak/tictac_aae/182687704666362864775460604089535377456991567872/leveled_nko/keystore reason not_present
2026-09-11 22:49:50.077588+09:00 [warning] <0.816.0>@aae_keystore:open_manifest/1:1526 log_ref=ks002 No valid manifest found for AAE keystore at /var/lib/riak/tictac_aae/913438523331814323877303020447676887284957839360/leveled_nko/keystore reason not_present
2026-09-11 22:49:50.077661+09:00 [warning] <0.815.0>@aae_keystore:open_manifest/1:1526 log_ref=ks002 No valid manifest found for AAE keystore at /var/lib/riak/tictac_aae/1096126227998177188652763624537212264741949407232/leveled_nko/keystore reason not_present
2026-09-11 22:49:50.077730+09:00 [warning] <0.814.0>@aae_keystore:open_manifest/1:1526 log_ref=ks002 No valid manifest found for AAE keystore at /var/lib/riak/tictac_aae/548063113999088594326381812268606132370974703616/leveled_nko/keystore reason not_present
2026-09-11 22:49:50.077811+09:00 [warning] <0.813.0>@aae_keystore:open_manifest/1:1526 log_ref=ks002 No valid manifest found for AAE keystore at /var/lib/riak/tictac_aae/0/leveled_nko/keystore reason not_present
2026-09-11 22:49:50.077890+09:00 [warning] <0.812.0>@aae_keystore:open_manifest/1:1526 log_ref=ks002 No valid manifest found for AAE keystore at /var/lib/riak/tictac_aae/1278813932664540053428224228626747642198940975104/leveled_nko/keystore reason not_present
2026-09-11 22:49:50.077976+09:00 [warning] <0.811.0>@aae_keystore:open_manifest/1:1526 log_ref=ks002 No valid manifest found for AAE keystore at /var/lib/riak/tictac_aae/730750818665451459101842416358141509827966271488/leveled_nko/keystore reason not_present
2026-09-11 22:49:50.079405+09:00 [warning] <0.817.0>@aae_keystore:open_manifest/1:1526 log_ref=ks002 No valid manifest found for AAE keystore at /var/lib/riak/tictac_aae/365375409332725729550921208179070754913983135744/leveled_nko/keystore reason not_present
2026-09-11 22:49:50.109348+09:00 [info] <0.818.0>@aae_treecache:init/1:224 log_ref=c0005 Starting cache with is_restored=false and IndexN of {913438523331814323877303020447676887284957839360,3}
2026-09-11 22:49:50.109488+09:00 [info] <0.821.0>@aae_treecache:init/1:224 log_ref=c0005 Starting cache with is_restored=false and IndexN of {182687704666362864775460604089535377456991567872,3}
2026-09-11 22:49:50.109549+09:00 [info] <0.824.0>@aae_treecache:init/1:224 log_ref=c0005 Starting cache with is_restored=false and IndexN of {1278813932664540053428224228626747642198940975104,3}
2026-09-11 22:49:50.109634+09:00 [info] <0.819.0>@aae_treecache:init/1:224 log_ref=c0005 Starting cache with is_restored=false and IndexN of {0,3}
2026-09-11 22:49:50.109667+09:00 [info] <0.822.0>@aae_treecache:init/1:224 log_ref=c0005 Starting cache with is_restored=false and IndexN of {730750818665451459101842416358141509827966271488,3}
2026-09-11 22:49:50.109682+09:00 [info] <0.823.0>@aae_treecache:init/1:224 log_ref=c0005 Starting cache with is_restored=false and IndexN of {548063113999088594326381812268606132370974703616,3}
2026-09-11 22:49:50.109691+09:00 [info] <0.825.0>@aae_treecache:init/1:224 log_ref=c0005 Starting cache with is_restored=false and IndexN of {365375409332725729550921208179070754913983135744,3}
2026-09-11 22:49:50.109462+09:00 [info] <0.820.0>@aae_treecache:init/1:224 log_ref=c0005 Starting cache with is_restored=false and IndexN of {1096126227998177188652763624537212264741949407232,3}
2026-09-11 22:49:50.116207+09:00 [info] <0.828.0>@aae_treecache:init/1:224 log_ref=c0005 Starting cache with is_restored=false and IndexN of {0,3}
2026-09-11 22:49:50.117719+09:00 [info] <0.826.0>@aae_treecache:init/1:224 log_ref=c0005 Starting cache with is_restored=false and IndexN of {1096126227998177188652763624537212264741949407232,3}
2026-09-11 22:49:50.118688+09:00 [info] <0.827.0>@aae_treecache:init/1:224 log_ref=c0005 Starting cache with is_restored=false and IndexN of {365375409332725729550921208179070754913983135744,3}
2026-09-11 22:49:50.121900+09:00 [info] <0.830.0>@aae_treecache:init/1:224 log_ref=c0005 Starting cache with is_restored=false and IndexN of {913438523331814323877303020447676887284957839360,3}
2026-09-11 22:49:50.121989+09:00 [info] <0.829.0>@aae_treecache:init/1:224 log_ref=c0005 Starting cache with is_restored=false and IndexN of {182687704666362864775460604089535377456991567872,3}
2026-09-11 22:49:50.123324+09:00 [info] <0.832.0>@aae_treecache:init/1:224 log_ref=c0005 Starting cache with is_restored=false and IndexN of {730750818665451459101842416358141509827966271488,3}
2026-09-11 22:49:50.124796+09:00 [info] <0.831.0>@aae_treecache:init/1:224 log_ref=c0005 Starting cache with is_restored=false and IndexN of {548063113999088594326381812268606132370974703616,3}
2026-09-11 22:49:50.126744+09:00 [info] <0.833.0>@aae_treecache:init/1:224 log_ref=c0005 Starting cache with is_restored=false and IndexN of {182687704666362864775460604089535377456991567872,3}
2026-09-11 22:49:50.126945+09:00 [info] <0.834.0>@aae_treecache:init/1:224 log_ref=c0005 Starting cache with is_restored=false and IndexN of {1278813932664540053428224228626747642198940975104,3}
2026-09-11 22:49:50.127205+09:00 [info] <0.835.0>@aae_treecache:init/1:224 log_ref=c0005 Starting cache with is_restored=false and IndexN of {1278813932664540053428224228626747642198940975104,3}
2026-09-11 22:49:50.128670+09:00 [info] <0.836.0>@aae_treecache:init/1:224 log_ref=c0005 Starting cache with is_restored=false and IndexN of {548063113999088594326381812268606132370974703616,3}
2026-09-11 22:49:50.128911+09:00 [info] <0.837.0>@aae_treecache:init/1:224 log_ref=c0005 Starting cache with is_restored=false and IndexN of {1096126227998177188652763624537212264741949407232,3}
2026-09-11 22:49:50.130750+09:00 [info] <0.839.0>@aae_treecache:init/1:224 log_ref=c0005 Starting cache with is_restored=false and IndexN of {913438523331814323877303020447676887284957839360,3}
2026-09-11 22:49:50.133069+09:00 [info] <0.838.0>@aae_treecache:init/1:224 log_ref=c0005 Starting cache with is_restored=false and IndexN of {365375409332725729550921208179070754913983135744,3}
2026-09-11 22:49:50.133197+09:00 [info] <0.840.0>@aae_treecache:init/1:224 log_ref=c0005 Starting cache with is_restored=false and IndexN of {730750818665451459101842416358141509827966271488,3}
2026-09-11 22:49:50.133622+09:00 [info] <0.806.0>@aae_controller:init/1:719 log_ref=aae10 AAE controller started with IndexNs [{182687704666362864775460604089535377456991567872,3},{365375409332725729550921208179070754913983135744,3},{548063113999088594326381812268606132370974703616,3}] and StoreType {native,leveled_nko,<0.741.0>}
2026-09-11 22:49:50.133641+09:00 [info] <0.805.0>@aae_controller:init/1:719 log_ref=aae10 AAE controller started with IndexNs [{730750818665451459101842416358141509827966271488,3},{913438523331814323877303020447676887284957839360,3},{1096126227998177188652763624537212264741949407232,3}] and StoreType {native,leveled_nko,<0.739.0>}
2026-09-11 22:49:50.133653+09:00 [info] <0.803.0>@aae_controller:init/1:719 log_ref=aae10 AAE controller started with IndexNs [{0,3},{182687704666362864775460604089535377456991567872,3},{365375409332725729550921208179070754913983135744,3}] and StoreType {native,leveled_nko,<0.737.0>}
2026-09-11 22:49:50.133673+09:00 [info] <0.809.0>@aae_controller:init/1:719 log_ref=aae10 AAE controller started with IndexNs [{365375409332725729550921208179070754913983135744,3},{548063113999088594326381812268606132370974703616,3},{730750818665451459101842416358141509827966271488,3}] and StoreType {native,leveled_nko,<0.736.0>}
2026-09-11 22:49:50.133705+09:00 [info] <0.807.0>@aae_controller:init/1:719 log_ref=aae10 AAE controller started with IndexNs [{913438523331814323877303020447676887284957839360,3},{1096126227998177188652763624537212264741949407232,3},{1278813932664540053428224228626747642198940975104,3}] and StoreType {native,leveled_nko,<0.740.0>}
2026-09-11 22:49:50.133727+09:00 [info] <0.802.0>@aae_controller:init/1:719 log_ref=aae10 AAE controller started with IndexNs [{1278813932664540053428224228626747642198940975104,3},{0,3},{182687704666362864775460604089535377456991567872,3}] and StoreType {native,leveled_nko,<0.738.0>}
2026-09-11 22:49:50.133747+09:00 [info] <0.804.0>@aae_controller:init/1:719 log_ref=aae10 AAE controller started with IndexNs [{548063113999088594326381812268606132370974703616,3},{730750818665451459101842416358141509827966271488,3},{913438523331814323877303020447676887284957839360,3}] and StoreType {native,leveled_nko,<0.743.0>}
2026-09-11 22:49:50.134171+09:00 [info] <0.713.0>@riak_kv_vnode:maybe_start_aaecontroller/2:415 AAE Controller started with pid=<0.806.0>
2026-09-11 22:49:50.134263+09:00 [info] <0.716.0>@riak_kv_vnode:maybe_start_aaecontroller/2:415 AAE Controller started with pid=<0.807.0>
2026-09-11 22:49:50.134262+09:00 [info] <0.715.0>@riak_kv_vnode:maybe_start_aaecontroller/2:415 AAE Controller started with pid=<0.809.0>
2026-09-11 22:49:50.134341+09:00 [info] <0.712.0>@riak_kv_vnode:maybe_start_aaecontroller/2:415 AAE Controller started with pid=<0.802.0>
2026-09-11 22:49:50.134353+09:00 [info] <0.714.0>@riak_kv_vnode:maybe_start_aaecontroller/2:415 AAE Controller started with pid=<0.804.0>
2026-09-11 22:49:50.134217+09:00 [info] <0.717.0>@riak_kv_vnode:maybe_start_aaecontroller/2:415 AAE Controller started with pid=<0.805.0>
2026-09-11 22:49:50.134231+09:00 [info] <0.718.0>@riak_kv_vnode:maybe_start_aaecontroller/2:415 AAE Controller started with pid=<0.803.0>
2026-09-11 22:49:50.135696+09:00 [info] <0.841.0>@aae_treecache:init/1:224 log_ref=c0005 Starting cache with is_restored=false and IndexN of {0,3}
2026-09-11 22:49:50.136859+09:00 [info] <0.808.0>@aae_controller:init/1:719 log_ref=aae10 AAE controller started with IndexNs [{1096126227998177188652763624537212264741949407232,3},{1278813932664540053428224228626747642198940975104,3},{0,3}] and StoreType {native,leveled_nko,<0.742.0>}
2026-09-11 22:49:50.136994+09:00 [info] <0.711.0>@riak_kv_vnode:maybe_start_aaecontroller/2:415 AAE Controller started with pid=<0.808.0>
2026-09-11 22:49:50.141807+09:00 [info] <0.704.0>@riak_core_vnode_manager:get_vnode/3:743 VNode initialization ready <0.712.0> 182687704666362864775460604089535377456991567872 riak_kv_vnode
2026-09-11 22:49:50.142169+09:00 [info] <0.707.0>@riak_core_vnode_manager:get_vnode/3:743 VNode initialization ready <0.715.0> 730750818665451459101842416358141509827966271488 riak_kv_vnode
2026-09-11 22:49:50.142654+09:00 [info] <0.705.0>@riak_core_vnode_manager:get_vnode/3:743 VNode initialization ready <0.718.0> 365375409332725729550921208179070754913983135744 riak_kv_vnode
2026-09-11 22:49:50.142930+09:00 [info] <0.709.0>@riak_core_vnode_manager:get_vnode/3:743 VNode initialization ready <0.717.0> 1096126227998177188652763624537212264741949407232 riak_kv_vnode
2026-09-11 22:49:50.142952+09:00 [info] <0.708.0>@riak_core_vnode_manager:get_vnode/3:743 VNode initialization ready <0.714.0> 913438523331814323877303020447676887284957839360 riak_kv_vnode
2026-09-11 22:49:50.142967+09:00 [info] <0.710.0>@riak_core_vnode_manager:get_vnode/3:743 VNode initialization ready <0.716.0> 1278813932664540053428224228626747642198940975104 riak_kv_vnode
2026-09-11 22:49:50.143459+09:00 [info] <0.703.0>@riak_core_vnode_manager:get_vnode/3:743 VNode initialization ready <0.711.0> 0 riak_kv_vnode
2026-09-11 22:49:50.143348+09:00 [info] <0.706.0>@riak_core_vnode_manager:get_vnode/3:743 VNode initialization ready <0.713.0> 548063113999088594326381812268606132370974703616 riak_kv_vnode
2026-09-11 22:49:50.147085+09:00 [info] <0.914.0>@riak_core_vnode_manager:get_vnode/3:733 Will start VNode for partition 182687704666362864775460604089535377456991567872 riak_pipe_vnode
2026-09-11 22:49:50.147567+09:00 [info] <0.914.0>@riak_core_vnode_manager:get_vnode/3:743 VNode initialization ready <0.915.0> 182687704666362864775460604089535377456991567872 riak_pipe_vnode
2026-09-11 22:49:50.147732+09:00 [info] <0.917.0>@riak_core_vnode_manager:get_vnode/3:733 Will start VNode for partition 365375409332725729550921208179070754913983135744 riak_pipe_vnode
2026-09-11 22:49:50.148118+09:00 [info] <0.917.0>@riak_core_vnode_manager:get_vnode/3:743 VNode initialization ready <0.918.0> 365375409332725729550921208179070754913983135744 riak_pipe_vnode
2026-09-11 22:49:50.148311+09:00 [info] <0.920.0>@riak_core_vnode_manager:get_vnode/3:733 Will start VNode for partition 548063113999088594326381812268606132370974703616 riak_pipe_vnode
2026-09-11 22:49:50.148664+09:00 [info] <0.920.0>@riak_core_vnode_manager:get_vnode/3:743 VNode initialization ready <0.921.0> 548063113999088594326381812268606132370974703616 riak_pipe_vnode
2026-09-11 22:49:50.148825+09:00 [info] <0.923.0>@riak_core_vnode_manager:get_vnode/3:733 Will start VNode for partition 730750818665451459101842416358141509827966271488 riak_pipe_vnode
2026-09-11 22:49:50.151992+09:00 [info] <0.923.0>@riak_core_vnode_manager:get_vnode/3:743 VNode initialization ready <0.924.0> 730750818665451459101842416358141509827966271488 riak_pipe_vnode
2026-09-11 22:49:50.152214+09:00 [info] <0.926.0>@riak_core_vnode_manager:get_vnode/3:733 Will start VNode for partition 913438523331814323877303020447676887284957839360 riak_pipe_vnode
2026-09-11 22:49:50.153614+09:00 [info] <0.926.0>@riak_core_vnode_manager:get_vnode/3:743 VNode initialization ready <0.927.0> 913438523331814323877303020447676887284957839360 riak_pipe_vnode
2026-09-11 22:49:50.153800+09:00 [info] <0.929.0>@riak_core_vnode_manager:get_vnode/3:733 Will start VNode for partition 1096126227998177188652763624537212264741949407232 riak_pipe_vnode
2026-09-11 22:49:50.154204+09:00 [info] <0.929.0>@riak_core_vnode_manager:get_vnode/3:743 VNode initialization ready <0.930.0> 1096126227998177188652763624537212264741949407232 riak_pipe_vnode
2026-09-11 22:49:50.154367+09:00 [info] <0.932.0>@riak_core_vnode_manager:get_vnode/3:733 Will start VNode for partition 1278813932664540053428224228626747642198940975104 riak_pipe_vnode
2026-09-11 22:49:50.154738+09:00 [info] <0.932.0>@riak_core_vnode_manager:get_vnode/3:743 VNode initialization ready <0.933.0> 1278813932664540053428224228626747642198940975104 riak_pipe_vnode
2026-09-11 22:49:50.166679+09:00 [info] <0.388.0>@riak_core:wait_for_service/2:492 Wait complete for service riak_kv (8 seconds)
2026-09-11 22:49:50.196678+09:00 [info] <0.611.0>@riak_core:wait_for_service/2:492 Wait complete for service riak_kv (7 seconds)
2026-09-11 22:49:50.209693+09:00 [info] <0.245.0>@riak_core_capability:process_capability_changes/2:557 New capability: {riak_repl,bloom_fold} = true
2026-09-11 22:49:50.213375+09:00 [info] <0.245.0>@riak_core_capability:process_capability_changes/2:557 New capability: {riak_repl,rtq_meta} = true
2026-09-11 22:49:50.218109+09:00 [info] <0.245.0>@riak_core_capability:process_capability_changes/2:557 New capability: {riak_repl,default_bucket_props_hash} = [consistent,datatype,n_val,write_once]
2026-09-11 22:49:50.238452+09:00 [info] <0.611.0>@riak_repl_app:start/2:70 REPL CS block skip disabled
2026-09-11 22:49:50.253922+09:00 [info] <0.935.0>@supervisor:report_progress/2:1582 Supervisor: {local,riak_repl_sup}. Started: id=riak_repl_client_sup,pid=<0.936.0>.
2026-09-11 22:49:50.258592+09:00 [info] <0.935.0>@supervisor:report_progress/2:1582 Supervisor: {local,riak_repl_sup}. Started: id=riak_repl_server_sup,pid=<0.937.0>.
2026-09-11 22:49:50.274309+09:00 [info] <0.935.0>@supervisor:report_progress/2:1582 Supervisor: {local,riak_repl_sup}. Started: id=riak_repl_leader,pid=<0.938.0>.
2026-09-11 22:49:50.287340+09:00 [info] <0.935.0>@supervisor:report_progress/2:1582 Supervisor: {local,riak_repl_sup}. Started: id=riak_repl2_leader,pid=<0.941.0>.
2026-09-11 22:49:50.328038+09:00 [info] <0.943.0>@riak_core_service_mgr:start_link/1:111 Starting Core Service Manager at {"127.0.0.1",9080}
2026-09-11 22:49:50.359609+09:00 [info] <0.941.0>@riak_repl2_leader:become_leader/2:217 Leader2: 'openriak-kv@node-05.cluster-a.openriak' elected as replication leader
2026-09-11 22:49:50.381868+09:00 [info] <0.947.0>@supervisor:report_progress/2:1582 Supervisor: {<0.947.0>,ranch_conns_sup_sup}. Started: id={ranch_conns_sup,1},pid=<0.948.0>.
2026-09-11 22:49:50.382030+09:00 [info] <0.947.0>@supervisor:report_progress/2:1582 Supervisor: {<0.947.0>,ranch_conns_sup_sup}. Started: id={ranch_conns_sup,2},pid=<0.949.0>.
2026-09-11 22:49:50.382136+09:00 [info] <0.947.0>@supervisor:report_progress/2:1582 Supervisor: {<0.947.0>,ranch_conns_sup_sup}. Started: id={ranch_conns_sup,3},pid=<0.950.0>.
2026-09-11 22:49:50.382254+09:00 [info] <0.947.0>@supervisor:report_progress/2:1582 Supervisor: {<0.947.0>,ranch_conns_sup_sup}. Started: id={ranch_conns_sup,4},pid=<0.951.0>.
2026-09-11 22:49:50.382353+09:00 [info] <0.947.0>@supervisor:report_progress/2:1582 Supervisor: {<0.947.0>,ranch_conns_sup_sup}. Started: id={ranch_conns_sup,5},pid=<0.952.0>.
2026-09-11 22:49:50.382498+09:00 [info] <0.947.0>@supervisor:report_progress/2:1582 Supervisor: {<0.947.0>,ranch_conns_sup_sup}. Started: id={ranch_conns_sup,6},pid=<0.953.0>.
2026-09-11 22:49:50.382581+09:00 [info] <0.947.0>@supervisor:report_progress/2:1582 Supervisor: {<0.947.0>,ranch_conns_sup_sup}. Started: id={ranch_conns_sup,7},pid=<0.954.0>.
2026-09-11 22:49:50.382729+09:00 [info] <0.947.0>@supervisor:report_progress/2:1582 Supervisor: {<0.947.0>,ranch_conns_sup_sup}. Started: id={ranch_conns_sup,8},pid=<0.955.0>.
2026-09-11 22:49:50.382828+09:00 [info] <0.947.0>@supervisor:report_progress/2:1582 Supervisor: {<0.947.0>,ranch_conns_sup_sup}. Started: id={ranch_conns_sup,9},pid=<0.956.0>.
2026-09-11 22:49:50.382943+09:00 [info] <0.947.0>@supervisor:report_progress/2:1582 Supervisor: {<0.947.0>,ranch_conns_sup_sup}. Started: id={ranch_conns_sup,10},pid=<0.957.0>.
2026-09-11 22:49:50.383025+09:00 [info] <0.947.0>@supervisor:report_progress/2:1582 Supervisor: {<0.947.0>,ranch_conns_sup_sup}. Started: id={ranch_conns_sup,11},pid=<0.958.0>.
2026-09-11 22:49:50.383143+09:00 [info] <0.947.0>@supervisor:report_progress/2:1582 Supervisor: {<0.947.0>,ranch_conns_sup_sup}. Started: id={ranch_conns_sup,12},pid=<0.959.0>.
2026-09-11 22:49:50.383244+09:00 [info] <0.947.0>@supervisor:report_progress/2:1582 Supervisor: {<0.947.0>,ranch_conns_sup_sup}. Started: id={ranch_conns_sup,13},pid=<0.960.0>.
2026-09-11 22:49:50.383344+09:00 [info] <0.947.0>@supervisor:report_progress/2:1582 Supervisor: {<0.947.0>,ranch_conns_sup_sup}. Started: id={ranch_conns_sup,14},pid=<0.961.0>.
2026-09-11 22:49:50.383422+09:00 [info] <0.947.0>@supervisor:report_progress/2:1582 Supervisor: {<0.947.0>,ranch_conns_sup_sup}. Started: id={ranch_conns_sup,15},pid=<0.962.0>.
2026-09-11 22:49:50.383542+09:00 [info] <0.947.0>@supervisor:report_progress/2:1582 Supervisor: {<0.947.0>,ranch_conns_sup_sup}. Started: id={ranch_conns_sup,16},pid=<0.963.0>.
2026-09-11 22:49:50.383615+09:00 [info] <0.947.0>@supervisor:report_progress/2:1582 Supervisor: {<0.947.0>,ranch_conns_sup_sup}. Started: id={ranch_conns_sup,17},pid=<0.964.0>.
2026-09-11 22:49:50.383720+09:00 [info] <0.947.0>@supervisor:report_progress/2:1582 Supervisor: {<0.947.0>,ranch_conns_sup_sup}. Started: id={ranch_conns_sup,18},pid=<0.965.0>.
2026-09-11 22:49:50.383811+09:00 [info] <0.947.0>@supervisor:report_progress/2:1582 Supervisor: {<0.947.0>,ranch_conns_sup_sup}. Started: id={ranch_conns_sup,19},pid=<0.966.0>.
2026-09-11 22:49:50.383914+09:00 [info] <0.947.0>@supervisor:report_progress/2:1582 Supervisor: {<0.947.0>,ranch_conns_sup_sup}. Started: id={ranch_conns_sup,20},pid=<0.967.0>.
2026-09-11 22:49:50.383989+09:00 [info] <0.947.0>@supervisor:report_progress/2:1582 Supervisor: {<0.947.0>,ranch_conns_sup_sup}. Started: id={ranch_conns_sup,21},pid=<0.968.0>.
2026-09-11 22:49:50.384097+09:00 [info] <0.947.0>@supervisor:report_progress/2:1582 Supervisor: {<0.947.0>,ranch_conns_sup_sup}. Started: id={ranch_conns_sup,22},pid=<0.969.0>.
2026-09-11 22:49:50.384178+09:00 [info] <0.947.0>@supervisor:report_progress/2:1582 Supervisor: {<0.947.0>,ranch_conns_sup_sup}. Started: id={ranch_conns_sup,23},pid=<0.970.0>.
2026-09-11 22:49:50.384295+09:00 [info] <0.947.0>@supervisor:report_progress/2:1582 Supervisor: {<0.947.0>,ranch_conns_sup_sup}. Started: id={ranch_conns_sup,24},pid=<0.971.0>.
2026-09-11 22:49:50.384379+09:00 [info] <0.947.0>@supervisor:report_progress/2:1582 Supervisor: {<0.947.0>,ranch_conns_sup_sup}. Started: id={ranch_conns_sup,25},pid=<0.972.0>.
2026-09-11 22:49:50.389342+09:00 [info] <0.947.0>@supervisor:report_progress/2:1582 Supervisor: {<0.947.0>,ranch_conns_sup_sup}. Started: id={ranch_conns_sup,26},pid=<0.973.0>.
2026-09-11 22:49:50.389499+09:00 [info] <0.947.0>@supervisor:report_progress/2:1582 Supervisor: {<0.947.0>,ranch_conns_sup_sup}. Started: id={ranch_conns_sup,27},pid=<0.974.0>.
2026-09-11 22:49:50.390670+09:00 [info] <0.947.0>@supervisor:report_progress/2:1582 Supervisor: {<0.947.0>,ranch_conns_sup_sup}. Started: id={ranch_conns_sup,28},pid=<0.975.0>.
2026-09-11 22:49:50.390784+09:00 [info] <0.947.0>@supervisor:report_progress/2:1582 Supervisor: {<0.947.0>,ranch_conns_sup_sup}. Started: id={ranch_conns_sup,29},pid=<0.976.0>.
2026-09-11 22:49:50.390944+09:00 [info] <0.947.0>@supervisor:report_progress/2:1582 Supervisor: {<0.947.0>,ranch_conns_sup_sup}. Started: id={ranch_conns_sup,30},pid=<0.977.0>.
2026-09-11 22:49:50.391062+09:00 [info] <0.947.0>@supervisor:report_progress/2:1582 Supervisor: {<0.947.0>,ranch_conns_sup_sup}. Started: id={ranch_conns_sup,31},pid=<0.978.0>.
2026-09-11 22:49:50.391252+09:00 [info] <0.947.0>@supervisor:report_progress/2:1582 Supervisor: {<0.947.0>,ranch_conns_sup_sup}. Started: id={ranch_conns_sup,32},pid=<0.979.0>.
2026-09-11 22:49:50.391385+09:00 [info] <0.947.0>@supervisor:report_progress/2:1582 Supervisor: {<0.947.0>,ranch_conns_sup_sup}. Started: id={ranch_conns_sup,33},pid=<0.980.0>.
2026-09-11 22:49:50.391536+09:00 [info] <0.947.0>@supervisor:report_progress/2:1582 Supervisor: {<0.947.0>,ranch_conns_sup_sup}. Started: id={ranch_conns_sup,34},pid=<0.981.0>.
2026-09-11 22:49:50.391624+09:00 [info] <0.947.0>@supervisor:report_progress/2:1582 Supervisor: {<0.947.0>,ranch_conns_sup_sup}. Started: id={ranch_conns_sup,35},pid=<0.982.0>.
2026-09-11 22:49:50.391746+09:00 [info] <0.947.0>@supervisor:report_progress/2:1582 Supervisor: {<0.947.0>,ranch_conns_sup_sup}. Started: id={ranch_conns_sup,36},pid=<0.983.0>.
2026-09-11 22:49:50.391845+09:00 [info] <0.947.0>@supervisor:report_progress/2:1582 Supervisor: {<0.947.0>,ranch_conns_sup_sup}. Started: id={ranch_conns_sup,37},pid=<0.984.0>.
2026-09-11 22:49:50.391965+09:00 [info] <0.947.0>@supervisor:report_progress/2:1582 Supervisor: {<0.947.0>,ranch_conns_sup_sup}. Started: id={ranch_conns_sup,38},pid=<0.985.0>.
2026-09-11 22:49:50.392036+09:00 [info] <0.947.0>@supervisor:report_progress/2:1582 Supervisor: {<0.947.0>,ranch_conns_sup_sup}. Started: id={ranch_conns_sup,39},pid=<0.986.0>.
2026-09-11 22:49:50.392141+09:00 [info] <0.947.0>@supervisor:report_progress/2:1582 Supervisor: {<0.947.0>,ranch_conns_sup_sup}. Started: id={ranch_conns_sup,40},pid=<0.987.0>.
2026-09-11 22:49:50.392227+09:00 [info] <0.947.0>@supervisor:report_progress/2:1582 Supervisor: {<0.947.0>,ranch_conns_sup_sup}. Started: id={ranch_conns_sup,41},pid=<0.988.0>.
2026-09-11 22:49:50.392346+09:00 [info] <0.947.0>@supervisor:report_progress/2:1582 Supervisor: {<0.947.0>,ranch_conns_sup_sup}. Started: id={ranch_conns_sup,42},pid=<0.989.0>.
2026-09-11 22:49:50.398049+09:00 [info] <0.947.0>@supervisor:report_progress/2:1582 Supervisor: {<0.947.0>,ranch_conns_sup_sup}. Started: id={ranch_conns_sup,43},pid=<0.990.0>.
2026-09-11 22:49:50.399273+09:00 [info] <0.947.0>@supervisor:report_progress/2:1582 Supervisor: {<0.947.0>,ranch_conns_sup_sup}. Started: id={ranch_conns_sup,44},pid=<0.991.0>.
2026-09-11 22:49:50.399388+09:00 [info] <0.947.0>@supervisor:report_progress/2:1582 Supervisor: {<0.947.0>,ranch_conns_sup_sup}. Started: id={ranch_conns_sup,45},pid=<0.992.0>.
2026-09-11 22:49:50.399521+09:00 [info] <0.947.0>@supervisor:report_progress/2:1582 Supervisor: {<0.947.0>,ranch_conns_sup_sup}. Started: id={ranch_conns_sup,46},pid=<0.993.0>.
2026-09-11 22:49:50.399606+09:00 [info] <0.947.0>@supervisor:report_progress/2:1582 Supervisor: {<0.947.0>,ranch_conns_sup_sup}. Started: id={ranch_conns_sup,47},pid=<0.994.0>.
2026-09-11 22:49:50.399745+09:00 [info] <0.947.0>@supervisor:report_progress/2:1582 Supervisor: {<0.947.0>,ranch_conns_sup_sup}. Started: id={ranch_conns_sup,48},pid=<0.995.0>.
2026-09-11 22:49:50.399843+09:00 [info] <0.947.0>@supervisor:report_progress/2:1582 Supervisor: {<0.947.0>,ranch_conns_sup_sup}. Started: id={ranch_conns_sup,49},pid=<0.996.0>.
2026-09-11 22:49:50.399979+09:00 [info] <0.947.0>@supervisor:report_progress/2:1582 Supervisor: {<0.947.0>,ranch_conns_sup_sup}. Started: id={ranch_conns_sup,50},pid=<0.997.0>.
2026-09-11 22:49:50.400070+09:00 [info] <0.947.0>@supervisor:report_progress/2:1582 Supervisor: {<0.947.0>,ranch_conns_sup_sup}. Started: id={ranch_conns_sup,51},pid=<0.998.0>.
2026-09-11 22:49:50.400205+09:00 [info] <0.947.0>@supervisor:report_progress/2:1582 Supervisor: {<0.947.0>,ranch_conns_sup_sup}. Started: id={ranch_conns_sup,52},pid=<0.999.0>.
2026-09-11 22:49:50.400296+09:00 [info] <0.947.0>@supervisor:report_progress/2:1582 Supervisor: {<0.947.0>,ranch_conns_sup_sup}. Started: id={ranch_conns_sup,53},pid=<0.1000.0>.
2026-09-11 22:49:50.400430+09:00 [info] <0.947.0>@supervisor:report_progress/2:1582 Supervisor: {<0.947.0>,ranch_conns_sup_sup}. Started: id={ranch_conns_sup,54},pid=<0.1001.0>.
2026-09-11 22:49:50.400518+09:00 [info] <0.947.0>@supervisor:report_progress/2:1582 Supervisor: {<0.947.0>,ranch_conns_sup_sup}. Started: id={ranch_conns_sup,55},pid=<0.1002.0>.
2026-09-11 22:49:50.400630+09:00 [info] <0.947.0>@supervisor:report_progress/2:1582 Supervisor: {<0.947.0>,ranch_conns_sup_sup}. Started: id={ranch_conns_sup,56},pid=<0.1003.0>.
2026-09-11 22:49:50.400717+09:00 [info] <0.947.0>@supervisor:report_progress/2:1582 Supervisor: {<0.947.0>,ranch_conns_sup_sup}. Started: id={ranch_conns_sup,57},pid=<0.1004.0>.
2026-09-11 22:49:50.400838+09:00 [info] <0.947.0>@supervisor:report_progress/2:1582 Supervisor: {<0.947.0>,ranch_conns_sup_sup}. Started: id={ranch_conns_sup,58},pid=<0.1005.0>.
2026-09-11 22:49:50.400927+09:00 [info] <0.947.0>@supervisor:report_progress/2:1582 Supervisor: {<0.947.0>,ranch_conns_sup_sup}. Started: id={ranch_conns_sup,59},pid=<0.1006.0>.
2026-09-11 22:49:50.401050+09:00 [info] <0.947.0>@supervisor:report_progress/2:1582 Supervisor: {<0.947.0>,ranch_conns_sup_sup}. Started: id={ranch_conns_sup,60},pid=<0.1007.0>.
2026-09-11 22:49:50.401144+09:00 [info] <0.947.0>@supervisor:report_progress/2:1582 Supervisor: {<0.947.0>,ranch_conns_sup_sup}. Started: id={ranch_conns_sup,61},pid=<0.1008.0>.
2026-09-11 22:49:50.401285+09:00 [info] <0.947.0>@supervisor:report_progress/2:1582 Supervisor: {<0.947.0>,ranch_conns_sup_sup}. Started: id={ranch_conns_sup,62},pid=<0.1009.0>.
2026-09-11 22:49:50.401375+09:00 [info] <0.947.0>@supervisor:report_progress/2:1582 Supervisor: {<0.947.0>,ranch_conns_sup_sup}. Started: id={ranch_conns_sup,63},pid=<0.1010.0>.
2026-09-11 22:49:50.401512+09:00 [info] <0.947.0>@supervisor:report_progress/2:1582 Supervisor: {<0.947.0>,ranch_conns_sup_sup}. Started: id={ranch_conns_sup,64},pid=<0.1011.0>.
2026-09-11 22:49:50.401608+09:00 [info] <0.947.0>@supervisor:report_progress/2:1582 Supervisor: {<0.947.0>,ranch_conns_sup_sup}. Started: id={ranch_conns_sup,65},pid=<0.1012.0>.
2026-09-11 22:49:50.401731+09:00 [info] <0.947.0>@supervisor:report_progress/2:1582 Supervisor: {<0.947.0>,ranch_conns_sup_sup}. Started: id={ranch_conns_sup,66},pid=<0.1013.0>.
2026-09-11 22:49:50.401815+09:00 [info] <0.947.0>@supervisor:report_progress/2:1582 Supervisor: {<0.947.0>,ranch_conns_sup_sup}. Started: id={ranch_conns_sup,67},pid=<0.1014.0>.
2026-09-11 22:49:50.401934+09:00 [info] <0.947.0>@supervisor:report_progress/2:1582 Supervisor: {<0.947.0>,ranch_conns_sup_sup}. Started: id={ranch_conns_sup,68},pid=<0.1015.0>.
2026-09-11 22:49:50.402028+09:00 [info] <0.947.0>@supervisor:report_progress/2:1582 Supervisor: {<0.947.0>,ranch_conns_sup_sup}. Started: id={ranch_conns_sup,69},pid=<0.1016.0>.
2026-09-11 22:49:50.402163+09:00 [info] <0.947.0>@supervisor:report_progress/2:1582 Supervisor: {<0.947.0>,ranch_conns_sup_sup}. Started: id={ranch_conns_sup,70},pid=<0.1017.0>.
2026-09-11 22:49:50.402241+09:00 [info] <0.947.0>@supervisor:report_progress/2:1582 Supervisor: {<0.947.0>,ranch_conns_sup_sup}. Started: id={ranch_conns_sup,71},pid=<0.1018.0>.
2026-09-11 22:49:50.402338+09:00 [info] <0.947.0>@supervisor:report_progress/2:1582 Supervisor: {<0.947.0>,ranch_conns_sup_sup}. Started: id={ranch_conns_sup,72},pid=<0.1019.0>.
2026-09-11 22:49:50.402412+09:00 [info] <0.947.0>@supervisor:report_progress/2:1582 Supervisor: {<0.947.0>,ranch_conns_sup_sup}. Started: id={ranch_conns_sup,73},pid=<0.1020.0>.
2026-09-11 22:49:50.405917+09:00 [info] <0.947.0>@supervisor:report_progress/2:1582 Supervisor: {<0.947.0>,ranch_conns_sup_sup}. Started: id={ranch_conns_sup,74},pid=<0.1021.0>.
2026-09-11 22:49:50.407542+09:00 [info] <0.947.0>@supervisor:report_progress/2:1582 Supervisor: {<0.947.0>,ranch_conns_sup_sup}. Started: id={ranch_conns_sup,75},pid=<0.1022.0>.
2026-09-11 22:49:50.407735+09:00 [info] <0.947.0>@supervisor:report_progress/2:1582 Supervisor: {<0.947.0>,ranch_conns_sup_sup}. Started: id={ranch_conns_sup,76},pid=<0.1023.0>.
2026-09-11 22:49:50.407872+09:00 [info] <0.947.0>@supervisor:report_progress/2:1582 Supervisor: {<0.947.0>,ranch_conns_sup_sup}. Started: id={ranch_conns_sup,77},pid=<0.1024.0>.
2026-09-11 22:49:50.408034+09:00 [info] <0.947.0>@supervisor:report_progress/2:1582 Supervisor: {<0.947.0>,ranch_conns_sup_sup}. Started: id={ranch_conns_sup,78},pid=<0.1025.0>.
2026-09-11 22:49:50.408140+09:00 [info] <0.947.0>@supervisor:report_progress/2:1582 Supervisor: {<0.947.0>,ranch_conns_sup_sup}. Started: id={ranch_conns_sup,79},pid=<0.1026.0>.
2026-09-11 22:49:50.408285+09:00 [info] <0.947.0>@supervisor:report_progress/2:1582 Supervisor: {<0.947.0>,ranch_conns_sup_sup}. Started: id={ranch_conns_sup,80},pid=<0.1027.0>.
2026-09-11 22:49:50.408382+09:00 [info] <0.947.0>@supervisor:report_progress/2:1582 Supervisor: {<0.947.0>,ranch_conns_sup_sup}. Started: id={ranch_conns_sup,81},pid=<0.1028.0>.
2026-09-11 22:49:50.408544+09:00 [info] <0.947.0>@supervisor:report_progress/2:1582 Supervisor: {<0.947.0>,ranch_conns_sup_sup}. Started: id={ranch_conns_sup,82},pid=<0.1029.0>.
2026-09-11 22:49:50.411623+09:00 [info] <0.947.0>@supervisor:report_progress/2:1582 Supervisor: {<0.947.0>,ranch_conns_sup_sup}. Started: id={ranch_conns_sup,83},pid=<0.1030.0>.
2026-09-11 22:49:50.411832+09:00 [info] <0.947.0>@supervisor:report_progress/2:1582 Supervisor: {<0.947.0>,ranch_conns_sup_sup}. Started: id={ranch_conns_sup,84},pid=<0.1031.0>.
2026-09-11 22:49:50.411944+09:00 [info] <0.947.0>@supervisor:report_progress/2:1582 Supervisor: {<0.947.0>,ranch_conns_sup_sup}. Started: id={ranch_conns_sup,85},pid=<0.1032.0>.
2026-09-11 22:49:50.412119+09:00 [info] <0.947.0>@supervisor:report_progress/2:1582 Supervisor: {<0.947.0>,ranch_conns_sup_sup}. Started: id={ranch_conns_sup,86},pid=<0.1033.0>.
2026-09-11 22:49:50.412678+09:00 [info] <0.947.0>@supervisor:report_progress/2:1582 Supervisor: {<0.947.0>,ranch_conns_sup_sup}. Started: id={ranch_conns_sup,87},pid=<0.1034.0>.
2026-09-11 22:49:50.412835+09:00 [info] <0.947.0>@supervisor:report_progress/2:1582 Supervisor: {<0.947.0>,ranch_conns_sup_sup}. Started: id={ranch_conns_sup,88},pid=<0.1035.0>.
2026-09-11 22:49:50.412964+09:00 [info] <0.947.0>@supervisor:report_progress/2:1582 Supervisor: {<0.947.0>,ranch_conns_sup_sup}. Started: id={ranch_conns_sup,89},pid=<0.1036.0>.
2026-09-11 22:49:50.413269+09:00 [info] <0.947.0>@supervisor:report_progress/2:1582 Supervisor: {<0.947.0>,ranch_conns_sup_sup}. Started: id={ranch_conns_sup,90},pid=<0.1037.0>.
2026-09-11 22:49:50.413704+09:00 [info] <0.947.0>@supervisor:report_progress/2:1582 Supervisor: {<0.947.0>,ranch_conns_sup_sup}. Started: id={ranch_conns_sup,91},pid=<0.1038.0>.
2026-09-11 22:49:50.413815+09:00 [info] <0.947.0>@supervisor:report_progress/2:1582 Supervisor: {<0.947.0>,ranch_conns_sup_sup}. Started: id={ranch_conns_sup,92},pid=<0.1039.0>.
2026-09-11 22:49:50.413922+09:00 [info] <0.947.0>@supervisor:report_progress/2:1582 Supervisor: {<0.947.0>,ranch_conns_sup_sup}. Started: id={ranch_conns_sup,93},pid=<0.1040.0>.
2026-09-11 22:49:50.414077+09:00 [info] <0.947.0>@supervisor:report_progress/2:1582 Supervisor: {<0.947.0>,ranch_conns_sup_sup}. Started: id={ranch_conns_sup,94},pid=<0.1041.0>.
2026-09-11 22:49:50.414189+09:00 [info] <0.947.0>@supervisor:report_progress/2:1582 Supervisor: {<0.947.0>,ranch_conns_sup_sup}. Started: id={ranch_conns_sup,95},pid=<0.1042.0>.
2026-09-11 22:49:50.414355+09:00 [info] <0.947.0>@supervisor:report_progress/2:1582 Supervisor: {<0.947.0>,ranch_conns_sup_sup}. Started: id={ranch_conns_sup,96},pid=<0.1043.0>.
2026-09-11 22:49:50.416145+09:00 [info] <0.947.0>@supervisor:report_progress/2:1582 Supervisor: {<0.947.0>,ranch_conns_sup_sup}. Started: id={ranch_conns_sup,97},pid=<0.1044.0>.
2026-09-11 22:49:50.416937+09:00 [info] <0.947.0>@supervisor:report_progress/2:1582 Supervisor: {<0.947.0>,ranch_conns_sup_sup}. Started: id={ranch_conns_sup,98},pid=<0.1045.0>.
2026-09-11 22:49:50.417074+09:00 [info] <0.947.0>@supervisor:report_progress/2:1582 Supervisor: {<0.947.0>,ranch_conns_sup_sup}. Started: id={ranch_conns_sup,99},pid=<0.1046.0>.
2026-09-11 22:49:50.417208+09:00 [info] <0.947.0>@supervisor:report_progress/2:1582 Supervisor: {<0.947.0>,ranch_conns_sup_sup}. Started: id={ranch_conns_sup,100},pid=<0.1047.0>.
2026-09-11 22:49:50.418302+09:00 [info] <0.946.0>@supervisor:report_progress/2:1582 Supervisor: {<0.946.0>,ranch_listener_sup}. Started: id=ranch_conns_sup_sup,pid=<0.947.0>.
2026-09-11 22:49:50.429296+09:00 [info] <0.1048.0>@supervisor:report_progress/2:1582 Supervisor: {<0.1048.0>,ranch_acceptors_sup}. Started: id={acceptor,<0.1048.0>,1},pid=<0.1049.0>.
2026-09-11 22:49:50.429501+09:00 [info] <0.1048.0>@supervisor:report_progress/2:1582 Supervisor: {<0.1048.0>,ranch_acceptors_sup}. Started: id={acceptor,<0.1048.0>,2},pid=<0.1050.0>.
2026-09-11 22:49:50.430058+09:00 [info] <0.1048.0>@supervisor:report_progress/2:1582 Supervisor: {<0.1048.0>,ranch_acceptors_sup}. Started: id={acceptor,<0.1048.0>,3},pid=<0.1051.0>.
2026-09-11 22:49:50.430226+09:00 [info] <0.1048.0>@supervisor:report_progress/2:1582 Supervisor: {<0.1048.0>,ranch_acceptors_sup}. Started: id={acceptor,<0.1048.0>,4},pid=<0.1052.0>.
2026-09-11 22:49:50.430375+09:00 [info] <0.1048.0>@supervisor:report_progress/2:1582 Supervisor: {<0.1048.0>,ranch_acceptors_sup}. Started: id={acceptor,<0.1048.0>,5},pid=<0.1053.0>.
2026-09-11 22:49:50.430553+09:00 [info] <0.1048.0>@supervisor:report_progress/2:1582 Supervisor: {<0.1048.0>,ranch_acceptors_sup}. Started: id={acceptor,<0.1048.0>,6},pid=<0.1054.0>.
2026-09-11 22:49:50.430683+09:00 [info] <0.1048.0>@supervisor:report_progress/2:1582 Supervisor: {<0.1048.0>,ranch_acceptors_sup}. Started: id={acceptor,<0.1048.0>,7},pid=<0.1055.0>.
2026-09-11 22:49:50.430846+09:00 [info] <0.1048.0>@supervisor:report_progress/2:1582 Supervisor: {<0.1048.0>,ranch_acceptors_sup}. Started: id={acceptor,<0.1048.0>,8},pid=<0.1056.0>.
2026-09-11 22:49:50.431017+09:00 [info] <0.1048.0>@supervisor:report_progress/2:1582 Supervisor: {<0.1048.0>,ranch_acceptors_sup}. Started: id={acceptor,<0.1048.0>,9},pid=<0.1057.0>.
2026-09-11 22:49:50.431148+09:00 [info] <0.1048.0>@supervisor:report_progress/2:1582 Supervisor: {<0.1048.0>,ranch_acceptors_sup}. Started: id={acceptor,<0.1048.0>,10},pid=<0.1058.0>.
2026-09-11 22:49:50.431331+09:00 [info] <0.1048.0>@supervisor:report_progress/2:1582 Supervisor: {<0.1048.0>,ranch_acceptors_sup}. Started: id={acceptor,<0.1048.0>,11},pid=<0.1059.0>.
2026-09-11 22:49:50.436127+09:00 [info] <0.1048.0>@supervisor:report_progress/2:1582 Supervisor: {<0.1048.0>,ranch_acceptors_sup}. Started: id={acceptor,<0.1048.0>,12},pid=<0.1060.0>.
2026-09-11 22:49:50.437044+09:00 [info] <0.1048.0>@supervisor:report_progress/2:1582 Supervisor: {<0.1048.0>,ranch_acceptors_sup}. Started: id={acceptor,<0.1048.0>,13},pid=<0.1061.0>.
2026-09-11 22:49:50.437214+09:00 [info] <0.1048.0>@supervisor:report_progress/2:1582 Supervisor: {<0.1048.0>,ranch_acceptors_sup}. Started: id={acceptor,<0.1048.0>,14},pid=<0.1062.0>.
2026-09-11 22:49:50.437394+09:00 [info] <0.1048.0>@supervisor:report_progress/2:1582 Supervisor: {<0.1048.0>,ranch_acceptors_sup}. Started: id={acceptor,<0.1048.0>,15},pid=<0.1063.0>.
2026-09-11 22:49:50.437622+09:00 [info] <0.1048.0>@supervisor:report_progress/2:1582 Supervisor: {<0.1048.0>,ranch_acceptors_sup}. Started: id={acceptor,<0.1048.0>,16},pid=<0.1064.0>.
2026-09-11 22:49:50.437759+09:00 [info] <0.1048.0>@supervisor:report_progress/2:1582 Supervisor: {<0.1048.0>,ranch_acceptors_sup}. Started: id={acceptor,<0.1048.0>,17},pid=<0.1065.0>.
2026-09-11 22:49:50.437948+09:00 [info] <0.1048.0>@supervisor:report_progress/2:1582 Supervisor: {<0.1048.0>,ranch_acceptors_sup}. Started: id={acceptor,<0.1048.0>,18},pid=<0.1066.0>.
2026-09-11 22:49:50.438121+09:00 [info] <0.1048.0>@supervisor:report_progress/2:1582 Supervisor: {<0.1048.0>,ranch_acceptors_sup}. Started: id={acceptor,<0.1048.0>,19},pid=<0.1067.0>.
2026-09-11 22:49:50.438244+09:00 [info] <0.1048.0>@supervisor:report_progress/2:1582 Supervisor: {<0.1048.0>,ranch_acceptors_sup}. Started: id={acceptor,<0.1048.0>,20},pid=<0.1068.0>.
2026-09-11 22:49:50.438393+09:00 [info] <0.1048.0>@supervisor:report_progress/2:1582 Supervisor: {<0.1048.0>,ranch_acceptors_sup}. Started: id={acceptor,<0.1048.0>,21},pid=<0.1069.0>.
2026-09-11 22:49:50.442410+09:00 [info] <0.1048.0>@supervisor:report_progress/2:1582 Supervisor: {<0.1048.0>,ranch_acceptors_sup}. Started: id={acceptor,<0.1048.0>,22},pid=<0.1070.0>.
2026-09-11 22:49:50.442909+09:00 [info] <0.1048.0>@supervisor:report_progress/2:1582 Supervisor: {<0.1048.0>,ranch_acceptors_sup}. Started: id={acceptor,<0.1048.0>,23},pid=<0.1071.0>.
2026-09-11 22:49:50.443056+09:00 [info] <0.1048.0>@supervisor:report_progress/2:1582 Supervisor: {<0.1048.0>,ranch_acceptors_sup}. Started: id={acceptor,<0.1048.0>,24},pid=<0.1072.0>.
2026-09-11 22:49:50.443183+09:00 [info] <0.1048.0>@supervisor:report_progress/2:1582 Supervisor: {<0.1048.0>,ranch_acceptors_sup}. Started: id={acceptor,<0.1048.0>,25},pid=<0.1073.0>.
2026-09-11 22:49:50.443387+09:00 [info] <0.1048.0>@supervisor:report_progress/2:1582 Supervisor: {<0.1048.0>,ranch_acceptors_sup}. Started: id={acceptor,<0.1048.0>,26},pid=<0.1074.0>.
2026-09-11 22:49:50.443531+09:00 [info] <0.1048.0>@supervisor:report_progress/2:1582 Supervisor: {<0.1048.0>,ranch_acceptors_sup}. Started: id={acceptor,<0.1048.0>,27},pid=<0.1075.0>.
2026-09-11 22:49:50.443706+09:00 [info] <0.1048.0>@supervisor:report_progress/2:1582 Supervisor: {<0.1048.0>,ranch_acceptors_sup}. Started: id={acceptor,<0.1048.0>,28},pid=<0.1076.0>.
2026-09-11 22:49:50.443891+09:00 [info] <0.1048.0>@supervisor:report_progress/2:1582 Supervisor: {<0.1048.0>,ranch_acceptors_sup}. Started: id={acceptor,<0.1048.0>,29},pid=<0.1077.0>.
2026-09-11 22:49:50.444046+09:00 [info] <0.1048.0>@supervisor:report_progress/2:1582 Supervisor: {<0.1048.0>,ranch_acceptors_sup}. Started: id={acceptor,<0.1048.0>,30},pid=<0.1078.0>.
2026-09-11 22:49:50.444201+09:00 [info] <0.1048.0>@supervisor:report_progress/2:1582 Supervisor: {<0.1048.0>,ranch_acceptors_sup}. Started: id={acceptor,<0.1048.0>,31},pid=<0.1079.0>.
2026-09-11 22:49:50.444314+09:00 [info] <0.1048.0>@supervisor:report_progress/2:1582 Supervisor: {<0.1048.0>,ranch_acceptors_sup}. Started: id={acceptor,<0.1048.0>,32},pid=<0.1080.0>.
2026-09-11 22:49:50.444470+09:00 [info] <0.1048.0>@supervisor:report_progress/2:1582 Supervisor: {<0.1048.0>,ranch_acceptors_sup}. Started: id={acceptor,<0.1048.0>,33},pid=<0.1081.0>.
2026-09-11 22:49:50.444629+09:00 [info] <0.1048.0>@supervisor:report_progress/2:1582 Supervisor: {<0.1048.0>,ranch_acceptors_sup}. Started: id={acceptor,<0.1048.0>,34},pid=<0.1082.0>.
2026-09-11 22:49:50.444734+09:00 [info] <0.1048.0>@supervisor:report_progress/2:1582 Supervisor: {<0.1048.0>,ranch_acceptors_sup}. Started: id={acceptor,<0.1048.0>,35},pid=<0.1083.0>.
2026-09-11 22:49:50.444892+09:00 [info] <0.1048.0>@supervisor:report_progress/2:1582 Supervisor: {<0.1048.0>,ranch_acceptors_sup}. Started: id={acceptor,<0.1048.0>,36},pid=<0.1084.0>.
2026-09-11 22:49:50.445014+09:00 [info] <0.1048.0>@supervisor:report_progress/2:1582 Supervisor: {<0.1048.0>,ranch_acceptors_sup}. Started: id={acceptor,<0.1048.0>,37},pid=<0.1085.0>.
2026-09-11 22:49:50.445166+09:00 [info] <0.1048.0>@supervisor:report_progress/2:1582 Supervisor: {<0.1048.0>,ranch_acceptors_sup}. Started: id={acceptor,<0.1048.0>,38},pid=<0.1086.0>.
2026-09-11 22:49:50.446776+09:00 [info] <0.1048.0>@supervisor:report_progress/2:1582 Supervisor: {<0.1048.0>,ranch_acceptors_sup}. Started: id={acceptor,<0.1048.0>,39},pid=<0.1087.0>.
2026-09-11 22:49:50.446925+09:00 [info] <0.1048.0>@supervisor:report_progress/2:1582 Supervisor: {<0.1048.0>,ranch_acceptors_sup}. Started: id={acceptor,<0.1048.0>,40},pid=<0.1088.0>.
2026-09-11 22:49:50.447083+09:00 [info] <0.1048.0>@supervisor:report_progress/2:1582 Supervisor: {<0.1048.0>,ranch_acceptors_sup}. Started: id={acceptor,<0.1048.0>,41},pid=<0.1089.0>.
2026-09-11 22:49:50.447197+09:00 [info] <0.1048.0>@supervisor:report_progress/2:1582 Supervisor: {<0.1048.0>,ranch_acceptors_sup}. Started: id={acceptor,<0.1048.0>,42},pid=<0.1090.0>.
2026-09-11 22:49:50.447360+09:00 [info] <0.1048.0>@supervisor:report_progress/2:1582 Supervisor: {<0.1048.0>,ranch_acceptors_sup}. Started: id={acceptor,<0.1048.0>,43},pid=<0.1091.0>.
2026-09-11 22:49:50.450955+09:00 [info] <0.1048.0>@supervisor:report_progress/2:1582 Supervisor: {<0.1048.0>,ranch_acceptors_sup}. Started: id={acceptor,<0.1048.0>,44},pid=<0.1092.0>.
2026-09-11 22:49:50.451142+09:00 [info] <0.1048.0>@supervisor:report_progress/2:1582 Supervisor: {<0.1048.0>,ranch_acceptors_sup}. Started: id={acceptor,<0.1048.0>,45},pid=<0.1093.0>.
2026-09-11 22:49:50.451291+09:00 [info] <0.1048.0>@supervisor:report_progress/2:1582 Supervisor: {<0.1048.0>,ranch_acceptors_sup}. Started: id={acceptor,<0.1048.0>,46},pid=<0.1094.0>.
2026-09-11 22:49:50.451412+09:00 [info] <0.1048.0>@supervisor:report_progress/2:1582 Supervisor: {<0.1048.0>,ranch_acceptors_sup}. Started: id={acceptor,<0.1048.0>,47},pid=<0.1095.0>.
2026-09-11 22:49:50.451578+09:00 [info] <0.1048.0>@supervisor:report_progress/2:1582 Supervisor: {<0.1048.0>,ranch_acceptors_sup}. Started: id={acceptor,<0.1048.0>,48},pid=<0.1096.0>.
2026-09-11 22:49:50.451734+09:00 [info] <0.1048.0>@supervisor:report_progress/2:1582 Supervisor: {<0.1048.0>,ranch_acceptors_sup}. Started: id={acceptor,<0.1048.0>,49},pid=<0.1097.0>.
2026-09-11 22:49:50.451860+09:00 [info] <0.1048.0>@supervisor:report_progress/2:1582 Supervisor: {<0.1048.0>,ranch_acceptors_sup}. Started: id={acceptor,<0.1048.0>,50},pid=<0.1098.0>.
2026-09-11 22:49:50.452025+09:00 [info] <0.1048.0>@supervisor:report_progress/2:1582 Supervisor: {<0.1048.0>,ranch_acceptors_sup}. Started: id={acceptor,<0.1048.0>,51},pid=<0.1099.0>.
2026-09-11 22:49:50.452167+09:00 [info] <0.1048.0>@supervisor:report_progress/2:1582 Supervisor: {<0.1048.0>,ranch_acceptors_sup}. Started: id={acceptor,<0.1048.0>,52},pid=<0.1100.0>.
2026-09-11 22:49:50.452344+09:00 [info] <0.1048.0>@supervisor:report_progress/2:1582 Supervisor: {<0.1048.0>,ranch_acceptors_sup}. Started: id={acceptor,<0.1048.0>,53},pid=<0.1101.0>.
2026-09-11 22:49:50.452557+09:00 [info] <0.1048.0>@supervisor:report_progress/2:1582 Supervisor: {<0.1048.0>,ranch_acceptors_sup}. Started: id={acceptor,<0.1048.0>,54},pid=<0.1102.0>.
2026-09-11 22:49:50.452715+09:00 [info] <0.1048.0>@supervisor:report_progress/2:1582 Supervisor: {<0.1048.0>,ranch_acceptors_sup}. Started: id={acceptor,<0.1048.0>,55},pid=<0.1103.0>.
2026-09-11 22:49:50.452896+09:00 [info] <0.1048.0>@supervisor:report_progress/2:1582 Supervisor: {<0.1048.0>,ranch_acceptors_sup}. Started: id={acceptor,<0.1048.0>,56},pid=<0.1104.0>.
2026-09-11 22:49:50.453025+09:00 [info] <0.1048.0>@supervisor:report_progress/2:1582 Supervisor: {<0.1048.0>,ranch_acceptors_sup}. Started: id={acceptor,<0.1048.0>,57},pid=<0.1105.0>.
2026-09-11 22:49:50.453183+09:00 [info] <0.1048.0>@supervisor:report_progress/2:1582 Supervisor: {<0.1048.0>,ranch_acceptors_sup}. Started: id={acceptor,<0.1048.0>,58},pid=<0.1106.0>.
2026-09-11 22:49:50.453355+09:00 [info] <0.1048.0>@supervisor:report_progress/2:1582 Supervisor: {<0.1048.0>,ranch_acceptors_sup}. Started: id={acceptor,<0.1048.0>,59},pid=<0.1107.0>.
2026-09-11 22:49:50.456163+09:00 [info] <0.1048.0>@supervisor:report_progress/2:1582 Supervisor: {<0.1048.0>,ranch_acceptors_sup}. Started: id={acceptor,<0.1048.0>,60},pid=<0.1108.0>.
2026-09-11 22:49:50.456375+09:00 [info] <0.1048.0>@supervisor:report_progress/2:1582 Supervisor: {<0.1048.0>,ranch_acceptors_sup}. Started: id={acceptor,<0.1048.0>,61},pid=<0.1109.0>.
2026-09-11 22:49:50.456614+09:00 [info] <0.1048.0>@supervisor:report_progress/2:1582 Supervisor: {<0.1048.0>,ranch_acceptors_sup}. Started: id={acceptor,<0.1048.0>,62},pid=<0.1110.0>.
2026-09-11 22:49:50.456770+09:00 [info] <0.1048.0>@supervisor:report_progress/2:1582 Supervisor: {<0.1048.0>,ranch_acceptors_sup}. Started: id={acceptor,<0.1048.0>,63},pid=<0.1111.0>.
2026-09-11 22:49:50.456914+09:00 [info] <0.1048.0>@supervisor:report_progress/2:1582 Supervisor: {<0.1048.0>,ranch_acceptors_sup}. Started: id={acceptor,<0.1048.0>,64},pid=<0.1112.0>.
2026-09-11 22:49:50.457022+09:00 [info] <0.1048.0>@supervisor:report_progress/2:1582 Supervisor: {<0.1048.0>,ranch_acceptors_sup}. Started: id={acceptor,<0.1048.0>,65},pid=<0.1113.0>.
2026-09-11 22:49:50.457171+09:00 [info] <0.1048.0>@supervisor:report_progress/2:1582 Supervisor: {<0.1048.0>,ranch_acceptors_sup}. Started: id={acceptor,<0.1048.0>,66},pid=<0.1114.0>.
2026-09-11 22:49:50.457400+09:00 [info] <0.1048.0>@supervisor:report_progress/2:1582 Supervisor: {<0.1048.0>,ranch_acceptors_sup}. Started: id={acceptor,<0.1048.0>,67},pid=<0.1115.0>.
2026-09-11 22:49:50.457807+09:00 [info] <0.1048.0>@supervisor:report_progress/2:1582 Supervisor: {<0.1048.0>,ranch_acceptors_sup}. Started: id={acceptor,<0.1048.0>,68},pid=<0.1116.0>.
2026-09-11 22:49:50.457966+09:00 [info] <0.1048.0>@supervisor:report_progress/2:1582 Supervisor: {<0.1048.0>,ranch_acceptors_sup}. Started: id={acceptor,<0.1048.0>,69},pid=<0.1117.0>.
2026-09-11 22:49:50.458089+09:00 [info] <0.1048.0>@supervisor:report_progress/2:1582 Supervisor: {<0.1048.0>,ranch_acceptors_sup}. Started: id={acceptor,<0.1048.0>,70},pid=<0.1118.0>.
2026-09-11 22:49:50.458234+09:00 [info] <0.1048.0>@supervisor:report_progress/2:1582 Supervisor: {<0.1048.0>,ranch_acceptors_sup}. Started: id={acceptor,<0.1048.0>,71},pid=<0.1119.0>.
2026-09-11 22:49:50.458338+09:00 [info] <0.1048.0>@supervisor:report_progress/2:1582 Supervisor: {<0.1048.0>,ranch_acceptors_sup}. Started: id={acceptor,<0.1048.0>,72},pid=<0.1120.0>.
2026-09-11 22:49:50.458479+09:00 [info] <0.1048.0>@supervisor:report_progress/2:1582 Supervisor: {<0.1048.0>,ranch_acceptors_sup}. Started: id={acceptor,<0.1048.0>,73},pid=<0.1121.0>.
2026-09-11 22:49:50.458614+09:00 [info] <0.1048.0>@supervisor:report_progress/2:1582 Supervisor: {<0.1048.0>,ranch_acceptors_sup}. Started: id={acceptor,<0.1048.0>,74},pid=<0.1122.0>.
2026-09-11 22:49:50.458723+09:00 [info] <0.1048.0>@supervisor:report_progress/2:1582 Supervisor: {<0.1048.0>,ranch_acceptors_sup}. Started: id={acceptor,<0.1048.0>,75},pid=<0.1123.0>.
2026-09-11 22:49:50.458863+09:00 [info] <0.1048.0>@supervisor:report_progress/2:1582 Supervisor: {<0.1048.0>,ranch_acceptors_sup}. Started: id={acceptor,<0.1048.0>,76},pid=<0.1124.0>.
2026-09-11 22:49:50.458971+09:00 [info] <0.1048.0>@supervisor:report_progress/2:1582 Supervisor: {<0.1048.0>,ranch_acceptors_sup}. Started: id={acceptor,<0.1048.0>,77},pid=<0.1125.0>.
2026-09-11 22:49:50.459100+09:00 [info] <0.1048.0>@supervisor:report_progress/2:1582 Supervisor: {<0.1048.0>,ranch_acceptors_sup}. Started: id={acceptor,<0.1048.0>,78},pid=<0.1126.0>.
2026-09-11 22:49:50.459236+09:00 [info] <0.1048.0>@supervisor:report_progress/2:1582 Supervisor: {<0.1048.0>,ranch_acceptors_sup}. Started: id={acceptor,<0.1048.0>,79},pid=<0.1127.0>.
2026-09-11 22:49:50.459340+09:00 [info] <0.1048.0>@supervisor:report_progress/2:1582 Supervisor: {<0.1048.0>,ranch_acceptors_sup}. Started: id={acceptor,<0.1048.0>,80},pid=<0.1128.0>.
2026-09-11 22:49:50.459484+09:00 [info] <0.1048.0>@supervisor:report_progress/2:1582 Supervisor: {<0.1048.0>,ranch_acceptors_sup}. Started: id={acceptor,<0.1048.0>,81},pid=<0.1129.0>.
2026-09-11 22:49:50.459586+09:00 [info] <0.1048.0>@supervisor:report_progress/2:1582 Supervisor: {<0.1048.0>,ranch_acceptors_sup}. Started: id={acceptor,<0.1048.0>,82},pid=<0.1130.0>.
2026-09-11 22:49:50.459704+09:00 [info] <0.1048.0>@supervisor:report_progress/2:1582 Supervisor: {<0.1048.0>,ranch_acceptors_sup}. Started: id={acceptor,<0.1048.0>,83},pid=<0.1131.0>.
2026-09-11 22:49:50.459840+09:00 [info] <0.1048.0>@supervisor:report_progress/2:1582 Supervisor: {<0.1048.0>,ranch_acceptors_sup}. Started: id={acceptor,<0.1048.0>,84},pid=<0.1132.0>.
2026-09-11 22:49:50.459954+09:00 [info] <0.1048.0>@supervisor:report_progress/2:1582 Supervisor: {<0.1048.0>,ranch_acceptors_sup}. Started: id={acceptor,<0.1048.0>,85},pid=<0.1133.0>.
2026-09-11 22:49:50.460093+09:00 [info] <0.1048.0>@supervisor:report_progress/2:1582 Supervisor: {<0.1048.0>,ranch_acceptors_sup}. Started: id={acceptor,<0.1048.0>,86},pid=<0.1134.0>.
2026-09-11 22:49:50.460201+09:00 [info] <0.1048.0>@supervisor:report_progress/2:1582 Supervisor: {<0.1048.0>,ranch_acceptors_sup}. Started: id={acceptor,<0.1048.0>,87},pid=<0.1135.0>.
2026-09-11 22:49:50.460336+09:00 [info] <0.1048.0>@supervisor:report_progress/2:1582 Supervisor: {<0.1048.0>,ranch_acceptors_sup}. Started: id={acceptor,<0.1048.0>,88},pid=<0.1136.0>.
2026-09-11 22:49:50.462496+09:00 [info] <0.1048.0>@supervisor:report_progress/2:1582 Supervisor: {<0.1048.0>,ranch_acceptors_sup}. Started: id={acceptor,<0.1048.0>,89},pid=<0.1137.0>.
2026-09-11 22:49:50.462638+09:00 [info] <0.1048.0>@supervisor:report_progress/2:1582 Supervisor: {<0.1048.0>,ranch_acceptors_sup}. Started: id={acceptor,<0.1048.0>,90},pid=<0.1138.0>.
2026-09-11 22:49:50.462776+09:00 [info] <0.1048.0>@supervisor:report_progress/2:1582 Supervisor: {<0.1048.0>,ranch_acceptors_sup}. Started: id={acceptor,<0.1048.0>,91},pid=<0.1139.0>.
2026-09-11 22:49:50.462888+09:00 [info] <0.1048.0>@supervisor:report_progress/2:1582 Supervisor: {<0.1048.0>,ranch_acceptors_sup}. Started: id={acceptor,<0.1048.0>,92},pid=<0.1140.0>.
2026-09-11 22:49:50.463019+09:00 [info] <0.1048.0>@supervisor:report_progress/2:1582 Supervisor: {<0.1048.0>,ranch_acceptors_sup}. Started: id={acceptor,<0.1048.0>,93},pid=<0.1141.0>.
2026-09-11 22:49:50.463149+09:00 [info] <0.1048.0>@supervisor:report_progress/2:1582 Supervisor: {<0.1048.0>,ranch_acceptors_sup}. Started: id={acceptor,<0.1048.0>,94},pid=<0.1142.0>.
2026-09-11 22:49:50.463259+09:00 [info] <0.1048.0>@supervisor:report_progress/2:1582 Supervisor: {<0.1048.0>,ranch_acceptors_sup}. Started: id={acceptor,<0.1048.0>,95},pid=<0.1143.0>.
2026-09-11 22:49:50.463415+09:00 [info] <0.1048.0>@supervisor:report_progress/2:1582 Supervisor: {<0.1048.0>,ranch_acceptors_sup}. Started: id={acceptor,<0.1048.0>,96},pid=<0.1144.0>.
2026-09-11 22:49:50.463548+09:00 [info] <0.1048.0>@supervisor:report_progress/2:1582 Supervisor: {<0.1048.0>,ranch_acceptors_sup}. Started: id={acceptor,<0.1048.0>,97},pid=<0.1145.0>.
2026-09-11 22:49:50.463693+09:00 [info] <0.1048.0>@supervisor:report_progress/2:1582 Supervisor: {<0.1048.0>,ranch_acceptors_sup}. Started: id={acceptor,<0.1048.0>,98},pid=<0.1146.0>.
2026-09-11 22:49:50.463847+09:00 [info] <0.1048.0>@supervisor:report_progress/2:1582 Supervisor: {<0.1048.0>,ranch_acceptors_sup}. Started: id={acceptor,<0.1048.0>,99},pid=<0.1147.0>.
2026-09-11 22:49:50.463986+09:00 [info] <0.1048.0>@supervisor:report_progress/2:1582 Supervisor: {<0.1048.0>,ranch_acceptors_sup}. Started: id={acceptor,<0.1048.0>,100},pid=<0.1148.0>.
2026-09-11 22:49:50.464136+09:00 [info] <0.946.0>@supervisor:report_progress/2:1582 Supervisor: {<0.946.0>,ranch_listener_sup}. Started: id=ranch_acceptors_sup,pid=<0.1048.0>.
2026-09-11 22:49:50.464208+09:00 [info] <0.605.0>@supervisor:report_progress/2:1582 Supervisor: {local,ranch_sup}. Started: id={ranch_listener_sup,{[49,50,55,46,48,46,48,46,49],9080}},pid=<0.946.0>.
2026-09-11 22:49:50.465867+09:00 [info] <0.944.0>@riak_core_service_mgr:start_dispatcher/3:524 Service manager: listening on 127.0.0.1:9080
2026-09-11 22:49:50.465984+09:00 [info] <0.943.0>@supervisor:report_progress/2:1582 Supervisor: {local,riak_core_cluster_mgr_sup}. Started: id=riak_core_service_mgr,pid=<0.944.0>.
2026-09-11 22:49:50.477455+09:00 [info] <0.943.0>@supervisor:report_progress/2:1582 Supervisor: {local,riak_core_cluster_mgr_sup}. Started: id=riak_core_connection_mgr,pid=<0.1149.0>.
2026-09-11 22:49:50.487374+09:00 [info] <0.943.0>@supervisor:report_progress/2:1582 Supervisor: {local,riak_core_cluster_mgr_sup}. Started: id=riak_core_cluster_conn_sup,pid=<0.1150.0>.
2026-09-11 22:49:50.501371+09:00 [info] <0.1151.0>@riak_core_cluster_mgr:become_leader/2:706 ClusterManager: 'openriak-kv@node-05.cluster-a.openriak' becoming the leader
2026-09-11 22:49:50.501500+09:00 [info] <0.943.0>@supervisor:report_progress/2:1582 Supervisor: {local,riak_core_cluster_mgr_sup}. Started: id=riak_repl_cluster_mgr,pid=<0.1151.0>.
2026-09-11 22:49:50.522865+09:00 [info] <0.1154.0>@riak_core_tcp_mon:init/1:167 Starting TCP Monitor
2026-09-11 22:49:50.522998+09:00 [info] <0.943.0>@supervisor:report_progress/2:1582 Supervisor: {local,riak_core_cluster_mgr_sup}. Started: id=riak_core_tcp_mon,pid=<0.1154.0>.
2026-09-11 22:49:50.523139+09:00 [info] <0.935.0>@supervisor:report_progress/2:1582 Supervisor: {local,riak_repl_sup}. Started: id=riak_core_cluster_mgr_sup,pid=<0.943.0>.
2026-09-11 22:49:50.529329+09:00 [info] <0.935.0>@supervisor:report_progress/2:1582 Supervisor: {local,riak_repl_sup}. Started: id=riak_repl2_fs_node_reserver,pid=<0.1155.0>.
2026-09-11 22:49:50.557629+09:00 [info] <0.1157.0>@supervisor:report_progress/2:1582 Supervisor: {local,riak_repl2_rtsource_sup}. Started: id=riak_repl2_rtq,pid=<0.1159.0>.
2026-09-11 22:49:50.566241+09:00 [info] <0.1157.0>@supervisor:report_progress/2:1582 Supervisor: {local,riak_repl2_rtsource_sup}. Started: id=riak_repl2_rtq_overload_counter,pid=<0.1160.0>.
2026-09-11 22:49:50.582235+09:00 [info] <0.1157.0>@supervisor:report_progress/2:1582 Supervisor: {local,riak_repl2_rtsource_sup}. Started: id=riak_repl2_rtsource_conn_sup,pid=<0.1161.0>.
2026-09-11 22:49:50.582389+09:00 [info] <0.1156.0>@supervisor:report_progress/2:1582 Supervisor: {local,riak_repl2_rt_sup}. Started: id=riak_repl2_rtsource_sup,pid=<0.1157.0>.
2026-09-11 22:49:50.599906+09:00 [info] <0.1162.0>@supervisor:report_progress/2:1582 Supervisor: {local,riak_repl2_rtsink_sup}. Started: id=riak_repl2_rtsink_pool,pid=<0.1163.0>.
2026-09-11 22:49:50.605665+09:00 [info] <0.1162.0>@supervisor:report_progress/2:1582 Supervisor: {local,riak_repl2_rtsink_sup}. Started: id=riak_repl2_rtsink_conn_sup,pid=<0.1170.0>.
2026-09-11 22:49:50.606260+09:00 [info] <0.1156.0>@supervisor:report_progress/2:1582 Supervisor: {local,riak_repl2_rt_sup}. Started: id=riak_repl2_rtsink_sup,pid=<0.1162.0>.
2026-09-11 22:49:50.606399+09:00 [info] <0.1156.0>@supervisor:report_progress/2:1582 Supervisor: {local,riak_repl2_rt_sup}. Started: id=riak_repl2_rt,pid=<0.1171.0>.
2026-09-11 22:49:50.606528+09:00 [info] <0.935.0>@supervisor:report_progress/2:1582 Supervisor: {local,riak_repl_sup}. Started: id=riak_repl2_rt_sup,pid=<0.1156.0>.
2026-09-11 22:49:50.615046+09:00 [info] <0.935.0>@supervisor:report_progress/2:1582 Supervisor: {local,riak_repl_sup}. Started: id=riak_repl2_fscoordinator_sup,pid=<0.1172.0>.
2026-09-11 22:49:50.623036+09:00 [info] <0.935.0>@supervisor:report_progress/2:1582 Supervisor: {local,riak_repl_sup}. Started: id=riak_repl2_fscoordinator_serv_sup,pid=<0.1173.0>.
2026-09-11 22:49:50.627585+09:00 [info] <0.935.0>@supervisor:report_progress/2:1582 Supervisor: {local,riak_repl_sup}. Started: id=riak_repl2_fssource_sup,pid=<0.1174.0>.
2026-09-11 22:49:50.633868+09:00 [info] <0.935.0>@supervisor:report_progress/2:1582 Supervisor: {local,riak_repl_sup}. Started: id=riak_repl2_fssink_pool,pid=<0.1175.0>.
2026-09-11 22:49:50.640339+09:00 [info] <0.935.0>@supervisor:report_progress/2:1582 Supervisor: {local,riak_repl_sup}. Started: id=riak_repl2_fssink_sup,pid=<0.1182.0>.
2026-09-11 22:49:50.647712+09:00 [info] <0.935.0>@supervisor:report_progress/2:1582 Supervisor: {local,riak_repl_sup}. Started: id=riak_repl2_pg_proxy_sup,pid=<0.1183.0>.
2026-09-11 22:49:50.662916+09:00 [info] <0.1184.0>@supervisor:report_progress/2:1582 Supervisor: {local,riak_repl2_pg_sup}. Started: id=riak_repl2_pg_block_provider_sup,pid=<0.1185.0>.
2026-09-11 22:49:50.665301+09:00 [info] <0.1184.0>@supervisor:report_progress/2:1582 Supervisor: {local,riak_repl2_pg_sup}. Started: id=riak_repl2_pg_block_requester_sup,pid=<0.1186.0>.
2026-09-11 22:49:50.665521+09:00 [info] <0.1184.0>@supervisor:report_progress/2:1582 Supervisor: {local,riak_repl2_pg_sup}. Started: id=riak_repl2_pg,pid=<0.1187.0>.
2026-09-11 22:49:50.665647+09:00 [info] <0.935.0>@supervisor:report_progress/2:1582 Supervisor: {local,riak_repl_sup}. Started: id=riak_repl2_pg_sup,pid=<0.1184.0>.
2026-09-11 22:49:50.684174+09:00 [info] <0.250.0>@supervisor:report_progress/2:1582 Supervisor: {local,riak_core_stats_sup}. Started: id=riak_core_connection_mgr_stats,pid=<0.1188.0>.
2026-09-11 22:49:50.716180+09:00 [info] <0.250.0>@supervisor:report_progress/2:1582 Supervisor: {local,riak_core_stats_sup}. Started: id=riak_repl_stats,pid=<0.1189.0>.
2026-09-11 22:49:50.729578+09:00 [info] <0.216.0>@supervisor:report_progress/2:1582 Supervisor: {local,riak_core_eventhandler_sup}. Started: id={riak_core_ring_events,riak_repl_ring_handler},pid=<0.1190.0>.
2026-09-11 22:49:50.759643+09:00 [info] <0.44.0>@application_controller:info_started/2:2130 Application: riak_repl. Started at: 'openriak-kv@node-05.cluster-a.openriak'.
2026-09-11 22:49:50.759975+09:00 [info] <0.44.0>@application_controller:info_started/2:2130 Application: canola. Started at: 'openriak-kv@node-05.cluster-a.openriak'.
2026-09-11 22:49:50.780364+09:00 [info] <0.44.0>@application_controller:info_started/2:2130 Application: riak_auth_mods. Started at: 'openriak-kv@node-05.cluster-a.openriak'.
2026-09-11 22:49:50.780626+09:00 [info] <0.44.0>@application_controller:info_started/2:2130 Application: riak_logger. Started at: 'openriak-kv@node-05.cluster-a.openriak'.
2026-09-11 22:49:59.119242+09:00 [info] <0.1307.0>@supervisor_bridge:report_progress/4:139 Supervisor: {local,inet_gethost_native_sup}. Started: pid=<0.1308.0>,mfa={inet_gethost_native,init,[[]]}.
2026-09-11 22:49:59.119408+09:00 [info] <0.84.0>@supervisor:report_progress/2:1582 Supervisor: {local,kernel_safe_sup}. Started: id=inet_gethost_native_sup,pid=<0.1307.0>.
2026-09-11 22:49:59.236827+09:00 [info] <0.941.0>@riak_repl2_leader:become_leader/2:217 Leader2: 'openriak-kv@node-05.cluster-a.openriak' elected as replication leader
2026-09-11 22:50:04.856747+09:00 [info] <0.226.0>@riak_core_gossip:log_node_changed/3:359 'openriak-kv@node-02.cluster-a.openriak' changed from 'joining' to 'valid'
2026-09-11 22:50:04.856843+09:00 [info] <0.226.0>@riak_core_gossip:log_node_changed/3:359 'openriak-kv@node-03.cluster-a.openriak' changed from 'joining' to 'valid'
2026-09-11 22:50:04.859623+09:00 [info] <0.226.0>@riak_core_gossip:log_node_changed/3:359 'openriak-kv@node-04.cluster-a.openriak' changed from 'joining' to 'valid'
2026-09-11 22:50:04.859765+09:00 [info] <0.226.0>@riak_core_gossip:log_node_changed/3:359 'openriak-kv@node-05.cluster-a.openriak' changed from 'joining' to 'valid'
2026-09-11 22:50:06.241749+09:00 [info] <0.750.0>@leveled_monitor:handle_cast/2:778 log_ref=cdb19 db_id=2 Sample timings in microseconds for sample_count=0 with totals of cycle_count=0 index_time=0 read_time=0 with sample_period=16 seconds
2026-09-11 22:50:08.855692+09:00 [info] <0.751.0>@leveled_monitor:handle_cast/2:668 log_ref=b0018 db_id=4 Positive HEAD responses timed with sample_count=0 and cache_count=0 found_count=0 fetch_ledger_time=0 fetch_ledgercache_time=0 rsp_time=0 notfound_time=0 with sample_period=19 seconds
2026-09-11 22:50:08.888739+09:00 [info] <0.748.0>@leveled_monitor:handle_cast/2:778 log_ref=cdb19 db_id=6 Sample timings in microseconds for sample_count=0 with totals of cycle_count=0 index_time=0 read_time=0 with sample_period=19 seconds
2026-09-11 22:50:11.633711+09:00 [info] <0.381.0>@riak_kv_replrtq_src:handle_info/2:646 QueueName=q1_ttaaefs has queue sizes p1=0 p2=0 p3=0
2026-09-11 22:50:20.447747+09:00 [info] <0.749.0>@leveled_monitor:handle_cast/2:733 log_ref=p0032 db_id=1 Fetch head timing with sample_count=0 and level timings of foundmem_time=0 found0_time=0 found1_time=0 found2_time=0 found3_time=0 foundlower_time=0 missed_time=0 with counts of foundmem_count=0 found0_count=0 found1_count=0 found2_count=0 found3_count=0 foundlower_count=0 missed_count=0 with sample_period=30 seconds
2026-09-11 22:50:25.856956+09:00 [info] <0.747.0>@leveled_monitor:handle_cast/2:704 log_ref=b0017 db_id=7 Snapshot timing with sample_count=0 and bookie_time=0 pcl_time=0 with sample_period=36 seconds
2026-09-11 22:50:31.043800+09:00 [info] <0.746.0>@leveled_monitor:handle_cast/2:647 log_ref=b0016 db_id=3 Get timing with sample_count=0 and head_time=0 body_time=0 with fetch_count=0 with sample_period=41 seconds
2026-09-11 22:50:36.247502+09:00 [info] <0.750.0>@leveled_monitor:handle_cast/2:704 log_ref=b0017 db_id=2 Snapshot timing with sample_count=0 and bookie_time=0 pcl_time=0 with sample_period=46 seconds
2026-09-11 22:50:38.868891+09:00 [info] <0.751.0>@leveled_monitor:handle_cast/2:704 log_ref=b0017 db_id=4 Snapshot timing with sample_count=0 and bookie_time=0 pcl_time=0 with sample_period=49 seconds
2026-09-11 22:50:40.982834+09:00 [info] <0.745.0>@leveled_monitor:handle_cast/2:647 log_ref=b0016 db_id=0 Get timing with sample_count=0 and head_time=0 body_time=0 with fetch_count=0 with sample_period=51 seconds
2026-09-11 22:50:41.589680+09:00 [info] <0.380.0>@riak_kv_ttaaefs_manager:handle_info/2:785 Initiated Tictac AAE Full-Sync Mgr with scope=disabled
2026-09-11 22:50:41.589805+09:00 [info] <0.380.0>@riak_kv_ttaaefs_manager:handle_info/2:805 Initiating schedule at startup SlotInfo {5,5,1} Schedule [{no_check,24},{all_check,0},{day_check,0},{hour_check,0},{range_check,0},{auto_check,0}]
2026-09-11 22:50:41.590053+09:00 [info] <0.380.0>@riak_kv_ttaaefs_manager:handle_info/2:823 Scheduling work_item=no_check in 3457 seconds 23 items to run in schedule
2026-09-11 22:50:41.634665+09:00 [info] <0.381.0>@riak_kv_replrtq_src:handle_info/2:646 QueueName=q1_ttaaefs has queue sizes p1=0 p2=0 p3=0
2026-09-11 22:50:41.725712+09:00 [info] <0.384.0>@riak_kv_overflow_queue:log/5:133 riak_kv_reaper job_id=0 has attempts=0 aborts=0 Queue lengths queue_p2=0 queue_p1=0 Overflow lengths overflow_p2=0 overflow_p1=0 Discard counts discard_p2=0 discard_p1=0
2026-09-11 22:50:41.740686+09:00 [info] <0.385.0>@riak_kv_overflow_queue:log/5:133 riak_kv_eraser job_id=0 has attempts=0 aborts=0 Queue lengths queue_p2=0 queue_p1=0 Overflow lengths overflow_p2=0 overflow_p1=0 Discard counts discard_p2=0 discard_p1=0
2026-09-11 22:50:41.768737+09:00 [info] <0.386.0>@riak_kv_overflow_queue:log/5:133 riak_kv_reader job_id=0 has attempts=0 aborts=0 Queue lengths queue_p2=0 queue_p1=0 Overflow lengths overflow_p2=0 overflow_p1=0 Discard counts discard_p2=0 discard_p1=0
2026-09-11 22:50:42.338692+09:00 [info] <0.558.0>@riak_core_worker_pool:handle_info/3:257 worker_pool=af1_pool has qlen=0 and no items checked out
2026-09-11 22:50:42.339726+09:00 [info] <0.563.0>@riak_core_worker_pool:handle_info/3:257 worker_pool=af2_pool has qlen=0 and no items checked out
2026-09-11 22:50:42.339747+09:00 [info] <0.567.0>@riak_core_worker_pool:handle_info/3:257 worker_pool=af3_pool has qlen=0 and no items checked out
2026-09-11 22:50:42.345979+09:00 [info] <0.574.0>@riak_core_worker_pool:handle_info/3:257 worker_pool=af4_pool has qlen=0 and no items checked out
2026-09-11 22:50:42.346086+09:00 [info] <0.578.0>@riak_core_worker_pool:handle_info/3:257 worker_pool=be_pool has qlen=0 and no items checked out
2026-09-11 22:50:53.407682+09:00 [info] <0.924.0>@riak_core_vnode:finish_handoff/2:788 730750818665451459101842416358141509827966271488 riak_pipe_vnode vnode finished handoff and deleted in 0 milliseconds
2026-09-11 22:50:58.265719+09:00 [warning] <0.738.0>@leveled_bookie:handle_call/3:1754 log_ref=b0011 db_id=1 Call to destroy the store and so all files to be removed
2026-09-11 22:50:58.265983+09:00 [warning] <0.755.0>@leveled_inker:handle_call/3:780 log_ref=i0018 db_id=1 We're doomed - intention recorded to destroy all files
2026-09-11 22:50:58.266081+09:00 [info] <0.755.0>@leveled_inker:handle_call/3:784 log_ref=i0005 db_id=1 Inker closing journal for reason doom
2026-09-11 22:50:58.266184+09:00 [info] <0.755.0>@leveled_inker:handle_call/3:786 log_ref=i0006 db_id=1 Close triggered with journal_sqn=0 and manifest_sqn=2
2026-09-11 22:50:58.266315+09:00 [info] <0.755.0>@leveled_inker:shutdown_manifest/1:1040 log_ref=i0007 db_id=1 Inker manifest when closing is:
2026-09-11 22:50:58.267003+09:00 [warning] <0.783.0>@leveled_penciller:handle_call/3:1097 log_ref=p0030 db_id=1 We're doomed - intention recorded to destroy all files
2026-09-11 22:50:58.267098+09:00 [info] <0.788.0>@leveled_pclerk:terminate/2:178 log_ref=pc005 db_id=1 Penciller's Clerk <0.788.0> shutdown now complete for reason normal
2026-09-11 22:50:58.272624+09:00 [info] <0.738.0>@leveled_bookie:terminate/2:1827 log_ref=b0003 db_id=1 Bookie closing for reason normal
2026-09-11 22:50:58.273155+09:00 [info] <0.828.0>@aae_treecache:handle_cast/2:354 log_ref=c0004 Destroying tree cache for partition {0,3}
2026-09-11 22:50:58.273232+09:00 [info] <0.824.0>@aae_treecache:handle_cast/2:354 log_ref=c0004 Destroying tree cache for partition {1278813932664540053428224228626747642198940975104,3}
2026-09-11 22:50:58.273717+09:00 [info] <0.712.0>@riak_core_vnode:finish_handoff/2:788 182687704666362864775460604089535377456991567872 riak_kv_vnode vnode finished handoff and deleted in 12 milliseconds
2026-09-11 22:50:58.273063+09:00 [info] <0.833.0>@aae_treecache:handle_cast/2:354 log_ref=c0004 Destroying tree cache for partition {182687704666362864775460604089535377456991567872,3}
2026-09-11 22:51:01.046518+09:00 [info] <0.746.0>@leveled_monitor:handle_cast/2:704 log_ref=b0017 db_id=3 Snapshot timing with sample_count=0 and bookie_time=0 pcl_time=0 with sample_period=71 seconds
2026-09-11 22:51:08.869700+09:00 [info] <0.751.0>@leveled_monitor:handle_cast/2:647 log_ref=b0016 db_id=4 Get timing with sample_count=0 and head_time=0 body_time=0 with fetch_count=0 with sample_period=79 seconds
2026-09-11 22:51:08.891666+09:00 [info] <0.748.0>@leveled_monitor:handle_cast/2:668 log_ref=b0018 db_id=6 Positive HEAD responses timed with sample_count=0 and cache_count=0 found_count=0 fetch_ledger_time=0 fetch_ledgercache_time=0 rsp_time=0 notfound_time=0 with sample_period=79 seconds
2026-09-11 22:51:10.983919+09:00 [info] <0.745.0>@leveled_monitor:handle_cast/2:687 log_ref=b0015 db_id=0 Put timing with sample_count=0 ink_time=0 prep_time=0 mem_time=0 with total_object_size=0 with sample_period=81 seconds
2026-09-11 22:51:11.635688+09:00 [info] <0.381.0>@riak_kv_replrtq_src:handle_info/2:646 QueueName=q1_ttaaefs has queue sizes p1=0 p2=0 p3=0
2026-09-11 22:51:12.143108+09:00 [info] <0.918.0>@riak_core_vnode:finish_handoff/2:788 365375409332725729550921208179070754913983135744 riak_pipe_vnode vnode finished handoff and deleted in 0 milliseconds
2026-09-11 22:51:12.309787+09:00 [info] <0.930.0>@riak_core_vnode:finish_handoff/2:788 1096126227998177188652763624537212264741949407232 riak_pipe_vnode vnode finished handoff and deleted in 0 milliseconds
2026-09-11 22:51:13.075668+09:00 [info] <0.744.0>@leveled_monitor:handle_cast/2:647 log_ref=b0016 db_id=5 Get timing with sample_count=0 and head_time=0 body_time=0 with fetch_count=0 with sample_period=83 seconds
2026-09-11 22:51:23.120799+09:00 [info] <0.927.0>@riak_core_vnode:finish_handoff/2:788 913438523331814323877303020447676887284957839360 riak_pipe_vnode vnode finished handoff and deleted in 0 milliseconds
2026-09-11 22:51:24.198841+09:00 [warning] <0.740.0>@leveled_bookie:handle_call/3:1754 log_ref=b0011 db_id=7 Call to destroy the store and so all files to be removed
2026-09-11 22:51:24.199000+09:00 [warning] <0.757.0>@leveled_inker:handle_call/3:780 log_ref=i0018 db_id=7 We're doomed - intention recorded to destroy all files
2026-09-11 22:51:24.199089+09:00 [info] <0.757.0>@leveled_inker:handle_call/3:784 log_ref=i0005 db_id=7 Inker closing journal for reason doom
2026-09-11 22:51:24.199210+09:00 [info] <0.757.0>@leveled_inker:handle_call/3:786 log_ref=i0006 db_id=7 Close triggered with journal_sqn=0 and manifest_sqn=2
2026-09-11 22:51:24.199333+09:00 [info] <0.757.0>@leveled_inker:shutdown_manifest/1:1040 log_ref=i0007 db_id=7 Inker manifest when closing is:
2026-09-11 22:51:24.199521+09:00 [warning] <0.781.0>@leveled_penciller:handle_call/3:1097 log_ref=p0030 db_id=7 We're doomed - intention recorded to destroy all files
2026-09-11 22:51:24.199632+09:00 [info] <0.790.0>@leveled_pclerk:terminate/2:178 log_ref=pc005 db_id=7 Penciller's Clerk <0.790.0> shutdown now complete for reason normal
2026-09-11 22:51:24.202748+09:00 [info] <0.740.0>@leveled_bookie:terminate/2:1827 log_ref=b0003 db_id=7 Bookie closing for reason normal
2026-09-11 22:51:24.202910+09:00 [info] <0.834.0>@aae_treecache:handle_cast/2:354 log_ref=c0004 Destroying tree cache for partition {1278813932664540053428224228626747642198940975104,3}
2026-09-11 22:51:24.202989+09:00 [info] <0.826.0>@aae_treecache:handle_cast/2:354 log_ref=c0004 Destroying tree cache for partition {1096126227998177188652763624537212264741949407232,3}
2026-09-11 22:51:24.203061+09:00 [info] <0.818.0>@aae_treecache:handle_cast/2:354 log_ref=c0004 Destroying tree cache for partition {913438523331814323877303020447676887284957839360,3}
2026-09-11 22:51:24.203239+09:00 [info] <0.716.0>@riak_core_vnode:finish_handoff/2:788 1278813932664540053428224228626747642198940975104 riak_kv_vnode vnode finished handoff and deleted in 8 milliseconds
2026-09-11 22:51:25.722226+09:00 [warning] <0.737.0>@leveled_bookie:handle_call/3:1754 log_ref=b0011 db_id=2 Call to destroy the store and so all files to be removed
2026-09-11 22:51:25.722602+09:00 [warning] <0.758.0>@leveled_inker:handle_call/3:780 log_ref=i0018 db_id=2 We're doomed - intention recorded to destroy all files
2026-09-11 22:51:25.722685+09:00 [info] <0.758.0>@leveled_inker:handle_call/3:784 log_ref=i0005 db_id=2 Inker closing journal for reason doom
2026-09-11 22:51:25.722767+09:00 [info] <0.758.0>@leveled_inker:handle_call/3:786 log_ref=i0006 db_id=2 Close triggered with journal_sqn=0 and manifest_sqn=2
2026-09-11 22:51:25.722879+09:00 [info] <0.758.0>@leveled_inker:shutdown_manifest/1:1040 log_ref=i0007 db_id=2 Inker manifest when closing is:
2026-09-11 22:51:25.726674+09:00 [warning] <0.785.0>@leveled_penciller:handle_call/3:1097 log_ref=p0030 db_id=2 We're doomed - intention recorded to destroy all files
2026-09-11 22:51:25.726821+09:00 [info] <0.786.0>@leveled_pclerk:terminate/2:178 log_ref=pc005 db_id=2 Penciller's Clerk <0.786.0> shutdown now complete for reason normal
2026-09-11 22:51:25.734725+09:00 [info] <0.737.0>@leveled_bookie:terminate/2:1827 log_ref=b0003 db_id=2 Bookie closing for reason normal
2026-09-11 22:51:25.734884+09:00 [info] <0.829.0>@aae_treecache:handle_cast/2:354 log_ref=c0004 Destroying tree cache for partition {182687704666362864775460604089535377456991567872,3}
2026-09-11 22:51:25.735038+09:00 [info] <0.819.0>@aae_treecache:handle_cast/2:354 log_ref=c0004 Destroying tree cache for partition {0,3}
2026-09-11 22:51:25.735181+09:00 [info] <0.718.0>@riak_core_vnode:finish_handoff/2:788 365375409332725729550921208179070754913983135744 riak_kv_vnode vnode finished handoff and deleted in 24 milliseconds
2026-09-11 22:51:25.734877+09:00 [info] <0.838.0>@aae_treecache:handle_cast/2:354 log_ref=c0004 Destroying tree cache for partition {365375409332725729550921208179070754913983135744,3}
2026-09-11 22:51:28.671816+09:00 [info] <0.915.0>@riak_core_vnode:finish_handoff/2:788 182687704666362864775460604089535377456991567872 riak_pipe_vnode vnode finished handoff and deleted in 0 milliseconds
2026-09-11 22:51:31.046717+09:00 [info] <0.746.0>@leveled_monitor:handle_cast/2:778 log_ref=cdb19 db_id=3 Sample timings in microseconds for sample_count=0 with totals of cycle_count=0 index_time=0 read_time=0 with sample_period=101 seconds
2026-09-11 22:51:33.558909+09:00 [warning] <0.743.0>@leveled_bookie:handle_call/3:1754 log_ref=b0011 db_id=5 Call to destroy the store and so all files to be removed
2026-09-11 22:51:33.559053+09:00 [warning] <0.754.0>@leveled_inker:handle_call/3:780 log_ref=i0018 db_id=5 We're doomed - intention recorded to destroy all files
2026-09-11 22:51:33.559136+09:00 [info] <0.754.0>@leveled_inker:handle_call/3:784 log_ref=i0005 db_id=5 Inker closing journal for reason doom
2026-09-11 22:51:33.559220+09:00 [info] <0.754.0>@leveled_inker:handle_call/3:786 log_ref=i0006 db_id=5 Close triggered with journal_sqn=0 and manifest_sqn=2
2026-09-11 22:51:33.559348+09:00 [info] <0.754.0>@leveled_inker:shutdown_manifest/1:1040 log_ref=i0007 db_id=5 Inker manifest when closing is:
2026-09-11 22:51:33.560166+09:00 [warning] <0.782.0>@leveled_penciller:handle_call/3:1097 log_ref=p0030 db_id=5 We're doomed - intention recorded to destroy all files
2026-09-11 22:51:33.560299+09:00 [info] <0.789.0>@leveled_pclerk:terminate/2:178 log_ref=pc005 db_id=5 Penciller's Clerk <0.789.0> shutdown now complete for reason normal
2026-09-11 22:51:33.564987+09:00 [info] <0.743.0>@leveled_bookie:terminate/2:1827 log_ref=b0003 db_id=5 Bookie closing for reason normal
2026-09-11 22:51:33.565174+09:00 [info] <0.839.0>@aae_treecache:handle_cast/2:354 log_ref=c0004 Destroying tree cache for partition {913438523331814323877303020447676887284957839360,3}
2026-09-11 22:51:33.565181+09:00 [info] <0.832.0>@aae_treecache:handle_cast/2:354 log_ref=c0004 Destroying tree cache for partition {730750818665451459101842416358141509827966271488,3}
2026-09-11 22:51:33.565264+09:00 [info] <0.823.0>@aae_treecache:handle_cast/2:354 log_ref=c0004 Destroying tree cache for partition {548063113999088594326381812268606132370974703616,3}
2026-09-11 22:51:33.565362+09:00 [info] <0.714.0>@riak_core_vnode:finish_handoff/2:788 913438523331814323877303020447676887284957839360 riak_kv_vnode vnode finished handoff and deleted in 10 milliseconds
2026-09-11 22:51:33.618614+09:00 [info] <0.701.0>@riak_core_vnode:finish_handoff/2:788 0 riak_pipe_vnode vnode finished handoff and deleted in 0 milliseconds
2026-09-11 22:51:34.405936+09:00 [warning] <0.736.0>@leveled_bookie:handle_call/3:1754 log_ref=b0011 db_id=4 Call to destroy the store and so all files to be removed
2026-09-11 22:51:34.406273+09:00 [warning] <0.759.0>@leveled_inker:handle_call/3:780 log_ref=i0018 db_id=4 We're doomed - intention recorded to destroy all files
2026-09-11 22:51:34.406384+09:00 [info] <0.759.0>@leveled_inker:handle_call/3:784 log_ref=i0005 db_id=4 Inker closing journal for reason doom
2026-09-11 22:51:34.406536+09:00 [info] <0.759.0>@leveled_inker:handle_call/3:786 log_ref=i0006 db_id=4 Close triggered with journal_sqn=0 and manifest_sqn=2
2026-09-11 22:51:34.406699+09:00 [info] <0.759.0>@leveled_inker:shutdown_manifest/1:1040 log_ref=i0007 db_id=4 Inker manifest when closing is:
2026-09-11 22:51:34.407511+09:00 [warning] <0.784.0>@leveled_penciller:handle_call/3:1097 log_ref=p0030 db_id=4 We're doomed - intention recorded to destroy all files
2026-09-11 22:51:34.407639+09:00 [info] <0.787.0>@leveled_pclerk:terminate/2:178 log_ref=pc005 db_id=4 Penciller's Clerk <0.787.0> shutdown now complete for reason normal
2026-09-11 22:51:34.410202+09:00 [info] <0.736.0>@leveled_bookie:terminate/2:1827 log_ref=b0003 db_id=4 Bookie closing for reason normal
2026-09-11 22:51:34.410385+09:00 [info] <0.831.0>@aae_treecache:handle_cast/2:354 log_ref=c0004 Destroying tree cache for partition {548063113999088594326381812268606132370974703616,3}
2026-09-11 22:51:34.410376+09:00 [info] <0.840.0>@aae_treecache:handle_cast/2:354 log_ref=c0004 Destroying tree cache for partition {730750818665451459101842416358141509827966271488,3}
2026-09-11 22:51:34.410485+09:00 [info] <0.825.0>@aae_treecache:handle_cast/2:354 log_ref=c0004 Destroying tree cache for partition {365375409332725729550921208179070754913983135744,3}
2026-09-11 22:51:34.410619+09:00 [info] <0.715.0>@riak_core_vnode:finish_handoff/2:788 730750818665451459101842416358141509827966271488 riak_kv_vnode vnode finished handoff and deleted in 7 milliseconds
2026-09-11 22:51:37.720408+09:00 [info] <0.933.0>@riak_core_vnode:finish_handoff/2:788 1278813932664540053428224228626747642198940975104 riak_pipe_vnode vnode finished handoff and deleted in 0 milliseconds
2026-09-11 22:51:38.758810+09:00 [info] <0.574.0>@riak_core_worker_pool:handle_info/3:257 worker_pool=af4_pool has qlen=0 and no items checked out
2026-09-11 22:51:38.892710+09:00 [info] <0.748.0>@leveled_monitor:handle_cast/2:733 log_ref=p0032 db_id=6 Fetch head timing with sample_count=0 and level timings of foundmem_time=0 found0_time=0 found1_time=0 found2_time=0 found3_time=0 foundlower_time=0 missed_time=0 with counts of foundmem_count=0 found0_count=0 found1_count=0 found2_count=0 found3_count=0 foundlower_count=0 missed_count=0 with sample_period=109 seconds
2026-09-11 22:51:39.168066+09:00 [warning] <0.739.0>@leveled_bookie:handle_call/3:1754 log_ref=b0011 db_id=6 Call to destroy the store and so all files to be removed
2026-09-11 22:51:39.169873+09:00 [warning] <0.756.0>@leveled_inker:handle_call/3:780 log_ref=i0018 db_id=6 We're doomed - intention recorded to destroy all files
2026-09-11 22:51:39.169978+09:00 [info] <0.756.0>@leveled_inker:handle_call/3:784 log_ref=i0005 db_id=6 Inker closing journal for reason doom
2026-09-11 22:51:39.170057+09:00 [info] <0.756.0>@leveled_inker:handle_call/3:786 log_ref=i0006 db_id=6 Close triggered with journal_sqn=0 and manifest_sqn=2
2026-09-11 22:51:39.170162+09:00 [info] <0.756.0>@leveled_inker:shutdown_manifest/1:1040 log_ref=i0007 db_id=6 Inker manifest when closing is:
2026-09-11 22:51:39.174060+09:00 [warning] <0.779.0>@leveled_penciller:handle_call/3:1097 log_ref=p0030 db_id=6 We're doomed - intention recorded to destroy all files
2026-09-11 22:51:39.175029+09:00 [info] <0.792.0>@leveled_pclerk:terminate/2:178 log_ref=pc005 db_id=6 Penciller's Clerk <0.792.0> shutdown now complete for reason normal
2026-09-11 22:51:39.179060+09:00 [info] <0.739.0>@leveled_bookie:terminate/2:1827 log_ref=b0003 db_id=6 Bookie closing for reason normal
2026-09-11 22:51:39.180296+09:00 [info] <0.837.0>@aae_treecache:handle_cast/2:354 log_ref=c0004 Destroying tree cache for partition {1096126227998177188652763624537212264741949407232,3}
2026-09-11 22:51:39.180679+09:00 [info] <0.830.0>@aae_treecache:handle_cast/2:354 log_ref=c0004 Destroying tree cache for partition {913438523331814323877303020447676887284957839360,3}
2026-09-11 22:51:39.181178+09:00 [info] <0.822.0>@aae_treecache:handle_cast/2:354 log_ref=c0004 Destroying tree cache for partition {730750818665451459101842416358141509827966271488,3}
2026-09-11 22:51:39.181391+09:00 [info] <0.717.0>@riak_core_vnode:finish_handoff/2:788 1096126227998177188652763624537212264741949407232 riak_kv_vnode vnode finished handoff and deleted in 21 milliseconds
2026-09-11 22:51:40.648722+09:00 [warning] <0.742.0>@leveled_bookie:handle_call/3:1754 log_ref=b0011 db_id=0 Call to destroy the store and so all files to be removed
2026-09-11 22:51:40.648861+09:00 [warning] <0.753.0>@leveled_inker:handle_call/3:780 log_ref=i0018 db_id=0 We're doomed - intention recorded to destroy all files
2026-09-11 22:51:40.648944+09:00 [info] <0.753.0>@leveled_inker:handle_call/3:784 log_ref=i0005 db_id=0 Inker closing journal for reason doom
2026-09-11 22:51:40.649042+09:00 [info] <0.753.0>@leveled_inker:handle_call/3:786 log_ref=i0006 db_id=0 Close triggered with journal_sqn=0 and manifest_sqn=2
2026-09-11 22:51:40.649149+09:00 [info] <0.753.0>@leveled_inker:shutdown_manifest/1:1040 log_ref=i0007 db_id=0 Inker manifest when closing is:
2026-09-11 22:51:40.649298+09:00 [warning] <0.780.0>@leveled_penciller:handle_call/3:1097 log_ref=p0030 db_id=0 We're doomed - intention recorded to destroy all files
2026-09-11 22:51:40.649371+09:00 [info] <0.791.0>@leveled_pclerk:terminate/2:178 log_ref=pc005 db_id=0 Penciller's Clerk <0.791.0> shutdown now complete for reason normal
2026-09-11 22:51:40.651655+09:00 [info] <0.742.0>@leveled_bookie:terminate/2:1827 log_ref=b0003 db_id=0 Bookie closing for reason normal
2026-09-11 22:51:40.654081+09:00 [info] <0.841.0>@aae_treecache:handle_cast/2:354 log_ref=c0004 Destroying tree cache for partition {0,3}
2026-09-11 22:51:40.654182+09:00 [info] <0.835.0>@aae_treecache:handle_cast/2:354 log_ref=c0004 Destroying tree cache for partition {1278813932664540053428224228626747642198940975104,3}
2026-09-11 22:51:40.654498+09:00 [info] <0.820.0>@aae_treecache:handle_cast/2:354 log_ref=c0004 Destroying tree cache for partition {1096126227998177188652763624537212264741949407232,3}
2026-09-11 22:51:40.655507+09:00 [info] <0.711.0>@riak_core_vnode:finish_handoff/2:788 0 riak_kv_vnode vnode finished handoff and deleted in 15 milliseconds
2026-09-11 22:51:40.706837+09:00 [info] <0.558.0>@riak_core_worker_pool:handle_info/3:257 worker_pool=af1_pool has qlen=0 and no items checked out
2026-09-11 22:51:41.637769+09:00 [info] <0.381.0>@riak_kv_replrtq_src:handle_info/2:646 QueueName=q1_ttaaefs has queue sizes p1=0 p2=0 p3=0
2026-09-11 22:51:41.694684+09:00 [info] <0.578.0>@riak_core_worker_pool:handle_info/3:257 worker_pool=be_pool has qlen=0 and no items checked out
2026-09-11 22:51:41.726681+09:00 [info] <0.384.0>@riak_kv_overflow_queue:log/5:133 riak_kv_reaper job_id=0 has attempts=0 aborts=0 Queue lengths queue_p2=0 queue_p1=0 Overflow lengths overflow_p2=0 overflow_p1=0 Discard counts discard_p2=0 discard_p1=0
2026-09-11 22:51:41.730689+09:00 [info] <0.567.0>@riak_core_worker_pool:handle_info/3:257 worker_pool=af3_pool has qlen=0 and no items checked out
2026-09-11 22:51:41.744077+09:00 [info] <0.385.0>@riak_kv_overflow_queue:log/5:133 riak_kv_eraser job_id=0 has attempts=0 aborts=0 Queue lengths queue_p2=0 queue_p1=0 Overflow lengths overflow_p2=0 overflow_p1=0 Discard counts discard_p2=0 discard_p1=0
2026-09-11 22:51:41.771198+09:00 [info] <0.386.0>@riak_kv_overflow_queue:log/5:133 riak_kv_reader job_id=0 has attempts=0 aborts=0 Queue lengths queue_p2=0 queue_p1=0 Overflow lengths overflow_p2=0 overflow_p1=0 Discard counts discard_p2=0 discard_p1=0
2026-09-11 22:51:42.061890+09:00 [info] <0.563.0>@riak_core_worker_pool:handle_info/3:257 worker_pool=af2_pool has qlen=0 and no items checked out
2026-09-11 22:52:01.048546+09:00 [info] <0.746.0>@leveled_monitor:handle_cast/2:668 log_ref=b0018 db_id=3 Positive HEAD responses timed with sample_count=0 and cache_count=0 found_count=0 fetch_ledger_time=0 fetch_ledgercache_time=0 rsp_time=0 notfound_time=0 with sample_period=131 seconds
2026-09-11 22:52:11.638635+09:00 [info] <0.381.0>@riak_kv_replrtq_src:handle_info/2:646 QueueName=q1_ttaaefs has queue sizes p1=0 p2=0 p3=0
2026-09-11 22:52:35.918701+09:00 [info] <0.578.0>@riak_core_worker_pool:handle_info/3:257 worker_pool=be_pool has qlen=0 and no items checked out
2026-09-11 22:52:35.999952+09:00 [info] <0.558.0>@riak_core_worker_pool:handle_info/3:257 worker_pool=af1_pool has qlen=0 and no items checked out
2026-09-11 22:52:36.364697+09:00 [info] <0.574.0>@riak_core_worker_pool:handle_info/3:257 worker_pool=af4_pool has qlen=0 and no items checked out
2026-09-11 22:52:39.404693+09:00 [info] <0.563.0>@riak_core_worker_pool:handle_info/3:257 worker_pool=af2_pool has qlen=0 and no items checked out
2026-09-11 22:52:39.508726+09:00 [info] <0.567.0>@riak_core_worker_pool:handle_info/3:257 worker_pool=af3_pool has qlen=0 and no items checked out
2026-09-11 22:52:41.639694+09:00 [info] <0.381.0>@riak_kv_replrtq_src:handle_info/2:646 QueueName=q1_ttaaefs has queue sizes p1=0 p2=0 p3=0
2026-09-11 22:52:41.727740+09:00 [info] <0.384.0>@riak_kv_overflow_queue:log/5:133 riak_kv_reaper job_id=0 has attempts=0 aborts=0 Queue lengths queue_p2=0 queue_p1=0 Overflow lengths overflow_p2=0 overflow_p1=0 Discard counts discard_p2=0 discard_p1=0
2026-09-11 22:52:41.744724+09:00 [info] <0.385.0>@riak_kv_overflow_queue:log/5:133 riak_kv_eraser job_id=0 has attempts=0 aborts=0 Queue lengths queue_p2=0 queue_p1=0 Overflow lengths overflow_p2=0 overflow_p1=0 Discard counts discard_p2=0 discard_p1=0
2026-09-11 22:52:41.772170+09:00 [info] <0.386.0>@riak_kv_overflow_queue:log/5:133 riak_kv_reader job_id=0 has attempts=0 aborts=0 Queue lengths queue_p2=0 queue_p1=0 Overflow lengths overflow_p2=0 overflow_p1=0 Discard counts discard_p2=0 discard_p1=0
2026-09-11 22:53:01.053719+09:00 [info] <0.746.0>@leveled_monitor:handle_cast/2:733 log_ref=p0032 db_id=3 Fetch head timing with sample_count=0 and level timings of foundmem_time=0 found0_time=0 found1_time=0 found2_time=0 found3_time=0 foundlower_time=0 missed_time=0 with counts of foundmem_count=0 found0_count=0 found1_count=0 found2_count=0 found3_count=0 foundlower_count=0 missed_count=0 with sample_period=191 seconds
2026-09-11 22:53:11.640685+09:00 [info] <0.381.0>@riak_kv_replrtq_src:handle_info/2:646 QueueName=q1_ttaaefs has queue sizes p1=0 p2=0 p3=0
2026-09-11 22:53:18.223267+09:00 [info] <0.611.0>@riak_repl_app:prep_stop/1:336 Redirecting realtime replication traffic
2026-09-11 22:53:18.233363+09:00 [info] <0.84.0>@supervisor:report_progress/2:1582 Supervisor: {local,kernel_safe_sup}. Started: id=riak_repl2_rtq_proxy,pid=<0.6238.0>.
2026-09-11 22:53:18.233533+09:00 [info] <0.611.0>@riak_repl_app:prep_stop/1:339 Stopping application riak_repl - marked service down.
2026-09-11 22:53:18.241224+09:00 [info] <0.6241.0>@riak_repl_migration:init/1:33 Riak replication migration server started
2026-09-11 22:53:18.241351+09:00 [info] <0.611.0>@riak_repl_app:prep_stop/1:343 Started migration server
2026-09-11 22:53:18.241426+09:00 [info] <0.6241.0>@riak_repl_migration:handle_call/3:37 Realtime Repl queue migration sleeping
2026-09-11 22:53:18.341694+09:00 [info] <0.6241.0>@riak_repl_migration:handle_info/2:50 Queue empty, no replication queue migration required
2026-09-11 22:53:19.012189+09:00 [info] <0.1313.0>@riak_repl_leader_helper:handle_DOWN/3:110 Replication candidate node 'openriak-kv@node-04.cluster-a.openriak' down
2026-09-11 22:53:19.030110+09:00 [info] <0.1313.0>@riak_repl_leader_helper:handle_DOWN/3:110 Replication candidate node 'openriak-kv@node-01.cluster-a.openriak' down
2026-09-11 22:53:19.260699+09:00 [info] <0.1313.0>@riak_repl_leader_helper:handle_DOWN/3:110 Replication candidate node 'openriak-kv@node-02.cluster-a.openriak' down
2026-09-11 22:53:19.344810+09:00 [info] <0.611.0>@riak_repl_app:stop/1:139 Stopped application riak_repl
2026-09-11 22:53:19.352571+09:00 [info] <0.353.0>@riak_kv_app:prep_stop/1:275 Stopping application riak_kv - marked service down.
2026-09-11 22:53:19.353706+09:00 [info] <0.353.0>@riak_kv_app:prep_stop/1:279 Unregistered pb services
2026-09-11 22:53:19.356554+09:00 [info] <0.353.0>@riak_kv_app:prep_stop/1:284 unregistered webmachine routes
2026-09-11 22:53:19.356726+09:00 [info] <0.353.0>@riak_kv_app:prep_stop/1:286 all active put FSMs completed
2026-09-11 22:53:19.357250+09:00 [info] <0.353.0>@riak_kv_app:stop/1:297 Stopped  application riak_kv.
2026-09-11 22:53:19.367572+09:00 [info] <0.752.0>@leveled_inker:handle_call/3:784 log_ref=i0005 db_id=3 Inker closing journal for reason close
2026-09-11 22:53:19.367707+09:00 [info] <0.752.0>@leveled_inker:handle_call/3:786 log_ref=i0006 db_id=3 Close triggered with journal_sqn=0 and manifest_sqn=2
2026-09-11 22:53:19.367874+09:00 [info] <0.752.0>@leveled_inker:shutdown_manifest/1:1040 log_ref=i0007 db_id=3 Inker manifest when closing is:
2026-09-11 22:53:19.368075+09:00 [info] <0.793.0>@leveled_pclerk:terminate/2:178 log_ref=pc005 db_id=3 Penciller's Clerk <0.793.0> shutdown now complete for reason normal
2026-09-11 22:53:19.368218+09:00 [info] <0.778.0>@leveled_penciller:handle_call/3:1072 log_ref=p0008 db_id=3 Penciller closing for reason close
2026-09-11 22:53:19.368287+09:00 [info] <0.778.0>@leveled_penciller:handle_call/3:1088 log_ref=p0010 db_id=3 level zero discarded_count=0 on close of Penciller
2026-09-11 22:53:19.368396+09:00 [info] <0.741.0>@leveled_bookie:terminate/2:1827 log_ref=b0003 db_id=3 Bookie closing for reason normal
2026-09-11 22:53:19.424195+09:00 [info] <0.836.0>@aae_treecache:save_to_disk/3:403 log_ref=c0003 Saving tree cache to path /var/lib/riak/tictac_aae/548063113999088594326381812268606132370974703616/aaetree/548063113999088594326381812268606132370974703616_3/ and filename 1.pnd
2026-09-11 22:53:19.452328+09:00 [info] <0.6238.0>@riak_repl2_rtq_proxy:handle_info/2:94 rtq proxy target 'openriak-kv@node-03.cluster-a.openriak' is down
2026-09-11 22:53:19.480188+09:00 [info] <0.827.0>@aae_treecache:save_to_disk/3:403 log_ref=c0003 Saving tree cache to path /var/lib/riak/tictac_aae/548063113999088594326381812268606132370974703616/aaetree/365375409332725729550921208179070754913983135744_3/ and filename 1.pnd
2026-09-11 22:53:19.549906+09:00 [info] <0.821.0>@aae_treecache:save_to_disk/3:403 log_ref=c0003 Saving tree cache to path /var/lib/riak/tictac_aae/548063113999088594326381812268606132370974703616/aaetree/182687704666362864775460604089535377456991567872_3/ and filename 1.pnd
2026-09-11 22:53:19.552311+09:00 [info] <0.211.0>@riak_core_app:stop/1:118 Stopped  application riak_core.
