2026-09-11 20:54:33.900014+09:00 [info] <0.44.0>@application_controller:info_started/2:2130 Application: kernel. Started at: 'openriak-kv@node-02.cluster-a.openriak'.
2026-09-11 20:54:33.907069+09:00 [info] <0.44.0>@application_controller:info_started/2:2130 Application: stdlib. Started at: 'openriak-kv@node-02.cluster-a.openriak'.
2026-09-11 20:54:33.907298+09:00 [info] <0.44.0>@application_controller:info_started/2:2130 Application: asn1. Started at: 'openriak-kv@node-02.cluster-a.openriak'.
2026-09-11 20:54:33.907526+09:00 [info] <0.44.0>@application_controller:info_started/2:2130 Application: crypto. Started at: 'openriak-kv@node-02.cluster-a.openriak'.
2026-09-11 20:54:33.907694+09:00 [info] <0.44.0>@application_controller:info_started/2:2130 Application: public_key. Started at: 'openriak-kv@node-02.cluster-a.openriak'.
2026-09-11 20:54:33.912116+09:00 [info] <0.77.0>@supervisor:report_progress/2:1582 Supervisor: {local,logger_sup}. Started: id=ssl_handler,pid=<0.96.0>.
2026-09-11 20:54:33.917104+09:00 [info] <0.99.0>@supervisor:report_progress/2:1582 Supervisor: {local,ssl_admin_sup}. Started: id=ssl_pem_cache,pid=<0.100.0>.
2026-09-11 20:54:33.922797+09:00 [info] <0.99.0>@supervisor:report_progress/2:1582 Supervisor: {local,ssl_admin_sup}. Started: id=ssl_manager,pid=<0.101.0>.
2026-09-11 20:54:33.925036+09:00 [info] <0.99.0>@supervisor:report_progress/2:1582 Supervisor: {local,ssl_admin_sup}. Started: id=tls_client_ticket_store,pid=<0.102.0>.
2026-09-11 20:54:33.925259+09:00 [info] <0.98.0>@supervisor:report_progress/2:1582 Supervisor: {local,ssl_sup}. Started: id=ssl_admin_sup,pid=<0.99.0>.
2026-09-11 20:54:33.934029+09:00 [info] <0.104.0>@supervisor:report_progress/2:1582 Supervisor: {local,tls_sup}. Started: id=tls_connection_sup,pid=<0.105.0>.
2026-09-11 20:54:33.944663+09:00 [info] <0.107.0>@supervisor:report_progress/2:1582 Supervisor: {local,tls_server_sup}. Started: id=ssl_listen_tracker_sup,pid=<0.108.0>.
2026-09-11 20:54:33.945723+09:00 [info] <0.107.0>@supervisor:report_progress/2:1582 Supervisor: {local,tls_server_sup}. Started: id=tls_server_session_ticket,pid=<0.109.0>.
2026-09-11 20:54:33.947048+09:00 [info] <0.107.0>@supervisor:report_progress/2:1582 Supervisor: {local,tls_server_sup}. Started: id=ssl_server_session_cache_sup,pid=<0.110.0>.
2026-09-11 20:54:33.948100+09:00 [info] <0.107.0>@supervisor:report_progress/2:1582 Supervisor: {local,tls_server_sup}. Started: id=ssl_upgrade_server_session_cache_sup,pid=<0.111.0>.
2026-09-11 20:54:33.948242+09:00 [info] <0.104.0>@supervisor:report_progress/2:1582 Supervisor: {local,tls_sup}. Started: id=tls_server_sup,pid=<0.107.0>.
2026-09-11 20:54:33.948325+09:00 [info] <0.103.0>@supervisor:report_progress/2:1582 Supervisor: {local,ssl_connection_sup}. Started: id=tls_sup,pid=<0.104.0>.
2026-09-11 20:54:33.950390+09:00 [info] <0.112.0>@supervisor:report_progress/2:1582 Supervisor: {local,dtls_sup}. Started: id=dtls_connection_sup,pid=<0.113.0>.
2026-09-11 20:54:33.954203+09:00 [info] <0.114.0>@supervisor:report_progress/2:1582 Supervisor: {local,dtls_server_sup}. Started: id=dtls_listener_sup,pid=<0.115.0>.
2026-09-11 20:54:33.960048+09:00 [info] <0.114.0>@supervisor:report_progress/2:1582 Supervisor: {local,dtls_server_sup}. Started: id=dtls_server_session_cache_sup,pid=<0.116.0>.
2026-09-11 20:54:33.960293+09:00 [info] <0.112.0>@supervisor:report_progress/2:1582 Supervisor: {local,dtls_sup}. Started: id=dtls_server_sup,pid=<0.114.0>.
2026-09-11 20:54:33.960445+09:00 [info] <0.103.0>@supervisor:report_progress/2:1582 Supervisor: {local,ssl_connection_sup}. Started: id=dtls_sup,pid=<0.112.0>.
2026-09-11 20:54:33.960663+09:00 [info] <0.98.0>@supervisor:report_progress/2:1582 Supervisor: {local,ssl_sup}. Started: id=ssl_connection_sup,pid=<0.103.0>.
2026-09-11 20:54:33.960832+09:00 [info] <0.44.0>@application_controller:info_started/2:2130 Application: ssl. Started at: 'openriak-kv@node-02.cluster-a.openriak'.
2026-09-11 20:54:33.961112+09:00 [info] <0.44.0>@application_controller:info_started/2:2130 Application: hut. Started at: 'openriak-kv@node-02.cluster-a.openriak'.
2026-09-11 20:54:33.966059+09:00 [info] <0.121.0>@supervisor:report_progress/2:1582 Supervisor: {local,setup_sup}. Started: id=setup_srv,pid=<0.122.0>.
2026-09-11 20:54:33.975625+09:00 [notice] <0.122.0>@: Setup running ...
2026-09-11 20:54:33.995964+09:00 [notice] <0.122.0>@: Directories verified. Res = ok
2026-09-11 20:54:34.000611+09:00 [notice] <0.122.0>@: Setup finished processing hooks (Mode=normal)...
2026-09-11 20:54:34.000826+09:00 [info] <0.44.0>@application_controller:info_started/2:2130 Application: setup. Started at: 'openriak-kv@node-02.cluster-a.openriak'.
2026-09-11 20:54:34.001126+09:00 [info] <0.44.0>@application_controller:info_started/2:2130 Application: syntax_tools. Started at: 'openriak-kv@node-02.cluster-a.openriak'.
2026-09-11 20:54:34.001433+09:00 [info] <0.44.0>@application_controller:info_started/2:2130 Application: compiler. Started at: 'openriak-kv@node-02.cluster-a.openriak'.
2026-09-11 20:54:34.001564+09:00 [info] <0.44.0>@application_controller:info_started/2:2130 Application: parse_trans. Started at: 'openriak-kv@node-02.cluster-a.openriak'.
2026-09-11 20:54:34.011751+09:00 [info] <0.129.0>@supervisor:report_progress/2:1582 Supervisor: {local,exometer_core_sup}. Started: id=exometer_admin,pid=<0.130.0>.
2026-09-11 20:54:34.013519+09:00 [info] <0.129.0>@supervisor:report_progress/2:1582 Supervisor: {local,exometer_core_sup}. Started: id=exometer_cache,pid=<0.131.0>.
2026-09-11 20:54:34.020361+09:00 [info] <0.129.0>@supervisor:report_progress/2:1582 Supervisor: {local,exometer_core_sup}. Started: id=exometer_report,pid=<0.132.0>.
2026-09-11 20:54:34.022112+09:00 [info] <0.129.0>@supervisor:report_progress/2:1582 Supervisor: {local,exometer_core_sup}. Started: id=exometer_report_logger_sup,pid=<0.133.0>.
2026-09-11 20:54:34.025800+09:00 [info] <0.129.0>@supervisor:report_progress/2:1582 Supervisor: {local,exometer_core_sup}. Started: id=exometer_alias,pid=<0.134.0>.
2026-09-11 20:54:34.026385+09:00 [info] <0.132.0>@exometer_report:do_start_reporters/1:695 Starting reporters with []
2026-09-11 20:54:34.026906+09:00 [info] <0.44.0>@application_controller:info_started/2:2130 Application: exometer_core. Started at: 'openriak-kv@node-02.cluster-a.openriak'.
2026-09-11 20:54:34.035672+09:00 [info] <0.139.0>@supervisor:report_progress/2:1582 Supervisor: {local,sasl_safe_sup}. Started: id=alarm_handler,pid=<0.140.0>.
2026-09-11 20:54:34.035853+09:00 [info] <0.138.0>@supervisor:report_progress/2:1582 Supervisor: {local,sasl_sup}. Started: id=sasl_safe_sup,pid=<0.139.0>.
2026-09-11 20:54:34.052908+09:00 [info] <0.138.0>@supervisor:report_progress/2:1582 Supervisor: {local,sasl_sup}. Started: id=release_handler,pid=<0.141.0>.
2026-09-11 20:54:34.053135+09:00 [info] <0.44.0>@application_controller:info_started/2:2130 Application: sasl. Started at: 'openriak-kv@node-02.cluster-a.openriak'.
2026-09-11 20:54:34.065821+09:00 [info] <0.49.0>@supervisor:report_progress/2:1582 Supervisor: {local,kernel_sup}. Started: id=timer_server,pid=<0.148.0>.
2026-09-11 20:54:34.066270+09:00 [info] <0.146.0>@supervisor:report_progress/2:1582 Supervisor: {local,riak_sysmon_sup}. Started: id=riak_sysmon_filter,pid=<0.147.0>.
2026-09-11 20:54:34.066476+09:00 [info] <0.146.0>@supervisor:report_progress/2:1582 Supervisor: {local,riak_sysmon_sup}. Started: id=riak_sysmon_mgr,pid=<0.150.0>.
2026-09-11 20:54:34.066656+09:00 [info] <0.44.0>@application_controller:info_started/2:2130 Application: riak_sysmon. Started at: 'openriak-kv@node-02.cluster-a.openriak'.
2026-09-11 20:54:34.077036+09:00 [info] <0.154.0>@supervisor:report_progress/2:1582 Supervisor: {local,os_mon_sup}. Started: id=disksup,pid=<0.155.0>.
2026-09-11 20:54:34.079656+09:00 [info] <0.154.0>@supervisor:report_progress/2:1582 Supervisor: {local,os_mon_sup}. Started: id=memsup,pid=<0.156.0>.
2026-09-11 20:54:34.087986+09:00 [notice] <0.140.0>@: alarm_handler: {set,{system_memory_high_watermark,[]}}
2026-09-11 20:54:34.089844+09:00 [info] <0.154.0>@supervisor:report_progress/2:1582 Supervisor: {local,os_mon_sup}. Started: id=cpu_sup,pid=<0.158.0>.
2026-09-11 20:54:34.090282+09:00 [info] <0.44.0>@application_controller:info_started/2:2130 Application: os_mon. Started at: 'openriak-kv@node-02.cluster-a.openriak'.
2026-09-11 20:54:34.090998+09:00 [info] <0.44.0>@application_controller:info_started/2:2130 Application: observer. Started at: 'openriak-kv@node-02.cluster-a.openriak'.
2026-09-11 20:54:34.109369+09:00 [info] <0.165.0>@supervisor:report_progress/2:1582 Supervisor: {local,runtime_tools_sup}. Started: id=ttb_autostart,pid=<0.166.0>.
2026-09-11 20:54:34.112917+09:00 [info] <0.44.0>@application_controller:info_started/2:2130 Application: runtime_tools. Started at: 'openriak-kv@node-02.cluster-a.openriak'.
2026-09-11 20:54:34.114700+09:00 [info] <0.44.0>@application_controller:info_started/2:2130 Application: xmerl. Started at: 'openriak-kv@node-02.cluster-a.openriak'.
2026-09-11 20:54:34.165756+09:00 [info] <0.173.0>@supervisor:report_progress/2:1582 Supervisor: {local,httpc_profile_sup}. Started: id=httpc_manager,pid=<0.174.0>.
2026-09-11 20:54:34.166032+09:00 [info] <0.172.0>@supervisor:report_progress/2:1582 Supervisor: {local,httpc_sup}. Started: id=httpc_profile_sup,pid=<0.173.0>.
2026-09-11 20:54:34.170693+09:00 [info] <0.172.0>@supervisor:report_progress/2:1582 Supervisor: {local,httpc_sup}. Started: id=httpc_handler_sup,pid=<0.175.0>.
2026-09-11 20:54:34.170986+09:00 [info] <0.171.0>@supervisor:report_progress/2:1582 Supervisor: {local,inets_sup}. Started: id=httpc_sup,pid=<0.172.0>.
2026-09-11 20:54:34.177870+09:00 [info] <0.171.0>@supervisor:report_progress/2:1582 Supervisor: {local,inets_sup}. Started: id=httpd_sup,pid=<0.176.0>.
2026-09-11 20:54:34.178191+09:00 [info] <0.44.0>@application_controller:info_started/2:2130 Application: inets. Started at: 'openriak-kv@node-02.cluster-a.openriak'.
2026-09-11 20:54:34.178576+09:00 [info] <0.44.0>@application_controller:info_started/2:2130 Application: mochiweb. Started at: 'openriak-kv@node-02.cluster-a.openriak'.
2026-09-11 20:54:34.200465+09:00 [info] <0.181.0>@supervisor:report_progress/2:1582 Supervisor: {local,webmachine_sup}. Started: id=webmachine_logger,pid=<0.182.0>.
2026-09-11 20:54:34.206482+09:00 [info] <0.181.0>@supervisor:report_progress/2:1582 Supervisor: {local,webmachine_sup}. Started: id=webmachine_logger_watcher_sup,pid=<0.183.0>.
2026-09-11 20:54:34.221058+09:00 [info] <0.181.0>@supervisor:report_progress/2:1582 Supervisor: {local,webmachine_sup}. Started: id=webmachine_router,pid=<0.184.0>.
2026-09-11 20:54:34.221539+09:00 [info] <0.44.0>@application_controller:info_started/2:2130 Application: webmachine. Started at: 'openriak-kv@node-02.cluster-a.openriak'.
2026-09-11 20:54:34.222273+09:00 [info] <0.44.0>@application_controller:info_started/2:2130 Application: basho_stats. Started at: 'openriak-kv@node-02.cluster-a.openriak'.
2026-09-11 20:54:34.308294+09:00 [info] <0.189.0>@supervisor:report_progress/2:1582 Supervisor: {local,bitcask_sup}. Started: id=bitcask_merge_worker,pid=<0.190.0>.
2026-09-11 20:54:34.310678+09:00 [info] <0.189.0>@supervisor:report_progress/2:1582 Supervisor: {local,bitcask_sup}. Started: id=bitcask_merge_delete,pid=<0.191.0>.
2026-09-11 20:54:34.310905+09:00 [info] <0.44.0>@application_controller:info_started/2:2130 Application: bitcask. Started at: 'openriak-kv@node-02.cluster-a.openriak'.
2026-09-11 20:54:34.311285+09:00 [info] <0.44.0>@application_controller:info_started/2:2130 Application: getopt. Started at: 'openriak-kv@node-02.cluster-a.openriak'.
2026-09-11 20:54:34.311514+09:00 [info] <0.44.0>@application_controller:info_started/2:2130 Application: cuttlefish. Started at: 'openriak-kv@node-02.cluster-a.openriak'.
2026-09-11 20:54:34.332704+09:00 [info] <0.197.0>@supervisor:report_progress/2:1582 Supervisor: {local,clique_sup}. Started: id=clique_manager,pid=<0.198.0>.
2026-09-11 20:54:34.333033+09:00 [info] <0.44.0>@application_controller:info_started/2:2130 Application: clique. Started at: 'openriak-kv@node-02.cluster-a.openriak'.
2026-09-11 20:54:34.333331+09:00 [info] <0.44.0>@application_controller:info_started/2:2130 Application: eleveldb. Started at: 'openriak-kv@node-02.cluster-a.openriak'.
2026-09-11 20:54:34.333725+09:00 [info] <0.44.0>@application_controller:info_started/2:2130 Application: pbkdf2. Started at: 'openriak-kv@node-02.cluster-a.openriak'.
2026-09-11 20:54:34.333962+09:00 [info] <0.44.0>@application_controller:info_started/2:2130 Application: poolboy. Started at: 'openriak-kv@node-02.cluster-a.openriak'.
2026-09-11 20:54:34.352177+09:00 [info] <0.44.0>@application_controller:info_started/2:2130 Application: cluster_info. Started at: 'openriak-kv@node-02.cluster-a.openriak'.
2026-09-11 20:54:34.425606+09:00 [info] <0.209.0>@supervisor:report_progress/2:1582 Supervisor: {local,riak_core_sup}. Started: id=riak_core_bg_manager,pid=<0.210.0>.
2026-09-11 20:54:34.431373+09:00 [info] <0.209.0>@supervisor:report_progress/2:1582 Supervisor: {local,riak_core_sup}. Started: id=riak_core_sysmon_minder,pid=<0.211.0>.
2026-09-11 20:54:34.432792+09:00 [info] <0.209.0>@supervisor:report_progress/2:1582 Supervisor: {local,riak_core_sup}. Started: id=riak_core_vnode_sup,pid=<0.212.0>.
2026-09-11 20:54:34.434458+09:00 [info] <0.209.0>@supervisor:report_progress/2:1582 Supervisor: {local,riak_core_sup}. Started: id=riak_core_eventhandler_sup,pid=<0.213.0>.
2026-09-11 20:54:34.437916+09:00 [info] <0.209.0>@supervisor:report_progress/2:1582 Supervisor: {local,riak_core_sup}. Started: id=riak_core_dist_mon,pid=<0.214.0>.
2026-09-11 20:54:34.444703+09:00 [info] <0.215.0>@supervisor:report_progress/2:1582 Supervisor: {local,riak_core_handoff_sup}. Started: id=riak_core_handoff_receiver_sup,pid=<0.216.0>.
2026-09-11 20:54:34.454824+09:00 [info] <0.215.0>@supervisor:report_progress/2:1582 Supervisor: {local,riak_core_handoff_sup}. Started: id=riak_core_handoff_sender_sup,pid=<0.217.0>.
2026-09-11 20:54:34.483548+09:00 [info] <0.218.0>@supervisor:report_progress/2:1582 Supervisor: {local,riak_core_handoff_listener_sup}. Started: id=riak_core_handoff_listener,pid=<0.219.0>.
2026-09-11 20:54:34.483842+09:00 [info] <0.215.0>@supervisor:report_progress/2:1582 Supervisor: {local,riak_core_handoff_sup}. Started: id=riak_core_handoff_listener_sup,pid=<0.218.0>.
2026-09-11 20:54:34.492481+09:00 [info] <0.215.0>@supervisor:report_progress/2:1582 Supervisor: {local,riak_core_handoff_sup}. Started: id=riak_core_handoff_manager,pid=<0.221.0>.
2026-09-11 20:54:34.492764+09:00 [info] <0.209.0>@supervisor:report_progress/2:1582 Supervisor: {local,riak_core_sup}. Started: id=riak_core_handoff_sup,pid=<0.215.0>.
2026-09-11 20:54:34.495570+09:00 [info] <0.209.0>@supervisor:report_progress/2:1582 Supervisor: {local,riak_core_sup}. Started: id=riak_core_ring_events,pid=<0.222.0>.
2026-09-11 20:54:35.024527+09:00 [warning] <0.223.0>@riak_core_ring_manager:reload_ring/1:388 No ring file available.
2026-09-11 20:54:35.063146+09:00 [info] <0.209.0>@supervisor:report_progress/2:1582 Supervisor: {local,riak_core_sup}. Started: id=riak_core_ring_manager,pid=<0.223.0>.
2026-09-11 20:54:35.082560+09:00 [info] <0.82.0>@supervisor:report_progress/2:1582 Supervisor: {local,kernel_safe_sup}. Started: id=dets_sup,pid=<0.227.0>.
2026-09-11 20:54:35.082996+09:00 [info] <0.82.0>@supervisor:report_progress/2:1582 Supervisor: {local,kernel_safe_sup}. Started: id=dets,pid=<0.228.0>.
2026-09-11 20:54:35.113609+09:00 [info] <0.209.0>@supervisor:report_progress/2:1582 Supervisor: {local,riak_core_sup}. Started: id=riak_core_metadata_manager,pid=<0.226.0>.
2026-09-11 20:54:35.201833+09:00 [info] <0.209.0>@supervisor:report_progress/2:1582 Supervisor: {local,riak_core_sup}. Started: id=riak_core_metadata_hashtree,pid=<0.231.0>.
2026-09-11 20:54:35.219883+09:00 [info] <0.209.0>@supervisor:report_progress/2:1582 Supervisor: {local,riak_core_sup}. Started: id=riak_core_broadcast,pid=<0.234.0>.
2026-09-11 20:54:35.226397+09:00 [info] <0.209.0>@supervisor:report_progress/2:1582 Supervisor: {local,riak_core_sup}. Started: id=riak_core_vnode_proxy_sup,pid=<0.235.0>.
2026-09-11 20:54:35.233153+09:00 [info] <0.209.0>@supervisor:report_progress/2:1582 Supervisor: {local,riak_core_sup}. Started: id=riak_core_node_watcher_events,pid=<0.236.0>.
2026-09-11 20:54:35.242087+09:00 [info] <0.209.0>@supervisor:report_progress/2:1582 Supervisor: {local,riak_core_sup}. Started: id=riak_core_node_watcher,pid=<0.237.0>.
2026-09-11 20:54:35.255335+09:00 [info] <0.209.0>@supervisor:report_progress/2:1582 Supervisor: {local,riak_core_sup}. Started: id=riak_core_vnode_manager,pid=<0.238.0>.
2026-09-11 20:54:35.258349+09:00 [info] <0.209.0>@supervisor:report_progress/2:1582 Supervisor: {local,riak_core_sup}. Started: id=riak_core_capability,pid=<0.239.0>.
2026-09-11 20:54:35.258534+09:00 [info] <0.209.0>@supervisor:report_progress/2:1582 Supervisor: {local,riak_core_sup}. Started: id=riak_core_gossip,pid=<0.240.0>.
2026-09-11 20:54:35.265010+09:00 [info] <0.209.0>@supervisor:report_progress/2:1582 Supervisor: {local,riak_core_sup}. Started: id=riak_core_claimant,pid=<0.241.0>.
2026-09-11 20:54:35.266535+09:00 [info] <0.209.0>@supervisor:report_progress/2:1582 Supervisor: {local,riak_core_sup}. Started: id=riak_core_table_owner,pid=<0.242.0>.
2026-09-11 20:54:35.269700+09:00 [info] <0.244.0>@supervisor:report_progress/2:1582 Supervisor: {local,riak_core_stats_sup}. Started: id=riak_core_stat_cache,pid=<0.245.0>.
2026-09-11 20:54:35.269861+09:00 [info] <0.243.0>@supervisor:report_progress/2:1582 Supervisor: {local,riak_core_stat_sup}. Started: id=riak_core_stats_sup,pid=<0.244.0>.
2026-09-11 20:54:35.269937+09:00 [info] <0.209.0>@supervisor:report_progress/2:1582 Supervisor: {local,riak_core_sup}. Started: id=riak_core_stat_sup,pid=<0.243.0>.
2026-09-11 20:54:35.271058+09:00 [info] <0.209.0>@supervisor:report_progress/2:1582 Supervisor: {local,riak_core_sup}. Started: id=riak_core_node_worker_pool_sup,pid=<0.246.0>.
2026-09-11 20:54:35.319229+09:00 [info] <0.244.0>@supervisor:report_progress/2:1582 Supervisor: {local,riak_core_stats_sup}. Started: id=riak_core_stat,pid=<0.247.0>.
2026-09-11 20:54:35.332496+09:00 [info] <0.213.0>@supervisor:report_progress/2:1582 Supervisor: {local,riak_core_eventhandler_sup}. Started: id={riak_core_ring_events,riak_core_ring_handler},pid=<0.270.0>.
2026-09-11 20:54:35.332814+09:00 [info] <0.239.0>@riak_core_capability:process_capability_changes/2:557 New capability: {riak_core,vnode_routing} = proxy
2026-09-11 20:54:35.346505+09:00 [info] <0.239.0>@riak_core_capability:process_capability_changes/2:557 New capability: {riak_core,staged_joins} = true
2026-09-11 20:54:35.355366+09:00 [info] <0.239.0>@riak_core_capability:process_capability_changes/2:557 New capability: {riak_core,resizable_ring} = true
2026-09-11 20:54:35.364005+09:00 [info] <0.239.0>@riak_core_capability:process_capability_changes/2:557 New capability: {riak_core,fold_req_version} = v2
2026-09-11 20:54:35.378518+09:00 [info] <0.239.0>@riak_core_capability:process_capability_changes/2:557 New capability: {riak_core,security} = true
2026-09-11 20:54:35.387948+09:00 [info] <0.239.0>@riak_core_capability:process_capability_changes/2:557 New capability: {riak_core,bucket_types} = true
2026-09-11 20:54:35.402214+09:00 [info] <0.239.0>@riak_core_capability:process_capability_changes/2:557 New capability: {riak_core,net_ticktime} = true
2026-09-11 20:54:35.745021+09:00 [info] <0.44.0>@application_controller:info_started/2:2130 Application: riak_core. Started at: 'openriak-kv@node-02.cluster-a.openriak'.
2026-09-11 20:54:35.753846+09:00 [info] <0.239.0>@riak_core_capability:process_capability_changes/2:557 New capability: {riak_pipe,trace_format} = ordsets
2026-09-11 20:54:35.779210+09:00 [info] <0.274.0>@supervisor:report_progress/2:1582 Supervisor: {local,riak_pipe_sup}. Started: id=riak_pipe_vnode_master,pid=<0.275.0>.
2026-09-11 20:54:35.783341+09:00 [info] <0.274.0>@supervisor:report_progress/2:1582 Supervisor: {local,riak_pipe_sup}. Started: id=riak_pipe_builder_sup,pid=<0.276.0>.
2026-09-11 20:54:35.786646+09:00 [info] <0.274.0>@supervisor:report_progress/2:1582 Supervisor: {local,riak_pipe_sup}. Started: id=riak_pipe_fitting_sup,pid=<0.277.0>.
2026-09-11 20:54:35.790775+09:00 [info] <0.274.0>@supervisor:report_progress/2:1582 Supervisor: {local,riak_pipe_sup}. Started: id=riak_pipe_qcover_sup,pid=<0.278.0>.
2026-09-11 20:54:35.793949+09:00 [info] <0.235.0>@supervisor:report_progress/2:1582 Supervisor: {local,riak_core_vnode_proxy_sup}. Started: id={riak_pipe_vnode,0},pid=<0.279.0>.
2026-09-11 20:54:35.794314+09:00 [info] <0.235.0>@supervisor:report_progress/2:1582 Supervisor: {local,riak_core_vnode_proxy_sup}. Started: id={riak_pipe_vnode,182687704666362864775460604089535377456991567872},pid=<0.280.0>.
2026-09-11 20:54:35.794561+09:00 [info] <0.235.0>@supervisor:report_progress/2:1582 Supervisor: {local,riak_core_vnode_proxy_sup}. Started: id={riak_pipe_vnode,365375409332725729550921208179070754913983135744},pid=<0.281.0>.
2026-09-11 20:54:35.794787+09:00 [info] <0.235.0>@supervisor:report_progress/2:1582 Supervisor: {local,riak_core_vnode_proxy_sup}. Started: id={riak_pipe_vnode,548063113999088594326381812268606132370974703616},pid=<0.282.0>.
2026-09-11 20:54:35.794938+09:00 [info] <0.235.0>@supervisor:report_progress/2:1582 Supervisor: {local,riak_core_vnode_proxy_sup}. Started: id={riak_pipe_vnode,730750818665451459101842416358141509827966271488},pid=<0.283.0>.
2026-09-11 20:54:35.795071+09:00 [info] <0.235.0>@supervisor:report_progress/2:1582 Supervisor: {local,riak_core_vnode_proxy_sup}. Started: id={riak_pipe_vnode,913438523331814323877303020447676887284957839360},pid=<0.284.0>.
2026-09-11 20:54:35.795229+09:00 [info] <0.235.0>@supervisor:report_progress/2:1582 Supervisor: {local,riak_core_vnode_proxy_sup}. Started: id={riak_pipe_vnode,1096126227998177188652763624537212264741949407232},pid=<0.285.0>.
2026-09-11 20:54:35.795367+09:00 [info] <0.235.0>@supervisor:report_progress/2:1582 Supervisor: {local,riak_core_vnode_proxy_sup}. Started: id={riak_pipe_vnode,1278813932664540053428224228626747642198940975104},pid=<0.286.0>.
2026-09-11 20:54:35.799554+09:00 [info] <0.244.0>@supervisor:report_progress/2:1582 Supervisor: {local,riak_core_stats_sup}. Started: id=riak_pipe_stat,pid=<0.287.0>.
2026-09-11 20:54:35.811584+09:00 [info] <0.44.0>@application_controller:info_started/2:2130 Application: riak_pipe. Started at: 'openriak-kv@node-02.cluster-a.openriak'.
2026-09-11 20:54:35.812066+09:00 [info] <0.44.0>@application_controller:info_started/2:2130 Application: tools. Started at: 'openriak-kv@node-02.cluster-a.openriak'.
2026-09-11 20:54:35.812643+09:00 [info] <0.44.0>@application_controller:info_started/2:2130 Application: riak_pb. Started at: 'openriak-kv@node-02.cluster-a.openriak'.
2026-09-11 20:54:35.830413+09:00 [info] <0.295.0>@supervisor:report_progress/2:1582 Supervisor: {local,riak_api_sup}. Started: id=riak_api_pb_registration_helper,pid=<0.296.0>.
2026-09-11 20:54:35.833821+09:00 [info] <0.295.0>@supervisor:report_progress/2:1582 Supervisor: {local,riak_api_sup}. Started: id=riak_api_pb_registrar,pid=<0.297.0>.
2026-09-11 20:54:35.835747+09:00 [info] <0.295.0>@supervisor:report_progress/2:1582 Supervisor: {local,riak_api_sup}. Started: id=riak_api_pb_sup,pid=<0.298.0>.
2026-09-11 20:54:35.836203+09:00 [info] <0.295.0>@supervisor:report_progress/2:1582 Supervisor: {local,riak_api_sup}. Started: id=[112,98,58,47,47,34,48,46,48,46,48,46,48,34,58,56,48,56,55],pid=<0.299.0>.
2026-09-11 20:54:35.853788+09:00 [info] <0.295.0>@supervisor:report_progress/2:1582 Supervisor: {local,riak_api_sup}. Started: id=[104,116,116,112,58,47,47,48,46,48,46,48,46,48,58,56,48,57,56],pid=<0.302.0>.
2026-09-11 20:54:35.855937+09:00 [info] <0.244.0>@supervisor:report_progress/2:1582 Supervisor: {local,riak_core_stats_sup}. Started: id=riak_api_stat,pid=<0.319.0>.
2026-09-11 20:54:35.874586+09:00 [info] <0.44.0>@application_controller:info_started/2:2130 Application: riak_api. Started at: 'openriak-kv@node-02.cluster-a.openriak'.
2026-09-11 20:54:35.881135+09:00 [info] <0.44.0>@application_controller:info_started/2:2130 Application: sidejob. Started at: 'openriak-kv@node-02.cluster-a.openriak'.
2026-09-11 20:54:35.881559+09:00 [info] <0.44.0>@application_controller:info_started/2:2130 Application: riak_dt. Started at: 'openriak-kv@node-02.cluster-a.openriak'.
2026-09-11 20:54:35.881757+09:00 [info] <0.44.0>@application_controller:info_started/2:2130 Application: sext. Started at: 'openriak-kv@node-02.cluster-a.openriak'.
2026-09-11 20:54:35.881963+09:00 [info] <0.44.0>@application_controller:info_started/2:2130 Application: lz4. Started at: 'openriak-kv@node-02.cluster-a.openriak'.
2026-09-11 20:54:35.882131+09:00 [info] <0.44.0>@application_controller:info_started/2:2130 Application: zstd. Started at: 'openriak-kv@node-02.cluster-a.openriak'.
2026-09-11 20:54:35.882264+09:00 [info] <0.44.0>@application_controller:info_started/2:2130 Application: leveled. Started at: 'openriak-kv@node-02.cluster-a.openriak'.
2026-09-11 20:54:35.882353+09:00 [info] <0.44.0>@application_controller:info_started/2:2130 Application: kv_index_tictactree. Started at: 'openriak-kv@node-02.cluster-a.openriak'.
2026-09-11 20:54:35.882512+09:00 [info] <0.44.0>@application_controller:info_started/2:2130 Application: hyper. Started at: 'openriak-kv@node-02.cluster-a.openriak'.
2026-09-11 20:54:35.882624+09:00 [info] <0.44.0>@application_controller:info_started/2:2130 Application: redbug. Started at: 'openriak-kv@node-02.cluster-a.openriak'.
2026-09-11 20:54:35.882760+09:00 [info] <0.44.0>@application_controller:info_started/2:2130 Application: recon. Started at: 'openriak-kv@node-02.cluster-a.openriak'.
2026-09-11 20:54:35.882857+09:00 [info] <0.44.0>@application_controller:info_started/2:2130 Application: riakc. Started at: 'openriak-kv@node-02.cluster-a.openriak'.
2026-09-11 20:54:35.893230+09:00 [info] <0.338.0>@supervisor:report_progress/2:1582 Supervisor: {local,ibrowse_sup}. Started: id=ibrowse,pid=<0.339.0>.
2026-09-11 20:54:35.893515+09:00 [info] <0.44.0>@application_controller:info_started/2:2130 Application: ibrowse. Started at: 'openriak-kv@node-02.cluster-a.openriak'.
2026-09-11 20:54:35.893863+09:00 [info] <0.44.0>@application_controller:info_started/2:2130 Application: rhc. Started at: 'openriak-kv@node-02.cluster-a.openriak'.
2026-09-11 20:54:35.916974+09:00 [info] <0.347.0>@supervisor:report_progress/2:1582 Supervisor: {local,riak_kv_put_fsm_sj_worker_sup}. Started: id=riak_kv_put_fsm_sj_1,pid=<0.348.0>.
2026-09-11 20:54:35.917336+09:00 [info] <0.347.0>@supervisor:report_progress/2:1582 Supervisor: {local,riak_kv_put_fsm_sj_worker_sup}. Started: id=riak_kv_put_fsm_sj_2,pid=<0.349.0>.
2026-09-11 20:54:35.917559+09:00 [info] <0.347.0>@supervisor:report_progress/2:1582 Supervisor: {local,riak_kv_put_fsm_sj_worker_sup}. Started: id=riak_kv_put_fsm_sj_3,pid=<0.350.0>.
2026-09-11 20:54:35.917768+09:00 [info] <0.347.0>@supervisor:report_progress/2:1582 Supervisor: {local,riak_kv_put_fsm_sj_worker_sup}. Started: id=riak_kv_put_fsm_sj_4,pid=<0.351.0>.
2026-09-11 20:54:35.917931+09:00 [info] <0.347.0>@supervisor:report_progress/2:1582 Supervisor: {local,riak_kv_put_fsm_sj_worker_sup}. Started: id=riak_kv_put_fsm_sj_5,pid=<0.352.0>.
2026-09-11 20:54:35.918092+09:00 [info] <0.347.0>@supervisor:report_progress/2:1582 Supervisor: {local,riak_kv_put_fsm_sj_worker_sup}. Started: id=riak_kv_put_fsm_sj_6,pid=<0.353.0>.
2026-09-11 20:54:35.918228+09:00 [info] <0.347.0>@supervisor:report_progress/2:1582 Supervisor: {local,riak_kv_put_fsm_sj_worker_sup}. Started: id=riak_kv_put_fsm_sj_7,pid=<0.354.0>.
2026-09-11 20:54:35.918408+09:00 [info] <0.347.0>@supervisor:report_progress/2:1582 Supervisor: {local,riak_kv_put_fsm_sj_worker_sup}. Started: id=riak_kv_put_fsm_sj_8,pid=<0.355.0>.
2026-09-11 20:54:35.918482+09:00 [info] <0.346.0>@supervisor:report_progress/2:1582 Supervisor: {local,riak_kv_put_fsm_sj}. Started: id=sidejob_worker_sup,pid=<0.347.0>.
2026-09-11 20:54:35.918564+09:00 [info] <0.346.0>@supervisor:report_progress/2:1582 Supervisor: {local,riak_kv_put_fsm_sj}. Started: id=riak_kv_put_fsm_sj_stats,pid=<0.356.0>.
2026-09-11 20:54:35.918621+09:00 [info] <0.324.0>@supervisor:report_progress/2:1582 Supervisor: {local,sidejob_sup}. Started: id=riak_kv_put_fsm_sj,pid=<0.346.0>.
2026-09-11 20:54:35.921900+09:00 [info] <0.359.0>@supervisor:report_progress/2:1582 Supervisor: {local,riak_kv_get_fsm_sj_worker_sup}. Started: id=riak_kv_get_fsm_sj_1,pid=<0.360.0>.
2026-09-11 20:54:35.922600+09:00 [info] <0.359.0>@supervisor:report_progress/2:1582 Supervisor: {local,riak_kv_get_fsm_sj_worker_sup}. Started: id=riak_kv_get_fsm_sj_2,pid=<0.361.0>.
2026-09-11 20:54:35.923143+09:00 [info] <0.359.0>@supervisor:report_progress/2:1582 Supervisor: {local,riak_kv_get_fsm_sj_worker_sup}. Started: id=riak_kv_get_fsm_sj_3,pid=<0.362.0>.
2026-09-11 20:54:35.923483+09:00 [info] <0.359.0>@supervisor:report_progress/2:1582 Supervisor: {local,riak_kv_get_fsm_sj_worker_sup}. Started: id=riak_kv_get_fsm_sj_4,pid=<0.363.0>.
2026-09-11 20:54:35.923823+09:00 [info] <0.359.0>@supervisor:report_progress/2:1582 Supervisor: {local,riak_kv_get_fsm_sj_worker_sup}. Started: id=riak_kv_get_fsm_sj_5,pid=<0.364.0>.
2026-09-11 20:54:35.924096+09:00 [info] <0.359.0>@supervisor:report_progress/2:1582 Supervisor: {local,riak_kv_get_fsm_sj_worker_sup}. Started: id=riak_kv_get_fsm_sj_6,pid=<0.365.0>.
2026-09-11 20:54:35.924345+09:00 [info] <0.359.0>@supervisor:report_progress/2:1582 Supervisor: {local,riak_kv_get_fsm_sj_worker_sup}. Started: id=riak_kv_get_fsm_sj_7,pid=<0.366.0>.
2026-09-11 20:54:35.924788+09:00 [info] <0.359.0>@supervisor:report_progress/2:1582 Supervisor: {local,riak_kv_get_fsm_sj_worker_sup}. Started: id=riak_kv_get_fsm_sj_8,pid=<0.367.0>.
2026-09-11 20:54:35.924983+09:00 [info] <0.358.0>@supervisor:report_progress/2:1582 Supervisor: {local,riak_kv_get_fsm_sj}. Started: id=sidejob_worker_sup,pid=<0.359.0>.
2026-09-11 20:54:35.925171+09:00 [info] <0.358.0>@supervisor:report_progress/2:1582 Supervisor: {local,riak_kv_get_fsm_sj}. Started: id=riak_kv_get_fsm_sj_stats,pid=<0.368.0>.
2026-09-11 20:54:35.925293+09:00 [info] <0.324.0>@supervisor:report_progress/2:1582 Supervisor: {local,sidejob_sup}. Started: id=riak_kv_get_fsm_sj,pid=<0.358.0>.
2026-09-11 20:54:35.935486+09:00 [info] <0.371.0>@supervisor:report_progress/2:1582 Supervisor: {local,riak_kv_stat_sj_worker_sup}. Started: id=riak_kv_stat_sj_1,pid=<0.372.0>.
2026-09-11 20:54:35.935784+09:00 [info] <0.371.0>@supervisor:report_progress/2:1582 Supervisor: {local,riak_kv_stat_sj_worker_sup}. Started: id=riak_kv_stat_sj_2,pid=<0.373.0>.
2026-09-11 20:54:35.935968+09:00 [info] <0.371.0>@supervisor:report_progress/2:1582 Supervisor: {local,riak_kv_stat_sj_worker_sup}. Started: id=riak_kv_stat_sj_3,pid=<0.374.0>.
2026-09-11 20:54:35.936165+09:00 [info] <0.371.0>@supervisor:report_progress/2:1582 Supervisor: {local,riak_kv_stat_sj_worker_sup}. Started: id=riak_kv_stat_sj_4,pid=<0.375.0>.
2026-09-11 20:54:35.936366+09:00 [info] <0.371.0>@supervisor:report_progress/2:1582 Supervisor: {local,riak_kv_stat_sj_worker_sup}. Started: id=riak_kv_stat_sj_5,pid=<0.376.0>.
2026-09-11 20:54:35.936543+09:00 [info] <0.371.0>@supervisor:report_progress/2:1582 Supervisor: {local,riak_kv_stat_sj_worker_sup}. Started: id=riak_kv_stat_sj_6,pid=<0.377.0>.
2026-09-11 20:54:35.936677+09:00 [info] <0.371.0>@supervisor:report_progress/2:1582 Supervisor: {local,riak_kv_stat_sj_worker_sup}. Started: id=riak_kv_stat_sj_7,pid=<0.378.0>.
2026-09-11 20:54:35.936798+09:00 [info] <0.371.0>@supervisor:report_progress/2:1582 Supervisor: {local,riak_kv_stat_sj_worker_sup}. Started: id=riak_kv_stat_sj_8,pid=<0.379.0>.
2026-09-11 20:54:35.936864+09:00 [info] <0.370.0>@supervisor:report_progress/2:1582 Supervisor: {local,riak_kv_stat_sj}. Started: id=sidejob_worker_sup,pid=<0.371.0>.
2026-09-11 20:54:35.936974+09:00 [info] <0.370.0>@supervisor:report_progress/2:1582 Supervisor: {local,riak_kv_stat_sj}. Started: id=riak_kv_stat_sj_stats,pid=<0.380.0>.
2026-09-11 20:54:35.937056+09:00 [info] <0.324.0>@supervisor:report_progress/2:1582 Supervisor: {local,sidejob_sup}. Started: id=riak_kv_stat_sj,pid=<0.370.0>.
2026-09-11 20:54:35.952021+09:00 [info] <0.344.0>@riak_kv_env:doc_env/0:88 Environment and OS variables:
2026-09-11 20:54:36.070087+09:00 [warning] <0.344.0>@riak_kv_env:doc_env/0:107 Open files limit of 1024 is low, at least 65536 is recommended. Set with ulimit -n
2026-09-11 20:54:36.070376+09:00 [notice] <0.344.0>@riak_kv_env:doc_env/0:107 Core dumps are disabled, this may hinder debugging. Enable with ulimit -c
2026-09-11 20:54:36.070537+09:00 [warning] <0.344.0>@riak_kv_env:doc_env/0:107 ERTS process limit of 262144 is low, at least 524288 is recommended. Set with riak.conf: erlang.process_limit
2026-09-11 20:54:36.070622+09:00 [info] <0.344.0>@riak_kv_env:doc_env/0:107 ERTS ports limit: 262144
2026-09-11 20:54:36.070667+09:00 [info] <0.344.0>@riak_kv_env:doc_env/0:107 ERTS ETS table limit: 256000
2026-09-11 20:54:36.070719+09:00 [notice] <0.344.0>@riak_kv_env:doc_env/0:107 ERTS thread pool limit of 64 is high, not more than 16 is recommended. Set with riak.conf: erlang.async_threads
2026-09-11 20:54:36.070772+09:00 [info] <0.344.0>@riak_kv_env:doc_env/0:107 ERTS dist buffer busy limit: 33554432
2026-09-11 20:54:36.070809+09:00 [info] <0.344.0>@riak_kv_env:doc_env/0:107 ERTS time warp mode: multi_time_warp
2026-09-11 20:54:36.070841+09:00 [notice] <0.344.0>@riak_kv_env:doc_env/0:107 ERTS fullsweep generations of 0 is low, 16-16384 is recommended. Set with riak.conf: erlang.fullsweep_after
2026-09-11 20:54:36.070900+09:00 [info] <0.344.0>@riak_kv_env:doc_env/0:107 ERTS Schedulers: 8 for 8 CPU cores
2026-09-11 20:54:36.070936+09:00 [notice] <0.344.0>@riak_kv_env:doc_env/0:107 sysctl net.core.netdev_max_backlog is not supported on this platform
2026-09-11 20:54:36.070980+09:00 [warning] <0.344.0>@riak_kv_env:doc_env/0:107 sysctl net.core.rmem_default is 212992, should be at least 4194304
2026-09-11 20:54:36.071024+09:00 [warning] <0.344.0>@riak_kv_env:doc_env/0:107 sysctl net.core.rmem_max is 4194304, should be at least 8388608
2026-09-11 20:54:36.071055+09:00 [info] <0.344.0>@riak_kv_env:doc_env/0:107 sysctl net.core.somaxconn is 4096, at least 2048
2026-09-11 20:54:36.071100+09:00 [warning] <0.344.0>@riak_kv_env:doc_env/0:107 sysctl net.core.wmem_default is 212992, should be at least 4194304
2026-09-11 20:54:36.071151+09:00 [warning] <0.344.0>@riak_kv_env:doc_env/0:107 sysctl net.core.wmem_max is 4194304, should be at least 8388608
2026-09-11 20:54:36.071196+09:00 [warning] <0.344.0>@riak_kv_env:doc_env/0:107 sysctl net.ipv4.tcp_fin_timeout is 60, should be not more than 30
2026-09-11 20:54:36.071242+09:00 [info] <0.344.0>@riak_kv_env:doc_env/0:107 sysctl net.ipv4.tcp_keepalive_intvl is 75, not more than 90
2026-09-11 20:54:36.071311+09:00 [warning] <0.344.0>@riak_kv_env:doc_env/0:107 sysctl net.ipv4.tcp_max_syn_backlog is 2048, should be at least 16384
2026-09-11 20:54:36.071351+09:00 [info] <0.344.0>@riak_kv_env:doc_env/0:107 sysctl net.ipv4.tcp_moderate_rcvbuf is 1, equal to 1
2026-09-11 20:54:36.071378+09:00 [info] <0.344.0>@riak_kv_env:doc_env/0:107 sysctl net.ipv4.tcp_sack is 1, equal to 1
2026-09-11 20:54:36.071420+09:00 [info] <0.344.0>@riak_kv_env:doc_env/0:107 sysctl net.ipv4.tcp_timestamps is 1, at least 1
2026-09-11 20:54:36.071457+09:00 [warning] <0.344.0>@riak_kv_env:doc_env/0:107 sysctl net.ipv4.tcp_tw_reuse is 2, should be equal to 1
2026-09-11 20:54:36.071498+09:00 [info] <0.344.0>@riak_kv_env:doc_env/0:107 sysctl net.ipv4.tcp_window_scaling is 1, equal to 1
2026-09-11 20:54:36.071537+09:00 [warning] <0.344.0>@riak_kv_env:doc_env/0:107 sysctl vm.swappiness is 60, should be not more than 10
2026-09-11 20:54:36.092045+09:00 [info] <0.239.0>@riak_core_capability:process_capability_changes/2:557 New capability: {riak_kv,object_hash_version} = 0
2026-09-11 20:54:36.102526+09:00 [info] <0.239.0>@riak_core_capability:process_capability_changes/2:557 New capability: {riak_kv,anti_entropy} = enabled_v1
2026-09-11 20:54:36.113898+09:00 [info] <0.384.0>@riak_core_throttle:enable_throttle/2:121 Enabling throttle for riak_kv/aae_throttle.
2026-09-11 20:54:36.114263+09:00 [info] <0.381.0>@supervisor:report_progress/2:1582 Supervisor: {local,riak_kv_sup}. Started: id=riak_kv_entropy_manager,pid=<0.384.0>.
2026-09-11 20:54:36.124466+09:00 [info] <0.381.0>@supervisor:report_progress/2:1582 Supervisor: {local,riak_kv_sup}. Started: id=riak_kv_ttaaefs_manager,pid=<0.386.0>.
2026-09-11 20:54:36.131340+09:00 [info] <0.381.0>@supervisor:report_progress/2:1582 Supervisor: {local,riak_kv_sup}. Started: id=riak_kv_replrtq_src,pid=<0.387.0>.
2026-09-11 20:54:36.134310+09:00 [info] <0.381.0>@supervisor:report_progress/2:1582 Supervisor: {local,riak_kv_sup}. Started: id=riak_kv_replrtq_snk,pid=<0.388.0>.
2026-09-11 20:54:36.137088+09:00 [info] <0.381.0>@supervisor:report_progress/2:1582 Supervisor: {local,riak_kv_sup}. Started: id=riak_kv_replrtq_peer,pid=<0.389.0>.
2026-09-11 20:54:36.142965+09:00 [info] <0.381.0>@supervisor:report_progress/2:1582 Supervisor: {local,riak_kv_sup}. Started: id=riak_kv_reaper,pid=<0.390.0>.
2026-09-11 20:54:36.147204+09:00 [info] <0.381.0>@supervisor:report_progress/2:1582 Supervisor: {local,riak_kv_sup}. Started: id=riak_kv_eraser,pid=<0.391.0>.
2026-09-11 20:54:36.150443+09:00 [info] <0.381.0>@supervisor:report_progress/2:1582 Supervisor: {local,riak_kv_sup}. Started: id=riak_kv_reader,pid=<0.392.0>.
2026-09-11 20:54:36.152472+09:00 [info] <0.381.0>@supervisor:report_progress/2:1582 Supervisor: {local,riak_kv_sup}. Started: id=riak_kv_token_manager,pid=<0.393.0>.
2026-09-11 20:54:36.152659+09:00 [info] <0.381.0>@supervisor:report_progress/2:1582 Supervisor: {local,riak_kv_sup}. Started: id=riak_kv_vnode_master,pid=<0.394.0>.
2026-09-11 20:54:36.152748+09:00 [info] <0.394.0>@riak_core:wait_for_service/2:498 Waiting for service riak_kv to start (0 seconds)
2026-09-11 20:54:36.157100+09:00 [info] <0.395.0>@supervisor:report_progress/2:1582 Supervisor: {local,riak_kv_w1c_sup}. Started: id=riak_kv_w1c_worker00,pid=<0.396.0>.
2026-09-11 20:54:36.157413+09:00 [info] <0.395.0>@supervisor:report_progress/2:1582 Supervisor: {local,riak_kv_w1c_sup}. Started: id=riak_kv_w1c_worker01,pid=<0.397.0>.
2026-09-11 20:54:36.157953+09:00 [info] <0.395.0>@supervisor:report_progress/2:1582 Supervisor: {local,riak_kv_w1c_sup}. Started: id=riak_kv_w1c_worker02,pid=<0.398.0>.
2026-09-11 20:54:36.158193+09:00 [info] <0.395.0>@supervisor:report_progress/2:1582 Supervisor: {local,riak_kv_w1c_sup}. Started: id=riak_kv_w1c_worker03,pid=<0.399.0>.
2026-09-11 20:54:36.158380+09:00 [info] <0.395.0>@supervisor:report_progress/2:1582 Supervisor: {local,riak_kv_w1c_sup}. Started: id=riak_kv_w1c_worker04,pid=<0.400.0>.
2026-09-11 20:54:36.158574+09:00 [info] <0.395.0>@supervisor:report_progress/2:1582 Supervisor: {local,riak_kv_w1c_sup}. Started: id=riak_kv_w1c_worker05,pid=<0.401.0>.
2026-09-11 20:54:36.158711+09:00 [info] <0.395.0>@supervisor:report_progress/2:1582 Supervisor: {local,riak_kv_w1c_sup}. Started: id=riak_kv_w1c_worker06,pid=<0.402.0>.
2026-09-11 20:54:36.158952+09:00 [info] <0.395.0>@supervisor:report_progress/2:1582 Supervisor: {local,riak_kv_w1c_sup}. Started: id=riak_kv_w1c_worker07,pid=<0.403.0>.
2026-09-11 20:54:36.159090+09:00 [info] <0.381.0>@supervisor:report_progress/2:1582 Supervisor: {local,riak_kv_sup}. Started: id=riak_kv_w1c_sup,pid=<0.395.0>.
2026-09-11 20:54:36.162032+09:00 [info] <0.381.0>@supervisor:report_progress/2:1582 Supervisor: {local,riak_kv_sup}. Started: id=riak_kv_delete_sup,pid=<0.404.0>.
2026-09-11 20:54:36.167653+09:00 [info] <0.381.0>@supervisor:report_progress/2:1582 Supervisor: {local,riak_kv_sup}. Started: id=riak_kv_mrc_sink_sup,pid=<0.405.0>.
2026-09-11 20:54:36.169264+09:00 [info] <0.381.0>@supervisor:report_progress/2:1582 Supervisor: {local,riak_kv_sup}. Started: id=riak_kv_buckets_fsm_sup,pid=<0.406.0>.
2026-09-11 20:54:36.171205+09:00 [info] <0.381.0>@supervisor:report_progress/2:1582 Supervisor: {local,riak_kv_sup}. Started: id=riak_kv_keys_fsm_sup,pid=<0.407.0>.
2026-09-11 20:54:36.173017+09:00 [info] <0.381.0>@supervisor:report_progress/2:1582 Supervisor: {local,riak_kv_sup}. Started: id=riak_kv_index_fsm_sup,pid=<0.408.0>.
2026-09-11 20:54:36.175400+09:00 [info] <0.381.0>@supervisor:report_progress/2:1582 Supervisor: {local,riak_kv_sup}. Started: id=riak_kv_query_sup,pid=<0.409.0>.
2026-09-11 20:54:36.177311+09:00 [info] <0.381.0>@supervisor:report_progress/2:1582 Supervisor: {local,riak_kv_sup}. Started: id=riak_kv_query_filebuffer_sup,pid=<0.410.0>.
2026-09-11 20:54:36.178980+09:00 [info] <0.381.0>@supervisor:report_progress/2:1582 Supervisor: {local,riak_kv_sup}. Started: id=riak_kv_clusteraae_fsm_sup,pid=<0.411.0>.
2026-09-11 20:54:36.179911+09:00 [info] <0.381.0>@supervisor:report_progress/2:1582 Supervisor: {local,riak_kv_sup}. Started: id=riak_kv_hotbackup_fsm_sup,pid=<0.412.0>.
2026-09-11 20:54:36.181765+09:00 [info] <0.381.0>@supervisor:report_progress/2:1582 Supervisor: {local,riak_kv_sup}. Started: id=riak_kv_http_cache,pid=<0.413.0>.
2026-09-11 20:54:36.181978+09:00 [info] <0.239.0>@riak_core_capability:process_capability_changes/2:557 New capability: {riak_kv,vnode_vclocks} = true
2026-09-11 20:54:36.195905+09:00 [info] <0.239.0>@riak_core_capability:process_capability_changes/2:557 New capability: {riak_kv,legacy_keylisting} = false
2026-09-11 20:54:36.211377+09:00 [info] <0.239.0>@riak_core_capability:process_capability_changes/2:557 New capability: {riak_kv,listkeys_backpressure} = true
2026-09-11 20:54:36.223831+09:00 [info] <0.239.0>@riak_core_capability:process_capability_changes/2:557 New capability: {riak_kv,index_backpressure} = true
2026-09-11 20:54:36.233899+09:00 [info] <0.239.0>@riak_core_capability:process_capability_changes/2:557 New capability: {riak_kv,mapred_system} = pipe
2026-09-11 20:54:36.244878+09:00 [info] <0.239.0>@riak_core_capability:process_capability_changes/2:557 New capability: {riak_kv,mapred_2i_pipe} = true
2026-09-11 20:54:36.258849+09:00 [info] <0.239.0>@riak_core_capability:process_capability_changes/2:557 New capability: {riak_kv,handoff_data_encoding} = encode_raw
2026-09-11 20:54:36.317543+09:00 [info] <0.239.0>@riak_core_capability:process_capability_changes/2:557 New capability: {riak_kv,object_format} = v1
2026-09-11 20:54:36.326678+09:00 [info] <0.239.0>@riak_core_capability:process_capability_changes/2:557 New capability: {riak_kv,secondary_index_version} = v3
2026-09-11 20:54:36.356080+09:00 [info] <0.239.0>@riak_core_capability:process_capability_changes/2:557 New capability: {riak_kv,vclock_data_encoding} = encode_zlib
2026-09-11 20:54:36.375987+09:00 [info] <0.239.0>@riak_core_capability:process_capability_changes/2:557 New capability: {riak_kv,crdt} = [pncounter,riak_dt_pncounter,riak_dt_orswot,riak_dt_map,riak_kv_hll,riak_dt_gset]
2026-09-11 20:54:36.386493+09:00 [info] <0.239.0>@riak_core_capability:process_capability_changes/2:557 New capability: {riak_kv,crdt_epoch_versions} = [{riak_dt_map,2},{riak_dt_orswot,2},{riak_dt_pncounter,2},{riak_kv_hll,1},{riak_dt_gset,2}]
2026-09-11 20:54:36.395163+09:00 [info] <0.239.0>@riak_core_capability:process_capability_changes/2:557 New capability: {riak_kv,put_fsm_ack_execute} = enabled
2026-09-11 20:54:36.404340+09:00 [info] <0.239.0>@riak_core_capability:process_capability_changes/2:557 New capability: {riak_kv,get_request_type} = head
2026-09-11 20:54:36.412731+09:00 [info] <0.239.0>@riak_core_capability:process_capability_changes/2:557 New capability: {riak_kv,put_soft_limit} = true
2026-09-11 20:54:36.420922+09:00 [info] <0.239.0>@riak_core_capability:process_capability_changes/2:557 New capability: {riak_kv,tictacaae_prompted_repairs} = true
2026-09-11 20:54:36.429583+09:00 [info] <0.235.0>@supervisor:report_progress/2:1582 Supervisor: {local,riak_core_vnode_proxy_sup}. Started: id={riak_kv_vnode,0},pid=<0.414.0>.
2026-09-11 20:54:36.430032+09:00 [info] <0.235.0>@supervisor:report_progress/2:1582 Supervisor: {local,riak_core_vnode_proxy_sup}. Started: id={riak_kv_vnode,182687704666362864775460604089535377456991567872},pid=<0.415.0>.
2026-09-11 20:54:36.430258+09:00 [info] <0.235.0>@supervisor:report_progress/2:1582 Supervisor: {local,riak_core_vnode_proxy_sup}. Started: id={riak_kv_vnode,365375409332725729550921208179070754913983135744},pid=<0.416.0>.
2026-09-11 20:54:36.430438+09:00 [info] <0.235.0>@supervisor:report_progress/2:1582 Supervisor: {local,riak_core_vnode_proxy_sup}. Started: id={riak_kv_vnode,548063113999088594326381812268606132370974703616},pid=<0.417.0>.
2026-09-11 20:54:36.430758+09:00 [info] <0.235.0>@supervisor:report_progress/2:1582 Supervisor: {local,riak_core_vnode_proxy_sup}. Started: id={riak_kv_vnode,730750818665451459101842416358141509827966271488},pid=<0.418.0>.
2026-09-11 20:54:36.431042+09:00 [info] <0.235.0>@supervisor:report_progress/2:1582 Supervisor: {local,riak_core_vnode_proxy_sup}. Started: id={riak_kv_vnode,913438523331814323877303020447676887284957839360},pid=<0.419.0>.
2026-09-11 20:54:36.431223+09:00 [info] <0.235.0>@supervisor:report_progress/2:1582 Supervisor: {local,riak_core_vnode_proxy_sup}. Started: id={riak_kv_vnode,1096126227998177188652763624537212264741949407232},pid=<0.420.0>.
2026-09-11 20:54:36.431367+09:00 [info] <0.235.0>@supervisor:report_progress/2:1582 Supervisor: {local,riak_core_vnode_proxy_sup}. Started: id={riak_kv_vnode,1278813932664540053428224228626747642198940975104},pid=<0.421.0>.
2026-09-11 20:54:36.511465+09:00 [info] <0.244.0>@supervisor:report_progress/2:1582 Supervisor: {local,riak_core_stats_sup}. Started: id=riak_kv_stat,pid=<0.422.0>.
2026-09-11 20:54:36.535495+09:00 [info] <0.246.0>@riak_core_node_worker_pool:start_link/5:85 Registered worker pool of type af1_pool and size 2
2026-09-11 20:54:36.535654+09:00 [info] <0.246.0>@supervisor:report_progress/2:1582 Supervisor: {local,riak_core_node_worker_pool_sup}. Started: id=af1_pool,pid=<0.564.0>.
2026-09-11 20:54:36.535886+09:00 [info] <0.246.0>@riak_core_node_worker_pool:start_link/5:85 Registered worker pool of type af2_pool and size 1
2026-09-11 20:54:36.535939+09:00 [info] <0.246.0>@supervisor:report_progress/2:1582 Supervisor: {local,riak_core_node_worker_pool_sup}. Started: id=af2_pool,pid=<0.569.0>.
2026-09-11 20:54:36.536063+09:00 [info] <0.246.0>@riak_core_node_worker_pool:start_link/5:85 Registered worker pool of type af3_pool and size 4
2026-09-11 20:54:36.536115+09:00 [info] <0.246.0>@supervisor:report_progress/2:1582 Supervisor: {local,riak_core_node_worker_pool_sup}. Started: id=af3_pool,pid=<0.573.0>.
2026-09-11 20:54:36.536218+09:00 [info] <0.246.0>@riak_core_node_worker_pool:start_link/5:85 Registered worker pool of type af4_pool and size 1
2026-09-11 20:54:36.536272+09:00 [info] <0.246.0>@supervisor:report_progress/2:1582 Supervisor: {local,riak_core_node_worker_pool_sup}. Started: id=af4_pool,pid=<0.580.0>.
2026-09-11 20:54:36.536392+09:00 [info] <0.246.0>@riak_core_node_worker_pool:start_link/5:85 Registered worker pool of type be_pool and size 1
2026-09-11 20:54:36.536458+09:00 [info] <0.246.0>@supervisor:report_progress/2:1582 Supervisor: {local,riak_core_node_worker_pool_sup}. Started: id=be_pool,pid=<0.584.0>.
2026-09-11 20:54:36.630558+09:00 [info] <0.44.0>@application_controller:info_started/2:2130 Application: riak_kv. Started at: 'openriak-kv@node-02.cluster-a.openriak'.
2026-09-11 20:54:36.630945+09:00 [info] <0.44.0>@application_controller:info_started/2:2130 Application: ebloom. Started at: 'openriak-kv@node-02.cluster-a.openriak'.
2026-09-11 20:54:36.631147+09:00 [info] <0.44.0>@application_controller:info_started/2:2130 Application: bear. Started at: 'openriak-kv@node-02.cluster-a.openriak'.
2026-09-11 20:54:36.635624+09:00 [info] <0.593.0>@supervisor:report_progress/2:1582 Supervisor: {local,folsom_sup}. Started: id=folsom_sample_slide_sup,pid=<0.594.0>.
2026-09-11 20:54:36.636967+09:00 [info] <0.593.0>@supervisor:report_progress/2:1582 Supervisor: {local,folsom_sup}. Started: id=folsom_meter_timer_server,pid=<0.595.0>.
2026-09-11 20:54:36.638269+09:00 [info] <0.593.0>@supervisor:report_progress/2:1582 Supervisor: {local,folsom_sup}. Started: id=folsom_metrics_histogram_ets,pid=<0.596.0>.
2026-09-11 20:54:36.639787+09:00 [info] <0.593.0>@supervisor:report_progress/2:1582 Supervisor: {local,folsom_sup}. Started: id=folsom_metrics_spiral,pid=<0.597.0>.
2026-09-11 20:54:36.641594+09:00 [info] <0.593.0>@supervisor:report_progress/2:1582 Supervisor: {local,folsom_sup}. Started: id=folsom_metrics_history,pid=<0.598.0>.
2026-09-11 20:54:36.643791+09:00 [info] <0.593.0>@supervisor:report_progress/2:1582 Supervisor: {local,folsom_sup}. Started: id=folsom_metrics_histogram,pid=<0.599.0>.
2026-09-11 20:54:36.645828+09:00 [info] <0.593.0>@supervisor:report_progress/2:1582 Supervisor: {local,folsom_sup}. Started: id=folsom_metrics_duration,pid=<0.600.0>.
2026-09-11 20:54:36.649760+09:00 [info] <0.593.0>@supervisor:report_progress/2:1582 Supervisor: {local,folsom_sup}. Started: id=folsom_metrics_counter,pid=<0.601.0>.
2026-09-11 20:54:36.651711+09:00 [info] <0.593.0>@supervisor:report_progress/2:1582 Supervisor: {local,folsom_sup}. Started: id=folsom_metrics_gauge,pid=<0.602.0>.
2026-09-11 20:54:36.654225+09:00 [info] <0.593.0>@supervisor:report_progress/2:1582 Supervisor: {local,folsom_sup}. Started: id=folsom_metrics_meter,pid=<0.603.0>.
2026-09-11 20:54:36.656336+09:00 [info] <0.593.0>@supervisor:report_progress/2:1582 Supervisor: {local,folsom_sup}. Started: id=folsom_metrics_meter_reader,pid=<0.604.0>.
2026-09-11 20:54:36.656540+09:00 [info] <0.44.0>@application_controller:info_started/2:2130 Application: folsom. Started at: 'openriak-kv@node-02.cluster-a.openriak'.
2026-09-11 20:54:36.667974+09:00 [info] <0.608.0>@supervisor:report_progress/2:1582 Supervisor: {local,ranch_sup}. Started: id=ranch_server,pid=<0.609.0>.
2026-09-11 20:54:36.668303+09:00 [info] <0.44.0>@application_controller:info_started/2:2130 Application: ranch. Started at: 'openriak-kv@node-02.cluster-a.openriak'.
2026-09-11 20:54:36.673979+09:00 [info] <0.612.0>@riak_core:wait_for_service/2:498 Waiting for service riak_kv to start (0 seconds)
2026-09-11 20:54:45.257108+09:00 [info] <0.238.0>@riak_core_vnode_manager:update_never_started/4:1026 Update never started for Mod riak_kv_vnode with count 8 to be added to 0
2026-09-11 20:54:45.257419+09:00 [info] <0.238.0>@riak_core_vnode_manager:update_never_started/4:1026 Update never started for Mod riak_pipe_vnode with count 8 to be added to 8
2026-09-11 20:54:45.266269+09:00 [info] <0.740.0>@riak_core_vnode_manager:get_vnode/3:733 Will start VNode for partition 0 riak_pipe_vnode
2026-09-11 20:54:45.370742+09:00 [info] <0.740.0>@riak_core_vnode_manager:get_vnode/3:743 VNode initialization ready <0.742.0> 0 riak_pipe_vnode
2026-09-11 20:54:45.371208+09:00 [info] <0.744.0>@riak_core_vnode_manager:get_vnode/3:733 Will start VNode for partition 0 riak_kv_vnode
2026-09-11 20:54:45.371323+09:00 [info] <0.745.0>@riak_core_vnode_manager:get_vnode/3:733 Will start VNode for partition 182687704666362864775460604089535377456991567872 riak_kv_vnode
2026-09-11 20:54:45.371405+09:00 [info] <0.746.0>@riak_core_vnode_manager:get_vnode/3:733 Will start VNode for partition 365375409332725729550921208179070754913983135744 riak_kv_vnode
2026-09-11 20:54:45.371466+09:00 [info] <0.747.0>@riak_core_vnode_manager:get_vnode/3:733 Will start VNode for partition 548063113999088594326381812268606132370974703616 riak_kv_vnode
2026-09-11 20:54:45.371522+09:00 [info] <0.748.0>@riak_core_vnode_manager:get_vnode/3:733 Will start VNode for partition 730750818665451459101842416358141509827966271488 riak_kv_vnode
2026-09-11 20:54:45.371504+09:00 [info] <0.750.0>@riak_core_vnode_manager:get_vnode/3:733 Will start VNode for partition 1096126227998177188652763624537212264741949407232 riak_kv_vnode
2026-09-11 20:54:45.371278+09:00 [info] <0.749.0>@riak_core_vnode_manager:get_vnode/3:733 Will start VNode for partition 913438523331814323877303020447676887284957839360 riak_kv_vnode
2026-09-11 20:54:45.371632+09:00 [info] <0.751.0>@riak_core_vnode_manager:get_vnode/3:733 Will start VNode for partition 1278813932664540053428224228626747642198940975104 riak_kv_vnode
2026-09-11 20:54:45.571093+09:00 [info] <0.794.0>@leveled_inker:open_all_manifest/3:1273 log_ref=i0011 db_id=7 Manifest is empty, starting from manifest SQN 1
2026-09-11 20:54:45.571220+09:00 [info] <0.798.0>@leveled_inker:open_all_manifest/3:1273 log_ref=i0011 db_id=2 Manifest is empty, starting from manifest SQN 1
2026-09-11 20:54:45.571098+09:00 [info] <0.795.0>@leveled_inker:open_all_manifest/3:1273 log_ref=i0011 db_id=0 Manifest is empty, starting from manifest SQN 1
2026-09-11 20:54:45.571437+09:00 [info] <0.799.0>@leveled_inker:open_all_manifest/3:1273 log_ref=i0011 db_id=4 Manifest is empty, starting from manifest SQN 1
2026-09-11 20:54:45.571418+09:00 [info] <0.797.0>@leveled_inker:open_all_manifest/3:1273 log_ref=i0011 db_id=1 Manifest is empty, starting from manifest SQN 1
2026-09-11 20:54:45.571411+09:00 [info] <0.800.0>@leveled_inker:open_all_manifest/3:1273 log_ref=i0011 db_id=6 Manifest is empty, starting from manifest SQN 1
2026-09-11 20:54:45.571384+09:00 [info] <0.793.0>@leveled_inker:open_all_manifest/3:1273 log_ref=i0011 db_id=5 Manifest is empty, starting from manifest SQN 1
2026-09-11 20:54:45.571257+09:00 [info] <0.796.0>@leveled_inker:open_all_manifest/3:1273 log_ref=i0011 db_id=3 Manifest is empty, starting from manifest SQN 1
2026-09-11 20:54:45.694230+09:00 [info] <0.813.0>@leveled_cdb:starting/3:479 log_ref=cdb01 db_id=0 Opening file for writing with filename /var/lib/riak/leveled/0/journal/journal_files/0_bd232db0-972c-4274-afba-742489a6198f.pnd
2026-09-11 20:54:45.694541+09:00 [info] <0.814.0>@leveled_cdb:starting/3:479 log_ref=cdb01 db_id=2 Opening file for writing with filename /var/lib/riak/leveled/365375409332725729550921208179070754913983135744/journal/journal_files/0_721b3b92-90b6-4f7a-9a15-5c721f44912a.pnd
2026-09-11 20:54:45.694894+09:00 [info] <0.815.0>@leveled_cdb:starting/3:479 log_ref=cdb01 db_id=7 Opening file for writing with filename /var/lib/riak/leveled/1278813932664540053428224228626747642198940975104/journal/journal_files/0_29a9e74f-822f-49f3-89d9-36fda5446470.pnd
2026-09-11 20:54:45.695182+09:00 [info] <0.816.0>@leveled_cdb:starting/3:479 log_ref=cdb01 db_id=4 Opening file for writing with filename /var/lib/riak/leveled/730750818665451459101842416358141509827966271488/journal/journal_files/0_7f09cc12-ec3c-4b7b-827f-c23a645c715f.pnd
2026-09-11 20:54:45.695372+09:00 [info] <0.810.0>@leveled_cdb:starting/3:479 log_ref=cdb01 db_id=3 Opening file for writing with filename /var/lib/riak/leveled/548063113999088594326381812268606132370974703616/journal/journal_files/0_d45b62e6-9e73-4c12-a4c3-b0ded1e28be9.pnd
2026-09-11 20:54:45.695521+09:00 [info] <0.812.0>@leveled_cdb:starting/3:479 log_ref=cdb01 db_id=1 Opening file for writing with filename /var/lib/riak/leveled/182687704666362864775460604089535377456991567872/journal/journal_files/0_32ab84f8-bf0f-45b2-b93f-171cd06ded52.pnd
2026-09-11 20:54:45.695668+09:00 [info] <0.811.0>@leveled_cdb:starting/3:479 log_ref=cdb01 db_id=6 Opening file for writing with filename /var/lib/riak/leveled/1096126227998177188652763624537212264741949407232/journal/journal_files/0_34146f53-c083-416d-a81f-e9cce45c08b4.pnd
2026-09-11 20:54:45.696513+09:00 [info] <0.817.0>@leveled_cdb:starting/3:479 log_ref=cdb01 db_id=5 Opening file for writing with filename /var/lib/riak/leveled/913438523331814323877303020447676887284957839360/journal/journal_files/0_18220abb-626a-42bf-a407-cbda0d699263.pnd
2026-09-11 20:54:45.697719+09:00 [info] <0.793.0>@leveled_inker:build_manifest/3:1242 log_ref=i0009 db_id=5 Updated manifest on startup:
2026-09-11 20:54:45.697905+09:00 [info] <0.799.0>@leveled_inker:build_manifest/3:1242 log_ref=i0009 db_id=4 Updated manifest on startup:
2026-09-11 20:54:45.698005+09:00 [info] <0.795.0>@leveled_inker:build_manifest/3:1242 log_ref=i0009 db_id=0 Updated manifest on startup:
2026-09-11 20:54:45.697911+09:00 [info] <0.797.0>@leveled_inker:build_manifest/3:1242 log_ref=i0009 db_id=1 Updated manifest on startup:
2026-09-11 20:54:45.698241+09:00 [info] <0.796.0>@leveled_inker:build_manifest/3:1242 log_ref=i0009 db_id=3 Updated manifest on startup:
2026-09-11 20:54:45.699138+09:00 [info] <0.793.0>@leveled_imanifest:writer/3:187 log_ref=i0016 db_id=5 Writing new version of manifest for manifestSQN=2
2026-09-11 20:54:45.699408+09:00 [info] <0.799.0>@leveled_imanifest:writer/3:187 log_ref=i0016 db_id=4 Writing new version of manifest for manifestSQN=2
2026-09-11 20:54:45.699302+09:00 [info] <0.795.0>@leveled_imanifest:writer/3:187 log_ref=i0016 db_id=0 Writing new version of manifest for manifestSQN=2
2026-09-11 20:54:45.699533+09:00 [info] <0.796.0>@leveled_imanifest:writer/3:187 log_ref=i0016 db_id=3 Writing new version of manifest for manifestSQN=2
2026-09-11 20:54:45.699485+09:00 [info] <0.794.0>@leveled_inker:build_manifest/3:1242 log_ref=i0009 db_id=7 Updated manifest on startup:
2026-09-11 20:54:45.699762+09:00 [info] <0.798.0>@leveled_inker:build_manifest/3:1242 log_ref=i0009 db_id=2 Updated manifest on startup:
2026-09-11 20:54:45.699963+09:00 [info] <0.794.0>@leveled_imanifest:writer/3:187 log_ref=i0016 db_id=7 Writing new version of manifest for manifestSQN=2
2026-09-11 20:54:45.699956+09:00 [info] <0.797.0>@leveled_imanifest:writer/3:187 log_ref=i0016 db_id=1 Writing new version of manifest for manifestSQN=2
2026-09-11 20:54:45.700116+09:00 [info] <0.798.0>@leveled_imanifest:writer/3:187 log_ref=i0016 db_id=2 Writing new version of manifest for manifestSQN=2
2026-09-11 20:54:45.700127+09:00 [info] <0.800.0>@leveled_inker:build_manifest/3:1242 log_ref=i0009 db_id=6 Updated manifest on startup:
2026-09-11 20:54:45.701048+09:00 [info] <0.800.0>@leveled_imanifest:writer/3:187 log_ref=i0016 db_id=6 Writing new version of manifest for manifestSQN=2
2026-09-11 20:54:45.721497+09:00 [info] <0.825.0>@leveled_pclerk:clerk_new/3:78 log_ref=pc001 db_id=7 Penciller's clerk <0.826.0> started with owner <0.825.0>
2026-09-11 20:54:45.721648+09:00 [info] <0.819.0>@leveled_pclerk:clerk_new/3:78 log_ref=pc001 db_id=3 Penciller's clerk <0.833.0> started with owner <0.819.0>
2026-09-11 20:54:45.721701+09:00 [info] <0.818.0>@leveled_pclerk:clerk_new/3:78 log_ref=pc001 db_id=5 Penciller's clerk <0.828.0> started with owner <0.818.0>
2026-09-11 20:54:45.721840+09:00 [info] <0.823.0>@leveled_pclerk:clerk_new/3:78 log_ref=pc001 db_id=1 Penciller's clerk <0.829.0> started with owner <0.823.0>
2026-09-11 20:54:45.721861+09:00 [info] <0.822.0>@leveled_pclerk:clerk_new/3:78 log_ref=pc001 db_id=4 Penciller's clerk <0.830.0> started with owner <0.822.0>
2026-09-11 20:54:45.721872+09:00 [info] <0.821.0>@leveled_pclerk:clerk_new/3:78 log_ref=pc001 db_id=2 Penciller's clerk <0.831.0> started with owner <0.821.0>
2026-09-11 20:54:45.722098+09:00 [info] <0.820.0>@leveled_pclerk:clerk_new/3:78 log_ref=pc001 db_id=6 Penciller's clerk <0.832.0> started with owner <0.820.0>
2026-09-11 20:54:45.721557+09:00 [info] <0.824.0>@leveled_pclerk:clerk_new/3:78 log_ref=pc001 db_id=0 Penciller's clerk <0.827.0> started with owner <0.824.0>
2026-09-11 20:54:45.733464+09:00 [info] <0.820.0>@leveled_pmanifest:open_manifestfile/2:1180 log_ref=p0013 db_id=6 Seqence number of 0 indicates no valid manifest
2026-09-11 20:54:45.733743+09:00 [info] <0.821.0>@leveled_pmanifest:open_manifestfile/2:1180 log_ref=p0013 db_id=2 Seqence number of 0 indicates no valid manifest
2026-09-11 20:54:45.733955+09:00 [info] <0.822.0>@leveled_pmanifest:open_manifestfile/2:1180 log_ref=p0013 db_id=4 Seqence number of 0 indicates no valid manifest
2026-09-11 20:54:45.734089+09:00 [info] <0.824.0>@leveled_pmanifest:open_manifestfile/2:1180 log_ref=p0013 db_id=0 Seqence number of 0 indicates no valid manifest
2026-09-11 20:54:45.734168+09:00 [info] <0.823.0>@leveled_pmanifest:open_manifestfile/2:1180 log_ref=p0013 db_id=1 Seqence number of 0 indicates no valid manifest
2026-09-11 20:54:45.734361+09:00 [info] <0.818.0>@leveled_pmanifest:open_manifestfile/2:1180 log_ref=p0013 db_id=5 Seqence number of 0 indicates no valid manifest
2026-09-11 20:54:45.734494+09:00 [info] <0.819.0>@leveled_pmanifest:open_manifestfile/2:1180 log_ref=p0013 db_id=3 Seqence number of 0 indicates no valid manifest
2026-09-11 20:54:45.734815+09:00 [info] <0.825.0>@leveled_pmanifest:open_manifestfile/2:1180 log_ref=p0013 db_id=7 Seqence number of 0 indicates no valid manifest
2026-09-11 20:54:45.738138+09:00 [info] <0.825.0>@leveled_penciller:start_from_file/1:1532 log_ref=p0014 db_id=7 Maximum sequence number of 0 found in nonzero levels
2026-09-11 20:54:45.738250+09:00 [info] <0.820.0>@leveled_penciller:start_from_file/1:1532 log_ref=p0014 db_id=6 Maximum sequence number of 0 found in nonzero levels
2026-09-11 20:54:45.738303+09:00 [info] <0.819.0>@leveled_penciller:start_from_file/1:1532 log_ref=p0014 db_id=3 Maximum sequence number of 0 found in nonzero levels
2026-09-11 20:54:45.738376+09:00 [info] <0.825.0>@leveled_penciller:start_from_file/1:1534 log_ref=p0035 db_id=7 Startup with Manifest SQN of 0
2026-09-11 20:54:45.738387+09:00 [info] <0.820.0>@leveled_penciller:start_from_file/1:1534 log_ref=p0035 db_id=6 Startup with Manifest SQN of 0
2026-09-11 20:54:45.738403+09:00 [info] <0.819.0>@leveled_penciller:start_from_file/1:1534 log_ref=p0035 db_id=3 Startup with Manifest SQN of 0
2026-09-11 20:54:45.738661+09:00 [info] <0.822.0>@leveled_penciller:start_from_file/1:1532 log_ref=p0014 db_id=4 Maximum sequence number of 0 found in nonzero levels
2026-09-11 20:54:45.738710+09:00 [info] <0.822.0>@leveled_penciller:start_from_file/1:1534 log_ref=p0035 db_id=4 Startup with Manifest SQN of 0
2026-09-11 20:54:45.738789+09:00 [info] <0.824.0>@leveled_penciller:start_from_file/1:1532 log_ref=p0014 db_id=0 Maximum sequence number of 0 found in nonzero levels
2026-09-11 20:54:45.738832+09:00 [info] <0.824.0>@leveled_penciller:start_from_file/1:1534 log_ref=p0035 db_id=0 Startup with Manifest SQN of 0
2026-09-11 20:54:45.738924+09:00 [info] <0.823.0>@leveled_penciller:start_from_file/1:1532 log_ref=p0014 db_id=1 Maximum sequence number of 0 found in nonzero levels
2026-09-11 20:54:45.738981+09:00 [info] <0.823.0>@leveled_penciller:start_from_file/1:1534 log_ref=p0035 db_id=1 Startup with Manifest SQN of 0
2026-09-11 20:54:45.739053+09:00 [info] <0.818.0>@leveled_penciller:start_from_file/1:1532 log_ref=p0014 db_id=5 Maximum sequence number of 0 found in nonzero levels
2026-09-11 20:54:45.739127+09:00 [info] <0.818.0>@leveled_penciller:start_from_file/1:1534 log_ref=p0035 db_id=5 Startup with Manifest SQN of 0
2026-09-11 20:54:45.739245+09:00 [info] <0.821.0>@leveled_penciller:start_from_file/1:1532 log_ref=p0014 db_id=2 Maximum sequence number of 0 found in nonzero levels
2026-09-11 20:54:45.739313+09:00 [info] <0.821.0>@leveled_penciller:start_from_file/1:1534 log_ref=p0035 db_id=2 Startup with Manifest SQN of 0
2026-09-11 20:54:45.869867+09:00 [info] <0.825.0>@leveled_penciller:start_from_file/1:1562 log_ref=p0017 db_id=7 No L0 file found
2026-09-11 20:54:45.870249+09:00 [info] <0.820.0>@leveled_penciller:start_from_file/1:1562 log_ref=p0017 db_id=6 No L0 file found
2026-09-11 20:54:45.870449+09:00 [info] <0.819.0>@leveled_penciller:start_from_file/1:1562 log_ref=p0017 db_id=3 No L0 file found
2026-09-11 20:54:45.870599+09:00 [info] <0.822.0>@leveled_penciller:start_from_file/1:1562 log_ref=p0017 db_id=4 No L0 file found
2026-09-11 20:54:45.870748+09:00 [info] <0.824.0>@leveled_penciller:start_from_file/1:1562 log_ref=p0017 db_id=0 No L0 file found
2026-09-11 20:54:45.870943+09:00 [info] <0.823.0>@leveled_penciller:start_from_file/1:1562 log_ref=p0017 db_id=1 No L0 file found
2026-09-11 20:54:45.871094+09:00 [info] <0.818.0>@leveled_penciller:start_from_file/1:1562 log_ref=p0017 db_id=5 No L0 file found
2026-09-11 20:54:45.871242+09:00 [info] <0.821.0>@leveled_penciller:start_from_file/1:1562 log_ref=p0017 db_id=2 No L0 file found
2026-09-11 20:54:45.872466+09:00 [info] <0.777.0>@leveled_bookie:startup/2:2017 log_ref=b0005 db_id=7 LedgerSQN=0 at startup
2026-09-11 20:54:45.873109+09:00 [info] <0.781.0>@leveled_bookie:startup/2:2017 log_ref=b0005 db_id=6 LedgerSQN=0 at startup
2026-09-11 20:54:45.873369+09:00 [info] <0.784.0>@leveled_bookie:startup/2:2017 log_ref=b0005 db_id=3 LedgerSQN=0 at startup
2026-09-11 20:54:45.879426+09:00 [info] <0.782.0>@leveled_bookie:startup/2:2017 log_ref=b0005 db_id=4 LedgerSQN=0 at startup
2026-09-11 20:54:45.879772+09:00 [info] <0.778.0>@leveled_bookie:startup/2:2017 log_ref=b0005 db_id=0 LedgerSQN=0 at startup
2026-09-11 20:54:45.880035+09:00 [info] <0.779.0>@leveled_bookie:startup/2:2017 log_ref=b0005 db_id=1 LedgerSQN=0 at startup
2026-09-11 20:54:45.880386+09:00 [info] <0.783.0>@leveled_bookie:startup/2:2017 log_ref=b0005 db_id=5 LedgerSQN=0 at startup
2026-09-11 20:54:45.881050+09:00 [info] <0.780.0>@leveled_bookie:startup/2:2017 log_ref=b0005 db_id=2 LedgerSQN=0 at startup
2026-09-11 20:54:45.887316+09:00 [info] <0.794.0>@leveled_bookie:startup/2:2028 log_ref=i0014 db_id=7 On startup loading from filename /var/lib/riak/leveled/1278813932664540053428224228626747642198940975104/journal/journal_files/0_29a9e74f-822f-49f3-89d9-36fda5446470 from SQN 1
2026-09-11 20:54:45.887585+09:00 [info] <0.799.0>@leveled_bookie:startup/2:2028 log_ref=i0014 db_id=4 On startup loading from filename /var/lib/riak/leveled/730750818665451459101842416358141509827966271488/journal/journal_files/0_7f09cc12-ec3c-4b7b-827f-c23a645c715f from SQN 1
2026-09-11 20:54:45.887677+09:00 [info] <0.795.0>@leveled_bookie:startup/2:2028 log_ref=i0014 db_id=0 On startup loading from filename /var/lib/riak/leveled/0/journal/journal_files/0_bd232db0-972c-4274-afba-742489a6198f from SQN 1
2026-09-11 20:54:45.887871+09:00 [info] <0.797.0>@leveled_bookie:startup/2:2028 log_ref=i0014 db_id=1 On startup loading from filename /var/lib/riak/leveled/182687704666362864775460604089535377456991567872/journal/journal_files/0_32ab84f8-bf0f-45b2-b93f-171cd06ded52 from SQN 1
2026-09-11 20:54:45.888986+09:00 [info] <0.796.0>@leveled_bookie:startup/2:2028 log_ref=i0014 db_id=3 On startup loading from filename /var/lib/riak/leveled/548063113999088594326381812268606132370974703616/journal/journal_files/0_d45b62e6-9e73-4c12-a4c3-b0ded1e28be9 from SQN 1
2026-09-11 20:54:45.889306+09:00 [info] <0.800.0>@leveled_bookie:startup/2:2028 log_ref=i0014 db_id=6 On startup loading from filename /var/lib/riak/leveled/1096126227998177188652763624537212264741949407232/journal/journal_files/0_34146f53-c083-416d-a81f-e9cce45c08b4 from SQN 1
2026-09-11 20:54:45.889466+09:00 [info] <0.793.0>@leveled_bookie:startup/2:2028 log_ref=i0014 db_id=5 On startup loading from filename /var/lib/riak/leveled/913438523331814323877303020447676887284957839360/journal/journal_files/0_18220abb-626a-42bf-a407-cbda0d699263 from SQN 1
2026-09-11 20:54:45.889492+09:00 [info] <0.798.0>@leveled_bookie:startup/2:2028 log_ref=i0014 db_id=2 On startup loading from filename /var/lib/riak/leveled/365375409332725729550921208179070754913983135744/journal/journal_files/0_721b3b92-90b6-4f7a-9a15-5c721f44912a from SQN 1
2026-09-11 20:54:45.890206+09:00 [info] <0.783.0>@leveled_bookie:init/1:1428 log_ref=b0001 db_id=5 Bookie starting with Ink <0.793.0> Pcl <0.818.0>
2026-09-11 20:54:45.890407+09:00 [info] <0.784.0>@leveled_bookie:init/1:1428 log_ref=b0001 db_id=3 Bookie starting with Ink <0.796.0> Pcl <0.819.0>
2026-09-11 20:54:45.890501+09:00 [info] <0.781.0>@leveled_bookie:init/1:1428 log_ref=b0001 db_id=6 Bookie starting with Ink <0.800.0> Pcl <0.820.0>
2026-09-11 20:54:45.890584+09:00 [info] <0.777.0>@leveled_bookie:init/1:1428 log_ref=b0001 db_id=7 Bookie starting with Ink <0.794.0> Pcl <0.825.0>
2026-09-11 20:54:45.890670+09:00 [info] <0.782.0>@leveled_bookie:init/1:1428 log_ref=b0001 db_id=4 Bookie starting with Ink <0.799.0> Pcl <0.822.0>
2026-09-11 20:54:45.890739+09:00 [info] <0.779.0>@leveled_bookie:init/1:1428 log_ref=b0001 db_id=1 Bookie starting with Ink <0.797.0> Pcl <0.823.0>
2026-09-11 20:54:45.890799+09:00 [info] <0.778.0>@leveled_bookie:init/1:1428 log_ref=b0001 db_id=0 Bookie starting with Ink <0.795.0> Pcl <0.824.0>
2026-09-11 20:54:45.890855+09:00 [info] <0.780.0>@leveled_bookie:init/1:1428 log_ref=b0001 db_id=2 Bookie starting with Ink <0.798.0> Pcl <0.821.0>
2026-09-11 20:54:45.891172+09:00 [info] <0.752.0>@riak_kv_leveled_backend:schedule_journalcompaction/4:903 Schedule compaction for interval 821 on partition 0
2026-09-11 20:54:45.891175+09:00 [info] <0.753.0>@riak_kv_leveled_backend:schedule_journalcompaction/4:903 Schedule compaction for interval 399 on partition 182687704666362864775460604089535377456991567872
2026-09-11 20:54:45.891178+09:00 [info] <0.756.0>@riak_kv_leveled_backend:schedule_journalcompaction/4:903 Schedule compaction for interval 4440 on partition 730750818665451459101842416358141509827966271488
2026-09-11 20:54:45.891181+09:00 [info] <0.758.0>@riak_kv_leveled_backend:schedule_journalcompaction/4:903 Schedule compaction for interval 1289 on partition 1278813932664540053428224228626747642198940975104
2026-09-11 20:54:45.891184+09:00 [info] <0.757.0>@riak_kv_leveled_backend:schedule_journalcompaction/4:903 Schedule compaction for interval 1047 on partition 1096126227998177188652763624537212264741949407232
2026-09-11 20:54:45.891187+09:00 [info] <0.755.0>@riak_kv_leveled_backend:schedule_journalcompaction/4:903 Schedule compaction for interval 14082 on partition 548063113999088594326381812268606132370974703616
2026-09-11 20:54:45.891158+09:00 [info] <0.759.0>@riak_kv_leveled_backend:schedule_journalcompaction/4:903 Schedule compaction for interval 2668 on partition 913438523331814323877303020447676887284957839360
2026-09-11 20:54:45.891168+09:00 [info] <0.754.0>@riak_kv_leveled_backend:schedule_journalcompaction/4:903 Schedule compaction for interval 4325 on partition 365375409332725729550921208179070754913983135744
2026-09-11 20:54:45.972794+09:00 [info] <0.865.0>@aae_controller:init/1:674 log_ref=aae02 Native KeyStore type leveled_nko startup request
2026-09-11 20:54:45.973155+09:00 [info] <0.858.0>@aae_controller:init/1:674 log_ref=aae02 Native KeyStore type leveled_nko startup request
2026-09-11 20:54:45.973179+09:00 [info] <0.861.0>@aae_controller:init/1:674 log_ref=aae02 Native KeyStore type leveled_nko startup request
2026-09-11 20:54:45.972792+09:00 [info] <0.864.0>@aae_controller:init/1:674 log_ref=aae02 Native KeyStore type leveled_nko startup request
2026-09-11 20:54:45.973105+09:00 [info] <0.859.0>@aae_controller:init/1:674 log_ref=aae02 Native KeyStore type leveled_nko startup request
2026-09-11 20:54:45.973154+09:00 [info] <0.860.0>@aae_controller:init/1:674 log_ref=aae02 Native KeyStore type leveled_nko startup request
2026-09-11 20:54:45.973129+09:00 [info] <0.862.0>@aae_controller:init/1:674 log_ref=aae02 Native KeyStore type leveled_nko startup request
2026-09-11 20:54:45.973831+09:00 [info] <0.863.0>@aae_controller:init/1:674 log_ref=aae02 Native KeyStore type leveled_nko startup request
2026-09-11 20:54:45.976290+09:00 [warning] <0.866.0>@aae_keystore:open_manifest/1:1526 log_ref=ks002 No valid manifest found for AAE keystore at /var/lib/riak/tictac_aae/548063113999088594326381812268606132370974703616/leveled_nko/keystore reason not_present
2026-09-11 20:54:45.976696+09:00 [warning] <0.867.0>@aae_keystore:open_manifest/1:1526 log_ref=ks002 No valid manifest found for AAE keystore at /var/lib/riak/tictac_aae/1096126227998177188652763624537212264741949407232/leveled_nko/keystore reason not_present
2026-09-11 20:54:45.976842+09:00 [warning] <0.869.0>@aae_keystore:open_manifest/1:1526 log_ref=ks002 No valid manifest found for AAE keystore at /var/lib/riak/tictac_aae/1278813932664540053428224228626747642198940975104/leveled_nko/keystore reason not_present
2026-09-11 20:54:45.976729+09:00 [warning] <0.868.0>@aae_keystore:open_manifest/1:1526 log_ref=ks002 No valid manifest found for AAE keystore at /var/lib/riak/tictac_aae/730750818665451459101842416358141509827966271488/leveled_nko/keystore reason not_present
2026-09-11 20:54:45.977239+09:00 [warning] <0.870.0>@aae_keystore:open_manifest/1:1526 log_ref=ks002 No valid manifest found for AAE keystore at /var/lib/riak/tictac_aae/913438523331814323877303020447676887284957839360/leveled_nko/keystore reason not_present
2026-09-11 20:54:45.977424+09:00 [warning] <0.871.0>@aae_keystore:open_manifest/1:1526 log_ref=ks002 No valid manifest found for AAE keystore at /var/lib/riak/tictac_aae/182687704666362864775460604089535377456991567872/leveled_nko/keystore reason not_present
2026-09-11 20:54:45.977813+09:00 [warning] <0.872.0>@aae_keystore:open_manifest/1:1526 log_ref=ks002 No valid manifest found for AAE keystore at /var/lib/riak/tictac_aae/365375409332725729550921208179070754913983135744/leveled_nko/keystore reason not_present
2026-09-11 20:54:45.977977+09:00 [warning] <0.873.0>@aae_keystore:open_manifest/1:1526 log_ref=ks002 No valid manifest found for AAE keystore at /var/lib/riak/tictac_aae/0/leveled_nko/keystore reason not_present
2026-09-11 20:54:45.996575+09:00 [info] <0.875.0>@aae_treecache:init/1:224 log_ref=c0005 Starting cache with is_restored=false and IndexN of {548063113999088594326381812268606132370974703616,3}
2026-09-11 20:54:46.001488+09:00 [info] <0.876.0>@aae_treecache:init/1:224 log_ref=c0005 Starting cache with is_restored=false and IndexN of {365375409332725729550921208179070754913983135744,3}
2026-09-11 20:54:46.001940+09:00 [info] <0.877.0>@aae_treecache:init/1:224 log_ref=c0005 Starting cache with is_restored=false and IndexN of {182687704666362864775460604089535377456991567872,3}
2026-09-11 20:54:46.002980+09:00 [info] <0.880.0>@aae_treecache:init/1:224 log_ref=c0005 Starting cache with is_restored=false and IndexN of {1096126227998177188652763624537212264741949407232,3}
2026-09-11 20:54:46.002463+09:00 [info] <0.874.0>@aae_treecache:init/1:224 log_ref=c0005 Starting cache with is_restored=false and IndexN of {1278813932664540053428224228626747642198940975104,3}
2026-09-11 20:54:46.003955+09:00 [info] <0.878.0>@aae_treecache:init/1:224 log_ref=c0005 Starting cache with is_restored=false and IndexN of {730750818665451459101842416358141509827966271488,3}
2026-09-11 20:54:46.004296+09:00 [info] <0.881.0>@aae_treecache:init/1:224 log_ref=c0005 Starting cache with is_restored=false and IndexN of {0,3}
2026-09-11 20:54:46.004537+09:00 [info] <0.879.0>@aae_treecache:init/1:224 log_ref=c0005 Starting cache with is_restored=false and IndexN of {913438523331814323877303020447676887284957839360,3}
2026-09-11 20:54:46.012310+09:00 [info] <0.882.0>@aae_treecache:init/1:224 log_ref=c0005 Starting cache with is_restored=false and IndexN of {730750818665451459101842416358141509827966271488,3}
2026-09-11 20:54:46.016654+09:00 [info] <0.883.0>@aae_treecache:init/1:224 log_ref=c0005 Starting cache with is_restored=false and IndexN of {548063113999088594326381812268606132370974703616,3}
2026-09-11 20:54:46.019061+09:00 [info] <0.884.0>@aae_treecache:init/1:224 log_ref=c0005 Starting cache with is_restored=false and IndexN of {365375409332725729550921208179070754913983135744,3}
2026-09-11 20:54:46.019706+09:00 [info] <0.885.0>@aae_treecache:init/1:224 log_ref=c0005 Starting cache with is_restored=false and IndexN of {0,3}
2026-09-11 20:54:46.020416+09:00 [info] <0.886.0>@aae_treecache:init/1:224 log_ref=c0005 Starting cache with is_restored=false and IndexN of {1278813932664540053428224228626747642198940975104,3}
2026-09-11 20:54:46.021186+09:00 [info] <0.887.0>@aae_treecache:init/1:224 log_ref=c0005 Starting cache with is_restored=false and IndexN of {913438523331814323877303020447676887284957839360,3}
2026-09-11 20:54:46.021813+09:00 [info] <0.888.0>@aae_treecache:init/1:224 log_ref=c0005 Starting cache with is_restored=false and IndexN of {182687704666362864775460604089535377456991567872,3}
2026-09-11 20:54:46.022578+09:00 [info] <0.889.0>@aae_treecache:init/1:224 log_ref=c0005 Starting cache with is_restored=false and IndexN of {1096126227998177188652763624537212264741949407232,3}
2026-09-11 20:54:46.033302+09:00 [info] <0.890.0>@aae_treecache:init/1:224 log_ref=c0005 Starting cache with is_restored=false and IndexN of {913438523331814323877303020447676887284957839360,3}
2026-09-11 20:54:46.039940+09:00 [info] <0.891.0>@aae_treecache:init/1:224 log_ref=c0005 Starting cache with is_restored=false and IndexN of {730750818665451459101842416358141509827966271488,3}
2026-09-11 20:54:46.040126+09:00 [info] <0.859.0>@aae_controller:init/1:719 log_ref=aae10 AAE controller started with IndexNs [{548063113999088594326381812268606132370974703616,3},{730750818665451459101842416358141509827966271488,3},{913438523331814323877303020447676887284957839360,3}] and StoreType {native,leveled_nko,<0.783.0>}
2026-09-11 20:54:46.040343+09:00 [info] <0.861.0>@aae_controller:init/1:719 log_ref=aae10 AAE controller started with IndexNs [{365375409332725729550921208179070754913983135744,3},{548063113999088594326381812268606132370974703616,3},{730750818665451459101842416358141509827966271488,3}] and StoreType {native,leveled_nko,<0.782.0>}
2026-09-11 20:54:46.040348+09:00 [info] <0.759.0>@riak_kv_vnode:maybe_start_aaecontroller/2:415 AAE Controller started with pid=<0.859.0>
2026-09-11 20:54:46.040451+09:00 [info] <0.756.0>@riak_kv_vnode:maybe_start_aaecontroller/2:415 AAE Controller started with pid=<0.861.0>
2026-09-11 20:54:46.040894+09:00 [info] <0.893.0>@aae_treecache:init/1:224 log_ref=c0005 Starting cache with is_restored=false and IndexN of {548063113999088594326381812268606132370974703616,3}
2026-09-11 20:54:46.040963+09:00 [info] <0.892.0>@aae_treecache:init/1:224 log_ref=c0005 Starting cache with is_restored=false and IndexN of {182687704666362864775460604089535377456991567872,3}
2026-09-11 20:54:46.041044+09:00 [info] <0.865.0>@aae_controller:init/1:719 log_ref=aae10 AAE controller started with IndexNs [{182687704666362864775460604089535377456991567872,3},{365375409332725729550921208179070754913983135744,3},{548063113999088594326381812268606132370974703616,3}] and StoreType {native,leveled_nko,<0.784.0>}
2026-09-11 20:54:46.041154+09:00 [info] <0.755.0>@riak_kv_vnode:maybe_start_aaecontroller/2:415 AAE Controller started with pid=<0.865.0>
2026-09-11 20:54:46.041197+09:00 [info] <0.860.0>@aae_controller:init/1:719 log_ref=aae10 AAE controller started with IndexNs [{1278813932664540053428224228626747642198940975104,3},{0,3},{182687704666362864775460604089535377456991567872,3}] and StoreType {native,leveled_nko,<0.779.0>}
2026-09-11 20:54:46.041353+09:00 [info] <0.753.0>@riak_kv_vnode:maybe_start_aaecontroller/2:415 AAE Controller started with pid=<0.860.0>
2026-09-11 20:54:46.041501+09:00 [info] <0.894.0>@aae_treecache:init/1:224 log_ref=c0005 Starting cache with is_restored=false and IndexN of {0,3}
2026-09-11 20:54:46.041931+09:00 [info] <0.895.0>@aae_treecache:init/1:224 log_ref=c0005 Starting cache with is_restored=false and IndexN of {1096126227998177188652763624537212264741949407232,3}
2026-09-11 20:54:46.041718+09:00 [info] <0.863.0>@aae_controller:init/1:719 log_ref=aae10 AAE controller started with IndexNs [{1096126227998177188652763624537212264741949407232,3},{1278813932664540053428224228626747642198940975104,3},{0,3}] and StoreType {native,leveled_nko,<0.778.0>}
2026-09-11 20:54:46.042054+09:00 [info] <0.858.0>@aae_controller:init/1:719 log_ref=aae10 AAE controller started with IndexNs [{730750818665451459101842416358141509827966271488,3},{913438523331814323877303020447676887284957839360,3},{1096126227998177188652763624537212264741949407232,3}] and StoreType {native,leveled_nko,<0.781.0>}
2026-09-11 20:54:46.042087+09:00 [info] <0.752.0>@riak_kv_vnode:maybe_start_aaecontroller/2:415 AAE Controller started with pid=<0.863.0>
2026-09-11 20:54:46.042222+09:00 [info] <0.757.0>@riak_kv_vnode:maybe_start_aaecontroller/2:415 AAE Controller started with pid=<0.858.0>
2026-09-11 20:54:46.042517+09:00 [info] <0.896.0>@aae_treecache:init/1:224 log_ref=c0005 Starting cache with is_restored=false and IndexN of {365375409332725729550921208179070754913983135744,3}
2026-09-11 20:54:46.042629+09:00 [info] <0.862.0>@aae_controller:init/1:719 log_ref=aae10 AAE controller started with IndexNs [{0,3},{182687704666362864775460604089535377456991567872,3},{365375409332725729550921208179070754913983135744,3}] and StoreType {native,leveled_nko,<0.780.0>}
2026-09-11 20:54:46.042764+09:00 [info] <0.754.0>@riak_kv_vnode:maybe_start_aaecontroller/2:415 AAE Controller started with pid=<0.862.0>
2026-09-11 20:54:46.042971+09:00 [info] <0.897.0>@aae_treecache:init/1:224 log_ref=c0005 Starting cache with is_restored=false and IndexN of {1278813932664540053428224228626747642198940975104,3}
2026-09-11 20:54:46.043116+09:00 [info] <0.864.0>@aae_controller:init/1:719 log_ref=aae10 AAE controller started with IndexNs [{913438523331814323877303020447676887284957839360,3},{1096126227998177188652763624537212264741949407232,3},{1278813932664540053428224228626747642198940975104,3}] and StoreType {native,leveled_nko,<0.777.0>}
2026-09-11 20:54:46.043219+09:00 [info] <0.758.0>@riak_kv_vnode:maybe_start_aaecontroller/2:415 AAE Controller started with pid=<0.864.0>
2026-09-11 20:54:46.043868+09:00 [info] <0.744.0>@riak_core_vnode_manager:get_vnode/3:743 VNode initialization ready <0.752.0> 0 riak_kv_vnode
2026-09-11 20:54:46.043994+09:00 [info] <0.746.0>@riak_core_vnode_manager:get_vnode/3:743 VNode initialization ready <0.754.0> 365375409332725729550921208179070754913983135744 riak_kv_vnode
2026-09-11 20:54:46.044058+09:00 [info] <0.751.0>@riak_core_vnode_manager:get_vnode/3:743 VNode initialization ready <0.758.0> 1278813932664540053428224228626747642198940975104 riak_kv_vnode
2026-09-11 20:54:46.044126+09:00 [info] <0.745.0>@riak_core_vnode_manager:get_vnode/3:743 VNode initialization ready <0.753.0> 182687704666362864775460604089535377456991567872 riak_kv_vnode
2026-09-11 20:54:46.044193+09:00 [info] <0.748.0>@riak_core_vnode_manager:get_vnode/3:743 VNode initialization ready <0.756.0> 730750818665451459101842416358141509827966271488 riak_kv_vnode
2026-09-11 20:54:46.044246+09:00 [info] <0.749.0>@riak_core_vnode_manager:get_vnode/3:743 VNode initialization ready <0.759.0> 913438523331814323877303020447676887284957839360 riak_kv_vnode
2026-09-11 20:54:46.044314+09:00 [info] <0.750.0>@riak_core_vnode_manager:get_vnode/3:743 VNode initialization ready <0.757.0> 1096126227998177188652763624537212264741949407232 riak_kv_vnode
2026-09-11 20:54:46.044518+09:00 [info] <0.747.0>@riak_core_vnode_manager:get_vnode/3:743 VNode initialization ready <0.755.0> 548063113999088594326381812268606132370974703616 riak_kv_vnode
2026-09-11 20:54:46.044691+09:00 [info] <0.970.0>@riak_core_vnode_manager:get_vnode/3:733 Will start VNode for partition 182687704666362864775460604089535377456991567872 riak_pipe_vnode
2026-09-11 20:54:46.045061+09:00 [info] <0.970.0>@riak_core_vnode_manager:get_vnode/3:743 VNode initialization ready <0.971.0> 182687704666362864775460604089535377456991567872 riak_pipe_vnode
2026-09-11 20:54:46.045440+09:00 [info] <0.973.0>@riak_core_vnode_manager:get_vnode/3:733 Will start VNode for partition 365375409332725729550921208179070754913983135744 riak_pipe_vnode
2026-09-11 20:54:46.045904+09:00 [info] <0.973.0>@riak_core_vnode_manager:get_vnode/3:743 VNode initialization ready <0.974.0> 365375409332725729550921208179070754913983135744 riak_pipe_vnode
2026-09-11 20:54:46.046143+09:00 [info] <0.976.0>@riak_core_vnode_manager:get_vnode/3:733 Will start VNode for partition 548063113999088594326381812268606132370974703616 riak_pipe_vnode
2026-09-11 20:54:46.046651+09:00 [info] <0.976.0>@riak_core_vnode_manager:get_vnode/3:743 VNode initialization ready <0.977.0> 548063113999088594326381812268606132370974703616 riak_pipe_vnode
2026-09-11 20:54:46.046847+09:00 [info] <0.979.0>@riak_core_vnode_manager:get_vnode/3:733 Will start VNode for partition 730750818665451459101842416358141509827966271488 riak_pipe_vnode
2026-09-11 20:54:46.047217+09:00 [info] <0.979.0>@riak_core_vnode_manager:get_vnode/3:743 VNode initialization ready <0.980.0> 730750818665451459101842416358141509827966271488 riak_pipe_vnode
2026-09-11 20:54:46.047340+09:00 [info] <0.982.0>@riak_core_vnode_manager:get_vnode/3:733 Will start VNode for partition 913438523331814323877303020447676887284957839360 riak_pipe_vnode
2026-09-11 20:54:46.047700+09:00 [info] <0.982.0>@riak_core_vnode_manager:get_vnode/3:743 VNode initialization ready <0.983.0> 913438523331814323877303020447676887284957839360 riak_pipe_vnode
2026-09-11 20:54:46.047815+09:00 [info] <0.985.0>@riak_core_vnode_manager:get_vnode/3:733 Will start VNode for partition 1096126227998177188652763624537212264741949407232 riak_pipe_vnode
2026-09-11 20:54:46.048060+09:00 [info] <0.985.0>@riak_core_vnode_manager:get_vnode/3:743 VNode initialization ready <0.986.0> 1096126227998177188652763624537212264741949407232 riak_pipe_vnode
2026-09-11 20:54:46.048170+09:00 [info] <0.988.0>@riak_core_vnode_manager:get_vnode/3:733 Will start VNode for partition 1278813932664540053428224228626747642198940975104 riak_pipe_vnode
2026-09-11 20:54:46.048537+09:00 [info] <0.988.0>@riak_core_vnode_manager:get_vnode/3:743 VNode initialization ready <0.989.0> 1278813932664540053428224228626747642198940975104 riak_pipe_vnode
2026-09-11 20:54:46.061266+09:00 [info] <0.394.0>@riak_core:wait_for_service/2:492 Wait complete for service riak_kv (9 seconds)
2026-09-11 20:54:46.111295+09:00 [info] <0.612.0>@riak_core:wait_for_service/2:492 Wait complete for service riak_kv (9 seconds)
2026-09-11 20:54:46.134418+09:00 [info] <0.239.0>@riak_core_capability:process_capability_changes/2:557 New capability: {riak_repl,bloom_fold} = true
2026-09-11 20:54:46.144639+09:00 [info] <0.239.0>@riak_core_capability:process_capability_changes/2:557 New capability: {riak_repl,rtq_meta} = true
2026-09-11 20:54:46.157562+09:00 [info] <0.239.0>@riak_core_capability:process_capability_changes/2:557 New capability: {riak_repl,default_bucket_props_hash} = [consistent,datatype,n_val,write_once]
2026-09-11 20:54:46.173790+09:00 [info] <0.612.0>@riak_repl_app:start/2:70 REPL CS block skip disabled
2026-09-11 20:54:46.178497+09:00 [info] <0.991.0>@supervisor:report_progress/2:1582 Supervisor: {local,riak_repl_sup}. Started: id=riak_repl_client_sup,pid=<0.992.0>.
2026-09-11 20:54:46.182244+09:00 [info] <0.991.0>@supervisor:report_progress/2:1582 Supervisor: {local,riak_repl_sup}. Started: id=riak_repl_server_sup,pid=<0.995.0>.
2026-09-11 20:54:46.187594+09:00 [info] <0.991.0>@supervisor:report_progress/2:1582 Supervisor: {local,riak_repl_sup}. Started: id=riak_repl_leader,pid=<0.996.0>.
2026-09-11 20:54:46.193103+09:00 [info] <0.991.0>@supervisor:report_progress/2:1582 Supervisor: {local,riak_repl_sup}. Started: id=riak_repl2_leader,pid=<0.1000.0>.
2026-09-11 20:54:46.217262+09:00 [info] <0.1002.0>@riak_core_service_mgr:start_link/1:111 Starting Core Service Manager at {"127.0.0.1",9080}
2026-09-11 20:54:46.233279+09:00 [info] <0.1000.0>@riak_repl2_leader:become_leader/2:217 Leader2: 'openriak-kv@node-02.cluster-a.openriak' elected as replication leader
2026-09-11 20:54:46.242321+09:00 [info] <0.1006.0>@supervisor:report_progress/2:1582 Supervisor: {<0.1006.0>,ranch_conns_sup_sup}. Started: id={ranch_conns_sup,1},pid=<0.1007.0>.
2026-09-11 20:54:46.242546+09:00 [info] <0.1006.0>@supervisor:report_progress/2:1582 Supervisor: {<0.1006.0>,ranch_conns_sup_sup}. Started: id={ranch_conns_sup,2},pid=<0.1008.0>.
2026-09-11 20:54:46.242651+09:00 [info] <0.1006.0>@supervisor:report_progress/2:1582 Supervisor: {<0.1006.0>,ranch_conns_sup_sup}. Started: id={ranch_conns_sup,3},pid=<0.1009.0>.
2026-09-11 20:54:46.242753+09:00 [info] <0.1006.0>@supervisor:report_progress/2:1582 Supervisor: {<0.1006.0>,ranch_conns_sup_sup}. Started: id={ranch_conns_sup,4},pid=<0.1010.0>.
2026-09-11 20:54:46.242814+09:00 [info] <0.1006.0>@supervisor:report_progress/2:1582 Supervisor: {<0.1006.0>,ranch_conns_sup_sup}. Started: id={ranch_conns_sup,5},pid=<0.1011.0>.
2026-09-11 20:54:46.242906+09:00 [info] <0.1006.0>@supervisor:report_progress/2:1582 Supervisor: {<0.1006.0>,ranch_conns_sup_sup}. Started: id={ranch_conns_sup,6},pid=<0.1012.0>.
2026-09-11 20:54:46.242957+09:00 [info] <0.1006.0>@supervisor:report_progress/2:1582 Supervisor: {<0.1006.0>,ranch_conns_sup_sup}. Started: id={ranch_conns_sup,7},pid=<0.1013.0>.
2026-09-11 20:54:46.243057+09:00 [info] <0.1006.0>@supervisor:report_progress/2:1582 Supervisor: {<0.1006.0>,ranch_conns_sup_sup}. Started: id={ranch_conns_sup,8},pid=<0.1014.0>.
2026-09-11 20:54:46.243149+09:00 [info] <0.1006.0>@supervisor:report_progress/2:1582 Supervisor: {<0.1006.0>,ranch_conns_sup_sup}. Started: id={ranch_conns_sup,9},pid=<0.1015.0>.
2026-09-11 20:54:46.243244+09:00 [info] <0.1006.0>@supervisor:report_progress/2:1582 Supervisor: {<0.1006.0>,ranch_conns_sup_sup}. Started: id={ranch_conns_sup,10},pid=<0.1016.0>.
2026-09-11 20:54:46.243322+09:00 [info] <0.1006.0>@supervisor:report_progress/2:1582 Supervisor: {<0.1006.0>,ranch_conns_sup_sup}. Started: id={ranch_conns_sup,11},pid=<0.1017.0>.
2026-09-11 20:54:46.243469+09:00 [info] <0.1006.0>@supervisor:report_progress/2:1582 Supervisor: {<0.1006.0>,ranch_conns_sup_sup}. Started: id={ranch_conns_sup,12},pid=<0.1018.0>.
2026-09-11 20:54:46.243529+09:00 [info] <0.1006.0>@supervisor:report_progress/2:1582 Supervisor: {<0.1006.0>,ranch_conns_sup_sup}. Started: id={ranch_conns_sup,13},pid=<0.1019.0>.
2026-09-11 20:54:46.243709+09:00 [info] <0.1006.0>@supervisor:report_progress/2:1582 Supervisor: {<0.1006.0>,ranch_conns_sup_sup}. Started: id={ranch_conns_sup,14},pid=<0.1020.0>.
2026-09-11 20:54:46.243803+09:00 [info] <0.1006.0>@supervisor:report_progress/2:1582 Supervisor: {<0.1006.0>,ranch_conns_sup_sup}. Started: id={ranch_conns_sup,15},pid=<0.1021.0>.
2026-09-11 20:54:46.244016+09:00 [info] <0.1006.0>@supervisor:report_progress/2:1582 Supervisor: {<0.1006.0>,ranch_conns_sup_sup}. Started: id={ranch_conns_sup,16},pid=<0.1022.0>.
2026-09-11 20:54:46.244146+09:00 [info] <0.1006.0>@supervisor:report_progress/2:1582 Supervisor: {<0.1006.0>,ranch_conns_sup_sup}. Started: id={ranch_conns_sup,17},pid=<0.1023.0>.
2026-09-11 20:54:46.244226+09:00 [info] <0.1006.0>@supervisor:report_progress/2:1582 Supervisor: {<0.1006.0>,ranch_conns_sup_sup}. Started: id={ranch_conns_sup,18},pid=<0.1024.0>.
2026-09-11 20:54:46.244274+09:00 [info] <0.1006.0>@supervisor:report_progress/2:1582 Supervisor: {<0.1006.0>,ranch_conns_sup_sup}. Started: id={ranch_conns_sup,19},pid=<0.1025.0>.
2026-09-11 20:54:46.244344+09:00 [info] <0.1006.0>@supervisor:report_progress/2:1582 Supervisor: {<0.1006.0>,ranch_conns_sup_sup}. Started: id={ranch_conns_sup,20},pid=<0.1026.0>.
2026-09-11 20:54:46.244413+09:00 [info] <0.1006.0>@supervisor:report_progress/2:1582 Supervisor: {<0.1006.0>,ranch_conns_sup_sup}. Started: id={ranch_conns_sup,21},pid=<0.1027.0>.
2026-09-11 20:54:46.244538+09:00 [info] <0.1006.0>@supervisor:report_progress/2:1582 Supervisor: {<0.1006.0>,ranch_conns_sup_sup}. Started: id={ranch_conns_sup,22},pid=<0.1028.0>.
2026-09-11 20:54:46.244601+09:00 [info] <0.1006.0>@supervisor:report_progress/2:1582 Supervisor: {<0.1006.0>,ranch_conns_sup_sup}. Started: id={ranch_conns_sup,23},pid=<0.1029.0>.
2026-09-11 20:54:46.244692+09:00 [info] <0.1006.0>@supervisor:report_progress/2:1582 Supervisor: {<0.1006.0>,ranch_conns_sup_sup}. Started: id={ranch_conns_sup,24},pid=<0.1030.0>.
2026-09-11 20:54:46.244758+09:00 [info] <0.1006.0>@supervisor:report_progress/2:1582 Supervisor: {<0.1006.0>,ranch_conns_sup_sup}. Started: id={ranch_conns_sup,25},pid=<0.1031.0>.
2026-09-11 20:54:46.244828+09:00 [info] <0.1006.0>@supervisor:report_progress/2:1582 Supervisor: {<0.1006.0>,ranch_conns_sup_sup}. Started: id={ranch_conns_sup,26},pid=<0.1032.0>.
2026-09-11 20:54:46.244934+09:00 [info] <0.1006.0>@supervisor:report_progress/2:1582 Supervisor: {<0.1006.0>,ranch_conns_sup_sup}. Started: id={ranch_conns_sup,27},pid=<0.1033.0>.
2026-09-11 20:54:46.245150+09:00 [info] <0.1006.0>@supervisor:report_progress/2:1582 Supervisor: {<0.1006.0>,ranch_conns_sup_sup}. Started: id={ranch_conns_sup,28},pid=<0.1034.0>.
2026-09-11 20:54:46.245271+09:00 [info] <0.1006.0>@supervisor:report_progress/2:1582 Supervisor: {<0.1006.0>,ranch_conns_sup_sup}. Started: id={ranch_conns_sup,29},pid=<0.1035.0>.
2026-09-11 20:54:46.245358+09:00 [info] <0.1006.0>@supervisor:report_progress/2:1582 Supervisor: {<0.1006.0>,ranch_conns_sup_sup}. Started: id={ranch_conns_sup,30},pid=<0.1036.0>.
2026-09-11 20:54:46.245415+09:00 [info] <0.1006.0>@supervisor:report_progress/2:1582 Supervisor: {<0.1006.0>,ranch_conns_sup_sup}. Started: id={ranch_conns_sup,31},pid=<0.1037.0>.
2026-09-11 20:54:46.245527+09:00 [info] <0.1006.0>@supervisor:report_progress/2:1582 Supervisor: {<0.1006.0>,ranch_conns_sup_sup}. Started: id={ranch_conns_sup,32},pid=<0.1038.0>.
2026-09-11 20:54:46.245611+09:00 [info] <0.1006.0>@supervisor:report_progress/2:1582 Supervisor: {<0.1006.0>,ranch_conns_sup_sup}. Started: id={ranch_conns_sup,33},pid=<0.1039.0>.
2026-09-11 20:54:46.246110+09:00 [info] <0.1006.0>@supervisor:report_progress/2:1582 Supervisor: {<0.1006.0>,ranch_conns_sup_sup}. Started: id={ranch_conns_sup,34},pid=<0.1040.0>.
2026-09-11 20:54:46.246176+09:00 [info] <0.1006.0>@supervisor:report_progress/2:1582 Supervisor: {<0.1006.0>,ranch_conns_sup_sup}. Started: id={ranch_conns_sup,35},pid=<0.1041.0>.
2026-09-11 20:54:46.246217+09:00 [info] <0.1006.0>@supervisor:report_progress/2:1582 Supervisor: {<0.1006.0>,ranch_conns_sup_sup}. Started: id={ranch_conns_sup,36},pid=<0.1042.0>.
2026-09-11 20:54:46.246296+09:00 [info] <0.1006.0>@supervisor:report_progress/2:1582 Supervisor: {<0.1006.0>,ranch_conns_sup_sup}. Started: id={ranch_conns_sup,37},pid=<0.1043.0>.
2026-09-11 20:54:46.246397+09:00 [info] <0.1006.0>@supervisor:report_progress/2:1582 Supervisor: {<0.1006.0>,ranch_conns_sup_sup}. Started: id={ranch_conns_sup,38},pid=<0.1044.0>.
2026-09-11 20:54:46.246450+09:00 [info] <0.1006.0>@supervisor:report_progress/2:1582 Supervisor: {<0.1006.0>,ranch_conns_sup_sup}. Started: id={ranch_conns_sup,39},pid=<0.1045.0>.
2026-09-11 20:54:46.246491+09:00 [info] <0.1006.0>@supervisor:report_progress/2:1582 Supervisor: {<0.1006.0>,ranch_conns_sup_sup}. Started: id={ranch_conns_sup,40},pid=<0.1046.0>.
2026-09-11 20:54:46.246535+09:00 [info] <0.1006.0>@supervisor:report_progress/2:1582 Supervisor: {<0.1006.0>,ranch_conns_sup_sup}. Started: id={ranch_conns_sup,41},pid=<0.1047.0>.
2026-09-11 20:54:46.246730+09:00 [info] <0.1006.0>@supervisor:report_progress/2:1582 Supervisor: {<0.1006.0>,ranch_conns_sup_sup}. Started: id={ranch_conns_sup,42},pid=<0.1048.0>.
2026-09-11 20:54:46.246785+09:00 [info] <0.1006.0>@supervisor:report_progress/2:1582 Supervisor: {<0.1006.0>,ranch_conns_sup_sup}. Started: id={ranch_conns_sup,43},pid=<0.1049.0>.
2026-09-11 20:54:46.246859+09:00 [info] <0.1006.0>@supervisor:report_progress/2:1582 Supervisor: {<0.1006.0>,ranch_conns_sup_sup}. Started: id={ranch_conns_sup,44},pid=<0.1050.0>.
2026-09-11 20:54:46.246916+09:00 [info] <0.1006.0>@supervisor:report_progress/2:1582 Supervisor: {<0.1006.0>,ranch_conns_sup_sup}. Started: id={ranch_conns_sup,45},pid=<0.1051.0>.
2026-09-11 20:54:46.246974+09:00 [info] <0.1006.0>@supervisor:report_progress/2:1582 Supervisor: {<0.1006.0>,ranch_conns_sup_sup}. Started: id={ranch_conns_sup,46},pid=<0.1052.0>.
2026-09-11 20:54:46.247009+09:00 [info] <0.1006.0>@supervisor:report_progress/2:1582 Supervisor: {<0.1006.0>,ranch_conns_sup_sup}. Started: id={ranch_conns_sup,47},pid=<0.1053.0>.
2026-09-11 20:54:46.247066+09:00 [info] <0.1006.0>@supervisor:report_progress/2:1582 Supervisor: {<0.1006.0>,ranch_conns_sup_sup}. Started: id={ranch_conns_sup,48},pid=<0.1054.0>.
2026-09-11 20:54:46.247127+09:00 [info] <0.1006.0>@supervisor:report_progress/2:1582 Supervisor: {<0.1006.0>,ranch_conns_sup_sup}. Started: id={ranch_conns_sup,49},pid=<0.1055.0>.
2026-09-11 20:54:46.247192+09:00 [info] <0.1006.0>@supervisor:report_progress/2:1582 Supervisor: {<0.1006.0>,ranch_conns_sup_sup}. Started: id={ranch_conns_sup,50},pid=<0.1056.0>.
2026-09-11 20:54:46.247230+09:00 [info] <0.1006.0>@supervisor:report_progress/2:1582 Supervisor: {<0.1006.0>,ranch_conns_sup_sup}. Started: id={ranch_conns_sup,51},pid=<0.1057.0>.
2026-09-11 20:54:46.247284+09:00 [info] <0.1006.0>@supervisor:report_progress/2:1582 Supervisor: {<0.1006.0>,ranch_conns_sup_sup}. Started: id={ranch_conns_sup,52},pid=<0.1058.0>.
2026-09-11 20:54:46.247363+09:00 [info] <0.1006.0>@supervisor:report_progress/2:1582 Supervisor: {<0.1006.0>,ranch_conns_sup_sup}. Started: id={ranch_conns_sup,53},pid=<0.1059.0>.
2026-09-11 20:54:46.247442+09:00 [info] <0.1006.0>@supervisor:report_progress/2:1582 Supervisor: {<0.1006.0>,ranch_conns_sup_sup}. Started: id={ranch_conns_sup,54},pid=<0.1060.0>.
2026-09-11 20:54:46.247517+09:00 [info] <0.1006.0>@supervisor:report_progress/2:1582 Supervisor: {<0.1006.0>,ranch_conns_sup_sup}. Started: id={ranch_conns_sup,55},pid=<0.1061.0>.
2026-09-11 20:54:46.247585+09:00 [info] <0.1006.0>@supervisor:report_progress/2:1582 Supervisor: {<0.1006.0>,ranch_conns_sup_sup}. Started: id={ranch_conns_sup,56},pid=<0.1062.0>.
2026-09-11 20:54:46.247666+09:00 [info] <0.1006.0>@supervisor:report_progress/2:1582 Supervisor: {<0.1006.0>,ranch_conns_sup_sup}. Started: id={ranch_conns_sup,57},pid=<0.1063.0>.
2026-09-11 20:54:46.247753+09:00 [info] <0.1006.0>@supervisor:report_progress/2:1582 Supervisor: {<0.1006.0>,ranch_conns_sup_sup}. Started: id={ranch_conns_sup,58},pid=<0.1064.0>.
2026-09-11 20:54:46.247804+09:00 [info] <0.1006.0>@supervisor:report_progress/2:1582 Supervisor: {<0.1006.0>,ranch_conns_sup_sup}. Started: id={ranch_conns_sup,59},pid=<0.1065.0>.
2026-09-11 20:54:46.247842+09:00 [info] <0.1006.0>@supervisor:report_progress/2:1582 Supervisor: {<0.1006.0>,ranch_conns_sup_sup}. Started: id={ranch_conns_sup,60},pid=<0.1066.0>.
2026-09-11 20:54:46.247914+09:00 [info] <0.1006.0>@supervisor:report_progress/2:1582 Supervisor: {<0.1006.0>,ranch_conns_sup_sup}. Started: id={ranch_conns_sup,61},pid=<0.1067.0>.
2026-09-11 20:54:46.248010+09:00 [info] <0.1006.0>@supervisor:report_progress/2:1582 Supervisor: {<0.1006.0>,ranch_conns_sup_sup}. Started: id={ranch_conns_sup,62},pid=<0.1068.0>.
2026-09-11 20:54:46.248054+09:00 [info] <0.1006.0>@supervisor:report_progress/2:1582 Supervisor: {<0.1006.0>,ranch_conns_sup_sup}. Started: id={ranch_conns_sup,63},pid=<0.1069.0>.
2026-09-11 20:54:46.248145+09:00 [info] <0.1006.0>@supervisor:report_progress/2:1582 Supervisor: {<0.1006.0>,ranch_conns_sup_sup}. Started: id={ranch_conns_sup,64},pid=<0.1070.0>.
2026-09-11 20:54:46.248196+09:00 [info] <0.1006.0>@supervisor:report_progress/2:1582 Supervisor: {<0.1006.0>,ranch_conns_sup_sup}. Started: id={ranch_conns_sup,65},pid=<0.1071.0>.
2026-09-11 20:54:46.248244+09:00 [info] <0.1006.0>@supervisor:report_progress/2:1582 Supervisor: {<0.1006.0>,ranch_conns_sup_sup}. Started: id={ranch_conns_sup,66},pid=<0.1072.0>.
2026-09-11 20:54:46.248280+09:00 [info] <0.1006.0>@supervisor:report_progress/2:1582 Supervisor: {<0.1006.0>,ranch_conns_sup_sup}. Started: id={ranch_conns_sup,67},pid=<0.1073.0>.
2026-09-11 20:54:46.248358+09:00 [info] <0.1006.0>@supervisor:report_progress/2:1582 Supervisor: {<0.1006.0>,ranch_conns_sup_sup}. Started: id={ranch_conns_sup,68},pid=<0.1074.0>.
2026-09-11 20:54:46.248406+09:00 [info] <0.1006.0>@supervisor:report_progress/2:1582 Supervisor: {<0.1006.0>,ranch_conns_sup_sup}. Started: id={ranch_conns_sup,69},pid=<0.1075.0>.
2026-09-11 20:54:46.248443+09:00 [info] <0.1006.0>@supervisor:report_progress/2:1582 Supervisor: {<0.1006.0>,ranch_conns_sup_sup}. Started: id={ranch_conns_sup,70},pid=<0.1076.0>.
2026-09-11 20:54:46.248500+09:00 [info] <0.1006.0>@supervisor:report_progress/2:1582 Supervisor: {<0.1006.0>,ranch_conns_sup_sup}. Started: id={ranch_conns_sup,71},pid=<0.1077.0>.
2026-09-11 20:54:46.248643+09:00 [info] <0.1006.0>@supervisor:report_progress/2:1582 Supervisor: {<0.1006.0>,ranch_conns_sup_sup}. Started: id={ranch_conns_sup,72},pid=<0.1078.0>.
2026-09-11 20:54:46.248681+09:00 [info] <0.1006.0>@supervisor:report_progress/2:1582 Supervisor: {<0.1006.0>,ranch_conns_sup_sup}. Started: id={ranch_conns_sup,73},pid=<0.1079.0>.
2026-09-11 20:54:46.248738+09:00 [info] <0.1006.0>@supervisor:report_progress/2:1582 Supervisor: {<0.1006.0>,ranch_conns_sup_sup}. Started: id={ranch_conns_sup,74},pid=<0.1080.0>.
2026-09-11 20:54:46.248807+09:00 [info] <0.1006.0>@supervisor:report_progress/2:1582 Supervisor: {<0.1006.0>,ranch_conns_sup_sup}. Started: id={ranch_conns_sup,75},pid=<0.1081.0>.
2026-09-11 20:54:46.248851+09:00 [info] <0.1006.0>@supervisor:report_progress/2:1582 Supervisor: {<0.1006.0>,ranch_conns_sup_sup}. Started: id={ranch_conns_sup,76},pid=<0.1082.0>.
2026-09-11 20:54:46.248910+09:00 [info] <0.1006.0>@supervisor:report_progress/2:1582 Supervisor: {<0.1006.0>,ranch_conns_sup_sup}. Started: id={ranch_conns_sup,77},pid=<0.1083.0>.
2026-09-11 20:54:46.248998+09:00 [info] <0.1006.0>@supervisor:report_progress/2:1582 Supervisor: {<0.1006.0>,ranch_conns_sup_sup}. Started: id={ranch_conns_sup,78},pid=<0.1084.0>.
2026-09-11 20:54:46.249037+09:00 [info] <0.1006.0>@supervisor:report_progress/2:1582 Supervisor: {<0.1006.0>,ranch_conns_sup_sup}. Started: id={ranch_conns_sup,79},pid=<0.1085.0>.
2026-09-11 20:54:46.249074+09:00 [info] <0.1006.0>@supervisor:report_progress/2:1582 Supervisor: {<0.1006.0>,ranch_conns_sup_sup}. Started: id={ranch_conns_sup,80},pid=<0.1086.0>.
2026-09-11 20:54:46.249110+09:00 [info] <0.1006.0>@supervisor:report_progress/2:1582 Supervisor: {<0.1006.0>,ranch_conns_sup_sup}. Started: id={ranch_conns_sup,81},pid=<0.1087.0>.
2026-09-11 20:54:46.249187+09:00 [info] <0.1006.0>@supervisor:report_progress/2:1582 Supervisor: {<0.1006.0>,ranch_conns_sup_sup}. Started: id={ranch_conns_sup,82},pid=<0.1088.0>.
2026-09-11 20:54:46.249272+09:00 [info] <0.1006.0>@supervisor:report_progress/2:1582 Supervisor: {<0.1006.0>,ranch_conns_sup_sup}. Started: id={ranch_conns_sup,83},pid=<0.1089.0>.
2026-09-11 20:54:46.249338+09:00 [info] <0.1006.0>@supervisor:report_progress/2:1582 Supervisor: {<0.1006.0>,ranch_conns_sup_sup}. Started: id={ranch_conns_sup,84},pid=<0.1090.0>.
2026-09-11 20:54:46.249410+09:00 [info] <0.1006.0>@supervisor:report_progress/2:1582 Supervisor: {<0.1006.0>,ranch_conns_sup_sup}. Started: id={ranch_conns_sup,85},pid=<0.1091.0>.
2026-09-11 20:54:46.249449+09:00 [info] <0.1006.0>@supervisor:report_progress/2:1582 Supervisor: {<0.1006.0>,ranch_conns_sup_sup}. Started: id={ranch_conns_sup,86},pid=<0.1092.0>.
2026-09-11 20:54:46.249511+09:00 [info] <0.1006.0>@supervisor:report_progress/2:1582 Supervisor: {<0.1006.0>,ranch_conns_sup_sup}. Started: id={ranch_conns_sup,87},pid=<0.1093.0>.
2026-09-11 20:54:46.249547+09:00 [info] <0.1006.0>@supervisor:report_progress/2:1582 Supervisor: {<0.1006.0>,ranch_conns_sup_sup}. Started: id={ranch_conns_sup,88},pid=<0.1094.0>.
2026-09-11 20:54:46.249608+09:00 [info] <0.1006.0>@supervisor:report_progress/2:1582 Supervisor: {<0.1006.0>,ranch_conns_sup_sup}. Started: id={ranch_conns_sup,89},pid=<0.1095.0>.
2026-09-11 20:54:46.249941+09:00 [info] <0.1006.0>@supervisor:report_progress/2:1582 Supervisor: {<0.1006.0>,ranch_conns_sup_sup}. Started: id={ranch_conns_sup,90},pid=<0.1096.0>.
2026-09-11 20:54:46.254096+09:00 [info] <0.1006.0>@supervisor:report_progress/2:1582 Supervisor: {<0.1006.0>,ranch_conns_sup_sup}. Started: id={ranch_conns_sup,91},pid=<0.1097.0>.
2026-09-11 20:54:46.254240+09:00 [info] <0.1006.0>@supervisor:report_progress/2:1582 Supervisor: {<0.1006.0>,ranch_conns_sup_sup}. Started: id={ranch_conns_sup,92},pid=<0.1098.0>.
2026-09-11 20:54:46.254344+09:00 [info] <0.1006.0>@supervisor:report_progress/2:1582 Supervisor: {<0.1006.0>,ranch_conns_sup_sup}. Started: id={ranch_conns_sup,93},pid=<0.1099.0>.
2026-09-11 20:54:46.254402+09:00 [info] <0.1006.0>@supervisor:report_progress/2:1582 Supervisor: {<0.1006.0>,ranch_conns_sup_sup}. Started: id={ranch_conns_sup,94},pid=<0.1100.0>.
2026-09-11 20:54:46.254478+09:00 [info] <0.1006.0>@supervisor:report_progress/2:1582 Supervisor: {<0.1006.0>,ranch_conns_sup_sup}. Started: id={ranch_conns_sup,95},pid=<0.1101.0>.
2026-09-11 20:54:46.254524+09:00 [info] <0.1006.0>@supervisor:report_progress/2:1582 Supervisor: {<0.1006.0>,ranch_conns_sup_sup}. Started: id={ranch_conns_sup,96},pid=<0.1102.0>.
2026-09-11 20:54:46.254595+09:00 [info] <0.1006.0>@supervisor:report_progress/2:1582 Supervisor: {<0.1006.0>,ranch_conns_sup_sup}. Started: id={ranch_conns_sup,97},pid=<0.1103.0>.
2026-09-11 20:54:46.254638+09:00 [info] <0.1006.0>@supervisor:report_progress/2:1582 Supervisor: {<0.1006.0>,ranch_conns_sup_sup}. Started: id={ranch_conns_sup,98},pid=<0.1104.0>.
2026-09-11 20:54:46.254706+09:00 [info] <0.1006.0>@supervisor:report_progress/2:1582 Supervisor: {<0.1006.0>,ranch_conns_sup_sup}. Started: id={ranch_conns_sup,99},pid=<0.1105.0>.
2026-09-11 20:54:46.254807+09:00 [info] <0.1006.0>@supervisor:report_progress/2:1582 Supervisor: {<0.1006.0>,ranch_conns_sup_sup}. Started: id={ranch_conns_sup,100},pid=<0.1106.0>.
2026-09-11 20:54:46.254940+09:00 [info] <0.1005.0>@supervisor:report_progress/2:1582 Supervisor: {<0.1005.0>,ranch_listener_sup}. Started: id=ranch_conns_sup_sup,pid=<0.1006.0>.
2026-09-11 20:54:46.270140+09:00 [info] <0.1107.0>@supervisor:report_progress/2:1582 Supervisor: {<0.1107.0>,ranch_acceptors_sup}. Started: id={acceptor,<0.1107.0>,1},pid=<0.1108.0>.
2026-09-11 20:54:46.270581+09:00 [info] <0.1107.0>@supervisor:report_progress/2:1582 Supervisor: {<0.1107.0>,ranch_acceptors_sup}. Started: id={acceptor,<0.1107.0>,2},pid=<0.1109.0>.
2026-09-11 20:54:46.270846+09:00 [info] <0.1107.0>@supervisor:report_progress/2:1582 Supervisor: {<0.1107.0>,ranch_acceptors_sup}. Started: id={acceptor,<0.1107.0>,3},pid=<0.1110.0>.
2026-09-11 20:54:46.271120+09:00 [info] <0.1107.0>@supervisor:report_progress/2:1582 Supervisor: {<0.1107.0>,ranch_acceptors_sup}. Started: id={acceptor,<0.1107.0>,4},pid=<0.1111.0>.
2026-09-11 20:54:46.271423+09:00 [info] <0.1107.0>@supervisor:report_progress/2:1582 Supervisor: {<0.1107.0>,ranch_acceptors_sup}. Started: id={acceptor,<0.1107.0>,5},pid=<0.1112.0>.
2026-09-11 20:54:46.271651+09:00 [info] <0.1107.0>@supervisor:report_progress/2:1582 Supervisor: {<0.1107.0>,ranch_acceptors_sup}. Started: id={acceptor,<0.1107.0>,6},pid=<0.1113.0>.
2026-09-11 20:54:46.271861+09:00 [info] <0.1107.0>@supervisor:report_progress/2:1582 Supervisor: {<0.1107.0>,ranch_acceptors_sup}. Started: id={acceptor,<0.1107.0>,7},pid=<0.1114.0>.
2026-09-11 20:54:46.272032+09:00 [info] <0.1107.0>@supervisor:report_progress/2:1582 Supervisor: {<0.1107.0>,ranch_acceptors_sup}. Started: id={acceptor,<0.1107.0>,8},pid=<0.1115.0>.
2026-09-11 20:54:46.272247+09:00 [info] <0.1107.0>@supervisor:report_progress/2:1582 Supervisor: {<0.1107.0>,ranch_acceptors_sup}. Started: id={acceptor,<0.1107.0>,9},pid=<0.1116.0>.
2026-09-11 20:54:46.272540+09:00 [info] <0.1107.0>@supervisor:report_progress/2:1582 Supervisor: {<0.1107.0>,ranch_acceptors_sup}. Started: id={acceptor,<0.1107.0>,10},pid=<0.1117.0>.
2026-09-11 20:54:46.272704+09:00 [info] <0.1107.0>@supervisor:report_progress/2:1582 Supervisor: {<0.1107.0>,ranch_acceptors_sup}. Started: id={acceptor,<0.1107.0>,11},pid=<0.1118.0>.
2026-09-11 20:54:46.272916+09:00 [info] <0.1107.0>@supervisor:report_progress/2:1582 Supervisor: {<0.1107.0>,ranch_acceptors_sup}. Started: id={acceptor,<0.1107.0>,12},pid=<0.1119.0>.
2026-09-11 20:54:46.273076+09:00 [info] <0.1107.0>@supervisor:report_progress/2:1582 Supervisor: {<0.1107.0>,ranch_acceptors_sup}. Started: id={acceptor,<0.1107.0>,13},pid=<0.1120.0>.
2026-09-11 20:54:46.273470+09:00 [info] <0.1107.0>@supervisor:report_progress/2:1582 Supervisor: {<0.1107.0>,ranch_acceptors_sup}. Started: id={acceptor,<0.1107.0>,14},pid=<0.1121.0>.
2026-09-11 20:54:46.273788+09:00 [info] <0.1107.0>@supervisor:report_progress/2:1582 Supervisor: {<0.1107.0>,ranch_acceptors_sup}. Started: id={acceptor,<0.1107.0>,15},pid=<0.1122.0>.
2026-09-11 20:54:46.273998+09:00 [info] <0.1107.0>@supervisor:report_progress/2:1582 Supervisor: {<0.1107.0>,ranch_acceptors_sup}. Started: id={acceptor,<0.1107.0>,16},pid=<0.1123.0>.
2026-09-11 20:54:46.274225+09:00 [info] <0.1107.0>@supervisor:report_progress/2:1582 Supervisor: {<0.1107.0>,ranch_acceptors_sup}. Started: id={acceptor,<0.1107.0>,17},pid=<0.1124.0>.
2026-09-11 20:54:46.274393+09:00 [info] <0.1107.0>@supervisor:report_progress/2:1582 Supervisor: {<0.1107.0>,ranch_acceptors_sup}. Started: id={acceptor,<0.1107.0>,18},pid=<0.1125.0>.
2026-09-11 20:54:46.276474+09:00 [info] <0.1107.0>@supervisor:report_progress/2:1582 Supervisor: {<0.1107.0>,ranch_acceptors_sup}. Started: id={acceptor,<0.1107.0>,19},pid=<0.1126.0>.
2026-09-11 20:54:46.277487+09:00 [info] <0.1107.0>@supervisor:report_progress/2:1582 Supervisor: {<0.1107.0>,ranch_acceptors_sup}. Started: id={acceptor,<0.1107.0>,20},pid=<0.1127.0>.
2026-09-11 20:54:46.277766+09:00 [info] <0.1107.0>@supervisor:report_progress/2:1582 Supervisor: {<0.1107.0>,ranch_acceptors_sup}. Started: id={acceptor,<0.1107.0>,21},pid=<0.1128.0>.
2026-09-11 20:54:46.278006+09:00 [info] <0.1107.0>@supervisor:report_progress/2:1582 Supervisor: {<0.1107.0>,ranch_acceptors_sup}. Started: id={acceptor,<0.1107.0>,22},pid=<0.1129.0>.
2026-09-11 20:54:46.278185+09:00 [info] <0.1107.0>@supervisor:report_progress/2:1582 Supervisor: {<0.1107.0>,ranch_acceptors_sup}. Started: id={acceptor,<0.1107.0>,23},pid=<0.1130.0>.
2026-09-11 20:54:46.278395+09:00 [info] <0.1107.0>@supervisor:report_progress/2:1582 Supervisor: {<0.1107.0>,ranch_acceptors_sup}. Started: id={acceptor,<0.1107.0>,24},pid=<0.1131.0>.
2026-09-11 20:54:46.278503+09:00 [info] <0.1107.0>@supervisor:report_progress/2:1582 Supervisor: {<0.1107.0>,ranch_acceptors_sup}. Started: id={acceptor,<0.1107.0>,25},pid=<0.1132.0>.
2026-09-11 20:54:46.278570+09:00 [info] <0.1107.0>@supervisor:report_progress/2:1582 Supervisor: {<0.1107.0>,ranch_acceptors_sup}. Started: id={acceptor,<0.1107.0>,26},pid=<0.1133.0>.
2026-09-11 20:54:46.278686+09:00 [info] <0.1107.0>@supervisor:report_progress/2:1582 Supervisor: {<0.1107.0>,ranch_acceptors_sup}. Started: id={acceptor,<0.1107.0>,27},pid=<0.1134.0>.
2026-09-11 20:54:46.278765+09:00 [info] <0.1107.0>@supervisor:report_progress/2:1582 Supervisor: {<0.1107.0>,ranch_acceptors_sup}. Started: id={acceptor,<0.1107.0>,28},pid=<0.1135.0>.
2026-09-11 20:54:46.278846+09:00 [info] <0.1107.0>@supervisor:report_progress/2:1582 Supervisor: {<0.1107.0>,ranch_acceptors_sup}. Started: id={acceptor,<0.1107.0>,29},pid=<0.1136.0>.
2026-09-11 20:54:46.278937+09:00 [info] <0.1107.0>@supervisor:report_progress/2:1582 Supervisor: {<0.1107.0>,ranch_acceptors_sup}. Started: id={acceptor,<0.1107.0>,30},pid=<0.1137.0>.
2026-09-11 20:54:46.279015+09:00 [info] <0.1107.0>@supervisor:report_progress/2:1582 Supervisor: {<0.1107.0>,ranch_acceptors_sup}. Started: id={acceptor,<0.1107.0>,31},pid=<0.1138.0>.
2026-09-11 20:54:46.279125+09:00 [info] <0.1107.0>@supervisor:report_progress/2:1582 Supervisor: {<0.1107.0>,ranch_acceptors_sup}. Started: id={acceptor,<0.1107.0>,32},pid=<0.1139.0>.
2026-09-11 20:54:46.279198+09:00 [info] <0.1107.0>@supervisor:report_progress/2:1582 Supervisor: {<0.1107.0>,ranch_acceptors_sup}. Started: id={acceptor,<0.1107.0>,33},pid=<0.1140.0>.
2026-09-11 20:54:46.279282+09:00 [info] <0.1107.0>@supervisor:report_progress/2:1582 Supervisor: {<0.1107.0>,ranch_acceptors_sup}. Started: id={acceptor,<0.1107.0>,34},pid=<0.1141.0>.
2026-09-11 20:54:46.279372+09:00 [info] <0.1107.0>@supervisor:report_progress/2:1582 Supervisor: {<0.1107.0>,ranch_acceptors_sup}. Started: id={acceptor,<0.1107.0>,35},pid=<0.1142.0>.
2026-09-11 20:54:46.279453+09:00 [info] <0.1107.0>@supervisor:report_progress/2:1582 Supervisor: {<0.1107.0>,ranch_acceptors_sup}. Started: id={acceptor,<0.1107.0>,36},pid=<0.1143.0>.
2026-09-11 20:54:46.279547+09:00 [info] <0.1107.0>@supervisor:report_progress/2:1582 Supervisor: {<0.1107.0>,ranch_acceptors_sup}. Started: id={acceptor,<0.1107.0>,37},pid=<0.1144.0>.
2026-09-11 20:54:46.279630+09:00 [info] <0.1107.0>@supervisor:report_progress/2:1582 Supervisor: {<0.1107.0>,ranch_acceptors_sup}. Started: id={acceptor,<0.1107.0>,38},pid=<0.1145.0>.
2026-09-11 20:54:46.279723+09:00 [info] <0.1107.0>@supervisor:report_progress/2:1582 Supervisor: {<0.1107.0>,ranch_acceptors_sup}. Started: id={acceptor,<0.1107.0>,39},pid=<0.1146.0>.
2026-09-11 20:54:46.279815+09:00 [info] <0.1107.0>@supervisor:report_progress/2:1582 Supervisor: {<0.1107.0>,ranch_acceptors_sup}. Started: id={acceptor,<0.1107.0>,40},pid=<0.1147.0>.
2026-09-11 20:54:46.279890+09:00 [info] <0.1107.0>@supervisor:report_progress/2:1582 Supervisor: {<0.1107.0>,ranch_acceptors_sup}. Started: id={acceptor,<0.1107.0>,41},pid=<0.1148.0>.
2026-09-11 20:54:46.280004+09:00 [info] <0.1107.0>@supervisor:report_progress/2:1582 Supervisor: {<0.1107.0>,ranch_acceptors_sup}. Started: id={acceptor,<0.1107.0>,42},pid=<0.1149.0>.
2026-09-11 20:54:46.280089+09:00 [info] <0.1107.0>@supervisor:report_progress/2:1582 Supervisor: {<0.1107.0>,ranch_acceptors_sup}. Started: id={acceptor,<0.1107.0>,43},pid=<0.1150.0>.
2026-09-11 20:54:46.280170+09:00 [info] <0.1107.0>@supervisor:report_progress/2:1582 Supervisor: {<0.1107.0>,ranch_acceptors_sup}. Started: id={acceptor,<0.1107.0>,44},pid=<0.1151.0>.
2026-09-11 20:54:46.280248+09:00 [info] <0.1107.0>@supervisor:report_progress/2:1582 Supervisor: {<0.1107.0>,ranch_acceptors_sup}. Started: id={acceptor,<0.1107.0>,45},pid=<0.1152.0>.
2026-09-11 20:54:46.280326+09:00 [info] <0.1107.0>@supervisor:report_progress/2:1582 Supervisor: {<0.1107.0>,ranch_acceptors_sup}. Started: id={acceptor,<0.1107.0>,46},pid=<0.1153.0>.
2026-09-11 20:54:46.280415+09:00 [info] <0.1107.0>@supervisor:report_progress/2:1582 Supervisor: {<0.1107.0>,ranch_acceptors_sup}. Started: id={acceptor,<0.1107.0>,47},pid=<0.1154.0>.
2026-09-11 20:54:46.280479+09:00 [info] <0.1107.0>@supervisor:report_progress/2:1582 Supervisor: {<0.1107.0>,ranch_acceptors_sup}. Started: id={acceptor,<0.1107.0>,48},pid=<0.1155.0>.
2026-09-11 20:54:46.280590+09:00 [info] <0.1107.0>@supervisor:report_progress/2:1582 Supervisor: {<0.1107.0>,ranch_acceptors_sup}. Started: id={acceptor,<0.1107.0>,49},pid=<0.1156.0>.
2026-09-11 20:54:46.280697+09:00 [info] <0.1107.0>@supervisor:report_progress/2:1582 Supervisor: {<0.1107.0>,ranch_acceptors_sup}. Started: id={acceptor,<0.1107.0>,50},pid=<0.1157.0>.
2026-09-11 20:54:46.280759+09:00 [info] <0.1107.0>@supervisor:report_progress/2:1582 Supervisor: {<0.1107.0>,ranch_acceptors_sup}. Started: id={acceptor,<0.1107.0>,51},pid=<0.1158.0>.
2026-09-11 20:54:46.280832+09:00 [info] <0.1107.0>@supervisor:report_progress/2:1582 Supervisor: {<0.1107.0>,ranch_acceptors_sup}. Started: id={acceptor,<0.1107.0>,52},pid=<0.1159.0>.
2026-09-11 20:54:46.280912+09:00 [info] <0.1107.0>@supervisor:report_progress/2:1582 Supervisor: {<0.1107.0>,ranch_acceptors_sup}. Started: id={acceptor,<0.1107.0>,53},pid=<0.1160.0>.
2026-09-11 20:54:46.281056+09:00 [info] <0.1107.0>@supervisor:report_progress/2:1582 Supervisor: {<0.1107.0>,ranch_acceptors_sup}. Started: id={acceptor,<0.1107.0>,54},pid=<0.1161.0>.
2026-09-11 20:54:46.281138+09:00 [info] <0.1107.0>@supervisor:report_progress/2:1582 Supervisor: {<0.1107.0>,ranch_acceptors_sup}. Started: id={acceptor,<0.1107.0>,55},pid=<0.1162.0>.
2026-09-11 20:54:46.281209+09:00 [info] <0.1107.0>@supervisor:report_progress/2:1582 Supervisor: {<0.1107.0>,ranch_acceptors_sup}. Started: id={acceptor,<0.1107.0>,56},pid=<0.1163.0>.
2026-09-11 20:54:46.281294+09:00 [info] <0.1107.0>@supervisor:report_progress/2:1582 Supervisor: {<0.1107.0>,ranch_acceptors_sup}. Started: id={acceptor,<0.1107.0>,57},pid=<0.1164.0>.
2026-09-11 20:54:46.281350+09:00 [info] <0.1107.0>@supervisor:report_progress/2:1582 Supervisor: {<0.1107.0>,ranch_acceptors_sup}. Started: id={acceptor,<0.1107.0>,58},pid=<0.1165.0>.
2026-09-11 20:54:46.281431+09:00 [info] <0.1107.0>@supervisor:report_progress/2:1582 Supervisor: {<0.1107.0>,ranch_acceptors_sup}. Started: id={acceptor,<0.1107.0>,59},pid=<0.1166.0>.
2026-09-11 20:54:46.281517+09:00 [info] <0.1107.0>@supervisor:report_progress/2:1582 Supervisor: {<0.1107.0>,ranch_acceptors_sup}. Started: id={acceptor,<0.1107.0>,60},pid=<0.1167.0>.
2026-09-11 20:54:46.281578+09:00 [info] <0.1107.0>@supervisor:report_progress/2:1582 Supervisor: {<0.1107.0>,ranch_acceptors_sup}. Started: id={acceptor,<0.1107.0>,61},pid=<0.1168.0>.
2026-09-11 20:54:46.282653+09:00 [info] <0.1107.0>@supervisor:report_progress/2:1582 Supervisor: {<0.1107.0>,ranch_acceptors_sup}. Started: id={acceptor,<0.1107.0>,62},pid=<0.1169.0>.
2026-09-11 20:54:46.283056+09:00 [info] <0.1107.0>@supervisor:report_progress/2:1582 Supervisor: {<0.1107.0>,ranch_acceptors_sup}. Started: id={acceptor,<0.1107.0>,63},pid=<0.1170.0>.
2026-09-11 20:54:46.283356+09:00 [info] <0.1107.0>@supervisor:report_progress/2:1582 Supervisor: {<0.1107.0>,ranch_acceptors_sup}. Started: id={acceptor,<0.1107.0>,64},pid=<0.1171.0>.
2026-09-11 20:54:46.283638+09:00 [info] <0.1107.0>@supervisor:report_progress/2:1582 Supervisor: {<0.1107.0>,ranch_acceptors_sup}. Started: id={acceptor,<0.1107.0>,65},pid=<0.1172.0>.
2026-09-11 20:54:46.283828+09:00 [info] <0.1107.0>@supervisor:report_progress/2:1582 Supervisor: {<0.1107.0>,ranch_acceptors_sup}. Started: id={acceptor,<0.1107.0>,66},pid=<0.1173.0>.
2026-09-11 20:54:46.284156+09:00 [info] <0.1107.0>@supervisor:report_progress/2:1582 Supervisor: {<0.1107.0>,ranch_acceptors_sup}. Started: id={acceptor,<0.1107.0>,67},pid=<0.1174.0>.
2026-09-11 20:54:46.284394+09:00 [info] <0.1107.0>@supervisor:report_progress/2:1582 Supervisor: {<0.1107.0>,ranch_acceptors_sup}. Started: id={acceptor,<0.1107.0>,68},pid=<0.1175.0>.
2026-09-11 20:54:46.284599+09:00 [info] <0.1107.0>@supervisor:report_progress/2:1582 Supervisor: {<0.1107.0>,ranch_acceptors_sup}. Started: id={acceptor,<0.1107.0>,69},pid=<0.1176.0>.
2026-09-11 20:54:46.284908+09:00 [info] <0.1107.0>@supervisor:report_progress/2:1582 Supervisor: {<0.1107.0>,ranch_acceptors_sup}. Started: id={acceptor,<0.1107.0>,70},pid=<0.1177.0>.
2026-09-11 20:54:46.285022+09:00 [info] <0.1107.0>@supervisor:report_progress/2:1582 Supervisor: {<0.1107.0>,ranch_acceptors_sup}. Started: id={acceptor,<0.1107.0>,71},pid=<0.1178.0>.
2026-09-11 20:54:46.285117+09:00 [info] <0.1107.0>@supervisor:report_progress/2:1582 Supervisor: {<0.1107.0>,ranch_acceptors_sup}. Started: id={acceptor,<0.1107.0>,72},pid=<0.1179.0>.
2026-09-11 20:54:46.285176+09:00 [info] <0.1107.0>@supervisor:report_progress/2:1582 Supervisor: {<0.1107.0>,ranch_acceptors_sup}. Started: id={acceptor,<0.1107.0>,73},pid=<0.1180.0>.
2026-09-11 20:54:46.285257+09:00 [info] <0.1107.0>@supervisor:report_progress/2:1582 Supervisor: {<0.1107.0>,ranch_acceptors_sup}. Started: id={acceptor,<0.1107.0>,74},pid=<0.1181.0>.
2026-09-11 20:54:46.285335+09:00 [info] <0.1107.0>@supervisor:report_progress/2:1582 Supervisor: {<0.1107.0>,ranch_acceptors_sup}. Started: id={acceptor,<0.1107.0>,75},pid=<0.1182.0>.
2026-09-11 20:54:46.285443+09:00 [info] <0.1107.0>@supervisor:report_progress/2:1582 Supervisor: {<0.1107.0>,ranch_acceptors_sup}. Started: id={acceptor,<0.1107.0>,76},pid=<0.1183.0>.
2026-09-11 20:54:46.285565+09:00 [info] <0.1107.0>@supervisor:report_progress/2:1582 Supervisor: {<0.1107.0>,ranch_acceptors_sup}. Started: id={acceptor,<0.1107.0>,77},pid=<0.1184.0>.
2026-09-11 20:54:46.286451+09:00 [info] <0.1107.0>@supervisor:report_progress/2:1582 Supervisor: {<0.1107.0>,ranch_acceptors_sup}. Started: id={acceptor,<0.1107.0>,78},pid=<0.1185.0>.
2026-09-11 20:54:46.286605+09:00 [info] <0.1107.0>@supervisor:report_progress/2:1582 Supervisor: {<0.1107.0>,ranch_acceptors_sup}. Started: id={acceptor,<0.1107.0>,79},pid=<0.1186.0>.
2026-09-11 20:54:46.286694+09:00 [info] <0.1107.0>@supervisor:report_progress/2:1582 Supervisor: {<0.1107.0>,ranch_acceptors_sup}. Started: id={acceptor,<0.1107.0>,80},pid=<0.1187.0>.
2026-09-11 20:54:46.286758+09:00 [info] <0.1107.0>@supervisor:report_progress/2:1582 Supervisor: {<0.1107.0>,ranch_acceptors_sup}. Started: id={acceptor,<0.1107.0>,81},pid=<0.1188.0>.
2026-09-11 20:54:46.286834+09:00 [info] <0.1107.0>@supervisor:report_progress/2:1582 Supervisor: {<0.1107.0>,ranch_acceptors_sup}. Started: id={acceptor,<0.1107.0>,82},pid=<0.1189.0>.
2026-09-11 20:54:46.286888+09:00 [info] <0.1107.0>@supervisor:report_progress/2:1582 Supervisor: {<0.1107.0>,ranch_acceptors_sup}. Started: id={acceptor,<0.1107.0>,83},pid=<0.1190.0>.
2026-09-11 20:54:46.286960+09:00 [info] <0.1107.0>@supervisor:report_progress/2:1582 Supervisor: {<0.1107.0>,ranch_acceptors_sup}. Started: id={acceptor,<0.1107.0>,84},pid=<0.1191.0>.
2026-09-11 20:54:46.287031+09:00 [info] <0.1107.0>@supervisor:report_progress/2:1582 Supervisor: {<0.1107.0>,ranch_acceptors_sup}. Started: id={acceptor,<0.1107.0>,85},pid=<0.1192.0>.
2026-09-11 20:54:46.287085+09:00 [info] <0.1107.0>@supervisor:report_progress/2:1582 Supervisor: {<0.1107.0>,ranch_acceptors_sup}. Started: id={acceptor,<0.1107.0>,86},pid=<0.1193.0>.
2026-09-11 20:54:46.287155+09:00 [info] <0.1107.0>@supervisor:report_progress/2:1582 Supervisor: {<0.1107.0>,ranch_acceptors_sup}. Started: id={acceptor,<0.1107.0>,87},pid=<0.1194.0>.
2026-09-11 20:54:46.287212+09:00 [info] <0.1107.0>@supervisor:report_progress/2:1582 Supervisor: {<0.1107.0>,ranch_acceptors_sup}. Started: id={acceptor,<0.1107.0>,88},pid=<0.1195.0>.
2026-09-11 20:54:46.287279+09:00 [info] <0.1107.0>@supervisor:report_progress/2:1582 Supervisor: {<0.1107.0>,ranch_acceptors_sup}. Started: id={acceptor,<0.1107.0>,89},pid=<0.1196.0>.
2026-09-11 20:54:46.287348+09:00 [info] <0.1107.0>@supervisor:report_progress/2:1582 Supervisor: {<0.1107.0>,ranch_acceptors_sup}. Started: id={acceptor,<0.1107.0>,90},pid=<0.1197.0>.
2026-09-11 20:54:46.287403+09:00 [info] <0.1107.0>@supervisor:report_progress/2:1582 Supervisor: {<0.1107.0>,ranch_acceptors_sup}. Started: id={acceptor,<0.1107.0>,91},pid=<0.1198.0>.
2026-09-11 20:54:46.287472+09:00 [info] <0.1107.0>@supervisor:report_progress/2:1582 Supervisor: {<0.1107.0>,ranch_acceptors_sup}. Started: id={acceptor,<0.1107.0>,92},pid=<0.1199.0>.
2026-09-11 20:54:46.287525+09:00 [info] <0.1107.0>@supervisor:report_progress/2:1582 Supervisor: {<0.1107.0>,ranch_acceptors_sup}. Started: id={acceptor,<0.1107.0>,93},pid=<0.1200.0>.
2026-09-11 20:54:46.287597+09:00 [info] <0.1107.0>@supervisor:report_progress/2:1582 Supervisor: {<0.1107.0>,ranch_acceptors_sup}. Started: id={acceptor,<0.1107.0>,94},pid=<0.1201.0>.
2026-09-11 20:54:46.287665+09:00 [info] <0.1107.0>@supervisor:report_progress/2:1582 Supervisor: {<0.1107.0>,ranch_acceptors_sup}. Started: id={acceptor,<0.1107.0>,95},pid=<0.1202.0>.
2026-09-11 20:54:46.287719+09:00 [info] <0.1107.0>@supervisor:report_progress/2:1582 Supervisor: {<0.1107.0>,ranch_acceptors_sup}. Started: id={acceptor,<0.1107.0>,96},pid=<0.1203.0>.
2026-09-11 20:54:46.287788+09:00 [info] <0.1107.0>@supervisor:report_progress/2:1582 Supervisor: {<0.1107.0>,ranch_acceptors_sup}. Started: id={acceptor,<0.1107.0>,97},pid=<0.1204.0>.
2026-09-11 20:54:46.287843+09:00 [info] <0.1107.0>@supervisor:report_progress/2:1582 Supervisor: {<0.1107.0>,ranch_acceptors_sup}. Started: id={acceptor,<0.1107.0>,98},pid=<0.1205.0>.
2026-09-11 20:54:46.287942+09:00 [info] <0.1107.0>@supervisor:report_progress/2:1582 Supervisor: {<0.1107.0>,ranch_acceptors_sup}. Started: id={acceptor,<0.1107.0>,99},pid=<0.1206.0>.
2026-09-11 20:54:46.288037+09:00 [info] <0.1107.0>@supervisor:report_progress/2:1582 Supervisor: {<0.1107.0>,ranch_acceptors_sup}. Started: id={acceptor,<0.1107.0>,100},pid=<0.1207.0>.
2026-09-11 20:54:46.288142+09:00 [info] <0.1005.0>@supervisor:report_progress/2:1582 Supervisor: {<0.1005.0>,ranch_listener_sup}. Started: id=ranch_acceptors_sup,pid=<0.1107.0>.
2026-09-11 20:54:46.288230+09:00 [info] <0.608.0>@supervisor:report_progress/2:1582 Supervisor: {local,ranch_sup}. Started: id={ranch_listener_sup,{[49,50,55,46,48,46,48,46,49],9080}},pid=<0.1005.0>.
2026-09-11 20:54:46.288309+09:00 [info] <0.1003.0>@riak_core_service_mgr:start_dispatcher/3:524 Service manager: listening on 127.0.0.1:9080
2026-09-11 20:54:46.288467+09:00 [info] <0.1002.0>@supervisor:report_progress/2:1582 Supervisor: {local,riak_core_cluster_mgr_sup}. Started: id=riak_core_service_mgr,pid=<0.1003.0>.
2026-09-11 20:54:46.293232+09:00 [info] <0.1002.0>@supervisor:report_progress/2:1582 Supervisor: {local,riak_core_cluster_mgr_sup}. Started: id=riak_core_connection_mgr,pid=<0.1208.0>.
2026-09-11 20:54:46.296153+09:00 [info] <0.1002.0>@supervisor:report_progress/2:1582 Supervisor: {local,riak_core_cluster_mgr_sup}. Started: id=riak_core_cluster_conn_sup,pid=<0.1209.0>.
2026-09-11 20:54:46.301497+09:00 [info] <0.1210.0>@riak_core_cluster_mgr:become_leader/2:706 ClusterManager: 'openriak-kv@node-02.cluster-a.openriak' becoming the leader
2026-09-11 20:54:46.301753+09:00 [info] <0.1002.0>@supervisor:report_progress/2:1582 Supervisor: {local,riak_core_cluster_mgr_sup}. Started: id=riak_repl_cluster_mgr,pid=<0.1210.0>.
2026-09-11 20:54:46.313203+09:00 [info] <0.1211.0>@riak_core_tcp_mon:init/1:167 Starting TCP Monitor
2026-09-11 20:54:46.313431+09:00 [info] <0.1002.0>@supervisor:report_progress/2:1582 Supervisor: {local,riak_core_cluster_mgr_sup}. Started: id=riak_core_tcp_mon,pid=<0.1211.0>.
2026-09-11 20:54:46.313596+09:00 [info] <0.991.0>@supervisor:report_progress/2:1582 Supervisor: {local,riak_repl_sup}. Started: id=riak_core_cluster_mgr_sup,pid=<0.1002.0>.
2026-09-11 20:54:46.315958+09:00 [info] <0.991.0>@supervisor:report_progress/2:1582 Supervisor: {local,riak_repl_sup}. Started: id=riak_repl2_fs_node_reserver,pid=<0.1212.0>.
2026-09-11 20:54:46.330787+09:00 [info] <0.1214.0>@supervisor:report_progress/2:1582 Supervisor: {local,riak_repl2_rtsource_sup}. Started: id=riak_repl2_rtq,pid=<0.1215.0>.
2026-09-11 20:54:46.348808+09:00 [info] <0.1214.0>@supervisor:report_progress/2:1582 Supervisor: {local,riak_repl2_rtsource_sup}. Started: id=riak_repl2_rtq_overload_counter,pid=<0.1216.0>.
2026-09-11 20:54:46.359432+09:00 [info] <0.1214.0>@supervisor:report_progress/2:1582 Supervisor: {local,riak_repl2_rtsource_sup}. Started: id=riak_repl2_rtsource_conn_sup,pid=<0.1217.0>.
2026-09-11 20:54:46.359772+09:00 [info] <0.1213.0>@supervisor:report_progress/2:1582 Supervisor: {local,riak_repl2_rt_sup}. Started: id=riak_repl2_rtsource_sup,pid=<0.1214.0>.
2026-09-11 20:54:46.364498+09:00 [info] <0.1218.0>@supervisor:report_progress/2:1582 Supervisor: {local,riak_repl2_rtsink_sup}. Started: id=riak_repl2_rtsink_pool,pid=<0.1219.0>.
2026-09-11 20:54:46.366544+09:00 [info] <0.1218.0>@supervisor:report_progress/2:1582 Supervisor: {local,riak_repl2_rtsink_sup}. Started: id=riak_repl2_rtsink_conn_sup,pid=<0.1226.0>.
2026-09-11 20:54:46.366699+09:00 [info] <0.1213.0>@supervisor:report_progress/2:1582 Supervisor: {local,riak_repl2_rt_sup}. Started: id=riak_repl2_rtsink_sup,pid=<0.1218.0>.
2026-09-11 20:54:46.366785+09:00 [info] <0.1213.0>@supervisor:report_progress/2:1582 Supervisor: {local,riak_repl2_rt_sup}. Started: id=riak_repl2_rt,pid=<0.1227.0>.
2026-09-11 20:54:46.366850+09:00 [info] <0.991.0>@supervisor:report_progress/2:1582 Supervisor: {local,riak_repl_sup}. Started: id=riak_repl2_rt_sup,pid=<0.1213.0>.
2026-09-11 20:54:46.368657+09:00 [info] <0.991.0>@supervisor:report_progress/2:1582 Supervisor: {local,riak_repl_sup}. Started: id=riak_repl2_fscoordinator_sup,pid=<0.1228.0>.
2026-09-11 20:54:46.371490+09:00 [info] <0.991.0>@supervisor:report_progress/2:1582 Supervisor: {local,riak_repl_sup}. Started: id=riak_repl2_fscoordinator_serv_sup,pid=<0.1229.0>.
2026-09-11 20:54:46.375979+09:00 [info] <0.991.0>@supervisor:report_progress/2:1582 Supervisor: {local,riak_repl_sup}. Started: id=riak_repl2_fssource_sup,pid=<0.1230.0>.
2026-09-11 20:54:46.378046+09:00 [info] <0.991.0>@supervisor:report_progress/2:1582 Supervisor: {local,riak_repl_sup}. Started: id=riak_repl2_fssink_pool,pid=<0.1231.0>.
2026-09-11 20:54:46.379347+09:00 [info] <0.991.0>@supervisor:report_progress/2:1582 Supervisor: {local,riak_repl_sup}. Started: id=riak_repl2_fssink_sup,pid=<0.1238.0>.
2026-09-11 20:54:46.381051+09:00 [info] <0.991.0>@supervisor:report_progress/2:1582 Supervisor: {local,riak_repl_sup}. Started: id=riak_repl2_pg_proxy_sup,pid=<0.1239.0>.
2026-09-11 20:54:46.385481+09:00 [info] <0.1240.0>@supervisor:report_progress/2:1582 Supervisor: {local,riak_repl2_pg_sup}. Started: id=riak_repl2_pg_block_provider_sup,pid=<0.1241.0>.
2026-09-11 20:54:46.387876+09:00 [info] <0.1240.0>@supervisor:report_progress/2:1582 Supervisor: {local,riak_repl2_pg_sup}. Started: id=riak_repl2_pg_block_requester_sup,pid=<0.1242.0>.
2026-09-11 20:54:46.388045+09:00 [info] <0.1240.0>@supervisor:report_progress/2:1582 Supervisor: {local,riak_repl2_pg_sup}. Started: id=riak_repl2_pg,pid=<0.1243.0>.
2026-09-11 20:54:46.388115+09:00 [info] <0.991.0>@supervisor:report_progress/2:1582 Supervisor: {local,riak_repl_sup}. Started: id=riak_repl2_pg_sup,pid=<0.1240.0>.
2026-09-11 20:54:46.396859+09:00 [info] <0.244.0>@supervisor:report_progress/2:1582 Supervisor: {local,riak_core_stats_sup}. Started: id=riak_core_connection_mgr_stats,pid=<0.1244.0>.
2026-09-11 20:54:46.557840+09:00 [info] <0.244.0>@supervisor:report_progress/2:1582 Supervisor: {local,riak_core_stats_sup}. Started: id=riak_repl_stats,pid=<0.1245.0>.
2026-09-11 20:54:46.588619+09:00 [info] <0.213.0>@supervisor:report_progress/2:1582 Supervisor: {local,riak_core_eventhandler_sup}. Started: id={riak_core_ring_events,riak_repl_ring_handler},pid=<0.1246.0>.
2026-09-11 20:54:46.610859+09:00 [info] <0.44.0>@application_controller:info_started/2:2130 Application: riak_repl. Started at: 'openriak-kv@node-02.cluster-a.openriak'.
2026-09-11 20:54:46.611518+09:00 [info] <0.44.0>@application_controller:info_started/2:2130 Application: canola. Started at: 'openriak-kv@node-02.cluster-a.openriak'.
2026-09-11 20:54:46.643177+09:00 [info] <0.44.0>@application_controller:info_started/2:2130 Application: riak_auth_mods. Started at: 'openriak-kv@node-02.cluster-a.openriak'.
2026-09-11 20:54:46.643657+09:00 [info] <0.44.0>@application_controller:info_started/2:2130 Application: riak_logger. Started at: 'openriak-kv@node-02.cluster-a.openriak'.
2026-09-11 20:54:55.893201+09:00 [info] <0.1354.0>@supervisor_bridge:report_progress/4:139 Supervisor: {local,inet_gethost_native_sup}. Started: pid=<0.1355.0>,mfa={inet_gethost_native,init,[[]]}.
2026-09-11 20:54:55.893425+09:00 [info] <0.82.0>@supervisor:report_progress/2:1582 Supervisor: {local,kernel_safe_sup}. Started: id=inet_gethost_native_sup,pid=<0.1354.0>.
2026-09-11 20:54:55.923205+09:00 [info] <0.1000.0>@riak_repl2_leader:become_leader/2:217 Leader2: 'openriak-kv@node-02.cluster-a.openriak' elected as replication leader
2026-09-11 20:54:57.144014+09:00 [info] <0.789.0>@leveled_monitor:handle_cast/2:687 log_ref=b0015 db_id=2 Put timing with sample_count=0 ink_time=0 prep_time=0 mem_time=0 with total_object_size=0 with sample_period=11 seconds
2026-09-11 20:54:59.441403+09:00 [info] <0.223.0>@riak_core_gossip:log_node_added/2:362 'openriak-kv@node-03.cluster-a.openriak' joined cluster with status 'joining'
2026-09-11 20:54:59.441714+09:00 [info] <0.1360.0>@riak_repl_leader_helper:handle_DOWN/3:110 Replication candidate node 'openriak-kv@node-01.cluster-a.openriak' down
2026-09-11 20:54:59.460951+09:00 [info] <0.1210.0>@riak_core_cluster_mgr:become_proxy/2:719 ClusterManager: 'openriak-kv@node-02.cluster-a.openriak' becoming a proxy to 'openriak-kv@node-03.cluster-a.openriak'
2026-09-11 20:54:59.804106+09:00 [info] <0.223.0>@riak_core_gossip:log_node_added/2:362 'openriak-kv@node-04.cluster-a.openriak' joined cluster with status 'joining'
2026-09-11 20:54:59.842648+09:00 [info] <0.1000.0>@riak_repl2_leader:become_leader/2:217 Leader2: 'openriak-kv@node-02.cluster-a.openriak' elected as replication leader
2026-09-11 20:54:59.845332+09:00 [info] <0.1210.0>@riak_core_cluster_mgr:become_leader/2:706 ClusterManager: 'openriak-kv@node-02.cluster-a.openriak' becoming the leader
2026-09-11 20:55:01.266508+09:00 [info] <0.223.0>@riak_core_gossip:log_node_added/2:362 'openriak-kv@node-05.cluster-a.openriak' joined cluster with status 'joining'
2026-09-11 20:55:01.375234+09:00 [info] <0.1210.0>@riak_core_cluster_mgr:become_proxy/2:719 ClusterManager: 'openriak-kv@node-02.cluster-a.openriak' becoming a proxy to 'openriak-kv@node-01.cluster-a.openriak'
2026-09-11 20:55:04.829799+09:00 [info] <0.223.0>@riak_core_gossip:log_node_changed/3:359 'openriak-kv@node-02.cluster-a.openriak' changed from 'joining' to 'valid'
2026-09-11 20:55:04.830037+09:00 [info] <0.223.0>@riak_core_gossip:log_node_changed/3:359 'openriak-kv@node-03.cluster-a.openriak' changed from 'joining' to 'valid'
2026-09-11 20:55:04.830259+09:00 [info] <0.223.0>@riak_core_gossip:log_node_changed/3:359 'openriak-kv@node-04.cluster-a.openriak' changed from 'joining' to 'valid'
2026-09-11 20:55:04.830420+09:00 [info] <0.223.0>@riak_core_gossip:log_node_changed/3:359 'openriak-kv@node-05.cluster-a.openriak' changed from 'joining' to 'valid'
2026-09-11 20:55:07.052218+09:00 [info] <0.790.0>@leveled_monitor:handle_cast/2:778 log_ref=cdb19 db_id=1 Sample timings in microseconds for sample_count=0 with totals of cycle_count=0 index_time=0 read_time=0 with sample_period=21 seconds
2026-09-11 20:55:08.066806+09:00 [info] <0.387.0>@riak_kv_replrtq_src:handle_info/2:646 QueueName=q1_ttaaefs has queue sizes p1=0 p2=0 p3=0
2026-09-11 20:55:14.683060+09:00 [info] <0.787.0>@leveled_monitor:handle_cast/2:704 log_ref=b0017 db_id=4 Snapshot timing with sample_count=0 and bookie_time=0 pcl_time=0 with sample_period=29 seconds
2026-09-11 20:55:20.296929+09:00 [info] <0.788.0>@leveled_monitor:handle_cast/2:647 log_ref=b0016 db_id=6 Get timing with sample_count=0 and head_time=0 body_time=0 with fetch_count=0 with sample_period=34 seconds
2026-09-11 20:55:23.210042+09:00 [info] <0.785.0>@leveled_monitor:handle_cast/2:668 log_ref=b0018 db_id=3 Positive HEAD responses timed with sample_count=0 and cache_count=0 found_count=0 fetch_ledger_time=0 fetch_ledgercache_time=0 rsp_time=0 notfound_time=0 with sample_period=37 seconds
2026-09-11 20:55:28.286975+09:00 [info] <0.792.0>@leveled_monitor:handle_cast/2:687 log_ref=b0015 db_id=7 Put timing with sample_count=0 ink_time=0 prep_time=0 mem_time=0 with total_object_size=0 with sample_period=42 seconds
2026-09-11 20:55:28.998854+09:00 [info] <0.789.0>@leveled_monitor:handle_cast/2:704 log_ref=b0017 db_id=2 Snapshot timing with sample_count=0 and bookie_time=0 pcl_time=0 with sample_period=43 seconds
2026-09-11 20:55:38.906872+09:00 [info] <0.790.0>@leveled_monitor:handle_cast/2:668 log_ref=b0018 db_id=1 Positive HEAD responses timed with sample_count=0 and cache_count=0 found_count=0 fetch_ledger_time=0 fetch_ledgercache_time=0 rsp_time=0 notfound_time=0 with sample_period=53 seconds
2026-09-11 20:55:39.914116+09:00 [info] <0.386.0>@riak_kv_ttaaefs_manager:handle_info/2:785 Initiated Tictac AAE Full-Sync Mgr with scope=disabled
2026-09-11 20:55:39.914488+09:00 [info] <0.386.0>@riak_kv_ttaaefs_manager:handle_info/2:805 Initiating schedule at startup SlotInfo {2,5,1} Schedule [{no_check,24},{all_check,0},{day_check,0},{hour_check,0},{range_check,0},{auto_check,0}]
2026-09-11 20:55:39.914739+09:00 [info] <0.386.0>@riak_kv_ttaaefs_manager:handle_info/2:823 Scheduling work_item=no_check in 995 seconds 23 items to run in schedule
2026-09-11 20:55:39.921882+09:00 [info] <0.387.0>@riak_kv_replrtq_src:handle_info/2:646 QueueName=q1_ttaaefs has queue sizes p1=0 p2=0 p3=0
2026-09-11 20:55:39.930922+09:00 [info] <0.390.0>@riak_kv_overflow_queue:log/5:133 riak_kv_reaper job_id=0 has attempts=0 aborts=0 Queue lengths queue_p2=0 queue_p1=0 Overflow lengths overflow_p2=0 overflow_p1=0 Discard counts discard_p2=0 discard_p1=0
2026-09-11 20:55:39.935912+09:00 [info] <0.391.0>@riak_kv_overflow_queue:log/5:133 riak_kv_eraser job_id=0 has attempts=0 aborts=0 Queue lengths queue_p2=0 queue_p1=0 Overflow lengths overflow_p2=0 overflow_p1=0 Discard counts discard_p2=0 discard_p1=0
2026-09-11 20:55:39.939381+09:00 [info] <0.392.0>@riak_kv_overflow_queue:log/5:133 riak_kv_reader job_id=0 has attempts=0 aborts=0 Queue lengths queue_p2=0 queue_p1=0 Overflow lengths overflow_p2=0 overflow_p1=0 Discard counts discard_p2=0 discard_p1=0
2026-09-11 20:55:40.326374+09:00 [info] <0.580.0>@riak_core_worker_pool:handle_info/3:257 worker_pool=af4_pool has qlen=0 and no items checked out
2026-09-11 20:55:40.326669+09:00 [info] <0.584.0>@riak_core_worker_pool:handle_info/3:257 worker_pool=be_pool has qlen=0 and no items checked out
2026-09-11 20:55:40.326789+09:00 [info] <0.564.0>@riak_core_worker_pool:handle_info/3:257 worker_pool=af1_pool has qlen=0 and no items checked out
2026-09-11 20:55:40.326873+09:00 [info] <0.573.0>@riak_core_worker_pool:handle_info/3:257 worker_pool=af3_pool has qlen=0 and no items checked out
2026-09-11 20:55:40.326981+09:00 [info] <0.569.0>@riak_core_worker_pool:handle_info/3:257 worker_pool=af2_pool has qlen=0 and no items checked out
2026-09-11 20:55:42.670447+09:00 [info] <0.786.0>@leveled_monitor:handle_cast/2:778 log_ref=cdb19 db_id=5 Sample timings in microseconds for sample_count=0 with totals of cycle_count=0 index_time=0 read_time=0 with sample_period=57 seconds
2026-09-11 20:55:44.325288+09:00 [info] <0.791.0>@leveled_monitor:handle_cast/2:647 log_ref=b0016 db_id=0 Get timing with sample_count=0 and head_time=0 body_time=0 with fetch_count=0 with sample_period=58 seconds
2026-09-11 20:55:46.538136+09:00 [info] <0.787.0>@leveled_monitor:handle_cast/2:778 log_ref=cdb19 db_id=4 Sample timings in microseconds for sample_count=0 with totals of cycle_count=0 index_time=0 read_time=0 with sample_period=61 seconds
2026-09-11 20:55:52.151961+09:00 [info] <0.788.0>@leveled_monitor:handle_cast/2:668 log_ref=b0018 db_id=6 Positive HEAD responses timed with sample_count=0 and cache_count=0 found_count=0 fetch_ledger_time=0 fetch_ledgercache_time=0 rsp_time=0 notfound_time=0 with sample_period=66 seconds
2026-09-11 20:55:53.776753+09:00 [warning] <0.782.0>@leveled_bookie:handle_call/3:1754 log_ref=b0011 db_id=4 Call to destroy the store and so all files to be removed
2026-09-11 20:55:53.777070+09:00 [warning] <0.799.0>@leveled_inker:handle_call/3:780 log_ref=i0018 db_id=4 We're doomed - intention recorded to destroy all files
2026-09-11 20:55:53.777143+09:00 [info] <0.799.0>@leveled_inker:handle_call/3:784 log_ref=i0005 db_id=4 Inker closing journal for reason doom
2026-09-11 20:55:53.777234+09:00 [info] <0.799.0>@leveled_inker:handle_call/3:786 log_ref=i0006 db_id=4 Close triggered with journal_sqn=0 and manifest_sqn=2
2026-09-11 20:55:53.777401+09:00 [info] <0.799.0>@leveled_inker:shutdown_manifest/1:1040 log_ref=i0007 db_id=4 Inker manifest when closing is:
2026-09-11 20:55:53.777689+09:00 [warning] <0.822.0>@leveled_penciller:handle_call/3:1097 log_ref=p0030 db_id=4 We're doomed - intention recorded to destroy all files
2026-09-11 20:55:53.777790+09:00 [info] <0.830.0>@leveled_pclerk:terminate/2:178 log_ref=pc005 db_id=4 Penciller's Clerk <0.830.0> shutdown now complete for reason normal
2026-09-11 20:55:53.781891+09:00 [info] <0.782.0>@leveled_bookie:terminate/2:1827 log_ref=b0003 db_id=4 Bookie closing for reason normal
2026-09-11 20:55:53.782258+09:00 [info] <0.891.0>@aae_treecache:handle_cast/2:354 log_ref=c0004 Destroying tree cache for partition {730750818665451459101842416358141509827966271488,3}
2026-09-11 20:55:53.782468+09:00 [info] <0.876.0>@aae_treecache:handle_cast/2:354 log_ref=c0004 Destroying tree cache for partition {365375409332725729550921208179070754913983135744,3}
2026-09-11 20:55:53.782272+09:00 [info] <0.883.0>@aae_treecache:handle_cast/2:354 log_ref=c0004 Destroying tree cache for partition {548063113999088594326381812268606132370974703616,3}
2026-09-11 20:55:53.782657+09:00 [info] <0.756.0>@riak_core_vnode:finish_handoff/2:788 730750818665451459101842416358141509827966271488 riak_kv_vnode vnode finished handoff and deleted in 15 milliseconds
2026-09-11 20:55:55.065257+09:00 [info] <0.785.0>@leveled_monitor:handle_cast/2:647 log_ref=b0016 db_id=3 Get timing with sample_count=0 and head_time=0 body_time=0 with fetch_count=0 with sample_period=69 seconds
2026-09-11 20:55:58.876714+09:00 [info] <0.977.0>@riak_core_vnode:finish_handoff/2:788 548063113999088594326381812268606132370974703616 riak_pipe_vnode vnode finished handoff and deleted in 0 milliseconds
2026-09-11 20:55:59.658957+09:00 [info] <0.986.0>@riak_core_vnode:finish_handoff/2:788 1096126227998177188652763624537212264741949407232 riak_pipe_vnode vnode finished handoff and deleted in 0 milliseconds
2026-09-11 20:56:00.917848+09:00 [info] <0.789.0>@leveled_monitor:handle_cast/2:647 log_ref=b0016 db_id=2 Get timing with sample_count=0 and head_time=0 body_time=0 with fetch_count=0 with sample_period=75 seconds
2026-09-11 20:56:02.840225+09:00 [warning] <0.784.0>@leveled_bookie:handle_call/3:1754 log_ref=b0011 db_id=3 Call to destroy the store and so all files to be removed
2026-09-11 20:56:02.840597+09:00 [warning] <0.796.0>@leveled_inker:handle_call/3:780 log_ref=i0018 db_id=3 We're doomed - intention recorded to destroy all files
2026-09-11 20:56:02.840727+09:00 [info] <0.796.0>@leveled_inker:handle_call/3:784 log_ref=i0005 db_id=3 Inker closing journal for reason doom
2026-09-11 20:56:02.840853+09:00 [info] <0.796.0>@leveled_inker:handle_call/3:786 log_ref=i0006 db_id=3 Close triggered with journal_sqn=0 and manifest_sqn=2
2026-09-11 20:56:02.841047+09:00 [info] <0.796.0>@leveled_inker:shutdown_manifest/1:1040 log_ref=i0007 db_id=3 Inker manifest when closing is:
2026-09-11 20:56:02.841452+09:00 [warning] <0.819.0>@leveled_penciller:handle_call/3:1097 log_ref=p0030 db_id=3 We're doomed - intention recorded to destroy all files
2026-09-11 20:56:02.841635+09:00 [info] <0.833.0>@leveled_pclerk:terminate/2:178 log_ref=pc005 db_id=3 Penciller's Clerk <0.833.0> shutdown now complete for reason normal
2026-09-11 20:56:02.845689+09:00 [info] <0.784.0>@leveled_bookie:terminate/2:1827 log_ref=b0003 db_id=3 Bookie closing for reason normal
2026-09-11 20:56:02.845912+09:00 [info] <0.893.0>@aae_treecache:handle_cast/2:354 log_ref=c0004 Destroying tree cache for partition {548063113999088594326381812268606132370974703616,3}
2026-09-11 20:56:02.845998+09:00 [info] <0.884.0>@aae_treecache:handle_cast/2:354 log_ref=c0004 Destroying tree cache for partition {365375409332725729550921208179070754913983135744,3}
2026-09-11 20:56:02.846053+09:00 [info] <0.877.0>@aae_treecache:handle_cast/2:354 log_ref=c0004 Destroying tree cache for partition {182687704666362864775460604089535377456991567872,3}
2026-09-11 20:56:02.846236+09:00 [info] <0.755.0>@riak_core_vnode:finish_handoff/2:788 548063113999088594326381812268606132370974703616 riak_kv_vnode vnode finished handoff and deleted in 37 milliseconds
2026-09-11 20:56:07.583876+09:00 [info] <0.989.0>@riak_core_vnode:finish_handoff/2:788 1278813932664540053428224228626747642198940975104 riak_pipe_vnode vnode finished handoff and deleted in 0 milliseconds
2026-09-11 20:56:10.825309+09:00 [info] <0.790.0>@leveled_monitor:handle_cast/2:647 log_ref=b0016 db_id=1 Get timing with sample_count=0 and head_time=0 body_time=0 with fetch_count=0 with sample_period=85 seconds
2026-09-11 20:56:11.839813+09:00 [info] <0.387.0>@riak_kv_replrtq_src:handle_info/2:646 QueueName=q1_ttaaefs has queue sizes p1=0 p2=0 p3=0
2026-09-11 20:56:14.587536+09:00 [info] <0.786.0>@leveled_monitor:handle_cast/2:687 log_ref=b0015 db_id=5 Put timing with sample_count=0 ink_time=0 prep_time=0 mem_time=0 with total_object_size=0 with sample_period=89 seconds
2026-09-11 20:56:16.243352+09:00 [info] <0.791.0>@leveled_monitor:handle_cast/2:668 log_ref=b0018 db_id=0 Positive HEAD responses timed with sample_count=0 and cache_count=0 found_count=0 fetch_ledger_time=0 fetch_ledgercache_time=0 rsp_time=0 notfound_time=0 with sample_period=90 seconds
2026-09-11 20:56:16.411731+09:00 [warning] <0.780.0>@leveled_bookie:handle_call/3:1754 log_ref=b0011 db_id=2 Call to destroy the store and so all files to be removed
2026-09-11 20:56:16.412627+09:00 [warning] <0.798.0>@leveled_inker:handle_call/3:780 log_ref=i0018 db_id=2 We're doomed - intention recorded to destroy all files
2026-09-11 20:56:16.413250+09:00 [info] <0.798.0>@leveled_inker:handle_call/3:784 log_ref=i0005 db_id=2 Inker closing journal for reason doom
2026-09-11 20:56:16.413606+09:00 [info] <0.798.0>@leveled_inker:handle_call/3:786 log_ref=i0006 db_id=2 Close triggered with journal_sqn=0 and manifest_sqn=2
2026-09-11 20:56:16.413764+09:00 [info] <0.798.0>@leveled_inker:shutdown_manifest/1:1040 log_ref=i0007 db_id=2 Inker manifest when closing is:
2026-09-11 20:56:16.414429+09:00 [warning] <0.821.0>@leveled_penciller:handle_call/3:1097 log_ref=p0030 db_id=2 We're doomed - intention recorded to destroy all files
2026-09-11 20:56:16.414565+09:00 [info] <0.831.0>@leveled_pclerk:terminate/2:178 log_ref=pc005 db_id=2 Penciller's Clerk <0.831.0> shutdown now complete for reason normal
2026-09-11 20:56:16.431081+09:00 [info] <0.780.0>@leveled_bookie:terminate/2:1827 log_ref=b0003 db_id=2 Bookie closing for reason normal
2026-09-11 20:56:16.431869+09:00 [info] <0.896.0>@aae_treecache:handle_cast/2:354 log_ref=c0004 Destroying tree cache for partition {365375409332725729550921208179070754913983135744,3}
2026-09-11 20:56:16.432013+09:00 [info] <0.888.0>@aae_treecache:handle_cast/2:354 log_ref=c0004 Destroying tree cache for partition {182687704666362864775460604089535377456991567872,3}
2026-09-11 20:56:16.432129+09:00 [info] <0.881.0>@aae_treecache:handle_cast/2:354 log_ref=c0004 Destroying tree cache for partition {0,3}
2026-09-11 20:56:16.432401+09:00 [info] <0.754.0>@riak_core_vnode:finish_handoff/2:788 365375409332725729550921208179070754913983135744 riak_kv_vnode vnode finished handoff and deleted in 40 milliseconds
2026-09-11 20:56:24.069747+09:00 [info] <0.788.0>@leveled_monitor:handle_cast/2:778 log_ref=cdb19 db_id=6 Sample timings in microseconds for sample_count=0 with totals of cycle_count=0 index_time=0 read_time=0 with sample_period=98 seconds
2026-09-11 20:56:30.455266+09:00 [info] <0.742.0>@riak_core_vnode:finish_handoff/2:788 0 riak_pipe_vnode vnode finished handoff and deleted in 0 milliseconds
2026-09-11 20:56:32.138762+09:00 [info] <0.792.0>@leveled_monitor:handle_cast/2:647 log_ref=b0016 db_id=7 Get timing with sample_count=0 and head_time=0 body_time=0 with fetch_count=0 with sample_period=106 seconds
2026-09-11 20:56:40.857152+09:00 [info] <0.573.0>@riak_core_worker_pool:handle_info/3:257 worker_pool=af3_pool has qlen=0 and no items checked out
2026-09-11 20:56:41.184675+09:00 [info] <0.580.0>@riak_core_worker_pool:handle_info/3:257 worker_pool=af4_pool has qlen=0 and no items checked out
2026-09-11 20:56:41.238694+09:00 [info] <0.584.0>@riak_core_worker_pool:handle_info/3:257 worker_pool=be_pool has qlen=0 and no items checked out
2026-09-11 20:56:41.242890+09:00 [info] <0.569.0>@riak_core_worker_pool:handle_info/3:257 worker_pool=af2_pool has qlen=0 and no items checked out
2026-09-11 20:56:41.891953+09:00 [info] <0.974.0>@riak_core_vnode:finish_handoff/2:788 365375409332725729550921208179070754913983135744 riak_pipe_vnode vnode finished handoff and deleted in 0 milliseconds
2026-09-11 20:56:42.755728+09:00 [info] <0.790.0>@leveled_monitor:handle_cast/2:704 log_ref=b0017 db_id=1 Snapshot timing with sample_count=0 and bookie_time=0 pcl_time=0 with sample_period=117 seconds
2026-09-11 20:56:42.789608+09:00 [info] <0.564.0>@riak_core_worker_pool:handle_info/3:257 worker_pool=af1_pool has qlen=0 and no items checked out
2026-09-11 20:56:43.675949+09:00 [info] <0.980.0>@riak_core_vnode:finish_handoff/2:788 730750818665451459101842416358141509827966271488 riak_pipe_vnode vnode finished handoff and deleted in 0 milliseconds
2026-09-11 20:56:43.772179+09:00 [info] <0.387.0>@riak_kv_replrtq_src:handle_info/2:646 QueueName=q1_ttaaefs has queue sizes p1=0 p2=0 p3=0
2026-09-11 20:56:43.778646+09:00 [info] <0.390.0>@riak_kv_overflow_queue:log/5:133 riak_kv_reaper job_id=0 has attempts=0 aborts=0 Queue lengths queue_p2=0 queue_p1=0 Overflow lengths overflow_p2=0 overflow_p1=0 Discard counts discard_p2=0 discard_p1=0
2026-09-11 20:56:43.786629+09:00 [info] <0.391.0>@riak_kv_overflow_queue:log/5:133 riak_kv_eraser job_id=0 has attempts=0 aborts=0 Queue lengths queue_p2=0 queue_p1=0 Overflow lengths overflow_p2=0 overflow_p1=0 Discard counts discard_p2=0 discard_p1=0
2026-09-11 20:56:43.786794+09:00 [info] <0.392.0>@riak_kv_overflow_queue:log/5:133 riak_kv_reader job_id=0 has attempts=0 aborts=0 Queue lengths queue_p2=0 queue_p1=0 Overflow lengths overflow_p2=0 overflow_p1=0 Discard counts discard_p2=0 discard_p1=0
2026-09-11 20:56:45.905443+09:00 [warning] <0.777.0>@leveled_bookie:handle_call/3:1754 log_ref=b0011 db_id=7 Call to destroy the store and so all files to be removed
2026-09-11 20:56:45.906486+09:00 [warning] <0.794.0>@leveled_inker:handle_call/3:780 log_ref=i0018 db_id=7 We're doomed - intention recorded to destroy all files
2026-09-11 20:56:45.906708+09:00 [info] <0.794.0>@leveled_inker:handle_call/3:784 log_ref=i0005 db_id=7 Inker closing journal for reason doom
2026-09-11 20:56:45.907098+09:00 [info] <0.794.0>@leveled_inker:handle_call/3:786 log_ref=i0006 db_id=7 Close triggered with journal_sqn=0 and manifest_sqn=2
2026-09-11 20:56:45.907509+09:00 [info] <0.794.0>@leveled_inker:shutdown_manifest/1:1040 log_ref=i0007 db_id=7 Inker manifest when closing is:
2026-09-11 20:56:45.907955+09:00 [warning] <0.825.0>@leveled_penciller:handle_call/3:1097 log_ref=p0030 db_id=7 We're doomed - intention recorded to destroy all files
2026-09-11 20:56:45.908178+09:00 [info] <0.826.0>@leveled_pclerk:terminate/2:178 log_ref=pc005 db_id=7 Penciller's Clerk <0.826.0> shutdown now complete for reason normal
2026-09-11 20:56:45.915432+09:00 [info] <0.777.0>@leveled_bookie:terminate/2:1827 log_ref=b0003 db_id=7 Bookie closing for reason normal
2026-09-11 20:56:45.915826+09:00 [info] <0.897.0>@aae_treecache:handle_cast/2:354 log_ref=c0004 Destroying tree cache for partition {1278813932664540053428224228626747642198940975104,3}
2026-09-11 20:56:45.916214+09:00 [info] <0.889.0>@aae_treecache:handle_cast/2:354 log_ref=c0004 Destroying tree cache for partition {1096126227998177188652763624537212264741949407232,3}
2026-09-11 20:56:45.916389+09:00 [info] <0.879.0>@aae_treecache:handle_cast/2:354 log_ref=c0004 Destroying tree cache for partition {913438523331814323877303020447676887284957839360,3}
2026-09-11 20:56:45.916743+09:00 [info] <0.758.0>@riak_core_vnode:finish_handoff/2:788 1278813932664540053428224228626747642198940975104 riak_kv_vnode vnode finished handoff and deleted in 22 milliseconds
2026-09-11 20:56:48.173657+09:00 [info] <0.791.0>@leveled_monitor:handle_cast/2:687 log_ref=b0015 db_id=0 Put timing with sample_count=0 ink_time=0 prep_time=0 mem_time=0 with total_object_size=0 with sample_period=122 seconds
2026-09-11 20:56:48.567928+09:00 [warning] <0.778.0>@leveled_bookie:handle_call/3:1754 log_ref=b0011 db_id=0 Call to destroy the store and so all files to be removed
2026-09-11 20:56:48.568326+09:00 [warning] <0.795.0>@leveled_inker:handle_call/3:780 log_ref=i0018 db_id=0 We're doomed - intention recorded to destroy all files
2026-09-11 20:56:48.568639+09:00 [info] <0.795.0>@leveled_inker:handle_call/3:784 log_ref=i0005 db_id=0 Inker closing journal for reason doom
2026-09-11 20:56:48.568810+09:00 [info] <0.795.0>@leveled_inker:handle_call/3:786 log_ref=i0006 db_id=0 Close triggered with journal_sqn=0 and manifest_sqn=2
2026-09-11 20:56:48.569134+09:00 [info] <0.795.0>@leveled_inker:shutdown_manifest/1:1040 log_ref=i0007 db_id=0 Inker manifest when closing is:
2026-09-11 20:56:48.569663+09:00 [warning] <0.824.0>@leveled_penciller:handle_call/3:1097 log_ref=p0030 db_id=0 We're doomed - intention recorded to destroy all files
2026-09-11 20:56:48.569825+09:00 [info] <0.827.0>@leveled_pclerk:terminate/2:178 log_ref=pc005 db_id=0 Penciller's Clerk <0.827.0> shutdown now complete for reason normal
2026-09-11 20:56:48.579884+09:00 [info] <0.778.0>@leveled_bookie:terminate/2:1827 log_ref=b0003 db_id=0 Bookie closing for reason normal
2026-09-11 20:56:48.581102+09:00 [info] <0.894.0>@aae_treecache:handle_cast/2:354 log_ref=c0004 Destroying tree cache for partition {0,3}
2026-09-11 20:56:48.581355+09:00 [info] <0.886.0>@aae_treecache:handle_cast/2:354 log_ref=c0004 Destroying tree cache for partition {1278813932664540053428224228626747642198940975104,3}
2026-09-11 20:56:48.581507+09:00 [info] <0.880.0>@aae_treecache:handle_cast/2:354 log_ref=c0004 Destroying tree cache for partition {1096126227998177188652763624537212264741949407232,3}
2026-09-11 20:56:48.582288+09:00 [info] <0.752.0>@riak_core_vnode:finish_handoff/2:788 0 riak_kv_vnode vnode finished handoff and deleted in 36 milliseconds
2026-09-11 20:56:53.459013+09:00 [warning] <0.781.0>@leveled_bookie:handle_call/3:1754 log_ref=b0011 db_id=6 Call to destroy the store and so all files to be removed
2026-09-11 20:56:53.459504+09:00 [warning] <0.800.0>@leveled_inker:handle_call/3:780 log_ref=i0018 db_id=6 We're doomed - intention recorded to destroy all files
2026-09-11 20:56:53.459840+09:00 [info] <0.800.0>@leveled_inker:handle_call/3:784 log_ref=i0005 db_id=6 Inker closing journal for reason doom
2026-09-11 20:56:53.460016+09:00 [info] <0.800.0>@leveled_inker:handle_call/3:786 log_ref=i0006 db_id=6 Close triggered with journal_sqn=0 and manifest_sqn=2
2026-09-11 20:56:53.460244+09:00 [info] <0.800.0>@leveled_inker:shutdown_manifest/1:1040 log_ref=i0007 db_id=6 Inker manifest when closing is:
2026-09-11 20:56:53.461132+09:00 [warning] <0.820.0>@leveled_penciller:handle_call/3:1097 log_ref=p0030 db_id=6 We're doomed - intention recorded to destroy all files
2026-09-11 20:56:53.461495+09:00 [info] <0.832.0>@leveled_pclerk:terminate/2:178 log_ref=pc005 db_id=6 Penciller's Clerk <0.832.0> shutdown now complete for reason normal
2026-09-11 20:56:53.469932+09:00 [info] <0.781.0>@leveled_bookie:terminate/2:1827 log_ref=b0003 db_id=6 Bookie closing for reason normal
2026-09-11 20:56:53.470480+09:00 [info] <0.895.0>@aae_treecache:handle_cast/2:354 log_ref=c0004 Destroying tree cache for partition {1096126227998177188652763624537212264741949407232,3}
2026-09-11 20:56:53.470703+09:00 [info] <0.887.0>@aae_treecache:handle_cast/2:354 log_ref=c0004 Destroying tree cache for partition {913438523331814323877303020447676887284957839360,3}
2026-09-11 20:56:53.470774+09:00 [info] <0.878.0>@aae_treecache:handle_cast/2:354 log_ref=c0004 Destroying tree cache for partition {730750818665451459101842416358141509827966271488,3}
2026-09-11 20:56:53.471084+09:00 [info] <0.757.0>@riak_core_vnode:finish_handoff/2:788 1096126227998177188652763624537212264741949407232 riak_kv_vnode vnode finished handoff and deleted in 24 milliseconds
2026-09-11 20:57:14.715978+09:00 [info] <0.790.0>@leveled_monitor:handle_cast/2:687 log_ref=b0015 db_id=1 Put timing with sample_count=0 ink_time=0 prep_time=0 mem_time=0 with total_object_size=0 with sample_period=149 seconds
2026-09-11 20:57:15.732165+09:00 [info] <0.387.0>@riak_kv_replrtq_src:handle_info/2:646 QueueName=q1_ttaaefs has queue sizes p1=0 p2=0 p3=0
2026-09-11 20:57:18.480014+09:00 [info] <0.786.0>@leveled_monitor:handle_cast/2:668 log_ref=b0018 db_id=5 Positive HEAD responses timed with sample_count=0 and cache_count=0 found_count=0 fetch_ledger_time=0 fetch_ledgercache_time=0 rsp_time=0 notfound_time=0 with sample_period=153 seconds
2026-09-11 20:57:39.458820+09:00 [info] <0.584.0>@riak_core_worker_pool:handle_info/3:257 worker_pool=be_pool has qlen=0 and no items checked out
2026-09-11 20:57:43.364822+09:00 [info] <0.569.0>@riak_core_worker_pool:handle_info/3:257 worker_pool=af2_pool has qlen=0 and no items checked out
2026-09-11 20:57:43.960814+09:00 [info] <0.573.0>@riak_core_worker_pool:handle_info/3:257 worker_pool=af3_pool has qlen=0 and no items checked out
2026-09-11 20:57:44.010794+09:00 [info] <0.580.0>@riak_core_worker_pool:handle_info/3:257 worker_pool=af4_pool has qlen=0 and no items checked out
2026-09-11 20:57:46.006834+09:00 [info] <0.564.0>@riak_core_worker_pool:handle_info/3:257 worker_pool=af1_pool has qlen=0 and no items checked out
2026-09-11 20:57:47.603016+09:00 [info] <0.387.0>@riak_kv_replrtq_src:handle_info/2:646 QueueName=q1_ttaaefs has queue sizes p1=0 p2=0 p3=0
2026-09-11 20:57:47.606950+09:00 [info] <0.390.0>@riak_kv_overflow_queue:log/5:133 riak_kv_reaper job_id=0 has attempts=0 aborts=0 Queue lengths queue_p2=0 queue_p1=0 Overflow lengths overflow_p2=0 overflow_p1=0 Discard counts discard_p2=0 discard_p1=0
2026-09-11 20:57:47.614870+09:00 [info] <0.391.0>@riak_kv_overflow_queue:log/5:133 riak_kv_eraser job_id=0 has attempts=0 aborts=0 Queue lengths queue_p2=0 queue_p1=0 Overflow lengths overflow_p2=0 overflow_p1=0 Discard counts discard_p2=0 discard_p1=0
2026-09-11 20:57:47.615213+09:00 [info] <0.392.0>@riak_kv_overflow_queue:log/5:133 riak_kv_reader job_id=0 has attempts=0 aborts=0 Queue lengths queue_p2=0 queue_p1=0 Overflow lengths overflow_p2=0 overflow_p1=0 Discard counts discard_p2=0 discard_p1=0
2026-09-11 20:57:50.348799+09:00 [info] <0.786.0>@leveled_monitor:handle_cast/2:704 log_ref=b0017 db_id=5 Snapshot timing with sample_count=0 and bookie_time=0 pcl_time=0 with sample_period=184 seconds
2026-09-11 20:57:51.810216+09:00 [info] <0.612.0>@riak_repl_app:prep_stop/1:336 Redirecting realtime replication traffic
2026-09-11 20:57:51.824113+09:00 [info] <0.82.0>@supervisor:report_progress/2:1582 Supervisor: {local,kernel_safe_sup}. Started: id=riak_repl2_rtq_proxy,pid=<0.4300.0>.
2026-09-11 20:57:51.824744+09:00 [info] <0.612.0>@riak_repl_app:prep_stop/1:339 Stopping application riak_repl - marked service down.
2026-09-11 20:57:51.829055+09:00 [info] <0.4301.0>@riak_repl_migration:init/1:33 Riak replication migration server started
2026-09-11 20:57:51.829272+09:00 [info] <0.612.0>@riak_repl_app:prep_stop/1:343 Started migration server
2026-09-11 20:57:51.829548+09:00 [info] <0.4301.0>@riak_repl_migration:handle_call/3:37 Realtime Repl queue migration sleeping
2026-09-11 20:57:51.930986+09:00 [info] <0.4301.0>@riak_repl_migration:handle_info/2:50 Queue empty, no replication queue migration required
2026-09-11 20:57:52.721768+09:00 [info] <0.1000.0>@riak_repl2_leader:become_leader/2:217 Leader2: 'openriak-kv@node-02.cluster-a.openriak' elected as replication leader
2026-09-11 20:57:52.722081+09:00 [info] <0.1210.0>@riak_core_cluster_mgr:become_leader/2:706 ClusterManager: 'openriak-kv@node-02.cluster-a.openriak' becoming the leader
2026-09-11 20:57:52.933072+09:00 [info] <0.612.0>@riak_repl_app:stop/1:139 Stopped application riak_repl
2026-09-11 20:57:52.940832+09:00 [info] <0.344.0>@riak_kv_app:prep_stop/1:275 Stopping application riak_kv - marked service down.
2026-09-11 20:57:52.941400+09:00 [info] <0.344.0>@riak_kv_app:prep_stop/1:279 Unregistered pb services
2026-09-11 20:57:52.944659+09:00 [info] <0.344.0>@riak_kv_app:prep_stop/1:284 unregistered webmachine routes
2026-09-11 20:57:52.944865+09:00 [info] <0.344.0>@riak_kv_app:prep_stop/1:286 all active put FSMs completed
2026-09-11 20:57:52.945446+09:00 [info] <0.344.0>@riak_kv_app:stop/1:297 Stopped  application riak_kv.
2026-09-11 20:57:52.951502+09:00 [info] <0.793.0>@leveled_inker:handle_call/3:784 log_ref=i0005 db_id=5 Inker closing journal for reason close
2026-09-11 20:57:52.951812+09:00 [info] <0.793.0>@leveled_inker:handle_call/3:786 log_ref=i0006 db_id=5 Close triggered with journal_sqn=0 and manifest_sqn=2
2026-09-11 20:57:52.952007+09:00 [info] <0.797.0>@leveled_inker:handle_call/3:784 log_ref=i0005 db_id=1 Inker closing journal for reason close
2026-09-11 20:57:52.952262+09:00 [info] <0.793.0>@leveled_inker:shutdown_manifest/1:1040 log_ref=i0007 db_id=5 Inker manifest when closing is:
2026-09-11 20:57:52.952344+09:00 [info] <0.797.0>@leveled_inker:handle_call/3:786 log_ref=i0006 db_id=1 Close triggered with journal_sqn=5 and manifest_sqn=2
2026-09-11 20:57:52.952669+09:00 [info] <0.797.0>@leveled_inker:shutdown_manifest/1:1040 log_ref=i0007 db_id=1 Inker manifest when closing is:
2026-09-11 20:57:52.953160+09:00 [info] <0.828.0>@leveled_pclerk:terminate/2:178 log_ref=pc005 db_id=5 Penciller's Clerk <0.828.0> shutdown now complete for reason normal
2026-09-11 20:57:52.953396+09:00 [info] <0.818.0>@leveled_penciller:handle_call/3:1072 log_ref=p0008 db_id=5 Penciller closing for reason close
2026-09-11 20:57:52.953494+09:00 [info] <0.818.0>@leveled_penciller:handle_call/3:1088 log_ref=p0010 db_id=5 level zero discarded_count=0 on close of Penciller
2026-09-11 20:57:52.953787+09:00 [info] <0.829.0>@leveled_pclerk:terminate/2:178 log_ref=pc005 db_id=1 Penciller's Clerk <0.829.0> shutdown now complete for reason normal
2026-09-11 20:57:52.953929+09:00 [info] <0.823.0>@leveled_penciller:handle_call/3:1072 log_ref=p0008 db_id=1 Penciller closing for reason close
2026-09-11 20:57:52.954073+09:00 [info] <0.823.0>@leveled_penciller:handle_call/3:1088 log_ref=p0010 db_id=1 level zero discarded_count=0 on close of Penciller
2026-09-11 20:57:52.954226+09:00 [info] <0.779.0>@leveled_bookie:terminate/2:1827 log_ref=b0003 db_id=1 Bookie closing for reason normal
2026-09-11 20:57:52.954026+09:00 [info] <0.783.0>@leveled_bookie:terminate/2:1827 log_ref=b0003 db_id=5 Bookie closing for reason normal
2026-09-11 20:57:52.993687+09:00 [info] <0.890.0>@aae_treecache:save_to_disk/3:403 log_ref=c0003 Saving tree cache to path /var/lib/riak/tictac_aae/913438523331814323877303020447676887284957839360/aaetree/913438523331814323877303020447676887284957839360_3/ and filename 1.pnd
2026-09-11 20:57:52.995560+09:00 [info] <0.892.0>@aae_treecache:save_to_disk/3:403 log_ref=c0003 Saving tree cache to path /var/lib/riak/tictac_aae/182687704666362864775460604089535377456991567872/aaetree/182687704666362864775460604089535377456991567872_3/ and filename 1.pnd
2026-09-11 20:57:53.024901+09:00 [info] <0.882.0>@aae_treecache:save_to_disk/3:403 log_ref=c0003 Saving tree cache to path /var/lib/riak/tictac_aae/913438523331814323877303020447676887284957839360/aaetree/730750818665451459101842416358141509827966271488_3/ and filename 1.pnd
2026-09-11 20:57:53.037769+09:00 [info] <0.885.0>@aae_treecache:save_to_disk/3:403 log_ref=c0003 Saving tree cache to path /var/lib/riak/tictac_aae/182687704666362864775460604089535377456991567872/aaetree/0_3/ and filename 1.pnd
2026-09-11 20:57:53.065997+09:00 [info] <0.875.0>@aae_treecache:save_to_disk/3:403 log_ref=c0003 Saving tree cache to path /var/lib/riak/tictac_aae/913438523331814323877303020447676887284957839360/aaetree/548063113999088594326381812268606132370974703616_3/ and filename 1.pnd
2026-09-11 20:57:53.073953+09:00 [info] <0.874.0>@aae_treecache:save_to_disk/3:403 log_ref=c0003 Saving tree cache to path /var/lib/riak/tictac_aae/182687704666362864775460604089535377456991567872/aaetree/1278813932664540053428224228626747642198940975104_3/ and filename 1.pnd
2026-09-11 20:57:53.076957+09:00 [info] <0.208.0>@riak_core_app:stop/1:118 Stopped  application riak_core.
2026-09-11 20:57:53.081079+09:00 [notice] <0.140.0>@: alarm_handler: {clear,system_memory_high_watermark}
