2026-09-12 00:22:59.865809+09:00 [info] <0.44.0>@application_controller:info_started/2:2130 Application: kernel. Started at: 'openriak-kv@node-01.cluster-a.openriak'.
2026-09-12 00:22:59.871424+09:00 [info] <0.44.0>@application_controller:info_started/2:2130 Application: stdlib. Started at: 'openriak-kv@node-01.cluster-a.openriak'.
2026-09-12 00:22:59.871581+09:00 [info] <0.44.0>@application_controller:info_started/2:2130 Application: asn1. Started at: 'openriak-kv@node-01.cluster-a.openriak'.
2026-09-12 00:22:59.871745+09:00 [info] <0.44.0>@application_controller:info_started/2:2130 Application: crypto. Started at: 'openriak-kv@node-01.cluster-a.openriak'.
2026-09-12 00:22:59.871861+09:00 [info] <0.44.0>@application_controller:info_started/2:2130 Application: public_key. Started at: 'openriak-kv@node-01.cluster-a.openriak'.
2026-09-12 00:22:59.875838+09:00 [info] <0.77.0>@supervisor:report_progress/2:1582 Supervisor: {local,logger_sup}. Started: id=ssl_handler,pid=<0.99.0>.
2026-09-12 00:22:59.882025+09:00 [info] <0.102.0>@supervisor:report_progress/2:1582 Supervisor: {local,ssl_admin_sup}. Started: id=ssl_pem_cache,pid=<0.103.0>.
2026-09-12 00:22:59.887316+09:00 [info] <0.102.0>@supervisor:report_progress/2:1582 Supervisor: {local,ssl_admin_sup}. Started: id=ssl_manager,pid=<0.104.0>.
2026-09-12 00:22:59.888742+09:00 [info] <0.102.0>@supervisor:report_progress/2:1582 Supervisor: {local,ssl_admin_sup}. Started: id=tls_client_ticket_store,pid=<0.105.0>.
2026-09-12 00:22:59.888864+09:00 [info] <0.101.0>@supervisor:report_progress/2:1582 Supervisor: {local,ssl_sup}. Started: id=ssl_admin_sup,pid=<0.102.0>.
2026-09-12 00:22:59.890667+09:00 [info] <0.107.0>@supervisor:report_progress/2:1582 Supervisor: {local,tls_sup}. Started: id=tls_connection_sup,pid=<0.108.0>.
2026-09-12 00:22:59.892449+09:00 [info] <0.109.0>@supervisor:report_progress/2:1582 Supervisor: {local,tls_server_sup}. Started: id=ssl_listen_tracker_sup,pid=<0.110.0>.
2026-09-12 00:22:59.893202+09:00 [info] <0.109.0>@supervisor:report_progress/2:1582 Supervisor: {local,tls_server_sup}. Started: id=tls_server_session_ticket,pid=<0.111.0>.
2026-09-12 00:22:59.893901+09:00 [info] <0.109.0>@supervisor:report_progress/2:1582 Supervisor: {local,tls_server_sup}. Started: id=ssl_server_session_cache_sup,pid=<0.112.0>.
2026-09-12 00:22:59.894690+09:00 [info] <0.109.0>@supervisor:report_progress/2:1582 Supervisor: {local,tls_server_sup}. Started: id=ssl_upgrade_server_session_cache_sup,pid=<0.113.0>.
2026-09-12 00:22:59.894808+09:00 [info] <0.107.0>@supervisor:report_progress/2:1582 Supervisor: {local,tls_sup}. Started: id=tls_server_sup,pid=<0.109.0>.
2026-09-12 00:22:59.894902+09:00 [info] <0.106.0>@supervisor:report_progress/2:1582 Supervisor: {local,ssl_connection_sup}. Started: id=tls_sup,pid=<0.107.0>.
2026-09-12 00:22:59.896090+09:00 [info] <0.114.0>@supervisor:report_progress/2:1582 Supervisor: {local,dtls_sup}. Started: id=dtls_connection_sup,pid=<0.115.0>.
2026-09-12 00:22:59.897263+09:00 [info] <0.116.0>@supervisor:report_progress/2:1582 Supervisor: {local,dtls_server_sup}. Started: id=dtls_listener_sup,pid=<0.117.0>.
2026-09-12 00:22:59.897838+09:00 [info] <0.116.0>@supervisor:report_progress/2:1582 Supervisor: {local,dtls_server_sup}. Started: id=dtls_server_session_cache_sup,pid=<0.118.0>.
2026-09-12 00:22:59.897930+09:00 [info] <0.114.0>@supervisor:report_progress/2:1582 Supervisor: {local,dtls_sup}. Started: id=dtls_server_sup,pid=<0.116.0>.
2026-09-12 00:22:59.898012+09:00 [info] <0.106.0>@supervisor:report_progress/2:1582 Supervisor: {local,ssl_connection_sup}. Started: id=dtls_sup,pid=<0.114.0>.
2026-09-12 00:22:59.898113+09:00 [info] <0.101.0>@supervisor:report_progress/2:1582 Supervisor: {local,ssl_sup}. Started: id=ssl_connection_sup,pid=<0.106.0>.
2026-09-12 00:22:59.898256+09:00 [info] <0.44.0>@application_controller:info_started/2:2130 Application: ssl. Started at: 'openriak-kv@node-01.cluster-a.openriak'.
2026-09-12 00:22:59.898458+09:00 [info] <0.44.0>@application_controller:info_started/2:2130 Application: hut. Started at: 'openriak-kv@node-01.cluster-a.openriak'.
2026-09-12 00:22:59.900238+09:00 [info] <0.123.0>@supervisor:report_progress/2:1582 Supervisor: {local,setup_sup}. Started: id=setup_srv,pid=<0.124.0>.
2026-09-12 00:22:59.906090+09:00 [notice] <0.124.0>@: Setup running ...
2026-09-12 00:22:59.913766+09:00 [notice] <0.124.0>@: Directories verified. Res = ok
2026-09-12 00:22:59.922658+09:00 [notice] <0.124.0>@: Setup finished processing hooks (Mode=normal)...
2026-09-12 00:22:59.922783+09:00 [info] <0.44.0>@application_controller:info_started/2:2130 Application: setup. Started at: 'openriak-kv@node-01.cluster-a.openriak'.
2026-09-12 00:22:59.922944+09:00 [info] <0.44.0>@application_controller:info_started/2:2130 Application: syntax_tools. Started at: 'openriak-kv@node-01.cluster-a.openriak'.
2026-09-12 00:22:59.923113+09:00 [info] <0.44.0>@application_controller:info_started/2:2130 Application: compiler. Started at: 'openriak-kv@node-01.cluster-a.openriak'.
2026-09-12 00:22:59.923239+09:00 [info] <0.44.0>@application_controller:info_started/2:2130 Application: parse_trans. Started at: 'openriak-kv@node-01.cluster-a.openriak'.
2026-09-12 00:22:59.931879+09:00 [info] <0.132.0>@supervisor:report_progress/2:1582 Supervisor: {local,exometer_core_sup}. Started: id=exometer_admin,pid=<0.133.0>.
2026-09-12 00:22:59.933124+09:00 [info] <0.132.0>@supervisor:report_progress/2:1582 Supervisor: {local,exometer_core_sup}. Started: id=exometer_cache,pid=<0.134.0>.
2026-09-12 00:22:59.937080+09:00 [info] <0.132.0>@supervisor:report_progress/2:1582 Supervisor: {local,exometer_core_sup}. Started: id=exometer_report,pid=<0.135.0>.
2026-09-12 00:22:59.938033+09:00 [info] <0.132.0>@supervisor:report_progress/2:1582 Supervisor: {local,exometer_core_sup}. Started: id=exometer_report_logger_sup,pid=<0.136.0>.
2026-09-12 00:22:59.940028+09:00 [info] <0.132.0>@supervisor:report_progress/2:1582 Supervisor: {local,exometer_core_sup}. Started: id=exometer_alias,pid=<0.137.0>.
2026-09-12 00:22:59.940416+09:00 [info] <0.135.0>@exometer_report:do_start_reporters/1:695 Starting reporters with []
2026-09-12 00:22:59.940728+09:00 [info] <0.44.0>@application_controller:info_started/2:2130 Application: exometer_core. Started at: 'openriak-kv@node-01.cluster-a.openriak'.
2026-09-12 00:22:59.942865+09:00 [info] <0.142.0>@supervisor:report_progress/2:1582 Supervisor: {local,sasl_safe_sup}. Started: id=alarm_handler,pid=<0.143.0>.
2026-09-12 00:22:59.942986+09:00 [info] <0.141.0>@supervisor:report_progress/2:1582 Supervisor: {local,sasl_sup}. Started: id=sasl_safe_sup,pid=<0.142.0>.
2026-09-12 00:22:59.948800+09:00 [info] <0.141.0>@supervisor:report_progress/2:1582 Supervisor: {local,sasl_sup}. Started: id=release_handler,pid=<0.144.0>.
2026-09-12 00:22:59.948967+09:00 [info] <0.44.0>@application_controller:info_started/2:2130 Application: sasl. Started at: 'openriak-kv@node-01.cluster-a.openriak'.
2026-09-12 00:22:59.952402+09:00 [info] <0.49.0>@supervisor:report_progress/2:1582 Supervisor: {local,kernel_sup}. Started: id=timer_server,pid=<0.151.0>.
2026-09-12 00:22:59.952578+09:00 [info] <0.149.0>@supervisor:report_progress/2:1582 Supervisor: {local,riak_sysmon_sup}. Started: id=riak_sysmon_filter,pid=<0.150.0>.
2026-09-12 00:22:59.952693+09:00 [info] <0.149.0>@supervisor:report_progress/2:1582 Supervisor: {local,riak_sysmon_sup}. Started: id=riak_sysmon_mgr,pid=<0.153.0>.
2026-09-12 00:22:59.952793+09:00 [info] <0.44.0>@application_controller:info_started/2:2130 Application: riak_sysmon. Started at: 'openriak-kv@node-01.cluster-a.openriak'.
2026-09-12 00:22:59.956953+09:00 [info] <0.157.0>@supervisor:report_progress/2:1582 Supervisor: {local,os_mon_sup}. Started: id=disksup,pid=<0.158.0>.
2026-09-12 00:22:59.960698+09:00 [info] <0.157.0>@supervisor:report_progress/2:1582 Supervisor: {local,os_mon_sup}. Started: id=memsup,pid=<0.159.0>.
2026-09-12 00:22:59.966376+09:00 [info] <0.157.0>@supervisor:report_progress/2:1582 Supervisor: {local,os_mon_sup}. Started: id=cpu_sup,pid=<0.161.0>.
2026-09-12 00:22:59.967700+09:00 [info] <0.44.0>@application_controller:info_started/2:2130 Application: os_mon. Started at: 'openriak-kv@node-01.cluster-a.openriak'.
2026-09-12 00:22:59.967929+09:00 [info] <0.44.0>@application_controller:info_started/2:2130 Application: observer. Started at: 'openriak-kv@node-01.cluster-a.openriak'.
2026-09-12 00:22:59.970336+09:00 [notice] <0.143.0>@: alarm_handler: {set,{system_memory_high_watermark,[]}}
2026-09-12 00:22:59.976269+09:00 [info] <0.168.0>@supervisor:report_progress/2:1582 Supervisor: {local,runtime_tools_sup}. Started: id=ttb_autostart,pid=<0.169.0>.
2026-09-12 00:22:59.976428+09:00 [info] <0.44.0>@application_controller:info_started/2:2130 Application: runtime_tools. Started at: 'openriak-kv@node-01.cluster-a.openriak'.
2026-09-12 00:22:59.976804+09:00 [info] <0.44.0>@application_controller:info_started/2:2130 Application: xmerl. Started at: 'openriak-kv@node-01.cluster-a.openriak'.
2026-09-12 00:22:59.991624+09:00 [info] <0.176.0>@supervisor:report_progress/2:1582 Supervisor: {local,httpc_profile_sup}. Started: id=httpc_manager,pid=<0.177.0>.
2026-09-12 00:22:59.991770+09:00 [info] <0.175.0>@supervisor:report_progress/2:1582 Supervisor: {local,httpc_sup}. Started: id=httpc_profile_sup,pid=<0.176.0>.
2026-09-12 00:22:59.992611+09:00 [info] <0.175.0>@supervisor:report_progress/2:1582 Supervisor: {local,httpc_sup}. Started: id=httpc_handler_sup,pid=<0.178.0>.
2026-09-12 00:22:59.992723+09:00 [info] <0.174.0>@supervisor:report_progress/2:1582 Supervisor: {local,inets_sup}. Started: id=httpc_sup,pid=<0.175.0>.
2026-09-12 00:22:59.994743+09:00 [info] <0.174.0>@supervisor:report_progress/2:1582 Supervisor: {local,inets_sup}. Started: id=httpd_sup,pid=<0.179.0>.
2026-09-12 00:22:59.994863+09:00 [info] <0.44.0>@application_controller:info_started/2:2130 Application: inets. Started at: 'openriak-kv@node-01.cluster-a.openriak'.
2026-09-12 00:22:59.995127+09:00 [info] <0.44.0>@application_controller:info_started/2:2130 Application: mochiweb. Started at: 'openriak-kv@node-01.cluster-a.openriak'.
2026-09-12 00:23:00.000542+09:00 [info] <0.184.0>@supervisor:report_progress/2:1582 Supervisor: {local,webmachine_sup}. Started: id=webmachine_logger,pid=<0.185.0>.
2026-09-12 00:23:00.001788+09:00 [info] <0.184.0>@supervisor:report_progress/2:1582 Supervisor: {local,webmachine_sup}. Started: id=webmachine_logger_watcher_sup,pid=<0.186.0>.
2026-09-12 00:23:00.003246+09:00 [info] <0.184.0>@supervisor:report_progress/2:1582 Supervisor: {local,webmachine_sup}. Started: id=webmachine_router,pid=<0.187.0>.
2026-09-12 00:23:00.003385+09:00 [info] <0.44.0>@application_controller:info_started/2:2130 Application: webmachine. Started at: 'openriak-kv@node-01.cluster-a.openriak'.
2026-09-12 00:23:00.003582+09:00 [info] <0.44.0>@application_controller:info_started/2:2130 Application: basho_stats. Started at: 'openriak-kv@node-01.cluster-a.openriak'.
2026-09-12 00:23:00.007460+09:00 [info] <0.192.0>@supervisor:report_progress/2:1582 Supervisor: {local,bitcask_sup}. Started: id=bitcask_merge_worker,pid=<0.193.0>.
2026-09-12 00:23:00.009505+09:00 [info] <0.192.0>@supervisor:report_progress/2:1582 Supervisor: {local,bitcask_sup}. Started: id=bitcask_merge_delete,pid=<0.194.0>.
2026-09-12 00:23:00.009633+09:00 [info] <0.44.0>@application_controller:info_started/2:2130 Application: bitcask. Started at: 'openriak-kv@node-01.cluster-a.openriak'.
2026-09-12 00:23:00.009855+09:00 [info] <0.44.0>@application_controller:info_started/2:2130 Application: getopt. Started at: 'openriak-kv@node-01.cluster-a.openriak'.
2026-09-12 00:23:00.009995+09:00 [info] <0.44.0>@application_controller:info_started/2:2130 Application: cuttlefish. Started at: 'openriak-kv@node-01.cluster-a.openriak'.
2026-09-12 00:23:00.023359+09:00 [info] <0.200.0>@supervisor:report_progress/2:1582 Supervisor: {local,clique_sup}. Started: id=clique_manager,pid=<0.201.0>.
2026-09-12 00:23:00.023914+09:00 [info] <0.44.0>@application_controller:info_started/2:2130 Application: clique. Started at: 'openriak-kv@node-01.cluster-a.openriak'.
2026-09-12 00:23:00.024116+09:00 [info] <0.44.0>@application_controller:info_started/2:2130 Application: eleveldb. Started at: 'openriak-kv@node-01.cluster-a.openriak'.
2026-09-12 00:23:00.024328+09:00 [info] <0.44.0>@application_controller:info_started/2:2130 Application: pbkdf2. Started at: 'openriak-kv@node-01.cluster-a.openriak'.
2026-09-12 00:23:00.024487+09:00 [info] <0.44.0>@application_controller:info_started/2:2130 Application: poolboy. Started at: 'openriak-kv@node-01.cluster-a.openriak'.
2026-09-12 00:23:00.028606+09:00 [info] <0.44.0>@application_controller:info_started/2:2130 Application: cluster_info. Started at: 'openriak-kv@node-01.cluster-a.openriak'.
2026-09-12 00:23:00.048261+09:00 [info] <0.212.0>@supervisor:report_progress/2:1582 Supervisor: {local,riak_core_sup}. Started: id=riak_core_bg_manager,pid=<0.213.0>.
2026-09-12 00:23:00.050421+09:00 [info] <0.212.0>@supervisor:report_progress/2:1582 Supervisor: {local,riak_core_sup}. Started: id=riak_core_sysmon_minder,pid=<0.214.0>.
2026-09-12 00:23:00.051478+09:00 [info] <0.212.0>@supervisor:report_progress/2:1582 Supervisor: {local,riak_core_sup}. Started: id=riak_core_vnode_sup,pid=<0.215.0>.
2026-09-12 00:23:00.052392+09:00 [info] <0.212.0>@supervisor:report_progress/2:1582 Supervisor: {local,riak_core_sup}. Started: id=riak_core_eventhandler_sup,pid=<0.216.0>.
2026-09-12 00:23:00.054078+09:00 [info] <0.212.0>@supervisor:report_progress/2:1582 Supervisor: {local,riak_core_sup}. Started: id=riak_core_dist_mon,pid=<0.217.0>.
2026-09-12 00:23:00.055709+09:00 [info] <0.218.0>@supervisor:report_progress/2:1582 Supervisor: {local,riak_core_handoff_sup}. Started: id=riak_core_handoff_receiver_sup,pid=<0.219.0>.
2026-09-12 00:23:00.056496+09:00 [info] <0.218.0>@supervisor:report_progress/2:1582 Supervisor: {local,riak_core_handoff_sup}. Started: id=riak_core_handoff_sender_sup,pid=<0.220.0>.
2026-09-12 00:23:00.062143+09:00 [info] <0.221.0>@supervisor:report_progress/2:1582 Supervisor: {local,riak_core_handoff_listener_sup}. Started: id=riak_core_handoff_listener,pid=<0.222.0>.
2026-09-12 00:23:00.062288+09:00 [info] <0.218.0>@supervisor:report_progress/2:1582 Supervisor: {local,riak_core_handoff_sup}. Started: id=riak_core_handoff_listener_sup,pid=<0.221.0>.
2026-09-12 00:23:00.066661+09:00 [info] <0.218.0>@supervisor:report_progress/2:1582 Supervisor: {local,riak_core_handoff_sup}. Started: id=riak_core_handoff_manager,pid=<0.224.0>.
2026-09-12 00:23:00.066815+09:00 [info] <0.212.0>@supervisor:report_progress/2:1582 Supervisor: {local,riak_core_sup}. Started: id=riak_core_handoff_sup,pid=<0.218.0>.
2026-09-12 00:23:00.067844+09:00 [info] <0.212.0>@supervisor:report_progress/2:1582 Supervisor: {local,riak_core_sup}. Started: id=riak_core_ring_events,pid=<0.225.0>.
2026-09-12 00:23:00.249390+09:00 [warning] <0.226.0>@riak_core_ring_manager:reload_ring/1:388 No ring file available.
2026-09-12 00:23:00.291174+09:00 [info] <0.212.0>@supervisor:report_progress/2:1582 Supervisor: {local,riak_core_sup}. Started: id=riak_core_ring_manager,pid=<0.226.0>.
2026-09-12 00:23:00.308498+09:00 [info] <0.84.0>@supervisor:report_progress/2:1582 Supervisor: {local,kernel_safe_sup}. Started: id=dets_sup,pid=<0.233.0>.
2026-09-12 00:23:00.308687+09:00 [info] <0.84.0>@supervisor:report_progress/2:1582 Supervisor: {local,kernel_safe_sup}. Started: id=dets,pid=<0.234.0>.
2026-09-12 00:23:00.325980+09:00 [info] <0.212.0>@supervisor:report_progress/2:1582 Supervisor: {local,riak_core_sup}. Started: id=riak_core_metadata_manager,pid=<0.232.0>.
2026-09-12 00:23:00.407521+09:00 [info] <0.212.0>@supervisor:report_progress/2:1582 Supervisor: {local,riak_core_sup}. Started: id=riak_core_metadata_hashtree,pid=<0.237.0>.
2026-09-12 00:23:00.411551+09:00 [info] <0.212.0>@supervisor:report_progress/2:1582 Supervisor: {local,riak_core_sup}. Started: id=riak_core_broadcast,pid=<0.240.0>.
2026-09-12 00:23:00.414161+09:00 [info] <0.212.0>@supervisor:report_progress/2:1582 Supervisor: {local,riak_core_sup}. Started: id=riak_core_vnode_proxy_sup,pid=<0.241.0>.
2026-09-12 00:23:00.415670+09:00 [info] <0.212.0>@supervisor:report_progress/2:1582 Supervisor: {local,riak_core_sup}. Started: id=riak_core_node_watcher_events,pid=<0.242.0>.
2026-09-12 00:23:00.418586+09:00 [info] <0.212.0>@supervisor:report_progress/2:1582 Supervisor: {local,riak_core_sup}. Started: id=riak_core_node_watcher,pid=<0.243.0>.
2026-09-12 00:23:00.423253+09:00 [info] <0.212.0>@supervisor:report_progress/2:1582 Supervisor: {local,riak_core_sup}. Started: id=riak_core_vnode_manager,pid=<0.244.0>.
2026-09-12 00:23:00.428428+09:00 [info] <0.212.0>@supervisor:report_progress/2:1582 Supervisor: {local,riak_core_sup}. Started: id=riak_core_capability,pid=<0.245.0>.
2026-09-12 00:23:00.428619+09:00 [info] <0.212.0>@supervisor:report_progress/2:1582 Supervisor: {local,riak_core_sup}. Started: id=riak_core_gossip,pid=<0.246.0>.
2026-09-12 00:23:00.438399+09:00 [info] <0.212.0>@supervisor:report_progress/2:1582 Supervisor: {local,riak_core_sup}. Started: id=riak_core_claimant,pid=<0.247.0>.
2026-09-12 00:23:00.442184+09:00 [info] <0.212.0>@supervisor:report_progress/2:1582 Supervisor: {local,riak_core_sup}. Started: id=riak_core_table_owner,pid=<0.248.0>.
2026-09-12 00:23:00.449637+09:00 [info] <0.250.0>@supervisor:report_progress/2:1582 Supervisor: {local,riak_core_stats_sup}. Started: id=riak_core_stat_cache,pid=<0.251.0>.
2026-09-12 00:23:00.449791+09:00 [info] <0.249.0>@supervisor:report_progress/2:1582 Supervisor: {local,riak_core_stat_sup}. Started: id=riak_core_stats_sup,pid=<0.250.0>.
2026-09-12 00:23:00.449885+09:00 [info] <0.212.0>@supervisor:report_progress/2:1582 Supervisor: {local,riak_core_sup}. Started: id=riak_core_stat_sup,pid=<0.249.0>.
2026-09-12 00:23:00.450916+09:00 [info] <0.212.0>@supervisor:report_progress/2:1582 Supervisor: {local,riak_core_sup}. Started: id=riak_core_node_worker_pool_sup,pid=<0.252.0>.
2026-09-12 00:23:00.496253+09:00 [info] <0.250.0>@supervisor:report_progress/2:1582 Supervisor: {local,riak_core_stats_sup}. Started: id=riak_core_stat,pid=<0.253.0>.
2026-09-12 00:23:00.517718+09:00 [info] <0.216.0>@supervisor:report_progress/2:1582 Supervisor: {local,riak_core_eventhandler_sup}. Started: id={riak_core_ring_events,riak_core_ring_handler},pid=<0.276.0>.
2026-09-12 00:23:00.517932+09:00 [info] <0.245.0>@riak_core_capability:process_capability_changes/2:557 New capability: {riak_core,vnode_routing} = proxy
2026-09-12 00:23:00.532784+09:00 [info] <0.245.0>@riak_core_capability:process_capability_changes/2:557 New capability: {riak_core,staged_joins} = true
2026-09-12 00:23:00.552539+09:00 [info] <0.245.0>@riak_core_capability:process_capability_changes/2:557 New capability: {riak_core,resizable_ring} = true
2026-09-12 00:23:00.563362+09:00 [info] <0.245.0>@riak_core_capability:process_capability_changes/2:557 New capability: {riak_core,fold_req_version} = v2
2026-09-12 00:23:00.582402+09:00 [info] <0.245.0>@riak_core_capability:process_capability_changes/2:557 New capability: {riak_core,security} = true
2026-09-12 00:23:00.594887+09:00 [info] <0.245.0>@riak_core_capability:process_capability_changes/2:557 New capability: {riak_core,bucket_types} = true
2026-09-12 00:23:00.613416+09:00 [info] <0.245.0>@riak_core_capability:process_capability_changes/2:557 New capability: {riak_core,net_ticktime} = true
2026-09-12 00:23:00.796284+09:00 [info] <0.44.0>@application_controller:info_started/2:2130 Application: riak_core. Started at: 'openriak-kv@node-01.cluster-a.openriak'.
2026-09-12 00:23:00.799631+09:00 [info] <0.245.0>@riak_core_capability:process_capability_changes/2:557 New capability: {riak_pipe,trace_format} = ordsets
2026-09-12 00:23:00.813470+09:00 [info] <0.286.0>@supervisor:report_progress/2:1582 Supervisor: {local,riak_pipe_sup}. Started: id=riak_pipe_vnode_master,pid=<0.287.0>.
2026-09-12 00:23:00.814703+09:00 [info] <0.286.0>@supervisor:report_progress/2:1582 Supervisor: {local,riak_pipe_sup}. Started: id=riak_pipe_builder_sup,pid=<0.288.0>.
2026-09-12 00:23:00.815695+09:00 [info] <0.286.0>@supervisor:report_progress/2:1582 Supervisor: {local,riak_pipe_sup}. Started: id=riak_pipe_fitting_sup,pid=<0.289.0>.
2026-09-12 00:23:00.816634+09:00 [info] <0.286.0>@supervisor:report_progress/2:1582 Supervisor: {local,riak_pipe_sup}. Started: id=riak_pipe_qcover_sup,pid=<0.290.0>.
2026-09-12 00:23:00.818452+09:00 [info] <0.241.0>@supervisor:report_progress/2:1582 Supervisor: {local,riak_core_vnode_proxy_sup}. Started: id={riak_pipe_vnode,0},pid=<0.291.0>.
2026-09-12 00:23:00.818644+09:00 [info] <0.241.0>@supervisor:report_progress/2:1582 Supervisor: {local,riak_core_vnode_proxy_sup}. Started: id={riak_pipe_vnode,182687704666362864775460604089535377456991567872},pid=<0.292.0>.
2026-09-12 00:23:00.818772+09:00 [info] <0.241.0>@supervisor:report_progress/2:1582 Supervisor: {local,riak_core_vnode_proxy_sup}. Started: id={riak_pipe_vnode,365375409332725729550921208179070754913983135744},pid=<0.293.0>.
2026-09-12 00:23:00.818900+09:00 [info] <0.241.0>@supervisor:report_progress/2:1582 Supervisor: {local,riak_core_vnode_proxy_sup}. Started: id={riak_pipe_vnode,548063113999088594326381812268606132370974703616},pid=<0.294.0>.
2026-09-12 00:23:00.819015+09:00 [info] <0.241.0>@supervisor:report_progress/2:1582 Supervisor: {local,riak_core_vnode_proxy_sup}. Started: id={riak_pipe_vnode,730750818665451459101842416358141509827966271488},pid=<0.295.0>.
2026-09-12 00:23:00.819140+09:00 [info] <0.241.0>@supervisor:report_progress/2:1582 Supervisor: {local,riak_core_vnode_proxy_sup}. Started: id={riak_pipe_vnode,913438523331814323877303020447676887284957839360},pid=<0.296.0>.
2026-09-12 00:23:00.819272+09:00 [info] <0.241.0>@supervisor:report_progress/2:1582 Supervisor: {local,riak_core_vnode_proxy_sup}. Started: id={riak_pipe_vnode,1096126227998177188652763624537212264741949407232},pid=<0.297.0>.
2026-09-12 00:23:00.819388+09:00 [info] <0.241.0>@supervisor:report_progress/2:1582 Supervisor: {local,riak_core_vnode_proxy_sup}. Started: id={riak_pipe_vnode,1278813932664540053428224228626747642198940975104},pid=<0.298.0>.
2026-09-12 00:23:00.820864+09:00 [info] <0.250.0>@supervisor:report_progress/2:1582 Supervisor: {local,riak_core_stats_sup}. Started: id=riak_pipe_stat,pid=<0.299.0>.
2026-09-12 00:23:00.832745+09:00 [info] <0.44.0>@application_controller:info_started/2:2130 Application: riak_pipe. Started at: 'openriak-kv@node-01.cluster-a.openriak'.
2026-09-12 00:23:00.832997+09:00 [info] <0.44.0>@application_controller:info_started/2:2130 Application: tools. Started at: 'openriak-kv@node-01.cluster-a.openriak'.
2026-09-12 00:23:00.833168+09:00 [info] <0.44.0>@application_controller:info_started/2:2130 Application: riak_pb. Started at: 'openriak-kv@node-01.cluster-a.openriak'.
2026-09-12 00:23:00.838574+09:00 [info] <0.307.0>@supervisor:report_progress/2:1582 Supervisor: {local,riak_api_sup}. Started: id=riak_api_pb_registration_helper,pid=<0.308.0>.
2026-09-12 00:23:00.840153+09:00 [info] <0.307.0>@supervisor:report_progress/2:1582 Supervisor: {local,riak_api_sup}. Started: id=riak_api_pb_registrar,pid=<0.309.0>.
2026-09-12 00:23:00.841225+09:00 [info] <0.307.0>@supervisor:report_progress/2:1582 Supervisor: {local,riak_api_sup}. Started: id=riak_api_pb_sup,pid=<0.310.0>.
2026-09-12 00:23:00.841522+09:00 [info] <0.307.0>@supervisor:report_progress/2:1582 Supervisor: {local,riak_api_sup}. Started: id=[112,98,58,47,47,34,48,46,48,46,48,46,48,34,58,56,48,56,55],pid=<0.311.0>.
2026-09-12 00:23:00.854193+09:00 [info] <0.307.0>@supervisor:report_progress/2:1582 Supervisor: {local,riak_api_sup}. Started: id=[104,116,116,112,58,47,47,48,46,48,46,48,46,48,58,56,48,57,56],pid=<0.314.0>.
2026-09-12 00:23:00.855640+09:00 [info] <0.250.0>@supervisor:report_progress/2:1582 Supervisor: {local,riak_core_stats_sup}. Started: id=riak_api_stat,pid=<0.331.0>.
2026-09-12 00:23:00.864830+09:00 [info] <0.44.0>@application_controller:info_started/2:2130 Application: riak_api. Started at: 'openriak-kv@node-01.cluster-a.openriak'.
2026-09-12 00:23:00.866988+09:00 [info] <0.44.0>@application_controller:info_started/2:2130 Application: sidejob. Started at: 'openriak-kv@node-01.cluster-a.openriak'.
2026-09-12 00:23:00.867293+09:00 [info] <0.44.0>@application_controller:info_started/2:2130 Application: riak_dt. Started at: 'openriak-kv@node-01.cluster-a.openriak'.
2026-09-12 00:23:00.867502+09:00 [info] <0.44.0>@application_controller:info_started/2:2130 Application: sext. Started at: 'openriak-kv@node-01.cluster-a.openriak'.
2026-09-12 00:23:00.867715+09:00 [info] <0.44.0>@application_controller:info_started/2:2130 Application: lz4. Started at: 'openriak-kv@node-01.cluster-a.openriak'.
2026-09-12 00:23:00.867892+09:00 [info] <0.44.0>@application_controller:info_started/2:2130 Application: zstd. Started at: 'openriak-kv@node-01.cluster-a.openriak'.
2026-09-12 00:23:00.868074+09:00 [info] <0.44.0>@application_controller:info_started/2:2130 Application: leveled. Started at: 'openriak-kv@node-01.cluster-a.openriak'.
2026-09-12 00:23:00.868254+09:00 [info] <0.44.0>@application_controller:info_started/2:2130 Application: kv_index_tictactree. Started at: 'openriak-kv@node-01.cluster-a.openriak'.
2026-09-12 00:23:00.868410+09:00 [info] <0.44.0>@application_controller:info_started/2:2130 Application: hyper. Started at: 'openriak-kv@node-01.cluster-a.openriak'.
2026-09-12 00:23:00.868558+09:00 [info] <0.44.0>@application_controller:info_started/2:2130 Application: redbug. Started at: 'openriak-kv@node-01.cluster-a.openriak'.
2026-09-12 00:23:00.868735+09:00 [info] <0.44.0>@application_controller:info_started/2:2130 Application: recon. Started at: 'openriak-kv@node-01.cluster-a.openriak'.
2026-09-12 00:23:00.868878+09:00 [info] <0.44.0>@application_controller:info_started/2:2130 Application: riakc. Started at: 'openriak-kv@node-01.cluster-a.openriak'.
2026-09-12 00:23:00.874352+09:00 [info] <0.350.0>@supervisor:report_progress/2:1582 Supervisor: {local,ibrowse_sup}. Started: id=ibrowse,pid=<0.351.0>.
2026-09-12 00:23:00.874519+09:00 [info] <0.44.0>@application_controller:info_started/2:2130 Application: ibrowse. Started at: 'openriak-kv@node-01.cluster-a.openriak'.
2026-09-12 00:23:00.874696+09:00 [info] <0.44.0>@application_controller:info_started/2:2130 Application: rhc. Started at: 'openriak-kv@node-01.cluster-a.openriak'.
2026-09-12 00:23:00.889854+09:00 [info] <0.362.0>@supervisor:report_progress/2:1582 Supervisor: {local,riak_kv_put_fsm_sj_worker_sup}. Started: id=riak_kv_put_fsm_sj_1,pid=<0.363.0>.
2026-09-12 00:23:00.890132+09:00 [info] <0.362.0>@supervisor:report_progress/2:1582 Supervisor: {local,riak_kv_put_fsm_sj_worker_sup}. Started: id=riak_kv_put_fsm_sj_2,pid=<0.364.0>.
2026-09-12 00:23:00.890335+09:00 [info] <0.362.0>@supervisor:report_progress/2:1582 Supervisor: {local,riak_kv_put_fsm_sj_worker_sup}. Started: id=riak_kv_put_fsm_sj_3,pid=<0.365.0>.
2026-09-12 00:23:00.890543+09:00 [info] <0.362.0>@supervisor:report_progress/2:1582 Supervisor: {local,riak_kv_put_fsm_sj_worker_sup}. Started: id=riak_kv_put_fsm_sj_4,pid=<0.366.0>.
2026-09-12 00:23:00.890617+09:00 [info] <0.361.0>@supervisor:report_progress/2:1582 Supervisor: {local,riak_kv_put_fsm_sj}. Started: id=sidejob_worker_sup,pid=<0.362.0>.
2026-09-12 00:23:00.890729+09:00 [info] <0.361.0>@supervisor:report_progress/2:1582 Supervisor: {local,riak_kv_put_fsm_sj}. Started: id=riak_kv_put_fsm_sj_stats,pid=<0.367.0>.
2026-09-12 00:23:00.890827+09:00 [info] <0.336.0>@supervisor:report_progress/2:1582 Supervisor: {local,sidejob_sup}. Started: id=riak_kv_put_fsm_sj,pid=<0.361.0>.
2026-09-12 00:23:00.894126+09:00 [info] <0.370.0>@supervisor:report_progress/2:1582 Supervisor: {local,riak_kv_get_fsm_sj_worker_sup}. Started: id=riak_kv_get_fsm_sj_1,pid=<0.371.0>.
2026-09-12 00:23:00.894417+09:00 [info] <0.370.0>@supervisor:report_progress/2:1582 Supervisor: {local,riak_kv_get_fsm_sj_worker_sup}. Started: id=riak_kv_get_fsm_sj_2,pid=<0.372.0>.
2026-09-12 00:23:00.894692+09:00 [info] <0.370.0>@supervisor:report_progress/2:1582 Supervisor: {local,riak_kv_get_fsm_sj_worker_sup}. Started: id=riak_kv_get_fsm_sj_3,pid=<0.373.0>.
2026-09-12 00:23:00.894949+09:00 [info] <0.370.0>@supervisor:report_progress/2:1582 Supervisor: {local,riak_kv_get_fsm_sj_worker_sup}. Started: id=riak_kv_get_fsm_sj_4,pid=<0.374.0>.
2026-09-12 00:23:00.895050+09:00 [info] <0.369.0>@supervisor:report_progress/2:1582 Supervisor: {local,riak_kv_get_fsm_sj}. Started: id=sidejob_worker_sup,pid=<0.370.0>.
2026-09-12 00:23:00.895169+09:00 [info] <0.369.0>@supervisor:report_progress/2:1582 Supervisor: {local,riak_kv_get_fsm_sj}. Started: id=riak_kv_get_fsm_sj_stats,pid=<0.375.0>.
2026-09-12 00:23:00.895268+09:00 [info] <0.336.0>@supervisor:report_progress/2:1582 Supervisor: {local,sidejob_sup}. Started: id=riak_kv_get_fsm_sj,pid=<0.369.0>.
2026-09-12 00:23:00.901955+09:00 [info] <0.378.0>@supervisor:report_progress/2:1582 Supervisor: {local,riak_kv_stat_sj_worker_sup}. Started: id=riak_kv_stat_sj_1,pid=<0.379.0>.
2026-09-12 00:23:00.902261+09:00 [info] <0.378.0>@supervisor:report_progress/2:1582 Supervisor: {local,riak_kv_stat_sj_worker_sup}. Started: id=riak_kv_stat_sj_2,pid=<0.380.0>.
2026-09-12 00:23:00.902507+09:00 [info] <0.378.0>@supervisor:report_progress/2:1582 Supervisor: {local,riak_kv_stat_sj_worker_sup}. Started: id=riak_kv_stat_sj_3,pid=<0.381.0>.
2026-09-12 00:23:00.902706+09:00 [info] <0.378.0>@supervisor:report_progress/2:1582 Supervisor: {local,riak_kv_stat_sj_worker_sup}. Started: id=riak_kv_stat_sj_4,pid=<0.382.0>.
2026-09-12 00:23:00.902801+09:00 [info] <0.377.0>@supervisor:report_progress/2:1582 Supervisor: {local,riak_kv_stat_sj}. Started: id=sidejob_worker_sup,pid=<0.378.0>.
2026-09-12 00:23:00.902884+09:00 [info] <0.377.0>@supervisor:report_progress/2:1582 Supervisor: {local,riak_kv_stat_sj}. Started: id=riak_kv_stat_sj_stats,pid=<0.383.0>.
2026-09-12 00:23:00.902944+09:00 [info] <0.336.0>@supervisor:report_progress/2:1582 Supervisor: {local,sidejob_sup}. Started: id=riak_kv_stat_sj,pid=<0.377.0>.
2026-09-12 00:23:00.926053+09:00 [info] <0.356.0>@riak_kv_env:doc_env/0:47 Environment and OS variables:
2026-09-12 00:23:00.952662+09:00 [info] <0.245.0>@riak_core_capability:process_capability_changes/2:557 New capability: {riak_kv,object_hash_version} = 0
2026-09-12 00:23:00.961058+09:00 [info] <0.245.0>@riak_core_capability:process_capability_changes/2:557 New capability: {riak_kv,anti_entropy} = enabled_v1
2026-09-12 00:23:00.965003+09:00 [info] <0.385.0>@riak_core_throttle:enable_throttle/2:121 Enabling throttle for riak_kv/aae_throttle.
2026-09-12 00:23:00.965153+09:00 [info] <0.384.0>@supervisor:report_progress/2:1582 Supervisor: {local,riak_kv_sup}. Started: id=riak_kv_entropy_manager,pid=<0.385.0>.
2026-09-12 00:23:00.973529+09:00 [info] <0.384.0>@supervisor:report_progress/2:1582 Supervisor: {local,riak_kv_sup}. Started: id=riak_kv_ttaaefs_manager,pid=<0.386.0>.
2026-09-12 00:23:00.977512+09:00 [info] <0.384.0>@supervisor:report_progress/2:1582 Supervisor: {local,riak_kv_sup}. Started: id=riak_kv_replrtq_src,pid=<0.387.0>.
2026-09-12 00:23:00.979686+09:00 [info] <0.384.0>@supervisor:report_progress/2:1582 Supervisor: {local,riak_kv_sup}. Started: id=riak_kv_replrtq_snk,pid=<0.388.0>.
2026-09-12 00:23:00.981256+09:00 [info] <0.384.0>@supervisor:report_progress/2:1582 Supervisor: {local,riak_kv_sup}. Started: id=riak_kv_replrtq_peer,pid=<0.389.0>.
2026-09-12 00:23:00.984205+09:00 [info] <0.384.0>@supervisor:report_progress/2:1582 Supervisor: {local,riak_kv_sup}. Started: id=riak_kv_reaper,pid=<0.390.0>.
2026-09-12 00:23:00.985609+09:00 [info] <0.384.0>@supervisor:report_progress/2:1582 Supervisor: {local,riak_kv_sup}. Started: id=riak_kv_eraser,pid=<0.391.0>.
2026-09-12 00:23:00.987012+09:00 [info] <0.384.0>@supervisor:report_progress/2:1582 Supervisor: {local,riak_kv_sup}. Started: id=riak_kv_reader,pid=<0.392.0>.
2026-09-12 00:23:00.989230+09:00 [info] <0.384.0>@supervisor:report_progress/2:1582 Supervisor: {local,riak_kv_sup}. Started: id=riak_kv_token_manager,pid=<0.393.0>.
2026-09-12 00:23:00.989366+09:00 [info] <0.384.0>@supervisor:report_progress/2:1582 Supervisor: {local,riak_kv_sup}. Started: id=riak_kv_vnode_master,pid=<0.394.0>.
2026-09-12 00:23:00.989465+09:00 [info] <0.394.0>@riak_core:wait_for_service/2:498 Waiting for service riak_kv to start (0 seconds)
2026-09-12 00:23:00.992307+09:00 [info] <0.395.0>@supervisor:report_progress/2:1582 Supervisor: {local,riak_kv_w1c_sup}. Started: id=riak_kv_w1c_worker00,pid=<0.396.0>.
2026-09-12 00:23:00.992481+09:00 [info] <0.395.0>@supervisor:report_progress/2:1582 Supervisor: {local,riak_kv_w1c_sup}. Started: id=riak_kv_w1c_worker01,pid=<0.397.0>.
2026-09-12 00:23:00.992576+09:00 [info] <0.395.0>@supervisor:report_progress/2:1582 Supervisor: {local,riak_kv_w1c_sup}. Started: id=riak_kv_w1c_worker02,pid=<0.398.0>.
2026-09-12 00:23:00.992660+09:00 [info] <0.395.0>@supervisor:report_progress/2:1582 Supervisor: {local,riak_kv_w1c_sup}. Started: id=riak_kv_w1c_worker03,pid=<0.399.0>.
2026-09-12 00:23:00.992740+09:00 [info] <0.395.0>@supervisor:report_progress/2:1582 Supervisor: {local,riak_kv_w1c_sup}. Started: id=riak_kv_w1c_worker04,pid=<0.400.0>.
2026-09-12 00:23:00.992830+09:00 [info] <0.395.0>@supervisor:report_progress/2:1582 Supervisor: {local,riak_kv_w1c_sup}. Started: id=riak_kv_w1c_worker05,pid=<0.401.0>.
2026-09-12 00:23:00.992906+09:00 [info] <0.395.0>@supervisor:report_progress/2:1582 Supervisor: {local,riak_kv_w1c_sup}. Started: id=riak_kv_w1c_worker06,pid=<0.402.0>.
2026-09-12 00:23:00.992994+09:00 [info] <0.395.0>@supervisor:report_progress/2:1582 Supervisor: {local,riak_kv_w1c_sup}. Started: id=riak_kv_w1c_worker07,pid=<0.403.0>.
2026-09-12 00:23:00.993062+09:00 [info] <0.384.0>@supervisor:report_progress/2:1582 Supervisor: {local,riak_kv_sup}. Started: id=riak_kv_w1c_sup,pid=<0.395.0>.
2026-09-12 00:23:00.994128+09:00 [info] <0.384.0>@supervisor:report_progress/2:1582 Supervisor: {local,riak_kv_sup}. Started: id=riak_kv_delete_sup,pid=<0.404.0>.
2026-09-12 00:23:00.995421+09:00 [info] <0.384.0>@supervisor:report_progress/2:1582 Supervisor: {local,riak_kv_sup}. Started: id=riak_kv_mrc_sink_sup,pid=<0.405.0>.
2026-09-12 00:23:00.996680+09:00 [info] <0.384.0>@supervisor:report_progress/2:1582 Supervisor: {local,riak_kv_sup}. Started: id=riak_kv_buckets_fsm_sup,pid=<0.406.0>.
2026-09-12 00:23:00.997737+09:00 [info] <0.384.0>@supervisor:report_progress/2:1582 Supervisor: {local,riak_kv_sup}. Started: id=riak_kv_keys_fsm_sup,pid=<0.407.0>.
2026-09-12 00:23:00.999003+09:00 [info] <0.384.0>@supervisor:report_progress/2:1582 Supervisor: {local,riak_kv_sup}. Started: id=riak_kv_index_fsm_sup,pid=<0.408.0>.
2026-09-12 00:23:01.000079+09:00 [info] <0.384.0>@supervisor:report_progress/2:1582 Supervisor: {local,riak_kv_sup}. Started: id=riak_kv_query_sup,pid=<0.409.0>.
2026-09-12 00:23:01.001200+09:00 [info] <0.384.0>@supervisor:report_progress/2:1582 Supervisor: {local,riak_kv_sup}. Started: id=riak_kv_clusteraae_fsm_sup,pid=<0.410.0>.
2026-09-12 00:23:01.002316+09:00 [info] <0.384.0>@supervisor:report_progress/2:1582 Supervisor: {local,riak_kv_sup}. Started: id=riak_kv_hotbackup_fsm_sup,pid=<0.411.0>.
2026-09-12 00:23:01.003622+09:00 [info] <0.384.0>@supervisor:report_progress/2:1582 Supervisor: {local,riak_kv_sup}. Started: id=riak_kv_http_cache,pid=<0.412.0>.
2026-09-12 00:23:01.003793+09:00 [info] <0.245.0>@riak_core_capability:process_capability_changes/2:557 New capability: {riak_kv,vnode_vclocks} = true
2026-09-12 00:23:01.015032+09:00 [info] <0.245.0>@riak_core_capability:process_capability_changes/2:557 New capability: {riak_kv,legacy_keylisting} = false
2026-09-12 00:23:01.022132+09:00 [info] <0.245.0>@riak_core_capability:process_capability_changes/2:557 New capability: {riak_kv,listkeys_backpressure} = true
2026-09-12 00:23:01.025894+09:00 [info] <0.245.0>@riak_core_capability:process_capability_changes/2:557 New capability: {riak_kv,index_backpressure} = true
2026-09-12 00:23:01.032459+09:00 [info] <0.245.0>@riak_core_capability:process_capability_changes/2:557 New capability: {riak_kv,mapred_system} = pipe
2026-09-12 00:23:01.039381+09:00 [info] <0.245.0>@riak_core_capability:process_capability_changes/2:557 New capability: {riak_kv,mapred_2i_pipe} = true
2026-09-12 00:23:01.045900+09:00 [info] <0.245.0>@riak_core_capability:process_capability_changes/2:557 New capability: {riak_kv,handoff_data_encoding} = encode_raw
2026-09-12 00:23:01.049609+09:00 [info] <0.245.0>@riak_core_capability:process_capability_changes/2:557 New capability: {riak_kv,object_format} = v1
2026-09-12 00:23:01.056009+09:00 [info] <0.245.0>@riak_core_capability:process_capability_changes/2:557 New capability: {riak_kv,secondary_index_version} = v3
2026-09-12 00:23:01.058398+09:00 [info] <0.245.0>@riak_core_capability:process_capability_changes/2:557 New capability: {riak_kv,vclock_data_encoding} = encode_zlib
2026-09-12 00:23:01.067052+09:00 [info] <0.245.0>@riak_core_capability:process_capability_changes/2:557 New capability: {riak_kv,crdt} = [pncounter,riak_dt_pncounter,riak_dt_orswot,riak_dt_map,riak_kv_hll,riak_dt_gset]
2026-09-12 00:23:01.069074+09:00 [info] <0.245.0>@riak_core_capability:process_capability_changes/2:557 New capability: {riak_kv,crdt_epoch_versions} = [{riak_dt_map,2},{riak_dt_orswot,2},{riak_dt_pncounter,2},{riak_kv_hll,1},{riak_dt_gset,2}]
2026-09-12 00:23:01.073006+09:00 [info] <0.245.0>@riak_core_capability:process_capability_changes/2:557 New capability: {riak_kv,put_fsm_ack_execute} = enabled
2026-09-12 00:23:01.077010+09:00 [info] <0.245.0>@riak_core_capability:process_capability_changes/2:557 New capability: {riak_kv,get_request_type} = head
2026-09-12 00:23:01.083733+09:00 [info] <0.245.0>@riak_core_capability:process_capability_changes/2:557 New capability: {riak_kv,put_soft_limit} = true
2026-09-12 00:23:01.085825+09:00 [info] <0.245.0>@riak_core_capability:process_capability_changes/2:557 New capability: {riak_kv,tictacaae_prompted_repairs} = true
2026-09-12 00:23:01.090518+09:00 [info] <0.241.0>@supervisor:report_progress/2:1582 Supervisor: {local,riak_core_vnode_proxy_sup}. Started: id={riak_kv_vnode,0},pid=<0.413.0>.
2026-09-12 00:23:01.090713+09:00 [info] <0.241.0>@supervisor:report_progress/2:1582 Supervisor: {local,riak_core_vnode_proxy_sup}. Started: id={riak_kv_vnode,182687704666362864775460604089535377456991567872},pid=<0.414.0>.
2026-09-12 00:23:01.090856+09:00 [info] <0.241.0>@supervisor:report_progress/2:1582 Supervisor: {local,riak_core_vnode_proxy_sup}. Started: id={riak_kv_vnode,365375409332725729550921208179070754913983135744},pid=<0.415.0>.
2026-09-12 00:23:01.090966+09:00 [info] <0.241.0>@supervisor:report_progress/2:1582 Supervisor: {local,riak_core_vnode_proxy_sup}. Started: id={riak_kv_vnode,548063113999088594326381812268606132370974703616},pid=<0.416.0>.
2026-09-12 00:23:01.091071+09:00 [info] <0.241.0>@supervisor:report_progress/2:1582 Supervisor: {local,riak_core_vnode_proxy_sup}. Started: id={riak_kv_vnode,730750818665451459101842416358141509827966271488},pid=<0.417.0>.
2026-09-12 00:23:01.091170+09:00 [info] <0.241.0>@supervisor:report_progress/2:1582 Supervisor: {local,riak_core_vnode_proxy_sup}. Started: id={riak_kv_vnode,913438523331814323877303020447676887284957839360},pid=<0.418.0>.
2026-09-12 00:23:01.091284+09:00 [info] <0.241.0>@supervisor:report_progress/2:1582 Supervisor: {local,riak_core_vnode_proxy_sup}. Started: id={riak_kv_vnode,1096126227998177188652763624537212264741949407232},pid=<0.419.0>.
2026-09-12 00:23:01.091373+09:00 [info] <0.241.0>@supervisor:report_progress/2:1582 Supervisor: {local,riak_core_vnode_proxy_sup}. Started: id={riak_kv_vnode,1278813932664540053428224228626747642198940975104},pid=<0.420.0>.
2026-09-12 00:23:01.105857+09:00 [info] <0.250.0>@supervisor:report_progress/2:1582 Supervisor: {local,riak_core_stats_sup}. Started: id=riak_kv_stat,pid=<0.421.0>.
2026-09-12 00:23:01.127111+09:00 [info] <0.252.0>@riak_core_node_worker_pool:start_link/5:85 Registered worker pool of type af1_pool and size 2
2026-09-12 00:23:01.127227+09:00 [info] <0.252.0>@supervisor:report_progress/2:1582 Supervisor: {local,riak_core_node_worker_pool_sup}. Started: id=af1_pool,pid=<0.563.0>.
2026-09-12 00:23:01.127460+09:00 [info] <0.252.0>@riak_core_node_worker_pool:start_link/5:85 Registered worker pool of type af2_pool and size 1
2026-09-12 00:23:01.127533+09:00 [info] <0.252.0>@supervisor:report_progress/2:1582 Supervisor: {local,riak_core_node_worker_pool_sup}. Started: id=af2_pool,pid=<0.568.0>.
2026-09-12 00:23:01.127723+09:00 [info] <0.252.0>@riak_core_node_worker_pool:start_link/5:85 Registered worker pool of type af3_pool and size 4
2026-09-12 00:23:01.127797+09:00 [info] <0.252.0>@supervisor:report_progress/2:1582 Supervisor: {local,riak_core_node_worker_pool_sup}. Started: id=af3_pool,pid=<0.572.0>.
2026-09-12 00:23:01.127980+09:00 [info] <0.252.0>@riak_core_node_worker_pool:start_link/5:85 Registered worker pool of type af4_pool and size 1
2026-09-12 00:23:01.128063+09:00 [info] <0.252.0>@supervisor:report_progress/2:1582 Supervisor: {local,riak_core_node_worker_pool_sup}. Started: id=af4_pool,pid=<0.579.0>.
2026-09-12 00:23:01.128210+09:00 [info] <0.252.0>@riak_core_node_worker_pool:start_link/5:85 Registered worker pool of type be_pool and size 1
2026-09-12 00:23:01.128300+09:00 [info] <0.252.0>@supervisor:report_progress/2:1582 Supervisor: {local,riak_core_node_worker_pool_sup}. Started: id=be_pool,pid=<0.583.0>.
2026-09-12 00:23:01.138650+09:00 [info] <0.44.0>@application_controller:info_started/2:2130 Application: riak_kv. Started at: 'openriak-kv@node-01.cluster-a.openriak'.
2026-09-12 00:23:01.138840+09:00 [info] <0.44.0>@application_controller:info_started/2:2130 Application: ebloom. Started at: 'openriak-kv@node-01.cluster-a.openriak'.
2026-09-12 00:23:01.139011+09:00 [info] <0.44.0>@application_controller:info_started/2:2130 Application: bear. Started at: 'openriak-kv@node-01.cluster-a.openriak'.
2026-09-12 00:23:01.142162+09:00 [info] <0.592.0>@supervisor:report_progress/2:1582 Supervisor: {local,folsom_sup}. Started: id=folsom_sample_slide_sup,pid=<0.593.0>.
2026-09-12 00:23:01.143366+09:00 [info] <0.592.0>@supervisor:report_progress/2:1582 Supervisor: {local,folsom_sup}. Started: id=folsom_meter_timer_server,pid=<0.594.0>.
2026-09-12 00:23:01.145239+09:00 [info] <0.592.0>@supervisor:report_progress/2:1582 Supervisor: {local,folsom_sup}. Started: id=folsom_metrics_histogram_ets,pid=<0.595.0>.
2026-09-12 00:23:01.147478+09:00 [info] <0.592.0>@supervisor:report_progress/2:1582 Supervisor: {local,folsom_sup}. Started: id=folsom_metrics_spiral,pid=<0.596.0>.
2026-09-12 00:23:01.149385+09:00 [info] <0.592.0>@supervisor:report_progress/2:1582 Supervisor: {local,folsom_sup}. Started: id=folsom_metrics_history,pid=<0.597.0>.
2026-09-12 00:23:01.150701+09:00 [info] <0.592.0>@supervisor:report_progress/2:1582 Supervisor: {local,folsom_sup}. Started: id=folsom_metrics_histogram,pid=<0.598.0>.
2026-09-12 00:23:01.153475+09:00 [info] <0.592.0>@supervisor:report_progress/2:1582 Supervisor: {local,folsom_sup}. Started: id=folsom_metrics_duration,pid=<0.599.0>.
2026-09-12 00:23:01.154927+09:00 [info] <0.592.0>@supervisor:report_progress/2:1582 Supervisor: {local,folsom_sup}. Started: id=folsom_metrics_counter,pid=<0.600.0>.
2026-09-12 00:23:01.156526+09:00 [info] <0.592.0>@supervisor:report_progress/2:1582 Supervisor: {local,folsom_sup}. Started: id=folsom_metrics_gauge,pid=<0.601.0>.
2026-09-12 00:23:01.158306+09:00 [info] <0.592.0>@supervisor:report_progress/2:1582 Supervisor: {local,folsom_sup}. Started: id=folsom_metrics_meter,pid=<0.604.0>.
2026-09-12 00:23:01.160158+09:00 [info] <0.592.0>@supervisor:report_progress/2:1582 Supervisor: {local,folsom_sup}. Started: id=folsom_metrics_meter_reader,pid=<0.605.0>.
2026-09-12 00:23:01.160321+09:00 [info] <0.44.0>@application_controller:info_started/2:2130 Application: folsom. Started at: 'openriak-kv@node-01.cluster-a.openriak'.
2026-09-12 00:23:01.164483+09:00 [info] <0.610.0>@supervisor:report_progress/2:1582 Supervisor: {local,ranch_sup}. Started: id=ranch_server,pid=<0.611.0>.
2026-09-12 00:23:01.164634+09:00 [info] <0.44.0>@application_controller:info_started/2:2130 Application: ranch. Started at: 'openriak-kv@node-01.cluster-a.openriak'.
2026-09-12 00:23:01.167465+09:00 [info] <0.614.0>@riak_core:wait_for_service/2:498 Waiting for service riak_kv to start (0 seconds)
2026-09-12 00:23:10.424861+09:00 [info] <0.244.0>@riak_core_vnode_manager:update_never_started/4:1026 Update never started for Mod riak_kv_vnode with count 8 to be added to 0
2026-09-12 00:23:10.425381+09:00 [info] <0.244.0>@riak_core_vnode_manager:update_never_started/4:1026 Update never started for Mod riak_pipe_vnode with count 8 to be added to 8
2026-09-12 00:23:10.426387+09:00 [info] <0.726.0>@riak_core_vnode_manager:get_vnode/3:733 Will start VNode for partition 0 riak_pipe_vnode
2026-09-12 00:23:10.472145+09:00 [info] <0.726.0>@riak_core_vnode_manager:get_vnode/3:743 VNode initialization ready <0.727.0> 0 riak_pipe_vnode
2026-09-12 00:23:10.472399+09:00 [info] <0.729.0>@riak_core_vnode_manager:get_vnode/3:733 Will start VNode for partition 0 riak_kv_vnode
2026-09-12 00:23:10.472523+09:00 [info] <0.731.0>@riak_core_vnode_manager:get_vnode/3:733 Will start VNode for partition 365375409332725729550921208179070754913983135744 riak_kv_vnode
2026-09-12 00:23:10.472623+09:00 [info] <0.732.0>@riak_core_vnode_manager:get_vnode/3:733 Will start VNode for partition 548063113999088594326381812268606132370974703616 riak_kv_vnode
2026-09-12 00:23:10.472639+09:00 [info] <0.733.0>@riak_core_vnode_manager:get_vnode/3:733 Will start VNode for partition 730750818665451459101842416358141509827966271488 riak_kv_vnode
2026-09-12 00:23:10.472821+09:00 [info] <0.735.0>@riak_core_vnode_manager:get_vnode/3:733 Will start VNode for partition 1096126227998177188652763624537212264741949407232 riak_kv_vnode
2026-09-12 00:23:10.472828+09:00 [info] <0.736.0>@riak_core_vnode_manager:get_vnode/3:733 Will start VNode for partition 1278813932664540053428224228626747642198940975104 riak_kv_vnode
2026-09-12 00:23:10.472419+09:00 [info] <0.730.0>@riak_core_vnode_manager:get_vnode/3:733 Will start VNode for partition 182687704666362864775460604089535377456991567872 riak_kv_vnode
2026-09-12 00:23:10.472804+09:00 [info] <0.734.0>@riak_core_vnode_manager:get_vnode/3:733 Will start VNode for partition 913438523331814323877303020447676887284957839360 riak_kv_vnode
2026-09-12 00:23:10.552040+09:00 [info] <0.786.0>@leveled_inker:open_all_manifest/2:1269 log_ref=i0011 db_id=6 Manifest is empty, starting from manifest SQN 1
2026-09-12 00:23:10.551925+09:00 [info] <0.784.0>@leveled_inker:open_all_manifest/2:1269 log_ref=i0011 db_id=2 Manifest is empty, starting from manifest SQN 1
2026-09-12 00:23:10.551767+09:00 [info] <0.782.0>@leveled_inker:open_all_manifest/2:1269 log_ref=i0011 db_id=7 Manifest is empty, starting from manifest SQN 1
2026-09-12 00:23:10.552132+09:00 [info] <0.779.0>@leveled_inker:open_all_manifest/2:1269 log_ref=i0011 db_id=5 Manifest is empty, starting from manifest SQN 1
2026-09-12 00:23:10.551853+09:00 [info] <0.781.0>@leveled_inker:open_all_manifest/2:1269 log_ref=i0011 db_id=1 Manifest is empty, starting from manifest SQN 1
2026-09-12 00:23:10.551984+09:00 [info] <0.785.0>@leveled_inker:open_all_manifest/2:1269 log_ref=i0011 db_id=4 Manifest is empty, starting from manifest SQN 1
2026-09-12 00:23:10.552049+09:00 [info] <0.783.0>@leveled_inker:open_all_manifest/2:1269 log_ref=i0011 db_id=3 Manifest is empty, starting from manifest SQN 1
2026-09-12 00:23:10.552097+09:00 [info] <0.780.0>@leveled_inker:open_all_manifest/2:1269 log_ref=i0011 db_id=0 Manifest is empty, starting from manifest SQN 1
2026-09-12 00:23:10.566245+09:00 [info] <0.800.0>@leveled_cdb:starting/3:479 log_ref=cdb01 db_id=5 Opening file for writing with filename /var/lib/riak/leveled/913438523331814323877303020447676887284957839360/journal/journal_files/0_57d15b27-d15e-4ca9-9339-b6e471c039a1.pnd
2026-09-12 00:23:10.566253+09:00 [info] <0.802.0>@leveled_cdb:starting/3:479 log_ref=cdb01 db_id=7 Opening file for writing with filename /var/lib/riak/leveled/1278813932664540053428224228626747642198940975104/journal/journal_files/0_4699de95-b8ab-4329-ab76-9cc4dff3c40c.pnd
2026-09-12 00:23:10.566245+09:00 [info] <0.798.0>@leveled_cdb:starting/3:479 log_ref=cdb01 db_id=0 Opening file for writing with filename /var/lib/riak/leveled/0/journal/journal_files/0_cb12d7cc-d827-4a32-babc-c63fa8f83b15.pnd
2026-09-12 00:23:10.566331+09:00 [info] <0.799.0>@leveled_cdb:starting/3:479 log_ref=cdb01 db_id=1 Opening file for writing with filename /var/lib/riak/leveled/182687704666362864775460604089535377456991567872/journal/journal_files/0_dbfa7012-dc4b-45da-aec6-01c6f0c55151.pnd
2026-09-12 00:23:10.566338+09:00 [info] <0.803.0>@leveled_cdb:starting/3:479 log_ref=cdb01 db_id=6 Opening file for writing with filename /var/lib/riak/leveled/1096126227998177188652763624537212264741949407232/journal/journal_files/0_bbb61106-6d67-461f-b23a-7660a156b591.pnd
2026-09-12 00:23:10.566385+09:00 [info] <0.796.0>@leveled_cdb:starting/3:479 log_ref=cdb01 db_id=3 Opening file for writing with filename /var/lib/riak/leveled/548063113999088594326381812268606132370974703616/journal/journal_files/0_0a66a4b0-a8d2-4309-b003-25d5adf101cf.pnd
2026-09-12 00:23:10.566401+09:00 [info] <0.801.0>@leveled_cdb:starting/3:479 log_ref=cdb01 db_id=4 Opening file for writing with filename /var/lib/riak/leveled/730750818665451459101842416358141509827966271488/journal/journal_files/0_0f70cd3e-550d-49b3-b49b-924cf93deaa6.pnd
2026-09-12 00:23:10.566338+09:00 [info] <0.797.0>@leveled_cdb:starting/3:479 log_ref=cdb01 db_id=2 Opening file for writing with filename /var/lib/riak/leveled/365375409332725729550921208179070754913983135744/journal/journal_files/0_e6f6da7f-52fc-49b0-a8fb-963e27e26201.pnd
2026-09-12 00:23:10.566968+09:00 [info] <0.781.0>@leveled_inker:build_manifest/3:1238 log_ref=i0009 db_id=1 Updated manifest on startup:
2026-09-12 00:23:10.567044+09:00 [info] <0.786.0>@leveled_inker:build_manifest/3:1238 log_ref=i0009 db_id=6 Updated manifest on startup:
2026-09-12 00:23:10.567012+09:00 [info] <0.782.0>@leveled_inker:build_manifest/3:1238 log_ref=i0009 db_id=7 Updated manifest on startup:
2026-09-12 00:23:10.567049+09:00 [info] <0.783.0>@leveled_inker:build_manifest/3:1238 log_ref=i0009 db_id=3 Updated manifest on startup:
2026-09-12 00:23:10.566987+09:00 [info] <0.780.0>@leveled_inker:build_manifest/3:1238 log_ref=i0009 db_id=0 Updated manifest on startup:
2026-09-12 00:23:10.567045+09:00 [info] <0.784.0>@leveled_inker:build_manifest/3:1238 log_ref=i0009 db_id=2 Updated manifest on startup:
2026-09-12 00:23:10.567083+09:00 [info] <0.779.0>@leveled_inker:build_manifest/3:1238 log_ref=i0009 db_id=5 Updated manifest on startup:
2026-09-12 00:23:10.567390+09:00 [info] <0.781.0>@leveled_imanifest:writer/3:187 log_ref=i0016 db_id=1 Writing new version of manifest for manifestSQN=2
2026-09-12 00:23:10.567600+09:00 [info] <0.785.0>@leveled_inker:build_manifest/3:1238 log_ref=i0009 db_id=4 Updated manifest on startup:
2026-09-12 00:23:10.567526+09:00 [info] <0.780.0>@leveled_imanifest:writer/3:187 log_ref=i0016 db_id=0 Writing new version of manifest for manifestSQN=2
2026-09-12 00:23:10.567644+09:00 [info] <0.782.0>@leveled_imanifest:writer/3:187 log_ref=i0016 db_id=7 Writing new version of manifest for manifestSQN=2
2026-09-12 00:23:10.567758+09:00 [info] <0.784.0>@leveled_imanifest:writer/3:187 log_ref=i0016 db_id=2 Writing new version of manifest for manifestSQN=2
2026-09-12 00:23:10.567868+09:00 [info] <0.783.0>@leveled_imanifest:writer/3:187 log_ref=i0016 db_id=3 Writing new version of manifest for manifestSQN=2
2026-09-12 00:23:10.567750+09:00 [info] <0.779.0>@leveled_imanifest:writer/3:187 log_ref=i0016 db_id=5 Writing new version of manifest for manifestSQN=2
2026-09-12 00:23:10.567967+09:00 [info] <0.786.0>@leveled_imanifest:writer/3:187 log_ref=i0016 db_id=6 Writing new version of manifest for manifestSQN=2
2026-09-12 00:23:10.568167+09:00 [info] <0.785.0>@leveled_imanifest:writer/3:187 log_ref=i0016 db_id=4 Writing new version of manifest for manifestSQN=2
2026-09-12 00:23:10.613320+09:00 [info] <0.809.0>@leveled_pclerk:clerk_new/3:78 log_ref=pc001 db_id=6 Penciller's clerk <0.815.0> started with owner <0.809.0>
2026-09-12 00:23:10.613320+09:00 [info] <0.810.0>@leveled_pclerk:clerk_new/3:78 log_ref=pc001 db_id=3 Penciller's clerk <0.817.0> started with owner <0.810.0>
2026-09-12 00:23:10.613295+09:00 [info] <0.807.0>@leveled_pclerk:clerk_new/3:78 log_ref=pc001 db_id=1 Penciller's clerk <0.813.0> started with owner <0.807.0>
2026-09-12 00:23:10.613647+09:00 [info] <0.808.0>@leveled_pclerk:clerk_new/3:78 log_ref=pc001 db_id=2 Penciller's clerk <0.818.0> started with owner <0.808.0>
2026-09-12 00:23:10.613647+09:00 [info] <0.805.0>@leveled_pclerk:clerk_new/3:78 log_ref=pc001 db_id=7 Penciller's clerk <0.819.0> started with owner <0.805.0>
2026-09-12 00:23:10.613295+09:00 [info] <0.806.0>@leveled_pclerk:clerk_new/3:78 log_ref=pc001 db_id=0 Penciller's clerk <0.814.0> started with owner <0.806.0>
2026-09-12 00:23:10.613673+09:00 [info] <0.804.0>@leveled_pclerk:clerk_new/3:78 log_ref=pc001 db_id=4 Penciller's clerk <0.816.0> started with owner <0.804.0>
2026-09-12 00:23:10.613692+09:00 [info] <0.811.0>@leveled_pclerk:clerk_new/3:78 log_ref=pc001 db_id=5 Penciller's clerk <0.812.0> started with owner <0.811.0>
2026-09-12 00:23:10.632767+09:00 [info] <0.804.0>@leveled_pmanifest:open_manifestfile/2:1180 log_ref=p0013 db_id=4 Seqence number of 0 indicates no valid manifest
2026-09-12 00:23:10.633041+09:00 [info] <0.811.0>@leveled_pmanifest:open_manifestfile/2:1180 log_ref=p0013 db_id=5 Seqence number of 0 indicates no valid manifest
2026-09-12 00:23:10.633239+09:00 [info] <0.808.0>@leveled_pmanifest:open_manifestfile/2:1180 log_ref=p0013 db_id=2 Seqence number of 0 indicates no valid manifest
2026-09-12 00:23:10.633741+09:00 [info] <0.805.0>@leveled_pmanifest:open_manifestfile/2:1180 log_ref=p0013 db_id=7 Seqence number of 0 indicates no valid manifest
2026-09-12 00:23:10.634108+09:00 [info] <0.806.0>@leveled_pmanifest:open_manifestfile/2:1180 log_ref=p0013 db_id=0 Seqence number of 0 indicates no valid manifest
2026-09-12 00:23:10.634307+09:00 [info] <0.809.0>@leveled_pmanifest:open_manifestfile/2:1180 log_ref=p0013 db_id=6 Seqence number of 0 indicates no valid manifest
2026-09-12 00:23:10.634723+09:00 [info] <0.810.0>@leveled_pmanifest:open_manifestfile/2:1180 log_ref=p0013 db_id=3 Seqence number of 0 indicates no valid manifest
2026-09-12 00:23:10.635066+09:00 [info] <0.807.0>@leveled_pmanifest:open_manifestfile/2:1180 log_ref=p0013 db_id=1 Seqence number of 0 indicates no valid manifest
2026-09-12 00:23:10.641266+09:00 [info] <0.804.0>@leveled_penciller:start_from_file/1:1508 log_ref=p0014 db_id=4 Maximum sequence number of 0 found in nonzero levels
2026-09-12 00:23:10.641565+09:00 [info] <0.811.0>@leveled_penciller:start_from_file/1:1508 log_ref=p0014 db_id=5 Maximum sequence number of 0 found in nonzero levels
2026-09-12 00:23:10.641736+09:00 [info] <0.808.0>@leveled_penciller:start_from_file/1:1508 log_ref=p0014 db_id=2 Maximum sequence number of 0 found in nonzero levels
2026-09-12 00:23:10.642032+09:00 [info] <0.811.0>@leveled_penciller:start_from_file/1:1510 log_ref=p0035 db_id=5 Startup with Manifest SQN of 0
2026-09-12 00:23:10.641302+09:00 [info] <0.807.0>@leveled_penciller:start_from_file/1:1508 log_ref=p0014 db_id=1 Maximum sequence number of 0 found in nonzero levels
2026-09-12 00:23:10.642135+09:00 [info] <0.810.0>@leveled_penciller:start_from_file/1:1508 log_ref=p0014 db_id=3 Maximum sequence number of 0 found in nonzero levels
2026-09-12 00:23:10.641964+09:00 [info] <0.804.0>@leveled_penciller:start_from_file/1:1510 log_ref=p0035 db_id=4 Startup with Manifest SQN of 0
2026-09-12 00:23:10.641611+09:00 [info] <0.805.0>@leveled_penciller:start_from_file/1:1508 log_ref=p0014 db_id=7 Maximum sequence number of 0 found in nonzero levels
2026-09-12 00:23:10.642203+09:00 [info] <0.808.0>@leveled_penciller:start_from_file/1:1510 log_ref=p0035 db_id=2 Startup with Manifest SQN of 0
2026-09-12 00:23:10.641800+09:00 [info] <0.806.0>@leveled_penciller:start_from_file/1:1508 log_ref=p0014 db_id=0 Maximum sequence number of 0 found in nonzero levels
2026-09-12 00:23:10.642517+09:00 [info] <0.810.0>@leveled_penciller:start_from_file/1:1510 log_ref=p0035 db_id=3 Startup with Manifest SQN of 0
2026-09-12 00:23:10.642097+09:00 [info] <0.809.0>@leveled_penciller:start_from_file/1:1508 log_ref=p0014 db_id=6 Maximum sequence number of 0 found in nonzero levels
2026-09-12 00:23:10.642386+09:00 [info] <0.807.0>@leveled_penciller:start_from_file/1:1510 log_ref=p0035 db_id=1 Startup with Manifest SQN of 0
2026-09-12 00:23:10.642794+09:00 [info] <0.806.0>@leveled_penciller:start_from_file/1:1510 log_ref=p0035 db_id=0 Startup with Manifest SQN of 0
2026-09-12 00:23:10.642858+09:00 [info] <0.809.0>@leveled_penciller:start_from_file/1:1510 log_ref=p0035 db_id=6 Startup with Manifest SQN of 0
2026-09-12 00:23:10.642653+09:00 [info] <0.805.0>@leveled_penciller:start_from_file/1:1510 log_ref=p0035 db_id=7 Startup with Manifest SQN of 0
2026-09-12 00:23:10.648654+09:00 [info] <0.811.0>@leveled_penciller:start_from_file/1:1538 log_ref=p0017 db_id=5 No L0 file found
2026-09-12 00:23:10.648699+09:00 [info] <0.804.0>@leveled_penciller:start_from_file/1:1538 log_ref=p0017 db_id=4 No L0 file found
2026-09-12 00:23:10.648984+09:00 [info] <0.810.0>@leveled_penciller:start_from_file/1:1538 log_ref=p0017 db_id=3 No L0 file found
2026-09-12 00:23:10.648908+09:00 [info] <0.808.0>@leveled_penciller:start_from_file/1:1538 log_ref=p0017 db_id=2 No L0 file found
2026-09-12 00:23:10.649081+09:00 [info] <0.807.0>@leveled_penciller:start_from_file/1:1538 log_ref=p0017 db_id=1 No L0 file found
2026-09-12 00:23:10.649300+09:00 [info] <0.806.0>@leveled_penciller:start_from_file/1:1538 log_ref=p0017 db_id=0 No L0 file found
2026-09-12 00:23:10.649403+09:00 [info] <0.809.0>@leveled_penciller:start_from_file/1:1538 log_ref=p0017 db_id=6 No L0 file found
2026-09-12 00:23:10.649494+09:00 [info] <0.805.0>@leveled_penciller:start_from_file/1:1538 log_ref=p0017 db_id=7 No L0 file found
2026-09-12 00:23:10.650609+09:00 [info] <0.763.0>@leveled_bookie:startup/2:1993 log_ref=b0005 db_id=5 LedgerSQN=0 at startup
2026-09-12 00:23:10.650962+09:00 [info] <0.769.0>@leveled_bookie:startup/2:1993 log_ref=b0005 db_id=4 LedgerSQN=0 at startup
2026-09-12 00:23:10.651127+09:00 [info] <0.766.0>@leveled_bookie:startup/2:1993 log_ref=b0005 db_id=3 LedgerSQN=0 at startup
2026-09-12 00:23:10.651328+09:00 [info] <0.768.0>@leveled_bookie:startup/2:1993 log_ref=b0005 db_id=2 LedgerSQN=0 at startup
2026-09-12 00:23:10.651533+09:00 [info] <0.767.0>@leveled_bookie:startup/2:1993 log_ref=b0005 db_id=1 LedgerSQN=0 at startup
2026-09-12 00:23:10.651560+09:00 [info] <0.764.0>@leveled_bookie:startup/2:1993 log_ref=b0005 db_id=0 LedgerSQN=0 at startup
2026-09-12 00:23:10.651905+09:00 [info] <0.765.0>@leveled_bookie:startup/2:1993 log_ref=b0005 db_id=7 LedgerSQN=0 at startup
2026-09-12 00:23:10.651814+09:00 [info] <0.770.0>@leveled_bookie:startup/2:1993 log_ref=b0005 db_id=6 LedgerSQN=0 at startup
2026-09-12 00:23:10.657587+09:00 [info] <0.784.0>@leveled_bookie:startup/2:2004 log_ref=i0014 db_id=2 On startup loading from filename /var/lib/riak/leveled/365375409332725729550921208179070754913983135744/journal/journal_files/0_e6f6da7f-52fc-49b0-a8fb-963e27e26201 from SQN 1
2026-09-12 00:23:10.657565+09:00 [info] <0.782.0>@leveled_bookie:startup/2:2004 log_ref=i0014 db_id=7 On startup loading from filename /var/lib/riak/leveled/1278813932664540053428224228626747642198940975104/journal/journal_files/0_4699de95-b8ab-4329-ab76-9cc4dff3c40c from SQN 1
2026-09-12 00:23:10.657935+09:00 [info] <0.783.0>@leveled_bookie:startup/2:2004 log_ref=i0014 db_id=3 On startup loading from filename /var/lib/riak/leveled/548063113999088594326381812268606132370974703616/journal/journal_files/0_0a66a4b0-a8d2-4309-b003-25d5adf101cf from SQN 1
2026-09-12 00:23:10.657892+09:00 [info] <0.781.0>@leveled_bookie:startup/2:2004 log_ref=i0014 db_id=1 On startup loading from filename /var/lib/riak/leveled/182687704666362864775460604089535377456991567872/journal/journal_files/0_dbfa7012-dc4b-45da-aec6-01c6f0c55151 from SQN 1
2026-09-12 00:23:10.657948+09:00 [info] <0.786.0>@leveled_bookie:startup/2:2004 log_ref=i0014 db_id=6 On startup loading from filename /var/lib/riak/leveled/1096126227998177188652763624537212264741949407232/journal/journal_files/0_bbb61106-6d67-461f-b23a-7660a156b591 from SQN 1
2026-09-12 00:23:10.657524+09:00 [info] <0.780.0>@leveled_bookie:startup/2:2004 log_ref=i0014 db_id=0 On startup loading from filename /var/lib/riak/leveled/0/journal/journal_files/0_cb12d7cc-d827-4a32-babc-c63fa8f83b15 from SQN 1
2026-09-12 00:23:10.658133+09:00 [info] <0.779.0>@leveled_bookie:startup/2:2004 log_ref=i0014 db_id=5 On startup loading from filename /var/lib/riak/leveled/913438523331814323877303020447676887284957839360/journal/journal_files/0_57d15b27-d15e-4ca9-9339-b6e471c039a1 from SQN 1
2026-09-12 00:23:10.657893+09:00 [info] <0.785.0>@leveled_bookie:startup/2:2004 log_ref=i0014 db_id=4 On startup loading from filename /var/lib/riak/leveled/730750818665451459101842416358141509827966271488/journal/journal_files/0_0f70cd3e-550d-49b3-b49b-924cf93deaa6 from SQN 1
2026-09-12 00:23:10.659207+09:00 [info] <0.764.0>@leveled_bookie:init/1:1409 log_ref=b0001 db_id=0 Bookie starting with Ink <0.780.0> Pcl <0.806.0>
2026-09-12 00:23:10.659356+09:00 [info] <0.765.0>@leveled_bookie:init/1:1409 log_ref=b0001 db_id=7 Bookie starting with Ink <0.782.0> Pcl <0.805.0>
2026-09-12 00:23:10.661930+09:00 [info] <0.737.0>@riak_kv_leveled_backend:schedule_journalcompaction/4:903 Schedule compaction for interval 1292 on partition 0
2026-09-12 00:23:10.662029+09:00 [info] <0.769.0>@leveled_bookie:init/1:1409 log_ref=b0001 db_id=4 Bookie starting with Ink <0.785.0> Pcl <0.804.0>
2026-09-12 00:23:10.662347+09:00 [info] <0.770.0>@leveled_bookie:init/1:1409 log_ref=b0001 db_id=6 Bookie starting with Ink <0.786.0> Pcl <0.809.0>
2026-09-12 00:23:10.662129+09:00 [info] <0.742.0>@riak_kv_leveled_backend:schedule_journalcompaction/4:903 Schedule compaction for interval 2783 on partition 1278813932664540053428224228626747642198940975104
2026-09-12 00:23:10.662472+09:00 [info] <0.740.0>@riak_kv_leveled_backend:schedule_journalcompaction/4:903 Schedule compaction for interval 2056 on partition 730750818665451459101842416358141509827966271488
2026-09-12 00:23:10.662539+09:00 [info] <0.768.0>@leveled_bookie:init/1:1409 log_ref=b0001 db_id=2 Bookie starting with Ink <0.784.0> Pcl <0.808.0>
2026-09-12 00:23:10.662323+09:00 [info] <0.767.0>@leveled_bookie:init/1:1409 log_ref=b0001 db_id=1 Bookie starting with Ink <0.781.0> Pcl <0.807.0>
2026-09-12 00:23:10.662734+09:00 [info] <0.741.0>@riak_kv_leveled_backend:schedule_journalcompaction/4:903 Schedule compaction for interval 4739 on partition 1096126227998177188652763624537212264741949407232
2026-09-12 00:23:10.662938+09:00 [info] <0.743.0>@riak_kv_leveled_backend:schedule_journalcompaction/4:903 Schedule compaction for interval 2781 on partition 182687704666362864775460604089535377456991567872
2026-09-12 00:23:10.662955+09:00 [info] <0.738.0>@riak_kv_leveled_backend:schedule_journalcompaction/4:903 Schedule compaction for interval 3244 on partition 365375409332725729550921208179070754913983135744
2026-09-12 00:23:10.663109+09:00 [info] <0.766.0>@leveled_bookie:init/1:1409 log_ref=b0001 db_id=3 Bookie starting with Ink <0.783.0> Pcl <0.810.0>
2026-09-12 00:23:10.663395+09:00 [info] <0.739.0>@riak_kv_leveled_backend:schedule_journalcompaction/4:903 Schedule compaction for interval 5292 on partition 548063113999088594326381812268606132370974703616
2026-09-12 00:23:10.663292+09:00 [info] <0.763.0>@leveled_bookie:init/1:1409 log_ref=b0001 db_id=5 Bookie starting with Ink <0.779.0> Pcl <0.811.0>
2026-09-12 00:23:10.663727+09:00 [info] <0.744.0>@riak_kv_leveled_backend:schedule_journalcompaction/4:903 Schedule compaction for interval 941 on partition 913438523331814323877303020447676887284957839360
2026-09-12 00:23:10.702231+09:00 [info] <0.828.0>@aae_controller:init/1:674 log_ref=aae02 Native KeyStore type leveled_nko startup request
2026-09-12 00:23:10.702328+09:00 [info] <0.831.0>@aae_controller:init/1:674 log_ref=aae02 Native KeyStore type leveled_nko startup request
2026-09-12 00:23:10.702219+09:00 [info] <0.830.0>@aae_controller:init/1:674 log_ref=aae02 Native KeyStore type leveled_nko startup request
2026-09-12 00:23:10.702219+09:00 [info] <0.833.0>@aae_controller:init/1:674 log_ref=aae02 Native KeyStore type leveled_nko startup request
2026-09-12 00:23:10.702329+09:00 [info] <0.829.0>@aae_controller:init/1:674 log_ref=aae02 Native KeyStore type leveled_nko startup request
2026-09-12 00:23:10.702334+09:00 [info] <0.832.0>@aae_controller:init/1:674 log_ref=aae02 Native KeyStore type leveled_nko startup request
2026-09-12 00:23:10.702398+09:00 [info] <0.834.0>@aae_controller:init/1:674 log_ref=aae02 Native KeyStore type leveled_nko startup request
2026-09-12 00:23:10.702411+09:00 [info] <0.835.0>@aae_controller:init/1:674 log_ref=aae02 Native KeyStore type leveled_nko startup request
2026-09-12 00:23:10.702730+09:00 [warning] <0.837.0>@aae_keystore:open_manifest/1:1526 log_ref=ks002 No valid manifest found for AAE keystore at /var/lib/riak/tictac_aae/0/leveled_nko/keystore reason not_present
2026-09-12 00:23:10.702806+09:00 [warning] <0.836.0>@aae_keystore:open_manifest/1:1526 log_ref=ks002 No valid manifest found for AAE keystore at /var/lib/riak/tictac_aae/182687704666362864775460604089535377456991567872/leveled_nko/keystore reason not_present
2026-09-12 00:23:10.702880+09:00 [warning] <0.839.0>@aae_keystore:open_manifest/1:1526 log_ref=ks002 No valid manifest found for AAE keystore at /var/lib/riak/tictac_aae/1096126227998177188652763624537212264741949407232/leveled_nko/keystore reason not_present
2026-09-12 00:23:10.703054+09:00 [warning] <0.841.0>@aae_keystore:open_manifest/1:1526 log_ref=ks002 No valid manifest found for AAE keystore at /var/lib/riak/tictac_aae/913438523331814323877303020447676887284957839360/leveled_nko/keystore reason not_present
2026-09-12 00:23:10.702992+09:00 [warning] <0.838.0>@aae_keystore:open_manifest/1:1526 log_ref=ks002 No valid manifest found for AAE keystore at /var/lib/riak/tictac_aae/730750818665451459101842416358141509827966271488/leveled_nko/keystore reason not_present
2026-09-12 00:23:10.703116+09:00 [warning] <0.843.0>@aae_keystore:open_manifest/1:1526 log_ref=ks002 No valid manifest found for AAE keystore at /var/lib/riak/tictac_aae/548063113999088594326381812268606132370974703616/leveled_nko/keystore reason not_present
2026-09-12 00:23:10.703094+09:00 [warning] <0.840.0>@aae_keystore:open_manifest/1:1526 log_ref=ks002 No valid manifest found for AAE keystore at /var/lib/riak/tictac_aae/1278813932664540053428224228626747642198940975104/leveled_nko/keystore reason not_present
2026-09-12 00:23:10.703214+09:00 [warning] <0.842.0>@aae_keystore:open_manifest/1:1526 log_ref=ks002 No valid manifest found for AAE keystore at /var/lib/riak/tictac_aae/365375409332725729550921208179070754913983135744/leveled_nko/keystore reason not_present
2026-09-12 00:23:10.711139+09:00 [info] <0.846.0>@aae_treecache:init/1:224 log_ref=c0005 Starting cache with is_restored=false and IndexN of {0,3}
2026-09-12 00:23:10.711535+09:00 [info] <0.844.0>@aae_treecache:init/1:224 log_ref=c0005 Starting cache with is_restored=false and IndexN of {548063113999088594326381812268606132370974703616,3}
2026-09-12 00:23:10.711576+09:00 [info] <0.845.0>@aae_treecache:init/1:224 log_ref=c0005 Starting cache with is_restored=false and IndexN of {182687704666362864775460604089535377456991567872,3}
2026-09-12 00:23:10.711785+09:00 [info] <0.847.0>@aae_treecache:init/1:224 log_ref=c0005 Starting cache with is_restored=false and IndexN of {1096126227998177188652763624537212264741949407232,3}
2026-09-12 00:23:10.711885+09:00 [info] <0.849.0>@aae_treecache:init/1:224 log_ref=c0005 Starting cache with is_restored=false and IndexN of {730750818665451459101842416358141509827966271488,3}
2026-09-12 00:23:10.711962+09:00 [info] <0.848.0>@aae_treecache:init/1:224 log_ref=c0005 Starting cache with is_restored=false and IndexN of {913438523331814323877303020447676887284957839360,3}
2026-09-12 00:23:10.712164+09:00 [info] <0.850.0>@aae_treecache:init/1:224 log_ref=c0005 Starting cache with is_restored=false and IndexN of {365375409332725729550921208179070754913983135744,3}
2026-09-12 00:23:10.712181+09:00 [info] <0.851.0>@aae_treecache:init/1:224 log_ref=c0005 Starting cache with is_restored=false and IndexN of {1278813932664540053428224228626747642198940975104,3}
2026-09-12 00:23:10.713047+09:00 [info] <0.852.0>@aae_treecache:init/1:224 log_ref=c0005 Starting cache with is_restored=false and IndexN of {182687704666362864775460604089535377456991567872,3}
2026-09-12 00:23:10.713197+09:00 [info] <0.853.0>@aae_treecache:init/1:224 log_ref=c0005 Starting cache with is_restored=false and IndexN of {730750818665451459101842416358141509827966271488,3}
2026-09-12 00:23:10.713923+09:00 [info] <0.854.0>@aae_treecache:init/1:224 log_ref=c0005 Starting cache with is_restored=false and IndexN of {365375409332725729550921208179070754913983135744,3}
2026-09-12 00:23:10.714123+09:00 [info] <0.855.0>@aae_treecache:init/1:224 log_ref=c0005 Starting cache with is_restored=false and IndexN of {1278813932664540053428224228626747642198940975104,3}
2026-09-12 00:23:10.714229+09:00 [info] <0.856.0>@aae_treecache:init/1:224 log_ref=c0005 Starting cache with is_restored=false and IndexN of {913438523331814323877303020447676887284957839360,3}
2026-09-12 00:23:10.714604+09:00 [info] <0.857.0>@aae_treecache:init/1:224 log_ref=c0005 Starting cache with is_restored=false and IndexN of {1096126227998177188652763624537212264741949407232,3}
2026-09-12 00:23:10.714664+09:00 [info] <0.858.0>@aae_treecache:init/1:224 log_ref=c0005 Starting cache with is_restored=false and IndexN of {548063113999088594326381812268606132370974703616,3}
2026-09-12 00:23:10.714840+09:00 [info] <0.859.0>@aae_treecache:init/1:224 log_ref=c0005 Starting cache with is_restored=false and IndexN of {0,3}
2026-09-12 00:23:10.715229+09:00 [info] <0.860.0>@aae_treecache:init/1:224 log_ref=c0005 Starting cache with is_restored=false and IndexN of {365375409332725729550921208179070754913983135744,3}
2026-09-12 00:23:10.715444+09:00 [info] <0.861.0>@aae_treecache:init/1:224 log_ref=c0005 Starting cache with is_restored=false and IndexN of {913438523331814323877303020447676887284957839360,3}
2026-09-12 00:23:10.715584+09:00 [info] <0.862.0>@aae_treecache:init/1:224 log_ref=c0005 Starting cache with is_restored=false and IndexN of {548063113999088594326381812268606132370974703616,3}
2026-09-12 00:23:10.715893+09:00 [info] <0.863.0>@aae_treecache:init/1:224 log_ref=c0005 Starting cache with is_restored=false and IndexN of {0,3}
2026-09-12 00:23:10.716249+09:00 [info] <0.864.0>@aae_treecache:init/1:224 log_ref=c0005 Starting cache with is_restored=false and IndexN of {1096126227998177188652763624537212264741949407232,3}
2026-09-12 00:23:10.716380+09:00 [info] <0.865.0>@aae_treecache:init/1:224 log_ref=c0005 Starting cache with is_restored=false and IndexN of {1278813932664540053428224228626747642198940975104,3}
2026-09-12 00:23:10.716714+09:00 [info] <0.866.0>@aae_treecache:init/1:224 log_ref=c0005 Starting cache with is_restored=false and IndexN of {730750818665451459101842416358141509827966271488,3}
2026-09-12 00:23:10.716922+09:00 [info] <0.867.0>@aae_treecache:init/1:224 log_ref=c0005 Starting cache with is_restored=false and IndexN of {182687704666362864775460604089535377456991567872,3}
2026-09-12 00:23:10.717395+09:00 [info] <0.833.0>@aae_controller:init/1:719 log_ref=aae10 AAE controller started with IndexNs [{548063113999088594326381812268606132370974703616,3},{730750818665451459101842416358141509827966271488,3},{913438523331814323877303020447676887284957839360,3}] and StoreType {native,leveled_nko,<0.763.0>}
2026-09-12 00:23:10.717388+09:00 [info] <0.830.0>@aae_controller:init/1:719 log_ref=aae10 AAE controller started with IndexNs [{365375409332725729550921208179070754913983135744,3},{548063113999088594326381812268606132370974703616,3},{730750818665451459101842416358141509827966271488,3}] and StoreType {native,leveled_nko,<0.769.0>}
2026-09-12 00:23:10.717481+09:00 [info] <0.834.0>@aae_controller:init/1:719 log_ref=aae10 AAE controller started with IndexNs [{0,3},{182687704666362864775460604089535377456991567872,3},{365375409332725729550921208179070754913983135744,3}] and StoreType {native,leveled_nko,<0.768.0>}
2026-09-12 00:23:10.717477+09:00 [info] <0.828.0>@aae_controller:init/1:719 log_ref=aae10 AAE controller started with IndexNs [{1278813932664540053428224228626747642198940975104,3},{0,3},{182687704666362864775460604089535377456991567872,3}] and StoreType {native,leveled_nko,<0.767.0>}
2026-09-12 00:23:10.717616+09:00 [info] <0.829.0>@aae_controller:init/1:719 log_ref=aae10 AAE controller started with IndexNs [{913438523331814323877303020447676887284957839360,3},{1096126227998177188652763624537212264741949407232,3},{1278813932664540053428224228626747642198940975104,3}] and StoreType {native,leveled_nko,<0.765.0>}
2026-09-12 00:23:10.717578+09:00 [info] <0.740.0>@riak_kv_vnode:maybe_start_aaecontroller/2:402 AAE Controller started with pid=<0.830.0>
2026-09-12 00:23:10.717699+09:00 [info] <0.742.0>@riak_kv_vnode:maybe_start_aaecontroller/2:402 AAE Controller started with pid=<0.829.0>
2026-09-12 00:23:10.717589+09:00 [info] <0.744.0>@riak_kv_vnode:maybe_start_aaecontroller/2:402 AAE Controller started with pid=<0.833.0>
2026-09-12 00:23:10.717599+09:00 [info] <0.738.0>@riak_kv_vnode:maybe_start_aaecontroller/2:402 AAE Controller started with pid=<0.834.0>
2026-09-12 00:23:10.717448+09:00 [info] <0.831.0>@aae_controller:init/1:719 log_ref=aae10 AAE controller started with IndexNs [{1096126227998177188652763624537212264741949407232,3},{1278813932664540053428224228626747642198940975104,3},{0,3}] and StoreType {native,leveled_nko,<0.764.0>}
2026-09-12 00:23:10.717536+09:00 [info] <0.835.0>@aae_controller:init/1:719 log_ref=aae10 AAE controller started with IndexNs [{182687704666362864775460604089535377456991567872,3},{365375409332725729550921208179070754913983135744,3},{548063113999088594326381812268606132370974703616,3}] and StoreType {native,leveled_nko,<0.766.0>}
2026-09-12 00:23:10.717836+09:00 [info] <0.743.0>@riak_kv_vnode:maybe_start_aaecontroller/2:402 AAE Controller started with pid=<0.828.0>
2026-09-12 00:23:10.717865+09:00 [info] <0.737.0>@riak_kv_vnode:maybe_start_aaecontroller/2:402 AAE Controller started with pid=<0.831.0>
2026-09-12 00:23:10.717601+09:00 [info] <0.832.0>@aae_controller:init/1:719 log_ref=aae10 AAE controller started with IndexNs [{730750818665451459101842416358141509827966271488,3},{913438523331814323877303020447676887284957839360,3},{1096126227998177188652763624537212264741949407232,3}] and StoreType {native,leveled_nko,<0.770.0>}
2026-09-12 00:23:10.717881+09:00 [info] <0.739.0>@riak_kv_vnode:maybe_start_aaecontroller/2:402 AAE Controller started with pid=<0.835.0>
2026-09-12 00:23:10.717976+09:00 [info] <0.741.0>@riak_kv_vnode:maybe_start_aaecontroller/2:402 AAE Controller started with pid=<0.832.0>
2026-09-12 00:23:10.720007+09:00 [info] <0.734.0>@riak_core_vnode_manager:get_vnode/3:743 VNode initialization ready <0.744.0> 913438523331814323877303020447676887284957839360 riak_kv_vnode
2026-09-12 00:23:10.720072+09:00 [info] <0.729.0>@riak_core_vnode_manager:get_vnode/3:743 VNode initialization ready <0.737.0> 0 riak_kv_vnode
2026-09-12 00:23:10.720073+09:00 [info] <0.733.0>@riak_core_vnode_manager:get_vnode/3:743 VNode initialization ready <0.740.0> 730750818665451459101842416358141509827966271488 riak_kv_vnode
2026-09-12 00:23:10.720158+09:00 [info] <0.732.0>@riak_core_vnode_manager:get_vnode/3:743 VNode initialization ready <0.739.0> 548063113999088594326381812268606132370974703616 riak_kv_vnode
2026-09-12 00:23:10.720201+09:00 [info] <0.736.0>@riak_core_vnode_manager:get_vnode/3:743 VNode initialization ready <0.742.0> 1278813932664540053428224228626747642198940975104 riak_kv_vnode
2026-09-12 00:23:10.720174+09:00 [info] <0.731.0>@riak_core_vnode_manager:get_vnode/3:743 VNode initialization ready <0.738.0> 365375409332725729550921208179070754913983135744 riak_kv_vnode
2026-09-12 00:23:10.720153+09:00 [info] <0.735.0>@riak_core_vnode_manager:get_vnode/3:743 VNode initialization ready <0.741.0> 1096126227998177188652763624537212264741949407232 riak_kv_vnode
2026-09-12 00:23:10.720176+09:00 [info] <0.730.0>@riak_core_vnode_manager:get_vnode/3:743 VNode initialization ready <0.743.0> 182687704666362864775460604089535377456991567872 riak_kv_vnode
2026-09-12 00:23:10.720508+09:00 [info] <0.940.0>@riak_core_vnode_manager:get_vnode/3:733 Will start VNode for partition 182687704666362864775460604089535377456991567872 riak_pipe_vnode
2026-09-12 00:23:10.720805+09:00 [info] <0.940.0>@riak_core_vnode_manager:get_vnode/3:743 VNode initialization ready <0.941.0> 182687704666362864775460604089535377456991567872 riak_pipe_vnode
2026-09-12 00:23:10.720974+09:00 [info] <0.943.0>@riak_core_vnode_manager:get_vnode/3:733 Will start VNode for partition 365375409332725729550921208179070754913983135744 riak_pipe_vnode
2026-09-12 00:23:10.721245+09:00 [info] <0.943.0>@riak_core_vnode_manager:get_vnode/3:743 VNode initialization ready <0.944.0> 365375409332725729550921208179070754913983135744 riak_pipe_vnode
2026-09-12 00:23:10.721378+09:00 [info] <0.946.0>@riak_core_vnode_manager:get_vnode/3:733 Will start VNode for partition 548063113999088594326381812268606132370974703616 riak_pipe_vnode
2026-09-12 00:23:10.721916+09:00 [info] <0.946.0>@riak_core_vnode_manager:get_vnode/3:743 VNode initialization ready <0.947.0> 548063113999088594326381812268606132370974703616 riak_pipe_vnode
2026-09-12 00:23:10.722062+09:00 [info] <0.949.0>@riak_core_vnode_manager:get_vnode/3:733 Will start VNode for partition 730750818665451459101842416358141509827966271488 riak_pipe_vnode
2026-09-12 00:23:10.722325+09:00 [info] <0.949.0>@riak_core_vnode_manager:get_vnode/3:743 VNode initialization ready <0.950.0> 730750818665451459101842416358141509827966271488 riak_pipe_vnode
2026-09-12 00:23:10.722488+09:00 [info] <0.952.0>@riak_core_vnode_manager:get_vnode/3:733 Will start VNode for partition 913438523331814323877303020447676887284957839360 riak_pipe_vnode
2026-09-12 00:23:10.722819+09:00 [info] <0.952.0>@riak_core_vnode_manager:get_vnode/3:743 VNode initialization ready <0.953.0> 913438523331814323877303020447676887284957839360 riak_pipe_vnode
2026-09-12 00:23:10.722960+09:00 [info] <0.955.0>@riak_core_vnode_manager:get_vnode/3:733 Will start VNode for partition 1096126227998177188652763624537212264741949407232 riak_pipe_vnode
2026-09-12 00:23:10.723184+09:00 [info] <0.955.0>@riak_core_vnode_manager:get_vnode/3:743 VNode initialization ready <0.956.0> 1096126227998177188652763624537212264741949407232 riak_pipe_vnode
2026-09-12 00:23:10.723308+09:00 [info] <0.958.0>@riak_core_vnode_manager:get_vnode/3:733 Will start VNode for partition 1278813932664540053428224228626747642198940975104 riak_pipe_vnode
2026-09-12 00:23:10.723621+09:00 [info] <0.958.0>@riak_core_vnode_manager:get_vnode/3:743 VNode initialization ready <0.959.0> 1278813932664540053428224228626747642198940975104 riak_pipe_vnode
2026-09-12 00:23:10.769550+09:00 [info] <0.614.0>@riak_core:wait_for_service/2:492 Wait complete for service riak_kv (9 seconds)
2026-09-12 00:23:10.786490+09:00 [info] <0.394.0>@riak_core:wait_for_service/2:492 Wait complete for service riak_kv (9 seconds)
2026-09-12 00:23:10.798566+09:00 [info] <0.245.0>@riak_core_capability:process_capability_changes/2:557 New capability: {riak_repl,bloom_fold} = true
2026-09-12 00:23:10.805141+09:00 [info] <0.245.0>@riak_core_capability:process_capability_changes/2:557 New capability: {riak_repl,rtq_meta} = true
2026-09-12 00:23:10.811518+09:00 [info] <0.245.0>@riak_core_capability:process_capability_changes/2:557 New capability: {riak_repl,default_bucket_props_hash} = [consistent,datatype,n_val,write_once]
2026-09-12 00:23:10.820132+09:00 [info] <0.614.0>@riak_repl_app:start/2:70 REPL CS block skip disabled
2026-09-12 00:23:10.826799+09:00 [info] <0.961.0>@supervisor:report_progress/2:1582 Supervisor: {local,riak_repl_sup}. Started: id=riak_repl_client_sup,pid=<0.962.0>.
2026-09-12 00:23:10.828920+09:00 [info] <0.961.0>@supervisor:report_progress/2:1582 Supervisor: {local,riak_repl_sup}. Started: id=riak_repl_server_sup,pid=<0.963.0>.
2026-09-12 00:23:10.832553+09:00 [info] <0.961.0>@supervisor:report_progress/2:1582 Supervisor: {local,riak_repl_sup}. Started: id=riak_repl_leader,pid=<0.964.0>.
2026-09-12 00:23:10.837856+09:00 [info] <0.961.0>@supervisor:report_progress/2:1582 Supervisor: {local,riak_repl_sup}. Started: id=riak_repl2_leader,pid=<0.967.0>.
2026-09-12 00:23:10.856117+09:00 [info] <0.969.0>@riak_core_service_mgr:start_link/1:111 Starting Core Service Manager at {"127.0.0.1",9080}
2026-09-12 00:23:10.876783+09:00 [info] <0.988.0>@supervisor:report_progress/2:1582 Supervisor: {<0.988.0>,ranch_conns_sup_sup}. Started: id={ranch_conns_sup,1},pid=<0.989.0>.
2026-09-12 00:23:10.876968+09:00 [info] <0.988.0>@supervisor:report_progress/2:1582 Supervisor: {<0.988.0>,ranch_conns_sup_sup}. Started: id={ranch_conns_sup,2},pid=<0.990.0>.
2026-09-12 00:23:10.877103+09:00 [info] <0.988.0>@supervisor:report_progress/2:1582 Supervisor: {<0.988.0>,ranch_conns_sup_sup}. Started: id={ranch_conns_sup,3},pid=<0.991.0>.
2026-09-12 00:23:10.877239+09:00 [info] <0.988.0>@supervisor:report_progress/2:1582 Supervisor: {<0.988.0>,ranch_conns_sup_sup}. Started: id={ranch_conns_sup,4},pid=<0.992.0>.
2026-09-12 00:23:10.877342+09:00 [info] <0.988.0>@supervisor:report_progress/2:1582 Supervisor: {<0.988.0>,ranch_conns_sup_sup}. Started: id={ranch_conns_sup,5},pid=<0.993.0>.
2026-09-12 00:23:10.877462+09:00 [info] <0.988.0>@supervisor:report_progress/2:1582 Supervisor: {<0.988.0>,ranch_conns_sup_sup}. Started: id={ranch_conns_sup,6},pid=<0.994.0>.
2026-09-12 00:23:10.877532+09:00 [info] <0.988.0>@supervisor:report_progress/2:1582 Supervisor: {<0.988.0>,ranch_conns_sup_sup}. Started: id={ranch_conns_sup,7},pid=<0.995.0>.
2026-09-12 00:23:10.877631+09:00 [info] <0.988.0>@supervisor:report_progress/2:1582 Supervisor: {<0.988.0>,ranch_conns_sup_sup}. Started: id={ranch_conns_sup,8},pid=<0.996.0>.
2026-09-12 00:23:10.877695+09:00 [info] <0.988.0>@supervisor:report_progress/2:1582 Supervisor: {<0.988.0>,ranch_conns_sup_sup}. Started: id={ranch_conns_sup,9},pid=<0.997.0>.
2026-09-12 00:23:10.877782+09:00 [info] <0.988.0>@supervisor:report_progress/2:1582 Supervisor: {<0.988.0>,ranch_conns_sup_sup}. Started: id={ranch_conns_sup,10},pid=<0.998.0>.
2026-09-12 00:23:10.877857+09:00 [info] <0.988.0>@supervisor:report_progress/2:1582 Supervisor: {<0.988.0>,ranch_conns_sup_sup}. Started: id={ranch_conns_sup,11},pid=<0.999.0>.
2026-09-12 00:23:10.877958+09:00 [info] <0.988.0>@supervisor:report_progress/2:1582 Supervisor: {<0.988.0>,ranch_conns_sup_sup}. Started: id={ranch_conns_sup,12},pid=<0.1000.0>.
2026-09-12 00:23:10.878026+09:00 [info] <0.988.0>@supervisor:report_progress/2:1582 Supervisor: {<0.988.0>,ranch_conns_sup_sup}. Started: id={ranch_conns_sup,13},pid=<0.1001.0>.
2026-09-12 00:23:10.878107+09:00 [info] <0.988.0>@supervisor:report_progress/2:1582 Supervisor: {<0.988.0>,ranch_conns_sup_sup}. Started: id={ranch_conns_sup,14},pid=<0.1002.0>.
2026-09-12 00:23:10.878165+09:00 [info] <0.988.0>@supervisor:report_progress/2:1582 Supervisor: {<0.988.0>,ranch_conns_sup_sup}. Started: id={ranch_conns_sup,15},pid=<0.1003.0>.
2026-09-12 00:23:10.878253+09:00 [info] <0.988.0>@supervisor:report_progress/2:1582 Supervisor: {<0.988.0>,ranch_conns_sup_sup}. Started: id={ranch_conns_sup,16},pid=<0.1004.0>.
2026-09-12 00:23:10.878314+09:00 [info] <0.988.0>@supervisor:report_progress/2:1582 Supervisor: {<0.988.0>,ranch_conns_sup_sup}. Started: id={ranch_conns_sup,17},pid=<0.1005.0>.
2026-09-12 00:23:10.878390+09:00 [info] <0.988.0>@supervisor:report_progress/2:1582 Supervisor: {<0.988.0>,ranch_conns_sup_sup}. Started: id={ranch_conns_sup,18},pid=<0.1006.0>.
2026-09-12 00:23:10.878559+09:00 [info] <0.988.0>@supervisor:report_progress/2:1582 Supervisor: {<0.988.0>,ranch_conns_sup_sup}. Started: id={ranch_conns_sup,19},pid=<0.1007.0>.
2026-09-12 00:23:10.878804+09:00 [info] <0.988.0>@supervisor:report_progress/2:1582 Supervisor: {<0.988.0>,ranch_conns_sup_sup}. Started: id={ranch_conns_sup,20},pid=<0.1008.0>.
2026-09-12 00:23:10.878970+09:00 [info] <0.988.0>@supervisor:report_progress/2:1582 Supervisor: {<0.988.0>,ranch_conns_sup_sup}. Started: id={ranch_conns_sup,21},pid=<0.1009.0>.
2026-09-12 00:23:10.879091+09:00 [info] <0.988.0>@supervisor:report_progress/2:1582 Supervisor: {<0.988.0>,ranch_conns_sup_sup}. Started: id={ranch_conns_sup,22},pid=<0.1010.0>.
2026-09-12 00:23:10.879222+09:00 [info] <0.988.0>@supervisor:report_progress/2:1582 Supervisor: {<0.988.0>,ranch_conns_sup_sup}. Started: id={ranch_conns_sup,23},pid=<0.1011.0>.
2026-09-12 00:23:10.879424+09:00 [info] <0.988.0>@supervisor:report_progress/2:1582 Supervisor: {<0.988.0>,ranch_conns_sup_sup}. Started: id={ranch_conns_sup,24},pid=<0.1012.0>.
2026-09-12 00:23:10.879536+09:00 [info] <0.988.0>@supervisor:report_progress/2:1582 Supervisor: {<0.988.0>,ranch_conns_sup_sup}. Started: id={ranch_conns_sup,25},pid=<0.1013.0>.
2026-09-12 00:23:10.879688+09:00 [info] <0.988.0>@supervisor:report_progress/2:1582 Supervisor: {<0.988.0>,ranch_conns_sup_sup}. Started: id={ranch_conns_sup,26},pid=<0.1014.0>.
2026-09-12 00:23:10.879841+09:00 [info] <0.988.0>@supervisor:report_progress/2:1582 Supervisor: {<0.988.0>,ranch_conns_sup_sup}. Started: id={ranch_conns_sup,27},pid=<0.1015.0>.
2026-09-12 00:23:10.880217+09:00 [info] <0.988.0>@supervisor:report_progress/2:1582 Supervisor: {<0.988.0>,ranch_conns_sup_sup}. Started: id={ranch_conns_sup,28},pid=<0.1016.0>.
2026-09-12 00:23:10.880466+09:00 [info] <0.988.0>@supervisor:report_progress/2:1582 Supervisor: {<0.988.0>,ranch_conns_sup_sup}. Started: id={ranch_conns_sup,29},pid=<0.1017.0>.
2026-09-12 00:23:10.880602+09:00 [info] <0.988.0>@supervisor:report_progress/2:1582 Supervisor: {<0.988.0>,ranch_conns_sup_sup}. Started: id={ranch_conns_sup,30},pid=<0.1018.0>.
2026-09-12 00:23:10.880730+09:00 [info] <0.988.0>@supervisor:report_progress/2:1582 Supervisor: {<0.988.0>,ranch_conns_sup_sup}. Started: id={ranch_conns_sup,31},pid=<0.1019.0>.
2026-09-12 00:23:10.880924+09:00 [info] <0.988.0>@supervisor:report_progress/2:1582 Supervisor: {<0.988.0>,ranch_conns_sup_sup}. Started: id={ranch_conns_sup,32},pid=<0.1020.0>.
2026-09-12 00:23:10.881078+09:00 [info] <0.988.0>@supervisor:report_progress/2:1582 Supervisor: {<0.988.0>,ranch_conns_sup_sup}. Started: id={ranch_conns_sup,33},pid=<0.1021.0>.
2026-09-12 00:23:10.881843+09:00 [info] <0.988.0>@supervisor:report_progress/2:1582 Supervisor: {<0.988.0>,ranch_conns_sup_sup}. Started: id={ranch_conns_sup,34},pid=<0.1022.0>.
2026-09-12 00:23:10.882070+09:00 [info] <0.988.0>@supervisor:report_progress/2:1582 Supervisor: {<0.988.0>,ranch_conns_sup_sup}. Started: id={ranch_conns_sup,35},pid=<0.1023.0>.
2026-09-12 00:23:10.882247+09:00 [info] <0.988.0>@supervisor:report_progress/2:1582 Supervisor: {<0.988.0>,ranch_conns_sup_sup}. Started: id={ranch_conns_sup,36},pid=<0.1024.0>.
2026-09-12 00:23:10.882352+09:00 [info] <0.988.0>@supervisor:report_progress/2:1582 Supervisor: {<0.988.0>,ranch_conns_sup_sup}. Started: id={ranch_conns_sup,37},pid=<0.1025.0>.
2026-09-12 00:23:10.882505+09:00 [info] <0.988.0>@supervisor:report_progress/2:1582 Supervisor: {<0.988.0>,ranch_conns_sup_sup}. Started: id={ranch_conns_sup,38},pid=<0.1026.0>.
2026-09-12 00:23:10.882615+09:00 [info] <0.988.0>@supervisor:report_progress/2:1582 Supervisor: {<0.988.0>,ranch_conns_sup_sup}. Started: id={ranch_conns_sup,39},pid=<0.1027.0>.
2026-09-12 00:23:10.882711+09:00 [info] <0.988.0>@supervisor:report_progress/2:1582 Supervisor: {<0.988.0>,ranch_conns_sup_sup}. Started: id={ranch_conns_sup,40},pid=<0.1028.0>.
2026-09-12 00:23:10.882810+09:00 [info] <0.988.0>@supervisor:report_progress/2:1582 Supervisor: {<0.988.0>,ranch_conns_sup_sup}. Started: id={ranch_conns_sup,41},pid=<0.1029.0>.
2026-09-12 00:23:10.882962+09:00 [info] <0.988.0>@supervisor:report_progress/2:1582 Supervisor: {<0.988.0>,ranch_conns_sup_sup}. Started: id={ranch_conns_sup,42},pid=<0.1030.0>.
2026-09-12 00:23:10.883068+09:00 [info] <0.988.0>@supervisor:report_progress/2:1582 Supervisor: {<0.988.0>,ranch_conns_sup_sup}. Started: id={ranch_conns_sup,43},pid=<0.1031.0>.
2026-09-12 00:23:10.883193+09:00 [info] <0.988.0>@supervisor:report_progress/2:1582 Supervisor: {<0.988.0>,ranch_conns_sup_sup}. Started: id={ranch_conns_sup,44},pid=<0.1032.0>.
2026-09-12 00:23:10.883293+09:00 [info] <0.988.0>@supervisor:report_progress/2:1582 Supervisor: {<0.988.0>,ranch_conns_sup_sup}. Started: id={ranch_conns_sup,45},pid=<0.1033.0>.
2026-09-12 00:23:10.883421+09:00 [info] <0.988.0>@supervisor:report_progress/2:1582 Supervisor: {<0.988.0>,ranch_conns_sup_sup}. Started: id={ranch_conns_sup,46},pid=<0.1034.0>.
2026-09-12 00:23:10.883545+09:00 [info] <0.988.0>@supervisor:report_progress/2:1582 Supervisor: {<0.988.0>,ranch_conns_sup_sup}. Started: id={ranch_conns_sup,47},pid=<0.1035.0>.
2026-09-12 00:23:10.883643+09:00 [info] <0.988.0>@supervisor:report_progress/2:1582 Supervisor: {<0.988.0>,ranch_conns_sup_sup}. Started: id={ranch_conns_sup,48},pid=<0.1036.0>.
2026-09-12 00:23:10.883746+09:00 [info] <0.988.0>@supervisor:report_progress/2:1582 Supervisor: {<0.988.0>,ranch_conns_sup_sup}. Started: id={ranch_conns_sup,49},pid=<0.1037.0>.
2026-09-12 00:23:10.883920+09:00 [info] <0.988.0>@supervisor:report_progress/2:1582 Supervisor: {<0.988.0>,ranch_conns_sup_sup}. Started: id={ranch_conns_sup,50},pid=<0.1038.0>.
2026-09-12 00:23:10.884027+09:00 [info] <0.988.0>@supervisor:report_progress/2:1582 Supervisor: {<0.988.0>,ranch_conns_sup_sup}. Started: id={ranch_conns_sup,51},pid=<0.1039.0>.
2026-09-12 00:23:10.884120+09:00 [info] <0.988.0>@supervisor:report_progress/2:1582 Supervisor: {<0.988.0>,ranch_conns_sup_sup}. Started: id={ranch_conns_sup,52},pid=<0.1040.0>.
2026-09-12 00:23:10.884254+09:00 [info] <0.988.0>@supervisor:report_progress/2:1582 Supervisor: {<0.988.0>,ranch_conns_sup_sup}. Started: id={ranch_conns_sup,53},pid=<0.1041.0>.
2026-09-12 00:23:10.884351+09:00 [info] <0.988.0>@supervisor:report_progress/2:1582 Supervisor: {<0.988.0>,ranch_conns_sup_sup}. Started: id={ranch_conns_sup,54},pid=<0.1042.0>.
2026-09-12 00:23:10.884502+09:00 [info] <0.988.0>@supervisor:report_progress/2:1582 Supervisor: {<0.988.0>,ranch_conns_sup_sup}. Started: id={ranch_conns_sup,55},pid=<0.1043.0>.
2026-09-12 00:23:10.884586+09:00 [info] <0.988.0>@supervisor:report_progress/2:1582 Supervisor: {<0.988.0>,ranch_conns_sup_sup}. Started: id={ranch_conns_sup,56},pid=<0.1044.0>.
2026-09-12 00:23:10.884736+09:00 [info] <0.988.0>@supervisor:report_progress/2:1582 Supervisor: {<0.988.0>,ranch_conns_sup_sup}. Started: id={ranch_conns_sup,57},pid=<0.1045.0>.
2026-09-12 00:23:10.884810+09:00 [info] <0.988.0>@supervisor:report_progress/2:1582 Supervisor: {<0.988.0>,ranch_conns_sup_sup}. Started: id={ranch_conns_sup,58},pid=<0.1046.0>.
2026-09-12 00:23:10.884926+09:00 [info] <0.988.0>@supervisor:report_progress/2:1582 Supervisor: {<0.988.0>,ranch_conns_sup_sup}. Started: id={ranch_conns_sup,59},pid=<0.1047.0>.
2026-09-12 00:23:10.885015+09:00 [info] <0.988.0>@supervisor:report_progress/2:1582 Supervisor: {<0.988.0>,ranch_conns_sup_sup}. Started: id={ranch_conns_sup,60},pid=<0.1048.0>.
2026-09-12 00:23:10.885150+09:00 [info] <0.988.0>@supervisor:report_progress/2:1582 Supervisor: {<0.988.0>,ranch_conns_sup_sup}. Started: id={ranch_conns_sup,61},pid=<0.1049.0>.
2026-09-12 00:23:10.885259+09:00 [info] <0.988.0>@supervisor:report_progress/2:1582 Supervisor: {<0.988.0>,ranch_conns_sup_sup}. Started: id={ranch_conns_sup,62},pid=<0.1050.0>.
2026-09-12 00:23:10.885418+09:00 [info] <0.988.0>@supervisor:report_progress/2:1582 Supervisor: {<0.988.0>,ranch_conns_sup_sup}. Started: id={ranch_conns_sup,63},pid=<0.1051.0>.
2026-09-12 00:23:10.885536+09:00 [info] <0.988.0>@supervisor:report_progress/2:1582 Supervisor: {<0.988.0>,ranch_conns_sup_sup}. Started: id={ranch_conns_sup,64},pid=<0.1052.0>.
2026-09-12 00:23:10.885671+09:00 [info] <0.988.0>@supervisor:report_progress/2:1582 Supervisor: {<0.988.0>,ranch_conns_sup_sup}. Started: id={ranch_conns_sup,65},pid=<0.1053.0>.
2026-09-12 00:23:10.885774+09:00 [info] <0.988.0>@supervisor:report_progress/2:1582 Supervisor: {<0.988.0>,ranch_conns_sup_sup}. Started: id={ranch_conns_sup,66},pid=<0.1054.0>.
2026-09-12 00:23:10.885932+09:00 [info] <0.988.0>@supervisor:report_progress/2:1582 Supervisor: {<0.988.0>,ranch_conns_sup_sup}. Started: id={ranch_conns_sup,67},pid=<0.1055.0>.
2026-09-12 00:23:10.886064+09:00 [info] <0.988.0>@supervisor:report_progress/2:1582 Supervisor: {<0.988.0>,ranch_conns_sup_sup}. Started: id={ranch_conns_sup,68},pid=<0.1056.0>.
2026-09-12 00:23:10.886237+09:00 [info] <0.988.0>@supervisor:report_progress/2:1582 Supervisor: {<0.988.0>,ranch_conns_sup_sup}. Started: id={ranch_conns_sup,69},pid=<0.1057.0>.
2026-09-12 00:23:10.886369+09:00 [info] <0.988.0>@supervisor:report_progress/2:1582 Supervisor: {<0.988.0>,ranch_conns_sup_sup}. Started: id={ranch_conns_sup,70},pid=<0.1058.0>.
2026-09-12 00:23:10.886760+09:00 [info] <0.988.0>@supervisor:report_progress/2:1582 Supervisor: {<0.988.0>,ranch_conns_sup_sup}. Started: id={ranch_conns_sup,71},pid=<0.1059.0>.
2026-09-12 00:23:10.886873+09:00 [info] <0.988.0>@supervisor:report_progress/2:1582 Supervisor: {<0.988.0>,ranch_conns_sup_sup}. Started: id={ranch_conns_sup,72},pid=<0.1060.0>.
2026-09-12 00:23:10.886987+09:00 [info] <0.988.0>@supervisor:report_progress/2:1582 Supervisor: {<0.988.0>,ranch_conns_sup_sup}. Started: id={ranch_conns_sup,73},pid=<0.1061.0>.
2026-09-12 00:23:10.887062+09:00 [info] <0.988.0>@supervisor:report_progress/2:1582 Supervisor: {<0.988.0>,ranch_conns_sup_sup}. Started: id={ranch_conns_sup,74},pid=<0.1062.0>.
2026-09-12 00:23:10.887176+09:00 [info] <0.988.0>@supervisor:report_progress/2:1582 Supervisor: {<0.988.0>,ranch_conns_sup_sup}. Started: id={ranch_conns_sup,75},pid=<0.1063.0>.
2026-09-12 00:23:10.887297+09:00 [info] <0.988.0>@supervisor:report_progress/2:1582 Supervisor: {<0.988.0>,ranch_conns_sup_sup}. Started: id={ranch_conns_sup,76},pid=<0.1064.0>.
2026-09-12 00:23:10.887510+09:00 [info] <0.988.0>@supervisor:report_progress/2:1582 Supervisor: {<0.988.0>,ranch_conns_sup_sup}. Started: id={ranch_conns_sup,77},pid=<0.1065.0>.
2026-09-12 00:23:10.887616+09:00 [info] <0.988.0>@supervisor:report_progress/2:1582 Supervisor: {<0.988.0>,ranch_conns_sup_sup}. Started: id={ranch_conns_sup,78},pid=<0.1066.0>.
2026-09-12 00:23:10.887745+09:00 [info] <0.988.0>@supervisor:report_progress/2:1582 Supervisor: {<0.988.0>,ranch_conns_sup_sup}. Started: id={ranch_conns_sup,79},pid=<0.1067.0>.
2026-09-12 00:23:10.887827+09:00 [info] <0.988.0>@supervisor:report_progress/2:1582 Supervisor: {<0.988.0>,ranch_conns_sup_sup}. Started: id={ranch_conns_sup,80},pid=<0.1068.0>.
2026-09-12 00:23:10.887897+09:00 [info] <0.988.0>@supervisor:report_progress/2:1582 Supervisor: {<0.988.0>,ranch_conns_sup_sup}. Started: id={ranch_conns_sup,81},pid=<0.1069.0>.
2026-09-12 00:23:10.887964+09:00 [info] <0.988.0>@supervisor:report_progress/2:1582 Supervisor: {<0.988.0>,ranch_conns_sup_sup}. Started: id={ranch_conns_sup,82},pid=<0.1070.0>.
2026-09-12 00:23:10.888174+09:00 [info] <0.988.0>@supervisor:report_progress/2:1582 Supervisor: {<0.988.0>,ranch_conns_sup_sup}. Started: id={ranch_conns_sup,83},pid=<0.1071.0>.
2026-09-12 00:23:10.888285+09:00 [info] <0.988.0>@supervisor:report_progress/2:1582 Supervisor: {<0.988.0>,ranch_conns_sup_sup}. Started: id={ranch_conns_sup,84},pid=<0.1072.0>.
2026-09-12 00:23:10.888425+09:00 [info] <0.988.0>@supervisor:report_progress/2:1582 Supervisor: {<0.988.0>,ranch_conns_sup_sup}. Started: id={ranch_conns_sup,85},pid=<0.1073.0>.
2026-09-12 00:23:10.888525+09:00 [info] <0.988.0>@supervisor:report_progress/2:1582 Supervisor: {<0.988.0>,ranch_conns_sup_sup}. Started: id={ranch_conns_sup,86},pid=<0.1074.0>.
2026-09-12 00:23:10.888627+09:00 [info] <0.988.0>@supervisor:report_progress/2:1582 Supervisor: {<0.988.0>,ranch_conns_sup_sup}. Started: id={ranch_conns_sup,87},pid=<0.1075.0>.
2026-09-12 00:23:10.888713+09:00 [info] <0.988.0>@supervisor:report_progress/2:1582 Supervisor: {<0.988.0>,ranch_conns_sup_sup}. Started: id={ranch_conns_sup,88},pid=<0.1076.0>.
2026-09-12 00:23:10.888890+09:00 [info] <0.988.0>@supervisor:report_progress/2:1582 Supervisor: {<0.988.0>,ranch_conns_sup_sup}. Started: id={ranch_conns_sup,89},pid=<0.1077.0>.
2026-09-12 00:23:10.888976+09:00 [info] <0.988.0>@supervisor:report_progress/2:1582 Supervisor: {<0.988.0>,ranch_conns_sup_sup}. Started: id={ranch_conns_sup,90},pid=<0.1078.0>.
2026-09-12 00:23:10.889070+09:00 [info] <0.988.0>@supervisor:report_progress/2:1582 Supervisor: {<0.988.0>,ranch_conns_sup_sup}. Started: id={ranch_conns_sup,91},pid=<0.1079.0>.
2026-09-12 00:23:10.889142+09:00 [info] <0.988.0>@supervisor:report_progress/2:1582 Supervisor: {<0.988.0>,ranch_conns_sup_sup}. Started: id={ranch_conns_sup,92},pid=<0.1080.0>.
2026-09-12 00:23:10.889296+09:00 [info] <0.988.0>@supervisor:report_progress/2:1582 Supervisor: {<0.988.0>,ranch_conns_sup_sup}. Started: id={ranch_conns_sup,93},pid=<0.1081.0>.
2026-09-12 00:23:10.889394+09:00 [info] <0.988.0>@supervisor:report_progress/2:1582 Supervisor: {<0.988.0>,ranch_conns_sup_sup}. Started: id={ranch_conns_sup,94},pid=<0.1082.0>.
2026-09-12 00:23:10.889496+09:00 [info] <0.988.0>@supervisor:report_progress/2:1582 Supervisor: {<0.988.0>,ranch_conns_sup_sup}. Started: id={ranch_conns_sup,95},pid=<0.1083.0>.
2026-09-12 00:23:10.889600+09:00 [info] <0.988.0>@supervisor:report_progress/2:1582 Supervisor: {<0.988.0>,ranch_conns_sup_sup}. Started: id={ranch_conns_sup,96},pid=<0.1084.0>.
2026-09-12 00:23:10.889807+09:00 [info] <0.988.0>@supervisor:report_progress/2:1582 Supervisor: {<0.988.0>,ranch_conns_sup_sup}. Started: id={ranch_conns_sup,97},pid=<0.1085.0>.
2026-09-12 00:23:10.889909+09:00 [info] <0.988.0>@supervisor:report_progress/2:1582 Supervisor: {<0.988.0>,ranch_conns_sup_sup}. Started: id={ranch_conns_sup,98},pid=<0.1086.0>.
2026-09-12 00:23:10.890003+09:00 [info] <0.988.0>@supervisor:report_progress/2:1582 Supervisor: {<0.988.0>,ranch_conns_sup_sup}. Started: id={ranch_conns_sup,99},pid=<0.1087.0>.
2026-09-12 00:23:10.890111+09:00 [info] <0.988.0>@supervisor:report_progress/2:1582 Supervisor: {<0.988.0>,ranch_conns_sup_sup}. Started: id={ranch_conns_sup,100},pid=<0.1088.0>.
2026-09-12 00:23:10.890202+09:00 [info] <0.987.0>@supervisor:report_progress/2:1582 Supervisor: {<0.987.0>,ranch_listener_sup}. Started: id=ranch_conns_sup_sup,pid=<0.988.0>.
2026-09-12 00:23:10.896783+09:00 [info] <0.1089.0>@supervisor:report_progress/2:1582 Supervisor: {<0.1089.0>,ranch_acceptors_sup}. Started: id={acceptor,<0.1089.0>,1},pid=<0.1090.0>.
2026-09-12 00:23:10.896987+09:00 [info] <0.1089.0>@supervisor:report_progress/2:1582 Supervisor: {<0.1089.0>,ranch_acceptors_sup}. Started: id={acceptor,<0.1089.0>,2},pid=<0.1091.0>.
2026-09-12 00:23:10.897115+09:00 [info] <0.1089.0>@supervisor:report_progress/2:1582 Supervisor: {<0.1089.0>,ranch_acceptors_sup}. Started: id={acceptor,<0.1089.0>,3},pid=<0.1092.0>.
2026-09-12 00:23:10.897250+09:00 [info] <0.1089.0>@supervisor:report_progress/2:1582 Supervisor: {<0.1089.0>,ranch_acceptors_sup}. Started: id={acceptor,<0.1089.0>,4},pid=<0.1093.0>.
2026-09-12 00:23:10.897400+09:00 [info] <0.1089.0>@supervisor:report_progress/2:1582 Supervisor: {<0.1089.0>,ranch_acceptors_sup}. Started: id={acceptor,<0.1089.0>,5},pid=<0.1094.0>.
2026-09-12 00:23:10.897534+09:00 [info] <0.1089.0>@supervisor:report_progress/2:1582 Supervisor: {<0.1089.0>,ranch_acceptors_sup}. Started: id={acceptor,<0.1089.0>,6},pid=<0.1095.0>.
2026-09-12 00:23:10.897660+09:00 [info] <0.1089.0>@supervisor:report_progress/2:1582 Supervisor: {<0.1089.0>,ranch_acceptors_sup}. Started: id={acceptor,<0.1089.0>,7},pid=<0.1096.0>.
2026-09-12 00:23:10.897773+09:00 [info] <0.1089.0>@supervisor:report_progress/2:1582 Supervisor: {<0.1089.0>,ranch_acceptors_sup}. Started: id={acceptor,<0.1089.0>,8},pid=<0.1097.0>.
2026-09-12 00:23:10.897914+09:00 [info] <0.1089.0>@supervisor:report_progress/2:1582 Supervisor: {<0.1089.0>,ranch_acceptors_sup}. Started: id={acceptor,<0.1089.0>,9},pid=<0.1098.0>.
2026-09-12 00:23:10.898068+09:00 [info] <0.1089.0>@supervisor:report_progress/2:1582 Supervisor: {<0.1089.0>,ranch_acceptors_sup}. Started: id={acceptor,<0.1089.0>,10},pid=<0.1099.0>.
2026-09-12 00:23:10.898180+09:00 [info] <0.1089.0>@supervisor:report_progress/2:1582 Supervisor: {<0.1089.0>,ranch_acceptors_sup}. Started: id={acceptor,<0.1089.0>,11},pid=<0.1100.0>.
2026-09-12 00:23:10.898326+09:00 [info] <0.1089.0>@supervisor:report_progress/2:1582 Supervisor: {<0.1089.0>,ranch_acceptors_sup}. Started: id={acceptor,<0.1089.0>,12},pid=<0.1101.0>.
2026-09-12 00:23:10.898451+09:00 [info] <0.1089.0>@supervisor:report_progress/2:1582 Supervisor: {<0.1089.0>,ranch_acceptors_sup}. Started: id={acceptor,<0.1089.0>,13},pid=<0.1102.0>.
2026-09-12 00:23:10.898592+09:00 [info] <0.1089.0>@supervisor:report_progress/2:1582 Supervisor: {<0.1089.0>,ranch_acceptors_sup}. Started: id={acceptor,<0.1089.0>,14},pid=<0.1103.0>.
2026-09-12 00:23:10.898727+09:00 [info] <0.1089.0>@supervisor:report_progress/2:1582 Supervisor: {<0.1089.0>,ranch_acceptors_sup}. Started: id={acceptor,<0.1089.0>,15},pid=<0.1104.0>.
2026-09-12 00:23:10.898844+09:00 [info] <0.1089.0>@supervisor:report_progress/2:1582 Supervisor: {<0.1089.0>,ranch_acceptors_sup}. Started: id={acceptor,<0.1089.0>,16},pid=<0.1105.0>.
2026-09-12 00:23:10.898964+09:00 [info] <0.1089.0>@supervisor:report_progress/2:1582 Supervisor: {<0.1089.0>,ranch_acceptors_sup}. Started: id={acceptor,<0.1089.0>,17},pid=<0.1106.0>.
2026-09-12 00:23:10.899111+09:00 [info] <0.1089.0>@supervisor:report_progress/2:1582 Supervisor: {<0.1089.0>,ranch_acceptors_sup}. Started: id={acceptor,<0.1089.0>,18},pid=<0.1107.0>.
2026-09-12 00:23:10.899306+09:00 [info] <0.1089.0>@supervisor:report_progress/2:1582 Supervisor: {<0.1089.0>,ranch_acceptors_sup}. Started: id={acceptor,<0.1089.0>,19},pid=<0.1108.0>.
2026-09-12 00:23:10.899463+09:00 [info] <0.1089.0>@supervisor:report_progress/2:1582 Supervisor: {<0.1089.0>,ranch_acceptors_sup}. Started: id={acceptor,<0.1089.0>,20},pid=<0.1109.0>.
2026-09-12 00:23:10.899579+09:00 [info] <0.1089.0>@supervisor:report_progress/2:1582 Supervisor: {<0.1089.0>,ranch_acceptors_sup}. Started: id={acceptor,<0.1089.0>,21},pid=<0.1110.0>.
2026-09-12 00:23:10.899738+09:00 [info] <0.1089.0>@supervisor:report_progress/2:1582 Supervisor: {<0.1089.0>,ranch_acceptors_sup}. Started: id={acceptor,<0.1089.0>,22},pid=<0.1111.0>.
2026-09-12 00:23:10.899886+09:00 [info] <0.1089.0>@supervisor:report_progress/2:1582 Supervisor: {<0.1089.0>,ranch_acceptors_sup}. Started: id={acceptor,<0.1089.0>,23},pid=<0.1112.0>.
2026-09-12 00:23:10.900035+09:00 [info] <0.1089.0>@supervisor:report_progress/2:1582 Supervisor: {<0.1089.0>,ranch_acceptors_sup}. Started: id={acceptor,<0.1089.0>,24},pid=<0.1113.0>.
2026-09-12 00:23:10.900159+09:00 [info] <0.1089.0>@supervisor:report_progress/2:1582 Supervisor: {<0.1089.0>,ranch_acceptors_sup}. Started: id={acceptor,<0.1089.0>,25},pid=<0.1114.0>.
2026-09-12 00:23:10.900262+09:00 [info] <0.1089.0>@supervisor:report_progress/2:1582 Supervisor: {<0.1089.0>,ranch_acceptors_sup}. Started: id={acceptor,<0.1089.0>,26},pid=<0.1115.0>.
2026-09-12 00:23:10.900386+09:00 [info] <0.1089.0>@supervisor:report_progress/2:1582 Supervisor: {<0.1089.0>,ranch_acceptors_sup}. Started: id={acceptor,<0.1089.0>,27},pid=<0.1116.0>.
2026-09-12 00:23:10.900478+09:00 [info] <0.1089.0>@supervisor:report_progress/2:1582 Supervisor: {<0.1089.0>,ranch_acceptors_sup}. Started: id={acceptor,<0.1089.0>,28},pid=<0.1117.0>.
2026-09-12 00:23:10.900630+09:00 [info] <0.1089.0>@supervisor:report_progress/2:1582 Supervisor: {<0.1089.0>,ranch_acceptors_sup}. Started: id={acceptor,<0.1089.0>,29},pid=<0.1118.0>.
2026-09-12 00:23:10.900749+09:00 [info] <0.1089.0>@supervisor:report_progress/2:1582 Supervisor: {<0.1089.0>,ranch_acceptors_sup}. Started: id={acceptor,<0.1089.0>,30},pid=<0.1119.0>.
2026-09-12 00:23:10.900860+09:00 [info] <0.1089.0>@supervisor:report_progress/2:1582 Supervisor: {<0.1089.0>,ranch_acceptors_sup}. Started: id={acceptor,<0.1089.0>,31},pid=<0.1120.0>.
2026-09-12 00:23:10.901042+09:00 [info] <0.1089.0>@supervisor:report_progress/2:1582 Supervisor: {<0.1089.0>,ranch_acceptors_sup}. Started: id={acceptor,<0.1089.0>,32},pid=<0.1121.0>.
2026-09-12 00:23:10.901194+09:00 [info] <0.1089.0>@supervisor:report_progress/2:1582 Supervisor: {<0.1089.0>,ranch_acceptors_sup}. Started: id={acceptor,<0.1089.0>,33},pid=<0.1122.0>.
2026-09-12 00:23:10.901393+09:00 [info] <0.1089.0>@supervisor:report_progress/2:1582 Supervisor: {<0.1089.0>,ranch_acceptors_sup}. Started: id={acceptor,<0.1089.0>,34},pid=<0.1123.0>.
2026-09-12 00:23:10.901594+09:00 [info] <0.1089.0>@supervisor:report_progress/2:1582 Supervisor: {<0.1089.0>,ranch_acceptors_sup}. Started: id={acceptor,<0.1089.0>,35},pid=<0.1124.0>.
2026-09-12 00:23:10.901703+09:00 [info] <0.1089.0>@supervisor:report_progress/2:1582 Supervisor: {<0.1089.0>,ranch_acceptors_sup}. Started: id={acceptor,<0.1089.0>,36},pid=<0.1125.0>.
2026-09-12 00:23:10.901818+09:00 [info] <0.1089.0>@supervisor:report_progress/2:1582 Supervisor: {<0.1089.0>,ranch_acceptors_sup}. Started: id={acceptor,<0.1089.0>,37},pid=<0.1126.0>.
2026-09-12 00:23:10.901953+09:00 [info] <0.1089.0>@supervisor:report_progress/2:1582 Supervisor: {<0.1089.0>,ranch_acceptors_sup}. Started: id={acceptor,<0.1089.0>,38},pid=<0.1127.0>.
2026-09-12 00:23:10.902950+09:00 [info] <0.1089.0>@supervisor:report_progress/2:1582 Supervisor: {<0.1089.0>,ranch_acceptors_sup}. Started: id={acceptor,<0.1089.0>,39},pid=<0.1128.0>.
2026-09-12 00:23:10.903109+09:00 [info] <0.1089.0>@supervisor:report_progress/2:1582 Supervisor: {<0.1089.0>,ranch_acceptors_sup}. Started: id={acceptor,<0.1089.0>,40},pid=<0.1129.0>.
2026-09-12 00:23:10.903221+09:00 [info] <0.1089.0>@supervisor:report_progress/2:1582 Supervisor: {<0.1089.0>,ranch_acceptors_sup}. Started: id={acceptor,<0.1089.0>,41},pid=<0.1130.0>.
2026-09-12 00:23:10.903352+09:00 [info] <0.1089.0>@supervisor:report_progress/2:1582 Supervisor: {<0.1089.0>,ranch_acceptors_sup}. Started: id={acceptor,<0.1089.0>,42},pid=<0.1131.0>.
2026-09-12 00:23:10.903475+09:00 [info] <0.1089.0>@supervisor:report_progress/2:1582 Supervisor: {<0.1089.0>,ranch_acceptors_sup}. Started: id={acceptor,<0.1089.0>,43},pid=<0.1132.0>.
2026-09-12 00:23:10.903600+09:00 [info] <0.1089.0>@supervisor:report_progress/2:1582 Supervisor: {<0.1089.0>,ranch_acceptors_sup}. Started: id={acceptor,<0.1089.0>,44},pid=<0.1133.0>.
2026-09-12 00:23:10.903736+09:00 [info] <0.1089.0>@supervisor:report_progress/2:1582 Supervisor: {<0.1089.0>,ranch_acceptors_sup}. Started: id={acceptor,<0.1089.0>,45},pid=<0.1134.0>.
2026-09-12 00:23:10.903860+09:00 [info] <0.1089.0>@supervisor:report_progress/2:1582 Supervisor: {<0.1089.0>,ranch_acceptors_sup}. Started: id={acceptor,<0.1089.0>,46},pid=<0.1135.0>.
2026-09-12 00:23:10.903997+09:00 [info] <0.1089.0>@supervisor:report_progress/2:1582 Supervisor: {<0.1089.0>,ranch_acceptors_sup}. Started: id={acceptor,<0.1089.0>,47},pid=<0.1136.0>.
2026-09-12 00:23:10.904150+09:00 [info] <0.1089.0>@supervisor:report_progress/2:1582 Supervisor: {<0.1089.0>,ranch_acceptors_sup}. Started: id={acceptor,<0.1089.0>,48},pid=<0.1137.0>.
2026-09-12 00:23:10.904283+09:00 [info] <0.1089.0>@supervisor:report_progress/2:1582 Supervisor: {<0.1089.0>,ranch_acceptors_sup}. Started: id={acceptor,<0.1089.0>,49},pid=<0.1138.0>.
2026-09-12 00:23:10.904414+09:00 [info] <0.1089.0>@supervisor:report_progress/2:1582 Supervisor: {<0.1089.0>,ranch_acceptors_sup}. Started: id={acceptor,<0.1089.0>,50},pid=<0.1139.0>.
2026-09-12 00:23:10.904548+09:00 [info] <0.1089.0>@supervisor:report_progress/2:1582 Supervisor: {<0.1089.0>,ranch_acceptors_sup}. Started: id={acceptor,<0.1089.0>,51},pid=<0.1140.0>.
2026-09-12 00:23:10.904688+09:00 [info] <0.1089.0>@supervisor:report_progress/2:1582 Supervisor: {<0.1089.0>,ranch_acceptors_sup}. Started: id={acceptor,<0.1089.0>,52},pid=<0.1141.0>.
2026-09-12 00:23:10.904797+09:00 [info] <0.1089.0>@supervisor:report_progress/2:1582 Supervisor: {<0.1089.0>,ranch_acceptors_sup}. Started: id={acceptor,<0.1089.0>,53},pid=<0.1142.0>.
2026-09-12 00:23:10.904922+09:00 [info] <0.1089.0>@supervisor:report_progress/2:1582 Supervisor: {<0.1089.0>,ranch_acceptors_sup}. Started: id={acceptor,<0.1089.0>,54},pid=<0.1143.0>.
2026-09-12 00:23:10.905047+09:00 [info] <0.1089.0>@supervisor:report_progress/2:1582 Supervisor: {<0.1089.0>,ranch_acceptors_sup}. Started: id={acceptor,<0.1089.0>,55},pid=<0.1144.0>.
2026-09-12 00:23:10.905153+09:00 [info] <0.1089.0>@supervisor:report_progress/2:1582 Supervisor: {<0.1089.0>,ranch_acceptors_sup}. Started: id={acceptor,<0.1089.0>,56},pid=<0.1145.0>.
2026-09-12 00:23:10.905290+09:00 [info] <0.1089.0>@supervisor:report_progress/2:1582 Supervisor: {<0.1089.0>,ranch_acceptors_sup}. Started: id={acceptor,<0.1089.0>,57},pid=<0.1146.0>.
2026-09-12 00:23:10.905402+09:00 [info] <0.1089.0>@supervisor:report_progress/2:1582 Supervisor: {<0.1089.0>,ranch_acceptors_sup}. Started: id={acceptor,<0.1089.0>,58},pid=<0.1147.0>.
2026-09-12 00:23:10.905540+09:00 [info] <0.1089.0>@supervisor:report_progress/2:1582 Supervisor: {<0.1089.0>,ranch_acceptors_sup}. Started: id={acceptor,<0.1089.0>,59},pid=<0.1148.0>.
2026-09-12 00:23:10.905673+09:00 [info] <0.1089.0>@supervisor:report_progress/2:1582 Supervisor: {<0.1089.0>,ranch_acceptors_sup}. Started: id={acceptor,<0.1089.0>,60},pid=<0.1149.0>.
2026-09-12 00:23:10.905783+09:00 [info] <0.1089.0>@supervisor:report_progress/2:1582 Supervisor: {<0.1089.0>,ranch_acceptors_sup}. Started: id={acceptor,<0.1089.0>,61},pid=<0.1150.0>.
2026-09-12 00:23:10.905953+09:00 [info] <0.1089.0>@supervisor:report_progress/2:1582 Supervisor: {<0.1089.0>,ranch_acceptors_sup}. Started: id={acceptor,<0.1089.0>,62},pid=<0.1151.0>.
2026-09-12 00:23:10.906116+09:00 [info] <0.1089.0>@supervisor:report_progress/2:1582 Supervisor: {<0.1089.0>,ranch_acceptors_sup}. Started: id={acceptor,<0.1089.0>,63},pid=<0.1152.0>.
2026-09-12 00:23:10.906292+09:00 [info] <0.1089.0>@supervisor:report_progress/2:1582 Supervisor: {<0.1089.0>,ranch_acceptors_sup}. Started: id={acceptor,<0.1089.0>,64},pid=<0.1153.0>.
2026-09-12 00:23:10.907120+09:00 [info] <0.1089.0>@supervisor:report_progress/2:1582 Supervisor: {<0.1089.0>,ranch_acceptors_sup}. Started: id={acceptor,<0.1089.0>,65},pid=<0.1154.0>.
2026-09-12 00:23:10.907331+09:00 [info] <0.1089.0>@supervisor:report_progress/2:1582 Supervisor: {<0.1089.0>,ranch_acceptors_sup}. Started: id={acceptor,<0.1089.0>,66},pid=<0.1155.0>.
2026-09-12 00:23:10.907525+09:00 [info] <0.1089.0>@supervisor:report_progress/2:1582 Supervisor: {<0.1089.0>,ranch_acceptors_sup}. Started: id={acceptor,<0.1089.0>,67},pid=<0.1156.0>.
2026-09-12 00:23:10.907670+09:00 [info] <0.1089.0>@supervisor:report_progress/2:1582 Supervisor: {<0.1089.0>,ranch_acceptors_sup}. Started: id={acceptor,<0.1089.0>,68},pid=<0.1157.0>.
2026-09-12 00:23:10.907824+09:00 [info] <0.1089.0>@supervisor:report_progress/2:1582 Supervisor: {<0.1089.0>,ranch_acceptors_sup}. Started: id={acceptor,<0.1089.0>,69},pid=<0.1158.0>.
2026-09-12 00:23:10.907984+09:00 [info] <0.1089.0>@supervisor:report_progress/2:1582 Supervisor: {<0.1089.0>,ranch_acceptors_sup}. Started: id={acceptor,<0.1089.0>,70},pid=<0.1159.0>.
2026-09-12 00:23:10.908107+09:00 [info] <0.1089.0>@supervisor:report_progress/2:1582 Supervisor: {<0.1089.0>,ranch_acceptors_sup}. Started: id={acceptor,<0.1089.0>,71},pid=<0.1160.0>.
2026-09-12 00:23:10.908275+09:00 [info] <0.1089.0>@supervisor:report_progress/2:1582 Supervisor: {<0.1089.0>,ranch_acceptors_sup}. Started: id={acceptor,<0.1089.0>,72},pid=<0.1161.0>.
2026-09-12 00:23:10.908396+09:00 [info] <0.1089.0>@supervisor:report_progress/2:1582 Supervisor: {<0.1089.0>,ranch_acceptors_sup}. Started: id={acceptor,<0.1089.0>,73},pid=<0.1162.0>.
2026-09-12 00:23:10.908592+09:00 [info] <0.1089.0>@supervisor:report_progress/2:1582 Supervisor: {<0.1089.0>,ranch_acceptors_sup}. Started: id={acceptor,<0.1089.0>,74},pid=<0.1163.0>.
2026-09-12 00:23:10.908735+09:00 [info] <0.1089.0>@supervisor:report_progress/2:1582 Supervisor: {<0.1089.0>,ranch_acceptors_sup}. Started: id={acceptor,<0.1089.0>,75},pid=<0.1164.0>.
2026-09-12 00:23:10.908859+09:00 [info] <0.1089.0>@supervisor:report_progress/2:1582 Supervisor: {<0.1089.0>,ranch_acceptors_sup}. Started: id={acceptor,<0.1089.0>,76},pid=<0.1165.0>.
2026-09-12 00:23:10.909012+09:00 [info] <0.1089.0>@supervisor:report_progress/2:1582 Supervisor: {<0.1089.0>,ranch_acceptors_sup}. Started: id={acceptor,<0.1089.0>,77},pid=<0.1166.0>.
2026-09-12 00:23:10.909136+09:00 [info] <0.1089.0>@supervisor:report_progress/2:1582 Supervisor: {<0.1089.0>,ranch_acceptors_sup}. Started: id={acceptor,<0.1089.0>,78},pid=<0.1167.0>.
2026-09-12 00:23:10.909294+09:00 [info] <0.1089.0>@supervisor:report_progress/2:1582 Supervisor: {<0.1089.0>,ranch_acceptors_sup}. Started: id={acceptor,<0.1089.0>,79},pid=<0.1168.0>.
2026-09-12 00:23:10.909446+09:00 [info] <0.1089.0>@supervisor:report_progress/2:1582 Supervisor: {<0.1089.0>,ranch_acceptors_sup}. Started: id={acceptor,<0.1089.0>,80},pid=<0.1169.0>.
2026-09-12 00:23:10.909569+09:00 [info] <0.1089.0>@supervisor:report_progress/2:1582 Supervisor: {<0.1089.0>,ranch_acceptors_sup}. Started: id={acceptor,<0.1089.0>,81},pid=<0.1170.0>.
2026-09-12 00:23:10.909703+09:00 [info] <0.1089.0>@supervisor:report_progress/2:1582 Supervisor: {<0.1089.0>,ranch_acceptors_sup}. Started: id={acceptor,<0.1089.0>,82},pid=<0.1171.0>.
2026-09-12 00:23:10.909814+09:00 [info] <0.1089.0>@supervisor:report_progress/2:1582 Supervisor: {<0.1089.0>,ranch_acceptors_sup}. Started: id={acceptor,<0.1089.0>,83},pid=<0.1172.0>.
2026-09-12 00:23:10.909963+09:00 [info] <0.1089.0>@supervisor:report_progress/2:1582 Supervisor: {<0.1089.0>,ranch_acceptors_sup}. Started: id={acceptor,<0.1089.0>,84},pid=<0.1173.0>.
2026-09-12 00:23:10.910103+09:00 [info] <0.1089.0>@supervisor:report_progress/2:1582 Supervisor: {<0.1089.0>,ranch_acceptors_sup}. Started: id={acceptor,<0.1089.0>,85},pid=<0.1174.0>.
2026-09-12 00:23:10.910274+09:00 [info] <0.1089.0>@supervisor:report_progress/2:1582 Supervisor: {<0.1089.0>,ranch_acceptors_sup}. Started: id={acceptor,<0.1089.0>,86},pid=<0.1175.0>.
2026-09-12 00:23:10.910478+09:00 [info] <0.1089.0>@supervisor:report_progress/2:1582 Supervisor: {<0.1089.0>,ranch_acceptors_sup}. Started: id={acceptor,<0.1089.0>,87},pid=<0.1176.0>.
2026-09-12 00:23:10.910626+09:00 [info] <0.1089.0>@supervisor:report_progress/2:1582 Supervisor: {<0.1089.0>,ranch_acceptors_sup}. Started: id={acceptor,<0.1089.0>,88},pid=<0.1177.0>.
2026-09-12 00:23:10.910820+09:00 [info] <0.1089.0>@supervisor:report_progress/2:1582 Supervisor: {<0.1089.0>,ranch_acceptors_sup}. Started: id={acceptor,<0.1089.0>,89},pid=<0.1178.0>.
2026-09-12 00:23:10.911057+09:00 [info] <0.1089.0>@supervisor:report_progress/2:1582 Supervisor: {<0.1089.0>,ranch_acceptors_sup}. Started: id={acceptor,<0.1089.0>,90},pid=<0.1179.0>.
2026-09-12 00:23:10.911245+09:00 [info] <0.1089.0>@supervisor:report_progress/2:1582 Supervisor: {<0.1089.0>,ranch_acceptors_sup}. Started: id={acceptor,<0.1089.0>,91},pid=<0.1180.0>.
2026-09-12 00:23:10.911432+09:00 [info] <0.1089.0>@supervisor:report_progress/2:1582 Supervisor: {<0.1089.0>,ranch_acceptors_sup}. Started: id={acceptor,<0.1089.0>,92},pid=<0.1181.0>.
2026-09-12 00:23:10.911626+09:00 [info] <0.1089.0>@supervisor:report_progress/2:1582 Supervisor: {<0.1089.0>,ranch_acceptors_sup}. Started: id={acceptor,<0.1089.0>,93},pid=<0.1182.0>.
2026-09-12 00:23:10.911798+09:00 [info] <0.1089.0>@supervisor:report_progress/2:1582 Supervisor: {<0.1089.0>,ranch_acceptors_sup}. Started: id={acceptor,<0.1089.0>,94},pid=<0.1183.0>.
2026-09-12 00:23:10.911938+09:00 [info] <0.1089.0>@supervisor:report_progress/2:1582 Supervisor: {<0.1089.0>,ranch_acceptors_sup}. Started: id={acceptor,<0.1089.0>,95},pid=<0.1184.0>.
2026-09-12 00:23:10.912066+09:00 [info] <0.1089.0>@supervisor:report_progress/2:1582 Supervisor: {<0.1089.0>,ranch_acceptors_sup}. Started: id={acceptor,<0.1089.0>,96},pid=<0.1185.0>.
2026-09-12 00:23:10.912213+09:00 [info] <0.1089.0>@supervisor:report_progress/2:1582 Supervisor: {<0.1089.0>,ranch_acceptors_sup}. Started: id={acceptor,<0.1089.0>,97},pid=<0.1186.0>.
2026-09-12 00:23:10.912346+09:00 [info] <0.1089.0>@supervisor:report_progress/2:1582 Supervisor: {<0.1089.0>,ranch_acceptors_sup}. Started: id={acceptor,<0.1089.0>,98},pid=<0.1187.0>.
2026-09-12 00:23:10.912535+09:00 [info] <0.1089.0>@supervisor:report_progress/2:1582 Supervisor: {<0.1089.0>,ranch_acceptors_sup}. Started: id={acceptor,<0.1089.0>,99},pid=<0.1188.0>.
2026-09-12 00:23:10.912702+09:00 [info] <0.1089.0>@supervisor:report_progress/2:1582 Supervisor: {<0.1089.0>,ranch_acceptors_sup}. Started: id={acceptor,<0.1089.0>,100},pid=<0.1189.0>.
2026-09-12 00:23:10.912848+09:00 [info] <0.987.0>@supervisor:report_progress/2:1582 Supervisor: {<0.987.0>,ranch_listener_sup}. Started: id=ranch_acceptors_sup,pid=<0.1089.0>.
2026-09-12 00:23:10.912942+09:00 [info] <0.610.0>@supervisor:report_progress/2:1582 Supervisor: {local,ranch_sup}. Started: id={ranch_listener_sup,{[49,50,55,46,48,46,48,46,49],9080}},pid=<0.987.0>.
2026-09-12 00:23:10.913040+09:00 [info] <0.970.0>@riak_core_service_mgr:start_dispatcher/3:524 Service manager: listening on 127.0.0.1:9080
2026-09-12 00:23:10.913120+09:00 [info] <0.969.0>@supervisor:report_progress/2:1582 Supervisor: {local,riak_core_cluster_mgr_sup}. Started: id=riak_core_service_mgr,pid=<0.970.0>.
2026-09-12 00:23:10.917290+09:00 [info] <0.969.0>@supervisor:report_progress/2:1582 Supervisor: {local,riak_core_cluster_mgr_sup}. Started: id=riak_core_connection_mgr,pid=<0.1190.0>.
2026-09-12 00:23:10.920145+09:00 [info] <0.969.0>@supervisor:report_progress/2:1582 Supervisor: {local,riak_core_cluster_mgr_sup}. Started: id=riak_core_cluster_conn_sup,pid=<0.1191.0>.
2026-09-12 00:23:10.924381+09:00 [info] <0.969.0>@supervisor:report_progress/2:1582 Supervisor: {local,riak_core_cluster_mgr_sup}. Started: id=riak_repl_cluster_mgr,pid=<0.1192.0>.
2026-09-12 00:23:10.929705+09:00 [info] <0.1193.0>@riak_core_tcp_mon:init/1:167 Starting TCP Monitor
2026-09-12 00:23:10.929835+09:00 [info] <0.969.0>@supervisor:report_progress/2:1582 Supervisor: {local,riak_core_cluster_mgr_sup}. Started: id=riak_core_tcp_mon,pid=<0.1193.0>.
2026-09-12 00:23:10.929955+09:00 [info] <0.961.0>@supervisor:report_progress/2:1582 Supervisor: {local,riak_repl_sup}. Started: id=riak_core_cluster_mgr_sup,pid=<0.969.0>.
2026-09-12 00:23:10.933385+09:00 [info] <0.961.0>@supervisor:report_progress/2:1582 Supervisor: {local,riak_repl_sup}. Started: id=riak_repl2_fs_node_reserver,pid=<0.1194.0>.
2026-09-12 00:23:10.942371+09:00 [info] <0.1196.0>@supervisor:report_progress/2:1582 Supervisor: {local,riak_repl2_rtsource_sup}. Started: id=riak_repl2_rtq,pid=<0.1197.0>.
2026-09-12 00:23:10.946580+09:00 [info] <0.1196.0>@supervisor:report_progress/2:1582 Supervisor: {local,riak_repl2_rtsource_sup}. Started: id=riak_repl2_rtq_overload_counter,pid=<0.1198.0>.
2026-09-12 00:23:10.952182+09:00 [info] <0.1196.0>@supervisor:report_progress/2:1582 Supervisor: {local,riak_repl2_rtsource_sup}. Started: id=riak_repl2_rtsource_conn_sup,pid=<0.1199.0>.
2026-09-12 00:23:10.952324+09:00 [info] <0.1195.0>@supervisor:report_progress/2:1582 Supervisor: {local,riak_repl2_rt_sup}. Started: id=riak_repl2_rtsource_sup,pid=<0.1196.0>.
2026-09-12 00:23:10.958118+09:00 [info] <0.1200.0>@supervisor:report_progress/2:1582 Supervisor: {local,riak_repl2_rtsink_sup}. Started: id=riak_repl2_rtsink_pool,pid=<0.1201.0>.
2026-09-12 00:23:10.961740+09:00 [info] <0.1200.0>@supervisor:report_progress/2:1582 Supervisor: {local,riak_repl2_rtsink_sup}. Started: id=riak_repl2_rtsink_conn_sup,pid=<0.1208.0>.
2026-09-12 00:23:10.961896+09:00 [info] <0.1195.0>@supervisor:report_progress/2:1582 Supervisor: {local,riak_repl2_rt_sup}. Started: id=riak_repl2_rtsink_sup,pid=<0.1200.0>.
2026-09-12 00:23:10.962033+09:00 [info] <0.1195.0>@supervisor:report_progress/2:1582 Supervisor: {local,riak_repl2_rt_sup}. Started: id=riak_repl2_rt,pid=<0.1209.0>.
2026-09-12 00:23:10.963012+09:00 [info] <0.961.0>@supervisor:report_progress/2:1582 Supervisor: {local,riak_repl_sup}. Started: id=riak_repl2_rt_sup,pid=<0.1195.0>.
2026-09-12 00:23:10.969885+09:00 [info] <0.961.0>@supervisor:report_progress/2:1582 Supervisor: {local,riak_repl_sup}. Started: id=riak_repl2_fscoordinator_sup,pid=<0.1210.0>.
2026-09-12 00:23:10.975366+09:00 [info] <0.961.0>@supervisor:report_progress/2:1582 Supervisor: {local,riak_repl_sup}. Started: id=riak_repl2_fscoordinator_serv_sup,pid=<0.1211.0>.
2026-09-12 00:23:10.979542+09:00 [info] <0.961.0>@supervisor:report_progress/2:1582 Supervisor: {local,riak_repl_sup}. Started: id=riak_repl2_fssource_sup,pid=<0.1212.0>.
2026-09-12 00:23:10.981606+09:00 [info] <0.961.0>@supervisor:report_progress/2:1582 Supervisor: {local,riak_repl_sup}. Started: id=riak_repl2_fssink_pool,pid=<0.1213.0>.
2026-09-12 00:23:10.983202+09:00 [info] <0.961.0>@supervisor:report_progress/2:1582 Supervisor: {local,riak_repl_sup}. Started: id=riak_repl2_fssink_sup,pid=<0.1220.0>.
2026-09-12 00:23:10.985360+09:00 [info] <0.961.0>@supervisor:report_progress/2:1582 Supervisor: {local,riak_repl_sup}. Started: id=riak_repl2_pg_proxy_sup,pid=<0.1221.0>.
2026-09-12 00:23:10.992569+09:00 [info] <0.1222.0>@supervisor:report_progress/2:1582 Supervisor: {local,riak_repl2_pg_sup}. Started: id=riak_repl2_pg_block_provider_sup,pid=<0.1223.0>.
2026-09-12 00:23:10.994101+09:00 [info] <0.1222.0>@supervisor:report_progress/2:1582 Supervisor: {local,riak_repl2_pg_sup}. Started: id=riak_repl2_pg_block_requester_sup,pid=<0.1224.0>.
2026-09-12 00:23:10.994267+09:00 [info] <0.1222.0>@supervisor:report_progress/2:1582 Supervisor: {local,riak_repl2_pg_sup}. Started: id=riak_repl2_pg,pid=<0.1225.0>.
2026-09-12 00:23:10.994798+09:00 [info] <0.961.0>@supervisor:report_progress/2:1582 Supervisor: {local,riak_repl_sup}. Started: id=riak_repl2_pg_sup,pid=<0.1222.0>.
2026-09-12 00:23:11.003218+09:00 [info] <0.250.0>@supervisor:report_progress/2:1582 Supervisor: {local,riak_core_stats_sup}. Started: id=riak_core_connection_mgr_stats,pid=<0.1226.0>.
2026-09-12 00:23:11.050620+09:00 [info] <0.250.0>@supervisor:report_progress/2:1582 Supervisor: {local,riak_core_stats_sup}. Started: id=riak_repl_stats,pid=<0.1227.0>.
2026-09-12 00:23:11.082051+09:00 [info] <0.967.0>@riak_repl2_leader:become_leader/2:217 Leader2: 'openriak-kv@node-01.cluster-a.openriak' elected as replication leader
2026-09-12 00:23:11.082542+09:00 [info] <0.1192.0>@riak_core_cluster_mgr:become_leader/2:706 ClusterManager: 'openriak-kv@node-01.cluster-a.openriak' becoming the leader
2026-09-12 00:23:11.090037+09:00 [info] <0.216.0>@supervisor:report_progress/2:1582 Supervisor: {local,riak_core_eventhandler_sup}. Started: id={riak_core_ring_events,riak_repl_ring_handler},pid=<0.1228.0>.
2026-09-12 00:23:11.115429+09:00 [info] <0.44.0>@application_controller:info_started/2:2130 Application: riak_repl. Started at: 'openriak-kv@node-01.cluster-a.openriak'.
2026-09-12 00:23:11.115667+09:00 [info] <0.44.0>@application_controller:info_started/2:2130 Application: canola. Started at: 'openriak-kv@node-01.cluster-a.openriak'.
2026-09-12 00:23:11.145915+09:00 [info] <0.44.0>@application_controller:info_started/2:2130 Application: riak_auth_mods. Started at: 'openriak-kv@node-01.cluster-a.openriak'.
2026-09-12 00:23:11.146200+09:00 [info] <0.44.0>@application_controller:info_started/2:2130 Application: riak_logger. Started at: 'openriak-kv@node-01.cluster-a.openriak'.
2026-09-12 00:23:12.373574+09:00 [info] <0.776.0>@leveled_monitor:handle_cast/2:580 log_ref=p0032 db_id=1 Fetch head timing with sample_count=0 and level timings of foundmem_time=0 found0_time=0 found1_time=0 found2_time=0 found3_time=0 foundlower_time=0 missed_time=0 with counts of foundmem_count=0 found0_count=0 found1_count=0 found2_count=0 found3_count=0 foundlower_count=0 missed_count=0 with sample_period=1 seconds
2026-09-12 00:23:17.425484+09:00 [info] <0.614.0>@riak_repl_app:prep_stop/1:336 Redirecting realtime replication traffic
2026-09-12 00:23:17.427579+09:00 [info] <0.84.0>@supervisor:report_progress/2:1582 Supervisor: {local,kernel_safe_sup}. Started: id=riak_repl2_rtq_proxy,pid=<0.1357.0>.
2026-09-12 00:23:17.427711+09:00 [info] <0.614.0>@riak_repl_app:prep_stop/1:339 Stopping application riak_repl - marked service down.
2026-09-12 00:23:17.429810+09:00 [info] <0.1358.0>@riak_repl_migration:init/0:33 Riak replication migration server started
2026-09-12 00:23:17.429910+09:00 [info] <0.614.0>@riak_repl_app:prep_stop/1:343 Started migration server
2026-09-12 00:23:17.429976+09:00 [info] <0.1358.0>@riak_repl_migration:handle_call/3:37 Realtime Repl queue migration sleeping
2026-09-12 00:23:17.530976+09:00 [info] <0.1358.0>@riak_repl_migration:handle_info/2:50 Queue empty, no replication queue migration required
2026-09-12 00:23:18.537065+09:00 [info] <0.614.0>@riak_repl_app:stop/1:139 Stopped application riak_repl
2026-09-12 00:23:18.542774+09:00 [info] <0.356.0>@riak_kv_app:prep_stop/1:275 Stopping application riak_kv - marked service down.
2026-09-12 00:23:18.543111+09:00 [info] <0.356.0>@riak_kv_app:prep_stop/1:279 Unregistered pb services
2026-09-12 00:23:18.544942+09:00 [info] <0.356.0>@riak_kv_app:prep_stop/1:284 unregistered webmachine routes
2026-09-12 00:23:18.545046+09:00 [info] <0.356.0>@riak_kv_app:prep_stop/1:286 all active put FSMs completed
2026-09-12 00:23:18.545379+09:00 [info] <0.356.0>@riak_kv_app:stop/1:297 Stopped  application riak_kv.
2026-09-12 00:23:18.550976+09:00 [info] <0.779.0>@leveled_inker:handle_call/3:780 log_ref=i0005 db_id=5 Inker closing journal for reason close
2026-09-12 00:23:18.550983+09:00 [info] <0.780.0>@leveled_inker:handle_call/3:780 log_ref=i0005 db_id=0 Inker closing journal for reason close
2026-09-12 00:23:18.551064+09:00 [info] <0.780.0>@leveled_inker:handle_call/3:782 log_ref=i0006 db_id=0 Close triggered with journal_sqn=1 and manifest_sqn=2
2026-09-12 00:23:18.550970+09:00 [info] <0.783.0>@leveled_inker:handle_call/3:780 log_ref=i0005 db_id=3 Inker closing journal for reason close
2026-09-12 00:23:18.551063+09:00 [info] <0.779.0>@leveled_inker:handle_call/3:782 log_ref=i0006 db_id=5 Close triggered with journal_sqn=0 and manifest_sqn=2
2026-09-12 00:23:18.551192+09:00 [info] <0.780.0>@leveled_inker:shutdown_manifest/1:1036 log_ref=i0007 db_id=0 Inker manifest when closing is:
2026-09-12 00:23:18.551247+09:00 [info] <0.779.0>@leveled_inker:shutdown_manifest/1:1036 log_ref=i0007 db_id=5 Inker manifest when closing is:
2026-09-12 00:23:18.551101+09:00 [info] <0.782.0>@leveled_inker:handle_call/3:780 log_ref=i0005 db_id=7 Inker closing journal for reason close
2026-09-12 00:23:18.551347+09:00 [info] <0.784.0>@leveled_inker:handle_call/3:780 log_ref=i0005 db_id=2 Inker closing journal for reason close
2026-09-12 00:23:18.551059+09:00 [info] <0.785.0>@leveled_inker:handle_call/3:780 log_ref=i0005 db_id=4 Inker closing journal for reason close
2026-09-12 00:23:18.551243+09:00 [info] <0.781.0>@leveled_inker:handle_call/3:780 log_ref=i0005 db_id=1 Inker closing journal for reason close
2026-09-12 00:23:18.551469+09:00 [info] <0.785.0>@leveled_inker:handle_call/3:782 log_ref=i0006 db_id=4 Close triggered with journal_sqn=0 and manifest_sqn=2
2026-09-12 00:23:18.551328+09:00 [info] <0.786.0>@leveled_inker:handle_call/3:780 log_ref=i0005 db_id=6 Inker closing journal for reason close
2026-09-12 00:23:18.551173+09:00 [info] <0.783.0>@leveled_inker:handle_call/3:782 log_ref=i0006 db_id=3 Close triggered with journal_sqn=0 and manifest_sqn=2
2026-09-12 00:23:18.551428+09:00 [info] <0.784.0>@leveled_inker:handle_call/3:782 log_ref=i0006 db_id=2 Close triggered with journal_sqn=0 and manifest_sqn=2
2026-09-12 00:23:18.551498+09:00 [info] <0.781.0>@leveled_inker:handle_call/3:782 log_ref=i0006 db_id=1 Close triggered with journal_sqn=1 and manifest_sqn=2
2026-09-12 00:23:18.551532+09:00 [info] <0.814.0>@leveled_pclerk:terminate/2:178 log_ref=pc005 db_id=0 Penciller's Clerk <0.814.0> shutdown now complete for reason normal
2026-09-12 00:23:18.551579+09:00 [info] <0.786.0>@leveled_inker:handle_call/3:782 log_ref=i0006 db_id=6 Close triggered with journal_sqn=0 and manifest_sqn=2
2026-09-12 00:23:18.551383+09:00 [info] <0.782.0>@leveled_inker:handle_call/3:782 log_ref=i0006 db_id=7 Close triggered with journal_sqn=1 and manifest_sqn=2
2026-09-12 00:23:18.551665+09:00 [info] <0.785.0>@leveled_inker:shutdown_manifest/1:1036 log_ref=i0007 db_id=4 Inker manifest when closing is:
2026-09-12 00:23:18.551709+09:00 [info] <0.783.0>@leveled_inker:shutdown_manifest/1:1036 log_ref=i0007 db_id=3 Inker manifest when closing is:
2026-09-12 00:23:18.551668+09:00 [info] <0.784.0>@leveled_inker:shutdown_manifest/1:1036 log_ref=i0007 db_id=2 Inker manifest when closing is:
2026-09-12 00:23:18.551651+09:00 [info] <0.781.0>@leveled_inker:shutdown_manifest/1:1036 log_ref=i0007 db_id=1 Inker manifest when closing is:
2026-09-12 00:23:18.551801+09:00 [info] <0.782.0>@leveled_inker:shutdown_manifest/1:1036 log_ref=i0007 db_id=7 Inker manifest when closing is:
2026-09-12 00:23:18.551767+09:00 [info] <0.786.0>@leveled_inker:shutdown_manifest/1:1036 log_ref=i0007 db_id=6 Inker manifest when closing is:
2026-09-12 00:23:18.551919+09:00 [info] <0.816.0>@leveled_pclerk:terminate/2:178 log_ref=pc005 db_id=4 Penciller's Clerk <0.816.0> shutdown now complete for reason normal
2026-09-12 00:23:18.551964+09:00 [info] <0.818.0>@leveled_pclerk:terminate/2:178 log_ref=pc005 db_id=2 Penciller's Clerk <0.818.0> shutdown now complete for reason normal
2026-09-12 00:23:18.551971+09:00 [info] <0.817.0>@leveled_pclerk:terminate/2:178 log_ref=pc005 db_id=3 Penciller's Clerk <0.817.0> shutdown now complete for reason normal
2026-09-12 00:23:18.552058+09:00 [info] <0.804.0>@leveled_penciller:handle_call/3:1068 log_ref=p0008 db_id=4 Penciller closing for reason close
2026-09-12 00:23:18.552103+09:00 [info] <0.813.0>@leveled_pclerk:terminate/2:178 log_ref=pc005 db_id=1 Penciller's Clerk <0.813.0> shutdown now complete for reason normal
2026-09-12 00:23:18.551669+09:00 [info] <0.806.0>@leveled_penciller:handle_call/3:1068 log_ref=p0008 db_id=0 Penciller closing for reason close
2026-09-12 00:23:18.552215+09:00 [info] <0.807.0>@leveled_penciller:handle_call/3:1068 log_ref=p0008 db_id=1 Penciller closing for reason close
2026-09-12 00:23:18.552254+09:00 [info] <0.819.0>@leveled_pclerk:terminate/2:178 log_ref=pc005 db_id=7 Penciller's Clerk <0.819.0> shutdown now complete for reason normal
2026-09-12 00:23:18.552273+09:00 [info] <0.806.0>@leveled_penciller:handle_call/3:1084 log_ref=p0010 db_id=0 level zero discarded_count=0 on close of Penciller
2026-09-12 00:23:18.552160+09:00 [info] <0.804.0>@leveled_penciller:handle_call/3:1084 log_ref=p0010 db_id=4 level zero discarded_count=0 on close of Penciller
2026-09-12 00:23:18.552226+09:00 [info] <0.815.0>@leveled_pclerk:terminate/2:178 log_ref=pc005 db_id=6 Penciller's Clerk <0.815.0> shutdown now complete for reason normal
2026-09-12 00:23:18.552133+09:00 [info] <0.808.0>@leveled_penciller:handle_call/3:1068 log_ref=p0008 db_id=2 Penciller closing for reason close
2026-09-12 00:23:18.552288+09:00 [info] <0.807.0>@leveled_penciller:handle_call/3:1084 log_ref=p0010 db_id=1 level zero discarded_count=0 on close of Penciller
2026-09-12 00:23:18.552284+09:00 [info] <0.810.0>@leveled_penciller:handle_call/3:1068 log_ref=p0008 db_id=3 Penciller closing for reason close
2026-09-12 00:23:18.552448+09:00 [info] <0.810.0>@leveled_penciller:handle_call/3:1084 log_ref=p0010 db_id=3 level zero discarded_count=0 on close of Penciller
2026-09-12 00:23:18.552378+09:00 [info] <0.808.0>@leveled_penciller:handle_call/3:1084 log_ref=p0010 db_id=2 level zero discarded_count=0 on close of Penciller
2026-09-12 00:23:18.552468+09:00 [info] <0.809.0>@leveled_penciller:handle_call/3:1068 log_ref=p0008 db_id=6 Penciller closing for reason close
2026-09-12 00:23:18.552478+09:00 [info] <0.769.0>@leveled_bookie:terminate/2:1803 log_ref=b0003 db_id=4 Bookie closing for reason normal
2026-09-12 00:23:18.552343+09:00 [info] <0.805.0>@leveled_penciller:handle_call/3:1068 log_ref=p0008 db_id=7 Penciller closing for reason close
2026-09-12 00:23:18.552623+09:00 [info] <0.768.0>@leveled_bookie:terminate/2:1803 log_ref=b0003 db_id=2 Bookie closing for reason normal
2026-09-12 00:23:18.552608+09:00 [info] <0.805.0>@leveled_penciller:handle_call/3:1084 log_ref=p0010 db_id=7 level zero discarded_count=0 on close of Penciller
2026-09-12 00:23:18.552649+09:00 [info] <0.764.0>@leveled_bookie:terminate/2:1803 log_ref=b0003 db_id=0 Bookie closing for reason normal
2026-09-12 00:23:18.552560+09:00 [info] <0.809.0>@leveled_penciller:handle_call/3:1084 log_ref=p0010 db_id=6 level zero discarded_count=0 on close of Penciller
2026-09-12 00:23:18.552761+09:00 [info] <0.766.0>@leveled_bookie:terminate/2:1803 log_ref=b0003 db_id=3 Bookie closing for reason normal
2026-09-12 00:23:18.552753+09:00 [info] <0.765.0>@leveled_bookie:terminate/2:1803 log_ref=b0003 db_id=7 Bookie closing for reason normal
2026-09-12 00:23:18.552771+09:00 [info] <0.770.0>@leveled_bookie:terminate/2:1803 log_ref=b0003 db_id=6 Bookie closing for reason normal
2026-09-12 00:23:18.552552+09:00 [info] <0.767.0>@leveled_bookie:terminate/2:1803 log_ref=b0003 db_id=1 Bookie closing for reason normal
2026-09-12 00:23:18.553663+09:00 [info] <0.812.0>@leveled_pclerk:terminate/2:178 log_ref=pc005 db_id=5 Penciller's Clerk <0.812.0> shutdown now complete for reason normal
2026-09-12 00:23:18.553757+09:00 [info] <0.811.0>@leveled_penciller:handle_call/3:1068 log_ref=p0008 db_id=5 Penciller closing for reason close
2026-09-12 00:23:18.553822+09:00 [info] <0.811.0>@leveled_penciller:handle_call/3:1084 log_ref=p0010 db_id=5 level zero discarded_count=0 on close of Penciller
2026-09-12 00:23:18.553934+09:00 [info] <0.763.0>@leveled_bookie:terminate/2:1803 log_ref=b0003 db_id=5 Bookie closing for reason normal
2026-09-12 00:23:18.621899+09:00 [info] <0.865.0>@aae_treecache:save_to_disk/3:403 log_ref=c0003 Saving tree cache to path /var/lib/riak/tictac_aae/1278813932664540053428224228626747642198940975104/aaetree/1278813932664540053428224228626747642198940975104_3/ and filename 1.pnd
2026-09-12 00:23:18.623913+09:00 [info] <0.861.0>@aae_treecache:save_to_disk/3:403 log_ref=c0003 Saving tree cache to path /var/lib/riak/tictac_aae/913438523331814323877303020447676887284957839360/aaetree/913438523331814323877303020447676887284957839360_3/ and filename 1.pnd
2026-09-12 00:23:18.647148+09:00 [info] <0.866.0>@aae_treecache:save_to_disk/3:403 log_ref=c0003 Saving tree cache to path /var/lib/riak/tictac_aae/730750818665451459101842416358141509827966271488/aaetree/730750818665451459101842416358141509827966271488_3/ and filename 1.pnd
2026-09-12 00:23:18.651555+09:00 [info] <0.863.0>@aae_treecache:save_to_disk/3:403 log_ref=c0003 Saving tree cache to path /var/lib/riak/tictac_aae/0/aaetree/0_3/ and filename 1.pnd
2026-09-12 00:23:18.651696+09:00 [info] <0.862.0>@aae_treecache:save_to_disk/3:403 log_ref=c0003 Saving tree cache to path /var/lib/riak/tictac_aae/548063113999088594326381812268606132370974703616/aaetree/548063113999088594326381812268606132370974703616_3/ and filename 1.pnd
2026-09-12 00:23:18.662957+09:00 [info] <0.860.0>@aae_treecache:save_to_disk/3:403 log_ref=c0003 Saving tree cache to path /var/lib/riak/tictac_aae/365375409332725729550921208179070754913983135744/aaetree/365375409332725729550921208179070754913983135744_3/ and filename 1.pnd
2026-09-12 00:23:18.671447+09:00 [info] <0.867.0>@aae_treecache:save_to_disk/3:403 log_ref=c0003 Saving tree cache to path /var/lib/riak/tictac_aae/182687704666362864775460604089535377456991567872/aaetree/182687704666362864775460604089535377456991567872_3/ and filename 1.pnd
2026-09-12 00:23:18.694158+09:00 [info] <0.864.0>@aae_treecache:save_to_disk/3:403 log_ref=c0003 Saving tree cache to path /var/lib/riak/tictac_aae/1096126227998177188652763624537212264741949407232/aaetree/1096126227998177188652763624537212264741949407232_3/ and filename 1.pnd
2026-09-12 00:23:18.720022+09:00 [info] <0.854.0>@aae_treecache:save_to_disk/3:403 log_ref=c0003 Saving tree cache to path /var/lib/riak/tictac_aae/548063113999088594326381812268606132370974703616/aaetree/365375409332725729550921208179070754913983135744_3/ and filename 1.pnd
2026-09-12 00:23:18.721886+09:00 [info] <0.853.0>@aae_treecache:save_to_disk/3:403 log_ref=c0003 Saving tree cache to path /var/lib/riak/tictac_aae/913438523331814323877303020447676887284957839360/aaetree/730750818665451459101842416358141509827966271488_3/ and filename 1.pnd
2026-09-12 00:23:18.724642+09:00 [info] <0.858.0>@aae_treecache:save_to_disk/3:403 log_ref=c0003 Saving tree cache to path /var/lib/riak/tictac_aae/730750818665451459101842416358141509827966271488/aaetree/548063113999088594326381812268606132370974703616_3/ and filename 1.pnd
2026-09-12 00:23:18.743770+09:00 [info] <0.855.0>@aae_treecache:save_to_disk/3:403 log_ref=c0003 Saving tree cache to path /var/lib/riak/tictac_aae/0/aaetree/1278813932664540053428224228626747642198940975104_3/ and filename 1.pnd
2026-09-12 00:23:18.763448+09:00 [info] <0.852.0>@aae_treecache:save_to_disk/3:403 log_ref=c0003 Saving tree cache to path /var/lib/riak/tictac_aae/365375409332725729550921208179070754913983135744/aaetree/182687704666362864775460604089535377456991567872_3/ and filename 1.pnd
2026-09-12 00:23:18.771388+09:00 [info] <0.857.0>@aae_treecache:save_to_disk/3:403 log_ref=c0003 Saving tree cache to path /var/lib/riak/tictac_aae/1278813932664540053428224228626747642198940975104/aaetree/1096126227998177188652763624537212264741949407232_3/ and filename 1.pnd
2026-09-12 00:23:18.786770+09:00 [info] <0.845.0>@aae_treecache:save_to_disk/3:403 log_ref=c0003 Saving tree cache to path /var/lib/riak/tictac_aae/548063113999088594326381812268606132370974703616/aaetree/182687704666362864775460604089535377456991567872_3/ and filename 1.pnd
2026-09-12 00:23:18.804949+09:00 [info] <0.859.0>@aae_treecache:save_to_disk/3:403 log_ref=c0003 Saving tree cache to path /var/lib/riak/tictac_aae/182687704666362864775460604089535377456991567872/aaetree/0_3/ and filename 1.pnd
2026-09-12 00:23:18.815585+09:00 [info] <0.844.0>@aae_treecache:save_to_disk/3:403 log_ref=c0003 Saving tree cache to path /var/lib/riak/tictac_aae/913438523331814323877303020447676887284957839360/aaetree/548063113999088594326381812268606132370974703616_3/ and filename 1.pnd
2026-09-12 00:23:18.819068+09:00 [info] <0.856.0>@aae_treecache:save_to_disk/3:403 log_ref=c0003 Saving tree cache to path /var/lib/riak/tictac_aae/1096126227998177188652763624537212264741949407232/aaetree/913438523331814323877303020447676887284957839360_3/ and filename 1.pnd
2026-09-12 00:23:18.827190+09:00 [info] <0.850.0>@aae_treecache:save_to_disk/3:403 log_ref=c0003 Saving tree cache to path /var/lib/riak/tictac_aae/730750818665451459101842416358141509827966271488/aaetree/365375409332725729550921208179070754913983135744_3/ and filename 1.pnd
2026-09-12 00:23:18.831068+09:00 [info] <0.846.0>@aae_treecache:save_to_disk/3:403 log_ref=c0003 Saving tree cache to path /var/lib/riak/tictac_aae/365375409332725729550921208179070754913983135744/aaetree/0_3/ and filename 1.pnd
2026-09-12 00:23:18.844023+09:00 [info] <0.848.0>@aae_treecache:save_to_disk/3:403 log_ref=c0003 Saving tree cache to path /var/lib/riak/tictac_aae/1278813932664540053428224228626747642198940975104/aaetree/913438523331814323877303020447676887284957839360_3/ and filename 1.pnd
2026-09-12 00:23:18.848148+09:00 [info] <0.847.0>@aae_treecache:save_to_disk/3:403 log_ref=c0003 Saving tree cache to path /var/lib/riak/tictac_aae/0/aaetree/1096126227998177188652763624537212264741949407232_3/ and filename 1.pnd
2026-09-12 00:23:18.858599+09:00 [info] <0.851.0>@aae_treecache:save_to_disk/3:403 log_ref=c0003 Saving tree cache to path /var/lib/riak/tictac_aae/182687704666362864775460604089535377456991567872/aaetree/1278813932664540053428224228626747642198940975104_3/ and filename 1.pnd
2026-09-12 00:23:18.870389+09:00 [info] <0.849.0>@aae_treecache:save_to_disk/3:403 log_ref=c0003 Saving tree cache to path /var/lib/riak/tictac_aae/1096126227998177188652763624537212264741949407232/aaetree/730750818665451459101842416358141509827966271488_3/ and filename 1.pnd
2026-09-12 00:23:18.871353+09:00 [info] <0.211.0>@riak_core_app:stop/1:118 Stopped  application riak_core.
2026-09-12 00:23:18.875472+09:00 [notice] <0.143.0>@: alarm_handler: {clear,system_memory_high_watermark}
