2026-09-12 00:14:20.669637+09:00 [info] <0.44.0>@application_controller:info_started/2:2130 Application: kernel. Started at: 'openriak-kv@node-05.cluster-a.openriak'.
2026-09-12 00:14:20.703156+09:00 [info] <0.44.0>@application_controller:info_started/2:2130 Application: stdlib. Started at: 'openriak-kv@node-05.cluster-a.openriak'.
2026-09-12 00:14:20.703314+09:00 [info] <0.44.0>@application_controller:info_started/2:2130 Application: asn1. Started at: 'openriak-kv@node-05.cluster-a.openriak'.
2026-09-12 00:14:20.703477+09:00 [info] <0.44.0>@application_controller:info_started/2:2130 Application: crypto. Started at: 'openriak-kv@node-05.cluster-a.openriak'.
2026-09-12 00:14:20.703599+09:00 [info] <0.44.0>@application_controller:info_started/2:2130 Application: public_key. Started at: 'openriak-kv@node-05.cluster-a.openriak'.
2026-09-12 00:14:20.741614+09:00 [info] <0.77.0>@supervisor:report_progress/2:1582 Supervisor: {local,logger_sup}. Started: id=ssl_handler,pid=<0.97.0>.
2026-09-12 00:14:20.764498+09:00 [info] <0.100.0>@supervisor:report_progress/2:1582 Supervisor: {local,ssl_admin_sup}. Started: id=ssl_pem_cache,pid=<0.101.0>.
2026-09-12 00:14:20.780556+09:00 [info] <0.100.0>@supervisor:report_progress/2:1582 Supervisor: {local,ssl_admin_sup}. Started: id=ssl_manager,pid=<0.102.0>.
2026-09-12 00:14:20.786895+09:00 [info] <0.100.0>@supervisor:report_progress/2:1582 Supervisor: {local,ssl_admin_sup}. Started: id=tls_client_ticket_store,pid=<0.103.0>.
2026-09-12 00:14:20.787039+09:00 [info] <0.99.0>@supervisor:report_progress/2:1582 Supervisor: {local,ssl_sup}. Started: id=ssl_admin_sup,pid=<0.100.0>.
2026-09-12 00:14:20.797664+09:00 [info] <0.105.0>@supervisor:report_progress/2:1582 Supervisor: {local,tls_sup}. Started: id=tls_connection_sup,pid=<0.106.0>.
2026-09-12 00:14:20.804496+09:00 [info] <0.107.0>@supervisor:report_progress/2:1582 Supervisor: {local,tls_server_sup}. Started: id=ssl_listen_tracker_sup,pid=<0.108.0>.
2026-09-12 00:14:20.809212+09:00 [info] <0.107.0>@supervisor:report_progress/2:1582 Supervisor: {local,tls_server_sup}. Started: id=tls_server_session_ticket,pid=<0.109.0>.
2026-09-12 00:14:20.812971+09:00 [info] <0.107.0>@supervisor:report_progress/2:1582 Supervisor: {local,tls_server_sup}. Started: id=ssl_server_session_cache_sup,pid=<0.110.0>.
2026-09-12 00:14:20.817694+09:00 [info] <0.107.0>@supervisor:report_progress/2:1582 Supervisor: {local,tls_server_sup}. Started: id=ssl_upgrade_server_session_cache_sup,pid=<0.111.0>.
2026-09-12 00:14:20.818541+09:00 [info] <0.105.0>@supervisor:report_progress/2:1582 Supervisor: {local,tls_sup}. Started: id=tls_server_sup,pid=<0.107.0>.
2026-09-12 00:14:20.818638+09:00 [info] <0.104.0>@supervisor:report_progress/2:1582 Supervisor: {local,ssl_connection_sup}. Started: id=tls_sup,pid=<0.105.0>.
2026-09-12 00:14:20.828087+09:00 [info] <0.112.0>@supervisor:report_progress/2:1582 Supervisor: {local,dtls_sup}. Started: id=dtls_connection_sup,pid=<0.113.0>.
2026-09-12 00:14:20.835157+09:00 [info] <0.114.0>@supervisor:report_progress/2:1582 Supervisor: {local,dtls_server_sup}. Started: id=dtls_listener_sup,pid=<0.115.0>.
2026-09-12 00:14:20.840279+09:00 [info] <0.114.0>@supervisor:report_progress/2:1582 Supervisor: {local,dtls_server_sup}. Started: id=dtls_server_session_cache_sup,pid=<0.116.0>.
2026-09-12 00:14:20.840550+09:00 [info] <0.112.0>@supervisor:report_progress/2:1582 Supervisor: {local,dtls_sup}. Started: id=dtls_server_sup,pid=<0.114.0>.
2026-09-12 00:14:20.840629+09:00 [info] <0.104.0>@supervisor:report_progress/2:1582 Supervisor: {local,ssl_connection_sup}. Started: id=dtls_sup,pid=<0.112.0>.
2026-09-12 00:14:20.840708+09:00 [info] <0.99.0>@supervisor:report_progress/2:1582 Supervisor: {local,ssl_sup}. Started: id=ssl_connection_sup,pid=<0.104.0>.
2026-09-12 00:14:20.840783+09:00 [info] <0.44.0>@application_controller:info_started/2:2130 Application: ssl. Started at: 'openriak-kv@node-05.cluster-a.openriak'.
2026-09-12 00:14:20.840936+09:00 [info] <0.44.0>@application_controller:info_started/2:2130 Application: hut. Started at: 'openriak-kv@node-05.cluster-a.openriak'.
2026-09-12 00:14:20.848550+09:00 [info] <0.121.0>@supervisor:report_progress/2:1582 Supervisor: {local,setup_sup}. Started: id=setup_srv,pid=<0.122.0>.
2026-09-12 00:14:20.864233+09:00 [notice] <0.122.0>@: Setup running ...
2026-09-12 00:14:20.872694+09:00 [notice] <0.122.0>@: Directories verified. Res = ok
2026-09-12 00:14:20.880128+09:00 [notice] <0.122.0>@: Setup finished processing hooks (Mode=normal)...
2026-09-12 00:14:20.880250+09:00 [info] <0.44.0>@application_controller:info_started/2:2130 Application: setup. Started at: 'openriak-kv@node-05.cluster-a.openriak'.
2026-09-12 00:14:20.880415+09:00 [info] <0.44.0>@application_controller:info_started/2:2130 Application: syntax_tools. Started at: 'openriak-kv@node-05.cluster-a.openriak'.
2026-09-12 00:14:20.880573+09:00 [info] <0.44.0>@application_controller:info_started/2:2130 Application: compiler. Started at: 'openriak-kv@node-05.cluster-a.openriak'.
2026-09-12 00:14:20.880701+09:00 [info] <0.44.0>@application_controller:info_started/2:2130 Application: parse_trans. Started at: 'openriak-kv@node-05.cluster-a.openriak'.
2026-09-12 00:14:20.907639+09:00 [info] <0.129.0>@supervisor:report_progress/2:1582 Supervisor: {local,exometer_core_sup}. Started: id=exometer_admin,pid=<0.130.0>.
2026-09-12 00:14:20.910856+09:00 [info] <0.129.0>@supervisor:report_progress/2:1582 Supervisor: {local,exometer_core_sup}. Started: id=exometer_cache,pid=<0.131.0>.
2026-09-12 00:14:20.923617+09:00 [info] <0.129.0>@supervisor:report_progress/2:1582 Supervisor: {local,exometer_core_sup}. Started: id=exometer_report,pid=<0.132.0>.
2026-09-12 00:14:20.927253+09:00 [info] <0.129.0>@supervisor:report_progress/2:1582 Supervisor: {local,exometer_core_sup}. Started: id=exometer_report_logger_sup,pid=<0.133.0>.
2026-09-12 00:14:20.931876+09:00 [info] <0.129.0>@supervisor:report_progress/2:1582 Supervisor: {local,exometer_core_sup}. Started: id=exometer_alias,pid=<0.134.0>.
2026-09-12 00:14:20.932258+09:00 [info] <0.132.0>@exometer_report:do_start_reporters/1:695 Starting reporters with []
2026-09-12 00:14:20.932591+09:00 [info] <0.44.0>@application_controller:info_started/2:2130 Application: exometer_core. Started at: 'openriak-kv@node-05.cluster-a.openriak'.
2026-09-12 00:14:20.942221+09:00 [info] <0.139.0>@supervisor:report_progress/2:1582 Supervisor: {local,sasl_safe_sup}. Started: id=alarm_handler,pid=<0.140.0>.
2026-09-12 00:14:20.942360+09:00 [info] <0.138.0>@supervisor:report_progress/2:1582 Supervisor: {local,sasl_sup}. Started: id=sasl_safe_sup,pid=<0.139.0>.
2026-09-12 00:14:20.958383+09:00 [info] <0.138.0>@supervisor:report_progress/2:1582 Supervisor: {local,sasl_sup}. Started: id=release_handler,pid=<0.141.0>.
2026-09-12 00:14:20.958534+09:00 [info] <0.44.0>@application_controller:info_started/2:2130 Application: sasl. Started at: 'openriak-kv@node-05.cluster-a.openriak'.
2026-09-12 00:14:20.965973+09:00 [info] <0.49.0>@supervisor:report_progress/2:1582 Supervisor: {local,kernel_sup}. Started: id=timer_server,pid=<0.148.0>.
2026-09-12 00:14:20.966120+09:00 [info] <0.146.0>@supervisor:report_progress/2:1582 Supervisor: {local,riak_sysmon_sup}. Started: id=riak_sysmon_filter,pid=<0.147.0>.
2026-09-12 00:14:20.966209+09:00 [info] <0.146.0>@supervisor:report_progress/2:1582 Supervisor: {local,riak_sysmon_sup}. Started: id=riak_sysmon_mgr,pid=<0.150.0>.
2026-09-12 00:14:20.966301+09:00 [info] <0.44.0>@application_controller:info_started/2:2130 Application: riak_sysmon. Started at: 'openriak-kv@node-05.cluster-a.openriak'.
2026-09-12 00:14:20.978593+09:00 [info] <0.154.0>@supervisor:report_progress/2:1582 Supervisor: {local,os_mon_sup}. Started: id=disksup,pid=<0.155.0>.
2026-09-12 00:14:20.991306+09:00 [info] <0.154.0>@supervisor:report_progress/2:1582 Supervisor: {local,os_mon_sup}. Started: id=memsup,pid=<0.156.0>.
2026-09-12 00:14:21.001706+09:00 [info] <0.154.0>@supervisor:report_progress/2:1582 Supervisor: {local,os_mon_sup}. Started: id=cpu_sup,pid=<0.158.0>.
2026-09-12 00:14:21.005498+09:00 [info] <0.44.0>@application_controller:info_started/2:2130 Application: os_mon. Started at: 'openriak-kv@node-05.cluster-a.openriak'.
2026-09-12 00:14:21.005727+09:00 [info] <0.44.0>@application_controller:info_started/2:2130 Application: observer. Started at: 'openriak-kv@node-05.cluster-a.openriak'.
2026-09-12 00:14:21.014096+09:00 [notice] <0.140.0>@: alarm_handler: {set,{system_memory_high_watermark,[]}}
2026-09-12 00:14:21.039359+09:00 [info] <0.165.0>@supervisor:report_progress/2:1582 Supervisor: {local,runtime_tools_sup}. Started: id=ttb_autostart,pid=<0.166.0>.
2026-09-12 00:14:21.040114+09:00 [info] <0.44.0>@application_controller:info_started/2:2130 Application: runtime_tools. Started at: 'openriak-kv@node-05.cluster-a.openriak'.
2026-09-12 00:14:21.041106+09:00 [info] <0.44.0>@application_controller:info_started/2:2130 Application: xmerl. Started at: 'openriak-kv@node-05.cluster-a.openriak'.
2026-09-12 00:14:21.089180+09:00 [info] <0.173.0>@supervisor:report_progress/2:1582 Supervisor: {local,httpc_profile_sup}. Started: id=httpc_manager,pid=<0.174.0>.
2026-09-12 00:14:21.089316+09:00 [info] <0.172.0>@supervisor:report_progress/2:1582 Supervisor: {local,httpc_sup}. Started: id=httpc_profile_sup,pid=<0.173.0>.
2026-09-12 00:14:21.094625+09:00 [info] <0.172.0>@supervisor:report_progress/2:1582 Supervisor: {local,httpc_sup}. Started: id=httpc_handler_sup,pid=<0.175.0>.
2026-09-12 00:14:21.094740+09:00 [info] <0.171.0>@supervisor:report_progress/2:1582 Supervisor: {local,inets_sup}. Started: id=httpc_sup,pid=<0.172.0>.
2026-09-12 00:14:21.104502+09:00 [info] <0.171.0>@supervisor:report_progress/2:1582 Supervisor: {local,inets_sup}. Started: id=httpd_sup,pid=<0.176.0>.
2026-09-12 00:14:21.104639+09:00 [info] <0.44.0>@application_controller:info_started/2:2130 Application: inets. Started at: 'openriak-kv@node-05.cluster-a.openriak'.
2026-09-12 00:14:21.105295+09:00 [info] <0.44.0>@application_controller:info_started/2:2130 Application: mochiweb. Started at: 'openriak-kv@node-05.cluster-a.openriak'.
2026-09-12 00:14:21.120535+09:00 [info] <0.181.0>@supervisor:report_progress/2:1582 Supervisor: {local,webmachine_sup}. Started: id=webmachine_logger,pid=<0.182.0>.
2026-09-12 00:14:21.125004+09:00 [info] <0.181.0>@supervisor:report_progress/2:1582 Supervisor: {local,webmachine_sup}. Started: id=webmachine_logger_watcher_sup,pid=<0.183.0>.
2026-09-12 00:14:21.134621+09:00 [info] <0.181.0>@supervisor:report_progress/2:1582 Supervisor: {local,webmachine_sup}. Started: id=webmachine_router,pid=<0.184.0>.
2026-09-12 00:14:21.134778+09:00 [info] <0.44.0>@application_controller:info_started/2:2130 Application: webmachine. Started at: 'openriak-kv@node-05.cluster-a.openriak'.
2026-09-12 00:14:21.134987+09:00 [info] <0.44.0>@application_controller:info_started/2:2130 Application: basho_stats. Started at: 'openriak-kv@node-05.cluster-a.openriak'.
2026-09-12 00:14:21.150502+09:00 [info] <0.189.0>@supervisor:report_progress/2:1582 Supervisor: {local,bitcask_sup}. Started: id=bitcask_merge_worker,pid=<0.190.0>.
2026-09-12 00:14:21.154507+09:00 [info] <0.189.0>@supervisor:report_progress/2:1582 Supervisor: {local,bitcask_sup}. Started: id=bitcask_merge_delete,pid=<0.191.0>.
2026-09-12 00:14:21.154645+09:00 [info] <0.44.0>@application_controller:info_started/2:2130 Application: bitcask. Started at: 'openriak-kv@node-05.cluster-a.openriak'.
2026-09-12 00:14:21.154846+09:00 [info] <0.44.0>@application_controller:info_started/2:2130 Application: getopt. Started at: 'openriak-kv@node-05.cluster-a.openriak'.
2026-09-12 00:14:21.154995+09:00 [info] <0.44.0>@application_controller:info_started/2:2130 Application: cuttlefish. Started at: 'openriak-kv@node-05.cluster-a.openriak'.
2026-09-12 00:14:21.200145+09:00 [info] <0.197.0>@supervisor:report_progress/2:1582 Supervisor: {local,clique_sup}. Started: id=clique_manager,pid=<0.198.0>.
2026-09-12 00:14:21.200320+09:00 [info] <0.44.0>@application_controller:info_started/2:2130 Application: clique. Started at: 'openriak-kv@node-05.cluster-a.openriak'.
2026-09-12 00:14:21.200517+09:00 [info] <0.44.0>@application_controller:info_started/2:2130 Application: eleveldb. Started at: 'openriak-kv@node-05.cluster-a.openriak'.
2026-09-12 00:14:21.200710+09:00 [info] <0.44.0>@application_controller:info_started/2:2130 Application: pbkdf2. Started at: 'openriak-kv@node-05.cluster-a.openriak'.
2026-09-12 00:14:21.200868+09:00 [info] <0.44.0>@application_controller:info_started/2:2130 Application: poolboy. Started at: 'openriak-kv@node-05.cluster-a.openriak'.
2026-09-12 00:14:21.219904+09:00 [info] <0.44.0>@application_controller:info_started/2:2130 Application: cluster_info. Started at: 'openriak-kv@node-05.cluster-a.openriak'.
2026-09-12 00:14:21.291370+09:00 [info] <0.209.0>@supervisor:report_progress/2:1582 Supervisor: {local,riak_core_sup}. Started: id=riak_core_bg_manager,pid=<0.210.0>.
2026-09-12 00:14:21.315490+09:00 [info] <0.209.0>@supervisor:report_progress/2:1582 Supervisor: {local,riak_core_sup}. Started: id=riak_core_sysmon_minder,pid=<0.211.0>.
2026-09-12 00:14:21.320874+09:00 [info] <0.209.0>@supervisor:report_progress/2:1582 Supervisor: {local,riak_core_sup}. Started: id=riak_core_vnode_sup,pid=<0.212.0>.
2026-09-12 00:14:21.331911+09:00 [info] <0.209.0>@supervisor:report_progress/2:1582 Supervisor: {local,riak_core_sup}. Started: id=riak_core_eventhandler_sup,pid=<0.213.0>.
2026-09-12 00:14:21.341110+09:00 [info] <0.209.0>@supervisor:report_progress/2:1582 Supervisor: {local,riak_core_sup}. Started: id=riak_core_dist_mon,pid=<0.214.0>.
2026-09-12 00:14:21.355074+09:00 [info] <0.215.0>@supervisor:report_progress/2:1582 Supervisor: {local,riak_core_handoff_sup}. Started: id=riak_core_handoff_receiver_sup,pid=<0.216.0>.
2026-09-12 00:14:21.357521+09:00 [info] <0.215.0>@supervisor:report_progress/2:1582 Supervisor: {local,riak_core_handoff_sup}. Started: id=riak_core_handoff_sender_sup,pid=<0.217.0>.
2026-09-12 00:14:21.392862+09:00 [info] <0.218.0>@supervisor:report_progress/2:1582 Supervisor: {local,riak_core_handoff_listener_sup}. Started: id=riak_core_handoff_listener,pid=<0.219.0>.
2026-09-12 00:14:21.398021+09:00 [info] <0.215.0>@supervisor:report_progress/2:1582 Supervisor: {local,riak_core_handoff_sup}. Started: id=riak_core_handoff_listener_sup,pid=<0.218.0>.
2026-09-12 00:14:21.432125+09:00 [info] <0.215.0>@supervisor:report_progress/2:1582 Supervisor: {local,riak_core_handoff_sup}. Started: id=riak_core_handoff_manager,pid=<0.221.0>.
2026-09-12 00:14:21.432274+09:00 [info] <0.209.0>@supervisor:report_progress/2:1582 Supervisor: {local,riak_core_sup}. Started: id=riak_core_handoff_sup,pid=<0.215.0>.
2026-09-12 00:14:21.439488+09:00 [info] <0.209.0>@supervisor:report_progress/2:1582 Supervisor: {local,riak_core_sup}. Started: id=riak_core_ring_events,pid=<0.222.0>.
2026-09-12 00:14:22.518504+09:00 [warning] <0.223.0>@riak_core_ring_manager:reload_ring/1:388 No ring file available.
2026-09-12 00:14:22.696260+09:00 [info] <0.209.0>@supervisor:report_progress/2:1582 Supervisor: {local,riak_core_sup}. Started: id=riak_core_ring_manager,pid=<0.223.0>.
2026-09-12 00:14:22.814199+09:00 [info] <0.82.0>@supervisor:report_progress/2:1582 Supervisor: {local,kernel_safe_sup}. Started: id=dets_sup,pid=<0.227.0>.
2026-09-12 00:14:22.816740+09:00 [info] <0.82.0>@supervisor:report_progress/2:1582 Supervisor: {local,kernel_safe_sup}. Started: id=dets,pid=<0.228.0>.
2026-09-12 00:14:22.899405+09:00 [info] <0.209.0>@supervisor:report_progress/2:1582 Supervisor: {local,riak_core_sup}. Started: id=riak_core_metadata_manager,pid=<0.226.0>.
2026-09-12 00:14:23.023118+09:00 [info] <0.209.0>@supervisor:report_progress/2:1582 Supervisor: {local,riak_core_sup}. Started: id=riak_core_metadata_hashtree,pid=<0.231.0>.
2026-09-12 00:14:23.051648+09:00 [info] <0.209.0>@supervisor:report_progress/2:1582 Supervisor: {local,riak_core_sup}. Started: id=riak_core_broadcast,pid=<0.234.0>.
2026-09-12 00:14:23.075063+09:00 [info] <0.209.0>@supervisor:report_progress/2:1582 Supervisor: {local,riak_core_sup}. Started: id=riak_core_vnode_proxy_sup,pid=<0.235.0>.
2026-09-12 00:14:23.098965+09:00 [info] <0.209.0>@supervisor:report_progress/2:1582 Supervisor: {local,riak_core_sup}. Started: id=riak_core_node_watcher_events,pid=<0.236.0>.
2026-09-12 00:14:23.123661+09:00 [info] <0.209.0>@supervisor:report_progress/2:1582 Supervisor: {local,riak_core_sup}. Started: id=riak_core_node_watcher,pid=<0.237.0>.
2026-09-12 00:14:23.152239+09:00 [info] <0.209.0>@supervisor:report_progress/2:1582 Supervisor: {local,riak_core_sup}. Started: id=riak_core_vnode_manager,pid=<0.238.0>.
2026-09-12 00:14:23.167096+09:00 [info] <0.209.0>@supervisor:report_progress/2:1582 Supervisor: {local,riak_core_sup}. Started: id=riak_core_capability,pid=<0.239.0>.
2026-09-12 00:14:23.167255+09:00 [info] <0.209.0>@supervisor:report_progress/2:1582 Supervisor: {local,riak_core_sup}. Started: id=riak_core_gossip,pid=<0.240.0>.
2026-09-12 00:14:23.191922+09:00 [info] <0.209.0>@supervisor:report_progress/2:1582 Supervisor: {local,riak_core_sup}. Started: id=riak_core_claimant,pid=<0.241.0>.
2026-09-12 00:14:23.220490+09:00 [info] <0.209.0>@supervisor:report_progress/2:1582 Supervisor: {local,riak_core_sup}. Started: id=riak_core_table_owner,pid=<0.244.0>.
2026-09-12 00:14:23.244213+09:00 [info] <0.246.0>@supervisor:report_progress/2:1582 Supervisor: {local,riak_core_stats_sup}. Started: id=riak_core_stat_cache,pid=<0.248.0>.
2026-09-12 00:14:23.244378+09:00 [info] <0.245.0>@supervisor:report_progress/2:1582 Supervisor: {local,riak_core_stat_sup}. Started: id=riak_core_stats_sup,pid=<0.246.0>.
2026-09-12 00:14:23.244506+09:00 [info] <0.209.0>@supervisor:report_progress/2:1582 Supervisor: {local,riak_core_sup}. Started: id=riak_core_stat_sup,pid=<0.245.0>.
2026-09-12 00:14:23.253800+09:00 [info] <0.209.0>@supervisor:report_progress/2:1582 Supervisor: {local,riak_core_sup}. Started: id=riak_core_node_worker_pool_sup,pid=<0.249.0>.
2026-09-12 00:14:23.418800+09:00 [info] <0.246.0>@supervisor:report_progress/2:1582 Supervisor: {local,riak_core_stats_sup}. Started: id=riak_core_stat,pid=<0.250.0>.
2026-09-12 00:14:23.442256+09:00 [info] <0.213.0>@supervisor:report_progress/2:1582 Supervisor: {local,riak_core_eventhandler_sup}. Started: id={riak_core_ring_events,riak_core_ring_handler},pid=<0.273.0>.
2026-09-12 00:14:23.442502+09:00 [info] <0.239.0>@riak_core_capability:process_capability_changes/2:557 New capability: {riak_core,vnode_routing} = proxy
2026-09-12 00:14:23.453708+09:00 [info] <0.239.0>@riak_core_capability:process_capability_changes/2:557 New capability: {riak_core,staged_joins} = true
2026-09-12 00:14:23.464695+09:00 [info] <0.239.0>@riak_core_capability:process_capability_changes/2:557 New capability: {riak_core,resizable_ring} = true
2026-09-12 00:14:23.476717+09:00 [info] <0.239.0>@riak_core_capability:process_capability_changes/2:557 New capability: {riak_core,fold_req_version} = v2
2026-09-12 00:14:23.481748+09:00 [info] <0.239.0>@riak_core_capability:process_capability_changes/2:557 New capability: {riak_core,security} = true
2026-09-12 00:14:23.487997+09:00 [info] <0.239.0>@riak_core_capability:process_capability_changes/2:557 New capability: {riak_core,bucket_types} = true
2026-09-12 00:14:23.496269+09:00 [info] <0.239.0>@riak_core_capability:process_capability_changes/2:557 New capability: {riak_core,net_ticktime} = true
2026-09-12 00:14:24.203852+09:00 [info] <0.44.0>@application_controller:info_started/2:2130 Application: riak_core. Started at: 'openriak-kv@node-05.cluster-a.openriak'.
2026-09-12 00:14:24.220701+09:00 [info] <0.239.0>@riak_core_capability:process_capability_changes/2:557 New capability: {riak_pipe,trace_format} = ordsets
2026-09-12 00:14:24.234174+09:00 [info] <0.280.0>@supervisor:report_progress/2:1582 Supervisor: {local,riak_pipe_sup}. Started: id=riak_pipe_vnode_master,pid=<0.281.0>.
2026-09-12 00:14:24.238655+09:00 [info] <0.280.0>@supervisor:report_progress/2:1582 Supervisor: {local,riak_pipe_sup}. Started: id=riak_pipe_builder_sup,pid=<0.282.0>.
2026-09-12 00:14:24.243880+09:00 [info] <0.280.0>@supervisor:report_progress/2:1582 Supervisor: {local,riak_pipe_sup}. Started: id=riak_pipe_fitting_sup,pid=<0.283.0>.
2026-09-12 00:14:24.246696+09:00 [info] <0.280.0>@supervisor:report_progress/2:1582 Supervisor: {local,riak_pipe_sup}. Started: id=riak_pipe_qcover_sup,pid=<0.284.0>.
2026-09-12 00:14:24.256480+09:00 [info] <0.235.0>@supervisor:report_progress/2:1582 Supervisor: {local,riak_core_vnode_proxy_sup}. Started: id={riak_pipe_vnode,0},pid=<0.285.0>.
2026-09-12 00:14:24.256689+09:00 [info] <0.235.0>@supervisor:report_progress/2:1582 Supervisor: {local,riak_core_vnode_proxy_sup}. Started: id={riak_pipe_vnode,182687704666362864775460604089535377456991567872},pid=<0.286.0>.
2026-09-12 00:14:24.256892+09:00 [info] <0.235.0>@supervisor:report_progress/2:1582 Supervisor: {local,riak_core_vnode_proxy_sup}. Started: id={riak_pipe_vnode,365375409332725729550921208179070754913983135744},pid=<0.287.0>.
2026-09-12 00:14:24.260262+09:00 [info] <0.235.0>@supervisor:report_progress/2:1582 Supervisor: {local,riak_core_vnode_proxy_sup}. Started: id={riak_pipe_vnode,548063113999088594326381812268606132370974703616},pid=<0.288.0>.
2026-09-12 00:14:24.260477+09:00 [info] <0.235.0>@supervisor:report_progress/2:1582 Supervisor: {local,riak_core_vnode_proxy_sup}. Started: id={riak_pipe_vnode,730750818665451459101842416358141509827966271488},pid=<0.289.0>.
2026-09-12 00:14:24.260622+09:00 [info] <0.235.0>@supervisor:report_progress/2:1582 Supervisor: {local,riak_core_vnode_proxy_sup}. Started: id={riak_pipe_vnode,913438523331814323877303020447676887284957839360},pid=<0.290.0>.
2026-09-12 00:14:24.261080+09:00 [info] <0.235.0>@supervisor:report_progress/2:1582 Supervisor: {local,riak_core_vnode_proxy_sup}. Started: id={riak_pipe_vnode,1096126227998177188652763624537212264741949407232},pid=<0.291.0>.
2026-09-12 00:14:24.265559+09:00 [info] <0.235.0>@supervisor:report_progress/2:1582 Supervisor: {local,riak_core_vnode_proxy_sup}. Started: id={riak_pipe_vnode,1278813932664540053428224228626747642198940975104},pid=<0.292.0>.
2026-09-12 00:14:24.269312+09:00 [info] <0.246.0>@supervisor:report_progress/2:1582 Supervisor: {local,riak_core_stats_sup}. Started: id=riak_pipe_stat,pid=<0.293.0>.
2026-09-12 00:14:24.284422+09:00 [info] <0.44.0>@application_controller:info_started/2:2130 Application: riak_pipe. Started at: 'openriak-kv@node-05.cluster-a.openriak'.
2026-09-12 00:14:24.285282+09:00 [info] <0.44.0>@application_controller:info_started/2:2130 Application: tools. Started at: 'openriak-kv@node-05.cluster-a.openriak'.
2026-09-12 00:14:24.285530+09:00 [info] <0.44.0>@application_controller:info_started/2:2130 Application: riak_pb. Started at: 'openriak-kv@node-05.cluster-a.openriak'.
2026-09-12 00:14:24.317551+09:00 [info] <0.301.0>@supervisor:report_progress/2:1582 Supervisor: {local,riak_api_sup}. Started: id=riak_api_pb_registration_helper,pid=<0.302.0>.
2026-09-12 00:14:24.328737+09:00 [info] <0.301.0>@supervisor:report_progress/2:1582 Supervisor: {local,riak_api_sup}. Started: id=riak_api_pb_registrar,pid=<0.303.0>.
2026-09-12 00:14:24.333141+09:00 [info] <0.301.0>@supervisor:report_progress/2:1582 Supervisor: {local,riak_api_sup}. Started: id=riak_api_pb_sup,pid=<0.304.0>.
2026-09-12 00:14:24.333462+09:00 [info] <0.301.0>@supervisor:report_progress/2:1582 Supervisor: {local,riak_api_sup}. Started: id=[112,98,58,47,47,34,48,46,48,46,48,46,48,34,58,56,48,56,55],pid=<0.305.0>.
2026-09-12 00:14:24.377706+09:00 [info] <0.301.0>@supervisor:report_progress/2:1582 Supervisor: {local,riak_api_sup}. Started: id=[104,116,116,112,58,47,47,48,46,48,46,48,46,48,58,56,48,57,56],pid=<0.308.0>.
2026-09-12 00:14:24.385247+09:00 [info] <0.246.0>@supervisor:report_progress/2:1582 Supervisor: {local,riak_core_stats_sup}. Started: id=riak_api_stat,pid=<0.325.0>.
2026-09-12 00:14:24.393029+09:00 [info] <0.44.0>@application_controller:info_started/2:2130 Application: riak_api. Started at: 'openriak-kv@node-05.cluster-a.openriak'.
2026-09-12 00:14:24.401773+09:00 [info] <0.44.0>@application_controller:info_started/2:2130 Application: sidejob. Started at: 'openriak-kv@node-05.cluster-a.openriak'.
2026-09-12 00:14:24.402049+09:00 [info] <0.44.0>@application_controller:info_started/2:2130 Application: riak_dt. Started at: 'openriak-kv@node-05.cluster-a.openriak'.
2026-09-12 00:14:24.402246+09:00 [info] <0.44.0>@application_controller:info_started/2:2130 Application: sext. Started at: 'openriak-kv@node-05.cluster-a.openriak'.
2026-09-12 00:14:24.402419+09:00 [info] <0.44.0>@application_controller:info_started/2:2130 Application: lz4. Started at: 'openriak-kv@node-05.cluster-a.openriak'.
2026-09-12 00:14:24.407505+09:00 [info] <0.44.0>@application_controller:info_started/2:2130 Application: zstd. Started at: 'openriak-kv@node-05.cluster-a.openriak'.
2026-09-12 00:14:24.407717+09:00 [info] <0.44.0>@application_controller:info_started/2:2130 Application: leveled. Started at: 'openriak-kv@node-05.cluster-a.openriak'.
2026-09-12 00:14:24.407868+09:00 [info] <0.44.0>@application_controller:info_started/2:2130 Application: kv_index_tictactree. Started at: 'openriak-kv@node-05.cluster-a.openriak'.
2026-09-12 00:14:24.408060+09:00 [info] <0.44.0>@application_controller:info_started/2:2130 Application: hyper. Started at: 'openriak-kv@node-05.cluster-a.openriak'.
2026-09-12 00:14:24.408232+09:00 [info] <0.44.0>@application_controller:info_started/2:2130 Application: redbug. Started at: 'openriak-kv@node-05.cluster-a.openriak'.
2026-09-12 00:14:24.408402+09:00 [info] <0.44.0>@application_controller:info_started/2:2130 Application: recon. Started at: 'openriak-kv@node-05.cluster-a.openriak'.
2026-09-12 00:14:24.408550+09:00 [info] <0.44.0>@application_controller:info_started/2:2130 Application: riakc. Started at: 'openriak-kv@node-05.cluster-a.openriak'.
2026-09-12 00:14:24.457328+09:00 [info] <0.344.0>@supervisor:report_progress/2:1582 Supervisor: {local,ibrowse_sup}. Started: id=ibrowse,pid=<0.345.0>.
2026-09-12 00:14:24.457527+09:00 [info] <0.44.0>@application_controller:info_started/2:2130 Application: ibrowse. Started at: 'openriak-kv@node-05.cluster-a.openriak'.
2026-09-12 00:14:24.457764+09:00 [info] <0.44.0>@application_controller:info_started/2:2130 Application: rhc. Started at: 'openriak-kv@node-05.cluster-a.openriak'.
2026-09-12 00:14:24.531113+09:00 [info] <0.353.0>@supervisor:report_progress/2:1582 Supervisor: {local,riak_kv_put_fsm_sj_worker_sup}. Started: id=riak_kv_put_fsm_sj_1,pid=<0.354.0>.
2026-09-12 00:14:24.533749+09:00 [info] <0.353.0>@supervisor:report_progress/2:1582 Supervisor: {local,riak_kv_put_fsm_sj_worker_sup}. Started: id=riak_kv_put_fsm_sj_2,pid=<0.355.0>.
2026-09-12 00:14:24.534006+09:00 [info] <0.353.0>@supervisor:report_progress/2:1582 Supervisor: {local,riak_kv_put_fsm_sj_worker_sup}. Started: id=riak_kv_put_fsm_sj_3,pid=<0.356.0>.
2026-09-12 00:14:24.534184+09:00 [info] <0.353.0>@supervisor:report_progress/2:1582 Supervisor: {local,riak_kv_put_fsm_sj_worker_sup}. Started: id=riak_kv_put_fsm_sj_4,pid=<0.357.0>.
2026-09-12 00:14:24.534254+09:00 [info] <0.352.0>@supervisor:report_progress/2:1582 Supervisor: {local,riak_kv_put_fsm_sj}. Started: id=sidejob_worker_sup,pid=<0.353.0>.
2026-09-12 00:14:24.534357+09:00 [info] <0.352.0>@supervisor:report_progress/2:1582 Supervisor: {local,riak_kv_put_fsm_sj}. Started: id=riak_kv_put_fsm_sj_stats,pid=<0.358.0>.
2026-09-12 00:14:24.534451+09:00 [info] <0.330.0>@supervisor:report_progress/2:1582 Supervisor: {local,sidejob_sup}. Started: id=riak_kv_put_fsm_sj,pid=<0.352.0>.
2026-09-12 00:14:24.541482+09:00 [info] <0.361.0>@supervisor:report_progress/2:1582 Supervisor: {local,riak_kv_get_fsm_sj_worker_sup}. Started: id=riak_kv_get_fsm_sj_1,pid=<0.362.0>.
2026-09-12 00:14:24.541752+09:00 [info] <0.361.0>@supervisor:report_progress/2:1582 Supervisor: {local,riak_kv_get_fsm_sj_worker_sup}. Started: id=riak_kv_get_fsm_sj_2,pid=<0.363.0>.
2026-09-12 00:14:24.541938+09:00 [info] <0.361.0>@supervisor:report_progress/2:1582 Supervisor: {local,riak_kv_get_fsm_sj_worker_sup}. Started: id=riak_kv_get_fsm_sj_3,pid=<0.364.0>.
2026-09-12 00:14:24.542111+09:00 [info] <0.361.0>@supervisor:report_progress/2:1582 Supervisor: {local,riak_kv_get_fsm_sj_worker_sup}. Started: id=riak_kv_get_fsm_sj_4,pid=<0.365.0>.
2026-09-12 00:14:24.542178+09:00 [info] <0.360.0>@supervisor:report_progress/2:1582 Supervisor: {local,riak_kv_get_fsm_sj}. Started: id=sidejob_worker_sup,pid=<0.361.0>.
2026-09-12 00:14:24.542257+09:00 [info] <0.360.0>@supervisor:report_progress/2:1582 Supervisor: {local,riak_kv_get_fsm_sj}. Started: id=riak_kv_get_fsm_sj_stats,pid=<0.366.0>.
2026-09-12 00:14:24.542324+09:00 [info] <0.330.0>@supervisor:report_progress/2:1582 Supervisor: {local,sidejob_sup}. Started: id=riak_kv_get_fsm_sj,pid=<0.360.0>.
2026-09-12 00:14:24.561308+09:00 [info] <0.369.0>@supervisor:report_progress/2:1582 Supervisor: {local,riak_kv_stat_sj_worker_sup}. Started: id=riak_kv_stat_sj_1,pid=<0.370.0>.
2026-09-12 00:14:24.561603+09:00 [info] <0.369.0>@supervisor:report_progress/2:1582 Supervisor: {local,riak_kv_stat_sj_worker_sup}. Started: id=riak_kv_stat_sj_2,pid=<0.371.0>.
2026-09-12 00:14:24.561830+09:00 [info] <0.369.0>@supervisor:report_progress/2:1582 Supervisor: {local,riak_kv_stat_sj_worker_sup}. Started: id=riak_kv_stat_sj_3,pid=<0.372.0>.
2026-09-12 00:14:24.562058+09:00 [info] <0.369.0>@supervisor:report_progress/2:1582 Supervisor: {local,riak_kv_stat_sj_worker_sup}. Started: id=riak_kv_stat_sj_4,pid=<0.373.0>.
2026-09-12 00:14:24.562180+09:00 [info] <0.368.0>@supervisor:report_progress/2:1582 Supervisor: {local,riak_kv_stat_sj}. Started: id=sidejob_worker_sup,pid=<0.369.0>.
2026-09-12 00:14:24.562274+09:00 [info] <0.368.0>@supervisor:report_progress/2:1582 Supervisor: {local,riak_kv_stat_sj}. Started: id=riak_kv_stat_sj_stats,pid=<0.374.0>.
2026-09-12 00:14:24.562360+09:00 [info] <0.330.0>@supervisor:report_progress/2:1582 Supervisor: {local,sidejob_sup}. Started: id=riak_kv_stat_sj,pid=<0.368.0>.
2026-09-12 00:14:24.592704+09:00 [info] <0.350.0>@riak_kv_env:doc_env/0:47 Environment and OS variables:
2026-09-12 00:14:24.727171+09:00 [info] <0.239.0>@riak_core_capability:process_capability_changes/2:557 New capability: {riak_kv,object_hash_version} = 0
2026-09-12 00:14:24.732754+09:00 [info] <0.239.0>@riak_core_capability:process_capability_changes/2:557 New capability: {riak_kv,anti_entropy} = enabled_v1
2026-09-12 00:14:24.742052+09:00 [info] <0.379.0>@riak_core_throttle:enable_throttle/2:121 Enabling throttle for riak_kv/aae_throttle.
2026-09-12 00:14:24.742201+09:00 [info] <0.375.0>@supervisor:report_progress/2:1582 Supervisor: {local,riak_kv_sup}. Started: id=riak_kv_entropy_manager,pid=<0.379.0>.
2026-09-12 00:14:24.767713+09:00 [info] <0.375.0>@supervisor:report_progress/2:1582 Supervisor: {local,riak_kv_sup}. Started: id=riak_kv_ttaaefs_manager,pid=<0.380.0>.
2026-09-12 00:14:24.783712+09:00 [info] <0.375.0>@supervisor:report_progress/2:1582 Supervisor: {local,riak_kv_sup}. Started: id=riak_kv_replrtq_src,pid=<0.381.0>.
2026-09-12 00:14:24.787891+09:00 [info] <0.375.0>@supervisor:report_progress/2:1582 Supervisor: {local,riak_kv_sup}. Started: id=riak_kv_replrtq_snk,pid=<0.382.0>.
2026-09-12 00:14:24.792439+09:00 [info] <0.375.0>@supervisor:report_progress/2:1582 Supervisor: {local,riak_kv_sup}. Started: id=riak_kv_replrtq_peer,pid=<0.383.0>.
2026-09-12 00:14:24.802014+09:00 [info] <0.375.0>@supervisor:report_progress/2:1582 Supervisor: {local,riak_kv_sup}. Started: id=riak_kv_reaper,pid=<0.384.0>.
2026-09-12 00:14:24.808522+09:00 [info] <0.375.0>@supervisor:report_progress/2:1582 Supervisor: {local,riak_kv_sup}. Started: id=riak_kv_eraser,pid=<0.385.0>.
2026-09-12 00:14:24.812571+09:00 [info] <0.375.0>@supervisor:report_progress/2:1582 Supervisor: {local,riak_kv_sup}. Started: id=riak_kv_reader,pid=<0.386.0>.
2026-09-12 00:14:24.816814+09:00 [info] <0.375.0>@supervisor:report_progress/2:1582 Supervisor: {local,riak_kv_sup}. Started: id=riak_kv_token_manager,pid=<0.387.0>.
2026-09-12 00:14:24.816980+09:00 [info] <0.375.0>@supervisor:report_progress/2:1582 Supervisor: {local,riak_kv_sup}. Started: id=riak_kv_vnode_master,pid=<0.388.0>.
2026-09-12 00:14:24.817088+09:00 [info] <0.388.0>@riak_core:wait_for_service/2:498 Waiting for service riak_kv to start (0 seconds)
2026-09-12 00:14:24.826866+09:00 [info] <0.389.0>@supervisor:report_progress/2:1582 Supervisor: {local,riak_kv_w1c_sup}. Started: id=riak_kv_w1c_worker00,pid=<0.390.0>.
2026-09-12 00:14:24.827123+09:00 [info] <0.389.0>@supervisor:report_progress/2:1582 Supervisor: {local,riak_kv_w1c_sup}. Started: id=riak_kv_w1c_worker01,pid=<0.391.0>.
2026-09-12 00:14:24.827271+09:00 [info] <0.389.0>@supervisor:report_progress/2:1582 Supervisor: {local,riak_kv_w1c_sup}. Started: id=riak_kv_w1c_worker02,pid=<0.392.0>.
2026-09-12 00:14:24.827407+09:00 [info] <0.389.0>@supervisor:report_progress/2:1582 Supervisor: {local,riak_kv_w1c_sup}. Started: id=riak_kv_w1c_worker03,pid=<0.393.0>.
2026-09-12 00:14:24.827576+09:00 [info] <0.389.0>@supervisor:report_progress/2:1582 Supervisor: {local,riak_kv_w1c_sup}. Started: id=riak_kv_w1c_worker04,pid=<0.394.0>.
2026-09-12 00:14:24.827707+09:00 [info] <0.389.0>@supervisor:report_progress/2:1582 Supervisor: {local,riak_kv_w1c_sup}. Started: id=riak_kv_w1c_worker05,pid=<0.395.0>.
2026-09-12 00:14:24.827805+09:00 [info] <0.389.0>@supervisor:report_progress/2:1582 Supervisor: {local,riak_kv_w1c_sup}. Started: id=riak_kv_w1c_worker06,pid=<0.396.0>.
2026-09-12 00:14:24.829432+09:00 [info] <0.389.0>@supervisor:report_progress/2:1582 Supervisor: {local,riak_kv_w1c_sup}. Started: id=riak_kv_w1c_worker07,pid=<0.397.0>.
2026-09-12 00:14:24.829579+09:00 [info] <0.375.0>@supervisor:report_progress/2:1582 Supervisor: {local,riak_kv_sup}. Started: id=riak_kv_w1c_sup,pid=<0.389.0>.
2026-09-12 00:14:24.832341+09:00 [info] <0.375.0>@supervisor:report_progress/2:1582 Supervisor: {local,riak_kv_sup}. Started: id=riak_kv_delete_sup,pid=<0.398.0>.
2026-09-12 00:14:24.835386+09:00 [info] <0.375.0>@supervisor:report_progress/2:1582 Supervisor: {local,riak_kv_sup}. Started: id=riak_kv_mrc_sink_sup,pid=<0.399.0>.
2026-09-12 00:14:24.838974+09:00 [info] <0.375.0>@supervisor:report_progress/2:1582 Supervisor: {local,riak_kv_sup}. Started: id=riak_kv_buckets_fsm_sup,pid=<0.400.0>.
2026-09-12 00:14:24.842139+09:00 [info] <0.375.0>@supervisor:report_progress/2:1582 Supervisor: {local,riak_kv_sup}. Started: id=riak_kv_keys_fsm_sup,pid=<0.401.0>.
2026-09-12 00:14:24.845786+09:00 [info] <0.375.0>@supervisor:report_progress/2:1582 Supervisor: {local,riak_kv_sup}. Started: id=riak_kv_index_fsm_sup,pid=<0.402.0>.
2026-09-12 00:14:24.849268+09:00 [info] <0.375.0>@supervisor:report_progress/2:1582 Supervisor: {local,riak_kv_sup}. Started: id=riak_kv_query_sup,pid=<0.403.0>.
2026-09-12 00:14:24.853330+09:00 [info] <0.375.0>@supervisor:report_progress/2:1582 Supervisor: {local,riak_kv_sup}. Started: id=riak_kv_clusteraae_fsm_sup,pid=<0.404.0>.
2026-09-12 00:14:24.857870+09:00 [info] <0.375.0>@supervisor:report_progress/2:1582 Supervisor: {local,riak_kv_sup}. Started: id=riak_kv_hotbackup_fsm_sup,pid=<0.405.0>.
2026-09-12 00:14:24.861847+09:00 [info] <0.375.0>@supervisor:report_progress/2:1582 Supervisor: {local,riak_kv_sup}. Started: id=riak_kv_http_cache,pid=<0.406.0>.
2026-09-12 00:14:24.862043+09:00 [info] <0.239.0>@riak_core_capability:process_capability_changes/2:557 New capability: {riak_kv,vnode_vclocks} = true
2026-09-12 00:14:24.865215+09:00 [info] <0.239.0>@riak_core_capability:process_capability_changes/2:557 New capability: {riak_kv,legacy_keylisting} = false
2026-09-12 00:14:24.869021+09:00 [info] <0.239.0>@riak_core_capability:process_capability_changes/2:557 New capability: {riak_kv,listkeys_backpressure} = true
2026-09-12 00:14:24.871031+09:00 [info] <0.239.0>@riak_core_capability:process_capability_changes/2:557 New capability: {riak_kv,index_backpressure} = true
2026-09-12 00:14:24.873702+09:00 [info] <0.239.0>@riak_core_capability:process_capability_changes/2:557 New capability: {riak_kv,mapred_system} = pipe
2026-09-12 00:14:24.876848+09:00 [info] <0.239.0>@riak_core_capability:process_capability_changes/2:557 New capability: {riak_kv,mapred_2i_pipe} = true
2026-09-12 00:14:24.878900+09:00 [info] <0.239.0>@riak_core_capability:process_capability_changes/2:557 New capability: {riak_kv,handoff_data_encoding} = encode_raw
2026-09-12 00:14:24.881071+09:00 [info] <0.239.0>@riak_core_capability:process_capability_changes/2:557 New capability: {riak_kv,object_format} = v1
2026-09-12 00:14:24.883342+09:00 [info] <0.239.0>@riak_core_capability:process_capability_changes/2:557 New capability: {riak_kv,secondary_index_version} = v3
2026-09-12 00:14:24.886482+09:00 [info] <0.239.0>@riak_core_capability:process_capability_changes/2:557 New capability: {riak_kv,vclock_data_encoding} = encode_zlib
2026-09-12 00:14:24.889385+09:00 [info] <0.239.0>@riak_core_capability:process_capability_changes/2:557 New capability: {riak_kv,crdt} = [pncounter,riak_dt_pncounter,riak_dt_orswot,riak_dt_map,riak_kv_hll,riak_dt_gset]
2026-09-12 00:14:24.892102+09:00 [info] <0.239.0>@riak_core_capability:process_capability_changes/2:557 New capability: {riak_kv,crdt_epoch_versions} = [{riak_dt_map,2},{riak_dt_orswot,2},{riak_dt_pncounter,2},{riak_kv_hll,1},{riak_dt_gset,2}]
2026-09-12 00:14:24.894293+09:00 [info] <0.239.0>@riak_core_capability:process_capability_changes/2:557 New capability: {riak_kv,put_fsm_ack_execute} = enabled
2026-09-12 00:14:24.896761+09:00 [info] <0.239.0>@riak_core_capability:process_capability_changes/2:557 New capability: {riak_kv,get_request_type} = head
2026-09-12 00:14:24.898589+09:00 [info] <0.239.0>@riak_core_capability:process_capability_changes/2:557 New capability: {riak_kv,put_soft_limit} = true
2026-09-12 00:14:24.901053+09:00 [info] <0.239.0>@riak_core_capability:process_capability_changes/2:557 New capability: {riak_kv,tictacaae_prompted_repairs} = true
2026-09-12 00:14:24.903474+09:00 [info] <0.235.0>@supervisor:report_progress/2:1582 Supervisor: {local,riak_core_vnode_proxy_sup}. Started: id={riak_kv_vnode,0},pid=<0.407.0>.
2026-09-12 00:14:24.903639+09:00 [info] <0.235.0>@supervisor:report_progress/2:1582 Supervisor: {local,riak_core_vnode_proxy_sup}. Started: id={riak_kv_vnode,182687704666362864775460604089535377456991567872},pid=<0.408.0>.
2026-09-12 00:14:24.903752+09:00 [info] <0.235.0>@supervisor:report_progress/2:1582 Supervisor: {local,riak_core_vnode_proxy_sup}. Started: id={riak_kv_vnode,365375409332725729550921208179070754913983135744},pid=<0.409.0>.
2026-09-12 00:14:24.903851+09:00 [info] <0.235.0>@supervisor:report_progress/2:1582 Supervisor: {local,riak_core_vnode_proxy_sup}. Started: id={riak_kv_vnode,548063113999088594326381812268606132370974703616},pid=<0.410.0>.
2026-09-12 00:14:24.903945+09:00 [info] <0.235.0>@supervisor:report_progress/2:1582 Supervisor: {local,riak_core_vnode_proxy_sup}. Started: id={riak_kv_vnode,730750818665451459101842416358141509827966271488},pid=<0.411.0>.
2026-09-12 00:14:24.904029+09:00 [info] <0.235.0>@supervisor:report_progress/2:1582 Supervisor: {local,riak_core_vnode_proxy_sup}. Started: id={riak_kv_vnode,913438523331814323877303020447676887284957839360},pid=<0.412.0>.
2026-09-12 00:14:24.904117+09:00 [info] <0.235.0>@supervisor:report_progress/2:1582 Supervisor: {local,riak_core_vnode_proxy_sup}. Started: id={riak_kv_vnode,1096126227998177188652763624537212264741949407232},pid=<0.413.0>.
2026-09-12 00:14:24.904204+09:00 [info] <0.235.0>@supervisor:report_progress/2:1582 Supervisor: {local,riak_core_vnode_proxy_sup}. Started: id={riak_kv_vnode,1278813932664540053428224228626747642198940975104},pid=<0.414.0>.
2026-09-12 00:14:24.930115+09:00 [info] <0.246.0>@supervisor:report_progress/2:1582 Supervisor: {local,riak_core_stats_sup}. Started: id=riak_kv_stat,pid=<0.415.0>.
2026-09-12 00:14:25.058541+09:00 [info] <0.249.0>@riak_core_node_worker_pool:start_link/5:85 Registered worker pool of type af1_pool and size 2
2026-09-12 00:14:25.058668+09:00 [info] <0.249.0>@supervisor:report_progress/2:1582 Supervisor: {local,riak_core_node_worker_pool_sup}. Started: id=af1_pool,pid=<0.557.0>.
2026-09-12 00:14:25.060368+09:00 [info] <0.249.0>@riak_core_node_worker_pool:start_link/5:85 Registered worker pool of type af2_pool and size 1
2026-09-12 00:14:25.060481+09:00 [info] <0.249.0>@supervisor:report_progress/2:1582 Supervisor: {local,riak_core_node_worker_pool_sup}. Started: id=af2_pool,pid=<0.562.0>.
2026-09-12 00:14:25.060704+09:00 [info] <0.249.0>@riak_core_node_worker_pool:start_link/5:85 Registered worker pool of type af3_pool and size 4
2026-09-12 00:14:25.060778+09:00 [info] <0.249.0>@supervisor:report_progress/2:1582 Supervisor: {local,riak_core_node_worker_pool_sup}. Started: id=af3_pool,pid=<0.566.0>.
2026-09-12 00:14:25.060991+09:00 [info] <0.249.0>@riak_core_node_worker_pool:start_link/5:85 Registered worker pool of type af4_pool and size 1
2026-09-12 00:14:25.061063+09:00 [info] <0.249.0>@supervisor:report_progress/2:1582 Supervisor: {local,riak_core_node_worker_pool_sup}. Started: id=af4_pool,pid=<0.573.0>.
2026-09-12 00:14:25.061200+09:00 [info] <0.249.0>@riak_core_node_worker_pool:start_link/5:85 Registered worker pool of type be_pool and size 1
2026-09-12 00:14:25.061267+09:00 [info] <0.249.0>@supervisor:report_progress/2:1582 Supervisor: {local,riak_core_node_worker_pool_sup}. Started: id=be_pool,pid=<0.577.0>.
2026-09-12 00:14:25.116766+09:00 [info] <0.44.0>@application_controller:info_started/2:2130 Application: riak_kv. Started at: 'openriak-kv@node-05.cluster-a.openriak'.
2026-09-12 00:14:25.116983+09:00 [info] <0.44.0>@application_controller:info_started/2:2130 Application: ebloom. Started at: 'openriak-kv@node-05.cluster-a.openriak'.
2026-09-12 00:14:25.117183+09:00 [info] <0.44.0>@application_controller:info_started/2:2130 Application: bear. Started at: 'openriak-kv@node-05.cluster-a.openriak'.
2026-09-12 00:14:25.135102+09:00 [info] <0.586.0>@supervisor:report_progress/2:1582 Supervisor: {local,folsom_sup}. Started: id=folsom_sample_slide_sup,pid=<0.587.0>.
2026-09-12 00:14:25.139315+09:00 [info] <0.586.0>@supervisor:report_progress/2:1582 Supervisor: {local,folsom_sup}. Started: id=folsom_meter_timer_server,pid=<0.588.0>.
2026-09-12 00:14:25.143386+09:00 [info] <0.586.0>@supervisor:report_progress/2:1582 Supervisor: {local,folsom_sup}. Started: id=folsom_metrics_histogram_ets,pid=<0.589.0>.
2026-09-12 00:14:25.148071+09:00 [info] <0.586.0>@supervisor:report_progress/2:1582 Supervisor: {local,folsom_sup}. Started: id=folsom_metrics_spiral,pid=<0.590.0>.
2026-09-12 00:14:25.152220+09:00 [info] <0.586.0>@supervisor:report_progress/2:1582 Supervisor: {local,folsom_sup}. Started: id=folsom_metrics_history,pid=<0.591.0>.
2026-09-12 00:14:25.160949+09:00 [info] <0.586.0>@supervisor:report_progress/2:1582 Supervisor: {local,folsom_sup}. Started: id=folsom_metrics_histogram,pid=<0.592.0>.
2026-09-12 00:14:25.164448+09:00 [info] <0.586.0>@supervisor:report_progress/2:1582 Supervisor: {local,folsom_sup}. Started: id=folsom_metrics_duration,pid=<0.593.0>.
2026-09-12 00:14:25.175621+09:00 [info] <0.586.0>@supervisor:report_progress/2:1582 Supervisor: {local,folsom_sup}. Started: id=folsom_metrics_counter,pid=<0.594.0>.
2026-09-12 00:14:25.181292+09:00 [info] <0.586.0>@supervisor:report_progress/2:1582 Supervisor: {local,folsom_sup}. Started: id=folsom_metrics_gauge,pid=<0.595.0>.
2026-09-12 00:14:25.196724+09:00 [info] <0.586.0>@supervisor:report_progress/2:1582 Supervisor: {local,folsom_sup}. Started: id=folsom_metrics_meter,pid=<0.596.0>.
2026-09-12 00:14:25.208954+09:00 [info] <0.586.0>@supervisor:report_progress/2:1582 Supervisor: {local,folsom_sup}. Started: id=folsom_metrics_meter_reader,pid=<0.597.0>.
2026-09-12 00:14:25.209138+09:00 [info] <0.44.0>@application_controller:info_started/2:2130 Application: folsom. Started at: 'openriak-kv@node-05.cluster-a.openriak'.
2026-09-12 00:14:25.232787+09:00 [info] <0.601.0>@supervisor:report_progress/2:1582 Supervisor: {local,ranch_sup}. Started: id=ranch_server,pid=<0.602.0>.
2026-09-12 00:14:25.233914+09:00 [info] <0.44.0>@application_controller:info_started/2:2130 Application: ranch. Started at: 'openriak-kv@node-05.cluster-a.openriak'.
2026-09-12 00:14:25.249202+09:00 [info] <0.605.0>@riak_core:wait_for_service/2:498 Waiting for service riak_kv to start (0 seconds)
2026-09-12 00:14:33.153716+09:00 [info] <0.238.0>@riak_core_vnode_manager:update_never_started/4:1026 Update never started for Mod riak_kv_vnode with count 8 to be added to 0
2026-09-12 00:14:33.153832+09:00 [info] <0.238.0>@riak_core_vnode_manager:update_never_started/4:1026 Update never started for Mod riak_pipe_vnode with count 8 to be added to 8
2026-09-12 00:14:33.154217+09:00 [info] <0.699.0>@riak_core_vnode_manager:get_vnode/3:733 Will start VNode for partition 0 riak_pipe_vnode
2026-09-12 00:14:33.224715+09:00 [info] <0.699.0>@riak_core_vnode_manager:get_vnode/3:743 VNode initialization ready <0.700.0> 0 riak_pipe_vnode
2026-09-12 00:14:33.226771+09:00 [info] <0.702.0>@riak_core_vnode_manager:get_vnode/3:733 Will start VNode for partition 0 riak_kv_vnode
2026-09-12 00:14:33.226894+09:00 [info] <0.703.0>@riak_core_vnode_manager:get_vnode/3:733 Will start VNode for partition 182687704666362864775460604089535377456991567872 riak_kv_vnode
2026-09-12 00:14:33.227013+09:00 [info] <0.704.0>@riak_core_vnode_manager:get_vnode/3:733 Will start VNode for partition 365375409332725729550921208179070754913983135744 riak_kv_vnode
2026-09-12 00:14:33.227071+09:00 [info] <0.705.0>@riak_core_vnode_manager:get_vnode/3:733 Will start VNode for partition 548063113999088594326381812268606132370974703616 riak_kv_vnode
2026-09-12 00:14:33.227088+09:00 [info] <0.706.0>@riak_core_vnode_manager:get_vnode/3:733 Will start VNode for partition 730750818665451459101842416358141509827966271488 riak_kv_vnode
2026-09-12 00:14:33.227100+09:00 [info] <0.707.0>@riak_core_vnode_manager:get_vnode/3:733 Will start VNode for partition 913438523331814323877303020447676887284957839360 riak_kv_vnode
2026-09-12 00:14:33.227110+09:00 [info] <0.708.0>@riak_core_vnode_manager:get_vnode/3:733 Will start VNode for partition 1096126227998177188652763624537212264741949407232 riak_kv_vnode
2026-09-12 00:14:33.227121+09:00 [info] <0.709.0>@riak_core_vnode_manager:get_vnode/3:733 Will start VNode for partition 1278813932664540053428224228626747642198940975104 riak_kv_vnode
2026-09-12 00:14:33.395146+09:00 [info] <0.754.0>@leveled_inker:open_all_manifest/2:1269 log_ref=i0011 db_id=3 Manifest is empty, starting from manifest SQN 1
2026-09-12 00:14:33.395254+09:00 [info] <0.759.0>@leveled_inker:open_all_manifest/2:1269 log_ref=i0011 db_id=7 Manifest is empty, starting from manifest SQN 1
2026-09-12 00:14:33.395327+09:00 [info] <0.757.0>@leveled_inker:open_all_manifest/2:1269 log_ref=i0011 db_id=6 Manifest is empty, starting from manifest SQN 1
2026-09-12 00:14:33.395390+09:00 [info] <0.753.0>@leveled_inker:open_all_manifest/2:1269 log_ref=i0011 db_id=5 Manifest is empty, starting from manifest SQN 1
2026-09-12 00:14:33.394855+09:00 [info] <0.755.0>@leveled_inker:open_all_manifest/2:1269 log_ref=i0011 db_id=4 Manifest is empty, starting from manifest SQN 1
2026-09-12 00:14:33.394941+09:00 [info] <0.758.0>@leveled_inker:open_all_manifest/2:1269 log_ref=i0011 db_id=2 Manifest is empty, starting from manifest SQN 1
2026-09-12 00:14:33.395500+09:00 [info] <0.756.0>@leveled_inker:open_all_manifest/2:1269 log_ref=i0011 db_id=0 Manifest is empty, starting from manifest SQN 1
2026-09-12 00:14:33.394985+09:00 [info] <0.752.0>@leveled_inker:open_all_manifest/2:1269 log_ref=i0011 db_id=1 Manifest is empty, starting from manifest SQN 1
2026-09-12 00:14:33.462904+09:00 [info] <0.769.0>@leveled_cdb:starting/3:479 log_ref=cdb01 db_id=1 Opening file for writing with filename /var/lib/riak/leveled/182687704666362864775460604089535377456991567872/journal/journal_files/0_9e961fbb-bf21-4984-8e01-bc851c70d13e.pnd
2026-09-12 00:14:33.463593+09:00 [info] <0.772.0>@leveled_cdb:starting/3:479 log_ref=cdb01 db_id=2 Opening file for writing with filename /var/lib/riak/leveled/365375409332725729550921208179070754913983135744/journal/journal_files/0_2424b438-2746-409d-b09d-c3ca581b6c83.pnd
2026-09-12 00:14:33.463604+09:00 [info] <0.773.0>@leveled_cdb:starting/3:479 log_ref=cdb01 db_id=4 Opening file for writing with filename /var/lib/riak/leveled/730750818665451459101842416358141509827966271488/journal/journal_files/0_7b07f1c6-4fce-4767-abb5-58665a1f7aed.pnd
2026-09-12 00:14:33.463613+09:00 [info] <0.774.0>@leveled_cdb:starting/3:479 log_ref=cdb01 db_id=5 Opening file for writing with filename /var/lib/riak/leveled/913438523331814323877303020447676887284957839360/journal/journal_files/0_f9ffc843-a1fb-438d-b547-8a06dfec57dd.pnd
2026-09-12 00:14:33.463569+09:00 [info] <0.771.0>@leveled_cdb:starting/3:479 log_ref=cdb01 db_id=0 Opening file for writing with filename /var/lib/riak/leveled/0/journal/journal_files/0_4edd022e-d841-44d1-84e6-d4f70f61d7a2.pnd
2026-09-12 00:14:33.463623+09:00 [info] <0.775.0>@leveled_cdb:starting/3:479 log_ref=cdb01 db_id=6 Opening file for writing with filename /var/lib/riak/leveled/1096126227998177188652763624537212264741949407232/journal/journal_files/0_92478b56-4c63-4525-9cbb-8cd477856886.pnd
2026-09-12 00:14:33.463633+09:00 [info] <0.776.0>@leveled_cdb:starting/3:479 log_ref=cdb01 db_id=7 Opening file for writing with filename /var/lib/riak/leveled/1278813932664540053428224228626747642198940975104/journal/journal_files/0_f9bb9326-a588-444f-bd3d-65cba0f64220.pnd
2026-09-12 00:14:33.463648+09:00 [info] <0.770.0>@leveled_cdb:starting/3:479 log_ref=cdb01 db_id=3 Opening file for writing with filename /var/lib/riak/leveled/548063113999088594326381812268606132370974703616/journal/journal_files/0_972c724a-5d75-4825-a46e-37cd51fbe45d.pnd
2026-09-12 00:14:33.470325+09:00 [info] <0.756.0>@leveled_inker:build_manifest/3:1238 log_ref=i0009 db_id=0 Updated manifest on startup:
2026-09-12 00:14:33.470676+09:00 [info] <0.759.0>@leveled_inker:build_manifest/3:1238 log_ref=i0009 db_id=7 Updated manifest on startup:
2026-09-12 00:14:33.470595+09:00 [info] <0.757.0>@leveled_inker:build_manifest/3:1238 log_ref=i0009 db_id=6 Updated manifest on startup:
2026-09-12 00:14:33.470740+09:00 [info] <0.755.0>@leveled_inker:build_manifest/3:1238 log_ref=i0009 db_id=4 Updated manifest on startup:
2026-09-12 00:14:33.471546+09:00 [info] <0.752.0>@leveled_inker:build_manifest/3:1238 log_ref=i0009 db_id=1 Updated manifest on startup:
2026-09-12 00:14:33.471768+09:00 [info] <0.754.0>@leveled_inker:build_manifest/3:1238 log_ref=i0009 db_id=3 Updated manifest on startup:
2026-09-12 00:14:33.471967+09:00 [info] <0.759.0>@leveled_imanifest:writer/3:187 log_ref=i0016 db_id=7 Writing new version of manifest for manifestSQN=2
2026-09-12 00:14:33.472108+09:00 [info] <0.757.0>@leveled_imanifest:writer/3:187 log_ref=i0016 db_id=6 Writing new version of manifest for manifestSQN=2
2026-09-12 00:14:33.472231+09:00 [info] <0.752.0>@leveled_imanifest:writer/3:187 log_ref=i0016 db_id=1 Writing new version of manifest for manifestSQN=2
2026-09-12 00:14:33.472367+09:00 [info] <0.754.0>@leveled_imanifest:writer/3:187 log_ref=i0016 db_id=3 Writing new version of manifest for manifestSQN=2
2026-09-12 00:14:33.472586+09:00 [info] <0.756.0>@leveled_imanifest:writer/3:187 log_ref=i0016 db_id=0 Writing new version of manifest for manifestSQN=2
2026-09-12 00:14:33.472676+09:00 [info] <0.755.0>@leveled_imanifest:writer/3:187 log_ref=i0016 db_id=4 Writing new version of manifest for manifestSQN=2
2026-09-12 00:14:33.472695+09:00 [info] <0.753.0>@leveled_inker:build_manifest/3:1238 log_ref=i0009 db_id=5 Updated manifest on startup:
2026-09-12 00:14:33.475295+09:00 [info] <0.753.0>@leveled_imanifest:writer/3:187 log_ref=i0016 db_id=5 Writing new version of manifest for manifestSQN=2
2026-09-12 00:14:33.476194+09:00 [info] <0.758.0>@leveled_inker:build_manifest/3:1238 log_ref=i0009 db_id=2 Updated manifest on startup:
2026-09-12 00:14:33.477288+09:00 [info] <0.758.0>@leveled_imanifest:writer/3:187 log_ref=i0016 db_id=2 Writing new version of manifest for manifestSQN=2
2026-09-12 00:14:33.499349+09:00 [info] <0.782.0>@leveled_pclerk:clerk_new/3:78 log_ref=pc001 db_id=5 Penciller's clerk <0.785.0> started with owner <0.782.0>
2026-09-12 00:14:33.499563+09:00 [info] <0.779.0>@leveled_pclerk:clerk_new/3:78 log_ref=pc001 db_id=4 Penciller's clerk <0.787.0> started with owner <0.779.0>
2026-09-12 00:14:33.499654+09:00 [info] <0.783.0>@leveled_pclerk:clerk_new/3:78 log_ref=pc001 db_id=6 Penciller's clerk <0.788.0> started with owner <0.783.0>
2026-09-12 00:14:33.499361+09:00 [info] <0.781.0>@leveled_pclerk:clerk_new/3:78 log_ref=pc001 db_id=0 Penciller's clerk <0.789.0> started with owner <0.781.0>
2026-09-12 00:14:33.499857+09:00 [info] <0.780.0>@leveled_pclerk:clerk_new/3:78 log_ref=pc001 db_id=3 Penciller's clerk <0.790.0> started with owner <0.780.0>
2026-09-12 00:14:33.499936+09:00 [info] <0.778.0>@leveled_pclerk:clerk_new/3:78 log_ref=pc001 db_id=7 Penciller's clerk <0.792.0> started with owner <0.778.0>
2026-09-12 00:14:33.499988+09:00 [info] <0.784.0>@leveled_pclerk:clerk_new/3:78 log_ref=pc001 db_id=2 Penciller's clerk <0.786.0> started with owner <0.784.0>
2026-09-12 00:14:33.500112+09:00 [info] <0.777.0>@leveled_pclerk:clerk_new/3:78 log_ref=pc001 db_id=1 Penciller's clerk <0.791.0> started with owner <0.777.0>
2026-09-12 00:14:33.510451+09:00 [info] <0.784.0>@leveled_pmanifest:open_manifestfile/2:1180 log_ref=p0013 db_id=2 Seqence number of 0 indicates no valid manifest
2026-09-12 00:14:33.511144+09:00 [info] <0.778.0>@leveled_pmanifest:open_manifestfile/2:1180 log_ref=p0013 db_id=7 Seqence number of 0 indicates no valid manifest
2026-09-12 00:14:33.512458+09:00 [info] <0.780.0>@leveled_pmanifest:open_manifestfile/2:1180 log_ref=p0013 db_id=3 Seqence number of 0 indicates no valid manifest
2026-09-12 00:14:33.512603+09:00 [info] <0.782.0>@leveled_pmanifest:open_manifestfile/2:1180 log_ref=p0013 db_id=5 Seqence number of 0 indicates no valid manifest
2026-09-12 00:14:33.518863+09:00 [info] <0.782.0>@leveled_penciller:start_from_file/1:1508 log_ref=p0014 db_id=5 Maximum sequence number of 0 found in nonzero levels
2026-09-12 00:14:33.518946+09:00 [info] <0.780.0>@leveled_penciller:start_from_file/1:1508 log_ref=p0014 db_id=3 Maximum sequence number of 0 found in nonzero levels
2026-09-12 00:14:33.519012+09:00 [info] <0.782.0>@leveled_penciller:start_from_file/1:1510 log_ref=p0035 db_id=5 Startup with Manifest SQN of 0
2026-09-12 00:14:33.519024+09:00 [info] <0.780.0>@leveled_penciller:start_from_file/1:1510 log_ref=p0035 db_id=3 Startup with Manifest SQN of 0
2026-09-12 00:14:33.519208+09:00 [info] <0.784.0>@leveled_penciller:start_from_file/1:1508 log_ref=p0014 db_id=2 Maximum sequence number of 0 found in nonzero levels
2026-09-12 00:14:33.519278+09:00 [info] <0.784.0>@leveled_penciller:start_from_file/1:1510 log_ref=p0035 db_id=2 Startup with Manifest SQN of 0
2026-09-12 00:14:33.519393+09:00 [info] <0.778.0>@leveled_penciller:start_from_file/1:1508 log_ref=p0014 db_id=7 Maximum sequence number of 0 found in nonzero levels
2026-09-12 00:14:33.519472+09:00 [info] <0.778.0>@leveled_penciller:start_from_file/1:1510 log_ref=p0035 db_id=7 Startup with Manifest SQN of 0
2026-09-12 00:14:33.519801+09:00 [info] <0.779.0>@leveled_pmanifest:open_manifestfile/2:1180 log_ref=p0013 db_id=4 Seqence number of 0 indicates no valid manifest
2026-09-12 00:14:33.519885+09:00 [info] <0.779.0>@leveled_penciller:start_from_file/1:1508 log_ref=p0014 db_id=4 Maximum sequence number of 0 found in nonzero levels
2026-09-12 00:14:33.519982+09:00 [info] <0.779.0>@leveled_penciller:start_from_file/1:1510 log_ref=p0035 db_id=4 Startup with Manifest SQN of 0
2026-09-12 00:14:33.520197+09:00 [info] <0.783.0>@leveled_pmanifest:open_manifestfile/2:1180 log_ref=p0013 db_id=6 Seqence number of 0 indicates no valid manifest
2026-09-12 00:14:33.520268+09:00 [info] <0.783.0>@leveled_penciller:start_from_file/1:1508 log_ref=p0014 db_id=6 Maximum sequence number of 0 found in nonzero levels
2026-09-12 00:14:33.520345+09:00 [info] <0.783.0>@leveled_penciller:start_from_file/1:1510 log_ref=p0035 db_id=6 Startup with Manifest SQN of 0
2026-09-12 00:14:33.521270+09:00 [info] <0.777.0>@leveled_pmanifest:open_manifestfile/2:1180 log_ref=p0013 db_id=1 Seqence number of 0 indicates no valid manifest
2026-09-12 00:14:33.521745+09:00 [info] <0.777.0>@leveled_penciller:start_from_file/1:1508 log_ref=p0014 db_id=1 Maximum sequence number of 0 found in nonzero levels
2026-09-12 00:14:33.522310+09:00 [info] <0.777.0>@leveled_penciller:start_from_file/1:1510 log_ref=p0035 db_id=1 Startup with Manifest SQN of 0
2026-09-12 00:14:33.524072+09:00 [info] <0.781.0>@leveled_pmanifest:open_manifestfile/2:1180 log_ref=p0013 db_id=0 Seqence number of 0 indicates no valid manifest
2026-09-12 00:14:33.524173+09:00 [info] <0.781.0>@leveled_penciller:start_from_file/1:1508 log_ref=p0014 db_id=0 Maximum sequence number of 0 found in nonzero levels
2026-09-12 00:14:33.524288+09:00 [info] <0.781.0>@leveled_penciller:start_from_file/1:1510 log_ref=p0035 db_id=0 Startup with Manifest SQN of 0
2026-09-12 00:14:33.526195+09:00 [info] <0.782.0>@leveled_penciller:start_from_file/1:1538 log_ref=p0017 db_id=5 No L0 file found
2026-09-12 00:14:33.527018+09:00 [info] <0.780.0>@leveled_penciller:start_from_file/1:1538 log_ref=p0017 db_id=3 No L0 file found
2026-09-12 00:14:33.527442+09:00 [info] <0.784.0>@leveled_penciller:start_from_file/1:1538 log_ref=p0017 db_id=2 No L0 file found
2026-09-12 00:14:33.528859+09:00 [info] <0.778.0>@leveled_penciller:start_from_file/1:1538 log_ref=p0017 db_id=7 No L0 file found
2026-09-12 00:14:33.530786+09:00 [info] <0.779.0>@leveled_penciller:start_from_file/1:1538 log_ref=p0017 db_id=4 No L0 file found
2026-09-12 00:14:33.531355+09:00 [info] <0.783.0>@leveled_penciller:start_from_file/1:1538 log_ref=p0017 db_id=6 No L0 file found
2026-09-12 00:14:33.531963+09:00 [info] <0.777.0>@leveled_penciller:start_from_file/1:1538 log_ref=p0017 db_id=1 No L0 file found
2026-09-12 00:14:33.533068+09:00 [info] <0.736.0>@leveled_bookie:startup/2:1993 log_ref=b0005 db_id=5 LedgerSQN=0 at startup
2026-09-12 00:14:33.533040+09:00 [info] <0.737.0>@leveled_bookie:startup/2:1993 log_ref=b0005 db_id=3 LedgerSQN=0 at startup
2026-09-12 00:14:33.533821+09:00 [info] <0.742.0>@leveled_bookie:startup/2:1993 log_ref=b0005 db_id=7 LedgerSQN=0 at startup
2026-09-12 00:14:33.535803+09:00 [info] <0.739.0>@leveled_bookie:startup/2:1993 log_ref=b0005 db_id=2 LedgerSQN=0 at startup
2026-09-12 00:14:33.536138+09:00 [info] <0.781.0>@leveled_penciller:start_from_file/1:1538 log_ref=p0017 db_id=0 No L0 file found
2026-09-12 00:14:33.536211+09:00 [info] <0.738.0>@leveled_bookie:startup/2:1993 log_ref=b0005 db_id=4 LedgerSQN=0 at startup
2026-09-12 00:14:33.536327+09:00 [info] <0.741.0>@leveled_bookie:startup/2:1993 log_ref=b0005 db_id=6 LedgerSQN=0 at startup
2026-09-12 00:14:33.536405+09:00 [info] <0.743.0>@leveled_bookie:startup/2:1993 log_ref=b0005 db_id=1 LedgerSQN=0 at startup
2026-09-12 00:14:33.537523+09:00 [info] <0.740.0>@leveled_bookie:startup/2:1993 log_ref=b0005 db_id=0 LedgerSQN=0 at startup
2026-09-12 00:14:33.540624+09:00 [info] <0.753.0>@leveled_bookie:startup/2:2004 log_ref=i0014 db_id=5 On startup loading from filename /var/lib/riak/leveled/913438523331814323877303020447676887284957839360/journal/journal_files/0_f9ffc843-a1fb-438d-b547-8a06dfec57dd from SQN 1
2026-09-12 00:14:33.540464+09:00 [info] <0.759.0>@leveled_bookie:startup/2:2004 log_ref=i0014 db_id=7 On startup loading from filename /var/lib/riak/leveled/1278813932664540053428224228626747642198940975104/journal/journal_files/0_f9bb9326-a588-444f-bd3d-65cba0f64220 from SQN 1
2026-09-12 00:14:33.540748+09:00 [info] <0.755.0>@leveled_bookie:startup/2:2004 log_ref=i0014 db_id=4 On startup loading from filename /var/lib/riak/leveled/730750818665451459101842416358141509827966271488/journal/journal_files/0_7b07f1c6-4fce-4767-abb5-58665a1f7aed from SQN 1
2026-09-12 00:14:33.540737+09:00 [info] <0.754.0>@leveled_bookie:startup/2:2004 log_ref=i0014 db_id=3 On startup loading from filename /var/lib/riak/leveled/548063113999088594326381812268606132370974703616/journal/journal_files/0_972c724a-5d75-4825-a46e-37cd51fbe45d from SQN 1
2026-09-12 00:14:33.540990+09:00 [info] <0.758.0>@leveled_bookie:startup/2:2004 log_ref=i0014 db_id=2 On startup loading from filename /var/lib/riak/leveled/365375409332725729550921208179070754913983135744/journal/journal_files/0_2424b438-2746-409d-b09d-c3ca581b6c83 from SQN 1
2026-09-12 00:14:33.541289+09:00 [info] <0.756.0>@leveled_bookie:startup/2:2004 log_ref=i0014 db_id=0 On startup loading from filename /var/lib/riak/leveled/0/journal/journal_files/0_4edd022e-d841-44d1-84e6-d4f70f61d7a2 from SQN 1
2026-09-12 00:14:33.540764+09:00 [info] <0.757.0>@leveled_bookie:startup/2:2004 log_ref=i0014 db_id=6 On startup loading from filename /var/lib/riak/leveled/1096126227998177188652763624537212264741949407232/journal/journal_files/0_92478b56-4c63-4525-9cbb-8cd477856886 from SQN 1
2026-09-12 00:14:33.541095+09:00 [info] <0.752.0>@leveled_bookie:startup/2:2004 log_ref=i0014 db_id=1 On startup loading from filename /var/lib/riak/leveled/182687704666362864775460604089535377456991567872/journal/journal_files/0_9e961fbb-bf21-4984-8e01-bc851c70d13e from SQN 1
2026-09-12 00:14:33.542759+09:00 [info] <0.742.0>@leveled_bookie:init/1:1409 log_ref=b0001 db_id=7 Bookie starting with Ink <0.759.0> Pcl <0.778.0>
2026-09-12 00:14:33.542609+09:00 [info] <0.736.0>@leveled_bookie:init/1:1409 log_ref=b0001 db_id=5 Bookie starting with Ink <0.753.0> Pcl <0.782.0>
2026-09-12 00:14:33.543429+09:00 [info] <0.739.0>@leveled_bookie:init/1:1409 log_ref=b0001 db_id=2 Bookie starting with Ink <0.758.0> Pcl <0.784.0>
2026-09-12 00:14:33.543537+09:00 [info] <0.738.0>@leveled_bookie:init/1:1409 log_ref=b0001 db_id=4 Bookie starting with Ink <0.755.0> Pcl <0.779.0>
2026-09-12 00:14:33.543964+09:00 [info] <0.741.0>@leveled_bookie:init/1:1409 log_ref=b0001 db_id=6 Bookie starting with Ink <0.757.0> Pcl <0.783.0>
2026-09-12 00:14:33.544090+09:00 [info] <0.743.0>@leveled_bookie:init/1:1409 log_ref=b0001 db_id=1 Bookie starting with Ink <0.752.0> Pcl <0.777.0>
2026-09-12 00:14:33.545845+09:00 [info] <0.740.0>@leveled_bookie:init/1:1409 log_ref=b0001 db_id=0 Bookie starting with Ink <0.756.0> Pcl <0.781.0>
2026-09-12 00:14:33.542589+09:00 [info] <0.737.0>@leveled_bookie:init/1:1409 log_ref=b0001 db_id=3 Bookie starting with Ink <0.754.0> Pcl <0.780.0>
2026-09-12 00:14:33.548701+09:00 [info] <0.714.0>@riak_kv_leveled_backend:schedule_journalcompaction/4:903 Schedule compaction for interval 545 on partition 730750818665451459101842416358141509827966271488
2026-09-12 00:14:33.548766+09:00 [info] <0.712.0>@riak_kv_leveled_backend:schedule_journalcompaction/4:903 Schedule compaction for interval 5408 on partition 365375409332725729550921208179070754913983135744
2026-09-12 00:14:33.548600+09:00 [info] <0.715.0>@riak_kv_leveled_backend:schedule_journalcompaction/4:903 Schedule compaction for interval 2840 on partition 913438523331814323877303020447676887284957839360
2026-09-12 00:14:33.548859+09:00 [info] <0.716.0>@riak_kv_leveled_backend:schedule_journalcompaction/4:903 Schedule compaction for interval 7816 on partition 1096126227998177188652763624537212264741949407232
2026-09-12 00:14:33.548554+09:00 [info] <0.717.0>@riak_kv_leveled_backend:schedule_journalcompaction/4:903 Schedule compaction for interval 6879 on partition 1278813932664540053428224228626747642198940975104
2026-09-12 00:14:33.548565+09:00 [info] <0.710.0>@riak_kv_leveled_backend:schedule_journalcompaction/4:903 Schedule compaction for interval 8655 on partition 0
2026-09-12 00:14:33.548852+09:00 [info] <0.711.0>@riak_kv_leveled_backend:schedule_journalcompaction/4:903 Schedule compaction for interval 1585 on partition 182687704666362864775460604089535377456991567872
2026-09-12 00:14:33.549193+09:00 [info] <0.713.0>@riak_kv_leveled_backend:schedule_journalcompaction/4:903 Schedule compaction for interval 1747 on partition 548063113999088594326381812268606132370974703616
2026-09-12 00:14:33.637412+09:00 [info] <0.805.0>@aae_controller:init/1:674 log_ref=aae02 Native KeyStore type leveled_nko startup request
2026-09-12 00:14:33.638088+09:00 [info] <0.804.0>@aae_controller:init/1:674 log_ref=aae02 Native KeyStore type leveled_nko startup request
2026-09-12 00:14:33.638164+09:00 [info] <0.803.0>@aae_controller:init/1:674 log_ref=aae02 Native KeyStore type leveled_nko startup request
2026-09-12 00:14:33.638223+09:00 [info] <0.802.0>@aae_controller:init/1:674 log_ref=aae02 Native KeyStore type leveled_nko startup request
2026-09-12 00:14:33.638278+09:00 [info] <0.801.0>@aae_controller:init/1:674 log_ref=aae02 Native KeyStore type leveled_nko startup request
2026-09-12 00:14:33.638328+09:00 [info] <0.808.0>@aae_controller:init/1:674 log_ref=aae02 Native KeyStore type leveled_nko startup request
2026-09-12 00:14:33.638375+09:00 [info] <0.806.0>@aae_controller:init/1:674 log_ref=aae02 Native KeyStore type leveled_nko startup request
2026-09-12 00:14:33.638426+09:00 [info] <0.807.0>@aae_controller:init/1:674 log_ref=aae02 Native KeyStore type leveled_nko startup request
2026-09-12 00:14:33.641253+09:00 [warning] <0.809.0>@aae_keystore:open_manifest/1:1526 log_ref=ks002 No valid manifest found for AAE keystore at /var/lib/riak/tictac_aae/730750818665451459101842416358141509827966271488/leveled_nko/keystore reason not_present
2026-09-12 00:14:33.642367+09:00 [warning] <0.812.0>@aae_keystore:open_manifest/1:1526 log_ref=ks002 No valid manifest found for AAE keystore at /var/lib/riak/tictac_aae/548063113999088594326381812268606132370974703616/leveled_nko/keystore reason not_present
2026-09-12 00:14:33.642464+09:00 [warning] <0.811.0>@aae_keystore:open_manifest/1:1526 log_ref=ks002 No valid manifest found for AAE keystore at /var/lib/riak/tictac_aae/365375409332725729550921208179070754913983135744/leveled_nko/keystore reason not_present
2026-09-12 00:14:33.642516+09:00 [warning] <0.810.0>@aae_keystore:open_manifest/1:1526 log_ref=ks002 No valid manifest found for AAE keystore at /var/lib/riak/tictac_aae/0/leveled_nko/keystore reason not_present
2026-09-12 00:14:33.642735+09:00 [warning] <0.813.0>@aae_keystore:open_manifest/1:1526 log_ref=ks002 No valid manifest found for AAE keystore at /var/lib/riak/tictac_aae/1096126227998177188652763624537212264741949407232/leveled_nko/keystore reason not_present
2026-09-12 00:14:33.643070+09:00 [warning] <0.814.0>@aae_keystore:open_manifest/1:1526 log_ref=ks002 No valid manifest found for AAE keystore at /var/lib/riak/tictac_aae/1278813932664540053428224228626747642198940975104/leveled_nko/keystore reason not_present
2026-09-12 00:14:33.645593+09:00 [warning] <0.816.0>@aae_keystore:open_manifest/1:1526 log_ref=ks002 No valid manifest found for AAE keystore at /var/lib/riak/tictac_aae/182687704666362864775460604089535377456991567872/leveled_nko/keystore reason not_present
2026-09-12 00:14:33.643412+09:00 [warning] <0.815.0>@aae_keystore:open_manifest/1:1526 log_ref=ks002 No valid manifest found for AAE keystore at /var/lib/riak/tictac_aae/913438523331814323877303020447676887284957839360/leveled_nko/keystore reason not_present
2026-09-12 00:14:33.679410+09:00 [info] <0.817.0>@aae_treecache:init/1:224 log_ref=c0005 Starting cache with is_restored=false and IndexN of {913438523331814323877303020447676887284957839360,3}
2026-09-12 00:14:33.680299+09:00 [info] <0.819.0>@aae_treecache:init/1:224 log_ref=c0005 Starting cache with is_restored=false and IndexN of {548063113999088594326381812268606132370974703616,3}
2026-09-12 00:14:33.683738+09:00 [info] <0.821.0>@aae_treecache:init/1:224 log_ref=c0005 Starting cache with is_restored=false and IndexN of {730750818665451459101842416358141509827966271488,3}
2026-09-12 00:14:33.683388+09:00 [info] <0.820.0>@aae_treecache:init/1:224 log_ref=c0005 Starting cache with is_restored=false and IndexN of {1278813932664540053428224228626747642198940975104,3}
2026-09-12 00:14:33.687180+09:00 [info] <0.822.0>@aae_treecache:init/1:224 log_ref=c0005 Starting cache with is_restored=false and IndexN of {1096126227998177188652763624537212264741949407232,3}
2026-09-12 00:14:33.687410+09:00 [info] <0.823.0>@aae_treecache:init/1:224 log_ref=c0005 Starting cache with is_restored=false and IndexN of {0,3}
2026-09-12 00:14:33.687640+09:00 [info] <0.824.0>@aae_treecache:init/1:224 log_ref=c0005 Starting cache with is_restored=false and IndexN of {182687704666362864775460604089535377456991567872,3}
2026-09-12 00:14:33.687822+09:00 [info] <0.818.0>@aae_treecache:init/1:224 log_ref=c0005 Starting cache with is_restored=false and IndexN of {365375409332725729550921208179070754913983135744,3}
2026-09-12 00:14:33.692088+09:00 [info] <0.825.0>@aae_treecache:init/1:224 log_ref=c0005 Starting cache with is_restored=false and IndexN of {730750818665451459101842416358141509827966271488,3}
2026-09-12 00:14:33.692288+09:00 [info] <0.826.0>@aae_treecache:init/1:224 log_ref=c0005 Starting cache with is_restored=false and IndexN of {913438523331814323877303020447676887284957839360,3}
2026-09-12 00:14:33.692512+09:00 [info] <0.827.0>@aae_treecache:init/1:224 log_ref=c0005 Starting cache with is_restored=false and IndexN of {1096126227998177188652763624537212264741949407232,3}
2026-09-12 00:14:33.692701+09:00 [info] <0.828.0>@aae_treecache:init/1:224 log_ref=c0005 Starting cache with is_restored=false and IndexN of {0,3}
2026-09-12 00:14:33.692851+09:00 [info] <0.829.0>@aae_treecache:init/1:224 log_ref=c0005 Starting cache with is_restored=false and IndexN of {548063113999088594326381812268606132370974703616,3}
2026-09-12 00:14:33.692972+09:00 [info] <0.830.0>@aae_treecache:init/1:224 log_ref=c0005 Starting cache with is_restored=false and IndexN of {1278813932664540053428224228626747642198940975104,3}
2026-09-12 00:14:33.693077+09:00 [info] <0.831.0>@aae_treecache:init/1:224 log_ref=c0005 Starting cache with is_restored=false and IndexN of {182687704666362864775460604089535377456991567872,3}
2026-09-12 00:14:33.693186+09:00 [info] <0.832.0>@aae_treecache:init/1:224 log_ref=c0005 Starting cache with is_restored=false and IndexN of {365375409332725729550921208179070754913983135744,3}
2026-09-12 00:14:33.693812+09:00 [info] <0.833.0>@aae_treecache:init/1:224 log_ref=c0005 Starting cache with is_restored=false and IndexN of {913438523331814323877303020447676887284957839360,3}
2026-09-12 00:14:33.693962+09:00 [info] <0.834.0>@aae_treecache:init/1:224 log_ref=c0005 Starting cache with is_restored=false and IndexN of {1096126227998177188652763624537212264741949407232,3}
2026-09-12 00:14:33.701538+09:00 [info] <0.806.0>@aae_controller:init/1:719 log_ref=aae10 AAE controller started with IndexNs [{548063113999088594326381812268606132370974703616,3},{730750818665451459101842416358141509827966271488,3},{913438523331814323877303020447676887284957839360,3}] and StoreType {native,leveled_nko,<0.736.0>}
2026-09-12 00:14:33.699209+09:00 [info] <0.835.0>@aae_treecache:init/1:224 log_ref=c0005 Starting cache with is_restored=false and IndexN of {182687704666362864775460604089535377456991567872,3}
2026-09-12 00:14:33.701748+09:00 [info] <0.801.0>@aae_controller:init/1:719 log_ref=aae10 AAE controller started with IndexNs [{730750818665451459101842416358141509827966271488,3},{913438523331814323877303020447676887284957839360,3},{1096126227998177188652763624537212264741949407232,3}] and StoreType {native,leveled_nko,<0.741.0>}
2026-09-12 00:14:33.701861+09:00 [info] <0.715.0>@riak_kv_vnode:maybe_start_aaecontroller/2:402 AAE Controller started with pid=<0.806.0>
2026-09-12 00:14:33.702806+09:00 [info] <0.716.0>@riak_kv_vnode:maybe_start_aaecontroller/2:402 AAE Controller started with pid=<0.801.0>
2026-09-12 00:14:33.702968+09:00 [info] <0.836.0>@aae_treecache:init/1:224 log_ref=c0005 Starting cache with is_restored=false and IndexN of {730750818665451459101842416358141509827966271488,3}
2026-09-12 00:14:33.703054+09:00 [info] <0.807.0>@aae_controller:init/1:719 log_ref=aae10 AAE controller started with IndexNs [{1278813932664540053428224228626747642198940975104,3},{0,3},{182687704666362864775460604089535377456991567872,3}] and StoreType {native,leveled_nko,<0.743.0>}
2026-09-12 00:14:33.703138+09:00 [info] <0.805.0>@aae_controller:init/1:719 log_ref=aae10 AAE controller started with IndexNs [{365375409332725729550921208179070754913983135744,3},{548063113999088594326381812268606132370974703616,3},{730750818665451459101842416358141509827966271488,3}] and StoreType {native,leveled_nko,<0.738.0>}
2026-09-12 00:14:33.703764+09:00 [info] <0.714.0>@riak_kv_vnode:maybe_start_aaecontroller/2:402 AAE Controller started with pid=<0.805.0>
2026-09-12 00:14:33.703573+09:00 [info] <0.711.0>@riak_kv_vnode:maybe_start_aaecontroller/2:402 AAE Controller started with pid=<0.807.0>
2026-09-12 00:14:33.712520+09:00 [info] <0.708.0>@riak_core_vnode_manager:get_vnode/3:743 VNode initialization ready <0.716.0> 1096126227998177188652763624537212264741949407232 riak_kv_vnode
2026-09-12 00:14:33.710647+09:00 [info] <0.703.0>@riak_core_vnode_manager:get_vnode/3:743 VNode initialization ready <0.711.0> 182687704666362864775460604089535377456991567872 riak_kv_vnode
2026-09-12 00:14:33.710726+09:00 [info] <0.706.0>@riak_core_vnode_manager:get_vnode/3:743 VNode initialization ready <0.714.0> 730750818665451459101842416358141509827966271488 riak_kv_vnode
2026-09-12 00:14:33.713002+09:00 [info] <0.707.0>@riak_core_vnode_manager:get_vnode/3:743 VNode initialization ready <0.715.0> 913438523331814323877303020447676887284957839360 riak_kv_vnode
2026-09-12 00:14:33.714182+09:00 [info] <0.837.0>@aae_treecache:init/1:224 log_ref=c0005 Starting cache with is_restored=false and IndexN of {0,3}
2026-09-12 00:14:33.714357+09:00 [info] <0.838.0>@aae_treecache:init/1:224 log_ref=c0005 Starting cache with is_restored=false and IndexN of {365375409332725729550921208179070754913983135744,3}
2026-09-12 00:14:33.714555+09:00 [info] <0.803.0>@aae_controller:init/1:719 log_ref=aae10 AAE controller started with IndexNs [{0,3},{182687704666362864775460604089535377456991567872,3},{365375409332725729550921208179070754913983135744,3}] and StoreType {native,leveled_nko,<0.739.0>}
2026-09-12 00:14:33.714647+09:00 [info] <0.712.0>@riak_kv_vnode:maybe_start_aaecontroller/2:402 AAE Controller started with pid=<0.803.0>
2026-09-12 00:14:33.714986+09:00 [info] <0.704.0>@riak_core_vnode_manager:get_vnode/3:743 VNode initialization ready <0.712.0> 365375409332725729550921208179070754913983135744 riak_kv_vnode
2026-09-12 00:14:33.715204+09:00 [info] <0.839.0>@aae_treecache:init/1:224 log_ref=c0005 Starting cache with is_restored=false and IndexN of {548063113999088594326381812268606132370974703616,3}
2026-09-12 00:14:33.715395+09:00 [info] <0.840.0>@aae_treecache:init/1:224 log_ref=c0005 Starting cache with is_restored=false and IndexN of {1278813932664540053428224228626747642198940975104,3}
2026-09-12 00:14:33.715589+09:00 [info] <0.802.0>@aae_controller:init/1:719 log_ref=aae10 AAE controller started with IndexNs [{182687704666362864775460604089535377456991567872,3},{365375409332725729550921208179070754913983135744,3},{548063113999088594326381812268606132370974703616,3}] and StoreType {native,leveled_nko,<0.737.0>}
2026-09-12 00:14:33.715672+09:00 [info] <0.713.0>@riak_kv_vnode:maybe_start_aaecontroller/2:402 AAE Controller started with pid=<0.802.0>
2026-09-12 00:14:33.715994+09:00 [info] <0.705.0>@riak_core_vnode_manager:get_vnode/3:743 VNode initialization ready <0.713.0> 548063113999088594326381812268606132370974703616 riak_kv_vnode
2026-09-12 00:14:33.716112+09:00 [info] <0.808.0>@aae_controller:init/1:719 log_ref=aae10 AAE controller started with IndexNs [{913438523331814323877303020447676887284957839360,3},{1096126227998177188652763624537212264741949407232,3},{1278813932664540053428224228626747642198940975104,3}] and StoreType {native,leveled_nko,<0.742.0>}
2026-09-12 00:14:33.716193+09:00 [info] <0.717.0>@riak_kv_vnode:maybe_start_aaecontroller/2:402 AAE Controller started with pid=<0.808.0>
2026-09-12 00:14:33.717349+09:00 [info] <0.804.0>@aae_controller:init/1:719 log_ref=aae10 AAE controller started with IndexNs [{1096126227998177188652763624537212264741949407232,3},{1278813932664540053428224228626747642198940975104,3},{0,3}] and StoreType {native,leveled_nko,<0.740.0>}
2026-09-12 00:14:33.717472+09:00 [info] <0.710.0>@riak_kv_vnode:maybe_start_aaecontroller/2:402 AAE Controller started with pid=<0.804.0>
2026-09-12 00:14:33.717801+09:00 [info] <0.702.0>@riak_core_vnode_manager:get_vnode/3:743 VNode initialization ready <0.710.0> 0 riak_kv_vnode
2026-09-12 00:14:33.720732+09:00 [info] <0.709.0>@riak_core_vnode_manager:get_vnode/3:743 VNode initialization ready <0.717.0> 1278813932664540053428224228626747642198940975104 riak_kv_vnode
2026-09-12 00:14:33.721224+09:00 [info] <0.913.0>@riak_core_vnode_manager:get_vnode/3:733 Will start VNode for partition 182687704666362864775460604089535377456991567872 riak_pipe_vnode
2026-09-12 00:14:33.721796+09:00 [info] <0.913.0>@riak_core_vnode_manager:get_vnode/3:743 VNode initialization ready <0.914.0> 182687704666362864775460604089535377456991567872 riak_pipe_vnode
2026-09-12 00:14:33.722485+09:00 [info] <0.916.0>@riak_core_vnode_manager:get_vnode/3:733 Will start VNode for partition 365375409332725729550921208179070754913983135744 riak_pipe_vnode
2026-09-12 00:14:33.727335+09:00 [info] <0.916.0>@riak_core_vnode_manager:get_vnode/3:743 VNode initialization ready <0.917.0> 365375409332725729550921208179070754913983135744 riak_pipe_vnode
2026-09-12 00:14:33.727515+09:00 [info] <0.919.0>@riak_core_vnode_manager:get_vnode/3:733 Will start VNode for partition 548063113999088594326381812268606132370974703616 riak_pipe_vnode
2026-09-12 00:14:33.728084+09:00 [info] <0.919.0>@riak_core_vnode_manager:get_vnode/3:743 VNode initialization ready <0.920.0> 548063113999088594326381812268606132370974703616 riak_pipe_vnode
2026-09-12 00:14:33.728224+09:00 [info] <0.922.0>@riak_core_vnode_manager:get_vnode/3:733 Will start VNode for partition 730750818665451459101842416358141509827966271488 riak_pipe_vnode
2026-09-12 00:14:33.728564+09:00 [info] <0.922.0>@riak_core_vnode_manager:get_vnode/3:743 VNode initialization ready <0.923.0> 730750818665451459101842416358141509827966271488 riak_pipe_vnode
2026-09-12 00:14:33.729927+09:00 [info] <0.925.0>@riak_core_vnode_manager:get_vnode/3:733 Will start VNode for partition 913438523331814323877303020447676887284957839360 riak_pipe_vnode
2026-09-12 00:14:33.730349+09:00 [info] <0.925.0>@riak_core_vnode_manager:get_vnode/3:743 VNode initialization ready <0.926.0> 913438523331814323877303020447676887284957839360 riak_pipe_vnode
2026-09-12 00:14:33.730479+09:00 [info] <0.928.0>@riak_core_vnode_manager:get_vnode/3:733 Will start VNode for partition 1096126227998177188652763624537212264741949407232 riak_pipe_vnode
2026-09-12 00:14:33.730897+09:00 [info] <0.928.0>@riak_core_vnode_manager:get_vnode/3:743 VNode initialization ready <0.929.0> 1096126227998177188652763624537212264741949407232 riak_pipe_vnode
2026-09-12 00:14:33.731047+09:00 [info] <0.931.0>@riak_core_vnode_manager:get_vnode/3:733 Will start VNode for partition 1278813932664540053428224228626747642198940975104 riak_pipe_vnode
2026-09-12 00:14:33.731363+09:00 [info] <0.931.0>@riak_core_vnode_manager:get_vnode/3:743 VNode initialization ready <0.932.0> 1278813932664540053428224228626747642198940975104 riak_pipe_vnode
2026-09-12 00:14:33.757114+09:00 [info] <0.605.0>@riak_core:wait_for_service/2:492 Wait complete for service riak_kv (8 seconds)
2026-09-12 00:14:33.766017+09:00 [info] <0.388.0>@riak_core:wait_for_service/2:492 Wait complete for service riak_kv (8 seconds)
2026-09-12 00:14:33.766097+09:00 [info] <0.239.0>@riak_core_capability:process_capability_changes/2:557 New capability: {riak_repl,bloom_fold} = true
2026-09-12 00:14:33.770225+09:00 [info] <0.239.0>@riak_core_capability:process_capability_changes/2:557 New capability: {riak_repl,rtq_meta} = true
2026-09-12 00:14:33.773851+09:00 [info] <0.239.0>@riak_core_capability:process_capability_changes/2:557 New capability: {riak_repl,default_bucket_props_hash} = [consistent,datatype,n_val,write_once]
2026-09-12 00:14:33.789086+09:00 [info] <0.605.0>@riak_repl_app:start/2:70 REPL CS block skip disabled
2026-09-12 00:14:33.804232+09:00 [info] <0.934.0>@supervisor:report_progress/2:1582 Supervisor: {local,riak_repl_sup}. Started: id=riak_repl_client_sup,pid=<0.935.0>.
2026-09-12 00:14:33.810209+09:00 [info] <0.934.0>@supervisor:report_progress/2:1582 Supervisor: {local,riak_repl_sup}. Started: id=riak_repl_server_sup,pid=<0.936.0>.
2026-09-12 00:14:33.816606+09:00 [info] <0.934.0>@supervisor:report_progress/2:1582 Supervisor: {local,riak_repl_sup}. Started: id=riak_repl_leader,pid=<0.937.0>.
2026-09-12 00:14:33.833403+09:00 [info] <0.934.0>@supervisor:report_progress/2:1582 Supervisor: {local,riak_repl_sup}. Started: id=riak_repl2_leader,pid=<0.940.0>.
2026-09-12 00:14:33.888708+09:00 [info] <0.942.0>@riak_core_service_mgr:start_link/1:111 Starting Core Service Manager at {"127.0.0.1",9080}
2026-09-12 00:14:33.913655+09:00 [info] <0.940.0>@riak_repl2_leader:become_leader/2:217 Leader2: 'openriak-kv@node-05.cluster-a.openriak' elected as replication leader
2026-09-12 00:14:33.935866+09:00 [info] <0.946.0>@supervisor:report_progress/2:1582 Supervisor: {<0.946.0>,ranch_conns_sup_sup}. Started: id={ranch_conns_sup,1},pid=<0.947.0>.
2026-09-12 00:14:33.936021+09:00 [info] <0.946.0>@supervisor:report_progress/2:1582 Supervisor: {<0.946.0>,ranch_conns_sup_sup}. Started: id={ranch_conns_sup,2},pid=<0.948.0>.
2026-09-12 00:14:33.936134+09:00 [info] <0.946.0>@supervisor:report_progress/2:1582 Supervisor: {<0.946.0>,ranch_conns_sup_sup}. Started: id={ranch_conns_sup,3},pid=<0.949.0>.
2026-09-12 00:14:33.936260+09:00 [info] <0.946.0>@supervisor:report_progress/2:1582 Supervisor: {<0.946.0>,ranch_conns_sup_sup}. Started: id={ranch_conns_sup,4},pid=<0.950.0>.
2026-09-12 00:14:33.936345+09:00 [info] <0.946.0>@supervisor:report_progress/2:1582 Supervisor: {<0.946.0>,ranch_conns_sup_sup}. Started: id={ranch_conns_sup,5},pid=<0.951.0>.
2026-09-12 00:14:33.936449+09:00 [info] <0.946.0>@supervisor:report_progress/2:1582 Supervisor: {<0.946.0>,ranch_conns_sup_sup}. Started: id={ranch_conns_sup,6},pid=<0.952.0>.
2026-09-12 00:14:33.936533+09:00 [info] <0.946.0>@supervisor:report_progress/2:1582 Supervisor: {<0.946.0>,ranch_conns_sup_sup}. Started: id={ranch_conns_sup,7},pid=<0.953.0>.
2026-09-12 00:14:33.936650+09:00 [info] <0.946.0>@supervisor:report_progress/2:1582 Supervisor: {<0.946.0>,ranch_conns_sup_sup}. Started: id={ranch_conns_sup,8},pid=<0.954.0>.
2026-09-12 00:14:33.936731+09:00 [info] <0.946.0>@supervisor:report_progress/2:1582 Supervisor: {<0.946.0>,ranch_conns_sup_sup}. Started: id={ranch_conns_sup,9},pid=<0.955.0>.
2026-09-12 00:14:33.936839+09:00 [info] <0.946.0>@supervisor:report_progress/2:1582 Supervisor: {<0.946.0>,ranch_conns_sup_sup}. Started: id={ranch_conns_sup,10},pid=<0.956.0>.
2026-09-12 00:14:33.936933+09:00 [info] <0.946.0>@supervisor:report_progress/2:1582 Supervisor: {<0.946.0>,ranch_conns_sup_sup}. Started: id={ranch_conns_sup,11},pid=<0.957.0>.
2026-09-12 00:14:33.937050+09:00 [info] <0.946.0>@supervisor:report_progress/2:1582 Supervisor: {<0.946.0>,ranch_conns_sup_sup}. Started: id={ranch_conns_sup,12},pid=<0.958.0>.
2026-09-12 00:14:33.937126+09:00 [info] <0.946.0>@supervisor:report_progress/2:1582 Supervisor: {<0.946.0>,ranch_conns_sup_sup}. Started: id={ranch_conns_sup,13},pid=<0.959.0>.
2026-09-12 00:14:33.937229+09:00 [info] <0.946.0>@supervisor:report_progress/2:1582 Supervisor: {<0.946.0>,ranch_conns_sup_sup}. Started: id={ranch_conns_sup,14},pid=<0.960.0>.
2026-09-12 00:14:33.937304+09:00 [info] <0.946.0>@supervisor:report_progress/2:1582 Supervisor: {<0.946.0>,ranch_conns_sup_sup}. Started: id={ranch_conns_sup,15},pid=<0.961.0>.
2026-09-12 00:14:33.937419+09:00 [info] <0.946.0>@supervisor:report_progress/2:1582 Supervisor: {<0.946.0>,ranch_conns_sup_sup}. Started: id={ranch_conns_sup,16},pid=<0.962.0>.
2026-09-12 00:14:33.941313+09:00 [info] <0.946.0>@supervisor:report_progress/2:1582 Supervisor: {<0.946.0>,ranch_conns_sup_sup}. Started: id={ranch_conns_sup,17},pid=<0.963.0>.
2026-09-12 00:14:33.941756+09:00 [info] <0.946.0>@supervisor:report_progress/2:1582 Supervisor: {<0.946.0>,ranch_conns_sup_sup}. Started: id={ranch_conns_sup,18},pid=<0.964.0>.
2026-09-12 00:14:33.941945+09:00 [info] <0.946.0>@supervisor:report_progress/2:1582 Supervisor: {<0.946.0>,ranch_conns_sup_sup}. Started: id={ranch_conns_sup,19},pid=<0.965.0>.
2026-09-12 00:14:33.942101+09:00 [info] <0.946.0>@supervisor:report_progress/2:1582 Supervisor: {<0.946.0>,ranch_conns_sup_sup}. Started: id={ranch_conns_sup,20},pid=<0.966.0>.
2026-09-12 00:14:33.942255+09:00 [info] <0.946.0>@supervisor:report_progress/2:1582 Supervisor: {<0.946.0>,ranch_conns_sup_sup}. Started: id={ranch_conns_sup,21},pid=<0.967.0>.
2026-09-12 00:14:33.943389+09:00 [info] <0.946.0>@supervisor:report_progress/2:1582 Supervisor: {<0.946.0>,ranch_conns_sup_sup}. Started: id={ranch_conns_sup,22},pid=<0.968.0>.
2026-09-12 00:14:33.943845+09:00 [info] <0.946.0>@supervisor:report_progress/2:1582 Supervisor: {<0.946.0>,ranch_conns_sup_sup}. Started: id={ranch_conns_sup,23},pid=<0.969.0>.
2026-09-12 00:14:33.943955+09:00 [info] <0.946.0>@supervisor:report_progress/2:1582 Supervisor: {<0.946.0>,ranch_conns_sup_sup}. Started: id={ranch_conns_sup,24},pid=<0.970.0>.
2026-09-12 00:14:33.944042+09:00 [info] <0.946.0>@supervisor:report_progress/2:1582 Supervisor: {<0.946.0>,ranch_conns_sup_sup}. Started: id={ranch_conns_sup,25},pid=<0.971.0>.
2026-09-12 00:14:33.944140+09:00 [info] <0.946.0>@supervisor:report_progress/2:1582 Supervisor: {<0.946.0>,ranch_conns_sup_sup}. Started: id={ranch_conns_sup,26},pid=<0.972.0>.
2026-09-12 00:14:33.944235+09:00 [info] <0.946.0>@supervisor:report_progress/2:1582 Supervisor: {<0.946.0>,ranch_conns_sup_sup}. Started: id={ranch_conns_sup,27},pid=<0.973.0>.
2026-09-12 00:14:33.944343+09:00 [info] <0.946.0>@supervisor:report_progress/2:1582 Supervisor: {<0.946.0>,ranch_conns_sup_sup}. Started: id={ranch_conns_sup,28},pid=<0.974.0>.
2026-09-12 00:14:33.944424+09:00 [info] <0.946.0>@supervisor:report_progress/2:1582 Supervisor: {<0.946.0>,ranch_conns_sup_sup}. Started: id={ranch_conns_sup,29},pid=<0.975.0>.
2026-09-12 00:14:33.944511+09:00 [info] <0.946.0>@supervisor:report_progress/2:1582 Supervisor: {<0.946.0>,ranch_conns_sup_sup}. Started: id={ranch_conns_sup,30},pid=<0.976.0>.
2026-09-12 00:14:33.944594+09:00 [info] <0.946.0>@supervisor:report_progress/2:1582 Supervisor: {<0.946.0>,ranch_conns_sup_sup}. Started: id={ranch_conns_sup,31},pid=<0.977.0>.
2026-09-12 00:14:33.944707+09:00 [info] <0.946.0>@supervisor:report_progress/2:1582 Supervisor: {<0.946.0>,ranch_conns_sup_sup}. Started: id={ranch_conns_sup,32},pid=<0.978.0>.
2026-09-12 00:14:33.947504+09:00 [info] <0.946.0>@supervisor:report_progress/2:1582 Supervisor: {<0.946.0>,ranch_conns_sup_sup}. Started: id={ranch_conns_sup,33},pid=<0.979.0>.
2026-09-12 00:14:33.947635+09:00 [info] <0.946.0>@supervisor:report_progress/2:1582 Supervisor: {<0.946.0>,ranch_conns_sup_sup}. Started: id={ranch_conns_sup,34},pid=<0.980.0>.
2026-09-12 00:14:33.947727+09:00 [info] <0.946.0>@supervisor:report_progress/2:1582 Supervisor: {<0.946.0>,ranch_conns_sup_sup}. Started: id={ranch_conns_sup,35},pid=<0.981.0>.
2026-09-12 00:14:33.947862+09:00 [info] <0.946.0>@supervisor:report_progress/2:1582 Supervisor: {<0.946.0>,ranch_conns_sup_sup}. Started: id={ranch_conns_sup,36},pid=<0.982.0>.
2026-09-12 00:14:33.947937+09:00 [info] <0.946.0>@supervisor:report_progress/2:1582 Supervisor: {<0.946.0>,ranch_conns_sup_sup}. Started: id={ranch_conns_sup,37},pid=<0.983.0>.
2026-09-12 00:14:33.948042+09:00 [info] <0.946.0>@supervisor:report_progress/2:1582 Supervisor: {<0.946.0>,ranch_conns_sup_sup}. Started: id={ranch_conns_sup,38},pid=<0.984.0>.
2026-09-12 00:14:33.948113+09:00 [info] <0.946.0>@supervisor:report_progress/2:1582 Supervisor: {<0.946.0>,ranch_conns_sup_sup}. Started: id={ranch_conns_sup,39},pid=<0.985.0>.
2026-09-12 00:14:33.948207+09:00 [info] <0.946.0>@supervisor:report_progress/2:1582 Supervisor: {<0.946.0>,ranch_conns_sup_sup}. Started: id={ranch_conns_sup,40},pid=<0.986.0>.
2026-09-12 00:14:33.948271+09:00 [info] <0.946.0>@supervisor:report_progress/2:1582 Supervisor: {<0.946.0>,ranch_conns_sup_sup}. Started: id={ranch_conns_sup,41},pid=<0.987.0>.
2026-09-12 00:14:33.948330+09:00 [info] <0.946.0>@supervisor:report_progress/2:1582 Supervisor: {<0.946.0>,ranch_conns_sup_sup}. Started: id={ranch_conns_sup,42},pid=<0.988.0>.
2026-09-12 00:14:33.948388+09:00 [info] <0.946.0>@supervisor:report_progress/2:1582 Supervisor: {<0.946.0>,ranch_conns_sup_sup}. Started: id={ranch_conns_sup,43},pid=<0.989.0>.
2026-09-12 00:14:33.949212+09:00 [info] <0.946.0>@supervisor:report_progress/2:1582 Supervisor: {<0.946.0>,ranch_conns_sup_sup}. Started: id={ranch_conns_sup,44},pid=<0.990.0>.
2026-09-12 00:14:33.949293+09:00 [info] <0.946.0>@supervisor:report_progress/2:1582 Supervisor: {<0.946.0>,ranch_conns_sup_sup}. Started: id={ranch_conns_sup,45},pid=<0.991.0>.
2026-09-12 00:14:33.949381+09:00 [info] <0.946.0>@supervisor:report_progress/2:1582 Supervisor: {<0.946.0>,ranch_conns_sup_sup}. Started: id={ranch_conns_sup,46},pid=<0.992.0>.
2026-09-12 00:14:33.949455+09:00 [info] <0.946.0>@supervisor:report_progress/2:1582 Supervisor: {<0.946.0>,ranch_conns_sup_sup}. Started: id={ranch_conns_sup,47},pid=<0.993.0>.
2026-09-12 00:14:33.949535+09:00 [info] <0.946.0>@supervisor:report_progress/2:1582 Supervisor: {<0.946.0>,ranch_conns_sup_sup}. Started: id={ranch_conns_sup,48},pid=<0.994.0>.
2026-09-12 00:14:33.949618+09:00 [info] <0.946.0>@supervisor:report_progress/2:1582 Supervisor: {<0.946.0>,ranch_conns_sup_sup}. Started: id={ranch_conns_sup,49},pid=<0.995.0>.
2026-09-12 00:14:33.949712+09:00 [info] <0.946.0>@supervisor:report_progress/2:1582 Supervisor: {<0.946.0>,ranch_conns_sup_sup}. Started: id={ranch_conns_sup,50},pid=<0.996.0>.
2026-09-12 00:14:33.949780+09:00 [info] <0.946.0>@supervisor:report_progress/2:1582 Supervisor: {<0.946.0>,ranch_conns_sup_sup}. Started: id={ranch_conns_sup,51},pid=<0.997.0>.
2026-09-12 00:14:33.949846+09:00 [info] <0.946.0>@supervisor:report_progress/2:1582 Supervisor: {<0.946.0>,ranch_conns_sup_sup}. Started: id={ranch_conns_sup,52},pid=<0.998.0>.
2026-09-12 00:14:33.949920+09:00 [info] <0.946.0>@supervisor:report_progress/2:1582 Supervisor: {<0.946.0>,ranch_conns_sup_sup}. Started: id={ranch_conns_sup,53},pid=<0.999.0>.
2026-09-12 00:14:33.950019+09:00 [info] <0.946.0>@supervisor:report_progress/2:1582 Supervisor: {<0.946.0>,ranch_conns_sup_sup}. Started: id={ranch_conns_sup,54},pid=<0.1000.0>.
2026-09-12 00:14:33.950105+09:00 [info] <0.946.0>@supervisor:report_progress/2:1582 Supervisor: {<0.946.0>,ranch_conns_sup_sup}. Started: id={ranch_conns_sup,55},pid=<0.1001.0>.
2026-09-12 00:14:33.950184+09:00 [info] <0.946.0>@supervisor:report_progress/2:1582 Supervisor: {<0.946.0>,ranch_conns_sup_sup}. Started: id={ranch_conns_sup,56},pid=<0.1002.0>.
2026-09-12 00:14:33.950288+09:00 [info] <0.946.0>@supervisor:report_progress/2:1582 Supervisor: {<0.946.0>,ranch_conns_sup_sup}. Started: id={ranch_conns_sup,57},pid=<0.1003.0>.
2026-09-12 00:14:33.950360+09:00 [info] <0.946.0>@supervisor:report_progress/2:1582 Supervisor: {<0.946.0>,ranch_conns_sup_sup}. Started: id={ranch_conns_sup,58},pid=<0.1004.0>.
2026-09-12 00:14:33.950472+09:00 [info] <0.946.0>@supervisor:report_progress/2:1582 Supervisor: {<0.946.0>,ranch_conns_sup_sup}. Started: id={ranch_conns_sup,59},pid=<0.1005.0>.
2026-09-12 00:14:33.950549+09:00 [info] <0.946.0>@supervisor:report_progress/2:1582 Supervisor: {<0.946.0>,ranch_conns_sup_sup}. Started: id={ranch_conns_sup,60},pid=<0.1006.0>.
2026-09-12 00:14:33.950642+09:00 [info] <0.946.0>@supervisor:report_progress/2:1582 Supervisor: {<0.946.0>,ranch_conns_sup_sup}. Started: id={ranch_conns_sup,61},pid=<0.1007.0>.
2026-09-12 00:14:33.950706+09:00 [info] <0.946.0>@supervisor:report_progress/2:1582 Supervisor: {<0.946.0>,ranch_conns_sup_sup}. Started: id={ranch_conns_sup,62},pid=<0.1008.0>.
2026-09-12 00:14:33.950809+09:00 [info] <0.946.0>@supervisor:report_progress/2:1582 Supervisor: {<0.946.0>,ranch_conns_sup_sup}. Started: id={ranch_conns_sup,63},pid=<0.1009.0>.
2026-09-12 00:14:33.950894+09:00 [info] <0.946.0>@supervisor:report_progress/2:1582 Supervisor: {<0.946.0>,ranch_conns_sup_sup}. Started: id={ranch_conns_sup,64},pid=<0.1010.0>.
2026-09-12 00:14:33.951002+09:00 [info] <0.946.0>@supervisor:report_progress/2:1582 Supervisor: {<0.946.0>,ranch_conns_sup_sup}. Started: id={ranch_conns_sup,65},pid=<0.1011.0>.
2026-09-12 00:14:33.951083+09:00 [info] <0.946.0>@supervisor:report_progress/2:1582 Supervisor: {<0.946.0>,ranch_conns_sup_sup}. Started: id={ranch_conns_sup,66},pid=<0.1012.0>.
2026-09-12 00:14:33.951189+09:00 [info] <0.946.0>@supervisor:report_progress/2:1582 Supervisor: {<0.946.0>,ranch_conns_sup_sup}. Started: id={ranch_conns_sup,67},pid=<0.1013.0>.
2026-09-12 00:14:33.951282+09:00 [info] <0.946.0>@supervisor:report_progress/2:1582 Supervisor: {<0.946.0>,ranch_conns_sup_sup}. Started: id={ranch_conns_sup,68},pid=<0.1014.0>.
2026-09-12 00:14:33.951402+09:00 [info] <0.946.0>@supervisor:report_progress/2:1582 Supervisor: {<0.946.0>,ranch_conns_sup_sup}. Started: id={ranch_conns_sup,69},pid=<0.1015.0>.
2026-09-12 00:14:33.953685+09:00 [info] <0.946.0>@supervisor:report_progress/2:1582 Supervisor: {<0.946.0>,ranch_conns_sup_sup}. Started: id={ranch_conns_sup,70},pid=<0.1016.0>.
2026-09-12 00:14:33.955316+09:00 [info] <0.946.0>@supervisor:report_progress/2:1582 Supervisor: {<0.946.0>,ranch_conns_sup_sup}. Started: id={ranch_conns_sup,71},pid=<0.1017.0>.
2026-09-12 00:14:33.955871+09:00 [info] <0.946.0>@supervisor:report_progress/2:1582 Supervisor: {<0.946.0>,ranch_conns_sup_sup}. Started: id={ranch_conns_sup,72},pid=<0.1018.0>.
2026-09-12 00:14:33.956470+09:00 [info] <0.946.0>@supervisor:report_progress/2:1582 Supervisor: {<0.946.0>,ranch_conns_sup_sup}. Started: id={ranch_conns_sup,73},pid=<0.1019.0>.
2026-09-12 00:14:33.956857+09:00 [info] <0.946.0>@supervisor:report_progress/2:1582 Supervisor: {<0.946.0>,ranch_conns_sup_sup}. Started: id={ranch_conns_sup,74},pid=<0.1020.0>.
2026-09-12 00:14:33.958019+09:00 [info] <0.946.0>@supervisor:report_progress/2:1582 Supervisor: {<0.946.0>,ranch_conns_sup_sup}. Started: id={ranch_conns_sup,75},pid=<0.1021.0>.
2026-09-12 00:14:33.958483+09:00 [info] <0.946.0>@supervisor:report_progress/2:1582 Supervisor: {<0.946.0>,ranch_conns_sup_sup}. Started: id={ranch_conns_sup,76},pid=<0.1022.0>.
2026-09-12 00:14:33.959860+09:00 [info] <0.946.0>@supervisor:report_progress/2:1582 Supervisor: {<0.946.0>,ranch_conns_sup_sup}. Started: id={ranch_conns_sup,77},pid=<0.1023.0>.
2026-09-12 00:14:33.960028+09:00 [info] <0.946.0>@supervisor:report_progress/2:1582 Supervisor: {<0.946.0>,ranch_conns_sup_sup}. Started: id={ranch_conns_sup,78},pid=<0.1024.0>.
2026-09-12 00:14:33.961478+09:00 [info] <0.946.0>@supervisor:report_progress/2:1582 Supervisor: {<0.946.0>,ranch_conns_sup_sup}. Started: id={ranch_conns_sup,79},pid=<0.1025.0>.
2026-09-12 00:14:33.961625+09:00 [info] <0.946.0>@supervisor:report_progress/2:1582 Supervisor: {<0.946.0>,ranch_conns_sup_sup}. Started: id={ranch_conns_sup,80},pid=<0.1026.0>.
2026-09-12 00:14:33.965019+09:00 [info] <0.946.0>@supervisor:report_progress/2:1582 Supervisor: {<0.946.0>,ranch_conns_sup_sup}. Started: id={ranch_conns_sup,81},pid=<0.1027.0>.
2026-09-12 00:14:33.965158+09:00 [info] <0.946.0>@supervisor:report_progress/2:1582 Supervisor: {<0.946.0>,ranch_conns_sup_sup}. Started: id={ranch_conns_sup,82},pid=<0.1028.0>.
2026-09-12 00:14:33.965245+09:00 [info] <0.946.0>@supervisor:report_progress/2:1582 Supervisor: {<0.946.0>,ranch_conns_sup_sup}. Started: id={ranch_conns_sup,83},pid=<0.1029.0>.
2026-09-12 00:14:33.965325+09:00 [info] <0.946.0>@supervisor:report_progress/2:1582 Supervisor: {<0.946.0>,ranch_conns_sup_sup}. Started: id={ranch_conns_sup,84},pid=<0.1030.0>.
2026-09-12 00:14:33.967072+09:00 [info] <0.946.0>@supervisor:report_progress/2:1582 Supervisor: {<0.946.0>,ranch_conns_sup_sup}. Started: id={ranch_conns_sup,85},pid=<0.1031.0>.
2026-09-12 00:14:33.967212+09:00 [info] <0.946.0>@supervisor:report_progress/2:1582 Supervisor: {<0.946.0>,ranch_conns_sup_sup}. Started: id={ranch_conns_sup,86},pid=<0.1032.0>.
2026-09-12 00:14:33.967350+09:00 [info] <0.946.0>@supervisor:report_progress/2:1582 Supervisor: {<0.946.0>,ranch_conns_sup_sup}. Started: id={ranch_conns_sup,87},pid=<0.1033.0>.
2026-09-12 00:14:33.967431+09:00 [info] <0.946.0>@supervisor:report_progress/2:1582 Supervisor: {<0.946.0>,ranch_conns_sup_sup}. Started: id={ranch_conns_sup,88},pid=<0.1034.0>.
2026-09-12 00:14:33.967561+09:00 [info] <0.946.0>@supervisor:report_progress/2:1582 Supervisor: {<0.946.0>,ranch_conns_sup_sup}. Started: id={ranch_conns_sup,89},pid=<0.1035.0>.
2026-09-12 00:14:33.967646+09:00 [info] <0.946.0>@supervisor:report_progress/2:1582 Supervisor: {<0.946.0>,ranch_conns_sup_sup}. Started: id={ranch_conns_sup,90},pid=<0.1036.0>.
2026-09-12 00:14:33.967731+09:00 [info] <0.946.0>@supervisor:report_progress/2:1582 Supervisor: {<0.946.0>,ranch_conns_sup_sup}. Started: id={ranch_conns_sup,91},pid=<0.1037.0>.
2026-09-12 00:14:33.967815+09:00 [info] <0.946.0>@supervisor:report_progress/2:1582 Supervisor: {<0.946.0>,ranch_conns_sup_sup}. Started: id={ranch_conns_sup,92},pid=<0.1038.0>.
2026-09-12 00:14:33.972422+09:00 [info] <0.946.0>@supervisor:report_progress/2:1582 Supervisor: {<0.946.0>,ranch_conns_sup_sup}. Started: id={ranch_conns_sup,93},pid=<0.1039.0>.
2026-09-12 00:14:33.972610+09:00 [info] <0.946.0>@supervisor:report_progress/2:1582 Supervisor: {<0.946.0>,ranch_conns_sup_sup}. Started: id={ranch_conns_sup,94},pid=<0.1040.0>.
2026-09-12 00:14:33.972873+09:00 [info] <0.946.0>@supervisor:report_progress/2:1582 Supervisor: {<0.946.0>,ranch_conns_sup_sup}. Started: id={ranch_conns_sup,95},pid=<0.1041.0>.
2026-09-12 00:14:33.973027+09:00 [info] <0.946.0>@supervisor:report_progress/2:1582 Supervisor: {<0.946.0>,ranch_conns_sup_sup}. Started: id={ranch_conns_sup,96},pid=<0.1042.0>.
2026-09-12 00:14:33.973212+09:00 [info] <0.946.0>@supervisor:report_progress/2:1582 Supervisor: {<0.946.0>,ranch_conns_sup_sup}. Started: id={ranch_conns_sup,97},pid=<0.1043.0>.
2026-09-12 00:14:33.973529+09:00 [info] <0.946.0>@supervisor:report_progress/2:1582 Supervisor: {<0.946.0>,ranch_conns_sup_sup}. Started: id={ranch_conns_sup,98},pid=<0.1044.0>.
2026-09-12 00:14:33.973746+09:00 [info] <0.946.0>@supervisor:report_progress/2:1582 Supervisor: {<0.946.0>,ranch_conns_sup_sup}. Started: id={ranch_conns_sup,99},pid=<0.1045.0>.
2026-09-12 00:14:33.973884+09:00 [info] <0.946.0>@supervisor:report_progress/2:1582 Supervisor: {<0.946.0>,ranch_conns_sup_sup}. Started: id={ranch_conns_sup,100},pid=<0.1046.0>.
2026-09-12 00:14:33.974094+09:00 [info] <0.945.0>@supervisor:report_progress/2:1582 Supervisor: {<0.945.0>,ranch_listener_sup}. Started: id=ranch_conns_sup_sup,pid=<0.946.0>.
2026-09-12 00:14:33.992063+09:00 [info] <0.1047.0>@supervisor:report_progress/2:1582 Supervisor: {<0.1047.0>,ranch_acceptors_sup}. Started: id={acceptor,<0.1047.0>,1},pid=<0.1048.0>.
2026-09-12 00:14:33.992306+09:00 [info] <0.1047.0>@supervisor:report_progress/2:1582 Supervisor: {<0.1047.0>,ranch_acceptors_sup}. Started: id={acceptor,<0.1047.0>,2},pid=<0.1049.0>.
2026-09-12 00:14:33.992530+09:00 [info] <0.1047.0>@supervisor:report_progress/2:1582 Supervisor: {<0.1047.0>,ranch_acceptors_sup}. Started: id={acceptor,<0.1047.0>,3},pid=<0.1050.0>.
2026-09-12 00:14:33.992676+09:00 [info] <0.1047.0>@supervisor:report_progress/2:1582 Supervisor: {<0.1047.0>,ranch_acceptors_sup}. Started: id={acceptor,<0.1047.0>,4},pid=<0.1051.0>.
2026-09-12 00:14:33.992845+09:00 [info] <0.1047.0>@supervisor:report_progress/2:1582 Supervisor: {<0.1047.0>,ranch_acceptors_sup}. Started: id={acceptor,<0.1047.0>,5},pid=<0.1052.0>.
2026-09-12 00:14:33.992964+09:00 [info] <0.1047.0>@supervisor:report_progress/2:1582 Supervisor: {<0.1047.0>,ranch_acceptors_sup}. Started: id={acceptor,<0.1047.0>,6},pid=<0.1053.0>.
2026-09-12 00:14:33.993089+09:00 [info] <0.1047.0>@supervisor:report_progress/2:1582 Supervisor: {<0.1047.0>,ranch_acceptors_sup}. Started: id={acceptor,<0.1047.0>,7},pid=<0.1054.0>.
2026-09-12 00:14:33.993194+09:00 [info] <0.1047.0>@supervisor:report_progress/2:1582 Supervisor: {<0.1047.0>,ranch_acceptors_sup}. Started: id={acceptor,<0.1047.0>,8},pid=<0.1055.0>.
2026-09-12 00:14:33.993344+09:00 [info] <0.1047.0>@supervisor:report_progress/2:1582 Supervisor: {<0.1047.0>,ranch_acceptors_sup}. Started: id={acceptor,<0.1047.0>,9},pid=<0.1056.0>.
2026-09-12 00:14:33.993503+09:00 [info] <0.1047.0>@supervisor:report_progress/2:1582 Supervisor: {<0.1047.0>,ranch_acceptors_sup}. Started: id={acceptor,<0.1047.0>,10},pid=<0.1057.0>.
2026-09-12 00:14:33.993649+09:00 [info] <0.1047.0>@supervisor:report_progress/2:1582 Supervisor: {<0.1047.0>,ranch_acceptors_sup}. Started: id={acceptor,<0.1047.0>,11},pid=<0.1058.0>.
2026-09-12 00:14:33.993840+09:00 [info] <0.1047.0>@supervisor:report_progress/2:1582 Supervisor: {<0.1047.0>,ranch_acceptors_sup}. Started: id={acceptor,<0.1047.0>,12},pid=<0.1059.0>.
2026-09-12 00:14:33.993959+09:00 [info] <0.1047.0>@supervisor:report_progress/2:1582 Supervisor: {<0.1047.0>,ranch_acceptors_sup}. Started: id={acceptor,<0.1047.0>,13},pid=<0.1060.0>.
2026-09-12 00:14:33.994080+09:00 [info] <0.1047.0>@supervisor:report_progress/2:1582 Supervisor: {<0.1047.0>,ranch_acceptors_sup}. Started: id={acceptor,<0.1047.0>,14},pid=<0.1061.0>.
2026-09-12 00:14:33.994216+09:00 [info] <0.1047.0>@supervisor:report_progress/2:1582 Supervisor: {<0.1047.0>,ranch_acceptors_sup}. Started: id={acceptor,<0.1047.0>,15},pid=<0.1062.0>.
2026-09-12 00:14:33.994348+09:00 [info] <0.1047.0>@supervisor:report_progress/2:1582 Supervisor: {<0.1047.0>,ranch_acceptors_sup}. Started: id={acceptor,<0.1047.0>,16},pid=<0.1063.0>.
2026-09-12 00:14:33.998628+09:00 [info] <0.1047.0>@supervisor:report_progress/2:1582 Supervisor: {<0.1047.0>,ranch_acceptors_sup}. Started: id={acceptor,<0.1047.0>,17},pid=<0.1064.0>.
2026-09-12 00:14:33.998739+09:00 [info] <0.1047.0>@supervisor:report_progress/2:1582 Supervisor: {<0.1047.0>,ranch_acceptors_sup}. Started: id={acceptor,<0.1047.0>,18},pid=<0.1065.0>.
2026-09-12 00:14:33.998863+09:00 [info] <0.1047.0>@supervisor:report_progress/2:1582 Supervisor: {<0.1047.0>,ranch_acceptors_sup}. Started: id={acceptor,<0.1047.0>,19},pid=<0.1066.0>.
2026-09-12 00:14:33.998981+09:00 [info] <0.1047.0>@supervisor:report_progress/2:1582 Supervisor: {<0.1047.0>,ranch_acceptors_sup}. Started: id={acceptor,<0.1047.0>,20},pid=<0.1067.0>.
2026-09-12 00:14:33.999092+09:00 [info] <0.1047.0>@supervisor:report_progress/2:1582 Supervisor: {<0.1047.0>,ranch_acceptors_sup}. Started: id={acceptor,<0.1047.0>,21},pid=<0.1068.0>.
2026-09-12 00:14:33.999229+09:00 [info] <0.1047.0>@supervisor:report_progress/2:1582 Supervisor: {<0.1047.0>,ranch_acceptors_sup}. Started: id={acceptor,<0.1047.0>,22},pid=<0.1069.0>.
2026-09-12 00:14:33.999347+09:00 [info] <0.1047.0>@supervisor:report_progress/2:1582 Supervisor: {<0.1047.0>,ranch_acceptors_sup}. Started: id={acceptor,<0.1047.0>,23},pid=<0.1070.0>.
2026-09-12 00:14:33.999497+09:00 [info] <0.1047.0>@supervisor:report_progress/2:1582 Supervisor: {<0.1047.0>,ranch_acceptors_sup}. Started: id={acceptor,<0.1047.0>,24},pid=<0.1071.0>.
2026-09-12 00:14:33.999678+09:00 [info] <0.1047.0>@supervisor:report_progress/2:1582 Supervisor: {<0.1047.0>,ranch_acceptors_sup}. Started: id={acceptor,<0.1047.0>,25},pid=<0.1072.0>.
2026-09-12 00:14:33.999791+09:00 [info] <0.1047.0>@supervisor:report_progress/2:1582 Supervisor: {<0.1047.0>,ranch_acceptors_sup}. Started: id={acceptor,<0.1047.0>,26},pid=<0.1073.0>.
2026-09-12 00:14:33.999905+09:00 [info] <0.1047.0>@supervisor:report_progress/2:1582 Supervisor: {<0.1047.0>,ranch_acceptors_sup}. Started: id={acceptor,<0.1047.0>,27},pid=<0.1074.0>.
2026-09-12 00:14:33.999991+09:00 [info] <0.1047.0>@supervisor:report_progress/2:1582 Supervisor: {<0.1047.0>,ranch_acceptors_sup}. Started: id={acceptor,<0.1047.0>,28},pid=<0.1075.0>.
2026-09-12 00:14:34.000094+09:00 [info] <0.1047.0>@supervisor:report_progress/2:1582 Supervisor: {<0.1047.0>,ranch_acceptors_sup}. Started: id={acceptor,<0.1047.0>,29},pid=<0.1076.0>.
2026-09-12 00:14:34.000202+09:00 [info] <0.1047.0>@supervisor:report_progress/2:1582 Supervisor: {<0.1047.0>,ranch_acceptors_sup}. Started: id={acceptor,<0.1047.0>,30},pid=<0.1077.0>.
2026-09-12 00:14:34.000286+09:00 [info] <0.1047.0>@supervisor:report_progress/2:1582 Supervisor: {<0.1047.0>,ranch_acceptors_sup}. Started: id={acceptor,<0.1047.0>,31},pid=<0.1078.0>.
2026-09-12 00:14:34.000419+09:00 [info] <0.1047.0>@supervisor:report_progress/2:1582 Supervisor: {<0.1047.0>,ranch_acceptors_sup}. Started: id={acceptor,<0.1047.0>,32},pid=<0.1079.0>.
2026-09-12 00:14:34.000568+09:00 [info] <0.1047.0>@supervisor:report_progress/2:1582 Supervisor: {<0.1047.0>,ranch_acceptors_sup}. Started: id={acceptor,<0.1047.0>,33},pid=<0.1080.0>.
2026-09-12 00:14:34.000737+09:00 [info] <0.1047.0>@supervisor:report_progress/2:1582 Supervisor: {<0.1047.0>,ranch_acceptors_sup}. Started: id={acceptor,<0.1047.0>,34},pid=<0.1081.0>.
2026-09-12 00:14:34.000920+09:00 [info] <0.1047.0>@supervisor:report_progress/2:1582 Supervisor: {<0.1047.0>,ranch_acceptors_sup}. Started: id={acceptor,<0.1047.0>,35},pid=<0.1082.0>.
2026-09-12 00:14:34.006266+09:00 [info] <0.1047.0>@supervisor:report_progress/2:1582 Supervisor: {<0.1047.0>,ranch_acceptors_sup}. Started: id={acceptor,<0.1047.0>,36},pid=<0.1083.0>.
2026-09-12 00:14:34.006997+09:00 [info] <0.1047.0>@supervisor:report_progress/2:1582 Supervisor: {<0.1047.0>,ranch_acceptors_sup}. Started: id={acceptor,<0.1047.0>,37},pid=<0.1084.0>.
2026-09-12 00:14:34.007196+09:00 [info] <0.1047.0>@supervisor:report_progress/2:1582 Supervisor: {<0.1047.0>,ranch_acceptors_sup}. Started: id={acceptor,<0.1047.0>,38},pid=<0.1085.0>.
2026-09-12 00:14:34.007346+09:00 [info] <0.1047.0>@supervisor:report_progress/2:1582 Supervisor: {<0.1047.0>,ranch_acceptors_sup}. Started: id={acceptor,<0.1047.0>,39},pid=<0.1086.0>.
2026-09-12 00:14:34.007481+09:00 [info] <0.1047.0>@supervisor:report_progress/2:1582 Supervisor: {<0.1047.0>,ranch_acceptors_sup}. Started: id={acceptor,<0.1047.0>,40},pid=<0.1087.0>.
2026-09-12 00:14:34.007585+09:00 [info] <0.1047.0>@supervisor:report_progress/2:1582 Supervisor: {<0.1047.0>,ranch_acceptors_sup}. Started: id={acceptor,<0.1047.0>,41},pid=<0.1088.0>.
2026-09-12 00:14:34.007696+09:00 [info] <0.1047.0>@supervisor:report_progress/2:1582 Supervisor: {<0.1047.0>,ranch_acceptors_sup}. Started: id={acceptor,<0.1047.0>,42},pid=<0.1089.0>.
2026-09-12 00:14:34.007783+09:00 [info] <0.1047.0>@supervisor:report_progress/2:1582 Supervisor: {<0.1047.0>,ranch_acceptors_sup}. Started: id={acceptor,<0.1047.0>,43},pid=<0.1090.0>.
2026-09-12 00:14:34.007894+09:00 [info] <0.1047.0>@supervisor:report_progress/2:1582 Supervisor: {<0.1047.0>,ranch_acceptors_sup}. Started: id={acceptor,<0.1047.0>,44},pid=<0.1091.0>.
2026-09-12 00:14:34.008005+09:00 [info] <0.1047.0>@supervisor:report_progress/2:1582 Supervisor: {<0.1047.0>,ranch_acceptors_sup}. Started: id={acceptor,<0.1047.0>,45},pid=<0.1092.0>.
2026-09-12 00:14:34.008093+09:00 [info] <0.1047.0>@supervisor:report_progress/2:1582 Supervisor: {<0.1047.0>,ranch_acceptors_sup}. Started: id={acceptor,<0.1047.0>,46},pid=<0.1093.0>.
2026-09-12 00:14:34.008199+09:00 [info] <0.1047.0>@supervisor:report_progress/2:1582 Supervisor: {<0.1047.0>,ranch_acceptors_sup}. Started: id={acceptor,<0.1047.0>,47},pid=<0.1094.0>.
2026-09-12 00:14:34.008290+09:00 [info] <0.1047.0>@supervisor:report_progress/2:1582 Supervisor: {<0.1047.0>,ranch_acceptors_sup}. Started: id={acceptor,<0.1047.0>,48},pid=<0.1095.0>.
2026-09-12 00:14:34.008395+09:00 [info] <0.1047.0>@supervisor:report_progress/2:1582 Supervisor: {<0.1047.0>,ranch_acceptors_sup}. Started: id={acceptor,<0.1047.0>,49},pid=<0.1096.0>.
2026-09-12 00:14:34.011227+09:00 [info] <0.1047.0>@supervisor:report_progress/2:1582 Supervisor: {<0.1047.0>,ranch_acceptors_sup}. Started: id={acceptor,<0.1047.0>,50},pid=<0.1097.0>.
2026-09-12 00:14:34.014202+09:00 [info] <0.1047.0>@supervisor:report_progress/2:1582 Supervisor: {<0.1047.0>,ranch_acceptors_sup}. Started: id={acceptor,<0.1047.0>,51},pid=<0.1098.0>.
2026-09-12 00:14:34.014386+09:00 [info] <0.1047.0>@supervisor:report_progress/2:1582 Supervisor: {<0.1047.0>,ranch_acceptors_sup}. Started: id={acceptor,<0.1047.0>,52},pid=<0.1099.0>.
2026-09-12 00:14:34.015446+09:00 [info] <0.1047.0>@supervisor:report_progress/2:1582 Supervisor: {<0.1047.0>,ranch_acceptors_sup}. Started: id={acceptor,<0.1047.0>,53},pid=<0.1100.0>.
2026-09-12 00:14:34.015613+09:00 [info] <0.1047.0>@supervisor:report_progress/2:1582 Supervisor: {<0.1047.0>,ranch_acceptors_sup}. Started: id={acceptor,<0.1047.0>,54},pid=<0.1101.0>.
2026-09-12 00:14:34.015736+09:00 [info] <0.1047.0>@supervisor:report_progress/2:1582 Supervisor: {<0.1047.0>,ranch_acceptors_sup}. Started: id={acceptor,<0.1047.0>,55},pid=<0.1102.0>.
2026-09-12 00:14:34.015831+09:00 [info] <0.1047.0>@supervisor:report_progress/2:1582 Supervisor: {<0.1047.0>,ranch_acceptors_sup}. Started: id={acceptor,<0.1047.0>,56},pid=<0.1103.0>.
2026-09-12 00:14:34.015962+09:00 [info] <0.1047.0>@supervisor:report_progress/2:1582 Supervisor: {<0.1047.0>,ranch_acceptors_sup}. Started: id={acceptor,<0.1047.0>,57},pid=<0.1104.0>.
2026-09-12 00:14:34.016061+09:00 [info] <0.1047.0>@supervisor:report_progress/2:1582 Supervisor: {<0.1047.0>,ranch_acceptors_sup}. Started: id={acceptor,<0.1047.0>,58},pid=<0.1105.0>.
2026-09-12 00:14:34.016193+09:00 [info] <0.1047.0>@supervisor:report_progress/2:1582 Supervisor: {<0.1047.0>,ranch_acceptors_sup}. Started: id={acceptor,<0.1047.0>,59},pid=<0.1106.0>.
2026-09-12 00:14:34.016313+09:00 [info] <0.1047.0>@supervisor:report_progress/2:1582 Supervisor: {<0.1047.0>,ranch_acceptors_sup}. Started: id={acceptor,<0.1047.0>,60},pid=<0.1107.0>.
2026-09-12 00:14:34.020406+09:00 [info] <0.1047.0>@supervisor:report_progress/2:1582 Supervisor: {<0.1047.0>,ranch_acceptors_sup}. Started: id={acceptor,<0.1047.0>,61},pid=<0.1108.0>.
2026-09-12 00:14:34.021979+09:00 [info] <0.1047.0>@supervisor:report_progress/2:1582 Supervisor: {<0.1047.0>,ranch_acceptors_sup}. Started: id={acceptor,<0.1047.0>,62},pid=<0.1109.0>.
2026-09-12 00:14:34.023761+09:00 [info] <0.1047.0>@supervisor:report_progress/2:1582 Supervisor: {<0.1047.0>,ranch_acceptors_sup}. Started: id={acceptor,<0.1047.0>,63},pid=<0.1110.0>.
2026-09-12 00:14:34.023889+09:00 [info] <0.1047.0>@supervisor:report_progress/2:1582 Supervisor: {<0.1047.0>,ranch_acceptors_sup}. Started: id={acceptor,<0.1047.0>,64},pid=<0.1111.0>.
2026-09-12 00:14:34.024017+09:00 [info] <0.1047.0>@supervisor:report_progress/2:1582 Supervisor: {<0.1047.0>,ranch_acceptors_sup}. Started: id={acceptor,<0.1047.0>,65},pid=<0.1112.0>.
2026-09-12 00:14:34.024109+09:00 [info] <0.1047.0>@supervisor:report_progress/2:1582 Supervisor: {<0.1047.0>,ranch_acceptors_sup}. Started: id={acceptor,<0.1047.0>,66},pid=<0.1113.0>.
2026-09-12 00:14:34.024218+09:00 [info] <0.1047.0>@supervisor:report_progress/2:1582 Supervisor: {<0.1047.0>,ranch_acceptors_sup}. Started: id={acceptor,<0.1047.0>,67},pid=<0.1114.0>.
2026-09-12 00:14:34.025546+09:00 [info] <0.1047.0>@supervisor:report_progress/2:1582 Supervisor: {<0.1047.0>,ranch_acceptors_sup}. Started: id={acceptor,<0.1047.0>,68},pid=<0.1115.0>.
2026-09-12 00:14:34.025941+09:00 [info] <0.1047.0>@supervisor:report_progress/2:1582 Supervisor: {<0.1047.0>,ranch_acceptors_sup}. Started: id={acceptor,<0.1047.0>,69},pid=<0.1116.0>.
2026-09-12 00:14:34.026222+09:00 [info] <0.1047.0>@supervisor:report_progress/2:1582 Supervisor: {<0.1047.0>,ranch_acceptors_sup}. Started: id={acceptor,<0.1047.0>,70},pid=<0.1117.0>.
2026-09-12 00:14:34.026418+09:00 [info] <0.1047.0>@supervisor:report_progress/2:1582 Supervisor: {<0.1047.0>,ranch_acceptors_sup}. Started: id={acceptor,<0.1047.0>,71},pid=<0.1118.0>.
2026-09-12 00:14:34.026596+09:00 [info] <0.1047.0>@supervisor:report_progress/2:1582 Supervisor: {<0.1047.0>,ranch_acceptors_sup}. Started: id={acceptor,<0.1047.0>,72},pid=<0.1119.0>.
2026-09-12 00:14:34.026738+09:00 [info] <0.1047.0>@supervisor:report_progress/2:1582 Supervisor: {<0.1047.0>,ranch_acceptors_sup}. Started: id={acceptor,<0.1047.0>,73},pid=<0.1120.0>.
2026-09-12 00:14:34.026939+09:00 [info] <0.1047.0>@supervisor:report_progress/2:1582 Supervisor: {<0.1047.0>,ranch_acceptors_sup}. Started: id={acceptor,<0.1047.0>,74},pid=<0.1121.0>.
2026-09-12 00:14:34.027131+09:00 [info] <0.1047.0>@supervisor:report_progress/2:1582 Supervisor: {<0.1047.0>,ranch_acceptors_sup}. Started: id={acceptor,<0.1047.0>,75},pid=<0.1122.0>.
2026-09-12 00:14:34.027297+09:00 [info] <0.1047.0>@supervisor:report_progress/2:1582 Supervisor: {<0.1047.0>,ranch_acceptors_sup}. Started: id={acceptor,<0.1047.0>,76},pid=<0.1123.0>.
2026-09-12 00:14:34.027484+09:00 [info] <0.1047.0>@supervisor:report_progress/2:1582 Supervisor: {<0.1047.0>,ranch_acceptors_sup}. Started: id={acceptor,<0.1047.0>,77},pid=<0.1124.0>.
2026-09-12 00:14:34.027644+09:00 [info] <0.1047.0>@supervisor:report_progress/2:1582 Supervisor: {<0.1047.0>,ranch_acceptors_sup}. Started: id={acceptor,<0.1047.0>,78},pid=<0.1125.0>.
2026-09-12 00:14:34.027832+09:00 [info] <0.1047.0>@supervisor:report_progress/2:1582 Supervisor: {<0.1047.0>,ranch_acceptors_sup}. Started: id={acceptor,<0.1047.0>,79},pid=<0.1126.0>.
2026-09-12 00:14:34.027963+09:00 [info] <0.1047.0>@supervisor:report_progress/2:1582 Supervisor: {<0.1047.0>,ranch_acceptors_sup}. Started: id={acceptor,<0.1047.0>,80},pid=<0.1127.0>.
2026-09-12 00:14:34.028085+09:00 [info] <0.1047.0>@supervisor:report_progress/2:1582 Supervisor: {<0.1047.0>,ranch_acceptors_sup}. Started: id={acceptor,<0.1047.0>,81},pid=<0.1128.0>.
2026-09-12 00:14:34.028201+09:00 [info] <0.1047.0>@supervisor:report_progress/2:1582 Supervisor: {<0.1047.0>,ranch_acceptors_sup}. Started: id={acceptor,<0.1047.0>,82},pid=<0.1129.0>.
2026-09-12 00:14:34.028288+09:00 [info] <0.1047.0>@supervisor:report_progress/2:1582 Supervisor: {<0.1047.0>,ranch_acceptors_sup}. Started: id={acceptor,<0.1047.0>,83},pid=<0.1130.0>.
2026-09-12 00:14:34.028400+09:00 [info] <0.1047.0>@supervisor:report_progress/2:1582 Supervisor: {<0.1047.0>,ranch_acceptors_sup}. Started: id={acceptor,<0.1047.0>,84},pid=<0.1131.0>.
2026-09-12 00:14:34.028561+09:00 [info] <0.1047.0>@supervisor:report_progress/2:1582 Supervisor: {<0.1047.0>,ranch_acceptors_sup}. Started: id={acceptor,<0.1047.0>,85},pid=<0.1132.0>.
2026-09-12 00:14:34.028680+09:00 [info] <0.1047.0>@supervisor:report_progress/2:1582 Supervisor: {<0.1047.0>,ranch_acceptors_sup}. Started: id={acceptor,<0.1047.0>,86},pid=<0.1133.0>.
2026-09-12 00:14:34.028838+09:00 [info] <0.1047.0>@supervisor:report_progress/2:1582 Supervisor: {<0.1047.0>,ranch_acceptors_sup}. Started: id={acceptor,<0.1047.0>,87},pid=<0.1134.0>.
2026-09-12 00:14:34.032597+09:00 [info] <0.1047.0>@supervisor:report_progress/2:1582 Supervisor: {<0.1047.0>,ranch_acceptors_sup}. Started: id={acceptor,<0.1047.0>,88},pid=<0.1135.0>.
2026-09-12 00:14:34.033106+09:00 [info] <0.1047.0>@supervisor:report_progress/2:1582 Supervisor: {<0.1047.0>,ranch_acceptors_sup}. Started: id={acceptor,<0.1047.0>,89},pid=<0.1136.0>.
2026-09-12 00:14:34.033653+09:00 [info] <0.1047.0>@supervisor:report_progress/2:1582 Supervisor: {<0.1047.0>,ranch_acceptors_sup}. Started: id={acceptor,<0.1047.0>,90},pid=<0.1137.0>.
2026-09-12 00:14:34.034136+09:00 [info] <0.1047.0>@supervisor:report_progress/2:1582 Supervisor: {<0.1047.0>,ranch_acceptors_sup}. Started: id={acceptor,<0.1047.0>,91},pid=<0.1138.0>.
2026-09-12 00:14:34.034469+09:00 [info] <0.1047.0>@supervisor:report_progress/2:1582 Supervisor: {<0.1047.0>,ranch_acceptors_sup}. Started: id={acceptor,<0.1047.0>,92},pid=<0.1139.0>.
2026-09-12 00:14:34.034622+09:00 [info] <0.1047.0>@supervisor:report_progress/2:1582 Supervisor: {<0.1047.0>,ranch_acceptors_sup}. Started: id={acceptor,<0.1047.0>,93},pid=<0.1140.0>.
2026-09-12 00:14:34.034841+09:00 [info] <0.1047.0>@supervisor:report_progress/2:1582 Supervisor: {<0.1047.0>,ranch_acceptors_sup}. Started: id={acceptor,<0.1047.0>,94},pid=<0.1141.0>.
2026-09-12 00:14:34.035260+09:00 [info] <0.1047.0>@supervisor:report_progress/2:1582 Supervisor: {<0.1047.0>,ranch_acceptors_sup}. Started: id={acceptor,<0.1047.0>,95},pid=<0.1142.0>.
2026-09-12 00:14:34.035617+09:00 [info] <0.1047.0>@supervisor:report_progress/2:1582 Supervisor: {<0.1047.0>,ranch_acceptors_sup}. Started: id={acceptor,<0.1047.0>,96},pid=<0.1143.0>.
2026-09-12 00:14:34.035802+09:00 [info] <0.1047.0>@supervisor:report_progress/2:1582 Supervisor: {<0.1047.0>,ranch_acceptors_sup}. Started: id={acceptor,<0.1047.0>,97},pid=<0.1144.0>.
2026-09-12 00:14:34.035921+09:00 [info] <0.1047.0>@supervisor:report_progress/2:1582 Supervisor: {<0.1047.0>,ranch_acceptors_sup}. Started: id={acceptor,<0.1047.0>,98},pid=<0.1145.0>.
2026-09-12 00:14:34.036289+09:00 [info] <0.1047.0>@supervisor:report_progress/2:1582 Supervisor: {<0.1047.0>,ranch_acceptors_sup}. Started: id={acceptor,<0.1047.0>,99},pid=<0.1146.0>.
2026-09-12 00:14:34.036829+09:00 [info] <0.1047.0>@supervisor:report_progress/2:1582 Supervisor: {<0.1047.0>,ranch_acceptors_sup}. Started: id={acceptor,<0.1047.0>,100},pid=<0.1147.0>.
2026-09-12 00:14:34.037033+09:00 [info] <0.945.0>@supervisor:report_progress/2:1582 Supervisor: {<0.945.0>,ranch_listener_sup}. Started: id=ranch_acceptors_sup,pid=<0.1047.0>.
2026-09-12 00:14:34.037121+09:00 [info] <0.601.0>@supervisor:report_progress/2:1582 Supervisor: {local,ranch_sup}. Started: id={ranch_listener_sup,{[49,50,55,46,48,46,48,46,49],9080}},pid=<0.945.0>.
2026-09-12 00:14:34.037206+09:00 [info] <0.943.0>@riak_core_service_mgr:start_dispatcher/3:524 Service manager: listening on 127.0.0.1:9080
2026-09-12 00:14:34.040734+09:00 [info] <0.942.0>@supervisor:report_progress/2:1582 Supervisor: {local,riak_core_cluster_mgr_sup}. Started: id=riak_core_service_mgr,pid=<0.943.0>.
2026-09-12 00:14:34.056227+09:00 [info] <0.942.0>@supervisor:report_progress/2:1582 Supervisor: {local,riak_core_cluster_mgr_sup}. Started: id=riak_core_connection_mgr,pid=<0.1148.0>.
2026-09-12 00:14:34.067983+09:00 [info] <0.942.0>@supervisor:report_progress/2:1582 Supervisor: {local,riak_core_cluster_mgr_sup}. Started: id=riak_core_cluster_conn_sup,pid=<0.1149.0>.
2026-09-12 00:14:34.084662+09:00 [info] <0.1150.0>@riak_core_cluster_mgr:become_leader/2:706 ClusterManager: 'openriak-kv@node-05.cluster-a.openriak' becoming the leader
2026-09-12 00:14:34.084803+09:00 [info] <0.942.0>@supervisor:report_progress/2:1582 Supervisor: {local,riak_core_cluster_mgr_sup}. Started: id=riak_repl_cluster_mgr,pid=<0.1150.0>.
2026-09-12 00:14:34.098785+09:00 [info] <0.1151.0>@riak_core_tcp_mon:init/1:167 Starting TCP Monitor
2026-09-12 00:14:34.098946+09:00 [info] <0.942.0>@supervisor:report_progress/2:1582 Supervisor: {local,riak_core_cluster_mgr_sup}. Started: id=riak_core_tcp_mon,pid=<0.1151.0>.
2026-09-12 00:14:34.099099+09:00 [info] <0.934.0>@supervisor:report_progress/2:1582 Supervisor: {local,riak_repl_sup}. Started: id=riak_core_cluster_mgr_sup,pid=<0.942.0>.
2026-09-12 00:14:34.122849+09:00 [info] <0.934.0>@supervisor:report_progress/2:1582 Supervisor: {local,riak_repl_sup}. Started: id=riak_repl2_fs_node_reserver,pid=<0.1152.0>.
2026-09-12 00:14:34.175563+09:00 [info] <0.1154.0>@supervisor:report_progress/2:1582 Supervisor: {local,riak_repl2_rtsource_sup}. Started: id=riak_repl2_rtq,pid=<0.1155.0>.
2026-09-12 00:14:34.184575+09:00 [info] <0.1154.0>@supervisor:report_progress/2:1582 Supervisor: {local,riak_repl2_rtsource_sup}. Started: id=riak_repl2_rtq_overload_counter,pid=<0.1156.0>.
2026-09-12 00:14:34.198557+09:00 [info] <0.1154.0>@supervisor:report_progress/2:1582 Supervisor: {local,riak_repl2_rtsource_sup}. Started: id=riak_repl2_rtsource_conn_sup,pid=<0.1157.0>.
2026-09-12 00:14:34.198702+09:00 [info] <0.1153.0>@supervisor:report_progress/2:1582 Supervisor: {local,riak_repl2_rt_sup}. Started: id=riak_repl2_rtsource_sup,pid=<0.1154.0>.
2026-09-12 00:14:34.215065+09:00 [info] <0.1158.0>@supervisor:report_progress/2:1582 Supervisor: {local,riak_repl2_rtsink_sup}. Started: id=riak_repl2_rtsink_pool,pid=<0.1159.0>.
2026-09-12 00:14:34.226084+09:00 [info] <0.1158.0>@supervisor:report_progress/2:1582 Supervisor: {local,riak_repl2_rtsink_sup}. Started: id=riak_repl2_rtsink_conn_sup,pid=<0.1166.0>.
2026-09-12 00:14:34.226237+09:00 [info] <0.1153.0>@supervisor:report_progress/2:1582 Supervisor: {local,riak_repl2_rt_sup}. Started: id=riak_repl2_rtsink_sup,pid=<0.1158.0>.
2026-09-12 00:14:34.226337+09:00 [info] <0.1153.0>@supervisor:report_progress/2:1582 Supervisor: {local,riak_repl2_rt_sup}. Started: id=riak_repl2_rt,pid=<0.1167.0>.
2026-09-12 00:14:34.226452+09:00 [info] <0.934.0>@supervisor:report_progress/2:1582 Supervisor: {local,riak_repl_sup}. Started: id=riak_repl2_rt_sup,pid=<0.1153.0>.
2026-09-12 00:14:34.239517+09:00 [info] <0.934.0>@supervisor:report_progress/2:1582 Supervisor: {local,riak_repl_sup}. Started: id=riak_repl2_fscoordinator_sup,pid=<0.1168.0>.
2026-09-12 00:14:34.252344+09:00 [info] <0.934.0>@supervisor:report_progress/2:1582 Supervisor: {local,riak_repl_sup}. Started: id=riak_repl2_fscoordinator_serv_sup,pid=<0.1169.0>.
2026-09-12 00:14:34.264067+09:00 [info] <0.934.0>@supervisor:report_progress/2:1582 Supervisor: {local,riak_repl_sup}. Started: id=riak_repl2_fssource_sup,pid=<0.1170.0>.
2026-09-12 00:14:34.277627+09:00 [info] <0.934.0>@supervisor:report_progress/2:1582 Supervisor: {local,riak_repl_sup}. Started: id=riak_repl2_fssink_pool,pid=<0.1171.0>.
2026-09-12 00:14:34.283512+09:00 [info] <0.934.0>@supervisor:report_progress/2:1582 Supervisor: {local,riak_repl_sup}. Started: id=riak_repl2_fssink_sup,pid=<0.1178.0>.
2026-09-12 00:14:34.296911+09:00 [info] <0.934.0>@supervisor:report_progress/2:1582 Supervisor: {local,riak_repl_sup}. Started: id=riak_repl2_pg_proxy_sup,pid=<0.1179.0>.
2026-09-12 00:14:34.352538+09:00 [info] <0.1180.0>@supervisor:report_progress/2:1582 Supervisor: {local,riak_repl2_pg_sup}. Started: id=riak_repl2_pg_block_provider_sup,pid=<0.1181.0>.
2026-09-12 00:14:34.361105+09:00 [info] <0.1180.0>@supervisor:report_progress/2:1582 Supervisor: {local,riak_repl2_pg_sup}. Started: id=riak_repl2_pg_block_requester_sup,pid=<0.1182.0>.
2026-09-12 00:14:34.361244+09:00 [info] <0.1180.0>@supervisor:report_progress/2:1582 Supervisor: {local,riak_repl2_pg_sup}. Started: id=riak_repl2_pg,pid=<0.1183.0>.
2026-09-12 00:14:34.361378+09:00 [info] <0.934.0>@supervisor:report_progress/2:1582 Supervisor: {local,riak_repl_sup}. Started: id=riak_repl2_pg_sup,pid=<0.1180.0>.
2026-09-12 00:14:34.429614+09:00 [info] <0.246.0>@supervisor:report_progress/2:1582 Supervisor: {local,riak_core_stats_sup}. Started: id=riak_core_connection_mgr_stats,pid=<0.1200.0>.
2026-09-12 00:14:34.541328+09:00 [info] <0.246.0>@supervisor:report_progress/2:1582 Supervisor: {local,riak_core_stats_sup}. Started: id=riak_repl_stats,pid=<0.1204.0>.
2026-09-12 00:14:34.573028+09:00 [info] <0.213.0>@supervisor:report_progress/2:1582 Supervisor: {local,riak_core_eventhandler_sup}. Started: id={riak_core_ring_events,riak_repl_ring_handler},pid=<0.1205.0>.
2026-09-12 00:14:34.708802+09:00 [info] <0.44.0>@application_controller:info_started/2:2130 Application: riak_repl. Started at: 'openriak-kv@node-05.cluster-a.openriak'.
2026-09-12 00:14:34.709053+09:00 [info] <0.44.0>@application_controller:info_started/2:2130 Application: canola. Started at: 'openriak-kv@node-05.cluster-a.openriak'.
2026-09-12 00:14:34.775260+09:00 [info] <0.44.0>@application_controller:info_started/2:2130 Application: riak_auth_mods. Started at: 'openriak-kv@node-05.cluster-a.openriak'.
2026-09-12 00:14:34.775481+09:00 [info] <0.44.0>@application_controller:info_started/2:2130 Application: riak_logger. Started at: 'openriak-kv@node-05.cluster-a.openriak'.
2026-09-12 00:14:35.547497+09:00 [info] <0.745.0>@leveled_monitor:handle_cast/2:534 log_ref=b0015 db_id=7 Put timing with sample_count=0 ink_time=0 prep_time=0 mem_time=0 with total_object_size=0 with sample_period=2 seconds
2026-09-12 00:14:41.101339+09:00 [info] <0.748.0>@leveled_monitor:handle_cast/2:494 log_ref=b0016 db_id=2 Get timing with sample_count=0 and head_time=0 body_time=0 with fetch_count=0 with sample_period=7 seconds
2026-09-12 00:14:42.487677+09:00 [info] <0.746.0>@leveled_monitor:handle_cast/2:494 log_ref=b0016 db_id=6 Get timing with sample_count=0 and head_time=0 body_time=0 with fetch_count=0 with sample_period=9 seconds
2026-09-12 00:14:42.511212+09:00 [info] <0.1309.0>@supervisor_bridge:report_progress/4:139 Supervisor: {local,inet_gethost_native_sup}. Started: pid=<0.1310.0>,mfa={inet_gethost_native,init,[[]]}.
2026-09-12 00:14:42.511458+09:00 [info] <0.82.0>@supervisor:report_progress/2:1582 Supervisor: {local,kernel_safe_sup}. Started: id=inet_gethost_native_sup,pid=<0.1309.0>.
2026-09-12 00:14:42.580902+09:00 [info] <0.940.0>@riak_repl2_leader:become_leader/2:217 Leader2: 'openriak-kv@node-05.cluster-a.openriak' elected as replication leader
2026-09-12 00:14:46.954514+09:00 [info] <0.749.0>@leveled_monitor:handle_cast/2:551 log_ref=b0017 db_id=4 Snapshot timing with sample_count=0 and bookie_time=0 pcl_time=0 with sample_period=13 seconds
2026-09-12 00:14:47.671315+09:00 [info] <0.223.0>@riak_core_gossip:log_node_changed/3:359 'openriak-kv@node-02.cluster-a.openriak' changed from 'joining' to 'valid'
2026-09-12 00:14:47.671416+09:00 [info] <0.223.0>@riak_core_gossip:log_node_changed/3:359 'openriak-kv@node-03.cluster-a.openriak' changed from 'joining' to 'valid'
2026-09-12 00:14:47.671573+09:00 [info] <0.223.0>@riak_core_gossip:log_node_changed/3:359 'openriak-kv@node-04.cluster-a.openriak' changed from 'joining' to 'valid'
2026-09-12 00:14:47.671644+09:00 [info] <0.223.0>@riak_core_gossip:log_node_changed/3:359 'openriak-kv@node-05.cluster-a.openriak' changed from 'joining' to 'valid'
2026-09-12 00:14:54.784976+09:00 [info] <0.381.0>@riak_kv_replrtq_src:handle_info/2:646 QueueName=q1_ttaaefs has queue sizes p1=0 p2=0 p3=0
2026-09-12 00:14:57.609993+09:00 [info] <0.747.0>@leveled_monitor:handle_cast/2:494 log_ref=b0016 db_id=0 Get timing with sample_count=0 and head_time=0 body_time=0 with fetch_count=0 with sample_period=24 seconds
2026-09-12 00:15:04.848972+09:00 [info] <0.751.0>@leveled_monitor:handle_cast/2:534 log_ref=b0015 db_id=5 Put timing with sample_count=0 ink_time=0 prep_time=0 mem_time=0 with total_object_size=0 with sample_period=31 seconds
2026-09-12 00:15:05.548478+09:00 [info] <0.745.0>@leveled_monitor:handle_cast/2:515 log_ref=b0018 db_id=7 Positive HEAD responses timed with sample_count=0 and cache_count=0 found_count=0 fetch_ledger_time=0 fetch_ledgercache_time=0 rsp_time=0 notfound_time=0 with sample_period=32 seconds
2026-09-12 00:15:11.101982+09:00 [info] <0.748.0>@leveled_monitor:handle_cast/2:625 log_ref=cdb19 db_id=2 Sample timings in microseconds for sample_count=0 with totals of cycle_count=0 index_time=0 read_time=0 with sample_period=37 seconds
2026-09-12 00:15:12.488175+09:00 [info] <0.746.0>@leveled_monitor:handle_cast/2:580 log_ref=p0032 db_id=6 Fetch head timing with sample_count=0 and level timings of foundmem_time=0 found0_time=0 found1_time=0 found2_time=0 found3_time=0 foundlower_time=0 missed_time=0 with counts of foundmem_count=0 found0_count=0 found1_count=0 found2_count=0 found3_count=0 foundlower_count=0 missed_count=0 with sample_period=39 seconds
2026-09-12 00:15:12.518339+09:00 [info] <0.750.0>@leveled_monitor:handle_cast/2:580 log_ref=p0032 db_id=3 Fetch head timing with sample_count=0 and level timings of foundmem_time=0 found0_time=0 found1_time=0 found2_time=0 found3_time=0 foundlower_time=0 missed_time=0 with counts of foundmem_count=0 found0_count=0 found1_count=0 found2_count=0 found3_count=0 foundlower_count=0 missed_count=0 with sample_period=39 seconds
2026-09-12 00:15:16.955687+09:00 [info] <0.749.0>@leveled_monitor:handle_cast/2:494 log_ref=b0016 db_id=4 Get timing with sample_count=0 and head_time=0 body_time=0 with fetch_count=0 with sample_period=43 seconds
2026-09-12 00:15:24.768209+09:00 [info] <0.380.0>@riak_kv_ttaaefs_manager:handle_info/2:648 Initiated Tictac AAE Full-Sync Mgr with scope=disabled
2026-09-12 00:15:24.768355+09:00 [info] <0.380.0>@riak_kv_ttaaefs_manager:handle_info/2:668 Initiating schedule at startup SlotInfo {5,5,1} Schedule [{no_check,24},{all_check,0},{day_check,0},{hour_check,0},{range_check,0},{auto_check,0}]
2026-09-12 00:15:24.768522+09:00 [info] <0.380.0>@riak_kv_ttaaefs_manager:handle_info/2:686 Scheduling work_item=no_check in 5559 seconds 23 items to run in schedule
2026-09-12 00:15:24.785975+09:00 [info] <0.381.0>@riak_kv_replrtq_src:handle_info/2:646 QueueName=q1_ttaaefs has queue sizes p1=0 p2=0 p3=0
2026-09-12 00:15:24.804934+09:00 [info] <0.384.0>@riak_kv_overflow_queue:log/5:129 riak_kv_reaper job_id=0 has attempts=0 aborts=0 Queue lengths queue_p2=0 queue_p1=0 Overflow lengths overflow_p2=0 overflow_p1=0 Discard counts discard_p2=0 discard_p1=0
2026-09-12 00:15:24.811519+09:00 [info] <0.385.0>@riak_kv_overflow_queue:log/5:129 riak_kv_eraser job_id=0 has attempts=0 aborts=0 Queue lengths queue_p2=0 queue_p1=0 Overflow lengths overflow_p2=0 overflow_p1=0 Discard counts discard_p2=0 discard_p1=0
2026-09-12 00:15:24.813002+09:00 [info] <0.386.0>@riak_kv_overflow_queue:log/5:129 riak_kv_reader job_id=0 has attempts=0 aborts=0 Queue lengths queue_p2=0 queue_p1=0 Overflow lengths overflow_p2=0 overflow_p1=0 Discard counts discard_p2=0 discard_p1=0
2026-09-12 00:15:25.060963+09:00 [info] <0.557.0>@riak_core_worker_pool:handle_info/3:257 worker_pool=af1_pool has qlen=0 and no items checked out
2026-09-12 00:15:25.061348+09:00 [info] <0.562.0>@riak_core_worker_pool:handle_info/3:257 worker_pool=af2_pool has qlen=0 and no items checked out
2026-09-12 00:15:25.061714+09:00 [info] <0.566.0>@riak_core_worker_pool:handle_info/3:257 worker_pool=af3_pool has qlen=0 and no items checked out
2026-09-12 00:15:25.064425+09:00 [info] <0.573.0>@riak_core_worker_pool:handle_info/3:257 worker_pool=af4_pool has qlen=0 and no items checked out
2026-09-12 00:15:25.064462+09:00 [info] <0.577.0>@riak_core_worker_pool:handle_info/3:257 worker_pool=be_pool has qlen=0 and no items checked out
2026-09-12 00:15:27.611482+09:00 [info] <0.747.0>@leveled_monitor:handle_cast/2:515 log_ref=b0018 db_id=0 Positive HEAD responses timed with sample_count=0 and cache_count=0 found_count=0 fetch_ledger_time=0 fetch_ledgercache_time=0 rsp_time=0 notfound_time=0 with sample_period=54 seconds
2026-09-12 00:15:34.850291+09:00 [info] <0.751.0>@leveled_monitor:handle_cast/2:551 log_ref=b0017 db_id=5 Snapshot timing with sample_count=0 and bookie_time=0 pcl_time=0 with sample_period=61 seconds
2026-09-12 00:15:35.549012+09:00 [info] <0.745.0>@leveled_monitor:handle_cast/2:551 log_ref=b0017 db_id=7 Snapshot timing with sample_count=0 and bookie_time=0 pcl_time=0 with sample_period=62 seconds
2026-09-12 00:15:40.328696+09:00 [info] <0.932.0>@riak_core_vnode:finish_handoff/2:788 1278813932664540053428224228626747642198940975104 riak_pipe_vnode vnode finished handoff and deleted in 0 milliseconds
2026-09-12 00:15:41.102986+09:00 [info] <0.748.0>@leveled_monitor:handle_cast/2:551 log_ref=b0017 db_id=2 Snapshot timing with sample_count=0 and bookie_time=0 pcl_time=0 with sample_period=67 seconds
2026-09-12 00:15:42.488981+09:00 [info] <0.746.0>@leveled_monitor:handle_cast/2:625 log_ref=cdb19 db_id=6 Sample timings in microseconds for sample_count=0 with totals of cycle_count=0 index_time=0 read_time=0 with sample_period=69 seconds
2026-09-12 00:15:42.519067+09:00 [info] <0.750.0>@leveled_monitor:handle_cast/2:551 log_ref=b0017 db_id=3 Snapshot timing with sample_count=0 and bookie_time=0 pcl_time=0 with sample_period=69 seconds
2026-09-12 00:15:42.816730+09:00 [warning] <0.738.0>@leveled_bookie:handle_call/3:1732 log_ref=b0011 db_id=4 Call to destroy the store and so all files to be removed
2026-09-12 00:15:42.816969+09:00 [warning] <0.755.0>@leveled_inker:handle_call/3:776 log_ref=i0018 db_id=4 We're doomed - intention recorded to destroy all files
2026-09-12 00:15:42.817078+09:00 [info] <0.755.0>@leveled_inker:handle_call/3:780 log_ref=i0005 db_id=4 Inker closing journal for reason doom
2026-09-12 00:15:42.817231+09:00 [info] <0.755.0>@leveled_inker:handle_call/3:782 log_ref=i0006 db_id=4 Close triggered with journal_sqn=0 and manifest_sqn=2
2026-09-12 00:15:42.817356+09:00 [info] <0.755.0>@leveled_inker:shutdown_manifest/1:1036 log_ref=i0007 db_id=4 Inker manifest when closing is:
2026-09-12 00:15:42.817966+09:00 [warning] <0.779.0>@leveled_penciller:handle_call/3:1093 log_ref=p0030 db_id=4 We're doomed - intention recorded to destroy all files
2026-09-12 00:15:42.818121+09:00 [info] <0.787.0>@leveled_pclerk:terminate/2:178 log_ref=pc005 db_id=4 Penciller's Clerk <0.787.0> shutdown now complete for reason normal
2026-09-12 00:15:42.827256+09:00 [info] <0.738.0>@leveled_bookie:terminate/2:1803 log_ref=b0003 db_id=4 Bookie closing for reason normal
2026-09-12 00:15:42.831261+09:00 [info] <0.836.0>@aae_treecache:handle_cast/2:354 log_ref=c0004 Destroying tree cache for partition {730750818665451459101842416358141509827966271488,3}
2026-09-12 00:15:42.831372+09:00 [info] <0.829.0>@aae_treecache:handle_cast/2:354 log_ref=c0004 Destroying tree cache for partition {548063113999088594326381812268606132370974703616,3}
2026-09-12 00:15:42.831449+09:00 [info] <0.818.0>@aae_treecache:handle_cast/2:354 log_ref=c0004 Destroying tree cache for partition {365375409332725729550921208179070754913983135744,3}
2026-09-12 00:15:42.833749+09:00 [info] <0.714.0>@riak_core_vnode:finish_handoff/2:788 730750818665451459101842416358141509827966271488 riak_kv_vnode vnode finished handoff and deleted in 25 milliseconds
2026-09-12 00:15:45.891507+09:00 [warning] <0.742.0>@leveled_bookie:handle_call/3:1732 log_ref=b0011 db_id=7 Call to destroy the store and so all files to be removed
2026-09-12 00:15:45.891635+09:00 [warning] <0.759.0>@leveled_inker:handle_call/3:776 log_ref=i0018 db_id=7 We're doomed - intention recorded to destroy all files
2026-09-12 00:15:45.891695+09:00 [info] <0.759.0>@leveled_inker:handle_call/3:780 log_ref=i0005 db_id=7 Inker closing journal for reason doom
2026-09-12 00:15:45.891763+09:00 [info] <0.759.0>@leveled_inker:handle_call/3:782 log_ref=i0006 db_id=7 Close triggered with journal_sqn=0 and manifest_sqn=2
2026-09-12 00:15:45.891875+09:00 [info] <0.759.0>@leveled_inker:shutdown_manifest/1:1036 log_ref=i0007 db_id=7 Inker manifest when closing is:
2026-09-12 00:15:45.892002+09:00 [warning] <0.778.0>@leveled_penciller:handle_call/3:1093 log_ref=p0030 db_id=7 We're doomed - intention recorded to destroy all files
2026-09-12 00:15:45.892082+09:00 [info] <0.792.0>@leveled_pclerk:terminate/2:178 log_ref=pc005 db_id=7 Penciller's Clerk <0.792.0> shutdown now complete for reason normal
2026-09-12 00:15:45.893507+09:00 [info] <0.742.0>@leveled_bookie:terminate/2:1803 log_ref=b0003 db_id=7 Bookie closing for reason normal
2026-09-12 00:15:45.893649+09:00 [info] <0.840.0>@aae_treecache:handle_cast/2:354 log_ref=c0004 Destroying tree cache for partition {1278813932664540053428224228626747642198940975104,3}
2026-09-12 00:15:45.893710+09:00 [info] <0.827.0>@aae_treecache:handle_cast/2:354 log_ref=c0004 Destroying tree cache for partition {1096126227998177188652763624537212264741949407232,3}
2026-09-12 00:15:45.893759+09:00 [info] <0.817.0>@aae_treecache:handle_cast/2:354 log_ref=c0004 Destroying tree cache for partition {913438523331814323877303020447676887284957839360,3}
2026-09-12 00:15:45.893898+09:00 [info] <0.717.0>@riak_core_vnode:finish_handoff/2:788 1278813932664540053428224228626747642198940975104 riak_kv_vnode vnode finished handoff and deleted in 4 milliseconds
2026-09-12 00:15:50.419506+09:00 [info] <0.744.0>@leveled_monitor:handle_cast/2:625 log_ref=cdb19 db_id=1 Sample timings in microseconds for sample_count=0 with totals of cycle_count=0 index_time=0 read_time=0 with sample_period=77 seconds
2026-09-12 00:15:51.716703+09:00 [info] <0.923.0>@riak_core_vnode:finish_handoff/2:788 730750818665451459101842416358141509827966271488 riak_pipe_vnode vnode finished handoff and deleted in 0 milliseconds
2026-09-12 00:15:54.788935+09:00 [info] <0.381.0>@riak_kv_replrtq_src:handle_info/2:646 QueueName=q1_ttaaefs has queue sizes p1=0 p2=0 p3=0
2026-09-12 00:16:00.700263+09:00 [info] <0.926.0>@riak_core_vnode:finish_handoff/2:788 913438523331814323877303020447676887284957839360 riak_pipe_vnode vnode finished handoff and deleted in 0 milliseconds
2026-09-12 00:16:04.851013+09:00 [info] <0.751.0>@leveled_monitor:handle_cast/2:494 log_ref=b0016 db_id=5 Get timing with sample_count=0 and head_time=0 body_time=0 with fetch_count=0 with sample_period=91 seconds
2026-09-12 00:16:06.696358+09:00 [info] <0.929.0>@riak_core_vnode:finish_handoff/2:788 1096126227998177188652763624537212264741949407232 riak_pipe_vnode vnode finished handoff and deleted in 0 milliseconds
2026-09-12 00:16:06.715066+09:00 [info] <0.700.0>@riak_core_vnode:finish_handoff/2:788 0 riak_pipe_vnode vnode finished handoff and deleted in 0 milliseconds
2026-09-12 00:16:12.491424+09:00 [info] <0.746.0>@leveled_monitor:handle_cast/2:534 log_ref=b0015 db_id=6 Put timing with sample_count=0 ink_time=0 prep_time=0 mem_time=0 with total_object_size=0 with sample_period=99 seconds
2026-09-12 00:16:12.520191+09:00 [info] <0.750.0>@leveled_monitor:handle_cast/2:625 log_ref=cdb19 db_id=3 Sample timings in microseconds for sample_count=0 with totals of cycle_count=0 index_time=0 read_time=0 with sample_period=99 seconds
2026-09-12 00:16:15.085301+09:00 [warning] <0.739.0>@leveled_bookie:handle_call/3:1732 log_ref=b0011 db_id=2 Call to destroy the store and so all files to be removed
2026-09-12 00:16:15.085479+09:00 [warning] <0.758.0>@leveled_inker:handle_call/3:776 log_ref=i0018 db_id=2 We're doomed - intention recorded to destroy all files
2026-09-12 00:16:15.085574+09:00 [info] <0.758.0>@leveled_inker:handle_call/3:780 log_ref=i0005 db_id=2 Inker closing journal for reason doom
2026-09-12 00:16:15.085684+09:00 [info] <0.758.0>@leveled_inker:handle_call/3:782 log_ref=i0006 db_id=2 Close triggered with journal_sqn=0 and manifest_sqn=2
2026-09-12 00:16:15.085808+09:00 [info] <0.758.0>@leveled_inker:shutdown_manifest/1:1036 log_ref=i0007 db_id=2 Inker manifest when closing is:
2026-09-12 00:16:15.087465+09:00 [warning] <0.784.0>@leveled_penciller:handle_call/3:1093 log_ref=p0030 db_id=2 We're doomed - intention recorded to destroy all files
2026-09-12 00:16:15.087581+09:00 [info] <0.786.0>@leveled_pclerk:terminate/2:178 log_ref=pc005 db_id=2 Penciller's Clerk <0.786.0> shutdown now complete for reason normal
2026-09-12 00:16:15.091389+09:00 [info] <0.739.0>@leveled_bookie:terminate/2:1803 log_ref=b0003 db_id=2 Bookie closing for reason normal
2026-09-12 00:16:15.091565+09:00 [info] <0.838.0>@aae_treecache:handle_cast/2:354 log_ref=c0004 Destroying tree cache for partition {365375409332725729550921208179070754913983135744,3}
2026-09-12 00:16:15.091636+09:00 [info] <0.831.0>@aae_treecache:handle_cast/2:354 log_ref=c0004 Destroying tree cache for partition {182687704666362864775460604089535377456991567872,3}
2026-09-12 00:16:15.091691+09:00 [info] <0.823.0>@aae_treecache:handle_cast/2:354 log_ref=c0004 Destroying tree cache for partition {0,3}
2026-09-12 00:16:15.091850+09:00 [info] <0.712.0>@riak_core_vnode:finish_handoff/2:788 365375409332725729550921208179070754913983135744 riak_kv_vnode vnode finished handoff and deleted in 15 milliseconds
2026-09-12 00:16:15.967852+09:00 [warning] <0.740.0>@leveled_bookie:handle_call/3:1732 log_ref=b0011 db_id=0 Call to destroy the store and so all files to be removed
2026-09-12 00:16:15.968928+09:00 [warning] <0.756.0>@leveled_inker:handle_call/3:776 log_ref=i0018 db_id=0 We're doomed - intention recorded to destroy all files
2026-09-12 00:16:15.969004+09:00 [info] <0.756.0>@leveled_inker:handle_call/3:780 log_ref=i0005 db_id=0 Inker closing journal for reason doom
2026-09-12 00:16:15.969073+09:00 [info] <0.756.0>@leveled_inker:handle_call/3:782 log_ref=i0006 db_id=0 Close triggered with journal_sqn=0 and manifest_sqn=2
2026-09-12 00:16:15.969179+09:00 [info] <0.756.0>@leveled_inker:shutdown_manifest/1:1036 log_ref=i0007 db_id=0 Inker manifest when closing is:
2026-09-12 00:16:15.973835+09:00 [warning] <0.781.0>@leveled_penciller:handle_call/3:1093 log_ref=p0030 db_id=0 We're doomed - intention recorded to destroy all files
2026-09-12 00:16:15.975500+09:00 [info] <0.789.0>@leveled_pclerk:terminate/2:178 log_ref=pc005 db_id=0 Penciller's Clerk <0.789.0> shutdown now complete for reason normal
2026-09-12 00:16:15.985745+09:00 [info] <0.740.0>@leveled_bookie:terminate/2:1803 log_ref=b0003 db_id=0 Bookie closing for reason normal
2026-09-12 00:16:15.985897+09:00 [info] <0.837.0>@aae_treecache:handle_cast/2:354 log_ref=c0004 Destroying tree cache for partition {0,3}
2026-09-12 00:16:15.985935+09:00 [info] <0.830.0>@aae_treecache:handle_cast/2:354 log_ref=c0004 Destroying tree cache for partition {1278813932664540053428224228626747642198940975104,3}
2026-09-12 00:16:15.985965+09:00 [info] <0.822.0>@aae_treecache:handle_cast/2:354 log_ref=c0004 Destroying tree cache for partition {1096126227998177188652763624537212264741949407232,3}
2026-09-12 00:16:15.986027+09:00 [info] <0.710.0>@riak_core_vnode:finish_handoff/2:788 0 riak_kv_vnode vnode finished handoff and deleted in 24 milliseconds
2026-09-12 00:16:19.767989+09:00 [info] <0.573.0>@riak_core_worker_pool:handle_info/3:257 worker_pool=af4_pool has qlen=0 and no items checked out
2026-09-12 00:16:20.181970+09:00 [info] <0.566.0>@riak_core_worker_pool:handle_info/3:257 worker_pool=af3_pool has qlen=0 and no items checked out
2026-09-12 00:16:20.420300+09:00 [info] <0.744.0>@leveled_monitor:handle_cast/2:494 log_ref=b0016 db_id=1 Get timing with sample_count=0 and head_time=0 body_time=0 with fetch_count=0 with sample_period=107 seconds
2026-09-12 00:16:21.484973+09:00 [info] <0.577.0>@riak_core_worker_pool:handle_info/3:257 worker_pool=be_pool has qlen=0 and no items checked out
2026-09-12 00:16:22.062065+09:00 [info] <0.914.0>@riak_core_vnode:finish_handoff/2:788 182687704666362864775460604089535377456991567872 riak_pipe_vnode vnode finished handoff and deleted in 0 milliseconds
2026-09-12 00:16:23.414976+09:00 [info] <0.557.0>@riak_core_worker_pool:handle_info/3:257 worker_pool=af1_pool has qlen=0 and no items checked out
2026-09-12 00:16:23.870077+09:00 [warning] <0.736.0>@leveled_bookie:handle_call/3:1732 log_ref=b0011 db_id=5 Call to destroy the store and so all files to be removed
2026-09-12 00:16:23.870483+09:00 [warning] <0.753.0>@leveled_inker:handle_call/3:776 log_ref=i0018 db_id=5 We're doomed - intention recorded to destroy all files
2026-09-12 00:16:23.870923+09:00 [info] <0.753.0>@leveled_inker:handle_call/3:780 log_ref=i0005 db_id=5 Inker closing journal for reason doom
2026-09-12 00:16:23.871055+09:00 [info] <0.753.0>@leveled_inker:handle_call/3:782 log_ref=i0006 db_id=5 Close triggered with journal_sqn=0 and manifest_sqn=2
2026-09-12 00:16:23.871184+09:00 [info] <0.753.0>@leveled_inker:shutdown_manifest/1:1036 log_ref=i0007 db_id=5 Inker manifest when closing is:
2026-09-12 00:16:23.872400+09:00 [warning] <0.782.0>@leveled_penciller:handle_call/3:1093 log_ref=p0030 db_id=5 We're doomed - intention recorded to destroy all files
2026-09-12 00:16:23.873112+09:00 [info] <0.785.0>@leveled_pclerk:terminate/2:178 log_ref=pc005 db_id=5 Penciller's Clerk <0.785.0> shutdown now complete for reason normal
2026-09-12 00:16:23.876323+09:00 [info] <0.736.0>@leveled_bookie:terminate/2:1803 log_ref=b0003 db_id=5 Bookie closing for reason normal
2026-09-12 00:16:23.876660+09:00 [info] <0.833.0>@aae_treecache:handle_cast/2:354 log_ref=c0004 Destroying tree cache for partition {913438523331814323877303020447676887284957839360,3}
2026-09-12 00:16:23.876732+09:00 [info] <0.825.0>@aae_treecache:handle_cast/2:354 log_ref=c0004 Destroying tree cache for partition {730750818665451459101842416358141509827966271488,3}
2026-09-12 00:16:23.876733+09:00 [info] <0.819.0>@aae_treecache:handle_cast/2:354 log_ref=c0004 Destroying tree cache for partition {548063113999088594326381812268606132370974703616,3}
2026-09-12 00:16:23.876920+09:00 [info] <0.715.0>@riak_core_vnode:finish_handoff/2:788 913438523331814323877303020447676887284957839360 riak_kv_vnode vnode finished handoff and deleted in 12 milliseconds
2026-09-12 00:16:24.495231+09:00 [info] <0.562.0>@riak_core_worker_pool:handle_info/3:257 worker_pool=af2_pool has qlen=0 and no items checked out
2026-09-12 00:16:24.790057+09:00 [info] <0.381.0>@riak_kv_replrtq_src:handle_info/2:646 QueueName=q1_ttaaefs has queue sizes p1=0 p2=0 p3=0
2026-09-12 00:16:24.805967+09:00 [info] <0.384.0>@riak_kv_overflow_queue:log/5:129 riak_kv_reaper job_id=0 has attempts=0 aborts=0 Queue lengths queue_p2=0 queue_p1=0 Overflow lengths overflow_p2=0 overflow_p1=0 Discard counts discard_p2=0 discard_p1=0
2026-09-12 00:16:24.811961+09:00 [info] <0.385.0>@riak_kv_overflow_queue:log/5:129 riak_kv_eraser job_id=0 has attempts=0 aborts=0 Queue lengths queue_p2=0 queue_p1=0 Overflow lengths overflow_p2=0 overflow_p1=0 Discard counts discard_p2=0 discard_p1=0
2026-09-12 00:16:24.815045+09:00 [info] <0.386.0>@riak_kv_overflow_queue:log/5:129 riak_kv_reader job_id=0 has attempts=0 aborts=0 Queue lengths queue_p2=0 queue_p1=0 Overflow lengths overflow_p2=0 overflow_p1=0 Discard counts discard_p2=0 discard_p1=0
2026-09-12 00:16:24.825061+09:00 [info] <0.917.0>@riak_core_vnode:finish_handoff/2:788 365375409332725729550921208179070754913983135744 riak_pipe_vnode vnode finished handoff and deleted in 0 milliseconds
2026-09-12 00:16:26.632644+09:00 [warning] <0.741.0>@leveled_bookie:handle_call/3:1732 log_ref=b0011 db_id=6 Call to destroy the store and so all files to be removed
2026-09-12 00:16:26.632767+09:00 [warning] <0.757.0>@leveled_inker:handle_call/3:776 log_ref=i0018 db_id=6 We're doomed - intention recorded to destroy all files
2026-09-12 00:16:26.632854+09:00 [info] <0.757.0>@leveled_inker:handle_call/3:780 log_ref=i0005 db_id=6 Inker closing journal for reason doom
2026-09-12 00:16:26.632966+09:00 [info] <0.757.0>@leveled_inker:handle_call/3:782 log_ref=i0006 db_id=6 Close triggered with journal_sqn=0 and manifest_sqn=2
2026-09-12 00:16:26.633104+09:00 [info] <0.757.0>@leveled_inker:shutdown_manifest/1:1036 log_ref=i0007 db_id=6 Inker manifest when closing is:
2026-09-12 00:16:26.634150+09:00 [warning] <0.783.0>@leveled_penciller:handle_call/3:1093 log_ref=p0030 db_id=6 We're doomed - intention recorded to destroy all files
2026-09-12 00:16:26.634262+09:00 [info] <0.788.0>@leveled_pclerk:terminate/2:178 log_ref=pc005 db_id=6 Penciller's Clerk <0.788.0> shutdown now complete for reason normal
2026-09-12 00:16:26.640025+09:00 [info] <0.741.0>@leveled_bookie:terminate/2:1803 log_ref=b0003 db_id=6 Bookie closing for reason normal
2026-09-12 00:16:26.640214+09:00 [info] <0.834.0>@aae_treecache:handle_cast/2:354 log_ref=c0004 Destroying tree cache for partition {1096126227998177188652763624537212264741949407232,3}
2026-09-12 00:16:26.640295+09:00 [info] <0.826.0>@aae_treecache:handle_cast/2:354 log_ref=c0004 Destroying tree cache for partition {913438523331814323877303020447676887284957839360,3}
2026-09-12 00:16:26.640352+09:00 [info] <0.821.0>@aae_treecache:handle_cast/2:354 log_ref=c0004 Destroying tree cache for partition {730750818665451459101842416358141509827966271488,3}
2026-09-12 00:16:26.640555+09:00 [info] <0.716.0>@riak_core_vnode:finish_handoff/2:788 1096126227998177188652763624537212264741949407232 riak_kv_vnode vnode finished handoff and deleted in 13 milliseconds
2026-09-12 00:16:28.795112+09:00 [warning] <0.743.0>@leveled_bookie:handle_call/3:1732 log_ref=b0011 db_id=1 Call to destroy the store and so all files to be removed
2026-09-12 00:16:28.795269+09:00 [warning] <0.752.0>@leveled_inker:handle_call/3:776 log_ref=i0018 db_id=1 We're doomed - intention recorded to destroy all files
2026-09-12 00:16:28.795370+09:00 [info] <0.752.0>@leveled_inker:handle_call/3:780 log_ref=i0005 db_id=1 Inker closing journal for reason doom
2026-09-12 00:16:28.795448+09:00 [info] <0.752.0>@leveled_inker:handle_call/3:782 log_ref=i0006 db_id=1 Close triggered with journal_sqn=0 and manifest_sqn=2
2026-09-12 00:16:28.795545+09:00 [info] <0.752.0>@leveled_inker:shutdown_manifest/1:1036 log_ref=i0007 db_id=1 Inker manifest when closing is:
2026-09-12 00:16:28.801067+09:00 [warning] <0.777.0>@leveled_penciller:handle_call/3:1093 log_ref=p0030 db_id=1 We're doomed - intention recorded to destroy all files
2026-09-12 00:16:28.802065+09:00 [info] <0.791.0>@leveled_pclerk:terminate/2:178 log_ref=pc005 db_id=1 Penciller's Clerk <0.791.0> shutdown now complete for reason normal
2026-09-12 00:16:28.815284+09:00 [info] <0.743.0>@leveled_bookie:terminate/2:1803 log_ref=b0003 db_id=1 Bookie closing for reason normal
2026-09-12 00:16:28.815582+09:00 [info] <0.835.0>@aae_treecache:handle_cast/2:354 log_ref=c0004 Destroying tree cache for partition {182687704666362864775460604089535377456991567872,3}
2026-09-12 00:16:28.815667+09:00 [info] <0.828.0>@aae_treecache:handle_cast/2:354 log_ref=c0004 Destroying tree cache for partition {0,3}
2026-09-12 00:16:28.815734+09:00 [info] <0.820.0>@aae_treecache:handle_cast/2:354 log_ref=c0004 Destroying tree cache for partition {1278813932664540053428224228626747642198940975104,3}
2026-09-12 00:16:28.815919+09:00 [info] <0.711.0>@riak_core_vnode:finish_handoff/2:788 182687704666362864775460604089535377456991567872 riak_kv_vnode vnode finished handoff and deleted in 27 milliseconds
2026-09-12 00:16:42.520949+09:00 [info] <0.750.0>@leveled_monitor:handle_cast/2:534 log_ref=b0015 db_id=3 Put timing with sample_count=0 ink_time=0 prep_time=0 mem_time=0 with total_object_size=0 with sample_period=129 seconds
2026-09-12 00:16:54.791867+09:00 [info] <0.381.0>@riak_kv_replrtq_src:handle_info/2:646 QueueName=q1_ttaaefs has queue sizes p1=0 p2=0 p3=0
2026-09-12 00:17:12.521945+09:00 [info] <0.750.0>@leveled_monitor:handle_cast/2:494 log_ref=b0016 db_id=3 Get timing with sample_count=0 and head_time=0 body_time=0 with fetch_count=0 with sample_period=159 seconds
2026-09-12 00:17:15.016831+09:00 [info] <0.566.0>@riak_core_worker_pool:handle_info/3:257 worker_pool=af3_pool has qlen=0 and no items checked out
2026-09-12 00:17:15.253651+09:00 [info] <0.605.0>@riak_repl_app:prep_stop/1:336 Redirecting realtime replication traffic
2026-09-12 00:17:15.264396+09:00 [info] <0.82.0>@supervisor:report_progress/2:1582 Supervisor: {local,kernel_safe_sup}. Started: id=riak_repl2_rtq_proxy,pid=<0.5207.0>.
2026-09-12 00:17:15.264560+09:00 [info] <0.605.0>@riak_repl_app:prep_stop/1:339 Stopping application riak_repl - marked service down.
2026-09-12 00:17:15.267500+09:00 [info] <0.5208.0>@riak_repl_migration:init/0:33 Riak replication migration server started
2026-09-12 00:17:15.267623+09:00 [info] <0.605.0>@riak_repl_app:prep_stop/1:343 Started migration server
2026-09-12 00:17:15.267714+09:00 [info] <0.5208.0>@riak_repl_migration:handle_call/3:37 Realtime Repl queue migration sleeping
2026-09-12 00:17:15.368021+09:00 [info] <0.5208.0>@riak_repl_migration:handle_info/2:50 Queue empty, no replication queue migration required
2026-09-12 00:17:16.152764+09:00 [info] <0.1315.0>@riak_repl_leader_helper:handle_DOWN/3:110 Replication candidate node 'openriak-kv@node-04.cluster-a.openriak' down
2026-09-12 00:17:16.321290+09:00 [info] <0.1315.0>@riak_repl_leader_helper:handle_DOWN/3:110 Replication candidate node 'openriak-kv@node-03.cluster-a.openriak' down
2026-09-12 00:17:16.370269+09:00 [info] <0.605.0>@riak_repl_app:stop/1:139 Stopped application riak_repl
2026-09-12 00:17:16.382549+09:00 [info] <0.350.0>@riak_kv_app:prep_stop/1:275 Stopping application riak_kv - marked service down.
2026-09-12 00:17:16.389325+09:00 [info] <0.350.0>@riak_kv_app:prep_stop/1:279 Unregistered pb services
2026-09-12 00:17:16.393745+09:00 [info] <0.5207.0>@riak_repl2_rtq_proxy:handle_info/2:94 rtq proxy target 'openriak-kv@node-01.cluster-a.openriak' is down
2026-09-12 00:17:16.396097+09:00 [info] <0.350.0>@riak_kv_app:prep_stop/1:284 unregistered webmachine routes
2026-09-12 00:17:16.396275+09:00 [info] <0.350.0>@riak_kv_app:prep_stop/1:286 all active put FSMs completed
2026-09-12 00:17:16.397587+09:00 [info] <0.350.0>@riak_kv_app:stop/1:297 Stopped  application riak_kv.
2026-09-12 00:17:16.409943+09:00 [info] <0.754.0>@leveled_inker:handle_call/3:780 log_ref=i0005 db_id=3 Inker closing journal for reason close
2026-09-12 00:17:16.410250+09:00 [info] <0.754.0>@leveled_inker:handle_call/3:782 log_ref=i0006 db_id=3 Close triggered with journal_sqn=0 and manifest_sqn=2
2026-09-12 00:17:16.410371+09:00 [info] <0.754.0>@leveled_inker:shutdown_manifest/1:1036 log_ref=i0007 db_id=3 Inker manifest when closing is:
2026-09-12 00:17:16.410683+09:00 [info] <0.790.0>@leveled_pclerk:terminate/2:178 log_ref=pc005 db_id=3 Penciller's Clerk <0.790.0> shutdown now complete for reason normal
2026-09-12 00:17:16.410776+09:00 [info] <0.780.0>@leveled_penciller:handle_call/3:1068 log_ref=p0008 db_id=3 Penciller closing for reason close
2026-09-12 00:17:16.410849+09:00 [info] <0.780.0>@leveled_penciller:handle_call/3:1084 log_ref=p0010 db_id=3 level zero discarded_count=0 on close of Penciller
2026-09-12 00:17:16.410980+09:00 [info] <0.737.0>@leveled_bookie:terminate/2:1803 log_ref=b0003 db_id=3 Bookie closing for reason normal
2026-09-12 00:17:16.472704+09:00 [info] <0.839.0>@aae_treecache:save_to_disk/3:403 log_ref=c0003 Saving tree cache to path /var/lib/riak/tictac_aae/548063113999088594326381812268606132370974703616/aaetree/548063113999088594326381812268606132370974703616_3/ and filename 1.pnd
2026-09-12 00:17:16.499459+09:00 [info] <0.5207.0>@riak_repl2_rtq_proxy:handle_info/2:94 rtq proxy target 'openriak-kv@node-02.cluster-a.openriak' is down
2026-09-12 00:17:16.582650+09:00 [info] <0.832.0>@aae_treecache:save_to_disk/3:403 log_ref=c0003 Saving tree cache to path /var/lib/riak/tictac_aae/548063113999088594326381812268606132370974703616/aaetree/365375409332725729550921208179070754913983135744_3/ and filename 1.pnd
2026-09-12 00:17:16.653529+09:00 [info] <0.824.0>@aae_treecache:save_to_disk/3:403 log_ref=c0003 Saving tree cache to path /var/lib/riak/tictac_aae/548063113999088594326381812268606132370974703616/aaetree/182687704666362864775460604089535377456991567872_3/ and filename 1.pnd
2026-09-12 00:17:16.655339+09:00 [info] <0.208.0>@riak_core_app:stop/1:118 Stopped  application riak_core.
2026-09-12 00:17:16.666089+09:00 [notice] <0.140.0>@: alarm_handler: {clear,system_memory_high_watermark}
