2026-09-11 18:25:44.129037+09:00 [info] <0.44.0>@application_controller:info_started/2:2130 Application: kernel. Started at: 'openriak-kv@node-02.cluster-a.openriak'.
2026-09-11 18:25:44.200068+09:00 [info] <0.44.0>@application_controller:info_started/2:2130 Application: stdlib. Started at: 'openriak-kv@node-02.cluster-a.openriak'.
2026-09-11 18:25:44.200226+09:00 [info] <0.44.0>@application_controller:info_started/2:2130 Application: asn1. Started at: 'openriak-kv@node-02.cluster-a.openriak'.
2026-09-11 18:25:44.200340+09:00 [info] <0.44.0>@application_controller:info_started/2:2130 Application: crypto. Started at: 'openriak-kv@node-02.cluster-a.openriak'.
2026-09-11 18:25:44.200409+09:00 [info] <0.44.0>@application_controller:info_started/2:2130 Application: public_key. Started at: 'openriak-kv@node-02.cluster-a.openriak'.
2026-09-11 18:25:44.212207+09:00 [info] <0.77.0>@supervisor:report_progress/2:1582 Supervisor: {local,logger_sup}. Started: id=ssl_handler,pid=<0.97.0>.
2026-09-11 18:25:44.218779+09:00 [info] <0.100.0>@supervisor:report_progress/2:1582 Supervisor: {local,ssl_admin_sup}. Started: id=ssl_pem_cache,pid=<0.101.0>.
2026-09-11 18:25:44.223773+09:00 [info] <0.100.0>@supervisor:report_progress/2:1582 Supervisor: {local,ssl_admin_sup}. Started: id=ssl_manager,pid=<0.102.0>.
2026-09-11 18:25:44.227392+09:00 [info] <0.100.0>@supervisor:report_progress/2:1582 Supervisor: {local,ssl_admin_sup}. Started: id=tls_client_ticket_store,pid=<0.103.0>.
2026-09-11 18:25:44.227538+09:00 [info] <0.99.0>@supervisor:report_progress/2:1582 Supervisor: {local,ssl_sup}. Started: id=ssl_admin_sup,pid=<0.100.0>.
2026-09-11 18:25:44.230140+09:00 [info] <0.105.0>@supervisor:report_progress/2:1582 Supervisor: {local,tls_sup}. Started: id=tls_connection_sup,pid=<0.106.0>.
2026-09-11 18:25:44.231882+09:00 [info] <0.107.0>@supervisor:report_progress/2:1582 Supervisor: {local,tls_server_sup}. Started: id=ssl_listen_tracker_sup,pid=<0.108.0>.
2026-09-11 18:25:44.233264+09:00 [info] <0.107.0>@supervisor:report_progress/2:1582 Supervisor: {local,tls_server_sup}. Started: id=tls_server_session_ticket,pid=<0.109.0>.
2026-09-11 18:25:44.236528+09:00 [info] <0.107.0>@supervisor:report_progress/2:1582 Supervisor: {local,tls_server_sup}. Started: id=ssl_server_session_cache_sup,pid=<0.110.0>.
2026-09-11 18:25:44.252530+09:00 [info] <0.107.0>@supervisor:report_progress/2:1582 Supervisor: {local,tls_server_sup}. Started: id=ssl_upgrade_server_session_cache_sup,pid=<0.111.0>.
2026-09-11 18:25:44.252744+09:00 [info] <0.105.0>@supervisor:report_progress/2:1582 Supervisor: {local,tls_sup}. Started: id=tls_server_sup,pid=<0.107.0>.
2026-09-11 18:25:44.252874+09:00 [info] <0.104.0>@supervisor:report_progress/2:1582 Supervisor: {local,ssl_connection_sup}. Started: id=tls_sup,pid=<0.105.0>.
2026-09-11 18:25:44.263482+09:00 [info] <0.114.0>@supervisor:report_progress/2:1582 Supervisor: {local,dtls_sup}. Started: id=dtls_connection_sup,pid=<0.115.0>.
2026-09-11 18:25:44.268353+09:00 [info] <0.116.0>@supervisor:report_progress/2:1582 Supervisor: {local,dtls_server_sup}. Started: id=dtls_listener_sup,pid=<0.118.0>.
2026-09-11 18:25:44.269499+09:00 [info] <0.116.0>@supervisor:report_progress/2:1582 Supervisor: {local,dtls_server_sup}. Started: id=dtls_server_session_cache_sup,pid=<0.119.0>.
2026-09-11 18:25:44.269638+09:00 [info] <0.114.0>@supervisor:report_progress/2:1582 Supervisor: {local,dtls_sup}. Started: id=dtls_server_sup,pid=<0.116.0>.
2026-09-11 18:25:44.269736+09:00 [info] <0.104.0>@supervisor:report_progress/2:1582 Supervisor: {local,ssl_connection_sup}. Started: id=dtls_sup,pid=<0.114.0>.
2026-09-11 18:25:44.269826+09:00 [info] <0.99.0>@supervisor:report_progress/2:1582 Supervisor: {local,ssl_sup}. Started: id=ssl_connection_sup,pid=<0.104.0>.
2026-09-11 18:25:44.269939+09:00 [info] <0.44.0>@application_controller:info_started/2:2130 Application: ssl. Started at: 'openriak-kv@node-02.cluster-a.openriak'.
2026-09-11 18:25:44.270297+09:00 [info] <0.44.0>@application_controller:info_started/2:2130 Application: hut. Started at: 'openriak-kv@node-02.cluster-a.openriak'.
2026-09-11 18:25:44.285478+09:00 [info] <0.124.0>@supervisor:report_progress/2:1582 Supervisor: {local,setup_sup}. Started: id=setup_srv,pid=<0.125.0>.
2026-09-11 18:25:44.292631+09:00 [notice] <0.125.0>@: Setup running ...
2026-09-11 18:25:44.300377+09:00 [notice] <0.125.0>@: Directories verified. Res = ok
2026-09-11 18:25:44.308360+09:00 [notice] <0.125.0>@: Setup finished processing hooks (Mode=normal)...
2026-09-11 18:25:44.308541+09:00 [info] <0.44.0>@application_controller:info_started/2:2130 Application: setup. Started at: 'openriak-kv@node-02.cluster-a.openriak'.
2026-09-11 18:25:44.308712+09:00 [info] <0.44.0>@application_controller:info_started/2:2130 Application: syntax_tools. Started at: 'openriak-kv@node-02.cluster-a.openriak'.
2026-09-11 18:25:44.308827+09:00 [info] <0.44.0>@application_controller:info_started/2:2130 Application: compiler. Started at: 'openriak-kv@node-02.cluster-a.openriak'.
2026-09-11 18:25:44.308894+09:00 [info] <0.44.0>@application_controller:info_started/2:2130 Application: parse_trans. Started at: 'openriak-kv@node-02.cluster-a.openriak'.
2026-09-11 18:25:44.345625+09:00 [info] <0.132.0>@supervisor:report_progress/2:1582 Supervisor: {local,exometer_core_sup}. Started: id=exometer_admin,pid=<0.133.0>.
2026-09-11 18:25:44.348471+09:00 [info] <0.132.0>@supervisor:report_progress/2:1582 Supervisor: {local,exometer_core_sup}. Started: id=exometer_cache,pid=<0.134.0>.
2026-09-11 18:25:44.356915+09:00 [info] <0.132.0>@supervisor:report_progress/2:1582 Supervisor: {local,exometer_core_sup}. Started: id=exometer_report,pid=<0.135.0>.
2026-09-11 18:25:44.360001+09:00 [info] <0.132.0>@supervisor:report_progress/2:1582 Supervisor: {local,exometer_core_sup}. Started: id=exometer_report_logger_sup,pid=<0.136.0>.
2026-09-11 18:25:44.361825+09:00 [info] <0.132.0>@supervisor:report_progress/2:1582 Supervisor: {local,exometer_core_sup}. Started: id=exometer_alias,pid=<0.137.0>.
2026-09-11 18:25:44.362158+09:00 [info] <0.135.0>@exometer_report:do_start_reporters/1:695 Starting reporters with []
2026-09-11 18:25:44.362373+09:00 [info] <0.44.0>@application_controller:info_started/2:2130 Application: exometer_core. Started at: 'openriak-kv@node-02.cluster-a.openriak'.
2026-09-11 18:25:44.367984+09:00 [info] <0.142.0>@supervisor:report_progress/2:1582 Supervisor: {local,sasl_safe_sup}. Started: id=alarm_handler,pid=<0.143.0>.
2026-09-11 18:25:44.368172+09:00 [info] <0.141.0>@supervisor:report_progress/2:1582 Supervisor: {local,sasl_sup}. Started: id=sasl_safe_sup,pid=<0.142.0>.
2026-09-11 18:25:44.374287+09:00 [info] <0.141.0>@supervisor:report_progress/2:1582 Supervisor: {local,sasl_sup}. Started: id=release_handler,pid=<0.144.0>.
2026-09-11 18:25:44.374515+09:00 [info] <0.44.0>@application_controller:info_started/2:2130 Application: sasl. Started at: 'openriak-kv@node-02.cluster-a.openriak'.
2026-09-11 18:25:44.378042+09:00 [info] <0.49.0>@supervisor:report_progress/2:1582 Supervisor: {local,kernel_sup}. Started: id=timer_server,pid=<0.151.0>.
2026-09-11 18:25:44.378212+09:00 [info] <0.149.0>@supervisor:report_progress/2:1582 Supervisor: {local,riak_sysmon_sup}. Started: id=riak_sysmon_filter,pid=<0.150.0>.
2026-09-11 18:25:44.378306+09:00 [info] <0.149.0>@supervisor:report_progress/2:1582 Supervisor: {local,riak_sysmon_sup}. Started: id=riak_sysmon_mgr,pid=<0.153.0>.
2026-09-11 18:25:44.378384+09:00 [info] <0.44.0>@application_controller:info_started/2:2130 Application: riak_sysmon. Started at: 'openriak-kv@node-02.cluster-a.openriak'.
2026-09-11 18:25:44.382491+09:00 [info] <0.157.0>@supervisor:report_progress/2:1582 Supervisor: {local,os_mon_sup}. Started: id=disksup,pid=<0.158.0>.
2026-09-11 18:25:44.385547+09:00 [info] <0.157.0>@supervisor:report_progress/2:1582 Supervisor: {local,os_mon_sup}. Started: id=memsup,pid=<0.159.0>.
2026-09-11 18:25:44.389420+09:00 [info] <0.157.0>@supervisor:report_progress/2:1582 Supervisor: {local,os_mon_sup}. Started: id=cpu_sup,pid=<0.161.0>.
2026-09-11 18:25:44.389664+09:00 [info] <0.44.0>@application_controller:info_started/2:2130 Application: os_mon. Started at: 'openriak-kv@node-02.cluster-a.openriak'.
2026-09-11 18:25:44.389837+09:00 [info] <0.44.0>@application_controller:info_started/2:2130 Application: observer. Started at: 'openriak-kv@node-02.cluster-a.openriak'.
2026-09-11 18:25:44.399070+09:00 [info] <0.168.0>@supervisor:report_progress/2:1582 Supervisor: {local,runtime_tools_sup}. Started: id=ttb_autostart,pid=<0.169.0>.
2026-09-11 18:25:44.399250+09:00 [info] <0.44.0>@application_controller:info_started/2:2130 Application: runtime_tools. Started at: 'openriak-kv@node-02.cluster-a.openriak'.
2026-09-11 18:25:44.399477+09:00 [info] <0.44.0>@application_controller:info_started/2:2130 Application: xmerl. Started at: 'openriak-kv@node-02.cluster-a.openriak'.
2026-09-11 18:25:44.424719+09:00 [info] <0.176.0>@supervisor:report_progress/2:1582 Supervisor: {local,httpc_profile_sup}. Started: id=httpc_manager,pid=<0.177.0>.
2026-09-11 18:25:44.424893+09:00 [info] <0.175.0>@supervisor:report_progress/2:1582 Supervisor: {local,httpc_sup}. Started: id=httpc_profile_sup,pid=<0.176.0>.
2026-09-11 18:25:44.429298+09:00 [info] <0.175.0>@supervisor:report_progress/2:1582 Supervisor: {local,httpc_sup}. Started: id=httpc_handler_sup,pid=<0.178.0>.
2026-09-11 18:25:44.429656+09:00 [info] <0.174.0>@supervisor:report_progress/2:1582 Supervisor: {local,inets_sup}. Started: id=httpc_sup,pid=<0.175.0>.
2026-09-11 18:25:44.433902+09:00 [info] <0.174.0>@supervisor:report_progress/2:1582 Supervisor: {local,inets_sup}. Started: id=httpd_sup,pid=<0.179.0>.
2026-09-11 18:25:44.434073+09:00 [info] <0.44.0>@application_controller:info_started/2:2130 Application: inets. Started at: 'openriak-kv@node-02.cluster-a.openriak'.
2026-09-11 18:25:44.434311+09:00 [info] <0.44.0>@application_controller:info_started/2:2130 Application: mochiweb. Started at: 'openriak-kv@node-02.cluster-a.openriak'.
2026-09-11 18:25:44.438311+09:00 [info] <0.184.0>@supervisor:report_progress/2:1582 Supervisor: {local,webmachine_sup}. Started: id=webmachine_logger,pid=<0.185.0>.
2026-09-11 18:25:44.439980+09:00 [info] <0.184.0>@supervisor:report_progress/2:1582 Supervisor: {local,webmachine_sup}. Started: id=webmachine_logger_watcher_sup,pid=<0.186.0>.
2026-09-11 18:25:44.442960+09:00 [info] <0.184.0>@supervisor:report_progress/2:1582 Supervisor: {local,webmachine_sup}. Started: id=webmachine_router,pid=<0.187.0>.
2026-09-11 18:25:44.443201+09:00 [info] <0.44.0>@application_controller:info_started/2:2130 Application: webmachine. Started at: 'openriak-kv@node-02.cluster-a.openriak'.
2026-09-11 18:25:44.443522+09:00 [info] <0.44.0>@application_controller:info_started/2:2130 Application: basho_stats. Started at: 'openriak-kv@node-02.cluster-a.openriak'.
2026-09-11 18:25:44.451911+09:00 [info] <0.192.0>@supervisor:report_progress/2:1582 Supervisor: {local,bitcask_sup}. Started: id=bitcask_merge_worker,pid=<0.193.0>.
2026-09-11 18:25:44.453825+09:00 [info] <0.192.0>@supervisor:report_progress/2:1582 Supervisor: {local,bitcask_sup}. Started: id=bitcask_merge_delete,pid=<0.194.0>.
2026-09-11 18:25:44.454027+09:00 [info] <0.44.0>@application_controller:info_started/2:2130 Application: bitcask. Started at: 'openriak-kv@node-02.cluster-a.openriak'.
2026-09-11 18:25:44.454375+09:00 [info] <0.44.0>@application_controller:info_started/2:2130 Application: getopt. Started at: 'openriak-kv@node-02.cluster-a.openriak'.
2026-09-11 18:25:44.454640+09:00 [info] <0.44.0>@application_controller:info_started/2:2130 Application: cuttlefish. Started at: 'openriak-kv@node-02.cluster-a.openriak'.
2026-09-11 18:25:44.475271+09:00 [info] <0.200.0>@supervisor:report_progress/2:1582 Supervisor: {local,clique_sup}. Started: id=clique_manager,pid=<0.201.0>.
2026-09-11 18:25:44.475477+09:00 [info] <0.44.0>@application_controller:info_started/2:2130 Application: clique. Started at: 'openriak-kv@node-02.cluster-a.openriak'.
2026-09-11 18:25:44.475626+09:00 [info] <0.44.0>@application_controller:info_started/2:2130 Application: eleveldb. Started at: 'openriak-kv@node-02.cluster-a.openriak'.
2026-09-11 18:25:44.475774+09:00 [info] <0.44.0>@application_controller:info_started/2:2130 Application: pbkdf2. Started at: 'openriak-kv@node-02.cluster-a.openriak'.
2026-09-11 18:25:44.475862+09:00 [info] <0.44.0>@application_controller:info_started/2:2130 Application: poolboy. Started at: 'openriak-kv@node-02.cluster-a.openriak'.
2026-09-11 18:25:44.486771+09:00 [info] <0.44.0>@application_controller:info_started/2:2130 Application: cluster_info. Started at: 'openriak-kv@node-02.cluster-a.openriak'.
2026-09-11 18:25:44.547836+09:00 [info] <0.212.0>@supervisor:report_progress/2:1582 Supervisor: {local,riak_core_sup}. Started: id=riak_core_bg_manager,pid=<0.213.0>.
2026-09-11 18:25:44.553863+09:00 [info] <0.212.0>@supervisor:report_progress/2:1582 Supervisor: {local,riak_core_sup}. Started: id=riak_core_sysmon_minder,pid=<0.214.0>.
2026-09-11 18:25:44.557972+09:00 [info] <0.212.0>@supervisor:report_progress/2:1582 Supervisor: {local,riak_core_sup}. Started: id=riak_core_vnode_sup,pid=<0.215.0>.
2026-09-11 18:25:44.564002+09:00 [info] <0.212.0>@supervisor:report_progress/2:1582 Supervisor: {local,riak_core_sup}. Started: id=riak_core_eventhandler_sup,pid=<0.216.0>.
2026-09-11 18:25:44.565999+09:00 [info] <0.212.0>@supervisor:report_progress/2:1582 Supervisor: {local,riak_core_sup}. Started: id=riak_core_dist_mon,pid=<0.217.0>.
2026-09-11 18:25:44.570286+09:00 [info] <0.218.0>@supervisor:report_progress/2:1582 Supervisor: {local,riak_core_handoff_sup}. Started: id=riak_core_handoff_receiver_sup,pid=<0.219.0>.
2026-09-11 18:25:44.575658+09:00 [info] <0.218.0>@supervisor:report_progress/2:1582 Supervisor: {local,riak_core_handoff_sup}. Started: id=riak_core_handoff_sender_sup,pid=<0.220.0>.
2026-09-11 18:25:44.587124+09:00 [info] <0.221.0>@supervisor:report_progress/2:1582 Supervisor: {local,riak_core_handoff_listener_sup}. Started: id=riak_core_handoff_listener,pid=<0.222.0>.
2026-09-11 18:25:44.587396+09:00 [info] <0.218.0>@supervisor:report_progress/2:1582 Supervisor: {local,riak_core_handoff_sup}. Started: id=riak_core_handoff_listener_sup,pid=<0.221.0>.
2026-09-11 18:25:44.597044+09:00 [info] <0.218.0>@supervisor:report_progress/2:1582 Supervisor: {local,riak_core_handoff_sup}. Started: id=riak_core_handoff_manager,pid=<0.224.0>.
2026-09-11 18:25:44.597216+09:00 [info] <0.212.0>@supervisor:report_progress/2:1582 Supervisor: {local,riak_core_sup}. Started: id=riak_core_handoff_sup,pid=<0.218.0>.
2026-09-11 18:25:44.601837+09:00 [info] <0.212.0>@supervisor:report_progress/2:1582 Supervisor: {local,riak_core_sup}. Started: id=riak_core_ring_events,pid=<0.225.0>.
2026-09-11 18:25:44.860535+09:00 [warning] <0.226.0>@riak_core_ring_manager:reload_ring/1:388 No ring file available.
2026-09-11 18:25:44.890971+09:00 [info] <0.212.0>@supervisor:report_progress/2:1582 Supervisor: {local,riak_core_sup}. Started: id=riak_core_ring_manager,pid=<0.226.0>.
2026-09-11 18:25:44.905168+09:00 [info] <0.82.0>@supervisor:report_progress/2:1582 Supervisor: {local,kernel_safe_sup}. Started: id=dets_sup,pid=<0.230.0>.
2026-09-11 18:25:44.905499+09:00 [info] <0.82.0>@supervisor:report_progress/2:1582 Supervisor: {local,kernel_safe_sup}. Started: id=dets,pid=<0.231.0>.
2026-09-11 18:25:44.925757+09:00 [info] <0.212.0>@supervisor:report_progress/2:1582 Supervisor: {local,riak_core_sup}. Started: id=riak_core_metadata_manager,pid=<0.229.0>.
2026-09-11 18:25:45.007475+09:00 [info] <0.212.0>@supervisor:report_progress/2:1582 Supervisor: {local,riak_core_sup}. Started: id=riak_core_metadata_hashtree,pid=<0.234.0>.
2026-09-11 18:25:45.011135+09:00 [info] <0.212.0>@supervisor:report_progress/2:1582 Supervisor: {local,riak_core_sup}. Started: id=riak_core_broadcast,pid=<0.237.0>.
2026-09-11 18:25:45.013280+09:00 [info] <0.212.0>@supervisor:report_progress/2:1582 Supervisor: {local,riak_core_sup}. Started: id=riak_core_vnode_proxy_sup,pid=<0.238.0>.
2026-09-11 18:25:45.015648+09:00 [info] <0.212.0>@supervisor:report_progress/2:1582 Supervisor: {local,riak_core_sup}. Started: id=riak_core_node_watcher_events,pid=<0.239.0>.
2026-09-11 18:25:45.019539+09:00 [info] <0.212.0>@supervisor:report_progress/2:1582 Supervisor: {local,riak_core_sup}. Started: id=riak_core_node_watcher,pid=<0.240.0>.
2026-09-11 18:25:45.024284+09:00 [info] <0.212.0>@supervisor:report_progress/2:1582 Supervisor: {local,riak_core_sup}. Started: id=riak_core_vnode_manager,pid=<0.241.0>.
2026-09-11 18:25:45.027266+09:00 [info] <0.212.0>@supervisor:report_progress/2:1582 Supervisor: {local,riak_core_sup}. Started: id=riak_core_capability,pid=<0.242.0>.
2026-09-11 18:25:45.027438+09:00 [info] <0.212.0>@supervisor:report_progress/2:1582 Supervisor: {local,riak_core_sup}. Started: id=riak_core_gossip,pid=<0.243.0>.
2026-09-11 18:25:45.033482+09:00 [info] <0.212.0>@supervisor:report_progress/2:1582 Supervisor: {local,riak_core_sup}. Started: id=riak_core_claimant,pid=<0.244.0>.
2026-09-11 18:25:45.035038+09:00 [info] <0.212.0>@supervisor:report_progress/2:1582 Supervisor: {local,riak_core_sup}. Started: id=riak_core_table_owner,pid=<0.245.0>.
2026-09-11 18:25:45.040164+09:00 [info] <0.247.0>@supervisor:report_progress/2:1582 Supervisor: {local,riak_core_stats_sup}. Started: id=riak_core_stat_cache,pid=<0.248.0>.
2026-09-11 18:25:45.040359+09:00 [info] <0.246.0>@supervisor:report_progress/2:1582 Supervisor: {local,riak_core_stat_sup}. Started: id=riak_core_stats_sup,pid=<0.247.0>.
2026-09-11 18:25:45.040485+09:00 [info] <0.212.0>@supervisor:report_progress/2:1582 Supervisor: {local,riak_core_sup}. Started: id=riak_core_stat_sup,pid=<0.246.0>.
2026-09-11 18:25:45.042037+09:00 [info] <0.212.0>@supervisor:report_progress/2:1582 Supervisor: {local,riak_core_sup}. Started: id=riak_core_node_worker_pool_sup,pid=<0.249.0>.
2026-09-11 18:25:45.099256+09:00 [info] <0.247.0>@supervisor:report_progress/2:1582 Supervisor: {local,riak_core_stats_sup}. Started: id=riak_core_stat,pid=<0.250.0>.
2026-09-11 18:25:45.124164+09:00 [info] <0.216.0>@supervisor:report_progress/2:1582 Supervisor: {local,riak_core_eventhandler_sup}. Started: id={riak_core_ring_events,riak_core_ring_handler},pid=<0.273.0>.
2026-09-11 18:25:45.124385+09:00 [info] <0.242.0>@riak_core_capability:process_capability_changes/2:557 New capability: {riak_core,vnode_routing} = proxy
2026-09-11 18:25:45.139558+09:00 [info] <0.242.0>@riak_core_capability:process_capability_changes/2:557 New capability: {riak_core,staged_joins} = true
2026-09-11 18:25:45.147544+09:00 [info] <0.242.0>@riak_core_capability:process_capability_changes/2:557 New capability: {riak_core,resizable_ring} = true
2026-09-11 18:25:45.155803+09:00 [info] <0.242.0>@riak_core_capability:process_capability_changes/2:557 New capability: {riak_core,fold_req_version} = v2
2026-09-11 18:25:45.167892+09:00 [info] <0.242.0>@riak_core_capability:process_capability_changes/2:557 New capability: {riak_core,security} = true
2026-09-11 18:25:45.178129+09:00 [info] <0.242.0>@riak_core_capability:process_capability_changes/2:557 New capability: {riak_core,bucket_types} = true
2026-09-11 18:25:45.189234+09:00 [info] <0.242.0>@riak_core_capability:process_capability_changes/2:557 New capability: {riak_core,net_ticktime} = true
2026-09-11 18:25:45.394079+09:00 [info] <0.44.0>@application_controller:info_started/2:2130 Application: riak_core. Started at: 'openriak-kv@node-02.cluster-a.openriak'.
2026-09-11 18:25:45.398515+09:00 [info] <0.242.0>@riak_core_capability:process_capability_changes/2:557 New capability: {riak_pipe,trace_format} = ordsets
2026-09-11 18:25:45.408315+09:00 [info] <0.277.0>@supervisor:report_progress/2:1582 Supervisor: {local,riak_pipe_sup}. Started: id=riak_pipe_vnode_master,pid=<0.280.0>.
2026-09-11 18:25:45.410756+09:00 [info] <0.277.0>@supervisor:report_progress/2:1582 Supervisor: {local,riak_pipe_sup}. Started: id=riak_pipe_builder_sup,pid=<0.281.0>.
2026-09-11 18:25:45.414111+09:00 [info] <0.277.0>@supervisor:report_progress/2:1582 Supervisor: {local,riak_pipe_sup}. Started: id=riak_pipe_fitting_sup,pid=<0.283.0>.
2026-09-11 18:25:45.415964+09:00 [info] <0.277.0>@supervisor:report_progress/2:1582 Supervisor: {local,riak_pipe_sup}. Started: id=riak_pipe_qcover_sup,pid=<0.284.0>.
2026-09-11 18:25:45.418196+09:00 [info] <0.238.0>@supervisor:report_progress/2:1582 Supervisor: {local,riak_core_vnode_proxy_sup}. Started: id={riak_pipe_vnode,0},pid=<0.285.0>.
2026-09-11 18:25:45.418613+09:00 [info] <0.238.0>@supervisor:report_progress/2:1582 Supervisor: {local,riak_core_vnode_proxy_sup}. Started: id={riak_pipe_vnode,182687704666362864775460604089535377456991567872},pid=<0.286.0>.
2026-09-11 18:25:45.418882+09:00 [info] <0.238.0>@supervisor:report_progress/2:1582 Supervisor: {local,riak_core_vnode_proxy_sup}. Started: id={riak_pipe_vnode,365375409332725729550921208179070754913983135744},pid=<0.287.0>.
2026-09-11 18:25:45.418983+09:00 [info] <0.238.0>@supervisor:report_progress/2:1582 Supervisor: {local,riak_core_vnode_proxy_sup}. Started: id={riak_pipe_vnode,548063113999088594326381812268606132370974703616},pid=<0.288.0>.
2026-09-11 18:25:45.419047+09:00 [info] <0.238.0>@supervisor:report_progress/2:1582 Supervisor: {local,riak_core_vnode_proxy_sup}. Started: id={riak_pipe_vnode,730750818665451459101842416358141509827966271488},pid=<0.289.0>.
2026-09-11 18:25:45.419100+09:00 [info] <0.238.0>@supervisor:report_progress/2:1582 Supervisor: {local,riak_core_vnode_proxy_sup}. Started: id={riak_pipe_vnode,913438523331814323877303020447676887284957839360},pid=<0.290.0>.
2026-09-11 18:25:45.419165+09:00 [info] <0.238.0>@supervisor:report_progress/2:1582 Supervisor: {local,riak_core_vnode_proxy_sup}. Started: id={riak_pipe_vnode,1096126227998177188652763624537212264741949407232},pid=<0.291.0>.
2026-09-11 18:25:45.419213+09:00 [info] <0.238.0>@supervisor:report_progress/2:1582 Supervisor: {local,riak_core_vnode_proxy_sup}. Started: id={riak_pipe_vnode,1278813932664540053428224228626747642198940975104},pid=<0.292.0>.
2026-09-11 18:25:45.421531+09:00 [info] <0.247.0>@supervisor:report_progress/2:1582 Supervisor: {local,riak_core_stats_sup}. Started: id=riak_pipe_stat,pid=<0.293.0>.
2026-09-11 18:25:45.434281+09:00 [info] <0.44.0>@application_controller:info_started/2:2130 Application: riak_pipe. Started at: 'openriak-kv@node-02.cluster-a.openriak'.
2026-09-11 18:25:45.434611+09:00 [info] <0.44.0>@application_controller:info_started/2:2130 Application: tools. Started at: 'openriak-kv@node-02.cluster-a.openriak'.
2026-09-11 18:25:45.435026+09:00 [info] <0.44.0>@application_controller:info_started/2:2130 Application: riak_pb. Started at: 'openriak-kv@node-02.cluster-a.openriak'.
2026-09-11 18:25:45.461880+09:00 [info] <0.301.0>@supervisor:report_progress/2:1582 Supervisor: {local,riak_api_sup}. Started: id=riak_api_pb_registration_helper,pid=<0.302.0>.
2026-09-11 18:25:45.463886+09:00 [info] <0.301.0>@supervisor:report_progress/2:1582 Supervisor: {local,riak_api_sup}. Started: id=riak_api_pb_registrar,pid=<0.303.0>.
2026-09-11 18:25:45.465312+09:00 [info] <0.301.0>@supervisor:report_progress/2:1582 Supervisor: {local,riak_api_sup}. Started: id=riak_api_pb_sup,pid=<0.304.0>.
2026-09-11 18:25:45.465710+09:00 [info] <0.301.0>@supervisor:report_progress/2:1582 Supervisor: {local,riak_api_sup}. Started: id=[112,98,58,47,47,34,48,46,48,46,48,46,48,34,58,56,48,56,55],pid=<0.305.0>.
2026-09-11 18:25:45.479835+09:00 [info] <0.301.0>@supervisor:report_progress/2:1582 Supervisor: {local,riak_api_sup}. Started: id=[104,116,116,112,58,47,47,48,46,48,46,48,46,48,58,56,48,57,56],pid=<0.308.0>.
2026-09-11 18:25:45.482452+09:00 [info] <0.247.0>@supervisor:report_progress/2:1582 Supervisor: {local,riak_core_stats_sup}. Started: id=riak_api_stat,pid=<0.325.0>.
2026-09-11 18:25:45.498211+09:00 [info] <0.44.0>@application_controller:info_started/2:2130 Application: riak_api. Started at: 'openriak-kv@node-02.cluster-a.openriak'.
2026-09-11 18:25:45.503104+09:00 [info] <0.44.0>@application_controller:info_started/2:2130 Application: sidejob. Started at: 'openriak-kv@node-02.cluster-a.openriak'.
2026-09-11 18:25:45.503579+09:00 [info] <0.44.0>@application_controller:info_started/2:2130 Application: riak_dt. Started at: 'openriak-kv@node-02.cluster-a.openriak'.
2026-09-11 18:25:45.503852+09:00 [info] <0.44.0>@application_controller:info_started/2:2130 Application: sext. Started at: 'openriak-kv@node-02.cluster-a.openriak'.
2026-09-11 18:25:45.504712+09:00 [info] <0.44.0>@application_controller:info_started/2:2130 Application: lz4. Started at: 'openriak-kv@node-02.cluster-a.openriak'.
2026-09-11 18:25:45.504920+09:00 [info] <0.44.0>@application_controller:info_started/2:2130 Application: zstd. Started at: 'openriak-kv@node-02.cluster-a.openriak'.
2026-09-11 18:25:45.505161+09:00 [info] <0.44.0>@application_controller:info_started/2:2130 Application: leveled. Started at: 'openriak-kv@node-02.cluster-a.openriak'.
2026-09-11 18:25:45.505402+09:00 [info] <0.44.0>@application_controller:info_started/2:2130 Application: kv_index_tictactree. Started at: 'openriak-kv@node-02.cluster-a.openriak'.
2026-09-11 18:25:45.505606+09:00 [info] <0.44.0>@application_controller:info_started/2:2130 Application: hyper. Started at: 'openriak-kv@node-02.cluster-a.openriak'.
2026-09-11 18:25:45.505806+09:00 [info] <0.44.0>@application_controller:info_started/2:2130 Application: redbug. Started at: 'openriak-kv@node-02.cluster-a.openriak'.
2026-09-11 18:25:45.506006+09:00 [info] <0.44.0>@application_controller:info_started/2:2130 Application: recon. Started at: 'openriak-kv@node-02.cluster-a.openriak'.
2026-09-11 18:25:45.506198+09:00 [info] <0.44.0>@application_controller:info_started/2:2130 Application: riakc. Started at: 'openriak-kv@node-02.cluster-a.openriak'.
2026-09-11 18:25:45.526576+09:00 [info] <0.344.0>@supervisor:report_progress/2:1582 Supervisor: {local,ibrowse_sup}. Started: id=ibrowse,pid=<0.345.0>.
2026-09-11 18:25:45.526934+09:00 [info] <0.44.0>@application_controller:info_started/2:2130 Application: ibrowse. Started at: 'openriak-kv@node-02.cluster-a.openriak'.
2026-09-11 18:25:45.527232+09:00 [info] <0.44.0>@application_controller:info_started/2:2130 Application: rhc. Started at: 'openriak-kv@node-02.cluster-a.openriak'.
2026-09-11 18:25:45.547924+09:00 [info] <0.353.0>@supervisor:report_progress/2:1582 Supervisor: {local,riak_kv_put_fsm_sj_worker_sup}. Started: id=riak_kv_put_fsm_sj_1,pid=<0.354.0>.
2026-09-11 18:25:45.548335+09:00 [info] <0.353.0>@supervisor:report_progress/2:1582 Supervisor: {local,riak_kv_put_fsm_sj_worker_sup}. Started: id=riak_kv_put_fsm_sj_2,pid=<0.355.0>.
2026-09-11 18:25:45.548602+09:00 [info] <0.353.0>@supervisor:report_progress/2:1582 Supervisor: {local,riak_kv_put_fsm_sj_worker_sup}. Started: id=riak_kv_put_fsm_sj_3,pid=<0.356.0>.
2026-09-11 18:25:45.548932+09:00 [info] <0.353.0>@supervisor:report_progress/2:1582 Supervisor: {local,riak_kv_put_fsm_sj_worker_sup}. Started: id=riak_kv_put_fsm_sj_4,pid=<0.357.0>.
2026-09-11 18:25:45.549282+09:00 [info] <0.353.0>@supervisor:report_progress/2:1582 Supervisor: {local,riak_kv_put_fsm_sj_worker_sup}. Started: id=riak_kv_put_fsm_sj_5,pid=<0.358.0>.
2026-09-11 18:25:45.549686+09:00 [info] <0.353.0>@supervisor:report_progress/2:1582 Supervisor: {local,riak_kv_put_fsm_sj_worker_sup}. Started: id=riak_kv_put_fsm_sj_6,pid=<0.359.0>.
2026-09-11 18:25:45.550009+09:00 [info] <0.353.0>@supervisor:report_progress/2:1582 Supervisor: {local,riak_kv_put_fsm_sj_worker_sup}. Started: id=riak_kv_put_fsm_sj_7,pid=<0.360.0>.
2026-09-11 18:25:45.550900+09:00 [info] <0.353.0>@supervisor:report_progress/2:1582 Supervisor: {local,riak_kv_put_fsm_sj_worker_sup}. Started: id=riak_kv_put_fsm_sj_8,pid=<0.361.0>.
2026-09-11 18:25:45.551091+09:00 [info] <0.352.0>@supervisor:report_progress/2:1582 Supervisor: {local,riak_kv_put_fsm_sj}. Started: id=sidejob_worker_sup,pid=<0.353.0>.
2026-09-11 18:25:45.551245+09:00 [info] <0.352.0>@supervisor:report_progress/2:1582 Supervisor: {local,riak_kv_put_fsm_sj}. Started: id=riak_kv_put_fsm_sj_stats,pid=<0.362.0>.
2026-09-11 18:25:45.551378+09:00 [info] <0.330.0>@supervisor:report_progress/2:1582 Supervisor: {local,sidejob_sup}. Started: id=riak_kv_put_fsm_sj,pid=<0.352.0>.
2026-09-11 18:25:45.555436+09:00 [info] <0.365.0>@supervisor:report_progress/2:1582 Supervisor: {local,riak_kv_get_fsm_sj_worker_sup}. Started: id=riak_kv_get_fsm_sj_1,pid=<0.366.0>.
2026-09-11 18:25:45.555709+09:00 [info] <0.365.0>@supervisor:report_progress/2:1582 Supervisor: {local,riak_kv_get_fsm_sj_worker_sup}. Started: id=riak_kv_get_fsm_sj_2,pid=<0.367.0>.
2026-09-11 18:25:45.555877+09:00 [info] <0.365.0>@supervisor:report_progress/2:1582 Supervisor: {local,riak_kv_get_fsm_sj_worker_sup}. Started: id=riak_kv_get_fsm_sj_3,pid=<0.368.0>.
2026-09-11 18:25:45.556066+09:00 [info] <0.365.0>@supervisor:report_progress/2:1582 Supervisor: {local,riak_kv_get_fsm_sj_worker_sup}. Started: id=riak_kv_get_fsm_sj_4,pid=<0.369.0>.
2026-09-11 18:25:45.556218+09:00 [info] <0.365.0>@supervisor:report_progress/2:1582 Supervisor: {local,riak_kv_get_fsm_sj_worker_sup}. Started: id=riak_kv_get_fsm_sj_5,pid=<0.370.0>.
2026-09-11 18:25:45.556351+09:00 [info] <0.365.0>@supervisor:report_progress/2:1582 Supervisor: {local,riak_kv_get_fsm_sj_worker_sup}. Started: id=riak_kv_get_fsm_sj_6,pid=<0.371.0>.
2026-09-11 18:25:45.556546+09:00 [info] <0.365.0>@supervisor:report_progress/2:1582 Supervisor: {local,riak_kv_get_fsm_sj_worker_sup}. Started: id=riak_kv_get_fsm_sj_7,pid=<0.372.0>.
2026-09-11 18:25:45.556668+09:00 [info] <0.365.0>@supervisor:report_progress/2:1582 Supervisor: {local,riak_kv_get_fsm_sj_worker_sup}. Started: id=riak_kv_get_fsm_sj_8,pid=<0.373.0>.
2026-09-11 18:25:45.556727+09:00 [info] <0.364.0>@supervisor:report_progress/2:1582 Supervisor: {local,riak_kv_get_fsm_sj}. Started: id=sidejob_worker_sup,pid=<0.365.0>.
2026-09-11 18:25:45.556805+09:00 [info] <0.364.0>@supervisor:report_progress/2:1582 Supervisor: {local,riak_kv_get_fsm_sj}. Started: id=riak_kv_get_fsm_sj_stats,pid=<0.374.0>.
2026-09-11 18:25:45.556854+09:00 [info] <0.330.0>@supervisor:report_progress/2:1582 Supervisor: {local,sidejob_sup}. Started: id=riak_kv_get_fsm_sj,pid=<0.364.0>.
2026-09-11 18:25:45.564365+09:00 [info] <0.377.0>@supervisor:report_progress/2:1582 Supervisor: {local,riak_kv_stat_sj_worker_sup}. Started: id=riak_kv_stat_sj_1,pid=<0.378.0>.
2026-09-11 18:25:45.564658+09:00 [info] <0.377.0>@supervisor:report_progress/2:1582 Supervisor: {local,riak_kv_stat_sj_worker_sup}. Started: id=riak_kv_stat_sj_2,pid=<0.379.0>.
2026-09-11 18:25:45.564832+09:00 [info] <0.377.0>@supervisor:report_progress/2:1582 Supervisor: {local,riak_kv_stat_sj_worker_sup}. Started: id=riak_kv_stat_sj_3,pid=<0.380.0>.
2026-09-11 18:25:45.565062+09:00 [info] <0.377.0>@supervisor:report_progress/2:1582 Supervisor: {local,riak_kv_stat_sj_worker_sup}. Started: id=riak_kv_stat_sj_4,pid=<0.381.0>.
2026-09-11 18:25:45.565224+09:00 [info] <0.377.0>@supervisor:report_progress/2:1582 Supervisor: {local,riak_kv_stat_sj_worker_sup}. Started: id=riak_kv_stat_sj_5,pid=<0.382.0>.
2026-09-11 18:25:45.565464+09:00 [info] <0.377.0>@supervisor:report_progress/2:1582 Supervisor: {local,riak_kv_stat_sj_worker_sup}. Started: id=riak_kv_stat_sj_6,pid=<0.383.0>.
2026-09-11 18:25:45.565641+09:00 [info] <0.377.0>@supervisor:report_progress/2:1582 Supervisor: {local,riak_kv_stat_sj_worker_sup}. Started: id=riak_kv_stat_sj_7,pid=<0.384.0>.
2026-09-11 18:25:45.565784+09:00 [info] <0.377.0>@supervisor:report_progress/2:1582 Supervisor: {local,riak_kv_stat_sj_worker_sup}. Started: id=riak_kv_stat_sj_8,pid=<0.385.0>.
2026-09-11 18:25:45.565850+09:00 [info] <0.376.0>@supervisor:report_progress/2:1582 Supervisor: {local,riak_kv_stat_sj}. Started: id=sidejob_worker_sup,pid=<0.377.0>.
2026-09-11 18:25:45.565990+09:00 [info] <0.376.0>@supervisor:report_progress/2:1582 Supervisor: {local,riak_kv_stat_sj}. Started: id=riak_kv_stat_sj_stats,pid=<0.386.0>.
2026-09-11 18:25:45.566136+09:00 [info] <0.330.0>@supervisor:report_progress/2:1582 Supervisor: {local,sidejob_sup}. Started: id=riak_kv_stat_sj,pid=<0.376.0>.
2026-09-11 18:25:45.585741+09:00 [info] <0.350.0>@riak_kv_env:doc_env/0:47 Environment and OS variables:
2026-09-11 18:25:45.673234+09:00 [info] <0.242.0>@riak_core_capability:process_capability_changes/2:557 New capability: {riak_kv,object_hash_version} = 0
2026-09-11 18:25:45.680849+09:00 [info] <0.242.0>@riak_core_capability:process_capability_changes/2:557 New capability: {riak_kv,anti_entropy} = enabled_v1
2026-09-11 18:25:45.690607+09:00 [info] <0.388.0>@riak_core_throttle:enable_throttle/2:121 Enabling throttle for riak_kv/aae_throttle.
2026-09-11 18:25:45.690787+09:00 [info] <0.387.0>@supervisor:report_progress/2:1582 Supervisor: {local,riak_kv_sup}. Started: id=riak_kv_entropy_manager,pid=<0.388.0>.
2026-09-11 18:25:45.697615+09:00 [info] <0.387.0>@supervisor:report_progress/2:1582 Supervisor: {local,riak_kv_sup}. Started: id=riak_kv_ttaaefs_manager,pid=<0.389.0>.
2026-09-11 18:25:45.705796+09:00 [info] <0.387.0>@supervisor:report_progress/2:1582 Supervisor: {local,riak_kv_sup}. Started: id=riak_kv_replrtq_src,pid=<0.390.0>.
2026-09-11 18:25:45.708765+09:00 [info] <0.387.0>@supervisor:report_progress/2:1582 Supervisor: {local,riak_kv_sup}. Started: id=riak_kv_replrtq_snk,pid=<0.391.0>.
2026-09-11 18:25:45.710691+09:00 [info] <0.387.0>@supervisor:report_progress/2:1582 Supervisor: {local,riak_kv_sup}. Started: id=riak_kv_replrtq_peer,pid=<0.392.0>.
2026-09-11 18:25:45.715112+09:00 [info] <0.387.0>@supervisor:report_progress/2:1582 Supervisor: {local,riak_kv_sup}. Started: id=riak_kv_reaper,pid=<0.393.0>.
2026-09-11 18:25:45.716987+09:00 [info] <0.387.0>@supervisor:report_progress/2:1582 Supervisor: {local,riak_kv_sup}. Started: id=riak_kv_eraser,pid=<0.394.0>.
2026-09-11 18:25:45.718866+09:00 [info] <0.387.0>@supervisor:report_progress/2:1582 Supervisor: {local,riak_kv_sup}. Started: id=riak_kv_reader,pid=<0.395.0>.
2026-09-11 18:25:45.720801+09:00 [info] <0.387.0>@supervisor:report_progress/2:1582 Supervisor: {local,riak_kv_sup}. Started: id=riak_kv_token_manager,pid=<0.396.0>.
2026-09-11 18:25:45.720957+09:00 [info] <0.387.0>@supervisor:report_progress/2:1582 Supervisor: {local,riak_kv_sup}. Started: id=riak_kv_vnode_master,pid=<0.397.0>.
2026-09-11 18:25:45.721025+09:00 [info] <0.397.0>@riak_core:wait_for_service/2:498 Waiting for service riak_kv to start (0 seconds)
2026-09-11 18:25:45.723667+09:00 [info] <0.398.0>@supervisor:report_progress/2:1582 Supervisor: {local,riak_kv_w1c_sup}. Started: id=riak_kv_w1c_worker00,pid=<0.399.0>.
2026-09-11 18:25:45.723856+09:00 [info] <0.398.0>@supervisor:report_progress/2:1582 Supervisor: {local,riak_kv_w1c_sup}. Started: id=riak_kv_w1c_worker01,pid=<0.400.0>.
2026-09-11 18:25:45.723930+09:00 [info] <0.398.0>@supervisor:report_progress/2:1582 Supervisor: {local,riak_kv_w1c_sup}. Started: id=riak_kv_w1c_worker02,pid=<0.401.0>.
2026-09-11 18:25:45.723988+09:00 [info] <0.398.0>@supervisor:report_progress/2:1582 Supervisor: {local,riak_kv_w1c_sup}. Started: id=riak_kv_w1c_worker03,pid=<0.402.0>.
2026-09-11 18:25:45.724045+09:00 [info] <0.398.0>@supervisor:report_progress/2:1582 Supervisor: {local,riak_kv_w1c_sup}. Started: id=riak_kv_w1c_worker04,pid=<0.403.0>.
2026-09-11 18:25:45.724102+09:00 [info] <0.398.0>@supervisor:report_progress/2:1582 Supervisor: {local,riak_kv_w1c_sup}. Started: id=riak_kv_w1c_worker05,pid=<0.404.0>.
2026-09-11 18:25:45.724142+09:00 [info] <0.398.0>@supervisor:report_progress/2:1582 Supervisor: {local,riak_kv_w1c_sup}. Started: id=riak_kv_w1c_worker06,pid=<0.405.0>.
2026-09-11 18:25:45.724188+09:00 [info] <0.398.0>@supervisor:report_progress/2:1582 Supervisor: {local,riak_kv_w1c_sup}. Started: id=riak_kv_w1c_worker07,pid=<0.406.0>.
2026-09-11 18:25:45.724220+09:00 [info] <0.387.0>@supervisor:report_progress/2:1582 Supervisor: {local,riak_kv_sup}. Started: id=riak_kv_w1c_sup,pid=<0.398.0>.
2026-09-11 18:25:45.725357+09:00 [info] <0.387.0>@supervisor:report_progress/2:1582 Supervisor: {local,riak_kv_sup}. Started: id=riak_kv_delete_sup,pid=<0.407.0>.
2026-09-11 18:25:45.726392+09:00 [info] <0.387.0>@supervisor:report_progress/2:1582 Supervisor: {local,riak_kv_sup}. Started: id=riak_kv_mrc_sink_sup,pid=<0.408.0>.
2026-09-11 18:25:45.727332+09:00 [info] <0.387.0>@supervisor:report_progress/2:1582 Supervisor: {local,riak_kv_sup}. Started: id=riak_kv_buckets_fsm_sup,pid=<0.409.0>.
2026-09-11 18:25:45.728294+09:00 [info] <0.387.0>@supervisor:report_progress/2:1582 Supervisor: {local,riak_kv_sup}. Started: id=riak_kv_keys_fsm_sup,pid=<0.410.0>.
2026-09-11 18:25:45.729193+09:00 [info] <0.387.0>@supervisor:report_progress/2:1582 Supervisor: {local,riak_kv_sup}. Started: id=riak_kv_index_fsm_sup,pid=<0.411.0>.
2026-09-11 18:25:45.730240+09:00 [info] <0.387.0>@supervisor:report_progress/2:1582 Supervisor: {local,riak_kv_sup}. Started: id=riak_kv_query_sup,pid=<0.412.0>.
2026-09-11 18:25:45.731134+09:00 [info] <0.387.0>@supervisor:report_progress/2:1582 Supervisor: {local,riak_kv_sup}. Started: id=riak_kv_clusteraae_fsm_sup,pid=<0.413.0>.
2026-09-11 18:25:45.732863+09:00 [info] <0.387.0>@supervisor:report_progress/2:1582 Supervisor: {local,riak_kv_sup}. Started: id=riak_kv_hotbackup_fsm_sup,pid=<0.414.0>.
2026-09-11 18:25:45.734682+09:00 [info] <0.387.0>@supervisor:report_progress/2:1582 Supervisor: {local,riak_kv_sup}. Started: id=riak_kv_http_cache,pid=<0.415.0>.
2026-09-11 18:25:45.735013+09:00 [info] <0.242.0>@riak_core_capability:process_capability_changes/2:557 New capability: {riak_kv,vnode_vclocks} = true
2026-09-11 18:25:45.745377+09:00 [info] <0.242.0>@riak_core_capability:process_capability_changes/2:557 New capability: {riak_kv,legacy_keylisting} = false
2026-09-11 18:25:45.764431+09:00 [info] <0.242.0>@riak_core_capability:process_capability_changes/2:557 New capability: {riak_kv,listkeys_backpressure} = true
2026-09-11 18:25:45.776272+09:00 [info] <0.242.0>@riak_core_capability:process_capability_changes/2:557 New capability: {riak_kv,index_backpressure} = true
2026-09-11 18:25:45.792259+09:00 [info] <0.242.0>@riak_core_capability:process_capability_changes/2:557 New capability: {riak_kv,mapred_system} = pipe
2026-09-11 18:25:45.805961+09:00 [info] <0.242.0>@riak_core_capability:process_capability_changes/2:557 New capability: {riak_kv,mapred_2i_pipe} = true
2026-09-11 18:25:45.816081+09:00 [info] <0.242.0>@riak_core_capability:process_capability_changes/2:557 New capability: {riak_kv,handoff_data_encoding} = encode_raw
2026-09-11 18:25:45.832177+09:00 [info] <0.242.0>@riak_core_capability:process_capability_changes/2:557 New capability: {riak_kv,object_format} = v1
2026-09-11 18:25:45.848523+09:00 [info] <0.242.0>@riak_core_capability:process_capability_changes/2:557 New capability: {riak_kv,secondary_index_version} = v3
2026-09-11 18:25:45.862568+09:00 [info] <0.242.0>@riak_core_capability:process_capability_changes/2:557 New capability: {riak_kv,vclock_data_encoding} = encode_zlib
2026-09-11 18:25:45.873190+09:00 [info] <0.242.0>@riak_core_capability:process_capability_changes/2:557 New capability: {riak_kv,crdt} = [pncounter,riak_dt_pncounter,riak_dt_orswot,riak_dt_map,riak_kv_hll,riak_dt_gset]
2026-09-11 18:25:45.904763+09:00 [info] <0.242.0>@riak_core_capability:process_capability_changes/2:557 New capability: {riak_kv,crdt_epoch_versions} = [{riak_dt_map,2},{riak_dt_orswot,2},{riak_dt_pncounter,2},{riak_kv_hll,1},{riak_dt_gset,2}]
2026-09-11 18:25:45.953392+09:00 [info] <0.242.0>@riak_core_capability:process_capability_changes/2:557 New capability: {riak_kv,put_fsm_ack_execute} = enabled
2026-09-11 18:25:45.966371+09:00 [info] <0.242.0>@riak_core_capability:process_capability_changes/2:557 New capability: {riak_kv,get_request_type} = head
2026-09-11 18:25:45.976144+09:00 [info] <0.242.0>@riak_core_capability:process_capability_changes/2:557 New capability: {riak_kv,put_soft_limit} = true
2026-09-11 18:25:46.020615+09:00 [info] <0.242.0>@riak_core_capability:process_capability_changes/2:557 New capability: {riak_kv,tictacaae_prompted_repairs} = true
2026-09-11 18:25:46.038012+09:00 [info] <0.238.0>@supervisor:report_progress/2:1582 Supervisor: {local,riak_core_vnode_proxy_sup}. Started: id={riak_kv_vnode,0},pid=<0.416.0>.
2026-09-11 18:25:46.038199+09:00 [info] <0.238.0>@supervisor:report_progress/2:1582 Supervisor: {local,riak_core_vnode_proxy_sup}. Started: id={riak_kv_vnode,182687704666362864775460604089535377456991567872},pid=<0.417.0>.
2026-09-11 18:25:46.038294+09:00 [info] <0.238.0>@supervisor:report_progress/2:1582 Supervisor: {local,riak_core_vnode_proxy_sup}. Started: id={riak_kv_vnode,365375409332725729550921208179070754913983135744},pid=<0.418.0>.
2026-09-11 18:25:46.038375+09:00 [info] <0.238.0>@supervisor:report_progress/2:1582 Supervisor: {local,riak_core_vnode_proxy_sup}. Started: id={riak_kv_vnode,548063113999088594326381812268606132370974703616},pid=<0.419.0>.
2026-09-11 18:25:46.038424+09:00 [info] <0.238.0>@supervisor:report_progress/2:1582 Supervisor: {local,riak_core_vnode_proxy_sup}. Started: id={riak_kv_vnode,730750818665451459101842416358141509827966271488},pid=<0.420.0>.
2026-09-11 18:25:46.038479+09:00 [info] <0.238.0>@supervisor:report_progress/2:1582 Supervisor: {local,riak_core_vnode_proxy_sup}. Started: id={riak_kv_vnode,913438523331814323877303020447676887284957839360},pid=<0.421.0>.
2026-09-11 18:25:46.038522+09:00 [info] <0.238.0>@supervisor:report_progress/2:1582 Supervisor: {local,riak_core_vnode_proxy_sup}. Started: id={riak_kv_vnode,1096126227998177188652763624537212264741949407232},pid=<0.422.0>.
2026-09-11 18:25:46.038572+09:00 [info] <0.238.0>@supervisor:report_progress/2:1582 Supervisor: {local,riak_core_vnode_proxy_sup}. Started: id={riak_kv_vnode,1278813932664540053428224228626747642198940975104},pid=<0.423.0>.
2026-09-11 18:25:46.055592+09:00 [info] <0.247.0>@supervisor:report_progress/2:1582 Supervisor: {local,riak_core_stats_sup}. Started: id=riak_kv_stat,pid=<0.424.0>.
2026-09-11 18:25:46.090401+09:00 [info] <0.249.0>@riak_core_node_worker_pool:start_link/5:85 Registered worker pool of type af1_pool and size 2
2026-09-11 18:25:46.090552+09:00 [info] <0.249.0>@supervisor:report_progress/2:1582 Supervisor: {local,riak_core_node_worker_pool_sup}. Started: id=af1_pool,pid=<0.566.0>.
2026-09-11 18:25:46.090881+09:00 [info] <0.249.0>@riak_core_node_worker_pool:start_link/5:85 Registered worker pool of type af2_pool and size 1
2026-09-11 18:25:46.090987+09:00 [info] <0.249.0>@supervisor:report_progress/2:1582 Supervisor: {local,riak_core_node_worker_pool_sup}. Started: id=af2_pool,pid=<0.571.0>.
2026-09-11 18:25:46.091309+09:00 [info] <0.249.0>@riak_core_node_worker_pool:start_link/5:85 Registered worker pool of type af3_pool and size 4
2026-09-11 18:25:46.091408+09:00 [info] <0.249.0>@supervisor:report_progress/2:1582 Supervisor: {local,riak_core_node_worker_pool_sup}. Started: id=af3_pool,pid=<0.575.0>.
2026-09-11 18:25:46.091588+09:00 [info] <0.249.0>@riak_core_node_worker_pool:start_link/5:85 Registered worker pool of type af4_pool and size 1
2026-09-11 18:25:46.091686+09:00 [info] <0.249.0>@supervisor:report_progress/2:1582 Supervisor: {local,riak_core_node_worker_pool_sup}. Started: id=af4_pool,pid=<0.582.0>.
2026-09-11 18:25:46.091865+09:00 [info] <0.249.0>@riak_core_node_worker_pool:start_link/5:85 Registered worker pool of type be_pool and size 1
2026-09-11 18:25:46.091957+09:00 [info] <0.249.0>@supervisor:report_progress/2:1582 Supervisor: {local,riak_core_node_worker_pool_sup}. Started: id=be_pool,pid=<0.586.0>.
2026-09-11 18:25:46.109956+09:00 [info] <0.44.0>@application_controller:info_started/2:2130 Application: riak_kv. Started at: 'openriak-kv@node-02.cluster-a.openriak'.
2026-09-11 18:25:46.110145+09:00 [info] <0.44.0>@application_controller:info_started/2:2130 Application: ebloom. Started at: 'openriak-kv@node-02.cluster-a.openriak'.
2026-09-11 18:25:46.110289+09:00 [info] <0.44.0>@application_controller:info_started/2:2130 Application: bear. Started at: 'openriak-kv@node-02.cluster-a.openriak'.
2026-09-11 18:25:46.114742+09:00 [info] <0.595.0>@supervisor:report_progress/2:1582 Supervisor: {local,folsom_sup}. Started: id=folsom_sample_slide_sup,pid=<0.596.0>.
2026-09-11 18:25:46.116430+09:00 [info] <0.595.0>@supervisor:report_progress/2:1582 Supervisor: {local,folsom_sup}. Started: id=folsom_meter_timer_server,pid=<0.597.0>.
2026-09-11 18:25:46.118168+09:00 [info] <0.595.0>@supervisor:report_progress/2:1582 Supervisor: {local,folsom_sup}. Started: id=folsom_metrics_histogram_ets,pid=<0.598.0>.
2026-09-11 18:25:46.120184+09:00 [info] <0.595.0>@supervisor:report_progress/2:1582 Supervisor: {local,folsom_sup}. Started: id=folsom_metrics_spiral,pid=<0.599.0>.
2026-09-11 18:25:46.121433+09:00 [info] <0.595.0>@supervisor:report_progress/2:1582 Supervisor: {local,folsom_sup}. Started: id=folsom_metrics_history,pid=<0.600.0>.
2026-09-11 18:25:46.122517+09:00 [info] <0.595.0>@supervisor:report_progress/2:1582 Supervisor: {local,folsom_sup}. Started: id=folsom_metrics_histogram,pid=<0.601.0>.
2026-09-11 18:25:46.123662+09:00 [info] <0.595.0>@supervisor:report_progress/2:1582 Supervisor: {local,folsom_sup}. Started: id=folsom_metrics_duration,pid=<0.602.0>.
2026-09-11 18:25:46.124982+09:00 [info] <0.595.0>@supervisor:report_progress/2:1582 Supervisor: {local,folsom_sup}. Started: id=folsom_metrics_counter,pid=<0.603.0>.
2026-09-11 18:25:46.125980+09:00 [info] <0.595.0>@supervisor:report_progress/2:1582 Supervisor: {local,folsom_sup}. Started: id=folsom_metrics_gauge,pid=<0.604.0>.
2026-09-11 18:25:46.127938+09:00 [info] <0.595.0>@supervisor:report_progress/2:1582 Supervisor: {local,folsom_sup}. Started: id=folsom_metrics_meter,pid=<0.605.0>.
2026-09-11 18:25:46.130263+09:00 [info] <0.595.0>@supervisor:report_progress/2:1582 Supervisor: {local,folsom_sup}. Started: id=folsom_metrics_meter_reader,pid=<0.606.0>.
2026-09-11 18:25:46.130615+09:00 [info] <0.44.0>@application_controller:info_started/2:2130 Application: folsom. Started at: 'openriak-kv@node-02.cluster-a.openriak'.
2026-09-11 18:25:46.137817+09:00 [info] <0.610.0>@supervisor:report_progress/2:1582 Supervisor: {local,ranch_sup}. Started: id=ranch_server,pid=<0.611.0>.
2026-09-11 18:25:46.138023+09:00 [info] <0.44.0>@application_controller:info_started/2:2130 Application: ranch. Started at: 'openriak-kv@node-02.cluster-a.openriak'.
2026-09-11 18:25:46.140402+09:00 [info] <0.614.0>@riak_core:wait_for_service/2:498 Waiting for service riak_kv to start (0 seconds)
2026-09-11 18:25:56.738105+09:00 [info] <0.241.0>@riak_core_vnode_manager:update_never_started/4:1026 Update never started for Mod riak_kv_vnode with count 8 to be added to 0
2026-09-11 18:25:56.738243+09:00 [info] <0.241.0>@riak_core_vnode_manager:update_never_started/4:1026 Update never started for Mod riak_pipe_vnode with count 8 to be added to 8
2026-09-11 18:25:56.738453+09:00 [info] <0.729.0>@riak_core_vnode_manager:get_vnode/3:733 Will start VNode for partition 0 riak_pipe_vnode
2026-09-11 18:25:56.761181+09:00 [info] <0.729.0>@riak_core_vnode_manager:get_vnode/3:743 VNode initialization ready <0.730.0> 0 riak_pipe_vnode
2026-09-11 18:25:56.761392+09:00 [info] <0.732.0>@riak_core_vnode_manager:get_vnode/3:733 Will start VNode for partition 0 riak_kv_vnode
2026-09-11 18:25:56.761402+09:00 [info] <0.733.0>@riak_core_vnode_manager:get_vnode/3:733 Will start VNode for partition 182687704666362864775460604089535377456991567872 riak_kv_vnode
2026-09-11 18:25:56.761406+09:00 [info] <0.734.0>@riak_core_vnode_manager:get_vnode/3:733 Will start VNode for partition 365375409332725729550921208179070754913983135744 riak_kv_vnode
2026-09-11 18:25:56.761409+09:00 [info] <0.735.0>@riak_core_vnode_manager:get_vnode/3:733 Will start VNode for partition 548063113999088594326381812268606132370974703616 riak_kv_vnode
2026-09-11 18:25:56.761412+09:00 [info] <0.736.0>@riak_core_vnode_manager:get_vnode/3:733 Will start VNode for partition 730750818665451459101842416358141509827966271488 riak_kv_vnode
2026-09-11 18:25:56.761416+09:00 [info] <0.737.0>@riak_core_vnode_manager:get_vnode/3:733 Will start VNode for partition 913438523331814323877303020447676887284957839360 riak_kv_vnode
2026-09-11 18:25:56.761418+09:00 [info] <0.738.0>@riak_core_vnode_manager:get_vnode/3:733 Will start VNode for partition 1096126227998177188652763624537212264741949407232 riak_kv_vnode
2026-09-11 18:25:56.761421+09:00 [info] <0.739.0>@riak_core_vnode_manager:get_vnode/3:733 Will start VNode for partition 1278813932664540053428224228626747642198940975104 riak_kv_vnode
2026-09-11 18:25:56.863475+09:00 [info] <0.788.0>@leveled_inker:open_all_manifest/2:1269 log_ref=i0011 db_id=2 Manifest is empty, starting from manifest SQN 1
2026-09-11 18:25:56.863657+09:00 [info] <0.782.0>@leveled_inker:open_all_manifest/2:1269 log_ref=i0011 db_id=3 Manifest is empty, starting from manifest SQN 1
2026-09-11 18:25:56.863783+09:00 [info] <0.787.0>@leveled_inker:open_all_manifest/2:1269 log_ref=i0011 db_id=4 Manifest is empty, starting from manifest SQN 1
2026-09-11 18:25:56.863850+09:00 [info] <0.789.0>@leveled_inker:open_all_manifest/2:1269 log_ref=i0011 db_id=7 Manifest is empty, starting from manifest SQN 1
2026-09-11 18:25:56.863913+09:00 [info] <0.783.0>@leveled_inker:open_all_manifest/2:1269 log_ref=i0011 db_id=5 Manifest is empty, starting from manifest SQN 1
2026-09-11 18:25:56.863968+09:00 [info] <0.786.0>@leveled_inker:open_all_manifest/2:1269 log_ref=i0011 db_id=1 Manifest is empty, starting from manifest SQN 1
2026-09-11 18:25:56.864016+09:00 [info] <0.785.0>@leveled_inker:open_all_manifest/2:1269 log_ref=i0011 db_id=6 Manifest is empty, starting from manifest SQN 1
2026-09-11 18:25:56.864137+09:00 [info] <0.784.0>@leveled_inker:open_all_manifest/2:1269 log_ref=i0011 db_id=0 Manifest is empty, starting from manifest SQN 1
2026-09-11 18:25:56.895166+09:00 [info] <0.802.0>@leveled_cdb:starting/3:479 log_ref=cdb01 db_id=5 Opening file for writing with filename /var/lib/riak/leveled/913438523331814323877303020447676887284957839360/journal/journal_files/0_00e76eeb-0db4-469c-9dc1-4691f9c22b12.pnd
2026-09-11 18:25:56.895276+09:00 [info] <0.803.0>@leveled_cdb:starting/3:479 log_ref=cdb01 db_id=7 Opening file for writing with filename /var/lib/riak/leveled/1278813932664540053428224228626747642198940975104/journal/journal_files/0_f232b8e0-972c-462f-af36-1c1f543987cc.pnd
2026-09-11 18:25:56.895321+09:00 [info] <0.804.0>@leveled_cdb:starting/3:479 log_ref=cdb01 db_id=4 Opening file for writing with filename /var/lib/riak/leveled/730750818665451459101842416358141509827966271488/journal/journal_files/0_9255f67d-a42f-4417-bba5-0720f885424a.pnd
2026-09-11 18:25:56.895397+09:00 [info] <0.805.0>@leveled_cdb:starting/3:479 log_ref=cdb01 db_id=3 Opening file for writing with filename /var/lib/riak/leveled/548063113999088594326381812268606132370974703616/journal/journal_files/0_527bdcda-ddc6-40bf-84d2-6d6ca57caa18.pnd
2026-09-11 18:25:56.895450+09:00 [info] <0.806.0>@leveled_cdb:starting/3:479 log_ref=cdb01 db_id=2 Opening file for writing with filename /var/lib/riak/leveled/365375409332725729550921208179070754913983135744/journal/journal_files/0_f1119dbc-be5b-4c5f-b2a9-eda20d964588.pnd
2026-09-11 18:25:56.895492+09:00 [info] <0.799.0>@leveled_cdb:starting/3:479 log_ref=cdb01 db_id=0 Opening file for writing with filename /var/lib/riak/leveled/0/journal/journal_files/0_4a16d39b-7cba-48df-a156-1bfc91915855.pnd
2026-09-11 18:25:56.895538+09:00 [info] <0.801.0>@leveled_cdb:starting/3:479 log_ref=cdb01 db_id=1 Opening file for writing with filename /var/lib/riak/leveled/182687704666362864775460604089535377456991567872/journal/journal_files/0_4f15a120-ea5e-4e91-90ab-42d1191ec9e0.pnd
2026-09-11 18:25:56.895586+09:00 [info] <0.800.0>@leveled_cdb:starting/3:479 log_ref=cdb01 db_id=6 Opening file for writing with filename /var/lib/riak/leveled/1096126227998177188652763624537212264741949407232/journal/journal_files/0_54d48cd0-4cc7-4685-857c-88514e5c804e.pnd
2026-09-11 18:25:56.896356+09:00 [info] <0.788.0>@leveled_inker:build_manifest/3:1238 log_ref=i0009 db_id=2 Updated manifest on startup:
2026-09-11 18:25:56.896401+09:00 [info] <0.789.0>@leveled_inker:build_manifest/3:1238 log_ref=i0009 db_id=7 Updated manifest on startup:
2026-09-11 18:25:56.896458+09:00 [info] <0.783.0>@leveled_inker:build_manifest/3:1238 log_ref=i0009 db_id=5 Updated manifest on startup:
2026-09-11 18:25:56.896533+09:00 [info] <0.785.0>@leveled_inker:build_manifest/3:1238 log_ref=i0009 db_id=6 Updated manifest on startup:
2026-09-11 18:25:56.896482+09:00 [info] <0.786.0>@leveled_inker:build_manifest/3:1238 log_ref=i0009 db_id=1 Updated manifest on startup:
2026-09-11 18:25:56.896704+09:00 [info] <0.782.0>@leveled_inker:build_manifest/3:1238 log_ref=i0009 db_id=3 Updated manifest on startup:
2026-09-11 18:25:56.896907+09:00 [info] <0.787.0>@leveled_inker:build_manifest/3:1238 log_ref=i0009 db_id=4 Updated manifest on startup:
2026-09-11 18:25:56.897088+09:00 [info] <0.788.0>@leveled_imanifest:writer/3:187 log_ref=i0016 db_id=2 Writing new version of manifest for manifestSQN=2
2026-09-11 18:25:56.897196+09:00 [info] <0.786.0>@leveled_imanifest:writer/3:187 log_ref=i0016 db_id=1 Writing new version of manifest for manifestSQN=2
2026-09-11 18:25:56.897189+09:00 [info] <0.785.0>@leveled_imanifest:writer/3:187 log_ref=i0016 db_id=6 Writing new version of manifest for manifestSQN=2
2026-09-11 18:25:56.897397+09:00 [info] <0.784.0>@leveled_inker:build_manifest/3:1238 log_ref=i0009 db_id=0 Updated manifest on startup:
2026-09-11 18:25:56.897295+09:00 [info] <0.789.0>@leveled_imanifest:writer/3:187 log_ref=i0016 db_id=7 Writing new version of manifest for manifestSQN=2
2026-09-11 18:25:56.897540+09:00 [info] <0.784.0>@leveled_imanifest:writer/3:187 log_ref=i0016 db_id=0 Writing new version of manifest for manifestSQN=2
2026-09-11 18:25:56.897637+09:00 [info] <0.782.0>@leveled_imanifest:writer/3:187 log_ref=i0016 db_id=3 Writing new version of manifest for manifestSQN=2
2026-09-11 18:25:56.897578+09:00 [info] <0.783.0>@leveled_imanifest:writer/3:187 log_ref=i0016 db_id=5 Writing new version of manifest for manifestSQN=2
2026-09-11 18:25:56.897767+09:00 [info] <0.787.0>@leveled_imanifest:writer/3:187 log_ref=i0016 db_id=4 Writing new version of manifest for manifestSQN=2
2026-09-11 18:25:56.914944+09:00 [info] <0.813.0>@leveled_pclerk:clerk_new/3:78 log_ref=pc001 db_id=4 Penciller's clerk <0.816.0> started with owner <0.813.0>
2026-09-11 18:25:56.915054+09:00 [info] <0.808.0>@leveled_pclerk:clerk_new/3:78 log_ref=pc001 db_id=0 Penciller's clerk <0.819.0> started with owner <0.808.0>
2026-09-11 18:25:56.915174+09:00 [info] <0.811.0>@leveled_pclerk:clerk_new/3:78 log_ref=pc001 db_id=7 Penciller's clerk <0.820.0> started with owner <0.811.0>
2026-09-11 18:25:56.915236+09:00 [info] <0.810.0>@leveled_pclerk:clerk_new/3:78 log_ref=pc001 db_id=1 Penciller's clerk <0.821.0> started with owner <0.810.0>
2026-09-11 18:25:56.915296+09:00 [info] <0.814.0>@leveled_pclerk:clerk_new/3:78 log_ref=pc001 db_id=3 Penciller's clerk <0.815.0> started with owner <0.814.0>
2026-09-11 18:25:56.915343+09:00 [info] <0.812.0>@leveled_pclerk:clerk_new/3:78 log_ref=pc001 db_id=6 Penciller's clerk <0.817.0> started with owner <0.812.0>
2026-09-11 18:25:56.915359+09:00 [info] <0.809.0>@leveled_pclerk:clerk_new/3:78 log_ref=pc001 db_id=2 Penciller's clerk <0.818.0> started with owner <0.809.0>
2026-09-11 18:25:56.915354+09:00 [info] <0.807.0>@leveled_pclerk:clerk_new/3:78 log_ref=pc001 db_id=5 Penciller's clerk <0.822.0> started with owner <0.807.0>
2026-09-11 18:25:56.931955+09:00 [info] <0.809.0>@leveled_pmanifest:open_manifestfile/2:1180 log_ref=p0013 db_id=2 Seqence number of 0 indicates no valid manifest
2026-09-11 18:25:56.931956+09:00 [info] <0.808.0>@leveled_pmanifest:open_manifestfile/2:1180 log_ref=p0013 db_id=0 Seqence number of 0 indicates no valid manifest
2026-09-11 18:25:56.932180+09:00 [info] <0.810.0>@leveled_pmanifest:open_manifestfile/2:1180 log_ref=p0013 db_id=1 Seqence number of 0 indicates no valid manifest
2026-09-11 18:25:56.932158+09:00 [info] <0.813.0>@leveled_pmanifest:open_manifestfile/2:1180 log_ref=p0013 db_id=4 Seqence number of 0 indicates no valid manifest
2026-09-11 18:25:56.932115+09:00 [info] <0.807.0>@leveled_pmanifest:open_manifestfile/2:1180 log_ref=p0013 db_id=5 Seqence number of 0 indicates no valid manifest
2026-09-11 18:25:56.932304+09:00 [info] <0.812.0>@leveled_pmanifest:open_manifestfile/2:1180 log_ref=p0013 db_id=6 Seqence number of 0 indicates no valid manifest
2026-09-11 18:25:56.932329+09:00 [info] <0.811.0>@leveled_pmanifest:open_manifestfile/2:1180 log_ref=p0013 db_id=7 Seqence number of 0 indicates no valid manifest
2026-09-11 18:25:56.932388+09:00 [info] <0.814.0>@leveled_pmanifest:open_manifestfile/2:1180 log_ref=p0013 db_id=3 Seqence number of 0 indicates no valid manifest
2026-09-11 18:25:56.935254+09:00 [info] <0.812.0>@leveled_penciller:start_from_file/1:1508 log_ref=p0014 db_id=6 Maximum sequence number of 0 found in nonzero levels
2026-09-11 18:25:56.935331+09:00 [info] <0.808.0>@leveled_penciller:start_from_file/1:1508 log_ref=p0014 db_id=0 Maximum sequence number of 0 found in nonzero levels
2026-09-11 18:25:56.935246+09:00 [info] <0.811.0>@leveled_penciller:start_from_file/1:1508 log_ref=p0014 db_id=7 Maximum sequence number of 0 found in nonzero levels
2026-09-11 18:25:56.935236+09:00 [info] <0.809.0>@leveled_penciller:start_from_file/1:1508 log_ref=p0014 db_id=2 Maximum sequence number of 0 found in nonzero levels
2026-09-11 18:25:56.935382+09:00 [info] <0.807.0>@leveled_penciller:start_from_file/1:1508 log_ref=p0014 db_id=5 Maximum sequence number of 0 found in nonzero levels
2026-09-11 18:25:56.935433+09:00 [info] <0.808.0>@leveled_penciller:start_from_file/1:1510 log_ref=p0035 db_id=0 Startup with Manifest SQN of 0
2026-09-11 18:25:56.935368+09:00 [info] <0.810.0>@leveled_penciller:start_from_file/1:1508 log_ref=p0014 db_id=1 Maximum sequence number of 0 found in nonzero levels
2026-09-11 18:25:56.935407+09:00 [info] <0.813.0>@leveled_penciller:start_from_file/1:1508 log_ref=p0014 db_id=4 Maximum sequence number of 0 found in nonzero levels
2026-09-11 18:25:56.935459+09:00 [info] <0.809.0>@leveled_penciller:start_from_file/1:1510 log_ref=p0035 db_id=2 Startup with Manifest SQN of 0
2026-09-11 18:25:56.935436+09:00 [info] <0.811.0>@leveled_penciller:start_from_file/1:1510 log_ref=p0035 db_id=7 Startup with Manifest SQN of 0
2026-09-11 18:25:56.935476+09:00 [info] <0.810.0>@leveled_penciller:start_from_file/1:1510 log_ref=p0035 db_id=1 Startup with Manifest SQN of 0
2026-09-11 18:25:56.935396+09:00 [info] <0.812.0>@leveled_penciller:start_from_file/1:1510 log_ref=p0035 db_id=6 Startup with Manifest SQN of 0
2026-09-11 18:25:56.935493+09:00 [info] <0.814.0>@leveled_penciller:start_from_file/1:1508 log_ref=p0014 db_id=3 Maximum sequence number of 0 found in nonzero levels
2026-09-11 18:25:56.935463+09:00 [info] <0.807.0>@leveled_penciller:start_from_file/1:1510 log_ref=p0035 db_id=5 Startup with Manifest SQN of 0
2026-09-11 18:25:56.935718+09:00 [info] <0.814.0>@leveled_penciller:start_from_file/1:1510 log_ref=p0035 db_id=3 Startup with Manifest SQN of 0
2026-09-11 18:25:56.935552+09:00 [info] <0.813.0>@leveled_penciller:start_from_file/1:1510 log_ref=p0035 db_id=4 Startup with Manifest SQN of 0
2026-09-11 18:25:56.939255+09:00 [info] <0.808.0>@leveled_penciller:start_from_file/1:1538 log_ref=p0017 db_id=0 No L0 file found
2026-09-11 18:25:56.939426+09:00 [info] <0.810.0>@leveled_penciller:start_from_file/1:1538 log_ref=p0017 db_id=1 No L0 file found
2026-09-11 18:25:56.939416+09:00 [info] <0.809.0>@leveled_penciller:start_from_file/1:1538 log_ref=p0017 db_id=2 No L0 file found
2026-09-11 18:25:56.939563+09:00 [info] <0.811.0>@leveled_penciller:start_from_file/1:1538 log_ref=p0017 db_id=7 No L0 file found
2026-09-11 18:25:56.940002+09:00 [info] <0.812.0>@leveled_penciller:start_from_file/1:1538 log_ref=p0017 db_id=6 No L0 file found
2026-09-11 18:25:56.940112+09:00 [info] <0.807.0>@leveled_penciller:start_from_file/1:1538 log_ref=p0017 db_id=5 No L0 file found
2026-09-11 18:25:56.940172+09:00 [info] <0.814.0>@leveled_penciller:start_from_file/1:1538 log_ref=p0017 db_id=3 No L0 file found
2026-09-11 18:25:56.940236+09:00 [info] <0.813.0>@leveled_penciller:start_from_file/1:1538 log_ref=p0017 db_id=4 No L0 file found
2026-09-11 18:25:56.941103+09:00 [info] <0.770.0>@leveled_bookie:startup/2:1993 log_ref=b0005 db_id=2 LedgerSQN=0 at startup
2026-09-11 18:25:56.941099+09:00 [info] <0.766.0>@leveled_bookie:startup/2:1993 log_ref=b0005 db_id=7 LedgerSQN=0 at startup
2026-09-11 18:25:56.941163+09:00 [info] <0.772.0>@leveled_bookie:startup/2:1993 log_ref=b0005 db_id=0 LedgerSQN=0 at startup
2026-09-11 18:25:56.941240+09:00 [info] <0.773.0>@leveled_bookie:startup/2:1993 log_ref=b0005 db_id=6 LedgerSQN=0 at startup
2026-09-11 18:25:56.941298+09:00 [info] <0.768.0>@leveled_bookie:startup/2:1993 log_ref=b0005 db_id=1 LedgerSQN=0 at startup
2026-09-11 18:25:56.941403+09:00 [info] <0.771.0>@leveled_bookie:startup/2:1993 log_ref=b0005 db_id=5 LedgerSQN=0 at startup
2026-09-11 18:25:56.941476+09:00 [info] <0.769.0>@leveled_bookie:startup/2:1993 log_ref=b0005 db_id=3 LedgerSQN=0 at startup
2026-09-11 18:25:56.941515+09:00 [info] <0.767.0>@leveled_bookie:startup/2:1993 log_ref=b0005 db_id=4 LedgerSQN=0 at startup
2026-09-11 18:25:56.943824+09:00 [info] <0.789.0>@leveled_bookie:startup/2:2004 log_ref=i0014 db_id=7 On startup loading from filename /var/lib/riak/leveled/1278813932664540053428224228626747642198940975104/journal/journal_files/0_f232b8e0-972c-462f-af36-1c1f543987cc from SQN 1
2026-09-11 18:25:56.943825+09:00 [info] <0.783.0>@leveled_bookie:startup/2:2004 log_ref=i0014 db_id=5 On startup loading from filename /var/lib/riak/leveled/913438523331814323877303020447676887284957839360/journal/journal_files/0_00e76eeb-0db4-469c-9dc1-4691f9c22b12 from SQN 1
2026-09-11 18:25:56.944001+09:00 [info] <0.785.0>@leveled_bookie:startup/2:2004 log_ref=i0014 db_id=6 On startup loading from filename /var/lib/riak/leveled/1096126227998177188652763624537212264741949407232/journal/journal_files/0_54d48cd0-4cc7-4685-857c-88514e5c804e from SQN 1
2026-09-11 18:25:56.943964+09:00 [info] <0.787.0>@leveled_bookie:startup/2:2004 log_ref=i0014 db_id=4 On startup loading from filename /var/lib/riak/leveled/730750818665451459101842416358141509827966271488/journal/journal_files/0_9255f67d-a42f-4417-bba5-0720f885424a from SQN 1
2026-09-11 18:25:56.943994+09:00 [info] <0.786.0>@leveled_bookie:startup/2:2004 log_ref=i0014 db_id=1 On startup loading from filename /var/lib/riak/leveled/182687704666362864775460604089535377456991567872/journal/journal_files/0_4f15a120-ea5e-4e91-90ab-42d1191ec9e0 from SQN 1
2026-09-11 18:25:56.944019+09:00 [info] <0.788.0>@leveled_bookie:startup/2:2004 log_ref=i0014 db_id=2 On startup loading from filename /var/lib/riak/leveled/365375409332725729550921208179070754913983135744/journal/journal_files/0_f1119dbc-be5b-4c5f-b2a9-eda20d964588 from SQN 1
2026-09-11 18:25:56.944038+09:00 [info] <0.782.0>@leveled_bookie:startup/2:2004 log_ref=i0014 db_id=3 On startup loading from filename /var/lib/riak/leveled/548063113999088594326381812268606132370974703616/journal/journal_files/0_527bdcda-ddc6-40bf-84d2-6d6ca57caa18 from SQN 1
2026-09-11 18:25:56.944047+09:00 [info] <0.784.0>@leveled_bookie:startup/2:2004 log_ref=i0014 db_id=0 On startup loading from filename /var/lib/riak/leveled/0/journal/journal_files/0_4a16d39b-7cba-48df-a156-1bfc91915855 from SQN 1
2026-09-11 18:25:56.944304+09:00 [info] <0.766.0>@leveled_bookie:init/1:1409 log_ref=b0001 db_id=7 Bookie starting with Ink <0.789.0> Pcl <0.811.0>
2026-09-11 18:25:56.944416+09:00 [info] <0.771.0>@leveled_bookie:init/1:1409 log_ref=b0001 db_id=5 Bookie starting with Ink <0.783.0> Pcl <0.807.0>
2026-09-11 18:25:56.944520+09:00 [info] <0.747.0>@riak_kv_leveled_backend:schedule_journalcompaction/4:903 Schedule compaction for interval 1215 on partition 1278813932664540053428224228626747642198940975104
2026-09-11 18:25:56.944608+09:00 [info] <0.768.0>@leveled_bookie:init/1:1409 log_ref=b0001 db_id=1 Bookie starting with Ink <0.786.0> Pcl <0.810.0>
2026-09-11 18:25:56.944696+09:00 [info] <0.770.0>@leveled_bookie:init/1:1409 log_ref=b0001 db_id=2 Bookie starting with Ink <0.788.0> Pcl <0.809.0>
2026-09-11 18:25:56.944647+09:00 [info] <0.745.0>@riak_kv_leveled_backend:schedule_journalcompaction/4:903 Schedule compaction for interval 280 on partition 913438523331814323877303020447676887284957839360
2026-09-11 18:25:56.944822+09:00 [info] <0.741.0>@riak_kv_leveled_backend:schedule_journalcompaction/4:903 Schedule compaction for interval 2258 on partition 182687704666362864775460604089535377456991567872
2026-09-11 18:25:56.944766+09:00 [info] <0.769.0>@leveled_bookie:init/1:1409 log_ref=b0001 db_id=3 Bookie starting with Ink <0.782.0> Pcl <0.814.0>
2026-09-11 18:25:56.944584+09:00 [info] <0.773.0>@leveled_bookie:init/1:1409 log_ref=b0001 db_id=6 Bookie starting with Ink <0.785.0> Pcl <0.812.0>
2026-09-11 18:25:56.944888+09:00 [info] <0.742.0>@riak_kv_leveled_backend:schedule_journalcompaction/4:903 Schedule compaction for interval 1002 on partition 365375409332725729550921208179070754913983135744
2026-09-11 18:25:56.944964+09:00 [info] <0.743.0>@riak_kv_leveled_backend:schedule_journalcompaction/4:903 Schedule compaction for interval 9514 on partition 548063113999088594326381812268606132370974703616
2026-09-11 18:25:56.945021+09:00 [info] <0.746.0>@riak_kv_leveled_backend:schedule_journalcompaction/4:903 Schedule compaction for interval 8750 on partition 1096126227998177188652763624537212264741949407232
2026-09-11 18:25:56.945035+09:00 [info] <0.772.0>@leveled_bookie:init/1:1409 log_ref=b0001 db_id=0 Bookie starting with Ink <0.784.0> Pcl <0.808.0>
2026-09-11 18:25:56.945148+09:00 [info] <0.740.0>@riak_kv_leveled_backend:schedule_journalcompaction/4:903 Schedule compaction for interval 4631 on partition 0
2026-09-11 18:25:56.945346+09:00 [info] <0.767.0>@leveled_bookie:init/1:1409 log_ref=b0001 db_id=4 Bookie starting with Ink <0.787.0> Pcl <0.813.0>
2026-09-11 18:25:56.945422+09:00 [info] <0.744.0>@riak_kv_leveled_backend:schedule_journalcompaction/4:903 Schedule compaction for interval 556 on partition 730750818665451459101842416358141509827966271488
2026-09-11 18:25:56.972532+09:00 [info] <0.835.0>@aae_controller:init/1:674 log_ref=aae02 Native KeyStore type leveled_nko startup request
2026-09-11 18:25:56.972655+09:00 [info] <0.834.0>@aae_controller:init/1:674 log_ref=aae02 Native KeyStore type leveled_nko startup request
2026-09-11 18:25:56.972742+09:00 [info] <0.833.0>@aae_controller:init/1:674 log_ref=aae02 Native KeyStore type leveled_nko startup request
2026-09-11 18:25:56.972808+09:00 [info] <0.832.0>@aae_controller:init/1:674 log_ref=aae02 Native KeyStore type leveled_nko startup request
2026-09-11 18:25:56.972893+09:00 [info] <0.831.0>@aae_controller:init/1:674 log_ref=aae02 Native KeyStore type leveled_nko startup request
2026-09-11 18:25:56.972998+09:00 [info] <0.838.0>@aae_controller:init/1:674 log_ref=aae02 Native KeyStore type leveled_nko startup request
2026-09-11 18:25:56.973188+09:00 [info] <0.836.0>@aae_controller:init/1:674 log_ref=aae02 Native KeyStore type leveled_nko startup request
2026-09-11 18:25:56.973246+09:00 [info] <0.837.0>@aae_controller:init/1:674 log_ref=aae02 Native KeyStore type leveled_nko startup request
2026-09-11 18:25:56.974584+09:00 [warning] <0.841.0>@aae_keystore:open_manifest/1:1526 log_ref=ks002 No valid manifest found for AAE keystore at /var/lib/riak/tictac_aae/548063113999088594326381812268606132370974703616/leveled_nko/keystore reason not_present
2026-09-11 18:25:56.974507+09:00 [warning] <0.846.0>@aae_keystore:open_manifest/1:1526 log_ref=ks002 No valid manifest found for AAE keystore at /var/lib/riak/tictac_aae/730750818665451459101842416358141509827966271488/leveled_nko/keystore reason not_present
2026-09-11 18:25:56.974510+09:00 [warning] <0.842.0>@aae_keystore:open_manifest/1:1526 log_ref=ks002 No valid manifest found for AAE keystore at /var/lib/riak/tictac_aae/365375409332725729550921208179070754913983135744/leveled_nko/keystore reason not_present
2026-09-11 18:25:56.974679+09:00 [warning] <0.845.0>@aae_keystore:open_manifest/1:1526 log_ref=ks002 No valid manifest found for AAE keystore at /var/lib/riak/tictac_aae/1096126227998177188652763624537212264741949407232/leveled_nko/keystore reason not_present
2026-09-11 18:25:56.974717+09:00 [warning] <0.840.0>@aae_keystore:open_manifest/1:1526 log_ref=ks002 No valid manifest found for AAE keystore at /var/lib/riak/tictac_aae/1278813932664540053428224228626747642198940975104/leveled_nko/keystore reason not_present
2026-09-11 18:25:56.974726+09:00 [warning] <0.839.0>@aae_keystore:open_manifest/1:1526 log_ref=ks002 No valid manifest found for AAE keystore at /var/lib/riak/tictac_aae/182687704666362864775460604089535377456991567872/leveled_nko/keystore reason not_present
2026-09-11 18:25:56.974703+09:00 [warning] <0.843.0>@aae_keystore:open_manifest/1:1526 log_ref=ks002 No valid manifest found for AAE keystore at /var/lib/riak/tictac_aae/0/leveled_nko/keystore reason not_present
2026-09-11 18:25:56.974695+09:00 [warning] <0.844.0>@aae_keystore:open_manifest/1:1526 log_ref=ks002 No valid manifest found for AAE keystore at /var/lib/riak/tictac_aae/913438523331814323877303020447676887284957839360/leveled_nko/keystore reason not_present
2026-09-11 18:25:56.985899+09:00 [info] <0.847.0>@aae_treecache:init/1:224 log_ref=c0005 Starting cache with is_restored=false and IndexN of {0,3}
2026-09-11 18:25:56.987345+09:00 [info] <0.854.0>@aae_treecache:init/1:224 log_ref=c0005 Starting cache with is_restored=false and IndexN of {182687704666362864775460604089535377456991567872,3}
2026-09-11 18:25:56.987775+09:00 [info] <0.848.0>@aae_treecache:init/1:224 log_ref=c0005 Starting cache with is_restored=false and IndexN of {548063113999088594326381812268606132370974703616,3}
2026-09-11 18:25:56.988212+09:00 [info] <0.849.0>@aae_treecache:init/1:224 log_ref=c0005 Starting cache with is_restored=false and IndexN of {1096126227998177188652763624537212264741949407232,3}
2026-09-11 18:25:56.988509+09:00 [info] <0.852.0>@aae_treecache:init/1:224 log_ref=c0005 Starting cache with is_restored=false and IndexN of {1278813932664540053428224228626747642198940975104,3}
2026-09-11 18:25:56.988721+09:00 [info] <0.850.0>@aae_treecache:init/1:224 log_ref=c0005 Starting cache with is_restored=false and IndexN of {913438523331814323877303020447676887284957839360,3}
2026-09-11 18:25:56.988923+09:00 [info] <0.851.0>@aae_treecache:init/1:224 log_ref=c0005 Starting cache with is_restored=false and IndexN of {730750818665451459101842416358141509827966271488,3}
2026-09-11 18:25:56.989298+09:00 [info] <0.853.0>@aae_treecache:init/1:224 log_ref=c0005 Starting cache with is_restored=false and IndexN of {365375409332725729550921208179070754913983135744,3}
2026-09-11 18:25:56.991676+09:00 [info] <0.855.0>@aae_treecache:init/1:224 log_ref=c0005 Starting cache with is_restored=false and IndexN of {182687704666362864775460604089535377456991567872,3}
2026-09-11 18:25:56.992996+09:00 [info] <0.856.0>@aae_treecache:init/1:224 log_ref=c0005 Starting cache with is_restored=false and IndexN of {365375409332725729550921208179070754913983135744,3}
2026-09-11 18:25:56.993308+09:00 [info] <0.857.0>@aae_treecache:init/1:224 log_ref=c0005 Starting cache with is_restored=false and IndexN of {730750818665451459101842416358141509827966271488,3}
2026-09-11 18:25:56.993704+09:00 [info] <0.858.0>@aae_treecache:init/1:224 log_ref=c0005 Starting cache with is_restored=false and IndexN of {1278813932664540053428224228626747642198940975104,3}
2026-09-11 18:25:56.994041+09:00 [info] <0.859.0>@aae_treecache:init/1:224 log_ref=c0005 Starting cache with is_restored=false and IndexN of {0,3}
2026-09-11 18:25:56.994353+09:00 [info] <0.860.0>@aae_treecache:init/1:224 log_ref=c0005 Starting cache with is_restored=false and IndexN of {1096126227998177188652763624537212264741949407232,3}
2026-09-11 18:25:56.994563+09:00 [info] <0.862.0>@aae_treecache:init/1:224 log_ref=c0005 Starting cache with is_restored=false and IndexN of {548063113999088594326381812268606132370974703616,3}
2026-09-11 18:25:56.994628+09:00 [info] <0.861.0>@aae_treecache:init/1:224 log_ref=c0005 Starting cache with is_restored=false and IndexN of {913438523331814323877303020447676887284957839360,3}
2026-09-11 18:25:56.995676+09:00 [info] <0.863.0>@aae_treecache:init/1:224 log_ref=c0005 Starting cache with is_restored=false and IndexN of {365375409332725729550921208179070754913983135744,3}
2026-09-11 18:25:56.997466+09:00 [info] <0.833.0>@aae_controller:init/1:719 log_ref=aae10 AAE controller started with IndexNs [{0,3},{182687704666362864775460604089535377456991567872,3},{365375409332725729550921208179070754913983135744,3}] and StoreType {native,leveled_nko,<0.770.0>}
2026-09-11 18:25:56.997574+09:00 [info] <0.742.0>@riak_kv_vnode:maybe_start_aaecontroller/2:402 AAE Controller started with pid=<0.833.0>
2026-09-11 18:25:56.997829+09:00 [info] <0.864.0>@aae_treecache:init/1:224 log_ref=c0005 Starting cache with is_restored=false and IndexN of {548063113999088594326381812268606132370974703616,3}
2026-09-11 18:25:56.998041+09:00 [info] <0.832.0>@aae_controller:init/1:719 log_ref=aae10 AAE controller started with IndexNs [{182687704666362864775460604089535377456991567872,3},{365375409332725729550921208179070754913983135744,3},{548063113999088594326381812268606132370974703616,3}] and StoreType {native,leveled_nko,<0.769.0>}
2026-09-11 18:25:56.998131+09:00 [info] <0.743.0>@riak_kv_vnode:maybe_start_aaecontroller/2:402 AAE Controller started with pid=<0.832.0>
2026-09-11 18:25:56.998783+09:00 [info] <0.865.0>@aae_treecache:init/1:224 log_ref=c0005 Starting cache with is_restored=false and IndexN of {913438523331814323877303020447676887284957839360,3}
2026-09-11 18:25:56.999158+09:00 [info] <0.866.0>@aae_treecache:init/1:224 log_ref=c0005 Starting cache with is_restored=false and IndexN of {0,3}
2026-09-11 18:25:56.999047+09:00 [info] <0.838.0>@aae_controller:init/1:719 log_ref=aae10 AAE controller started with IndexNs [{548063113999088594326381812268606132370974703616,3},{730750818665451459101842416358141509827966271488,3},{913438523331814323877303020447676887284957839360,3}] and StoreType {native,leveled_nko,<0.771.0>}
2026-09-11 18:25:56.999251+09:00 [info] <0.831.0>@aae_controller:init/1:719 log_ref=aae10 AAE controller started with IndexNs [{1096126227998177188652763624537212264741949407232,3},{1278813932664540053428224228626747642198940975104,3},{0,3}] and StoreType {native,leveled_nko,<0.772.0>}
2026-09-11 18:25:56.999281+09:00 [info] <0.745.0>@riak_kv_vnode:maybe_start_aaecontroller/2:402 AAE Controller started with pid=<0.838.0>
2026-09-11 18:25:56.999439+09:00 [info] <0.867.0>@aae_treecache:init/1:224 log_ref=c0005 Starting cache with is_restored=false and IndexN of {182687704666362864775460604089535377456991567872,3}
2026-09-11 18:25:56.999365+09:00 [info] <0.740.0>@riak_kv_vnode:maybe_start_aaecontroller/2:402 AAE Controller started with pid=<0.831.0>
2026-09-11 18:25:56.999624+09:00 [info] <0.869.0>@aae_treecache:init/1:224 log_ref=c0005 Starting cache with is_restored=false and IndexN of {730750818665451459101842416358141509827966271488,3}
2026-09-11 18:25:56.999652+09:00 [info] <0.835.0>@aae_controller:init/1:719 log_ref=aae10 AAE controller started with IndexNs [{1278813932664540053428224228626747642198940975104,3},{0,3},{182687704666362864775460604089535377456991567872,3}] and StoreType {native,leveled_nko,<0.768.0>}
2026-09-11 18:25:56.999727+09:00 [info] <0.870.0>@aae_treecache:init/1:224 log_ref=c0005 Starting cache with is_restored=false and IndexN of {1096126227998177188652763624537212264741949407232,3}
2026-09-11 18:25:56.999879+09:00 [info] <0.837.0>@aae_controller:init/1:719 log_ref=aae10 AAE controller started with IndexNs [{365375409332725729550921208179070754913983135744,3},{548063113999088594326381812268606132370974703616,3},{730750818665451459101842416358141509827966271488,3}] and StoreType {native,leveled_nko,<0.767.0>}
2026-09-11 18:25:56.999918+09:00 [info] <0.836.0>@aae_controller:init/1:719 log_ref=aae10 AAE controller started with IndexNs [{730750818665451459101842416358141509827966271488,3},{913438523331814323877303020447676887284957839360,3},{1096126227998177188652763624537212264741949407232,3}] and StoreType {native,leveled_nko,<0.773.0>}
2026-09-11 18:25:56.999790+09:00 [info] <0.868.0>@aae_treecache:init/1:224 log_ref=c0005 Starting cache with is_restored=false and IndexN of {1278813932664540053428224228626747642198940975104,3}
2026-09-11 18:25:57.000013+09:00 [info] <0.744.0>@riak_kv_vnode:maybe_start_aaecontroller/2:402 AAE Controller started with pid=<0.837.0>
2026-09-11 18:25:56.999898+09:00 [info] <0.741.0>@riak_kv_vnode:maybe_start_aaecontroller/2:402 AAE Controller started with pid=<0.835.0>
2026-09-11 18:25:57.000043+09:00 [info] <0.834.0>@aae_controller:init/1:719 log_ref=aae10 AAE controller started with IndexNs [{913438523331814323877303020447676887284957839360,3},{1096126227998177188652763624537212264741949407232,3},{1278813932664540053428224228626747642198940975104,3}] and StoreType {native,leveled_nko,<0.766.0>}
2026-09-11 18:25:57.000043+09:00 [info] <0.746.0>@riak_kv_vnode:maybe_start_aaecontroller/2:402 AAE Controller started with pid=<0.836.0>
2026-09-11 18:25:57.000172+09:00 [info] <0.747.0>@riak_kv_vnode:maybe_start_aaecontroller/2:402 AAE Controller started with pid=<0.834.0>
2026-09-11 18:25:57.000971+09:00 [info] <0.736.0>@riak_core_vnode_manager:get_vnode/3:743 VNode initialization ready <0.744.0> 730750818665451459101842416358141509827966271488 riak_kv_vnode
2026-09-11 18:25:57.000911+09:00 [info] <0.734.0>@riak_core_vnode_manager:get_vnode/3:743 VNode initialization ready <0.742.0> 365375409332725729550921208179070754913983135744 riak_kv_vnode
2026-09-11 18:25:57.001085+09:00 [info] <0.739.0>@riak_core_vnode_manager:get_vnode/3:743 VNode initialization ready <0.747.0> 1278813932664540053428224228626747642198940975104 riak_kv_vnode
2026-09-11 18:25:57.001076+09:00 [info] <0.733.0>@riak_core_vnode_manager:get_vnode/3:743 VNode initialization ready <0.741.0> 182687704666362864775460604089535377456991567872 riak_kv_vnode
2026-09-11 18:25:57.001113+09:00 [info] <0.732.0>@riak_core_vnode_manager:get_vnode/3:743 VNode initialization ready <0.740.0> 0 riak_kv_vnode
2026-09-11 18:25:57.001326+09:00 [info] <0.737.0>@riak_core_vnode_manager:get_vnode/3:743 VNode initialization ready <0.745.0> 913438523331814323877303020447676887284957839360 riak_kv_vnode
2026-09-11 18:25:57.001375+09:00 [info] <0.735.0>@riak_core_vnode_manager:get_vnode/3:743 VNode initialization ready <0.743.0> 548063113999088594326381812268606132370974703616 riak_kv_vnode
2026-09-11 18:25:57.001416+09:00 [info] <0.738.0>@riak_core_vnode_manager:get_vnode/3:743 VNode initialization ready <0.746.0> 1096126227998177188652763624537212264741949407232 riak_kv_vnode
2026-09-11 18:25:57.001558+09:00 [info] <0.943.0>@riak_core_vnode_manager:get_vnode/3:733 Will start VNode for partition 182687704666362864775460604089535377456991567872 riak_pipe_vnode
2026-09-11 18:25:57.001883+09:00 [info] <0.943.0>@riak_core_vnode_manager:get_vnode/3:743 VNode initialization ready <0.944.0> 182687704666362864775460604089535377456991567872 riak_pipe_vnode
2026-09-11 18:25:57.002012+09:00 [info] <0.946.0>@riak_core_vnode_manager:get_vnode/3:733 Will start VNode for partition 365375409332725729550921208179070754913983135744 riak_pipe_vnode
2026-09-11 18:25:57.002344+09:00 [info] <0.946.0>@riak_core_vnode_manager:get_vnode/3:743 VNode initialization ready <0.947.0> 365375409332725729550921208179070754913983135744 riak_pipe_vnode
2026-09-11 18:25:57.002455+09:00 [info] <0.949.0>@riak_core_vnode_manager:get_vnode/3:733 Will start VNode for partition 548063113999088594326381812268606132370974703616 riak_pipe_vnode
2026-09-11 18:25:57.002715+09:00 [info] <0.949.0>@riak_core_vnode_manager:get_vnode/3:743 VNode initialization ready <0.950.0> 548063113999088594326381812268606132370974703616 riak_pipe_vnode
2026-09-11 18:25:57.002820+09:00 [info] <0.952.0>@riak_core_vnode_manager:get_vnode/3:733 Will start VNode for partition 730750818665451459101842416358141509827966271488 riak_pipe_vnode
2026-09-11 18:25:57.003039+09:00 [info] <0.952.0>@riak_core_vnode_manager:get_vnode/3:743 VNode initialization ready <0.953.0> 730750818665451459101842416358141509827966271488 riak_pipe_vnode
2026-09-11 18:25:57.003112+09:00 [info] <0.955.0>@riak_core_vnode_manager:get_vnode/3:733 Will start VNode for partition 913438523331814323877303020447676887284957839360 riak_pipe_vnode
2026-09-11 18:25:57.003313+09:00 [info] <0.955.0>@riak_core_vnode_manager:get_vnode/3:743 VNode initialization ready <0.956.0> 913438523331814323877303020447676887284957839360 riak_pipe_vnode
2026-09-11 18:25:57.003468+09:00 [info] <0.958.0>@riak_core_vnode_manager:get_vnode/3:733 Will start VNode for partition 1096126227998177188652763624537212264741949407232 riak_pipe_vnode
2026-09-11 18:25:57.003906+09:00 [info] <0.958.0>@riak_core_vnode_manager:get_vnode/3:743 VNode initialization ready <0.959.0> 1096126227998177188652763624537212264741949407232 riak_pipe_vnode
2026-09-11 18:25:57.003985+09:00 [info] <0.961.0>@riak_core_vnode_manager:get_vnode/3:733 Will start VNode for partition 1278813932664540053428224228626747642198940975104 riak_pipe_vnode
2026-09-11 18:25:57.004141+09:00 [info] <0.961.0>@riak_core_vnode_manager:get_vnode/3:743 VNode initialization ready <0.962.0> 1278813932664540053428224228626747642198940975104 riak_pipe_vnode
2026-09-11 18:25:57.022055+09:00 [info] <0.397.0>@riak_core:wait_for_service/2:492 Wait complete for service riak_kv (9 seconds)
2026-09-11 18:25:57.085910+09:00 [info] <0.614.0>@riak_core:wait_for_service/2:492 Wait complete for service riak_kv (9 seconds)
2026-09-11 18:25:57.095495+09:00 [info] <0.242.0>@riak_core_capability:process_capability_changes/2:557 New capability: {riak_repl,bloom_fold} = true
2026-09-11 18:25:57.114085+09:00 [info] <0.242.0>@riak_core_capability:process_capability_changes/2:557 New capability: {riak_repl,rtq_meta} = true
2026-09-11 18:25:57.124477+09:00 [info] <0.242.0>@riak_core_capability:process_capability_changes/2:557 New capability: {riak_repl,default_bucket_props_hash} = [consistent,datatype,n_val,write_once]
2026-09-11 18:25:57.215506+09:00 [info] <0.614.0>@riak_repl_app:start/2:70 REPL CS block skip disabled
2026-09-11 18:25:57.222125+09:00 [info] <0.980.0>@supervisor:report_progress/2:1582 Supervisor: {local,riak_repl_sup}. Started: id=riak_repl_client_sup,pid=<0.981.0>.
2026-09-11 18:25:57.223767+09:00 [info] <0.980.0>@supervisor:report_progress/2:1582 Supervisor: {local,riak_repl_sup}. Started: id=riak_repl_server_sup,pid=<0.982.0>.
2026-09-11 18:25:57.226659+09:00 [info] <0.980.0>@supervisor:report_progress/2:1582 Supervisor: {local,riak_repl_sup}. Started: id=riak_repl_leader,pid=<0.983.0>.
2026-09-11 18:25:57.232761+09:00 [info] <0.980.0>@supervisor:report_progress/2:1582 Supervisor: {local,riak_repl_sup}. Started: id=riak_repl2_leader,pid=<0.986.0>.
2026-09-11 18:25:57.250199+09:00 [info] <0.988.0>@riak_core_service_mgr:start_link/1:111 Starting Core Service Manager at {"127.0.0.1",9080}
2026-09-11 18:25:57.268423+09:00 [info] <0.986.0>@riak_repl2_leader:become_leader/2:217 Leader2: 'openriak-kv@node-02.cluster-a.openriak' elected as replication leader
2026-09-11 18:25:57.282769+09:00 [info] <0.992.0>@supervisor:report_progress/2:1582 Supervisor: {<0.992.0>,ranch_conns_sup_sup}. Started: id={ranch_conns_sup,1},pid=<0.993.0>.
2026-09-11 18:25:57.283308+09:00 [info] <0.992.0>@supervisor:report_progress/2:1582 Supervisor: {<0.992.0>,ranch_conns_sup_sup}. Started: id={ranch_conns_sup,2},pid=<0.994.0>.
2026-09-11 18:25:57.283560+09:00 [info] <0.992.0>@supervisor:report_progress/2:1582 Supervisor: {<0.992.0>,ranch_conns_sup_sup}. Started: id={ranch_conns_sup,3},pid=<0.995.0>.
2026-09-11 18:25:57.283915+09:00 [info] <0.992.0>@supervisor:report_progress/2:1582 Supervisor: {<0.992.0>,ranch_conns_sup_sup}. Started: id={ranch_conns_sup,4},pid=<0.996.0>.
2026-09-11 18:25:57.284122+09:00 [info] <0.992.0>@supervisor:report_progress/2:1582 Supervisor: {<0.992.0>,ranch_conns_sup_sup}. Started: id={ranch_conns_sup,5},pid=<0.997.0>.
2026-09-11 18:25:57.284410+09:00 [info] <0.992.0>@supervisor:report_progress/2:1582 Supervisor: {<0.992.0>,ranch_conns_sup_sup}. Started: id={ranch_conns_sup,6},pid=<0.998.0>.
2026-09-11 18:25:57.284680+09:00 [info] <0.992.0>@supervisor:report_progress/2:1582 Supervisor: {<0.992.0>,ranch_conns_sup_sup}. Started: id={ranch_conns_sup,7},pid=<0.999.0>.
2026-09-11 18:25:57.284906+09:00 [info] <0.992.0>@supervisor:report_progress/2:1582 Supervisor: {<0.992.0>,ranch_conns_sup_sup}. Started: id={ranch_conns_sup,8},pid=<0.1000.0>.
2026-09-11 18:25:57.285021+09:00 [info] <0.992.0>@supervisor:report_progress/2:1582 Supervisor: {<0.992.0>,ranch_conns_sup_sup}. Started: id={ranch_conns_sup,9},pid=<0.1001.0>.
2026-09-11 18:25:57.285198+09:00 [info] <0.992.0>@supervisor:report_progress/2:1582 Supervisor: {<0.992.0>,ranch_conns_sup_sup}. Started: id={ranch_conns_sup,10},pid=<0.1002.0>.
2026-09-11 18:25:57.285355+09:00 [info] <0.992.0>@supervisor:report_progress/2:1582 Supervisor: {<0.992.0>,ranch_conns_sup_sup}. Started: id={ranch_conns_sup,11},pid=<0.1003.0>.
2026-09-11 18:25:57.285682+09:00 [info] <0.992.0>@supervisor:report_progress/2:1582 Supervisor: {<0.992.0>,ranch_conns_sup_sup}. Started: id={ranch_conns_sup,12},pid=<0.1004.0>.
2026-09-11 18:25:57.285868+09:00 [info] <0.992.0>@supervisor:report_progress/2:1582 Supervisor: {<0.992.0>,ranch_conns_sup_sup}. Started: id={ranch_conns_sup,13},pid=<0.1005.0>.
2026-09-11 18:25:57.286139+09:00 [info] <0.992.0>@supervisor:report_progress/2:1582 Supervisor: {<0.992.0>,ranch_conns_sup_sup}. Started: id={ranch_conns_sup,14},pid=<0.1006.0>.
2026-09-11 18:25:57.286383+09:00 [info] <0.992.0>@supervisor:report_progress/2:1582 Supervisor: {<0.992.0>,ranch_conns_sup_sup}. Started: id={ranch_conns_sup,15},pid=<0.1007.0>.
2026-09-11 18:25:57.286567+09:00 [info] <0.992.0>@supervisor:report_progress/2:1582 Supervisor: {<0.992.0>,ranch_conns_sup_sup}. Started: id={ranch_conns_sup,16},pid=<0.1008.0>.
2026-09-11 18:25:57.286766+09:00 [info] <0.992.0>@supervisor:report_progress/2:1582 Supervisor: {<0.992.0>,ranch_conns_sup_sup}. Started: id={ranch_conns_sup,17},pid=<0.1009.0>.
2026-09-11 18:25:57.287066+09:00 [info] <0.992.0>@supervisor:report_progress/2:1582 Supervisor: {<0.992.0>,ranch_conns_sup_sup}. Started: id={ranch_conns_sup,18},pid=<0.1010.0>.
2026-09-11 18:25:57.287435+09:00 [info] <0.992.0>@supervisor:report_progress/2:1582 Supervisor: {<0.992.0>,ranch_conns_sup_sup}. Started: id={ranch_conns_sup,19},pid=<0.1011.0>.
2026-09-11 18:25:57.287745+09:00 [info] <0.992.0>@supervisor:report_progress/2:1582 Supervisor: {<0.992.0>,ranch_conns_sup_sup}. Started: id={ranch_conns_sup,20},pid=<0.1012.0>.
2026-09-11 18:25:57.287836+09:00 [info] <0.992.0>@supervisor:report_progress/2:1582 Supervisor: {<0.992.0>,ranch_conns_sup_sup}. Started: id={ranch_conns_sup,21},pid=<0.1013.0>.
2026-09-11 18:25:57.287973+09:00 [info] <0.992.0>@supervisor:report_progress/2:1582 Supervisor: {<0.992.0>,ranch_conns_sup_sup}. Started: id={ranch_conns_sup,22},pid=<0.1014.0>.
2026-09-11 18:25:57.288027+09:00 [info] <0.992.0>@supervisor:report_progress/2:1582 Supervisor: {<0.992.0>,ranch_conns_sup_sup}. Started: id={ranch_conns_sup,23},pid=<0.1015.0>.
2026-09-11 18:25:57.288151+09:00 [info] <0.992.0>@supervisor:report_progress/2:1582 Supervisor: {<0.992.0>,ranch_conns_sup_sup}. Started: id={ranch_conns_sup,24},pid=<0.1016.0>.
2026-09-11 18:25:57.288208+09:00 [info] <0.992.0>@supervisor:report_progress/2:1582 Supervisor: {<0.992.0>,ranch_conns_sup_sup}. Started: id={ranch_conns_sup,25},pid=<0.1017.0>.
2026-09-11 18:25:57.288245+09:00 [info] <0.992.0>@supervisor:report_progress/2:1582 Supervisor: {<0.992.0>,ranch_conns_sup_sup}. Started: id={ranch_conns_sup,26},pid=<0.1018.0>.
2026-09-11 18:25:57.288285+09:00 [info] <0.992.0>@supervisor:report_progress/2:1582 Supervisor: {<0.992.0>,ranch_conns_sup_sup}. Started: id={ranch_conns_sup,27},pid=<0.1019.0>.
2026-09-11 18:25:57.288366+09:00 [info] <0.992.0>@supervisor:report_progress/2:1582 Supervisor: {<0.992.0>,ranch_conns_sup_sup}. Started: id={ranch_conns_sup,28},pid=<0.1020.0>.
2026-09-11 18:25:57.288407+09:00 [info] <0.992.0>@supervisor:report_progress/2:1582 Supervisor: {<0.992.0>,ranch_conns_sup_sup}. Started: id={ranch_conns_sup,29},pid=<0.1021.0>.
2026-09-11 18:25:57.288461+09:00 [info] <0.992.0>@supervisor:report_progress/2:1582 Supervisor: {<0.992.0>,ranch_conns_sup_sup}. Started: id={ranch_conns_sup,30},pid=<0.1022.0>.
2026-09-11 18:25:57.288501+09:00 [info] <0.992.0>@supervisor:report_progress/2:1582 Supervisor: {<0.992.0>,ranch_conns_sup_sup}. Started: id={ranch_conns_sup,31},pid=<0.1023.0>.
2026-09-11 18:25:57.288534+09:00 [info] <0.992.0>@supervisor:report_progress/2:1582 Supervisor: {<0.992.0>,ranch_conns_sup_sup}. Started: id={ranch_conns_sup,32},pid=<0.1024.0>.
2026-09-11 18:25:57.288571+09:00 [info] <0.992.0>@supervisor:report_progress/2:1582 Supervisor: {<0.992.0>,ranch_conns_sup_sup}. Started: id={ranch_conns_sup,33},pid=<0.1025.0>.
2026-09-11 18:25:57.288625+09:00 [info] <0.992.0>@supervisor:report_progress/2:1582 Supervisor: {<0.992.0>,ranch_conns_sup_sup}. Started: id={ranch_conns_sup,34},pid=<0.1026.0>.
2026-09-11 18:25:57.288703+09:00 [info] <0.992.0>@supervisor:report_progress/2:1582 Supervisor: {<0.992.0>,ranch_conns_sup_sup}. Started: id={ranch_conns_sup,35},pid=<0.1027.0>.
2026-09-11 18:25:57.288756+09:00 [info] <0.992.0>@supervisor:report_progress/2:1582 Supervisor: {<0.992.0>,ranch_conns_sup_sup}. Started: id={ranch_conns_sup,36},pid=<0.1028.0>.
2026-09-11 18:25:57.288789+09:00 [info] <0.992.0>@supervisor:report_progress/2:1582 Supervisor: {<0.992.0>,ranch_conns_sup_sup}. Started: id={ranch_conns_sup,37},pid=<0.1029.0>.
2026-09-11 18:25:57.288894+09:00 [info] <0.992.0>@supervisor:report_progress/2:1582 Supervisor: {<0.992.0>,ranch_conns_sup_sup}. Started: id={ranch_conns_sup,38},pid=<0.1030.0>.
2026-09-11 18:25:57.288932+09:00 [info] <0.992.0>@supervisor:report_progress/2:1582 Supervisor: {<0.992.0>,ranch_conns_sup_sup}. Started: id={ranch_conns_sup,39},pid=<0.1031.0>.
2026-09-11 18:25:57.288969+09:00 [info] <0.992.0>@supervisor:report_progress/2:1582 Supervisor: {<0.992.0>,ranch_conns_sup_sup}. Started: id={ranch_conns_sup,40},pid=<0.1032.0>.
2026-09-11 18:25:57.289021+09:00 [info] <0.992.0>@supervisor:report_progress/2:1582 Supervisor: {<0.992.0>,ranch_conns_sup_sup}. Started: id={ranch_conns_sup,41},pid=<0.1033.0>.
2026-09-11 18:25:57.289057+09:00 [info] <0.992.0>@supervisor:report_progress/2:1582 Supervisor: {<0.992.0>,ranch_conns_sup_sup}. Started: id={ranch_conns_sup,42},pid=<0.1034.0>.
2026-09-11 18:25:57.289122+09:00 [info] <0.992.0>@supervisor:report_progress/2:1582 Supervisor: {<0.992.0>,ranch_conns_sup_sup}. Started: id={ranch_conns_sup,43},pid=<0.1035.0>.
2026-09-11 18:25:57.289160+09:00 [info] <0.992.0>@supervisor:report_progress/2:1582 Supervisor: {<0.992.0>,ranch_conns_sup_sup}. Started: id={ranch_conns_sup,44},pid=<0.1036.0>.
2026-09-11 18:25:57.289273+09:00 [info] <0.992.0>@supervisor:report_progress/2:1582 Supervisor: {<0.992.0>,ranch_conns_sup_sup}. Started: id={ranch_conns_sup,45},pid=<0.1037.0>.
2026-09-11 18:25:57.289324+09:00 [info] <0.992.0>@supervisor:report_progress/2:1582 Supervisor: {<0.992.0>,ranch_conns_sup_sup}. Started: id={ranch_conns_sup,46},pid=<0.1038.0>.
2026-09-11 18:25:57.289381+09:00 [info] <0.992.0>@supervisor:report_progress/2:1582 Supervisor: {<0.992.0>,ranch_conns_sup_sup}. Started: id={ranch_conns_sup,47},pid=<0.1039.0>.
2026-09-11 18:25:57.289416+09:00 [info] <0.992.0>@supervisor:report_progress/2:1582 Supervisor: {<0.992.0>,ranch_conns_sup_sup}. Started: id={ranch_conns_sup,48},pid=<0.1040.0>.
2026-09-11 18:25:57.289471+09:00 [info] <0.992.0>@supervisor:report_progress/2:1582 Supervisor: {<0.992.0>,ranch_conns_sup_sup}. Started: id={ranch_conns_sup,49},pid=<0.1041.0>.
2026-09-11 18:25:57.289513+09:00 [info] <0.992.0>@supervisor:report_progress/2:1582 Supervisor: {<0.992.0>,ranch_conns_sup_sup}. Started: id={ranch_conns_sup,50},pid=<0.1042.0>.
2026-09-11 18:25:57.289566+09:00 [info] <0.992.0>@supervisor:report_progress/2:1582 Supervisor: {<0.992.0>,ranch_conns_sup_sup}. Started: id={ranch_conns_sup,51},pid=<0.1043.0>.
2026-09-11 18:25:57.289600+09:00 [info] <0.992.0>@supervisor:report_progress/2:1582 Supervisor: {<0.992.0>,ranch_conns_sup_sup}. Started: id={ranch_conns_sup,52},pid=<0.1044.0>.
2026-09-11 18:25:57.289652+09:00 [info] <0.992.0>@supervisor:report_progress/2:1582 Supervisor: {<0.992.0>,ranch_conns_sup_sup}. Started: id={ranch_conns_sup,53},pid=<0.1045.0>.
2026-09-11 18:25:57.289693+09:00 [info] <0.992.0>@supervisor:report_progress/2:1582 Supervisor: {<0.992.0>,ranch_conns_sup_sup}. Started: id={ranch_conns_sup,54},pid=<0.1046.0>.
2026-09-11 18:25:57.289768+09:00 [info] <0.992.0>@supervisor:report_progress/2:1582 Supervisor: {<0.992.0>,ranch_conns_sup_sup}. Started: id={ranch_conns_sup,55},pid=<0.1047.0>.
2026-09-11 18:25:57.289812+09:00 [info] <0.992.0>@supervisor:report_progress/2:1582 Supervisor: {<0.992.0>,ranch_conns_sup_sup}. Started: id={ranch_conns_sup,56},pid=<0.1048.0>.
2026-09-11 18:25:57.289869+09:00 [info] <0.992.0>@supervisor:report_progress/2:1582 Supervisor: {<0.992.0>,ranch_conns_sup_sup}. Started: id={ranch_conns_sup,57},pid=<0.1049.0>.
2026-09-11 18:25:57.289906+09:00 [info] <0.992.0>@supervisor:report_progress/2:1582 Supervisor: {<0.992.0>,ranch_conns_sup_sup}. Started: id={ranch_conns_sup,58},pid=<0.1050.0>.
2026-09-11 18:25:57.289993+09:00 [info] <0.992.0>@supervisor:report_progress/2:1582 Supervisor: {<0.992.0>,ranch_conns_sup_sup}. Started: id={ranch_conns_sup,59},pid=<0.1051.0>.
2026-09-11 18:25:57.290045+09:00 [info] <0.992.0>@supervisor:report_progress/2:1582 Supervisor: {<0.992.0>,ranch_conns_sup_sup}. Started: id={ranch_conns_sup,60},pid=<0.1052.0>.
2026-09-11 18:25:57.290110+09:00 [info] <0.992.0>@supervisor:report_progress/2:1582 Supervisor: {<0.992.0>,ranch_conns_sup_sup}. Started: id={ranch_conns_sup,61},pid=<0.1053.0>.
2026-09-11 18:25:57.290149+09:00 [info] <0.992.0>@supervisor:report_progress/2:1582 Supervisor: {<0.992.0>,ranch_conns_sup_sup}. Started: id={ranch_conns_sup,62},pid=<0.1054.0>.
2026-09-11 18:25:57.290276+09:00 [info] <0.992.0>@supervisor:report_progress/2:1582 Supervisor: {<0.992.0>,ranch_conns_sup_sup}. Started: id={ranch_conns_sup,63},pid=<0.1055.0>.
2026-09-11 18:25:57.290328+09:00 [info] <0.992.0>@supervisor:report_progress/2:1582 Supervisor: {<0.992.0>,ranch_conns_sup_sup}. Started: id={ranch_conns_sup,64},pid=<0.1056.0>.
2026-09-11 18:25:57.290412+09:00 [info] <0.992.0>@supervisor:report_progress/2:1582 Supervisor: {<0.992.0>,ranch_conns_sup_sup}. Started: id={ranch_conns_sup,65},pid=<0.1057.0>.
2026-09-11 18:25:57.290457+09:00 [info] <0.992.0>@supervisor:report_progress/2:1582 Supervisor: {<0.992.0>,ranch_conns_sup_sup}. Started: id={ranch_conns_sup,66},pid=<0.1058.0>.
2026-09-11 18:25:57.290527+09:00 [info] <0.992.0>@supervisor:report_progress/2:1582 Supervisor: {<0.992.0>,ranch_conns_sup_sup}. Started: id={ranch_conns_sup,67},pid=<0.1059.0>.
2026-09-11 18:25:57.290563+09:00 [info] <0.992.0>@supervisor:report_progress/2:1582 Supervisor: {<0.992.0>,ranch_conns_sup_sup}. Started: id={ranch_conns_sup,68},pid=<0.1060.0>.
2026-09-11 18:25:57.290595+09:00 [info] <0.992.0>@supervisor:report_progress/2:1582 Supervisor: {<0.992.0>,ranch_conns_sup_sup}. Started: id={ranch_conns_sup,69},pid=<0.1061.0>.
2026-09-11 18:25:57.290627+09:00 [info] <0.992.0>@supervisor:report_progress/2:1582 Supervisor: {<0.992.0>,ranch_conns_sup_sup}. Started: id={ranch_conns_sup,70},pid=<0.1062.0>.
2026-09-11 18:25:57.290700+09:00 [info] <0.992.0>@supervisor:report_progress/2:1582 Supervisor: {<0.992.0>,ranch_conns_sup_sup}. Started: id={ranch_conns_sup,71},pid=<0.1063.0>.
2026-09-11 18:25:57.290738+09:00 [info] <0.992.0>@supervisor:report_progress/2:1582 Supervisor: {<0.992.0>,ranch_conns_sup_sup}. Started: id={ranch_conns_sup,72},pid=<0.1064.0>.
2026-09-11 18:25:57.290792+09:00 [info] <0.992.0>@supervisor:report_progress/2:1582 Supervisor: {<0.992.0>,ranch_conns_sup_sup}. Started: id={ranch_conns_sup,73},pid=<0.1065.0>.
2026-09-11 18:25:57.290826+09:00 [info] <0.992.0>@supervisor:report_progress/2:1582 Supervisor: {<0.992.0>,ranch_conns_sup_sup}. Started: id={ranch_conns_sup,74},pid=<0.1066.0>.
2026-09-11 18:25:57.290865+09:00 [info] <0.992.0>@supervisor:report_progress/2:1582 Supervisor: {<0.992.0>,ranch_conns_sup_sup}. Started: id={ranch_conns_sup,75},pid=<0.1067.0>.
2026-09-11 18:25:57.290898+09:00 [info] <0.992.0>@supervisor:report_progress/2:1582 Supervisor: {<0.992.0>,ranch_conns_sup_sup}. Started: id={ranch_conns_sup,76},pid=<0.1068.0>.
2026-09-11 18:25:57.290966+09:00 [info] <0.992.0>@supervisor:report_progress/2:1582 Supervisor: {<0.992.0>,ranch_conns_sup_sup}. Started: id={ranch_conns_sup,77},pid=<0.1069.0>.
2026-09-11 18:25:57.291010+09:00 [info] <0.992.0>@supervisor:report_progress/2:1582 Supervisor: {<0.992.0>,ranch_conns_sup_sup}. Started: id={ranch_conns_sup,78},pid=<0.1070.0>.
2026-09-11 18:25:57.291062+09:00 [info] <0.992.0>@supervisor:report_progress/2:1582 Supervisor: {<0.992.0>,ranch_conns_sup_sup}. Started: id={ranch_conns_sup,79},pid=<0.1071.0>.
2026-09-11 18:25:57.291129+09:00 [info] <0.992.0>@supervisor:report_progress/2:1582 Supervisor: {<0.992.0>,ranch_conns_sup_sup}. Started: id={ranch_conns_sup,80},pid=<0.1072.0>.
2026-09-11 18:25:57.291191+09:00 [info] <0.992.0>@supervisor:report_progress/2:1582 Supervisor: {<0.992.0>,ranch_conns_sup_sup}. Started: id={ranch_conns_sup,81},pid=<0.1073.0>.
2026-09-11 18:25:57.291231+09:00 [info] <0.992.0>@supervisor:report_progress/2:1582 Supervisor: {<0.992.0>,ranch_conns_sup_sup}. Started: id={ranch_conns_sup,82},pid=<0.1074.0>.
2026-09-11 18:25:57.291307+09:00 [info] <0.992.0>@supervisor:report_progress/2:1582 Supervisor: {<0.992.0>,ranch_conns_sup_sup}. Started: id={ranch_conns_sup,83},pid=<0.1075.0>.
2026-09-11 18:25:57.291368+09:00 [info] <0.992.0>@supervisor:report_progress/2:1582 Supervisor: {<0.992.0>,ranch_conns_sup_sup}. Started: id={ranch_conns_sup,84},pid=<0.1076.0>.
2026-09-11 18:25:57.291477+09:00 [info] <0.992.0>@supervisor:report_progress/2:1582 Supervisor: {<0.992.0>,ranch_conns_sup_sup}. Started: id={ranch_conns_sup,85},pid=<0.1077.0>.
2026-09-11 18:25:57.291517+09:00 [info] <0.992.0>@supervisor:report_progress/2:1582 Supervisor: {<0.992.0>,ranch_conns_sup_sup}. Started: id={ranch_conns_sup,86},pid=<0.1078.0>.
2026-09-11 18:25:57.291549+09:00 [info] <0.992.0>@supervisor:report_progress/2:1582 Supervisor: {<0.992.0>,ranch_conns_sup_sup}. Started: id={ranch_conns_sup,87},pid=<0.1079.0>.
2026-09-11 18:25:57.291599+09:00 [info] <0.992.0>@supervisor:report_progress/2:1582 Supervisor: {<0.992.0>,ranch_conns_sup_sup}. Started: id={ranch_conns_sup,88},pid=<0.1080.0>.
2026-09-11 18:25:57.291638+09:00 [info] <0.992.0>@supervisor:report_progress/2:1582 Supervisor: {<0.992.0>,ranch_conns_sup_sup}. Started: id={ranch_conns_sup,89},pid=<0.1081.0>.
2026-09-11 18:25:57.291690+09:00 [info] <0.992.0>@supervisor:report_progress/2:1582 Supervisor: {<0.992.0>,ranch_conns_sup_sup}. Started: id={ranch_conns_sup,90},pid=<0.1082.0>.
2026-09-11 18:25:57.291725+09:00 [info] <0.992.0>@supervisor:report_progress/2:1582 Supervisor: {<0.992.0>,ranch_conns_sup_sup}. Started: id={ranch_conns_sup,91},pid=<0.1083.0>.
2026-09-11 18:25:57.291775+09:00 [info] <0.992.0>@supervisor:report_progress/2:1582 Supervisor: {<0.992.0>,ranch_conns_sup_sup}. Started: id={ranch_conns_sup,92},pid=<0.1084.0>.
2026-09-11 18:25:57.291809+09:00 [info] <0.992.0>@supervisor:report_progress/2:1582 Supervisor: {<0.992.0>,ranch_conns_sup_sup}. Started: id={ranch_conns_sup,93},pid=<0.1085.0>.
2026-09-11 18:25:57.291856+09:00 [info] <0.992.0>@supervisor:report_progress/2:1582 Supervisor: {<0.992.0>,ranch_conns_sup_sup}. Started: id={ranch_conns_sup,94},pid=<0.1086.0>.
2026-09-11 18:25:57.291890+09:00 [info] <0.992.0>@supervisor:report_progress/2:1582 Supervisor: {<0.992.0>,ranch_conns_sup_sup}. Started: id={ranch_conns_sup,95},pid=<0.1087.0>.
2026-09-11 18:25:57.291939+09:00 [info] <0.992.0>@supervisor:report_progress/2:1582 Supervisor: {<0.992.0>,ranch_conns_sup_sup}. Started: id={ranch_conns_sup,96},pid=<0.1088.0>.
2026-09-11 18:25:57.291972+09:00 [info] <0.992.0>@supervisor:report_progress/2:1582 Supervisor: {<0.992.0>,ranch_conns_sup_sup}. Started: id={ranch_conns_sup,97},pid=<0.1089.0>.
2026-09-11 18:25:57.292020+09:00 [info] <0.992.0>@supervisor:report_progress/2:1582 Supervisor: {<0.992.0>,ranch_conns_sup_sup}. Started: id={ranch_conns_sup,98},pid=<0.1090.0>.
2026-09-11 18:25:57.292053+09:00 [info] <0.992.0>@supervisor:report_progress/2:1582 Supervisor: {<0.992.0>,ranch_conns_sup_sup}. Started: id={ranch_conns_sup,99},pid=<0.1091.0>.
2026-09-11 18:25:57.292101+09:00 [info] <0.992.0>@supervisor:report_progress/2:1582 Supervisor: {<0.992.0>,ranch_conns_sup_sup}. Started: id={ranch_conns_sup,100},pid=<0.1092.0>.
2026-09-11 18:25:57.292149+09:00 [info] <0.991.0>@supervisor:report_progress/2:1582 Supervisor: {<0.991.0>,ranch_listener_sup}. Started: id=ranch_conns_sup_sup,pid=<0.992.0>.
2026-09-11 18:25:57.321248+09:00 [info] <0.1093.0>@supervisor:report_progress/2:1582 Supervisor: {<0.1093.0>,ranch_acceptors_sup}. Started: id={acceptor,<0.1093.0>,1},pid=<0.1094.0>.
2026-09-11 18:25:57.321602+09:00 [info] <0.1093.0>@supervisor:report_progress/2:1582 Supervisor: {<0.1093.0>,ranch_acceptors_sup}. Started: id={acceptor,<0.1093.0>,2},pid=<0.1095.0>.
2026-09-11 18:25:57.322855+09:00 [info] <0.1093.0>@supervisor:report_progress/2:1582 Supervisor: {<0.1093.0>,ranch_acceptors_sup}. Started: id={acceptor,<0.1093.0>,3},pid=<0.1096.0>.
2026-09-11 18:25:57.323042+09:00 [info] <0.1093.0>@supervisor:report_progress/2:1582 Supervisor: {<0.1093.0>,ranch_acceptors_sup}. Started: id={acceptor,<0.1093.0>,4},pid=<0.1097.0>.
2026-09-11 18:25:57.323195+09:00 [info] <0.1093.0>@supervisor:report_progress/2:1582 Supervisor: {<0.1093.0>,ranch_acceptors_sup}. Started: id={acceptor,<0.1093.0>,5},pid=<0.1098.0>.
2026-09-11 18:25:57.323322+09:00 [info] <0.1093.0>@supervisor:report_progress/2:1582 Supervisor: {<0.1093.0>,ranch_acceptors_sup}. Started: id={acceptor,<0.1093.0>,6},pid=<0.1099.0>.
2026-09-11 18:25:57.323455+09:00 [info] <0.1093.0>@supervisor:report_progress/2:1582 Supervisor: {<0.1093.0>,ranch_acceptors_sup}. Started: id={acceptor,<0.1093.0>,7},pid=<0.1100.0>.
2026-09-11 18:25:57.323536+09:00 [info] <0.1093.0>@supervisor:report_progress/2:1582 Supervisor: {<0.1093.0>,ranch_acceptors_sup}. Started: id={acceptor,<0.1093.0>,8},pid=<0.1101.0>.
2026-09-11 18:25:57.323627+09:00 [info] <0.1093.0>@supervisor:report_progress/2:1582 Supervisor: {<0.1093.0>,ranch_acceptors_sup}. Started: id={acceptor,<0.1093.0>,9},pid=<0.1102.0>.
2026-09-11 18:25:57.323713+09:00 [info] <0.1093.0>@supervisor:report_progress/2:1582 Supervisor: {<0.1093.0>,ranch_acceptors_sup}. Started: id={acceptor,<0.1093.0>,10},pid=<0.1103.0>.
2026-09-11 18:25:57.323777+09:00 [info] <0.1093.0>@supervisor:report_progress/2:1582 Supervisor: {<0.1093.0>,ranch_acceptors_sup}. Started: id={acceptor,<0.1093.0>,11},pid=<0.1104.0>.
2026-09-11 18:25:57.323861+09:00 [info] <0.1093.0>@supervisor:report_progress/2:1582 Supervisor: {<0.1093.0>,ranch_acceptors_sup}. Started: id={acceptor,<0.1093.0>,12},pid=<0.1105.0>.
2026-09-11 18:25:57.323924+09:00 [info] <0.1093.0>@supervisor:report_progress/2:1582 Supervisor: {<0.1093.0>,ranch_acceptors_sup}. Started: id={acceptor,<0.1093.0>,13},pid=<0.1106.0>.
2026-09-11 18:25:57.324003+09:00 [info] <0.1093.0>@supervisor:report_progress/2:1582 Supervisor: {<0.1093.0>,ranch_acceptors_sup}. Started: id={acceptor,<0.1093.0>,14},pid=<0.1107.0>.
2026-09-11 18:25:57.324083+09:00 [info] <0.1093.0>@supervisor:report_progress/2:1582 Supervisor: {<0.1093.0>,ranch_acceptors_sup}. Started: id={acceptor,<0.1093.0>,15},pid=<0.1108.0>.
2026-09-11 18:25:57.324152+09:00 [info] <0.1093.0>@supervisor:report_progress/2:1582 Supervisor: {<0.1093.0>,ranch_acceptors_sup}. Started: id={acceptor,<0.1093.0>,16},pid=<0.1109.0>.
2026-09-11 18:25:57.324232+09:00 [info] <0.1093.0>@supervisor:report_progress/2:1582 Supervisor: {<0.1093.0>,ranch_acceptors_sup}. Started: id={acceptor,<0.1093.0>,17},pid=<0.1110.0>.
2026-09-11 18:25:57.324295+09:00 [info] <0.1093.0>@supervisor:report_progress/2:1582 Supervisor: {<0.1093.0>,ranch_acceptors_sup}. Started: id={acceptor,<0.1093.0>,18},pid=<0.1111.0>.
2026-09-11 18:25:57.324374+09:00 [info] <0.1093.0>@supervisor:report_progress/2:1582 Supervisor: {<0.1093.0>,ranch_acceptors_sup}. Started: id={acceptor,<0.1093.0>,19},pid=<0.1112.0>.
2026-09-11 18:25:57.324455+09:00 [info] <0.1093.0>@supervisor:report_progress/2:1582 Supervisor: {<0.1093.0>,ranch_acceptors_sup}. Started: id={acceptor,<0.1093.0>,20},pid=<0.1113.0>.
2026-09-11 18:25:57.324517+09:00 [info] <0.1093.0>@supervisor:report_progress/2:1582 Supervisor: {<0.1093.0>,ranch_acceptors_sup}. Started: id={acceptor,<0.1093.0>,21},pid=<0.1114.0>.
2026-09-11 18:25:57.324596+09:00 [info] <0.1093.0>@supervisor:report_progress/2:1582 Supervisor: {<0.1093.0>,ranch_acceptors_sup}. Started: id={acceptor,<0.1093.0>,22},pid=<0.1115.0>.
2026-09-11 18:25:57.324658+09:00 [info] <0.1093.0>@supervisor:report_progress/2:1582 Supervisor: {<0.1093.0>,ranch_acceptors_sup}. Started: id={acceptor,<0.1093.0>,23},pid=<0.1116.0>.
2026-09-11 18:25:57.324734+09:00 [info] <0.1093.0>@supervisor:report_progress/2:1582 Supervisor: {<0.1093.0>,ranch_acceptors_sup}. Started: id={acceptor,<0.1093.0>,24},pid=<0.1117.0>.
2026-09-11 18:25:57.324814+09:00 [info] <0.1093.0>@supervisor:report_progress/2:1582 Supervisor: {<0.1093.0>,ranch_acceptors_sup}. Started: id={acceptor,<0.1093.0>,25},pid=<0.1118.0>.
2026-09-11 18:25:57.324877+09:00 [info] <0.1093.0>@supervisor:report_progress/2:1582 Supervisor: {<0.1093.0>,ranch_acceptors_sup}. Started: id={acceptor,<0.1093.0>,26},pid=<0.1119.0>.
2026-09-11 18:25:57.324956+09:00 [info] <0.1093.0>@supervisor:report_progress/2:1582 Supervisor: {<0.1093.0>,ranch_acceptors_sup}. Started: id={acceptor,<0.1093.0>,27},pid=<0.1120.0>.
2026-09-11 18:25:57.325018+09:00 [info] <0.1093.0>@supervisor:report_progress/2:1582 Supervisor: {<0.1093.0>,ranch_acceptors_sup}. Started: id={acceptor,<0.1093.0>,28},pid=<0.1121.0>.
2026-09-11 18:25:57.325097+09:00 [info] <0.1093.0>@supervisor:report_progress/2:1582 Supervisor: {<0.1093.0>,ranch_acceptors_sup}. Started: id={acceptor,<0.1093.0>,29},pid=<0.1122.0>.
2026-09-11 18:25:57.325175+09:00 [info] <0.1093.0>@supervisor:report_progress/2:1582 Supervisor: {<0.1093.0>,ranch_acceptors_sup}. Started: id={acceptor,<0.1093.0>,30},pid=<0.1123.0>.
2026-09-11 18:25:57.325236+09:00 [info] <0.1093.0>@supervisor:report_progress/2:1582 Supervisor: {<0.1093.0>,ranch_acceptors_sup}. Started: id={acceptor,<0.1093.0>,31},pid=<0.1124.0>.
2026-09-11 18:25:57.325346+09:00 [info] <0.1093.0>@supervisor:report_progress/2:1582 Supervisor: {<0.1093.0>,ranch_acceptors_sup}. Started: id={acceptor,<0.1093.0>,32},pid=<0.1125.0>.
2026-09-11 18:25:57.325424+09:00 [info] <0.1093.0>@supervisor:report_progress/2:1582 Supervisor: {<0.1093.0>,ranch_acceptors_sup}. Started: id={acceptor,<0.1093.0>,33},pid=<0.1126.0>.
2026-09-11 18:25:57.325503+09:00 [info] <0.1093.0>@supervisor:report_progress/2:1582 Supervisor: {<0.1093.0>,ranch_acceptors_sup}. Started: id={acceptor,<0.1093.0>,34},pid=<0.1127.0>.
2026-09-11 18:25:57.325676+09:00 [info] <0.1093.0>@supervisor:report_progress/2:1582 Supervisor: {<0.1093.0>,ranch_acceptors_sup}. Started: id={acceptor,<0.1093.0>,35},pid=<0.1128.0>.
2026-09-11 18:25:57.325753+09:00 [info] <0.1093.0>@supervisor:report_progress/2:1582 Supervisor: {<0.1093.0>,ranch_acceptors_sup}. Started: id={acceptor,<0.1093.0>,36},pid=<0.1129.0>.
2026-09-11 18:25:57.325842+09:00 [info] <0.1093.0>@supervisor:report_progress/2:1582 Supervisor: {<0.1093.0>,ranch_acceptors_sup}. Started: id={acceptor,<0.1093.0>,37},pid=<0.1130.0>.
2026-09-11 18:25:57.325905+09:00 [info] <0.1093.0>@supervisor:report_progress/2:1582 Supervisor: {<0.1093.0>,ranch_acceptors_sup}. Started: id={acceptor,<0.1093.0>,38},pid=<0.1131.0>.
2026-09-11 18:25:57.326004+09:00 [info] <0.1093.0>@supervisor:report_progress/2:1582 Supervisor: {<0.1093.0>,ranch_acceptors_sup}. Started: id={acceptor,<0.1093.0>,39},pid=<0.1132.0>.
2026-09-11 18:25:57.326119+09:00 [info] <0.1093.0>@supervisor:report_progress/2:1582 Supervisor: {<0.1093.0>,ranch_acceptors_sup}. Started: id={acceptor,<0.1093.0>,40},pid=<0.1133.0>.
2026-09-11 18:25:57.326209+09:00 [info] <0.1093.0>@supervisor:report_progress/2:1582 Supervisor: {<0.1093.0>,ranch_acceptors_sup}. Started: id={acceptor,<0.1093.0>,41},pid=<0.1134.0>.
2026-09-11 18:25:57.326520+09:00 [info] <0.1093.0>@supervisor:report_progress/2:1582 Supervisor: {<0.1093.0>,ranch_acceptors_sup}. Started: id={acceptor,<0.1093.0>,42},pid=<0.1135.0>.
2026-09-11 18:25:57.326684+09:00 [info] <0.1093.0>@supervisor:report_progress/2:1582 Supervisor: {<0.1093.0>,ranch_acceptors_sup}. Started: id={acceptor,<0.1093.0>,43},pid=<0.1136.0>.
2026-09-11 18:25:57.326794+09:00 [info] <0.1093.0>@supervisor:report_progress/2:1582 Supervisor: {<0.1093.0>,ranch_acceptors_sup}. Started: id={acceptor,<0.1093.0>,44},pid=<0.1137.0>.
2026-09-11 18:25:57.326892+09:00 [info] <0.1093.0>@supervisor:report_progress/2:1582 Supervisor: {<0.1093.0>,ranch_acceptors_sup}. Started: id={acceptor,<0.1093.0>,45},pid=<0.1138.0>.
2026-09-11 18:25:57.326956+09:00 [info] <0.1093.0>@supervisor:report_progress/2:1582 Supervisor: {<0.1093.0>,ranch_acceptors_sup}. Started: id={acceptor,<0.1093.0>,46},pid=<0.1139.0>.
2026-09-11 18:25:57.327038+09:00 [info] <0.1093.0>@supervisor:report_progress/2:1582 Supervisor: {<0.1093.0>,ranch_acceptors_sup}. Started: id={acceptor,<0.1093.0>,47},pid=<0.1140.0>.
2026-09-11 18:25:57.327107+09:00 [info] <0.1093.0>@supervisor:report_progress/2:1582 Supervisor: {<0.1093.0>,ranch_acceptors_sup}. Started: id={acceptor,<0.1093.0>,48},pid=<0.1141.0>.
2026-09-11 18:25:57.327193+09:00 [info] <0.1093.0>@supervisor:report_progress/2:1582 Supervisor: {<0.1093.0>,ranch_acceptors_sup}. Started: id={acceptor,<0.1093.0>,49},pid=<0.1142.0>.
2026-09-11 18:25:57.327304+09:00 [info] <0.1093.0>@supervisor:report_progress/2:1582 Supervisor: {<0.1093.0>,ranch_acceptors_sup}. Started: id={acceptor,<0.1093.0>,50},pid=<0.1143.0>.
2026-09-11 18:25:57.327361+09:00 [info] <0.1093.0>@supervisor:report_progress/2:1582 Supervisor: {<0.1093.0>,ranch_acceptors_sup}. Started: id={acceptor,<0.1093.0>,51},pid=<0.1144.0>.
2026-09-11 18:25:57.327435+09:00 [info] <0.1093.0>@supervisor:report_progress/2:1582 Supervisor: {<0.1093.0>,ranch_acceptors_sup}. Started: id={acceptor,<0.1093.0>,52},pid=<0.1145.0>.
2026-09-11 18:25:57.327485+09:00 [info] <0.1093.0>@supervisor:report_progress/2:1582 Supervisor: {<0.1093.0>,ranch_acceptors_sup}. Started: id={acceptor,<0.1093.0>,53},pid=<0.1146.0>.
2026-09-11 18:25:57.327550+09:00 [info] <0.1093.0>@supervisor:report_progress/2:1582 Supervisor: {<0.1093.0>,ranch_acceptors_sup}. Started: id={acceptor,<0.1093.0>,54},pid=<0.1147.0>.
2026-09-11 18:25:57.327611+09:00 [info] <0.1093.0>@supervisor:report_progress/2:1582 Supervisor: {<0.1093.0>,ranch_acceptors_sup}. Started: id={acceptor,<0.1093.0>,55},pid=<0.1148.0>.
2026-09-11 18:25:57.327658+09:00 [info] <0.1093.0>@supervisor:report_progress/2:1582 Supervisor: {<0.1093.0>,ranch_acceptors_sup}. Started: id={acceptor,<0.1093.0>,56},pid=<0.1149.0>.
2026-09-11 18:25:57.327721+09:00 [info] <0.1093.0>@supervisor:report_progress/2:1582 Supervisor: {<0.1093.0>,ranch_acceptors_sup}. Started: id={acceptor,<0.1093.0>,57},pid=<0.1150.0>.
2026-09-11 18:25:57.327768+09:00 [info] <0.1093.0>@supervisor:report_progress/2:1582 Supervisor: {<0.1093.0>,ranch_acceptors_sup}. Started: id={acceptor,<0.1093.0>,58},pid=<0.1151.0>.
2026-09-11 18:25:57.327828+09:00 [info] <0.1093.0>@supervisor:report_progress/2:1582 Supervisor: {<0.1093.0>,ranch_acceptors_sup}. Started: id={acceptor,<0.1093.0>,59},pid=<0.1152.0>.
2026-09-11 18:25:57.327892+09:00 [info] <0.1093.0>@supervisor:report_progress/2:1582 Supervisor: {<0.1093.0>,ranch_acceptors_sup}. Started: id={acceptor,<0.1093.0>,60},pid=<0.1153.0>.
2026-09-11 18:25:57.327939+09:00 [info] <0.1093.0>@supervisor:report_progress/2:1582 Supervisor: {<0.1093.0>,ranch_acceptors_sup}. Started: id={acceptor,<0.1093.0>,61},pid=<0.1154.0>.
2026-09-11 18:25:57.328001+09:00 [info] <0.1093.0>@supervisor:report_progress/2:1582 Supervisor: {<0.1093.0>,ranch_acceptors_sup}. Started: id={acceptor,<0.1093.0>,62},pid=<0.1155.0>.
2026-09-11 18:25:57.328049+09:00 [info] <0.1093.0>@supervisor:report_progress/2:1582 Supervisor: {<0.1093.0>,ranch_acceptors_sup}. Started: id={acceptor,<0.1093.0>,63},pid=<0.1156.0>.
2026-09-11 18:25:57.328111+09:00 [info] <0.1093.0>@supervisor:report_progress/2:1582 Supervisor: {<0.1093.0>,ranch_acceptors_sup}. Started: id={acceptor,<0.1093.0>,64},pid=<0.1157.0>.
2026-09-11 18:25:57.328172+09:00 [info] <0.1093.0>@supervisor:report_progress/2:1582 Supervisor: {<0.1093.0>,ranch_acceptors_sup}. Started: id={acceptor,<0.1093.0>,65},pid=<0.1158.0>.
2026-09-11 18:25:57.328222+09:00 [info] <0.1093.0>@supervisor:report_progress/2:1582 Supervisor: {<0.1093.0>,ranch_acceptors_sup}. Started: id={acceptor,<0.1093.0>,66},pid=<0.1159.0>.
2026-09-11 18:25:57.328284+09:00 [info] <0.1093.0>@supervisor:report_progress/2:1582 Supervisor: {<0.1093.0>,ranch_acceptors_sup}. Started: id={acceptor,<0.1093.0>,67},pid=<0.1160.0>.
2026-09-11 18:25:57.328331+09:00 [info] <0.1093.0>@supervisor:report_progress/2:1582 Supervisor: {<0.1093.0>,ranch_acceptors_sup}. Started: id={acceptor,<0.1093.0>,68},pid=<0.1161.0>.
2026-09-11 18:25:57.328390+09:00 [info] <0.1093.0>@supervisor:report_progress/2:1582 Supervisor: {<0.1093.0>,ranch_acceptors_sup}. Started: id={acceptor,<0.1093.0>,69},pid=<0.1162.0>.
2026-09-11 18:25:57.328451+09:00 [info] <0.1093.0>@supervisor:report_progress/2:1582 Supervisor: {<0.1093.0>,ranch_acceptors_sup}. Started: id={acceptor,<0.1093.0>,70},pid=<0.1163.0>.
2026-09-11 18:25:57.328500+09:00 [info] <0.1093.0>@supervisor:report_progress/2:1582 Supervisor: {<0.1093.0>,ranch_acceptors_sup}. Started: id={acceptor,<0.1093.0>,71},pid=<0.1164.0>.
2026-09-11 18:25:57.328560+09:00 [info] <0.1093.0>@supervisor:report_progress/2:1582 Supervisor: {<0.1093.0>,ranch_acceptors_sup}. Started: id={acceptor,<0.1093.0>,72},pid=<0.1165.0>.
2026-09-11 18:25:57.328607+09:00 [info] <0.1093.0>@supervisor:report_progress/2:1582 Supervisor: {<0.1093.0>,ranch_acceptors_sup}. Started: id={acceptor,<0.1093.0>,73},pid=<0.1166.0>.
2026-09-11 18:25:57.328666+09:00 [info] <0.1093.0>@supervisor:report_progress/2:1582 Supervisor: {<0.1093.0>,ranch_acceptors_sup}. Started: id={acceptor,<0.1093.0>,74},pid=<0.1167.0>.
2026-09-11 18:25:57.328728+09:00 [info] <0.1093.0>@supervisor:report_progress/2:1582 Supervisor: {<0.1093.0>,ranch_acceptors_sup}. Started: id={acceptor,<0.1093.0>,75},pid=<0.1168.0>.
2026-09-11 18:25:57.328775+09:00 [info] <0.1093.0>@supervisor:report_progress/2:1582 Supervisor: {<0.1093.0>,ranch_acceptors_sup}. Started: id={acceptor,<0.1093.0>,76},pid=<0.1169.0>.
2026-09-11 18:25:57.328833+09:00 [info] <0.1093.0>@supervisor:report_progress/2:1582 Supervisor: {<0.1093.0>,ranch_acceptors_sup}. Started: id={acceptor,<0.1093.0>,77},pid=<0.1170.0>.
2026-09-11 18:25:57.328881+09:00 [info] <0.1093.0>@supervisor:report_progress/2:1582 Supervisor: {<0.1093.0>,ranch_acceptors_sup}. Started: id={acceptor,<0.1093.0>,78},pid=<0.1171.0>.
2026-09-11 18:25:57.328938+09:00 [info] <0.1093.0>@supervisor:report_progress/2:1582 Supervisor: {<0.1093.0>,ranch_acceptors_sup}. Started: id={acceptor,<0.1093.0>,79},pid=<0.1172.0>.
2026-09-11 18:25:57.329001+09:00 [info] <0.1093.0>@supervisor:report_progress/2:1582 Supervisor: {<0.1093.0>,ranch_acceptors_sup}. Started: id={acceptor,<0.1093.0>,80},pid=<0.1173.0>.
2026-09-11 18:25:57.329049+09:00 [info] <0.1093.0>@supervisor:report_progress/2:1582 Supervisor: {<0.1093.0>,ranch_acceptors_sup}. Started: id={acceptor,<0.1093.0>,81},pid=<0.1174.0>.
2026-09-11 18:25:57.329126+09:00 [info] <0.1093.0>@supervisor:report_progress/2:1582 Supervisor: {<0.1093.0>,ranch_acceptors_sup}. Started: id={acceptor,<0.1093.0>,82},pid=<0.1175.0>.
2026-09-11 18:25:57.329188+09:00 [info] <0.1093.0>@supervisor:report_progress/2:1582 Supervisor: {<0.1093.0>,ranch_acceptors_sup}. Started: id={acceptor,<0.1093.0>,83},pid=<0.1176.0>.
2026-09-11 18:25:57.329253+09:00 [info] <0.1093.0>@supervisor:report_progress/2:1582 Supervisor: {<0.1093.0>,ranch_acceptors_sup}. Started: id={acceptor,<0.1093.0>,84},pid=<0.1177.0>.
2026-09-11 18:25:57.329315+09:00 [info] <0.1093.0>@supervisor:report_progress/2:1582 Supervisor: {<0.1093.0>,ranch_acceptors_sup}. Started: id={acceptor,<0.1093.0>,85},pid=<0.1178.0>.
2026-09-11 18:25:57.329363+09:00 [info] <0.1093.0>@supervisor:report_progress/2:1582 Supervisor: {<0.1093.0>,ranch_acceptors_sup}. Started: id={acceptor,<0.1093.0>,86},pid=<0.1179.0>.
2026-09-11 18:25:57.329522+09:00 [info] <0.1093.0>@supervisor:report_progress/2:1582 Supervisor: {<0.1093.0>,ranch_acceptors_sup}. Started: id={acceptor,<0.1093.0>,87},pid=<0.1180.0>.
2026-09-11 18:25:57.329585+09:00 [info] <0.1093.0>@supervisor:report_progress/2:1582 Supervisor: {<0.1093.0>,ranch_acceptors_sup}. Started: id={acceptor,<0.1093.0>,88},pid=<0.1181.0>.
2026-09-11 18:25:57.329650+09:00 [info] <0.1093.0>@supervisor:report_progress/2:1582 Supervisor: {<0.1093.0>,ranch_acceptors_sup}. Started: id={acceptor,<0.1093.0>,89},pid=<0.1182.0>.
2026-09-11 18:25:57.329725+09:00 [info] <0.1093.0>@supervisor:report_progress/2:1582 Supervisor: {<0.1093.0>,ranch_acceptors_sup}. Started: id={acceptor,<0.1093.0>,90},pid=<0.1183.0>.
2026-09-11 18:25:57.329794+09:00 [info] <0.1093.0>@supervisor:report_progress/2:1582 Supervisor: {<0.1093.0>,ranch_acceptors_sup}. Started: id={acceptor,<0.1093.0>,91},pid=<0.1184.0>.
2026-09-11 18:25:57.329862+09:00 [info] <0.1093.0>@supervisor:report_progress/2:1582 Supervisor: {<0.1093.0>,ranch_acceptors_sup}. Started: id={acceptor,<0.1093.0>,92},pid=<0.1185.0>.
2026-09-11 18:25:57.330026+09:00 [info] <0.1093.0>@supervisor:report_progress/2:1582 Supervisor: {<0.1093.0>,ranch_acceptors_sup}. Started: id={acceptor,<0.1093.0>,93},pid=<0.1186.0>.
2026-09-11 18:25:57.330215+09:00 [info] <0.1093.0>@supervisor:report_progress/2:1582 Supervisor: {<0.1093.0>,ranch_acceptors_sup}. Started: id={acceptor,<0.1093.0>,94},pid=<0.1187.0>.
2026-09-11 18:25:57.330296+09:00 [info] <0.1093.0>@supervisor:report_progress/2:1582 Supervisor: {<0.1093.0>,ranch_acceptors_sup}. Started: id={acceptor,<0.1093.0>,95},pid=<0.1188.0>.
2026-09-11 18:25:57.331126+09:00 [info] <0.1093.0>@supervisor:report_progress/2:1582 Supervisor: {<0.1093.0>,ranch_acceptors_sup}. Started: id={acceptor,<0.1093.0>,96},pid=<0.1189.0>.
2026-09-11 18:25:57.331260+09:00 [info] <0.1093.0>@supervisor:report_progress/2:1582 Supervisor: {<0.1093.0>,ranch_acceptors_sup}. Started: id={acceptor,<0.1093.0>,97},pid=<0.1190.0>.
2026-09-11 18:25:57.331339+09:00 [info] <0.1093.0>@supervisor:report_progress/2:1582 Supervisor: {<0.1093.0>,ranch_acceptors_sup}. Started: id={acceptor,<0.1093.0>,98},pid=<0.1191.0>.
2026-09-11 18:25:57.331416+09:00 [info] <0.1093.0>@supervisor:report_progress/2:1582 Supervisor: {<0.1093.0>,ranch_acceptors_sup}. Started: id={acceptor,<0.1093.0>,99},pid=<0.1192.0>.
2026-09-11 18:25:57.331505+09:00 [info] <0.1093.0>@supervisor:report_progress/2:1582 Supervisor: {<0.1093.0>,ranch_acceptors_sup}. Started: id={acceptor,<0.1093.0>,100},pid=<0.1193.0>.
2026-09-11 18:25:57.331576+09:00 [info] <0.991.0>@supervisor:report_progress/2:1582 Supervisor: {<0.991.0>,ranch_listener_sup}. Started: id=ranch_acceptors_sup,pid=<0.1093.0>.
2026-09-11 18:25:57.331653+09:00 [info] <0.610.0>@supervisor:report_progress/2:1582 Supervisor: {local,ranch_sup}. Started: id={ranch_listener_sup,{[49,50,55,46,48,46,48,46,49],9080}},pid=<0.991.0>.
2026-09-11 18:25:57.331737+09:00 [info] <0.989.0>@riak_core_service_mgr:start_dispatcher/3:524 Service manager: listening on 127.0.0.1:9080
2026-09-11 18:25:57.331801+09:00 [info] <0.988.0>@supervisor:report_progress/2:1582 Supervisor: {local,riak_core_cluster_mgr_sup}. Started: id=riak_core_service_mgr,pid=<0.989.0>.
2026-09-11 18:25:57.335532+09:00 [info] <0.988.0>@supervisor:report_progress/2:1582 Supervisor: {local,riak_core_cluster_mgr_sup}. Started: id=riak_core_connection_mgr,pid=<0.1194.0>.
2026-09-11 18:25:57.338093+09:00 [info] <0.988.0>@supervisor:report_progress/2:1582 Supervisor: {local,riak_core_cluster_mgr_sup}. Started: id=riak_core_cluster_conn_sup,pid=<0.1195.0>.
2026-09-11 18:25:57.341814+09:00 [info] <0.1196.0>@riak_core_cluster_mgr:become_leader/2:706 ClusterManager: 'openriak-kv@node-02.cluster-a.openriak' becoming the leader
2026-09-11 18:25:57.341979+09:00 [info] <0.988.0>@supervisor:report_progress/2:1582 Supervisor: {local,riak_core_cluster_mgr_sup}. Started: id=riak_repl_cluster_mgr,pid=<0.1196.0>.
2026-09-11 18:25:57.346543+09:00 [info] <0.1197.0>@riak_core_tcp_mon:init/1:167 Starting TCP Monitor
2026-09-11 18:25:57.346725+09:00 [info] <0.988.0>@supervisor:report_progress/2:1582 Supervisor: {local,riak_core_cluster_mgr_sup}. Started: id=riak_core_tcp_mon,pid=<0.1197.0>.
2026-09-11 18:25:57.346851+09:00 [info] <0.980.0>@supervisor:report_progress/2:1582 Supervisor: {local,riak_repl_sup}. Started: id=riak_core_cluster_mgr_sup,pid=<0.988.0>.
2026-09-11 18:25:57.349855+09:00 [info] <0.980.0>@supervisor:report_progress/2:1582 Supervisor: {local,riak_repl_sup}. Started: id=riak_repl2_fs_node_reserver,pid=<0.1198.0>.
2026-09-11 18:25:57.356035+09:00 [info] <0.1200.0>@supervisor:report_progress/2:1582 Supervisor: {local,riak_repl2_rtsource_sup}. Started: id=riak_repl2_rtq,pid=<0.1201.0>.
2026-09-11 18:25:57.357624+09:00 [info] <0.1200.0>@supervisor:report_progress/2:1582 Supervisor: {local,riak_repl2_rtsource_sup}. Started: id=riak_repl2_rtq_overload_counter,pid=<0.1202.0>.
2026-09-11 18:25:57.360318+09:00 [info] <0.1200.0>@supervisor:report_progress/2:1582 Supervisor: {local,riak_repl2_rtsource_sup}. Started: id=riak_repl2_rtsource_conn_sup,pid=<0.1203.0>.
2026-09-11 18:25:57.360449+09:00 [info] <0.1199.0>@supervisor:report_progress/2:1582 Supervisor: {local,riak_repl2_rt_sup}. Started: id=riak_repl2_rtsource_sup,pid=<0.1200.0>.
2026-09-11 18:25:57.362959+09:00 [info] <0.1204.0>@supervisor:report_progress/2:1582 Supervisor: {local,riak_repl2_rtsink_sup}. Started: id=riak_repl2_rtsink_pool,pid=<0.1205.0>.
2026-09-11 18:25:57.364529+09:00 [info] <0.1204.0>@supervisor:report_progress/2:1582 Supervisor: {local,riak_repl2_rtsink_sup}. Started: id=riak_repl2_rtsink_conn_sup,pid=<0.1212.0>.
2026-09-11 18:25:57.364697+09:00 [info] <0.1199.0>@supervisor:report_progress/2:1582 Supervisor: {local,riak_repl2_rt_sup}. Started: id=riak_repl2_rtsink_sup,pid=<0.1204.0>.
2026-09-11 18:25:57.364831+09:00 [info] <0.1199.0>@supervisor:report_progress/2:1582 Supervisor: {local,riak_repl2_rt_sup}. Started: id=riak_repl2_rt,pid=<0.1213.0>.
2026-09-11 18:25:57.364895+09:00 [info] <0.980.0>@supervisor:report_progress/2:1582 Supervisor: {local,riak_repl_sup}. Started: id=riak_repl2_rt_sup,pid=<0.1199.0>.
2026-09-11 18:25:57.366226+09:00 [info] <0.980.0>@supervisor:report_progress/2:1582 Supervisor: {local,riak_repl_sup}. Started: id=riak_repl2_fscoordinator_sup,pid=<0.1214.0>.
2026-09-11 18:25:57.367221+09:00 [info] <0.980.0>@supervisor:report_progress/2:1582 Supervisor: {local,riak_repl_sup}. Started: id=riak_repl2_fscoordinator_serv_sup,pid=<0.1215.0>.
2026-09-11 18:25:57.368345+09:00 [info] <0.980.0>@supervisor:report_progress/2:1582 Supervisor: {local,riak_repl_sup}. Started: id=riak_repl2_fssource_sup,pid=<0.1216.0>.
2026-09-11 18:25:57.370167+09:00 [info] <0.980.0>@supervisor:report_progress/2:1582 Supervisor: {local,riak_repl_sup}. Started: id=riak_repl2_fssink_pool,pid=<0.1217.0>.
2026-09-11 18:25:57.371823+09:00 [info] <0.980.0>@supervisor:report_progress/2:1582 Supervisor: {local,riak_repl_sup}. Started: id=riak_repl2_fssink_sup,pid=<0.1224.0>.
2026-09-11 18:25:57.373125+09:00 [info] <0.980.0>@supervisor:report_progress/2:1582 Supervisor: {local,riak_repl_sup}. Started: id=riak_repl2_pg_proxy_sup,pid=<0.1225.0>.
2026-09-11 18:25:57.376566+09:00 [info] <0.1226.0>@supervisor:report_progress/2:1582 Supervisor: {local,riak_repl2_pg_sup}. Started: id=riak_repl2_pg_block_provider_sup,pid=<0.1227.0>.
2026-09-11 18:25:57.378033+09:00 [info] <0.1226.0>@supervisor:report_progress/2:1582 Supervisor: {local,riak_repl2_pg_sup}. Started: id=riak_repl2_pg_block_requester_sup,pid=<0.1228.0>.
2026-09-11 18:25:57.378625+09:00 [info] <0.1226.0>@supervisor:report_progress/2:1582 Supervisor: {local,riak_repl2_pg_sup}. Started: id=riak_repl2_pg,pid=<0.1229.0>.
2026-09-11 18:25:57.378859+09:00 [info] <0.980.0>@supervisor:report_progress/2:1582 Supervisor: {local,riak_repl_sup}. Started: id=riak_repl2_pg_sup,pid=<0.1226.0>.
2026-09-11 18:25:57.388437+09:00 [info] <0.247.0>@supervisor:report_progress/2:1582 Supervisor: {local,riak_core_stats_sup}. Started: id=riak_core_connection_mgr_stats,pid=<0.1230.0>.
2026-09-11 18:25:57.417161+09:00 [info] <0.247.0>@supervisor:report_progress/2:1582 Supervisor: {local,riak_core_stats_sup}. Started: id=riak_repl_stats,pid=<0.1231.0>.
2026-09-11 18:25:57.438536+09:00 [info] <0.216.0>@supervisor:report_progress/2:1582 Supervisor: {local,riak_core_eventhandler_sup}. Started: id={riak_core_ring_events,riak_repl_ring_handler},pid=<0.1232.0>.
2026-09-11 18:25:57.460303+09:00 [info] <0.44.0>@application_controller:info_started/2:2130 Application: riak_repl. Started at: 'openriak-kv@node-02.cluster-a.openriak'.
2026-09-11 18:25:57.460813+09:00 [info] <0.44.0>@application_controller:info_started/2:2130 Application: canola. Started at: 'openriak-kv@node-02.cluster-a.openriak'.
2026-09-11 18:25:57.482419+09:00 [info] <0.44.0>@application_controller:info_started/2:2130 Application: riak_auth_mods. Started at: 'openriak-kv@node-02.cluster-a.openriak'.
2026-09-11 18:25:57.482886+09:00 [info] <0.44.0>@application_controller:info_started/2:2130 Application: riak_logger. Started at: 'openriak-kv@node-02.cluster-a.openriak'.
2026-09-11 18:26:03.266702+09:00 [info] <0.1323.0>@supervisor_bridge:report_progress/4:139 Supervisor: {local,inet_gethost_native_sup}. Started: pid=<0.1324.0>,mfa={inet_gethost_native,init,[[]]}.
2026-09-11 18:26:03.266922+09:00 [info] <0.82.0>@supervisor:report_progress/2:1582 Supervisor: {local,kernel_safe_sup}. Started: id=inet_gethost_native_sup,pid=<0.1323.0>.
2026-09-11 18:26:03.291032+09:00 [info] <0.986.0>@riak_repl2_leader:become_leader/2:217 Leader2: 'openriak-kv@node-02.cluster-a.openriak' elected as replication leader
2026-09-11 18:26:03.914604+09:00 [info] <0.226.0>@riak_core_gossip:log_node_added/2:362 'openriak-kv@node-04.cluster-a.openriak' joined cluster with status 'joining'
2026-09-11 18:26:05.472685+09:00 [info] <0.226.0>@riak_core_gossip:log_node_added/2:362 'openriak-kv@node-05.cluster-a.openriak' joined cluster with status 'joining'
2026-09-11 18:26:05.518845+09:00 [info] <0.1196.0>@riak_core_cluster_mgr:become_proxy/2:719 ClusterManager: 'openriak-kv@node-02.cluster-a.openriak' becoming a proxy to 'openriak-kv@node-05.cluster-a.openriak'
2026-09-11 18:26:06.559837+09:00 [info] <0.226.0>@riak_core_gossip:log_node_added/2:362 'openriak-kv@node-03.cluster-a.openriak' joined cluster with status 'joining'
2026-09-11 18:26:09.512379+09:00 [info] <0.226.0>@riak_core_gossip:log_node_changed/3:359 'openriak-kv@node-02.cluster-a.openriak' changed from 'joining' to 'valid'
2026-09-11 18:26:09.512557+09:00 [info] <0.226.0>@riak_core_gossip:log_node_changed/3:359 'openriak-kv@node-03.cluster-a.openriak' changed from 'joining' to 'valid'
2026-09-11 18:26:09.512790+09:00 [info] <0.226.0>@riak_core_gossip:log_node_changed/3:359 'openriak-kv@node-04.cluster-a.openriak' changed from 'joining' to 'valid'
2026-09-11 18:26:09.512994+09:00 [info] <0.226.0>@riak_core_gossip:log_node_changed/3:359 'openriak-kv@node-05.cluster-a.openriak' changed from 'joining' to 'valid'
2026-09-11 18:26:17.418912+09:00 [info] <0.390.0>@riak_kv_replrtq_src:handle_info/2:646 QueueName=q1_ttaaefs has queue sizes p1=0 p2=0 p3=0
2026-09-11 18:26:20.016998+09:00 [info] <0.774.0>@leveled_monitor:handle_cast/2:551 log_ref=b0017 db_id=6 Snapshot timing with sample_count=0 and bookie_time=0 pcl_time=0 with sample_period=23 seconds
2026-09-11 18:26:30.857399+09:00 [info] <0.775.0>@leveled_monitor:handle_cast/2:625 log_ref=cdb19 db_id=0 Sample timings in microseconds for sample_count=0 with totals of cycle_count=0 index_time=0 read_time=0 with sample_period=34 seconds
2026-09-11 18:26:31.381363+09:00 [info] <0.781.0>@leveled_monitor:handle_cast/2:515 log_ref=b0018 db_id=7 Positive HEAD responses timed with sample_count=0 and cache_count=0 found_count=0 fetch_ledger_time=0 fetch_ledgercache_time=0 rsp_time=0 notfound_time=0 with sample_period=34 seconds
2026-09-11 18:26:36.670432+09:00 [info] <0.777.0>@leveled_monitor:handle_cast/2:551 log_ref=b0017 db_id=2 Snapshot timing with sample_count=1 and bookie_time=4 pcl_time=188 with sample_period=39 seconds
2026-09-11 18:26:43.492370+09:00 [info] <0.776.0>@leveled_monitor:handle_cast/2:551 log_ref=b0017 db_id=5 Snapshot timing with sample_count=0 and bookie_time=0 pcl_time=0 with sample_period=46 seconds
2026-09-11 18:26:43.614283+09:00 [info] <0.780.0>@leveled_monitor:handle_cast/2:515 log_ref=b0018 db_id=4 Positive HEAD responses timed with sample_count=0 and cache_count=0 found_count=0 fetch_ledger_time=0 fetch_ledgercache_time=0 rsp_time=0 notfound_time=0 with sample_period=46 seconds
2026-09-11 18:26:49.124341+09:00 [info] <0.389.0>@riak_kv_ttaaefs_manager:handle_info/2:648 Initiated Tictac AAE Full-Sync Mgr with scope=disabled
2026-09-11 18:26:49.124665+09:00 [info] <0.389.0>@riak_kv_ttaaefs_manager:handle_info/2:668 Initiating schedule at startup SlotInfo {2,5,1} Schedule [{no_check,24},{all_check,0},{day_check,0},{hour_check,0},{range_check,0},{auto_check,0}]
2026-09-11 18:26:49.124866+09:00 [info] <0.389.0>@riak_kv_ttaaefs_manager:handle_info/2:686 Scheduling work_item=no_check in 2760 seconds 23 items to run in schedule
2026-09-11 18:26:49.133252+09:00 [info] <0.390.0>@riak_kv_replrtq_src:handle_info/2:646 QueueName=q1_ttaaefs has queue sizes p1=0 p2=0 p3=0
2026-09-11 18:26:49.141350+09:00 [info] <0.393.0>@riak_kv_overflow_queue:log/5:129 riak_kv_reaper job_id=0 has attempts=0 aborts=0 Queue lengths queue_p2=0 queue_p1=0 Overflow lengths overflow_p2=0 overflow_p1=0 Discard counts discard_p2=0 discard_p1=0
2026-09-11 18:26:49.148195+09:00 [info] <0.394.0>@riak_kv_overflow_queue:log/5:129 riak_kv_eraser job_id=0 has attempts=0 aborts=0 Queue lengths queue_p2=0 queue_p1=0 Overflow lengths overflow_p2=0 overflow_p1=0 Discard counts discard_p2=0 discard_p1=0
2026-09-11 18:26:49.148389+09:00 [info] <0.395.0>@riak_kv_overflow_queue:log/5:129 riak_kv_reader job_id=0 has attempts=0 aborts=0 Queue lengths queue_p2=0 queue_p1=0 Overflow lengths overflow_p2=0 overflow_p1=0 Discard counts discard_p2=0 discard_p1=0
2026-09-11 18:26:49.517367+09:00 [info] <0.566.0>@riak_core_worker_pool:handle_info/3:257 worker_pool=af1_pool has qlen=0 and no items checked out
2026-09-11 18:26:49.517486+09:00 [info] <0.571.0>@riak_core_worker_pool:handle_info/3:257 worker_pool=af2_pool has qlen=0 and no items checked out
2026-09-11 18:26:49.518353+09:00 [info] <0.575.0>@riak_core_worker_pool:handle_info/3:257 worker_pool=af3_pool has qlen=0 and no items checked out
2026-09-11 18:26:49.518423+09:00 [info] <0.582.0>@riak_core_worker_pool:handle_info/3:257 worker_pool=af4_pool has qlen=0 and no items checked out
2026-09-11 18:26:49.518453+09:00 [info] <0.586.0>@riak_core_worker_pool:handle_info/3:257 worker_pool=be_pool has qlen=0 and no items checked out
2026-09-11 18:26:56.209427+09:00 [info] <0.779.0>@leveled_monitor:handle_cast/2:625 log_ref=cdb19 db_id=1 Sample timings in microseconds for sample_count=0 with totals of cycle_count=0 index_time=0 read_time=0 with sample_period=59 seconds
2026-09-11 18:26:59.272600+09:00 [info] <0.778.0>@leveled_monitor:handle_cast/2:534 log_ref=b0015 db_id=3 Put timing with sample_count=0 ink_time=0 prep_time=0 mem_time=0 with total_object_size=0 with sample_period=62 seconds
2026-09-11 18:27:02.569639+09:00 [info] <0.775.0>@leveled_monitor:handle_cast/2:534 log_ref=b0015 db_id=0 Put timing with sample_count=0 ink_time=0 prep_time=0 mem_time=0 with total_object_size=0 with sample_period=65 seconds
2026-09-11 18:27:02.630759+09:00 [info] <0.950.0>@riak_core_vnode:finish_handoff/2:788 548063113999088594326381812268606132370974703616 riak_pipe_vnode vnode finished handoff and deleted in 0 milliseconds
2026-09-11 18:27:03.093658+09:00 [info] <0.781.0>@leveled_monitor:handle_cast/2:625 log_ref=cdb19 db_id=7 Sample timings in microseconds for sample_count=0 with totals of cycle_count=0 index_time=0 read_time=0 with sample_period=66 seconds
2026-09-11 18:27:07.219275+09:00 [warning] <0.773.0>@leveled_bookie:handle_call/3:1732 log_ref=b0011 db_id=6 Call to destroy the store and so all files to be removed
2026-09-11 18:27:07.219555+09:00 [warning] <0.785.0>@leveled_inker:handle_call/3:776 log_ref=i0018 db_id=6 We're doomed - intention recorded to destroy all files
2026-09-11 18:27:07.219669+09:00 [info] <0.785.0>@leveled_inker:handle_call/3:780 log_ref=i0005 db_id=6 Inker closing journal for reason doom
2026-09-11 18:27:07.219798+09:00 [info] <0.785.0>@leveled_inker:handle_call/3:782 log_ref=i0006 db_id=6 Close triggered with journal_sqn=0 and manifest_sqn=2
2026-09-11 18:27:07.219943+09:00 [info] <0.785.0>@leveled_inker:shutdown_manifest/1:1036 log_ref=i0007 db_id=6 Inker manifest when closing is:
2026-09-11 18:27:07.220149+09:00 [warning] <0.812.0>@leveled_penciller:handle_call/3:1093 log_ref=p0030 db_id=6 We're doomed - intention recorded to destroy all files
2026-09-11 18:27:07.220283+09:00 [info] <0.817.0>@leveled_pclerk:terminate/2:178 log_ref=pc005 db_id=6 Penciller's Clerk <0.817.0> shutdown now complete for reason normal
2026-09-11 18:27:07.223624+09:00 [info] <0.773.0>@leveled_bookie:terminate/2:1803 log_ref=b0003 db_id=6 Bookie closing for reason normal
2026-09-11 18:27:07.223915+09:00 [info] <0.870.0>@aae_treecache:handle_cast/2:354 log_ref=c0004 Destroying tree cache for partition {1096126227998177188652763624537212264741949407232,3}
2026-09-11 18:27:07.224020+09:00 [info] <0.861.0>@aae_treecache:handle_cast/2:354 log_ref=c0004 Destroying tree cache for partition {913438523331814323877303020447676887284957839360,3}
2026-09-11 18:27:07.224096+09:00 [info] <0.851.0>@aae_treecache:handle_cast/2:354 log_ref=c0004 Destroying tree cache for partition {730750818665451459101842416358141509827966271488,3}
2026-09-11 18:27:07.224343+09:00 [info] <0.746.0>@riak_core_vnode:finish_handoff/2:788 1096126227998177188652763624537212264741949407232 riak_kv_vnode vnode finished handoff and deleted in 25 milliseconds
2026-09-11 18:27:08.382761+09:00 [info] <0.777.0>@leveled_monitor:handle_cast/2:625 log_ref=cdb19 db_id=2 Sample timings in microseconds for sample_count=0 with totals of cycle_count=0 index_time=0 read_time=0 with sample_period=71 seconds
2026-09-11 18:27:12.601693+09:00 [info] <0.962.0>@riak_core_vnode:finish_handoff/2:788 1278813932664540053428224228626747642198940975104 riak_pipe_vnode vnode finished handoff and deleted in 0 milliseconds
2026-09-11 18:27:15.204561+09:00 [info] <0.776.0>@leveled_monitor:handle_cast/2:494 log_ref=b0016 db_id=5 Get timing with sample_count=0 and head_time=0 body_time=0 with fetch_count=0 with sample_period=78 seconds
2026-09-11 18:27:15.326625+09:00 [info] <0.780.0>@leveled_monitor:handle_cast/2:551 log_ref=b0017 db_id=4 Snapshot timing with sample_count=0 and bookie_time=0 pcl_time=0 with sample_period=78 seconds
2026-09-11 18:27:16.724488+09:00 [warning] <0.769.0>@leveled_bookie:handle_call/3:1732 log_ref=b0011 db_id=3 Call to destroy the store and so all files to be removed
2026-09-11 18:27:16.724991+09:00 [warning] <0.782.0>@leveled_inker:handle_call/3:776 log_ref=i0018 db_id=3 We're doomed - intention recorded to destroy all files
2026-09-11 18:27:16.725138+09:00 [info] <0.782.0>@leveled_inker:handle_call/3:780 log_ref=i0005 db_id=3 Inker closing journal for reason doom
2026-09-11 18:27:16.725325+09:00 [info] <0.782.0>@leveled_inker:handle_call/3:782 log_ref=i0006 db_id=3 Close triggered with journal_sqn=0 and manifest_sqn=2
2026-09-11 18:27:16.725502+09:00 [info] <0.782.0>@leveled_inker:shutdown_manifest/1:1036 log_ref=i0007 db_id=3 Inker manifest when closing is:
2026-09-11 18:27:16.726396+09:00 [warning] <0.814.0>@leveled_penciller:handle_call/3:1093 log_ref=p0030 db_id=3 We're doomed - intention recorded to destroy all files
2026-09-11 18:27:16.726721+09:00 [info] <0.815.0>@leveled_pclerk:terminate/2:178 log_ref=pc005 db_id=3 Penciller's Clerk <0.815.0> shutdown now complete for reason normal
2026-09-11 18:27:16.730386+09:00 [info] <0.769.0>@leveled_bookie:terminate/2:1803 log_ref=b0003 db_id=3 Bookie closing for reason normal
2026-09-11 18:27:16.730800+09:00 [info] <0.864.0>@aae_treecache:handle_cast/2:354 log_ref=c0004 Destroying tree cache for partition {548063113999088594326381812268606132370974703616,3}
2026-09-11 18:27:16.730802+09:00 [info] <0.856.0>@aae_treecache:handle_cast/2:354 log_ref=c0004 Destroying tree cache for partition {365375409332725729550921208179070754913983135744,3}
2026-09-11 18:27:16.730938+09:00 [info] <0.854.0>@aae_treecache:handle_cast/2:354 log_ref=c0004 Destroying tree cache for partition {182687704666362864775460604089535377456991567872,3}
2026-09-11 18:27:16.731065+09:00 [info] <0.743.0>@riak_core_vnode:finish_handoff/2:788 548063113999088594326381812268606132370974703616 riak_kv_vnode vnode finished handoff and deleted in 18 milliseconds
2026-09-11 18:27:19.674779+09:00 [info] <0.959.0>@riak_core_vnode:finish_handoff/2:788 1096126227998177188652763624537212264741949407232 riak_pipe_vnode vnode finished handoff and deleted in 0 milliseconds
2026-09-11 18:27:20.845469+09:00 [info] <0.390.0>@riak_kv_replrtq_src:handle_info/2:646 QueueName=q1_ttaaefs has queue sizes p1=0 p2=0 p3=0
2026-09-11 18:27:27.769718+09:00 [info] <0.953.0>@riak_core_vnode:finish_handoff/2:788 730750818665451459101842416358141509827966271488 riak_pipe_vnode vnode finished handoff and deleted in 0 milliseconds
2026-09-11 18:27:27.870262+09:00 [info] <0.779.0>@leveled_monitor:handle_cast/2:551 log_ref=b0017 db_id=1 Snapshot timing with sample_count=0 and bookie_time=0 pcl_time=0 with sample_period=91 seconds
2026-09-11 18:27:34.229678+09:00 [info] <0.775.0>@leveled_monitor:handle_cast/2:494 log_ref=b0016 db_id=0 Get timing with sample_count=0 and head_time=0 body_time=0 with fetch_count=0 with sample_period=97 seconds
2026-09-11 18:27:34.753581+09:00 [info] <0.781.0>@leveled_monitor:handle_cast/2:580 log_ref=p0032 db_id=7 Fetch head timing with sample_count=0 and level timings of foundmem_time=0 found0_time=0 found1_time=0 found2_time=0 found3_time=0 foundlower_time=0 missed_time=0 with counts of foundmem_count=0 found0_count=0 found1_count=0 found2_count=0 found3_count=0 foundlower_count=0 missed_count=0 with sample_period=97 seconds
2026-09-11 18:27:40.042587+09:00 [info] <0.777.0>@leveled_monitor:handle_cast/2:515 log_ref=b0018 db_id=2 Positive HEAD responses timed with sample_count=0 and cache_count=0 found_count=0 fetch_ledger_time=0 fetch_ledgercache_time=0 rsp_time=0 notfound_time=0 with sample_period=103 seconds
2026-09-11 18:27:40.508330+09:00 [warning] <0.772.0>@leveled_bookie:handle_call/3:1732 log_ref=b0011 db_id=0 Call to destroy the store and so all files to be removed
2026-09-11 18:27:40.508658+09:00 [warning] <0.784.0>@leveled_inker:handle_call/3:776 log_ref=i0018 db_id=0 We're doomed - intention recorded to destroy all files
2026-09-11 18:27:40.508785+09:00 [info] <0.784.0>@leveled_inker:handle_call/3:780 log_ref=i0005 db_id=0 Inker closing journal for reason doom
2026-09-11 18:27:40.509077+09:00 [info] <0.784.0>@leveled_inker:handle_call/3:782 log_ref=i0006 db_id=0 Close triggered with journal_sqn=0 and manifest_sqn=2
2026-09-11 18:27:40.509339+09:00 [info] <0.784.0>@leveled_inker:shutdown_manifest/1:1036 log_ref=i0007 db_id=0 Inker manifest when closing is:
2026-09-11 18:27:40.509921+09:00 [warning] <0.808.0>@leveled_penciller:handle_call/3:1093 log_ref=p0030 db_id=0 We're doomed - intention recorded to destroy all files
2026-09-11 18:27:40.510084+09:00 [info] <0.819.0>@leveled_pclerk:terminate/2:178 log_ref=pc005 db_id=0 Penciller's Clerk <0.819.0> shutdown now complete for reason normal
2026-09-11 18:27:40.513813+09:00 [info] <0.772.0>@leveled_bookie:terminate/2:1803 log_ref=b0003 db_id=0 Bookie closing for reason normal
2026-09-11 18:27:40.514089+09:00 [info] <0.866.0>@aae_treecache:handle_cast/2:354 log_ref=c0004 Destroying tree cache for partition {0,3}
2026-09-11 18:27:40.514229+09:00 [info] <0.858.0>@aae_treecache:handle_cast/2:354 log_ref=c0004 Destroying tree cache for partition {1278813932664540053428224228626747642198940975104,3}
2026-09-11 18:27:40.514391+09:00 [info] <0.740.0>@riak_core_vnode:finish_handoff/2:788 0 riak_kv_vnode vnode finished handoff and deleted in 15 milliseconds
2026-09-11 18:27:40.515036+09:00 [info] <0.849.0>@aae_treecache:handle_cast/2:354 log_ref=c0004 Destroying tree cache for partition {1096126227998177188652763624537212264741949407232,3}
2026-09-11 18:27:43.710466+09:00 [warning] <0.766.0>@leveled_bookie:handle_call/3:1732 log_ref=b0011 db_id=7 Call to destroy the store and so all files to be removed
2026-09-11 18:27:43.710672+09:00 [warning] <0.789.0>@leveled_inker:handle_call/3:776 log_ref=i0018 db_id=7 We're doomed - intention recorded to destroy all files
2026-09-11 18:27:43.710780+09:00 [info] <0.789.0>@leveled_inker:handle_call/3:780 log_ref=i0005 db_id=7 Inker closing journal for reason doom
2026-09-11 18:27:43.710853+09:00 [info] <0.789.0>@leveled_inker:handle_call/3:782 log_ref=i0006 db_id=7 Close triggered with journal_sqn=0 and manifest_sqn=2
2026-09-11 18:27:43.711011+09:00 [info] <0.789.0>@leveled_inker:shutdown_manifest/1:1036 log_ref=i0007 db_id=7 Inker manifest when closing is:
2026-09-11 18:27:43.711342+09:00 [warning] <0.811.0>@leveled_penciller:handle_call/3:1093 log_ref=p0030 db_id=7 We're doomed - intention recorded to destroy all files
2026-09-11 18:27:43.711433+09:00 [info] <0.820.0>@leveled_pclerk:terminate/2:178 log_ref=pc005 db_id=7 Penciller's Clerk <0.820.0> shutdown now complete for reason normal
2026-09-11 18:27:43.713599+09:00 [info] <0.766.0>@leveled_bookie:terminate/2:1803 log_ref=b0003 db_id=7 Bookie closing for reason normal
2026-09-11 18:27:43.713864+09:00 [info] <0.868.0>@aae_treecache:handle_cast/2:354 log_ref=c0004 Destroying tree cache for partition {1278813932664540053428224228626747642198940975104,3}
2026-09-11 18:27:43.714315+09:00 [info] <0.860.0>@aae_treecache:handle_cast/2:354 log_ref=c0004 Destroying tree cache for partition {1096126227998177188652763624537212264741949407232,3}
2026-09-11 18:27:43.714519+09:00 [info] <0.850.0>@aae_treecache:handle_cast/2:354 log_ref=c0004 Destroying tree cache for partition {913438523331814323877303020447676887284957839360,3}
2026-09-11 18:27:43.714623+09:00 [info] <0.747.0>@riak_core_vnode:finish_handoff/2:788 1278813932664540053428224228626747642198940975104 riak_kv_vnode vnode finished handoff and deleted in 15 milliseconds
2026-09-11 18:27:46.864581+09:00 [info] <0.776.0>@leveled_monitor:handle_cast/2:580 log_ref=p0032 db_id=5 Fetch head timing with sample_count=0 and level timings of foundmem_time=0 found0_time=0 found1_time=0 found2_time=0 found3_time=0 foundlower_time=0 missed_time=0 with counts of foundmem_count=0 found0_count=0 found1_count=0 found2_count=0 found3_count=0 foundlower_count=0 missed_count=0 with sample_period=110 seconds
2026-09-11 18:27:46.986543+09:00 [info] <0.780.0>@leveled_monitor:handle_cast/2:534 log_ref=b0015 db_id=4 Put timing with sample_count=0 ink_time=0 prep_time=0 mem_time=0 with total_object_size=0 with sample_period=110 seconds
2026-09-11 18:27:47.662612+09:00 [info] <0.575.0>@riak_core_worker_pool:handle_info/3:257 worker_pool=af3_pool has qlen=0 and no items checked out
2026-09-11 18:27:48.428535+09:00 [info] <0.571.0>@riak_core_worker_pool:handle_info/3:257 worker_pool=af2_pool has qlen=0 and no items checked out
2026-09-11 18:27:49.173577+09:00 [info] <0.566.0>@riak_core_worker_pool:handle_info/3:257 worker_pool=af1_pool has qlen=0 and no items checked out
2026-09-11 18:27:49.934939+09:00 [info] <0.947.0>@riak_core_vnode:finish_handoff/2:788 365375409332725729550921208179070754913983135744 riak_pipe_vnode vnode finished handoff and deleted in 0 milliseconds
2026-09-11 18:27:50.351151+09:00 [info] <0.586.0>@riak_core_worker_pool:handle_info/3:257 worker_pool=be_pool has qlen=0 and no items checked out
2026-09-11 18:27:50.446051+09:00 [warning] <0.770.0>@leveled_bookie:handle_call/3:1732 log_ref=b0011 db_id=2 Call to destroy the store and so all files to be removed
2026-09-11 18:27:50.446290+09:00 [warning] <0.788.0>@leveled_inker:handle_call/3:776 log_ref=i0018 db_id=2 We're doomed - intention recorded to destroy all files
2026-09-11 18:27:50.446424+09:00 [info] <0.788.0>@leveled_inker:handle_call/3:780 log_ref=i0005 db_id=2 Inker closing journal for reason doom
2026-09-11 18:27:50.446671+09:00 [info] <0.788.0>@leveled_inker:handle_call/3:782 log_ref=i0006 db_id=2 Close triggered with journal_sqn=0 and manifest_sqn=2
2026-09-11 18:27:50.446823+09:00 [info] <0.788.0>@leveled_inker:shutdown_manifest/1:1036 log_ref=i0007 db_id=2 Inker manifest when closing is:
2026-09-11 18:27:50.447035+09:00 [warning] <0.809.0>@leveled_penciller:handle_call/3:1093 log_ref=p0030 db_id=2 We're doomed - intention recorded to destroy all files
2026-09-11 18:27:50.447265+09:00 [info] <0.818.0>@leveled_pclerk:terminate/2:178 log_ref=pc005 db_id=2 Penciller's Clerk <0.818.0> shutdown now complete for reason normal
2026-09-11 18:27:50.449895+09:00 [info] <0.770.0>@leveled_bookie:terminate/2:1803 log_ref=b0003 db_id=2 Bookie closing for reason normal
2026-09-11 18:27:50.450104+09:00 [info] <0.863.0>@aae_treecache:handle_cast/2:354 log_ref=c0004 Destroying tree cache for partition {365375409332725729550921208179070754913983135744,3}
2026-09-11 18:27:50.450290+09:00 [info] <0.742.0>@riak_core_vnode:finish_handoff/2:788 365375409332725729550921208179070754913983135744 riak_kv_vnode vnode finished handoff and deleted in 12 milliseconds
2026-09-11 18:27:50.450201+09:00 [info] <0.855.0>@aae_treecache:handle_cast/2:354 log_ref=c0004 Destroying tree cache for partition {182687704666362864775460604089535377456991567872,3}
2026-09-11 18:27:50.450235+09:00 [info] <0.847.0>@aae_treecache:handle_cast/2:354 log_ref=c0004 Destroying tree cache for partition {0,3}
2026-09-11 18:27:52.142413+09:00 [info] <0.582.0>@riak_core_worker_pool:handle_info/3:257 worker_pool=af4_pool has qlen=0 and no items checked out
2026-09-11 18:27:52.505495+09:00 [info] <0.390.0>@riak_kv_replrtq_src:handle_info/2:646 QueueName=q1_ttaaefs has queue sizes p1=0 p2=0 p3=0
2026-09-11 18:27:52.513453+09:00 [info] <0.393.0>@riak_kv_overflow_queue:log/5:129 riak_kv_reaper job_id=0 has attempts=0 aborts=0 Queue lengths queue_p2=0 queue_p1=0 Overflow lengths overflow_p2=0 overflow_p1=0 Discard counts discard_p2=0 discard_p1=0
2026-09-11 18:27:52.537986+09:00 [info] <0.394.0>@riak_kv_overflow_queue:log/5:129 riak_kv_eraser job_id=0 has attempts=0 aborts=0 Queue lengths queue_p2=0 queue_p1=0 Overflow lengths overflow_p2=0 overflow_p1=0 Discard counts discard_p2=0 discard_p1=0
2026-09-11 18:27:52.538152+09:00 [info] <0.395.0>@riak_kv_overflow_queue:log/5:129 riak_kv_reader job_id=0 has attempts=0 aborts=0 Queue lengths queue_p2=0 queue_p1=0 Overflow lengths overflow_p2=0 overflow_p1=0 Discard counts discard_p2=0 discard_p1=0
2026-09-11 18:28:00.111615+09:00 [info] <0.730.0>@riak_core_vnode:finish_handoff/2:788 0 riak_pipe_vnode vnode finished handoff and deleted in 0 milliseconds
2026-09-11 18:28:01.021997+09:00 [warning] <0.767.0>@leveled_bookie:handle_call/3:1732 log_ref=b0011 db_id=4 Call to destroy the store and so all files to be removed
2026-09-11 18:28:01.022382+09:00 [warning] <0.787.0>@leveled_inker:handle_call/3:776 log_ref=i0018 db_id=4 We're doomed - intention recorded to destroy all files
2026-09-11 18:28:01.022836+09:00 [info] <0.787.0>@leveled_inker:handle_call/3:780 log_ref=i0005 db_id=4 Inker closing journal for reason doom
2026-09-11 18:28:01.023007+09:00 [info] <0.787.0>@leveled_inker:handle_call/3:782 log_ref=i0006 db_id=4 Close triggered with journal_sqn=0 and manifest_sqn=2
2026-09-11 18:28:01.023736+09:00 [info] <0.787.0>@leveled_inker:shutdown_manifest/1:1036 log_ref=i0007 db_id=4 Inker manifest when closing is:
2026-09-11 18:28:01.024423+09:00 [warning] <0.813.0>@leveled_penciller:handle_call/3:1093 log_ref=p0030 db_id=4 We're doomed - intention recorded to destroy all files
2026-09-11 18:28:01.024566+09:00 [info] <0.816.0>@leveled_pclerk:terminate/2:178 log_ref=pc005 db_id=4 Penciller's Clerk <0.816.0> shutdown now complete for reason normal
2026-09-11 18:28:01.032058+09:00 [info] <0.767.0>@leveled_bookie:terminate/2:1803 log_ref=b0003 db_id=4 Bookie closing for reason normal
2026-09-11 18:28:01.032609+09:00 [info] <0.869.0>@aae_treecache:handle_cast/2:354 log_ref=c0004 Destroying tree cache for partition {730750818665451459101842416358141509827966271488,3}
2026-09-11 18:28:01.032406+09:00 [info] <0.853.0>@aae_treecache:handle_cast/2:354 log_ref=c0004 Destroying tree cache for partition {365375409332725729550921208179070754913983135744,3}
2026-09-11 18:28:01.032833+09:00 [info] <0.744.0>@riak_core_vnode:finish_handoff/2:788 730750818665451459101842416358141509827966271488 riak_kv_vnode vnode finished handoff and deleted in 19 milliseconds
2026-09-11 18:28:01.032627+09:00 [info] <0.862.0>@aae_treecache:handle_cast/2:354 log_ref=c0004 Destroying tree cache for partition {548063113999088594326381812268606132370974703616,3}
2026-09-11 18:28:18.567416+09:00 [info] <0.776.0>@leveled_monitor:handle_cast/2:625 log_ref=cdb19 db_id=5 Sample timings in microseconds for sample_count=0 with totals of cycle_count=0 index_time=0 read_time=0 with sample_period=141 seconds
2026-09-11 18:28:24.208307+09:00 [info] <0.390.0>@riak_kv_replrtq_src:handle_info/2:646 QueueName=q1_ttaaefs has queue sizes p1=0 p2=0 p3=0
2026-09-11 18:28:31.289394+09:00 [info] <0.779.0>@leveled_monitor:handle_cast/2:515 log_ref=b0018 db_id=1 Positive HEAD responses timed with sample_count=0 and cache_count=0 found_count=0 fetch_ledger_time=0 fetch_ledgercache_time=0 rsp_time=0 notfound_time=0 with sample_period=154 seconds
2026-09-11 18:28:48.052462+09:00 [info] <0.571.0>@riak_core_worker_pool:handle_info/3:257 worker_pool=af2_pool has qlen=0 and no items checked out
2026-09-11 18:28:48.239336+09:00 [info] <0.586.0>@riak_core_worker_pool:handle_info/3:257 worker_pool=be_pool has qlen=0 and no items checked out
2026-09-11 18:28:48.338832+09:00 [info] <0.575.0>@riak_core_worker_pool:handle_info/3:257 worker_pool=af3_pool has qlen=0 and no items checked out
2026-09-11 18:28:50.186352+09:00 [info] <0.566.0>@riak_core_worker_pool:handle_info/3:257 worker_pool=af1_pool has qlen=0 and no items checked out
2026-09-11 18:28:54.967311+09:00 [info] <0.582.0>@riak_core_worker_pool:handle_info/3:257 worker_pool=af4_pool has qlen=0 and no items checked out
2026-09-11 18:28:55.925256+09:00 [info] <0.390.0>@riak_kv_replrtq_src:handle_info/2:646 QueueName=q1_ttaaefs has queue sizes p1=0 p2=0 p3=0
2026-09-11 18:28:55.932317+09:00 [info] <0.393.0>@riak_kv_overflow_queue:log/5:129 riak_kv_reaper job_id=0 has attempts=0 aborts=0 Queue lengths queue_p2=0 queue_p1=0 Overflow lengths overflow_p2=0 overflow_p1=0 Discard counts discard_p2=0 discard_p1=0
2026-09-11 18:28:55.956419+09:00 [info] <0.394.0>@riak_kv_overflow_queue:log/5:129 riak_kv_eraser job_id=0 has attempts=0 aborts=0 Queue lengths queue_p2=0 queue_p1=0 Overflow lengths overflow_p2=0 overflow_p1=0 Discard counts discard_p2=0 discard_p1=0
2026-09-11 18:28:55.956594+09:00 [info] <0.395.0>@riak_kv_overflow_queue:log/5:129 riak_kv_reader job_id=0 has attempts=0 aborts=0 Queue lengths queue_p2=0 queue_p1=0 Overflow lengths overflow_p2=0 overflow_p1=0 Discard counts discard_p2=0 discard_p1=0
2026-09-11 18:29:03.009217+09:00 [info] <0.779.0>@leveled_monitor:handle_cast/2:494 log_ref=b0016 db_id=1 Get timing with sample_count=0 and head_time=0 body_time=0 with fetch_count=0 with sample_period=186 seconds
2026-09-11 18:29:22.004991+09:00 [info] <0.776.0>@leveled_monitor:handle_cast/2:534 log_ref=b0015 db_id=5 Put timing with sample_count=0 ink_time=0 prep_time=0 mem_time=0 with total_object_size=0 with sample_period=205 seconds
2026-09-11 18:29:25.530700+09:00 [info] <0.614.0>@riak_repl_app:prep_stop/1:336 Redirecting realtime replication traffic
2026-09-11 18:29:25.538988+09:00 [info] <0.82.0>@supervisor:report_progress/2:1582 Supervisor: {local,kernel_safe_sup}. Started: id=riak_repl2_rtq_proxy,pid=<0.5578.0>.
2026-09-11 18:29:25.539165+09:00 [info] <0.614.0>@riak_repl_app:prep_stop/1:339 Stopping application riak_repl - marked service down.
2026-09-11 18:29:25.542670+09:00 [info] <0.5579.0>@riak_repl_migration:init/0:33 Riak replication migration server started
2026-09-11 18:29:25.543101+09:00 [info] <0.614.0>@riak_repl_app:prep_stop/1:343 Started migration server
2026-09-11 18:29:25.543216+09:00 [info] <0.5579.0>@riak_repl_migration:handle_call/3:37 Realtime Repl queue migration sleeping
2026-09-11 18:29:25.644215+09:00 [info] <0.5579.0>@riak_repl_migration:handle_info/2:50 Queue empty, no replication queue migration required
2026-09-11 18:29:26.415466+09:00 [info] <0.986.0>@riak_repl2_leader:become_leader/2:217 Leader2: 'openriak-kv@node-02.cluster-a.openriak' elected as replication leader
2026-09-11 18:29:26.416181+09:00 [info] <0.1196.0>@riak_core_cluster_mgr:become_leader/2:706 ClusterManager: 'openriak-kv@node-02.cluster-a.openriak' becoming the leader
2026-09-11 18:29:26.648161+09:00 [info] <0.614.0>@riak_repl_app:stop/1:139 Stopped application riak_repl
2026-09-11 18:29:26.651664+09:00 [info] <0.350.0>@riak_kv_app:prep_stop/1:275 Stopping application riak_kv - marked service down.
2026-09-11 18:29:26.651925+09:00 [info] <0.350.0>@riak_kv_app:prep_stop/1:279 Unregistered pb services
2026-09-11 18:29:26.652795+09:00 [info] <0.350.0>@riak_kv_app:prep_stop/1:284 unregistered webmachine routes
2026-09-11 18:29:26.652955+09:00 [info] <0.350.0>@riak_kv_app:prep_stop/1:286 all active put FSMs completed
2026-09-11 18:29:26.653202+09:00 [info] <0.350.0>@riak_kv_app:stop/1:297 Stopped  application riak_kv.
2026-09-11 18:29:26.656580+09:00 [info] <0.783.0>@leveled_inker:handle_call/3:780 log_ref=i0005 db_id=5 Inker closing journal for reason close
2026-09-11 18:29:26.656666+09:00 [info] <0.783.0>@leveled_inker:handle_call/3:782 log_ref=i0006 db_id=5 Close triggered with journal_sqn=0 and manifest_sqn=2
2026-09-11 18:29:26.656586+09:00 [info] <0.786.0>@leveled_inker:handle_call/3:780 log_ref=i0005 db_id=1 Inker closing journal for reason close
2026-09-11 18:29:26.656744+09:00 [info] <0.783.0>@leveled_inker:shutdown_manifest/1:1036 log_ref=i0007 db_id=5 Inker manifest when closing is:
2026-09-11 18:29:26.656738+09:00 [info] <0.786.0>@leveled_inker:handle_call/3:782 log_ref=i0006 db_id=1 Close triggered with journal_sqn=5 and manifest_sqn=2
2026-09-11 18:29:26.656861+09:00 [info] <0.822.0>@leveled_pclerk:terminate/2:178 log_ref=pc005 db_id=5 Penciller's Clerk <0.822.0> shutdown now complete for reason normal
2026-09-11 18:29:26.656919+09:00 [info] <0.807.0>@leveled_penciller:handle_call/3:1068 log_ref=p0008 db_id=5 Penciller closing for reason close
2026-09-11 18:29:26.656960+09:00 [info] <0.807.0>@leveled_penciller:handle_call/3:1084 log_ref=p0010 db_id=5 level zero discarded_count=0 on close of Penciller
2026-09-11 18:29:26.657029+09:00 [info] <0.771.0>@leveled_bookie:terminate/2:1803 log_ref=b0003 db_id=5 Bookie closing for reason normal
2026-09-11 18:29:26.657433+09:00 [info] <0.786.0>@leveled_inker:shutdown_manifest/1:1036 log_ref=i0007 db_id=1 Inker manifest when closing is:
2026-09-11 18:29:26.657542+09:00 [info] <0.821.0>@leveled_pclerk:terminate/2:178 log_ref=pc005 db_id=1 Penciller's Clerk <0.821.0> shutdown now complete for reason normal
2026-09-11 18:29:26.657596+09:00 [info] <0.810.0>@leveled_penciller:handle_call/3:1068 log_ref=p0008 db_id=1 Penciller closing for reason close
2026-09-11 18:29:26.657621+09:00 [info] <0.810.0>@leveled_penciller:handle_call/3:1084 log_ref=p0010 db_id=1 level zero discarded_count=0 on close of Penciller
2026-09-11 18:29:26.657696+09:00 [info] <0.768.0>@leveled_bookie:terminate/2:1803 log_ref=b0003 db_id=1 Bookie closing for reason normal
2026-09-11 18:29:26.687743+09:00 [info] <0.865.0>@aae_treecache:save_to_disk/3:403 log_ref=c0003 Saving tree cache to path /var/lib/riak/tictac_aae/913438523331814323877303020447676887284957839360/aaetree/913438523331814323877303020447676887284957839360_3/ and filename 1.pnd
2026-09-11 18:29:26.687781+09:00 [info] <0.867.0>@aae_treecache:save_to_disk/3:403 log_ref=c0003 Saving tree cache to path /var/lib/riak/tictac_aae/182687704666362864775460604089535377456991567872/aaetree/182687704666362864775460604089535377456991567872_3/ and filename 1.pnd
2026-09-11 18:29:26.720801+09:00 [info] <0.857.0>@aae_treecache:save_to_disk/3:403 log_ref=c0003 Saving tree cache to path /var/lib/riak/tictac_aae/913438523331814323877303020447676887284957839360/aaetree/730750818665451459101842416358141509827966271488_3/ and filename 1.pnd
2026-09-11 18:29:26.720695+09:00 [info] <0.859.0>@aae_treecache:save_to_disk/3:403 log_ref=c0003 Saving tree cache to path /var/lib/riak/tictac_aae/182687704666362864775460604089535377456991567872/aaetree/0_3/ and filename 1.pnd
2026-09-11 18:29:26.746777+09:00 [info] <0.848.0>@aae_treecache:save_to_disk/3:403 log_ref=c0003 Saving tree cache to path /var/lib/riak/tictac_aae/913438523331814323877303020447676887284957839360/aaetree/548063113999088594326381812268606132370974703616_3/ and filename 1.pnd
2026-09-11 18:29:26.747864+09:00 [info] <0.852.0>@aae_treecache:save_to_disk/3:403 log_ref=c0003 Saving tree cache to path /var/lib/riak/tictac_aae/182687704666362864775460604089535377456991567872/aaetree/1278813932664540053428224228626747642198940975104_3/ and filename 1.pnd
2026-09-11 18:29:26.749416+09:00 [info] <0.211.0>@riak_core_app:stop/1:118 Stopped  application riak_core.
