2026-09-11 20:29:54.955760+09:00 [info] <0.44.0>@application_controller:info_started/2:2130 Application: kernel. Started at: 'openriak-kv@node-01.cluster-a.openriak'.
2026-09-11 20:29:54.961511+09:00 [info] <0.44.0>@application_controller:info_started/2:2130 Application: stdlib. Started at: 'openriak-kv@node-01.cluster-a.openriak'.
2026-09-11 20:29:54.961611+09:00 [info] <0.44.0>@application_controller:info_started/2:2130 Application: asn1. Started at: 'openriak-kv@node-01.cluster-a.openriak'.
2026-09-11 20:29:54.961684+09:00 [info] <0.44.0>@application_controller:info_started/2:2130 Application: crypto. Started at: 'openriak-kv@node-01.cluster-a.openriak'.
2026-09-11 20:29:54.961731+09:00 [info] <0.44.0>@application_controller:info_started/2:2130 Application: public_key. Started at: 'openriak-kv@node-01.cluster-a.openriak'.
2026-09-11 20:29:54.963719+09:00 [info] <0.79.0>@supervisor:report_progress/2:1582 Supervisor: {local,logger_sup}. Started: id=ssl_handler,pid=<0.99.0>.
2026-09-11 20:29:54.967702+09:00 [info] <0.102.0>@supervisor:report_progress/2:1582 Supervisor: {local,ssl_admin_sup}. Started: id=ssl_pem_cache,pid=<0.103.0>.
2026-09-11 20:29:54.970089+09:00 [info] <0.102.0>@supervisor:report_progress/2:1582 Supervisor: {local,ssl_admin_sup}. Started: id=ssl_manager,pid=<0.104.0>.
2026-09-11 20:29:54.971136+09:00 [info] <0.102.0>@supervisor:report_progress/2:1582 Supervisor: {local,ssl_admin_sup}. Started: id=tls_client_ticket_store,pid=<0.105.0>.
2026-09-11 20:29:54.971248+09:00 [info] <0.101.0>@supervisor:report_progress/2:1582 Supervisor: {local,ssl_sup}. Started: id=ssl_admin_sup,pid=<0.102.0>.
2026-09-11 20:29:54.974153+09:00 [info] <0.107.0>@supervisor:report_progress/2:1582 Supervisor: {local,tls_sup}. Started: id=tls_connection_sup,pid=<0.108.0>.
2026-09-11 20:29:54.975614+09:00 [info] <0.109.0>@supervisor:report_progress/2:1582 Supervisor: {local,tls_server_sup}. Started: id=ssl_listen_tracker_sup,pid=<0.110.0>.
2026-09-11 20:29:54.976531+09:00 [info] <0.109.0>@supervisor:report_progress/2:1582 Supervisor: {local,tls_server_sup}. Started: id=tls_server_session_ticket,pid=<0.111.0>.
2026-09-11 20:29:54.977104+09:00 [info] <0.109.0>@supervisor:report_progress/2:1582 Supervisor: {local,tls_server_sup}. Started: id=ssl_server_session_cache_sup,pid=<0.112.0>.
2026-09-11 20:29:54.978016+09:00 [info] <0.109.0>@supervisor:report_progress/2:1582 Supervisor: {local,tls_server_sup}. Started: id=ssl_upgrade_server_session_cache_sup,pid=<0.113.0>.
2026-09-11 20:29:54.978111+09:00 [info] <0.107.0>@supervisor:report_progress/2:1582 Supervisor: {local,tls_sup}. Started: id=tls_server_sup,pid=<0.109.0>.
2026-09-11 20:29:54.978172+09:00 [info] <0.106.0>@supervisor:report_progress/2:1582 Supervisor: {local,ssl_connection_sup}. Started: id=tls_sup,pid=<0.107.0>.
2026-09-11 20:29:54.979966+09:00 [info] <0.114.0>@supervisor:report_progress/2:1582 Supervisor: {local,dtls_sup}. Started: id=dtls_connection_sup,pid=<0.115.0>.
2026-09-11 20:29:54.980933+09:00 [info] <0.116.0>@supervisor:report_progress/2:1582 Supervisor: {local,dtls_server_sup}. Started: id=dtls_listener_sup,pid=<0.117.0>.
2026-09-11 20:29:54.981347+09:00 [info] <0.116.0>@supervisor:report_progress/2:1582 Supervisor: {local,dtls_server_sup}. Started: id=dtls_server_session_cache_sup,pid=<0.118.0>.
2026-09-11 20:29:54.981420+09:00 [info] <0.114.0>@supervisor:report_progress/2:1582 Supervisor: {local,dtls_sup}. Started: id=dtls_server_sup,pid=<0.116.0>.
2026-09-11 20:29:54.981461+09:00 [info] <0.106.0>@supervisor:report_progress/2:1582 Supervisor: {local,ssl_connection_sup}. Started: id=dtls_sup,pid=<0.114.0>.
2026-09-11 20:29:54.981492+09:00 [info] <0.101.0>@supervisor:report_progress/2:1582 Supervisor: {local,ssl_sup}. Started: id=ssl_connection_sup,pid=<0.106.0>.
2026-09-11 20:29:54.981574+09:00 [info] <0.44.0>@application_controller:info_started/2:2130 Application: ssl. Started at: 'openriak-kv@node-01.cluster-a.openriak'.
2026-09-11 20:29:54.981675+09:00 [info] <0.44.0>@application_controller:info_started/2:2130 Application: hut. Started at: 'openriak-kv@node-01.cluster-a.openriak'.
2026-09-11 20:29:54.983341+09:00 [info] <0.123.0>@supervisor:report_progress/2:1582 Supervisor: {local,setup_sup}. Started: id=setup_srv,pid=<0.124.0>.
2026-09-11 20:29:54.986427+09:00 [notice] <0.124.0>@: Setup running ...
2026-09-11 20:29:54.987969+09:00 [notice] <0.124.0>@: Directories verified. Res = ok
2026-09-11 20:29:54.989615+09:00 [notice] <0.124.0>@: Setup finished processing hooks (Mode=normal)...
2026-09-11 20:29:54.989788+09:00 [info] <0.44.0>@application_controller:info_started/2:2130 Application: setup. Started at: 'openriak-kv@node-01.cluster-a.openriak'.
2026-09-11 20:29:54.989941+09:00 [info] <0.44.0>@application_controller:info_started/2:2130 Application: syntax_tools. Started at: 'openriak-kv@node-01.cluster-a.openriak'.
2026-09-11 20:29:54.990044+09:00 [info] <0.44.0>@application_controller:info_started/2:2130 Application: compiler. Started at: 'openriak-kv@node-01.cluster-a.openriak'.
2026-09-11 20:29:54.990103+09:00 [info] <0.44.0>@application_controller:info_started/2:2130 Application: parse_trans. Started at: 'openriak-kv@node-01.cluster-a.openriak'.
2026-09-11 20:29:54.996631+09:00 [info] <0.131.0>@supervisor:report_progress/2:1582 Supervisor: {local,exometer_core_sup}. Started: id=exometer_admin,pid=<0.132.0>.
2026-09-11 20:29:55.002071+09:00 [info] <0.131.0>@supervisor:report_progress/2:1582 Supervisor: {local,exometer_core_sup}. Started: id=exometer_cache,pid=<0.133.0>.
2026-09-11 20:29:55.008744+09:00 [info] <0.131.0>@supervisor:report_progress/2:1582 Supervisor: {local,exometer_core_sup}. Started: id=exometer_report,pid=<0.135.0>.
2026-09-11 20:29:55.009754+09:00 [info] <0.131.0>@supervisor:report_progress/2:1582 Supervisor: {local,exometer_core_sup}. Started: id=exometer_report_logger_sup,pid=<0.136.0>.
2026-09-11 20:29:55.011242+09:00 [info] <0.131.0>@supervisor:report_progress/2:1582 Supervisor: {local,exometer_core_sup}. Started: id=exometer_alias,pid=<0.137.0>.
2026-09-11 20:29:55.011595+09:00 [info] <0.135.0>@exometer_report:do_start_reporters/1:695 Starting reporters with []
2026-09-11 20:29:55.011883+09:00 [info] <0.44.0>@application_controller:info_started/2:2130 Application: exometer_core. Started at: 'openriak-kv@node-01.cluster-a.openriak'.
2026-09-11 20:29:55.013562+09:00 [info] <0.142.0>@supervisor:report_progress/2:1582 Supervisor: {local,sasl_safe_sup}. Started: id=alarm_handler,pid=<0.143.0>.
2026-09-11 20:29:55.013708+09:00 [info] <0.141.0>@supervisor:report_progress/2:1582 Supervisor: {local,sasl_sup}. Started: id=sasl_safe_sup,pid=<0.142.0>.
2026-09-11 20:29:55.019923+09:00 [info] <0.141.0>@supervisor:report_progress/2:1582 Supervisor: {local,sasl_sup}. Started: id=release_handler,pid=<0.144.0>.
2026-09-11 20:29:55.020123+09:00 [info] <0.44.0>@application_controller:info_started/2:2130 Application: sasl. Started at: 'openriak-kv@node-01.cluster-a.openriak'.
2026-09-11 20:29:55.023237+09:00 [info] <0.49.0>@supervisor:report_progress/2:1582 Supervisor: {local,kernel_sup}. Started: id=timer_server,pid=<0.151.0>.
2026-09-11 20:29:55.023393+09:00 [info] <0.149.0>@supervisor:report_progress/2:1582 Supervisor: {local,riak_sysmon_sup}. Started: id=riak_sysmon_filter,pid=<0.150.0>.
2026-09-11 20:29:55.023466+09:00 [info] <0.149.0>@supervisor:report_progress/2:1582 Supervisor: {local,riak_sysmon_sup}. Started: id=riak_sysmon_mgr,pid=<0.153.0>.
2026-09-11 20:29:55.023571+09:00 [info] <0.44.0>@application_controller:info_started/2:2130 Application: riak_sysmon. Started at: 'openriak-kv@node-01.cluster-a.openriak'.
2026-09-11 20:29:55.026463+09:00 [info] <0.157.0>@supervisor:report_progress/2:1582 Supervisor: {local,os_mon_sup}. Started: id=disksup,pid=<0.158.0>.
2026-09-11 20:29:55.028738+09:00 [info] <0.157.0>@supervisor:report_progress/2:1582 Supervisor: {local,os_mon_sup}. Started: id=memsup,pid=<0.159.0>.
2026-09-11 20:29:55.031382+09:00 [info] <0.157.0>@supervisor:report_progress/2:1582 Supervisor: {local,os_mon_sup}. Started: id=cpu_sup,pid=<0.161.0>.
2026-09-11 20:29:55.031720+09:00 [info] <0.44.0>@application_controller:info_started/2:2130 Application: os_mon. Started at: 'openriak-kv@node-01.cluster-a.openriak'.
2026-09-11 20:29:55.032249+09:00 [info] <0.44.0>@application_controller:info_started/2:2130 Application: observer. Started at: 'openriak-kv@node-01.cluster-a.openriak'.
2026-09-11 20:29:55.038800+09:00 [info] <0.168.0>@supervisor:report_progress/2:1582 Supervisor: {local,runtime_tools_sup}. Started: id=ttb_autostart,pid=<0.169.0>.
2026-09-11 20:29:55.039066+09:00 [info] <0.44.0>@application_controller:info_started/2:2130 Application: runtime_tools. Started at: 'openriak-kv@node-01.cluster-a.openriak'.
2026-09-11 20:29:55.039342+09:00 [info] <0.44.0>@application_controller:info_started/2:2130 Application: xmerl. Started at: 'openriak-kv@node-01.cluster-a.openriak'.
2026-09-11 20:29:55.048423+09:00 [info] <0.176.0>@supervisor:report_progress/2:1582 Supervisor: {local,httpc_profile_sup}. Started: id=httpc_manager,pid=<0.177.0>.
2026-09-11 20:29:55.048636+09:00 [info] <0.175.0>@supervisor:report_progress/2:1582 Supervisor: {local,httpc_sup}. Started: id=httpc_profile_sup,pid=<0.176.0>.
2026-09-11 20:29:55.049337+09:00 [info] <0.175.0>@supervisor:report_progress/2:1582 Supervisor: {local,httpc_sup}. Started: id=httpc_handler_sup,pid=<0.178.0>.
2026-09-11 20:29:55.049427+09:00 [info] <0.174.0>@supervisor:report_progress/2:1582 Supervisor: {local,inets_sup}. Started: id=httpc_sup,pid=<0.175.0>.
2026-09-11 20:29:55.050487+09:00 [info] <0.174.0>@supervisor:report_progress/2:1582 Supervisor: {local,inets_sup}. Started: id=httpd_sup,pid=<0.179.0>.
2026-09-11 20:29:55.050635+09:00 [info] <0.44.0>@application_controller:info_started/2:2130 Application: inets. Started at: 'openriak-kv@node-01.cluster-a.openriak'.
2026-09-11 20:29:55.050852+09:00 [info] <0.44.0>@application_controller:info_started/2:2130 Application: mochiweb. Started at: 'openriak-kv@node-01.cluster-a.openriak'.
2026-09-11 20:29:55.054788+09:00 [info] <0.184.0>@supervisor:report_progress/2:1582 Supervisor: {local,webmachine_sup}. Started: id=webmachine_logger,pid=<0.185.0>.
2026-09-11 20:29:55.055875+09:00 [info] <0.184.0>@supervisor:report_progress/2:1582 Supervisor: {local,webmachine_sup}. Started: id=webmachine_logger_watcher_sup,pid=<0.186.0>.
2026-09-11 20:29:55.056794+09:00 [info] <0.184.0>@supervisor:report_progress/2:1582 Supervisor: {local,webmachine_sup}. Started: id=webmachine_router,pid=<0.187.0>.
2026-09-11 20:29:55.056961+09:00 [info] <0.44.0>@application_controller:info_started/2:2130 Application: webmachine. Started at: 'openriak-kv@node-01.cluster-a.openriak'.
2026-09-11 20:29:55.057294+09:00 [info] <0.44.0>@application_controller:info_started/2:2130 Application: basho_stats. Started at: 'openriak-kv@node-01.cluster-a.openriak'.
2026-09-11 20:29:55.060041+09:00 [info] <0.192.0>@supervisor:report_progress/2:1582 Supervisor: {local,bitcask_sup}. Started: id=bitcask_merge_worker,pid=<0.193.0>.
2026-09-11 20:29:55.061124+09:00 [info] <0.192.0>@supervisor:report_progress/2:1582 Supervisor: {local,bitcask_sup}. Started: id=bitcask_merge_delete,pid=<0.194.0>.
2026-09-11 20:29:55.061293+09:00 [info] <0.44.0>@application_controller:info_started/2:2130 Application: bitcask. Started at: 'openriak-kv@node-01.cluster-a.openriak'.
2026-09-11 20:29:55.061460+09:00 [info] <0.44.0>@application_controller:info_started/2:2130 Application: getopt. Started at: 'openriak-kv@node-01.cluster-a.openriak'.
2026-09-11 20:29:55.061537+09:00 [info] <0.44.0>@application_controller:info_started/2:2130 Application: cuttlefish. Started at: 'openriak-kv@node-01.cluster-a.openriak'.
2026-09-11 20:29:55.068682+09:00 [info] <0.200.0>@supervisor:report_progress/2:1582 Supervisor: {local,clique_sup}. Started: id=clique_manager,pid=<0.201.0>.
2026-09-11 20:29:55.068877+09:00 [info] <0.44.0>@application_controller:info_started/2:2130 Application: clique. Started at: 'openriak-kv@node-01.cluster-a.openriak'.
2026-09-11 20:29:55.069032+09:00 [info] <0.44.0>@application_controller:info_started/2:2130 Application: eleveldb. Started at: 'openriak-kv@node-01.cluster-a.openriak'.
2026-09-11 20:29:55.069258+09:00 [info] <0.44.0>@application_controller:info_started/2:2130 Application: pbkdf2. Started at: 'openriak-kv@node-01.cluster-a.openriak'.
2026-09-11 20:29:55.069358+09:00 [info] <0.44.0>@application_controller:info_started/2:2130 Application: poolboy. Started at: 'openriak-kv@node-01.cluster-a.openriak'.
2026-09-11 20:29:55.072832+09:00 [info] <0.44.0>@application_controller:info_started/2:2130 Application: cluster_info. Started at: 'openriak-kv@node-01.cluster-a.openriak'.
2026-09-11 20:29:55.089323+09:00 [info] <0.212.0>@supervisor:report_progress/2:1582 Supervisor: {local,riak_core_sup}. Started: id=riak_core_bg_manager,pid=<0.213.0>.
2026-09-11 20:29:55.090792+09:00 [info] <0.212.0>@supervisor:report_progress/2:1582 Supervisor: {local,riak_core_sup}. Started: id=riak_core_sysmon_minder,pid=<0.214.0>.
2026-09-11 20:29:55.091514+09:00 [info] <0.212.0>@supervisor:report_progress/2:1582 Supervisor: {local,riak_core_sup}. Started: id=riak_core_vnode_sup,pid=<0.215.0>.
2026-09-11 20:29:55.092221+09:00 [info] <0.212.0>@supervisor:report_progress/2:1582 Supervisor: {local,riak_core_sup}. Started: id=riak_core_eventhandler_sup,pid=<0.216.0>.
2026-09-11 20:29:55.093061+09:00 [info] <0.212.0>@supervisor:report_progress/2:1582 Supervisor: {local,riak_core_sup}. Started: id=riak_core_dist_mon,pid=<0.217.0>.
2026-09-11 20:29:55.094452+09:00 [info] <0.218.0>@supervisor:report_progress/2:1582 Supervisor: {local,riak_core_handoff_sup}. Started: id=riak_core_handoff_receiver_sup,pid=<0.219.0>.
2026-09-11 20:29:55.095191+09:00 [info] <0.218.0>@supervisor:report_progress/2:1582 Supervisor: {local,riak_core_handoff_sup}. Started: id=riak_core_handoff_sender_sup,pid=<0.220.0>.
2026-09-11 20:29:55.100535+09:00 [info] <0.221.0>@supervisor:report_progress/2:1582 Supervisor: {local,riak_core_handoff_listener_sup}. Started: id=riak_core_handoff_listener,pid=<0.222.0>.
2026-09-11 20:29:55.100771+09:00 [info] <0.218.0>@supervisor:report_progress/2:1582 Supervisor: {local,riak_core_handoff_sup}. Started: id=riak_core_handoff_listener_sup,pid=<0.221.0>.
2026-09-11 20:29:55.106265+09:00 [info] <0.218.0>@supervisor:report_progress/2:1582 Supervisor: {local,riak_core_handoff_sup}. Started: id=riak_core_handoff_manager,pid=<0.224.0>.
2026-09-11 20:29:55.106448+09:00 [info] <0.212.0>@supervisor:report_progress/2:1582 Supervisor: {local,riak_core_sup}. Started: id=riak_core_handoff_sup,pid=<0.218.0>.
2026-09-11 20:29:55.107519+09:00 [info] <0.212.0>@supervisor:report_progress/2:1582 Supervisor: {local,riak_core_sup}. Started: id=riak_core_ring_events,pid=<0.225.0>.
2026-09-11 20:29:55.249395+09:00 [warning] <0.226.0>@riak_core_ring_manager:reload_ring/1:388 No ring file available.
2026-09-11 20:29:55.276128+09:00 [info] <0.212.0>@supervisor:report_progress/2:1582 Supervisor: {local,riak_core_sup}. Started: id=riak_core_ring_manager,pid=<0.226.0>.
2026-09-11 20:29:55.300563+09:00 [info] <0.85.0>@supervisor:report_progress/2:1582 Supervisor: {local,kernel_safe_sup}. Started: id=dets_sup,pid=<0.233.0>.
2026-09-11 20:29:55.300923+09:00 [info] <0.85.0>@supervisor:report_progress/2:1582 Supervisor: {local,kernel_safe_sup}. Started: id=dets,pid=<0.234.0>.
2026-09-11 20:29:55.315596+09:00 [info] <0.212.0>@supervisor:report_progress/2:1582 Supervisor: {local,riak_core_sup}. Started: id=riak_core_metadata_manager,pid=<0.232.0>.
2026-09-11 20:29:55.364952+09:00 [info] <0.212.0>@supervisor:report_progress/2:1582 Supervisor: {local,riak_core_sup}. Started: id=riak_core_metadata_hashtree,pid=<0.237.0>.
2026-09-11 20:29:55.367079+09:00 [info] <0.212.0>@supervisor:report_progress/2:1582 Supervisor: {local,riak_core_sup}. Started: id=riak_core_broadcast,pid=<0.240.0>.
2026-09-11 20:29:55.368807+09:00 [info] <0.212.0>@supervisor:report_progress/2:1582 Supervisor: {local,riak_core_sup}. Started: id=riak_core_vnode_proxy_sup,pid=<0.241.0>.
2026-09-11 20:29:55.370633+09:00 [info] <0.212.0>@supervisor:report_progress/2:1582 Supervisor: {local,riak_core_sup}. Started: id=riak_core_node_watcher_events,pid=<0.242.0>.
2026-09-11 20:29:55.374055+09:00 [info] <0.212.0>@supervisor:report_progress/2:1582 Supervisor: {local,riak_core_sup}. Started: id=riak_core_node_watcher,pid=<0.243.0>.
2026-09-11 20:29:55.378977+09:00 [info] <0.212.0>@supervisor:report_progress/2:1582 Supervisor: {local,riak_core_sup}. Started: id=riak_core_vnode_manager,pid=<0.244.0>.
2026-09-11 20:29:55.382092+09:00 [info] <0.212.0>@supervisor:report_progress/2:1582 Supervisor: {local,riak_core_sup}. Started: id=riak_core_capability,pid=<0.245.0>.
2026-09-11 20:29:55.382335+09:00 [info] <0.212.0>@supervisor:report_progress/2:1582 Supervisor: {local,riak_core_sup}. Started: id=riak_core_gossip,pid=<0.246.0>.
2026-09-11 20:29:55.387547+09:00 [info] <0.212.0>@supervisor:report_progress/2:1582 Supervisor: {local,riak_core_sup}. Started: id=riak_core_claimant,pid=<0.247.0>.
2026-09-11 20:29:55.388518+09:00 [info] <0.212.0>@supervisor:report_progress/2:1582 Supervisor: {local,riak_core_sup}. Started: id=riak_core_table_owner,pid=<0.248.0>.
2026-09-11 20:29:55.390364+09:00 [info] <0.250.0>@supervisor:report_progress/2:1582 Supervisor: {local,riak_core_stats_sup}. Started: id=riak_core_stat_cache,pid=<0.251.0>.
2026-09-11 20:29:55.390460+09:00 [info] <0.249.0>@supervisor:report_progress/2:1582 Supervisor: {local,riak_core_stat_sup}. Started: id=riak_core_stats_sup,pid=<0.250.0>.
2026-09-11 20:29:55.390518+09:00 [info] <0.212.0>@supervisor:report_progress/2:1582 Supervisor: {local,riak_core_sup}. Started: id=riak_core_stat_sup,pid=<0.249.0>.
2026-09-11 20:29:55.391148+09:00 [info] <0.212.0>@supervisor:report_progress/2:1582 Supervisor: {local,riak_core_sup}. Started: id=riak_core_node_worker_pool_sup,pid=<0.252.0>.
2026-09-11 20:29:55.409985+09:00 [info] <0.250.0>@supervisor:report_progress/2:1582 Supervisor: {local,riak_core_stats_sup}. Started: id=riak_core_stat,pid=<0.253.0>.
2026-09-11 20:29:55.419974+09:00 [info] <0.216.0>@supervisor:report_progress/2:1582 Supervisor: {local,riak_core_eventhandler_sup}. Started: id={riak_core_ring_events,riak_core_ring_handler},pid=<0.276.0>.
2026-09-11 20:29:55.420196+09:00 [info] <0.245.0>@riak_core_capability:process_capability_changes/2:557 New capability: {riak_core,vnode_routing} = proxy
2026-09-11 20:29:55.427078+09:00 [info] <0.245.0>@riak_core_capability:process_capability_changes/2:557 New capability: {riak_core,staged_joins} = true
2026-09-11 20:29:55.433270+09:00 [info] <0.245.0>@riak_core_capability:process_capability_changes/2:557 New capability: {riak_core,resizable_ring} = true
2026-09-11 20:29:55.438989+09:00 [info] <0.245.0>@riak_core_capability:process_capability_changes/2:557 New capability: {riak_core,fold_req_version} = v2
2026-09-11 20:29:55.445626+09:00 [info] <0.245.0>@riak_core_capability:process_capability_changes/2:557 New capability: {riak_core,security} = true
2026-09-11 20:29:55.453457+09:00 [info] <0.245.0>@riak_core_capability:process_capability_changes/2:557 New capability: {riak_core,bucket_types} = true
2026-09-11 20:29:55.459469+09:00 [info] <0.245.0>@riak_core_capability:process_capability_changes/2:557 New capability: {riak_core,net_ticktime} = true
2026-09-11 20:29:55.583925+09:00 [info] <0.44.0>@application_controller:info_started/2:2130 Application: riak_core. Started at: 'openriak-kv@node-01.cluster-a.openriak'.
2026-09-11 20:29:55.586463+09:00 [info] <0.245.0>@riak_core_capability:process_capability_changes/2:557 New capability: {riak_pipe,trace_format} = ordsets
2026-09-11 20:29:55.595898+09:00 [info] <0.283.0>@supervisor:report_progress/2:1582 Supervisor: {local,riak_pipe_sup}. Started: id=riak_pipe_vnode_master,pid=<0.284.0>.
2026-09-11 20:29:55.598167+09:00 [info] <0.283.0>@supervisor:report_progress/2:1582 Supervisor: {local,riak_pipe_sup}. Started: id=riak_pipe_builder_sup,pid=<0.285.0>.
2026-09-11 20:29:55.600209+09:00 [info] <0.283.0>@supervisor:report_progress/2:1582 Supervisor: {local,riak_pipe_sup}. Started: id=riak_pipe_fitting_sup,pid=<0.286.0>.
2026-09-11 20:29:55.602144+09:00 [info] <0.283.0>@supervisor:report_progress/2:1582 Supervisor: {local,riak_pipe_sup}. Started: id=riak_pipe_qcover_sup,pid=<0.287.0>.
2026-09-11 20:29:55.605021+09:00 [info] <0.241.0>@supervisor:report_progress/2:1582 Supervisor: {local,riak_core_vnode_proxy_sup}. Started: id={riak_pipe_vnode,0},pid=<0.288.0>.
2026-09-11 20:29:55.605371+09:00 [info] <0.241.0>@supervisor:report_progress/2:1582 Supervisor: {local,riak_core_vnode_proxy_sup}. Started: id={riak_pipe_vnode,182687704666362864775460604089535377456991567872},pid=<0.289.0>.
2026-09-11 20:29:55.605598+09:00 [info] <0.241.0>@supervisor:report_progress/2:1582 Supervisor: {local,riak_core_vnode_proxy_sup}. Started: id={riak_pipe_vnode,365375409332725729550921208179070754913983135744},pid=<0.290.0>.
2026-09-11 20:29:55.605873+09:00 [info] <0.241.0>@supervisor:report_progress/2:1582 Supervisor: {local,riak_core_vnode_proxy_sup}. Started: id={riak_pipe_vnode,548063113999088594326381812268606132370974703616},pid=<0.291.0>.
2026-09-11 20:29:55.606196+09:00 [info] <0.241.0>@supervisor:report_progress/2:1582 Supervisor: {local,riak_core_vnode_proxy_sup}. Started: id={riak_pipe_vnode,730750818665451459101842416358141509827966271488},pid=<0.292.0>.
2026-09-11 20:29:55.606529+09:00 [info] <0.241.0>@supervisor:report_progress/2:1582 Supervisor: {local,riak_core_vnode_proxy_sup}. Started: id={riak_pipe_vnode,913438523331814323877303020447676887284957839360},pid=<0.293.0>.
2026-09-11 20:29:55.606741+09:00 [info] <0.241.0>@supervisor:report_progress/2:1582 Supervisor: {local,riak_core_vnode_proxy_sup}. Started: id={riak_pipe_vnode,1096126227998177188652763624537212264741949407232},pid=<0.294.0>.
2026-09-11 20:29:55.606857+09:00 [info] <0.241.0>@supervisor:report_progress/2:1582 Supervisor: {local,riak_core_vnode_proxy_sup}. Started: id={riak_pipe_vnode,1278813932664540053428224228626747642198940975104},pid=<0.295.0>.
2026-09-11 20:29:55.608416+09:00 [info] <0.250.0>@supervisor:report_progress/2:1582 Supervisor: {local,riak_core_stats_sup}. Started: id=riak_pipe_stat,pid=<0.296.0>.
2026-09-11 20:29:55.616229+09:00 [info] <0.44.0>@application_controller:info_started/2:2130 Application: riak_pipe. Started at: 'openriak-kv@node-01.cluster-a.openriak'.
2026-09-11 20:29:55.616686+09:00 [info] <0.44.0>@application_controller:info_started/2:2130 Application: tools. Started at: 'openriak-kv@node-01.cluster-a.openriak'.
2026-09-11 20:29:55.617067+09:00 [info] <0.44.0>@application_controller:info_started/2:2130 Application: riak_pb. Started at: 'openriak-kv@node-01.cluster-a.openriak'.
2026-09-11 20:29:55.624174+09:00 [info] <0.304.0>@supervisor:report_progress/2:1582 Supervisor: {local,riak_api_sup}. Started: id=riak_api_pb_registration_helper,pid=<0.305.0>.
2026-09-11 20:29:55.625911+09:00 [info] <0.304.0>@supervisor:report_progress/2:1582 Supervisor: {local,riak_api_sup}. Started: id=riak_api_pb_registrar,pid=<0.306.0>.
2026-09-11 20:29:55.626746+09:00 [info] <0.304.0>@supervisor:report_progress/2:1582 Supervisor: {local,riak_api_sup}. Started: id=riak_api_pb_sup,pid=<0.307.0>.
2026-09-11 20:29:55.626987+09:00 [info] <0.304.0>@supervisor:report_progress/2:1582 Supervisor: {local,riak_api_sup}. Started: id=[112,98,58,47,47,34,48,46,48,46,48,46,48,34,58,56,48,56,55],pid=<0.308.0>.
2026-09-11 20:29:55.636303+09:00 [info] <0.304.0>@supervisor:report_progress/2:1582 Supervisor: {local,riak_api_sup}. Started: id=[104,116,116,112,58,47,47,48,46,48,46,48,46,48,58,56,48,57,56],pid=<0.311.0>.
2026-09-11 20:29:55.638102+09:00 [info] <0.250.0>@supervisor:report_progress/2:1582 Supervisor: {local,riak_core_stats_sup}. Started: id=riak_api_stat,pid=<0.328.0>.
2026-09-11 20:29:55.650176+09:00 [info] <0.44.0>@application_controller:info_started/2:2130 Application: riak_api. Started at: 'openriak-kv@node-01.cluster-a.openriak'.
2026-09-11 20:29:55.651784+09:00 [info] <0.44.0>@application_controller:info_started/2:2130 Application: sidejob. Started at: 'openriak-kv@node-01.cluster-a.openriak'.
2026-09-11 20:29:55.652002+09:00 [info] <0.44.0>@application_controller:info_started/2:2130 Application: riak_dt. Started at: 'openriak-kv@node-01.cluster-a.openriak'.
2026-09-11 20:29:55.652099+09:00 [info] <0.44.0>@application_controller:info_started/2:2130 Application: sext. Started at: 'openriak-kv@node-01.cluster-a.openriak'.
2026-09-11 20:29:55.652234+09:00 [info] <0.44.0>@application_controller:info_started/2:2130 Application: lz4. Started at: 'openriak-kv@node-01.cluster-a.openriak'.
2026-09-11 20:29:55.652322+09:00 [info] <0.44.0>@application_controller:info_started/2:2130 Application: zstd. Started at: 'openriak-kv@node-01.cluster-a.openriak'.
2026-09-11 20:29:55.652431+09:00 [info] <0.44.0>@application_controller:info_started/2:2130 Application: leveled. Started at: 'openriak-kv@node-01.cluster-a.openriak'.
2026-09-11 20:29:55.652494+09:00 [info] <0.44.0>@application_controller:info_started/2:2130 Application: kv_index_tictactree. Started at: 'openriak-kv@node-01.cluster-a.openriak'.
2026-09-11 20:29:55.652587+09:00 [info] <0.44.0>@application_controller:info_started/2:2130 Application: hyper. Started at: 'openriak-kv@node-01.cluster-a.openriak'.
2026-09-11 20:29:55.652648+09:00 [info] <0.44.0>@application_controller:info_started/2:2130 Application: redbug. Started at: 'openriak-kv@node-01.cluster-a.openriak'.
2026-09-11 20:29:55.652723+09:00 [info] <0.44.0>@application_controller:info_started/2:2130 Application: recon. Started at: 'openriak-kv@node-01.cluster-a.openriak'.
2026-09-11 20:29:55.652780+09:00 [info] <0.44.0>@application_controller:info_started/2:2130 Application: riakc. Started at: 'openriak-kv@node-01.cluster-a.openriak'.
2026-09-11 20:29:55.660100+09:00 [info] <0.347.0>@supervisor:report_progress/2:1582 Supervisor: {local,ibrowse_sup}. Started: id=ibrowse,pid=<0.348.0>.
2026-09-11 20:29:55.660336+09:00 [info] <0.44.0>@application_controller:info_started/2:2130 Application: ibrowse. Started at: 'openriak-kv@node-01.cluster-a.openriak'.
2026-09-11 20:29:55.660604+09:00 [info] <0.44.0>@application_controller:info_started/2:2130 Application: rhc. Started at: 'openriak-kv@node-01.cluster-a.openriak'.
2026-09-11 20:29:55.671688+09:00 [info] <0.356.0>@supervisor:report_progress/2:1582 Supervisor: {local,riak_kv_put_fsm_sj_worker_sup}. Started: id=riak_kv_put_fsm_sj_1,pid=<0.357.0>.
2026-09-11 20:29:55.671926+09:00 [info] <0.356.0>@supervisor:report_progress/2:1582 Supervisor: {local,riak_kv_put_fsm_sj_worker_sup}. Started: id=riak_kv_put_fsm_sj_2,pid=<0.358.0>.
2026-09-11 20:29:55.672068+09:00 [info] <0.356.0>@supervisor:report_progress/2:1582 Supervisor: {local,riak_kv_put_fsm_sj_worker_sup}. Started: id=riak_kv_put_fsm_sj_3,pid=<0.359.0>.
2026-09-11 20:29:55.672199+09:00 [info] <0.356.0>@supervisor:report_progress/2:1582 Supervisor: {local,riak_kv_put_fsm_sj_worker_sup}. Started: id=riak_kv_put_fsm_sj_4,pid=<0.360.0>.
2026-09-11 20:29:55.672330+09:00 [info] <0.356.0>@supervisor:report_progress/2:1582 Supervisor: {local,riak_kv_put_fsm_sj_worker_sup}. Started: id=riak_kv_put_fsm_sj_5,pid=<0.361.0>.
2026-09-11 20:29:55.672625+09:00 [info] <0.356.0>@supervisor:report_progress/2:1582 Supervisor: {local,riak_kv_put_fsm_sj_worker_sup}. Started: id=riak_kv_put_fsm_sj_6,pid=<0.362.0>.
2026-09-11 20:29:55.672791+09:00 [info] <0.356.0>@supervisor:report_progress/2:1582 Supervisor: {local,riak_kv_put_fsm_sj_worker_sup}. Started: id=riak_kv_put_fsm_sj_7,pid=<0.363.0>.
2026-09-11 20:29:55.672915+09:00 [info] <0.356.0>@supervisor:report_progress/2:1582 Supervisor: {local,riak_kv_put_fsm_sj_worker_sup}. Started: id=riak_kv_put_fsm_sj_8,pid=<0.364.0>.
2026-09-11 20:29:55.672971+09:00 [info] <0.355.0>@supervisor:report_progress/2:1582 Supervisor: {local,riak_kv_put_fsm_sj}. Started: id=sidejob_worker_sup,pid=<0.356.0>.
2026-09-11 20:29:55.673030+09:00 [info] <0.355.0>@supervisor:report_progress/2:1582 Supervisor: {local,riak_kv_put_fsm_sj}. Started: id=riak_kv_put_fsm_sj_stats,pid=<0.365.0>.
2026-09-11 20:29:55.673081+09:00 [info] <0.333.0>@supervisor:report_progress/2:1582 Supervisor: {local,sidejob_sup}. Started: id=riak_kv_put_fsm_sj,pid=<0.355.0>.
2026-09-11 20:29:55.675704+09:00 [info] <0.368.0>@supervisor:report_progress/2:1582 Supervisor: {local,riak_kv_get_fsm_sj_worker_sup}. Started: id=riak_kv_get_fsm_sj_1,pid=<0.369.0>.
2026-09-11 20:29:55.675911+09:00 [info] <0.368.0>@supervisor:report_progress/2:1582 Supervisor: {local,riak_kv_get_fsm_sj_worker_sup}. Started: id=riak_kv_get_fsm_sj_2,pid=<0.370.0>.
2026-09-11 20:29:55.676115+09:00 [info] <0.368.0>@supervisor:report_progress/2:1582 Supervisor: {local,riak_kv_get_fsm_sj_worker_sup}. Started: id=riak_kv_get_fsm_sj_3,pid=<0.371.0>.
2026-09-11 20:29:55.676238+09:00 [info] <0.368.0>@supervisor:report_progress/2:1582 Supervisor: {local,riak_kv_get_fsm_sj_worker_sup}. Started: id=riak_kv_get_fsm_sj_4,pid=<0.372.0>.
2026-09-11 20:29:55.676355+09:00 [info] <0.368.0>@supervisor:report_progress/2:1582 Supervisor: {local,riak_kv_get_fsm_sj_worker_sup}. Started: id=riak_kv_get_fsm_sj_5,pid=<0.373.0>.
2026-09-11 20:29:55.676479+09:00 [info] <0.368.0>@supervisor:report_progress/2:1582 Supervisor: {local,riak_kv_get_fsm_sj_worker_sup}. Started: id=riak_kv_get_fsm_sj_6,pid=<0.374.0>.
2026-09-11 20:29:55.676579+09:00 [info] <0.368.0>@supervisor:report_progress/2:1582 Supervisor: {local,riak_kv_get_fsm_sj_worker_sup}. Started: id=riak_kv_get_fsm_sj_7,pid=<0.375.0>.
2026-09-11 20:29:55.676683+09:00 [info] <0.368.0>@supervisor:report_progress/2:1582 Supervisor: {local,riak_kv_get_fsm_sj_worker_sup}. Started: id=riak_kv_get_fsm_sj_8,pid=<0.376.0>.
2026-09-11 20:29:55.676737+09:00 [info] <0.367.0>@supervisor:report_progress/2:1582 Supervisor: {local,riak_kv_get_fsm_sj}. Started: id=sidejob_worker_sup,pid=<0.368.0>.
2026-09-11 20:29:55.676805+09:00 [info] <0.367.0>@supervisor:report_progress/2:1582 Supervisor: {local,riak_kv_get_fsm_sj}. Started: id=riak_kv_get_fsm_sj_stats,pid=<0.377.0>.
2026-09-11 20:29:55.676846+09:00 [info] <0.333.0>@supervisor:report_progress/2:1582 Supervisor: {local,sidejob_sup}. Started: id=riak_kv_get_fsm_sj,pid=<0.367.0>.
2026-09-11 20:29:55.682299+09:00 [info] <0.380.0>@supervisor:report_progress/2:1582 Supervisor: {local,riak_kv_stat_sj_worker_sup}. Started: id=riak_kv_stat_sj_1,pid=<0.381.0>.
2026-09-11 20:29:55.682589+09:00 [info] <0.380.0>@supervisor:report_progress/2:1582 Supervisor: {local,riak_kv_stat_sj_worker_sup}. Started: id=riak_kv_stat_sj_2,pid=<0.382.0>.
2026-09-11 20:29:55.682763+09:00 [info] <0.380.0>@supervisor:report_progress/2:1582 Supervisor: {local,riak_kv_stat_sj_worker_sup}. Started: id=riak_kv_stat_sj_3,pid=<0.383.0>.
2026-09-11 20:29:55.682889+09:00 [info] <0.380.0>@supervisor:report_progress/2:1582 Supervisor: {local,riak_kv_stat_sj_worker_sup}. Started: id=riak_kv_stat_sj_4,pid=<0.384.0>.
2026-09-11 20:29:55.683002+09:00 [info] <0.380.0>@supervisor:report_progress/2:1582 Supervisor: {local,riak_kv_stat_sj_worker_sup}. Started: id=riak_kv_stat_sj_5,pid=<0.385.0>.
2026-09-11 20:29:55.683099+09:00 [info] <0.380.0>@supervisor:report_progress/2:1582 Supervisor: {local,riak_kv_stat_sj_worker_sup}. Started: id=riak_kv_stat_sj_6,pid=<0.386.0>.
2026-09-11 20:29:55.683197+09:00 [info] <0.380.0>@supervisor:report_progress/2:1582 Supervisor: {local,riak_kv_stat_sj_worker_sup}. Started: id=riak_kv_stat_sj_7,pid=<0.387.0>.
2026-09-11 20:29:55.683300+09:00 [info] <0.380.0>@supervisor:report_progress/2:1582 Supervisor: {local,riak_kv_stat_sj_worker_sup}. Started: id=riak_kv_stat_sj_8,pid=<0.388.0>.
2026-09-11 20:29:55.683351+09:00 [info] <0.379.0>@supervisor:report_progress/2:1582 Supervisor: {local,riak_kv_stat_sj}. Started: id=sidejob_worker_sup,pid=<0.380.0>.
2026-09-11 20:29:55.683412+09:00 [info] <0.379.0>@supervisor:report_progress/2:1582 Supervisor: {local,riak_kv_stat_sj}. Started: id=riak_kv_stat_sj_stats,pid=<0.389.0>.
2026-09-11 20:29:55.683465+09:00 [info] <0.333.0>@supervisor:report_progress/2:1582 Supervisor: {local,sidejob_sup}. Started: id=riak_kv_stat_sj,pid=<0.379.0>.
2026-09-11 20:29:55.694062+09:00 [info] <0.353.0>@riak_kv_env:doc_env/0:88 Environment and OS variables:
2026-09-11 20:29:55.702240+09:00 [info] <0.353.0>@riak_kv_env:doc_env/0:107 Open files limit: 100000
2026-09-11 20:29:55.702362+09:00 [notice] <0.353.0>@riak_kv_env:doc_env/0:107 Core dumps are disabled, this may hinder debugging. Enable with ulimit -c
2026-09-11 20:29:55.702441+09:00 [warning] <0.353.0>@riak_kv_env:doc_env/0:107 ERTS process limit of 262144 is low, at least 524288 is recommended. Set with riak.conf: erlang.process_limit
2026-09-11 20:29:55.702489+09:00 [info] <0.353.0>@riak_kv_env:doc_env/0:107 ERTS ports limit: 262144
2026-09-11 20:29:55.702509+09:00 [info] <0.353.0>@riak_kv_env:doc_env/0:107 ERTS ETS table limit: 256000
2026-09-11 20:29:55.702537+09:00 [notice] <0.353.0>@riak_kv_env:doc_env/0:107 ERTS thread pool limit of 64 is high, not more than 16 is recommended. Set with riak.conf: erlang.async_threads
2026-09-11 20:29:55.702618+09:00 [info] <0.353.0>@riak_kv_env:doc_env/0:107 ERTS dist buffer busy limit: 33554432
2026-09-11 20:29:55.702649+09:00 [info] <0.353.0>@riak_kv_env:doc_env/0:107 ERTS time warp mode: multi_time_warp
2026-09-11 20:29:55.702674+09:00 [notice] <0.353.0>@riak_kv_env:doc_env/0:107 ERTS fullsweep generations of 0 is low, 16-16384 is recommended. Set with riak.conf: erlang.fullsweep_after
2026-09-11 20:29:55.702715+09:00 [info] <0.353.0>@riak_kv_env:doc_env/0:107 ERTS Schedulers: 8 for 8 CPU cores
2026-09-11 20:29:55.702742+09:00 [notice] <0.353.0>@riak_kv_env:doc_env/0:107 sysctl net.core.netdev_max_backlog is not supported on this platform
2026-09-11 20:29:55.702779+09:00 [warning] <0.353.0>@riak_kv_env:doc_env/0:107 sysctl net.core.rmem_default is 212992, should be at least 4194304
2026-09-11 20:29:55.702810+09:00 [warning] <0.353.0>@riak_kv_env:doc_env/0:107 sysctl net.core.rmem_max is 4194304, should be at least 8388608
2026-09-11 20:29:55.702838+09:00 [info] <0.353.0>@riak_kv_env:doc_env/0:107 sysctl net.core.somaxconn is 4096, at least 2048
2026-09-11 20:29:55.702869+09:00 [warning] <0.353.0>@riak_kv_env:doc_env/0:107 sysctl net.core.wmem_default is 212992, should be at least 4194304
2026-09-11 20:29:55.702898+09:00 [warning] <0.353.0>@riak_kv_env:doc_env/0:107 sysctl net.core.wmem_max is 4194304, should be at least 8388608
2026-09-11 20:29:55.702930+09:00 [warning] <0.353.0>@riak_kv_env:doc_env/0:107 sysctl net.ipv4.tcp_fin_timeout is 60, should be not more than 30
2026-09-11 20:29:55.702962+09:00 [info] <0.353.0>@riak_kv_env:doc_env/0:107 sysctl net.ipv4.tcp_keepalive_intvl is 75, not more than 90
2026-09-11 20:29:55.702995+09:00 [warning] <0.353.0>@riak_kv_env:doc_env/0:107 sysctl net.ipv4.tcp_max_syn_backlog is 2048, should be at least 16384
2026-09-11 20:29:55.703071+09:00 [info] <0.353.0>@riak_kv_env:doc_env/0:107 sysctl net.ipv4.tcp_moderate_rcvbuf is 1, equal to 1
2026-09-11 20:29:55.703096+09:00 [info] <0.353.0>@riak_kv_env:doc_env/0:107 sysctl net.ipv4.tcp_sack is 1, equal to 1
2026-09-11 20:29:55.703146+09:00 [info] <0.353.0>@riak_kv_env:doc_env/0:107 sysctl net.ipv4.tcp_timestamps is 1, at least 1
2026-09-11 20:29:55.703185+09:00 [warning] <0.353.0>@riak_kv_env:doc_env/0:107 sysctl net.ipv4.tcp_tw_reuse is 2, should be equal to 1
2026-09-11 20:29:55.703219+09:00 [info] <0.353.0>@riak_kv_env:doc_env/0:107 sysctl net.ipv4.tcp_window_scaling is 1, equal to 1
2026-09-11 20:29:55.703251+09:00 [warning] <0.353.0>@riak_kv_env:doc_env/0:107 sysctl vm.swappiness is 60, should be not more than 10
2026-09-11 20:29:55.712538+09:00 [info] <0.245.0>@riak_core_capability:process_capability_changes/2:557 New capability: {riak_kv,object_hash_version} = 0
2026-09-11 20:29:55.719291+09:00 [info] <0.245.0>@riak_core_capability:process_capability_changes/2:557 New capability: {riak_kv,anti_entropy} = enabled_v1
2026-09-11 20:29:55.726681+09:00 [info] <0.391.0>@riak_core_throttle:enable_throttle/2:121 Enabling throttle for riak_kv/aae_throttle.
2026-09-11 20:29:55.726837+09:00 [info] <0.390.0>@supervisor:report_progress/2:1582 Supervisor: {local,riak_kv_sup}. Started: id=riak_kv_entropy_manager,pid=<0.391.0>.
2026-09-11 20:29:55.733783+09:00 [info] <0.390.0>@supervisor:report_progress/2:1582 Supervisor: {local,riak_kv_sup}. Started: id=riak_kv_ttaaefs_manager,pid=<0.394.0>.
2026-09-11 20:29:55.739421+09:00 [info] <0.390.0>@supervisor:report_progress/2:1582 Supervisor: {local,riak_kv_sup}. Started: id=riak_kv_replrtq_src,pid=<0.396.0>.
2026-09-11 20:29:55.743514+09:00 [info] <0.390.0>@supervisor:report_progress/2:1582 Supervisor: {local,riak_kv_sup}. Started: id=riak_kv_replrtq_snk,pid=<0.397.0>.
2026-09-11 20:29:55.746161+09:00 [info] <0.390.0>@supervisor:report_progress/2:1582 Supervisor: {local,riak_kv_sup}. Started: id=riak_kv_replrtq_peer,pid=<0.398.0>.
2026-09-11 20:29:55.749282+09:00 [info] <0.390.0>@supervisor:report_progress/2:1582 Supervisor: {local,riak_kv_sup}. Started: id=riak_kv_reaper,pid=<0.399.0>.
2026-09-11 20:29:55.750495+09:00 [info] <0.390.0>@supervisor:report_progress/2:1582 Supervisor: {local,riak_kv_sup}. Started: id=riak_kv_eraser,pid=<0.400.0>.
2026-09-11 20:29:55.751573+09:00 [info] <0.390.0>@supervisor:report_progress/2:1582 Supervisor: {local,riak_kv_sup}. Started: id=riak_kv_reader,pid=<0.401.0>.
2026-09-11 20:29:55.753580+09:00 [info] <0.390.0>@supervisor:report_progress/2:1582 Supervisor: {local,riak_kv_sup}. Started: id=riak_kv_token_manager,pid=<0.402.0>.
2026-09-11 20:29:55.753699+09:00 [info] <0.390.0>@supervisor:report_progress/2:1582 Supervisor: {local,riak_kv_sup}. Started: id=riak_kv_vnode_master,pid=<0.403.0>.
2026-09-11 20:29:55.753759+09:00 [info] <0.403.0>@riak_core:wait_for_service/2:498 Waiting for service riak_kv to start (0 seconds)
2026-09-11 20:29:55.755746+09:00 [info] <0.404.0>@supervisor:report_progress/2:1582 Supervisor: {local,riak_kv_w1c_sup}. Started: id=riak_kv_w1c_worker00,pid=<0.405.0>.
2026-09-11 20:29:55.755863+09:00 [info] <0.404.0>@supervisor:report_progress/2:1582 Supervisor: {local,riak_kv_w1c_sup}. Started: id=riak_kv_w1c_worker01,pid=<0.406.0>.
2026-09-11 20:29:55.755926+09:00 [info] <0.404.0>@supervisor:report_progress/2:1582 Supervisor: {local,riak_kv_w1c_sup}. Started: id=riak_kv_w1c_worker02,pid=<0.407.0>.
2026-09-11 20:29:55.755971+09:00 [info] <0.404.0>@supervisor:report_progress/2:1582 Supervisor: {local,riak_kv_w1c_sup}. Started: id=riak_kv_w1c_worker03,pid=<0.408.0>.
2026-09-11 20:29:55.756010+09:00 [info] <0.404.0>@supervisor:report_progress/2:1582 Supervisor: {local,riak_kv_w1c_sup}. Started: id=riak_kv_w1c_worker04,pid=<0.409.0>.
2026-09-11 20:29:55.756062+09:00 [info] <0.404.0>@supervisor:report_progress/2:1582 Supervisor: {local,riak_kv_w1c_sup}. Started: id=riak_kv_w1c_worker05,pid=<0.410.0>.
2026-09-11 20:29:55.756107+09:00 [info] <0.404.0>@supervisor:report_progress/2:1582 Supervisor: {local,riak_kv_w1c_sup}. Started: id=riak_kv_w1c_worker06,pid=<0.411.0>.
2026-09-11 20:29:55.756157+09:00 [info] <0.404.0>@supervisor:report_progress/2:1582 Supervisor: {local,riak_kv_w1c_sup}. Started: id=riak_kv_w1c_worker07,pid=<0.412.0>.
2026-09-11 20:29:55.756193+09:00 [info] <0.390.0>@supervisor:report_progress/2:1582 Supervisor: {local,riak_kv_sup}. Started: id=riak_kv_w1c_sup,pid=<0.404.0>.
2026-09-11 20:29:55.756995+09:00 [info] <0.390.0>@supervisor:report_progress/2:1582 Supervisor: {local,riak_kv_sup}. Started: id=riak_kv_delete_sup,pid=<0.413.0>.
2026-09-11 20:29:55.757610+09:00 [info] <0.390.0>@supervisor:report_progress/2:1582 Supervisor: {local,riak_kv_sup}. Started: id=riak_kv_mrc_sink_sup,pid=<0.414.0>.
2026-09-11 20:29:55.760810+09:00 [info] <0.390.0>@supervisor:report_progress/2:1582 Supervisor: {local,riak_kv_sup}. Started: id=riak_kv_buckets_fsm_sup,pid=<0.415.0>.
2026-09-11 20:29:55.762921+09:00 [info] <0.390.0>@supervisor:report_progress/2:1582 Supervisor: {local,riak_kv_sup}. Started: id=riak_kv_keys_fsm_sup,pid=<0.416.0>.
2026-09-11 20:29:55.763981+09:00 [info] <0.390.0>@supervisor:report_progress/2:1582 Supervisor: {local,riak_kv_sup}. Started: id=riak_kv_index_fsm_sup,pid=<0.417.0>.
2026-09-11 20:29:55.765011+09:00 [info] <0.390.0>@supervisor:report_progress/2:1582 Supervisor: {local,riak_kv_sup}. Started: id=riak_kv_query_sup,pid=<0.418.0>.
2026-09-11 20:29:55.765811+09:00 [info] <0.390.0>@supervisor:report_progress/2:1582 Supervisor: {local,riak_kv_sup}. Started: id=riak_kv_query_filebuffer_sup,pid=<0.419.0>.
2026-09-11 20:29:55.766607+09:00 [info] <0.390.0>@supervisor:report_progress/2:1582 Supervisor: {local,riak_kv_sup}. Started: id=riak_kv_clusteraae_fsm_sup,pid=<0.420.0>.
2026-09-11 20:29:55.767286+09:00 [info] <0.390.0>@supervisor:report_progress/2:1582 Supervisor: {local,riak_kv_sup}. Started: id=riak_kv_hotbackup_fsm_sup,pid=<0.421.0>.
2026-09-11 20:29:55.768138+09:00 [info] <0.390.0>@supervisor:report_progress/2:1582 Supervisor: {local,riak_kv_sup}. Started: id=riak_kv_http_cache,pid=<0.422.0>.
2026-09-11 20:29:55.768330+09:00 [info] <0.245.0>@riak_core_capability:process_capability_changes/2:557 New capability: {riak_kv,vnode_vclocks} = true
2026-09-11 20:29:55.775380+09:00 [info] <0.245.0>@riak_core_capability:process_capability_changes/2:557 New capability: {riak_kv,legacy_keylisting} = false
2026-09-11 20:29:55.782260+09:00 [info] <0.245.0>@riak_core_capability:process_capability_changes/2:557 New capability: {riak_kv,listkeys_backpressure} = true
2026-09-11 20:29:55.788236+09:00 [info] <0.245.0>@riak_core_capability:process_capability_changes/2:557 New capability: {riak_kv,index_backpressure} = true
2026-09-11 20:29:55.796005+09:00 [info] <0.245.0>@riak_core_capability:process_capability_changes/2:557 New capability: {riak_kv,mapred_system} = pipe
2026-09-11 20:29:55.802663+09:00 [info] <0.245.0>@riak_core_capability:process_capability_changes/2:557 New capability: {riak_kv,mapred_2i_pipe} = true
2026-09-11 20:29:55.808980+09:00 [info] <0.245.0>@riak_core_capability:process_capability_changes/2:557 New capability: {riak_kv,handoff_data_encoding} = encode_raw
2026-09-11 20:29:55.814959+09:00 [info] <0.245.0>@riak_core_capability:process_capability_changes/2:557 New capability: {riak_kv,object_format} = v1
2026-09-11 20:29:55.821951+09:00 [info] <0.245.0>@riak_core_capability:process_capability_changes/2:557 New capability: {riak_kv,secondary_index_version} = v3
2026-09-11 20:29:55.831990+09:00 [info] <0.245.0>@riak_core_capability:process_capability_changes/2:557 New capability: {riak_kv,vclock_data_encoding} = encode_zlib
2026-09-11 20:29:55.839291+09:00 [info] <0.245.0>@riak_core_capability:process_capability_changes/2:557 New capability: {riak_kv,crdt} = [pncounter,riak_dt_pncounter,riak_dt_orswot,riak_dt_map,riak_kv_hll,riak_dt_gset]
2026-09-11 20:29:55.845932+09:00 [info] <0.245.0>@riak_core_capability:process_capability_changes/2:557 New capability: {riak_kv,crdt_epoch_versions} = [{riak_dt_map,2},{riak_dt_orswot,2},{riak_dt_pncounter,2},{riak_kv_hll,1},{riak_dt_gset,2}]
2026-09-11 20:29:55.853063+09:00 [info] <0.245.0>@riak_core_capability:process_capability_changes/2:557 New capability: {riak_kv,put_fsm_ack_execute} = enabled
2026-09-11 20:29:55.860442+09:00 [info] <0.245.0>@riak_core_capability:process_capability_changes/2:557 New capability: {riak_kv,get_request_type} = head
2026-09-11 20:29:55.869126+09:00 [info] <0.245.0>@riak_core_capability:process_capability_changes/2:557 New capability: {riak_kv,put_soft_limit} = true
2026-09-11 20:29:55.875874+09:00 [info] <0.245.0>@riak_core_capability:process_capability_changes/2:557 New capability: {riak_kv,tictacaae_prompted_repairs} = true
2026-09-11 20:29:55.882684+09:00 [info] <0.241.0>@supervisor:report_progress/2:1582 Supervisor: {local,riak_core_vnode_proxy_sup}. Started: id={riak_kv_vnode,0},pid=<0.423.0>.
2026-09-11 20:29:55.883077+09:00 [info] <0.241.0>@supervisor:report_progress/2:1582 Supervisor: {local,riak_core_vnode_proxy_sup}. Started: id={riak_kv_vnode,182687704666362864775460604089535377456991567872},pid=<0.424.0>.
2026-09-11 20:29:55.883214+09:00 [info] <0.241.0>@supervisor:report_progress/2:1582 Supervisor: {local,riak_core_vnode_proxy_sup}. Started: id={riak_kv_vnode,365375409332725729550921208179070754913983135744},pid=<0.425.0>.
2026-09-11 20:29:55.883285+09:00 [info] <0.241.0>@supervisor:report_progress/2:1582 Supervisor: {local,riak_core_vnode_proxy_sup}. Started: id={riak_kv_vnode,548063113999088594326381812268606132370974703616},pid=<0.426.0>.
2026-09-11 20:29:55.883341+09:00 [info] <0.241.0>@supervisor:report_progress/2:1582 Supervisor: {local,riak_core_vnode_proxy_sup}. Started: id={riak_kv_vnode,730750818665451459101842416358141509827966271488},pid=<0.427.0>.
2026-09-11 20:29:55.883437+09:00 [info] <0.241.0>@supervisor:report_progress/2:1582 Supervisor: {local,riak_core_vnode_proxy_sup}. Started: id={riak_kv_vnode,913438523331814323877303020447676887284957839360},pid=<0.428.0>.
2026-09-11 20:29:55.883504+09:00 [info] <0.241.0>@supervisor:report_progress/2:1582 Supervisor: {local,riak_core_vnode_proxy_sup}. Started: id={riak_kv_vnode,1096126227998177188652763624537212264741949407232},pid=<0.429.0>.
2026-09-11 20:29:55.883595+09:00 [info] <0.241.0>@supervisor:report_progress/2:1582 Supervisor: {local,riak_core_vnode_proxy_sup}. Started: id={riak_kv_vnode,1278813932664540053428224228626747642198940975104},pid=<0.430.0>.
2026-09-11 20:29:55.898073+09:00 [info] <0.250.0>@supervisor:report_progress/2:1582 Supervisor: {local,riak_core_stats_sup}. Started: id=riak_kv_stat,pid=<0.431.0>.
2026-09-11 20:29:55.920601+09:00 [info] <0.252.0>@riak_core_node_worker_pool:start_link/5:85 Registered worker pool of type af1_pool and size 2
2026-09-11 20:29:55.920746+09:00 [info] <0.252.0>@supervisor:report_progress/2:1582 Supervisor: {local,riak_core_node_worker_pool_sup}. Started: id=af1_pool,pid=<0.573.0>.
2026-09-11 20:29:55.921094+09:00 [info] <0.252.0>@riak_core_node_worker_pool:start_link/5:85 Registered worker pool of type af2_pool and size 1
2026-09-11 20:29:55.921161+09:00 [info] <0.252.0>@supervisor:report_progress/2:1582 Supervisor: {local,riak_core_node_worker_pool_sup}. Started: id=af2_pool,pid=<0.578.0>.
2026-09-11 20:29:55.921452+09:00 [info] <0.252.0>@riak_core_node_worker_pool:start_link/5:85 Registered worker pool of type af3_pool and size 4
2026-09-11 20:29:55.921534+09:00 [info] <0.252.0>@supervisor:report_progress/2:1582 Supervisor: {local,riak_core_node_worker_pool_sup}. Started: id=af3_pool,pid=<0.582.0>.
2026-09-11 20:29:55.921683+09:00 [info] <0.252.0>@riak_core_node_worker_pool:start_link/5:85 Registered worker pool of type af4_pool and size 1
2026-09-11 20:29:55.921743+09:00 [info] <0.252.0>@supervisor:report_progress/2:1582 Supervisor: {local,riak_core_node_worker_pool_sup}. Started: id=af4_pool,pid=<0.589.0>.
2026-09-11 20:29:55.921909+09:00 [info] <0.252.0>@riak_core_node_worker_pool:start_link/5:85 Registered worker pool of type be_pool and size 1
2026-09-11 20:29:55.921986+09:00 [info] <0.252.0>@supervisor:report_progress/2:1582 Supervisor: {local,riak_core_node_worker_pool_sup}. Started: id=be_pool,pid=<0.593.0>.
2026-09-11 20:29:55.944647+09:00 [info] <0.44.0>@application_controller:info_started/2:2130 Application: riak_kv. Started at: 'openriak-kv@node-01.cluster-a.openriak'.
2026-09-11 20:29:55.944903+09:00 [info] <0.44.0>@application_controller:info_started/2:2130 Application: ebloom. Started at: 'openriak-kv@node-01.cluster-a.openriak'.
2026-09-11 20:29:55.945052+09:00 [info] <0.44.0>@application_controller:info_started/2:2130 Application: bear. Started at: 'openriak-kv@node-01.cluster-a.openriak'.
2026-09-11 20:29:55.952588+09:00 [info] <0.602.0>@supervisor:report_progress/2:1582 Supervisor: {local,folsom_sup}. Started: id=folsom_sample_slide_sup,pid=<0.603.0>.
2026-09-11 20:29:55.954931+09:00 [info] <0.602.0>@supervisor:report_progress/2:1582 Supervisor: {local,folsom_sup}. Started: id=folsom_meter_timer_server,pid=<0.604.0>.
2026-09-11 20:29:55.956168+09:00 [info] <0.602.0>@supervisor:report_progress/2:1582 Supervisor: {local,folsom_sup}. Started: id=folsom_metrics_histogram_ets,pid=<0.605.0>.
2026-09-11 20:29:55.957452+09:00 [info] <0.602.0>@supervisor:report_progress/2:1582 Supervisor: {local,folsom_sup}. Started: id=folsom_metrics_spiral,pid=<0.606.0>.
2026-09-11 20:29:55.958522+09:00 [info] <0.602.0>@supervisor:report_progress/2:1582 Supervisor: {local,folsom_sup}. Started: id=folsom_metrics_history,pid=<0.607.0>.
2026-09-11 20:29:55.959627+09:00 [info] <0.602.0>@supervisor:report_progress/2:1582 Supervisor: {local,folsom_sup}. Started: id=folsom_metrics_histogram,pid=<0.608.0>.
2026-09-11 20:29:55.961015+09:00 [info] <0.602.0>@supervisor:report_progress/2:1582 Supervisor: {local,folsom_sup}. Started: id=folsom_metrics_duration,pid=<0.609.0>.
2026-09-11 20:29:55.962431+09:00 [info] <0.602.0>@supervisor:report_progress/2:1582 Supervisor: {local,folsom_sup}. Started: id=folsom_metrics_counter,pid=<0.610.0>.
2026-09-11 20:29:55.963670+09:00 [info] <0.602.0>@supervisor:report_progress/2:1582 Supervisor: {local,folsom_sup}. Started: id=folsom_metrics_gauge,pid=<0.611.0>.
2026-09-11 20:29:55.965025+09:00 [info] <0.602.0>@supervisor:report_progress/2:1582 Supervisor: {local,folsom_sup}. Started: id=folsom_metrics_meter,pid=<0.612.0>.
2026-09-11 20:29:55.966220+09:00 [info] <0.602.0>@supervisor:report_progress/2:1582 Supervisor: {local,folsom_sup}. Started: id=folsom_metrics_meter_reader,pid=<0.613.0>.
2026-09-11 20:29:55.966387+09:00 [info] <0.44.0>@application_controller:info_started/2:2130 Application: folsom. Started at: 'openriak-kv@node-01.cluster-a.openriak'.
2026-09-11 20:29:55.969571+09:00 [info] <0.617.0>@supervisor:report_progress/2:1582 Supervisor: {local,ranch_sup}. Started: id=ranch_server,pid=<0.618.0>.
2026-09-11 20:29:55.969722+09:00 [info] <0.44.0>@application_controller:info_started/2:2130 Application: ranch. Started at: 'openriak-kv@node-01.cluster-a.openriak'.
2026-09-11 20:29:55.971627+09:00 [info] <0.621.0>@riak_core:wait_for_service/2:498 Waiting for service riak_kv to start (0 seconds)
2026-09-11 20:30:05.380647+09:00 [info] <0.244.0>@riak_core_vnode_manager:update_never_started/4:1026 Update never started for Mod riak_kv_vnode with count 8 to be added to 0
2026-09-11 20:30:05.380778+09:00 [info] <0.244.0>@riak_core_vnode_manager:update_never_started/4:1026 Update never started for Mod riak_pipe_vnode with count 8 to be added to 8
2026-09-11 20:30:05.380942+09:00 [info] <0.730.0>@riak_core_vnode_manager:get_vnode/3:733 Will start VNode for partition 0 riak_pipe_vnode
2026-09-11 20:30:05.394891+09:00 [info] <0.730.0>@riak_core_vnode_manager:get_vnode/3:743 VNode initialization ready <0.731.0> 0 riak_pipe_vnode
2026-09-11 20:30:05.395173+09:00 [info] <0.734.0>@riak_core_vnode_manager:get_vnode/3:733 Will start VNode for partition 182687704666362864775460604089535377456991567872 riak_kv_vnode
2026-09-11 20:30:05.395157+09:00 [info] <0.733.0>@riak_core_vnode_manager:get_vnode/3:733 Will start VNode for partition 0 riak_kv_vnode
2026-09-11 20:30:05.395331+09:00 [info] <0.736.0>@riak_core_vnode_manager:get_vnode/3:733 Will start VNode for partition 548063113999088594326381812268606132370974703616 riak_kv_vnode
2026-09-11 20:30:05.395263+09:00 [info] <0.735.0>@riak_core_vnode_manager:get_vnode/3:733 Will start VNode for partition 365375409332725729550921208179070754913983135744 riak_kv_vnode
2026-09-11 20:30:05.395305+09:00 [info] <0.737.0>@riak_core_vnode_manager:get_vnode/3:733 Will start VNode for partition 730750818665451459101842416358141509827966271488 riak_kv_vnode
2026-09-11 20:30:05.395903+09:00 [info] <0.739.0>@riak_core_vnode_manager:get_vnode/3:733 Will start VNode for partition 1096126227998177188652763624537212264741949407232 riak_kv_vnode
2026-09-11 20:30:05.396042+09:00 [info] <0.740.0>@riak_core_vnode_manager:get_vnode/3:733 Will start VNode for partition 1278813932664540053428224228626747642198940975104 riak_kv_vnode
2026-09-11 20:30:05.395782+09:00 [info] <0.738.0>@riak_core_vnode_manager:get_vnode/3:733 Will start VNode for partition 913438523331814323877303020447676887284957839360 riak_kv_vnode
2026-09-11 20:30:05.444584+09:00 [info] <0.785.0>@leveled_inker:open_all_manifest/3:1273 log_ref=i0011 db_id=1 Manifest is empty, starting from manifest SQN 1
2026-09-11 20:30:05.444807+09:00 [info] <0.788.0>@leveled_inker:open_all_manifest/3:1273 log_ref=i0011 db_id=6 Manifest is empty, starting from manifest SQN 1
2026-09-11 20:30:05.444577+09:00 [info] <0.790.0>@leveled_inker:open_all_manifest/3:1273 log_ref=i0011 db_id=2 Manifest is empty, starting from manifest SQN 1
2026-09-11 20:30:05.444773+09:00 [info] <0.786.0>@leveled_inker:open_all_manifest/3:1273 log_ref=i0011 db_id=7 Manifest is empty, starting from manifest SQN 1
2026-09-11 20:30:05.444834+09:00 [info] <0.783.0>@leveled_inker:open_all_manifest/3:1273 log_ref=i0011 db_id=0 Manifest is empty, starting from manifest SQN 1
2026-09-11 20:30:05.444940+09:00 [info] <0.787.0>@leveled_inker:open_all_manifest/3:1273 log_ref=i0011 db_id=3 Manifest is empty, starting from manifest SQN 1
2026-09-11 20:30:05.444911+09:00 [info] <0.789.0>@leveled_inker:open_all_manifest/3:1273 log_ref=i0011 db_id=5 Manifest is empty, starting from manifest SQN 1
2026-09-11 20:30:05.445173+09:00 [info] <0.784.0>@leveled_inker:open_all_manifest/3:1273 log_ref=i0011 db_id=4 Manifest is empty, starting from manifest SQN 1
2026-09-11 20:30:05.461289+09:00 [info] <0.809.0>@leveled_cdb:starting/3:479 log_ref=cdb01 db_id=3 Opening file for writing with filename /var/lib/riak/leveled/548063113999088594326381812268606132370974703616/journal/journal_files/0_8df4a601-a5a7-4e96-aa5f-2aada96db423.pnd
2026-09-11 20:30:05.461412+09:00 [info] <0.810.0>@leveled_cdb:starting/3:479 log_ref=cdb01 db_id=7 Opening file for writing with filename /var/lib/riak/leveled/1278813932664540053428224228626747642198940975104/journal/journal_files/0_1a668fba-ceab-4027-85b1-c18d53b15ad9.pnd
2026-09-11 20:30:05.461235+09:00 [info] <0.803.0>@leveled_cdb:starting/3:479 log_ref=cdb01 db_id=5 Opening file for writing with filename /var/lib/riak/leveled/913438523331814323877303020447676887284957839360/journal/journal_files/0_5eb1f51a-3abb-46f5-86f4-fc8f1c9bd50f.pnd
2026-09-11 20:30:05.461338+09:00 [info] <0.808.0>@leveled_cdb:starting/3:479 log_ref=cdb01 db_id=0 Opening file for writing with filename /var/lib/riak/leveled/0/journal/journal_files/0_61852a06-c769-4dee-b26c-554335bb70ac.pnd
2026-09-11 20:30:05.461422+09:00 [info] <0.804.0>@leveled_cdb:starting/3:479 log_ref=cdb01 db_id=2 Opening file for writing with filename /var/lib/riak/leveled/365375409332725729550921208179070754913983135744/journal/journal_files/0_762b56ac-aa3f-46a5-9a3a-192f5786912c.pnd
2026-09-11 20:30:05.461477+09:00 [info] <0.805.0>@leveled_cdb:starting/3:479 log_ref=cdb01 db_id=6 Opening file for writing with filename /var/lib/riak/leveled/1096126227998177188652763624537212264741949407232/journal/journal_files/0_994a3686-d59e-4afd-8ec4-4f63d483619c.pnd
2026-09-11 20:30:05.461539+09:00 [info] <0.806.0>@leveled_cdb:starting/3:479 log_ref=cdb01 db_id=1 Opening file for writing with filename /var/lib/riak/leveled/182687704666362864775460604089535377456991567872/journal/journal_files/0_c42b4c15-986b-45e3-8e13-4a3cb193c10f.pnd
2026-09-11 20:30:05.461569+09:00 [info] <0.807.0>@leveled_cdb:starting/3:479 log_ref=cdb01 db_id=4 Opening file for writing with filename /var/lib/riak/leveled/730750818665451459101842416358141509827966271488/journal/journal_files/0_66e55b16-fee8-437b-8d01-901a6480ea2a.pnd
2026-09-11 20:30:05.462125+09:00 [info] <0.786.0>@leveled_inker:build_manifest/3:1242 log_ref=i0009 db_id=7 Updated manifest on startup:
2026-09-11 20:30:05.462211+09:00 [info] <0.789.0>@leveled_inker:build_manifest/3:1242 log_ref=i0009 db_id=5 Updated manifest on startup:
2026-09-11 20:30:05.462195+09:00 [info] <0.790.0>@leveled_inker:build_manifest/3:1242 log_ref=i0009 db_id=2 Updated manifest on startup:
2026-09-11 20:30:05.462394+09:00 [info] <0.787.0>@leveled_inker:build_manifest/3:1242 log_ref=i0009 db_id=3 Updated manifest on startup:
2026-09-11 20:30:05.462280+09:00 [info] <0.783.0>@leveled_inker:build_manifest/3:1242 log_ref=i0009 db_id=0 Updated manifest on startup:
2026-09-11 20:30:05.462324+09:00 [info] <0.788.0>@leveled_inker:build_manifest/3:1242 log_ref=i0009 db_id=6 Updated manifest on startup:
2026-09-11 20:30:05.462297+09:00 [info] <0.785.0>@leveled_inker:build_manifest/3:1242 log_ref=i0009 db_id=1 Updated manifest on startup:
2026-09-11 20:30:05.462459+09:00 [info] <0.784.0>@leveled_inker:build_manifest/3:1242 log_ref=i0009 db_id=4 Updated manifest on startup:
2026-09-11 20:30:05.462650+09:00 [info] <0.786.0>@leveled_imanifest:writer/3:187 log_ref=i0016 db_id=7 Writing new version of manifest for manifestSQN=2
2026-09-11 20:30:05.462728+09:00 [info] <0.789.0>@leveled_imanifest:writer/3:187 log_ref=i0016 db_id=5 Writing new version of manifest for manifestSQN=2
2026-09-11 20:30:05.462866+09:00 [info] <0.790.0>@leveled_imanifest:writer/3:187 log_ref=i0016 db_id=2 Writing new version of manifest for manifestSQN=2
2026-09-11 20:30:05.462915+09:00 [info] <0.783.0>@leveled_imanifest:writer/3:187 log_ref=i0016 db_id=0 Writing new version of manifest for manifestSQN=2
2026-09-11 20:30:05.462816+09:00 [info] <0.787.0>@leveled_imanifest:writer/3:187 log_ref=i0016 db_id=3 Writing new version of manifest for manifestSQN=2
2026-09-11 20:30:05.462872+09:00 [info] <0.788.0>@leveled_imanifest:writer/3:187 log_ref=i0016 db_id=6 Writing new version of manifest for manifestSQN=2
2026-09-11 20:30:05.463137+09:00 [info] <0.784.0>@leveled_imanifest:writer/3:187 log_ref=i0016 db_id=4 Writing new version of manifest for manifestSQN=2
2026-09-11 20:30:05.463132+09:00 [info] <0.785.0>@leveled_imanifest:writer/3:187 log_ref=i0016 db_id=1 Writing new version of manifest for manifestSQN=2
2026-09-11 20:30:05.476032+09:00 [info] <0.813.0>@leveled_pclerk:clerk_new/3:78 log_ref=pc001 db_id=5 Penciller's clerk <0.824.0> started with owner <0.813.0>
2026-09-11 20:30:05.476127+09:00 [info] <0.815.0>@leveled_pclerk:clerk_new/3:78 log_ref=pc001 db_id=3 Penciller's clerk <0.822.0> started with owner <0.815.0>
2026-09-11 20:30:05.476178+09:00 [info] <0.818.0>@leveled_pclerk:clerk_new/3:78 log_ref=pc001 db_id=6 Penciller's clerk <0.819.0> started with owner <0.818.0>
2026-09-11 20:30:05.476033+09:00 [info] <0.811.0>@leveled_pclerk:clerk_new/3:78 log_ref=pc001 db_id=7 Penciller's clerk <0.820.0> started with owner <0.811.0>
2026-09-11 20:30:05.476047+09:00 [info] <0.816.0>@leveled_pclerk:clerk_new/3:78 log_ref=pc001 db_id=1 Penciller's clerk <0.821.0> started with owner <0.816.0>
2026-09-11 20:30:05.476173+09:00 [info] <0.817.0>@leveled_pclerk:clerk_new/3:78 log_ref=pc001 db_id=0 Penciller's clerk <0.826.0> started with owner <0.817.0>
2026-09-11 20:30:05.476207+09:00 [info] <0.812.0>@leveled_pclerk:clerk_new/3:78 log_ref=pc001 db_id=2 Penciller's clerk <0.825.0> started with owner <0.812.0>
2026-09-11 20:30:05.476222+09:00 [info] <0.814.0>@leveled_pclerk:clerk_new/3:78 log_ref=pc001 db_id=4 Penciller's clerk <0.823.0> started with owner <0.814.0>
2026-09-11 20:30:05.483848+09:00 [info] <0.812.0>@leveled_pmanifest:open_manifestfile/2:1180 log_ref=p0013 db_id=2 Seqence number of 0 indicates no valid manifest
2026-09-11 20:30:05.484204+09:00 [info] <0.817.0>@leveled_pmanifest:open_manifestfile/2:1180 log_ref=p0013 db_id=0 Seqence number of 0 indicates no valid manifest
2026-09-11 20:30:05.484485+09:00 [info] <0.814.0>@leveled_pmanifest:open_manifestfile/2:1180 log_ref=p0013 db_id=4 Seqence number of 0 indicates no valid manifest
2026-09-11 20:30:05.484552+09:00 [info] <0.818.0>@leveled_pmanifest:open_manifestfile/2:1180 log_ref=p0013 db_id=6 Seqence number of 0 indicates no valid manifest
2026-09-11 20:30:05.484642+09:00 [info] <0.815.0>@leveled_pmanifest:open_manifestfile/2:1180 log_ref=p0013 db_id=3 Seqence number of 0 indicates no valid manifest
2026-09-11 20:30:05.484744+09:00 [info] <0.816.0>@leveled_pmanifest:open_manifestfile/2:1180 log_ref=p0013 db_id=1 Seqence number of 0 indicates no valid manifest
2026-09-11 20:30:05.484816+09:00 [info] <0.813.0>@leveled_pmanifest:open_manifestfile/2:1180 log_ref=p0013 db_id=5 Seqence number of 0 indicates no valid manifest
2026-09-11 20:30:05.484787+09:00 [info] <0.811.0>@leveled_pmanifest:open_manifestfile/2:1180 log_ref=p0013 db_id=7 Seqence number of 0 indicates no valid manifest
2026-09-11 20:30:05.486542+09:00 [info] <0.812.0>@leveled_penciller:start_from_file/1:1532 log_ref=p0014 db_id=2 Maximum sequence number of 0 found in nonzero levels
2026-09-11 20:30:05.486534+09:00 [info] <0.811.0>@leveled_penciller:start_from_file/1:1532 log_ref=p0014 db_id=7 Maximum sequence number of 0 found in nonzero levels
2026-09-11 20:30:05.486677+09:00 [info] <0.814.0>@leveled_penciller:start_from_file/1:1532 log_ref=p0014 db_id=4 Maximum sequence number of 0 found in nonzero levels
2026-09-11 20:30:05.486636+09:00 [info] <0.816.0>@leveled_penciller:start_from_file/1:1532 log_ref=p0014 db_id=1 Maximum sequence number of 0 found in nonzero levels
2026-09-11 20:30:05.486700+09:00 [info] <0.812.0>@leveled_penciller:start_from_file/1:1534 log_ref=p0035 db_id=2 Startup with Manifest SQN of 0
2026-09-11 20:30:05.486759+09:00 [info] <0.813.0>@leveled_penciller:start_from_file/1:1532 log_ref=p0014 db_id=5 Maximum sequence number of 0 found in nonzero levels
2026-09-11 20:30:05.486733+09:00 [info] <0.817.0>@leveled_penciller:start_from_file/1:1532 log_ref=p0014 db_id=0 Maximum sequence number of 0 found in nonzero levels
2026-09-11 20:30:05.486738+09:00 [info] <0.818.0>@leveled_penciller:start_from_file/1:1532 log_ref=p0014 db_id=6 Maximum sequence number of 0 found in nonzero levels
2026-09-11 20:30:05.486730+09:00 [info] <0.815.0>@leveled_penciller:start_from_file/1:1532 log_ref=p0014 db_id=3 Maximum sequence number of 0 found in nonzero levels
2026-09-11 20:30:05.486771+09:00 [info] <0.811.0>@leveled_penciller:start_from_file/1:1534 log_ref=p0035 db_id=7 Startup with Manifest SQN of 0
2026-09-11 20:30:05.486945+09:00 [info] <0.817.0>@leveled_penciller:start_from_file/1:1534 log_ref=p0035 db_id=0 Startup with Manifest SQN of 0
2026-09-11 20:30:05.486775+09:00 [info] <0.814.0>@leveled_penciller:start_from_file/1:1534 log_ref=p0035 db_id=4 Startup with Manifest SQN of 0
2026-09-11 20:30:05.486874+09:00 [info] <0.816.0>@leveled_penciller:start_from_file/1:1534 log_ref=p0035 db_id=1 Startup with Manifest SQN of 0
2026-09-11 20:30:05.486917+09:00 [info] <0.813.0>@leveled_penciller:start_from_file/1:1534 log_ref=p0035 db_id=5 Startup with Manifest SQN of 0
2026-09-11 20:30:05.487032+09:00 [info] <0.815.0>@leveled_penciller:start_from_file/1:1534 log_ref=p0035 db_id=3 Startup with Manifest SQN of 0
2026-09-11 20:30:05.486973+09:00 [info] <0.818.0>@leveled_penciller:start_from_file/1:1534 log_ref=p0035 db_id=6 Startup with Manifest SQN of 0
2026-09-11 20:30:05.488329+09:00 [info] <0.812.0>@leveled_penciller:start_from_file/1:1562 log_ref=p0017 db_id=2 No L0 file found
2026-09-11 20:30:05.488413+09:00 [info] <0.811.0>@leveled_penciller:start_from_file/1:1562 log_ref=p0017 db_id=7 No L0 file found
2026-09-11 20:30:05.488683+09:00 [info] <0.814.0>@leveled_penciller:start_from_file/1:1562 log_ref=p0017 db_id=4 No L0 file found
2026-09-11 20:30:05.488686+09:00 [info] <0.817.0>@leveled_penciller:start_from_file/1:1562 log_ref=p0017 db_id=0 No L0 file found
2026-09-11 20:30:05.488740+09:00 [info] <0.816.0>@leveled_penciller:start_from_file/1:1562 log_ref=p0017 db_id=1 No L0 file found
2026-09-11 20:30:05.488930+09:00 [info] <0.815.0>@leveled_penciller:start_from_file/1:1562 log_ref=p0017 db_id=3 No L0 file found
2026-09-11 20:30:05.489006+09:00 [info] <0.818.0>@leveled_penciller:start_from_file/1:1562 log_ref=p0017 db_id=6 No L0 file found
2026-09-11 20:30:05.488978+09:00 [info] <0.813.0>@leveled_penciller:start_from_file/1:1562 log_ref=p0017 db_id=5 No L0 file found
2026-09-11 20:30:05.489109+09:00 [info] <0.774.0>@leveled_bookie:startup/2:2017 log_ref=b0005 db_id=7 LedgerSQN=0 at startup
2026-09-11 20:30:05.489103+09:00 [info] <0.772.0>@leveled_bookie:startup/2:2017 log_ref=b0005 db_id=2 LedgerSQN=0 at startup
2026-09-11 20:30:05.489112+09:00 [info] <0.768.0>@leveled_bookie:startup/2:2017 log_ref=b0005 db_id=4 LedgerSQN=0 at startup
2026-09-11 20:30:05.489146+09:00 [info] <0.773.0>@leveled_bookie:startup/2:2017 log_ref=b0005 db_id=1 LedgerSQN=0 at startup
2026-09-11 20:30:05.489173+09:00 [info] <0.771.0>@leveled_bookie:startup/2:2017 log_ref=b0005 db_id=0 LedgerSQN=0 at startup
2026-09-11 20:30:05.489214+09:00 [info] <0.767.0>@leveled_bookie:startup/2:2017 log_ref=b0005 db_id=6 LedgerSQN=0 at startup
2026-09-11 20:30:05.489220+09:00 [info] <0.769.0>@leveled_bookie:startup/2:2017 log_ref=b0005 db_id=3 LedgerSQN=0 at startup
2026-09-11 20:30:05.489263+09:00 [info] <0.770.0>@leveled_bookie:startup/2:2017 log_ref=b0005 db_id=5 LedgerSQN=0 at startup
2026-09-11 20:30:05.491166+09:00 [info] <0.790.0>@leveled_bookie:startup/2:2028 log_ref=i0014 db_id=2 On startup loading from filename /var/lib/riak/leveled/365375409332725729550921208179070754913983135744/journal/journal_files/0_762b56ac-aa3f-46a5-9a3a-192f5786912c from SQN 1
2026-09-11 20:30:05.491166+09:00 [info] <0.783.0>@leveled_bookie:startup/2:2028 log_ref=i0014 db_id=0 On startup loading from filename /var/lib/riak/leveled/0/journal/journal_files/0_61852a06-c769-4dee-b26c-554335bb70ac from SQN 1
2026-09-11 20:30:05.491179+09:00 [info] <0.785.0>@leveled_bookie:startup/2:2028 log_ref=i0014 db_id=1 On startup loading from filename /var/lib/riak/leveled/182687704666362864775460604089535377456991567872/journal/journal_files/0_c42b4c15-986b-45e3-8e13-4a3cb193c10f from SQN 1
2026-09-11 20:30:05.491325+09:00 [info] <0.788.0>@leveled_bookie:startup/2:2028 log_ref=i0014 db_id=6 On startup loading from filename /var/lib/riak/leveled/1096126227998177188652763624537212264741949407232/journal/journal_files/0_994a3686-d59e-4afd-8ec4-4f63d483619c from SQN 1
2026-09-11 20:30:05.491349+09:00 [info] <0.786.0>@leveled_bookie:startup/2:2028 log_ref=i0014 db_id=7 On startup loading from filename /var/lib/riak/leveled/1278813932664540053428224228626747642198940975104/journal/journal_files/0_1a668fba-ceab-4027-85b1-c18d53b15ad9 from SQN 1
2026-09-11 20:30:05.491169+09:00 [info] <0.787.0>@leveled_bookie:startup/2:2028 log_ref=i0014 db_id=3 On startup loading from filename /var/lib/riak/leveled/548063113999088594326381812268606132370974703616/journal/journal_files/0_8df4a601-a5a7-4e96-aa5f-2aada96db423 from SQN 1
2026-09-11 20:30:05.491318+09:00 [info] <0.784.0>@leveled_bookie:startup/2:2028 log_ref=i0014 db_id=4 On startup loading from filename /var/lib/riak/leveled/730750818665451459101842416358141509827966271488/journal/journal_files/0_66e55b16-fee8-437b-8d01-901a6480ea2a from SQN 1
2026-09-11 20:30:05.491469+09:00 [info] <0.789.0>@leveled_bookie:startup/2:2028 log_ref=i0014 db_id=5 On startup loading from filename /var/lib/riak/leveled/913438523331814323877303020447676887284957839360/journal/journal_files/0_5eb1f51a-3abb-46f5-86f4-fc8f1c9bd50f from SQN 1
2026-09-11 20:30:05.491662+09:00 [info] <0.773.0>@leveled_bookie:init/1:1428 log_ref=b0001 db_id=1 Bookie starting with Ink <0.785.0> Pcl <0.816.0>
2026-09-11 20:30:05.491544+09:00 [info] <0.772.0>@leveled_bookie:init/1:1428 log_ref=b0001 db_id=2 Bookie starting with Ink <0.790.0> Pcl <0.812.0>
2026-09-11 20:30:05.491711+09:00 [info] <0.774.0>@leveled_bookie:init/1:1428 log_ref=b0001 db_id=7 Bookie starting with Ink <0.786.0> Pcl <0.811.0>
2026-09-11 20:30:05.491738+09:00 [info] <0.769.0>@leveled_bookie:init/1:1428 log_ref=b0001 db_id=3 Bookie starting with Ink <0.787.0> Pcl <0.815.0>
2026-09-11 20:30:05.491684+09:00 [info] <0.771.0>@leveled_bookie:init/1:1428 log_ref=b0001 db_id=0 Bookie starting with Ink <0.783.0> Pcl <0.817.0>
2026-09-11 20:30:05.491855+09:00 [info] <0.770.0>@leveled_bookie:init/1:1428 log_ref=b0001 db_id=5 Bookie starting with Ink <0.789.0> Pcl <0.813.0>
2026-09-11 20:30:05.491807+09:00 [info] <0.768.0>@leveled_bookie:init/1:1428 log_ref=b0001 db_id=4 Bookie starting with Ink <0.784.0> Pcl <0.814.0>
2026-09-11 20:30:05.491835+09:00 [info] <0.767.0>@leveled_bookie:init/1:1428 log_ref=b0001 db_id=6 Bookie starting with Ink <0.788.0> Pcl <0.818.0>
2026-09-11 20:30:05.492037+09:00 [info] <0.748.0>@riak_kv_leveled_backend:schedule_journalcompaction/4:903 Schedule compaction for interval 3570 on partition 913438523331814323877303020447676887284957839360
2026-09-11 20:30:05.492045+09:00 [info] <0.741.0>@riak_kv_leveled_backend:schedule_journalcompaction/4:903 Schedule compaction for interval 1315 on partition 182687704666362864775460604089535377456991567872
2026-09-11 20:30:05.492045+09:00 [info] <0.745.0>@riak_kv_leveled_backend:schedule_journalcompaction/4:903 Schedule compaction for interval 13774 on partition 730750818665451459101842416358141509827966271488
2026-09-11 20:30:05.492049+09:00 [info] <0.743.0>@riak_kv_leveled_backend:schedule_journalcompaction/4:903 Schedule compaction for interval 2660 on partition 548063113999088594326381812268606132370974703616
2026-09-11 20:30:05.492127+09:00 [info] <0.742.0>@riak_kv_leveled_backend:schedule_journalcompaction/4:903 Schedule compaction for interval 1485 on partition 0
2026-09-11 20:30:05.492052+09:00 [info] <0.746.0>@riak_kv_leveled_backend:schedule_journalcompaction/4:903 Schedule compaction for interval 5300 on partition 1096126227998177188652763624537212264741949407232
2026-09-11 20:30:05.492125+09:00 [info] <0.744.0>@riak_kv_leveled_backend:schedule_journalcompaction/4:903 Schedule compaction for interval 5142 on partition 365375409332725729550921208179070754913983135744
2026-09-11 20:30:05.492277+09:00 [info] <0.747.0>@riak_kv_leveled_backend:schedule_journalcompaction/4:903 Schedule compaction for interval 2188 on partition 1278813932664540053428224228626747642198940975104
2026-09-11 20:30:05.519871+09:00 [info] <0.839.0>@aae_controller:init/1:674 log_ref=aae02 Native KeyStore type leveled_nko startup request
2026-09-11 20:30:05.519969+09:00 [info] <0.838.0>@aae_controller:init/1:674 log_ref=aae02 Native KeyStore type leveled_nko startup request
2026-09-11 20:30:05.520085+09:00 [info] <0.835.0>@aae_controller:init/1:674 log_ref=aae02 Native KeyStore type leveled_nko startup request
2026-09-11 20:30:05.520006+09:00 [info] <0.837.0>@aae_controller:init/1:674 log_ref=aae02 Native KeyStore type leveled_nko startup request
2026-09-11 20:30:05.520037+09:00 [info] <0.836.0>@aae_controller:init/1:674 log_ref=aae02 Native KeyStore type leveled_nko startup request
2026-09-11 20:30:05.520067+09:00 [info] <0.842.0>@aae_controller:init/1:674 log_ref=aae02 Native KeyStore type leveled_nko startup request
2026-09-11 20:30:05.520107+09:00 [info] <0.840.0>@aae_controller:init/1:674 log_ref=aae02 Native KeyStore type leveled_nko startup request
2026-09-11 20:30:05.520149+09:00 [info] <0.841.0>@aae_controller:init/1:674 log_ref=aae02 Native KeyStore type leveled_nko startup request
2026-09-11 20:30:05.520608+09:00 [warning] <0.843.0>@aae_keystore:open_manifest/1:1526 log_ref=ks002 No valid manifest found for AAE keystore at /var/lib/riak/tictac_aae/1096126227998177188652763624537212264741949407232/leveled_nko/keystore reason not_present
2026-09-11 20:30:05.520621+09:00 [warning] <0.847.0>@aae_keystore:open_manifest/1:1526 log_ref=ks002 No valid manifest found for AAE keystore at /var/lib/riak/tictac_aae/1278813932664540053428224228626747642198940975104/leveled_nko/keystore reason not_present
2026-09-11 20:30:05.520705+09:00 [warning] <0.844.0>@aae_keystore:open_manifest/1:1526 log_ref=ks002 No valid manifest found for AAE keystore at /var/lib/riak/tictac_aae/913438523331814323877303020447676887284957839360/leveled_nko/keystore reason not_present
2026-09-11 20:30:05.520991+09:00 [warning] <0.846.0>@aae_keystore:open_manifest/1:1526 log_ref=ks002 No valid manifest found for AAE keystore at /var/lib/riak/tictac_aae/548063113999088594326381812268606132370974703616/leveled_nko/keystore reason not_present
2026-09-11 20:30:05.520980+09:00 [warning] <0.848.0>@aae_keystore:open_manifest/1:1526 log_ref=ks002 No valid manifest found for AAE keystore at /var/lib/riak/tictac_aae/365375409332725729550921208179070754913983135744/leveled_nko/keystore reason not_present
2026-09-11 20:30:05.521204+09:00 [warning] <0.845.0>@aae_keystore:open_manifest/1:1526 log_ref=ks002 No valid manifest found for AAE keystore at /var/lib/riak/tictac_aae/182687704666362864775460604089535377456991567872/leveled_nko/keystore reason not_present
2026-09-11 20:30:05.521220+09:00 [warning] <0.850.0>@aae_keystore:open_manifest/1:1526 log_ref=ks002 No valid manifest found for AAE keystore at /var/lib/riak/tictac_aae/0/leveled_nko/keystore reason not_present
2026-09-11 20:30:05.521215+09:00 [warning] <0.849.0>@aae_keystore:open_manifest/1:1526 log_ref=ks002 No valid manifest found for AAE keystore at /var/lib/riak/tictac_aae/730750818665451459101842416358141509827966271488/leveled_nko/keystore reason not_present
2026-09-11 20:30:05.530956+09:00 [info] <0.851.0>@aae_treecache:init/1:224 log_ref=c0005 Starting cache with is_restored=false and IndexN of {182687704666362864775460604089535377456991567872,3}
2026-09-11 20:30:05.530940+09:00 [info] <0.852.0>@aae_treecache:init/1:224 log_ref=c0005 Starting cache with is_restored=false and IndexN of {548063113999088594326381812268606132370974703616,3}
2026-09-11 20:30:05.531287+09:00 [info] <0.856.0>@aae_treecache:init/1:224 log_ref=c0005 Starting cache with is_restored=false and IndexN of {730750818665451459101842416358141509827966271488,3}
2026-09-11 20:30:05.531481+09:00 [info] <0.853.0>@aae_treecache:init/1:224 log_ref=c0005 Starting cache with is_restored=false and IndexN of {913438523331814323877303020447676887284957839360,3}
2026-09-11 20:30:05.531680+09:00 [info] <0.855.0>@aae_treecache:init/1:224 log_ref=c0005 Starting cache with is_restored=false and IndexN of {1096126227998177188652763624537212264741949407232,3}
2026-09-11 20:30:05.531807+09:00 [info] <0.858.0>@aae_treecache:init/1:224 log_ref=c0005 Starting cache with is_restored=false and IndexN of {0,3}
2026-09-11 20:30:05.531797+09:00 [info] <0.854.0>@aae_treecache:init/1:224 log_ref=c0005 Starting cache with is_restored=false and IndexN of {365375409332725729550921208179070754913983135744,3}
2026-09-11 20:30:05.532183+09:00 [info] <0.857.0>@aae_treecache:init/1:224 log_ref=c0005 Starting cache with is_restored=false and IndexN of {1278813932664540053428224228626747642198940975104,3}
2026-09-11 20:30:05.534576+09:00 [info] <0.859.0>@aae_treecache:init/1:224 log_ref=c0005 Starting cache with is_restored=false and IndexN of {365375409332725729550921208179070754913983135744,3}
2026-09-11 20:30:05.534889+09:00 [info] <0.861.0>@aae_treecache:init/1:224 log_ref=c0005 Starting cache with is_restored=false and IndexN of {913438523331814323877303020447676887284957839360,3}
2026-09-11 20:30:05.534788+09:00 [info] <0.860.0>@aae_treecache:init/1:224 log_ref=c0005 Starting cache with is_restored=false and IndexN of {730750818665451459101842416358141509827966271488,3}
2026-09-11 20:30:05.534976+09:00 [info] <0.862.0>@aae_treecache:init/1:224 log_ref=c0005 Starting cache with is_restored=false and IndexN of {1096126227998177188652763624537212264741949407232,3}
2026-09-11 20:30:05.535057+09:00 [info] <0.863.0>@aae_treecache:init/1:224 log_ref=c0005 Starting cache with is_restored=false and IndexN of {1278813932664540053428224228626747642198940975104,3}
2026-09-11 20:30:05.535349+09:00 [info] <0.865.0>@aae_treecache:init/1:224 log_ref=c0005 Starting cache with is_restored=false and IndexN of {548063113999088594326381812268606132370974703616,3}
2026-09-11 20:30:05.535309+09:00 [info] <0.864.0>@aae_treecache:init/1:224 log_ref=c0005 Starting cache with is_restored=false and IndexN of {182687704666362864775460604089535377456991567872,3}
2026-09-11 20:30:05.535576+09:00 [info] <0.866.0>@aae_treecache:init/1:224 log_ref=c0005 Starting cache with is_restored=false and IndexN of {0,3}
2026-09-11 20:30:05.536446+09:00 [info] <0.867.0>@aae_treecache:init/1:224 log_ref=c0005 Starting cache with is_restored=false and IndexN of {548063113999088594326381812268606132370974703616,3}
2026-09-11 20:30:05.536586+09:00 [info] <0.868.0>@aae_treecache:init/1:224 log_ref=c0005 Starting cache with is_restored=false and IndexN of {1096126227998177188652763624537212264741949407232,3}
2026-09-11 20:30:05.536660+09:00 [info] <0.869.0>@aae_treecache:init/1:224 log_ref=c0005 Starting cache with is_restored=false and IndexN of {913438523331814323877303020447676887284957839360,3}
2026-09-11 20:30:05.536958+09:00 [info] <0.870.0>@aae_treecache:init/1:224 log_ref=c0005 Starting cache with is_restored=false and IndexN of {1278813932664540053428224228626747642198940975104,3}
2026-09-11 20:30:05.537012+09:00 [info] <0.871.0>@aae_treecache:init/1:224 log_ref=c0005 Starting cache with is_restored=false and IndexN of {0,3}
2026-09-11 20:30:05.537362+09:00 [info] <0.872.0>@aae_treecache:init/1:224 log_ref=c0005 Starting cache with is_restored=false and IndexN of {730750818665451459101842416358141509827966271488,3}
2026-09-11 20:30:05.537776+09:00 [info] <0.873.0>@aae_treecache:init/1:224 log_ref=c0005 Starting cache with is_restored=false and IndexN of {365375409332725729550921208179070754913983135744,3}
2026-09-11 20:30:05.538003+09:00 [info] <0.874.0>@aae_treecache:init/1:224 log_ref=c0005 Starting cache with is_restored=false and IndexN of {182687704666362864775460604089535377456991567872,3}
2026-09-11 20:30:05.538857+09:00 [info] <0.836.0>@aae_controller:init/1:719 log_ref=aae10 AAE controller started with IndexNs [{913438523331814323877303020447676887284957839360,3},{1096126227998177188652763624537212264741949407232,3},{1278813932664540053428224228626747642198940975104,3}] and StoreType {native,leveled_nko,<0.774.0>}
2026-09-11 20:30:05.538900+09:00 [info] <0.841.0>@aae_controller:init/1:719 log_ref=aae10 AAE controller started with IndexNs [{1096126227998177188652763624537212264741949407232,3},{1278813932664540053428224228626747642198940975104,3},{0,3}] and StoreType {native,leveled_nko,<0.771.0>}
2026-09-11 20:30:05.538939+09:00 [info] <0.837.0>@aae_controller:init/1:719 log_ref=aae10 AAE controller started with IndexNs [{1278813932664540053428224228626747642198940975104,3},{0,3},{182687704666362864775460604089535377456991567872,3}] and StoreType {native,leveled_nko,<0.773.0>}
2026-09-11 20:30:05.538867+09:00 [info] <0.838.0>@aae_controller:init/1:719 log_ref=aae10 AAE controller started with IndexNs [{548063113999088594326381812268606132370974703616,3},{730750818665451459101842416358141509827966271488,3},{913438523331814323877303020447676887284957839360,3}] and StoreType {native,leveled_nko,<0.770.0>}
2026-09-11 20:30:05.538950+09:00 [info] <0.835.0>@aae_controller:init/1:719 log_ref=aae10 AAE controller started with IndexNs [{182687704666362864775460604089535377456991567872,3},{365375409332725729550921208179070754913983135744,3},{548063113999088594326381812268606132370974703616,3}] and StoreType {native,leveled_nko,<0.769.0>}
2026-09-11 20:30:05.538867+09:00 [info] <0.840.0>@aae_controller:init/1:719 log_ref=aae10 AAE controller started with IndexNs [{365375409332725729550921208179070754913983135744,3},{548063113999088594326381812268606132370974703616,3},{730750818665451459101842416358141509827966271488,3}] and StoreType {native,leveled_nko,<0.768.0>}
2026-09-11 20:30:05.538997+09:00 [info] <0.842.0>@aae_controller:init/1:719 log_ref=aae10 AAE controller started with IndexNs [{0,3},{182687704666362864775460604089535377456991567872,3},{365375409332725729550921208179070754913983135744,3}] and StoreType {native,leveled_nko,<0.772.0>}
2026-09-11 20:30:05.539021+09:00 [info] <0.747.0>@riak_kv_vnode:maybe_start_aaecontroller/2:415 AAE Controller started with pid=<0.836.0>
2026-09-11 20:30:05.539057+09:00 [info] <0.741.0>@riak_kv_vnode:maybe_start_aaecontroller/2:415 AAE Controller started with pid=<0.837.0>
2026-09-11 20:30:05.539083+09:00 [info] <0.745.0>@riak_kv_vnode:maybe_start_aaecontroller/2:415 AAE Controller started with pid=<0.840.0>
2026-09-11 20:30:05.538958+09:00 [info] <0.839.0>@aae_controller:init/1:719 log_ref=aae10 AAE controller started with IndexNs [{730750818665451459101842416358141509827966271488,3},{913438523331814323877303020447676887284957839360,3},{1096126227998177188652763624537212264741949407232,3}] and StoreType {native,leveled_nko,<0.767.0>}
2026-09-11 20:30:05.539103+09:00 [info] <0.744.0>@riak_kv_vnode:maybe_start_aaecontroller/2:415 AAE Controller started with pid=<0.842.0>
2026-09-11 20:30:05.539040+09:00 [info] <0.742.0>@riak_kv_vnode:maybe_start_aaecontroller/2:415 AAE Controller started with pid=<0.841.0>
2026-09-11 20:30:05.539065+09:00 [info] <0.748.0>@riak_kv_vnode:maybe_start_aaecontroller/2:415 AAE Controller started with pid=<0.838.0>
2026-09-11 20:30:05.539079+09:00 [info] <0.743.0>@riak_kv_vnode:maybe_start_aaecontroller/2:415 AAE Controller started with pid=<0.835.0>
2026-09-11 20:30:05.539228+09:00 [info] <0.746.0>@riak_kv_vnode:maybe_start_aaecontroller/2:415 AAE Controller started with pid=<0.839.0>
2026-09-11 20:30:05.540653+09:00 [info] <0.733.0>@riak_core_vnode_manager:get_vnode/3:743 VNode initialization ready <0.742.0> 0 riak_kv_vnode
2026-09-11 20:30:05.540649+09:00 [info] <0.735.0>@riak_core_vnode_manager:get_vnode/3:743 VNode initialization ready <0.744.0> 365375409332725729550921208179070754913983135744 riak_kv_vnode
2026-09-11 20:30:05.540717+09:00 [info] <0.734.0>@riak_core_vnode_manager:get_vnode/3:743 VNode initialization ready <0.741.0> 182687704666362864775460604089535377456991567872 riak_kv_vnode
2026-09-11 20:30:05.540750+09:00 [info] <0.736.0>@riak_core_vnode_manager:get_vnode/3:743 VNode initialization ready <0.743.0> 548063113999088594326381812268606132370974703616 riak_kv_vnode
2026-09-11 20:30:05.540793+09:00 [info] <0.740.0>@riak_core_vnode_manager:get_vnode/3:743 VNode initialization ready <0.747.0> 1278813932664540053428224228626747642198940975104 riak_kv_vnode
2026-09-11 20:30:05.540977+09:00 [info] <0.739.0>@riak_core_vnode_manager:get_vnode/3:743 VNode initialization ready <0.746.0> 1096126227998177188652763624537212264741949407232 riak_kv_vnode
2026-09-11 20:30:05.540913+09:00 [info] <0.737.0>@riak_core_vnode_manager:get_vnode/3:743 VNode initialization ready <0.745.0> 730750818665451459101842416358141509827966271488 riak_kv_vnode
2026-09-11 20:30:05.541010+09:00 [info] <0.738.0>@riak_core_vnode_manager:get_vnode/3:743 VNode initialization ready <0.748.0> 913438523331814323877303020447676887284957839360 riak_kv_vnode
2026-09-11 20:30:05.541307+09:00 [info] <0.947.0>@riak_core_vnode_manager:get_vnode/3:733 Will start VNode for partition 182687704666362864775460604089535377456991567872 riak_pipe_vnode
2026-09-11 20:30:05.541617+09:00 [info] <0.947.0>@riak_core_vnode_manager:get_vnode/3:743 VNode initialization ready <0.948.0> 182687704666362864775460604089535377456991567872 riak_pipe_vnode
2026-09-11 20:30:05.541755+09:00 [info] <0.950.0>@riak_core_vnode_manager:get_vnode/3:733 Will start VNode for partition 365375409332725729550921208179070754913983135744 riak_pipe_vnode
2026-09-11 20:30:05.541936+09:00 [info] <0.950.0>@riak_core_vnode_manager:get_vnode/3:743 VNode initialization ready <0.951.0> 365375409332725729550921208179070754913983135744 riak_pipe_vnode
2026-09-11 20:30:05.542045+09:00 [info] <0.953.0>@riak_core_vnode_manager:get_vnode/3:733 Will start VNode for partition 548063113999088594326381812268606132370974703616 riak_pipe_vnode
2026-09-11 20:30:05.542192+09:00 [info] <0.953.0>@riak_core_vnode_manager:get_vnode/3:743 VNode initialization ready <0.954.0> 548063113999088594326381812268606132370974703616 riak_pipe_vnode
2026-09-11 20:30:05.542289+09:00 [info] <0.956.0>@riak_core_vnode_manager:get_vnode/3:733 Will start VNode for partition 730750818665451459101842416358141509827966271488 riak_pipe_vnode
2026-09-11 20:30:05.542432+09:00 [info] <0.956.0>@riak_core_vnode_manager:get_vnode/3:743 VNode initialization ready <0.957.0> 730750818665451459101842416358141509827966271488 riak_pipe_vnode
2026-09-11 20:30:05.542512+09:00 [info] <0.959.0>@riak_core_vnode_manager:get_vnode/3:733 Will start VNode for partition 913438523331814323877303020447676887284957839360 riak_pipe_vnode
2026-09-11 20:30:05.542644+09:00 [info] <0.959.0>@riak_core_vnode_manager:get_vnode/3:743 VNode initialization ready <0.960.0> 913438523331814323877303020447676887284957839360 riak_pipe_vnode
2026-09-11 20:30:05.542713+09:00 [info] <0.962.0>@riak_core_vnode_manager:get_vnode/3:733 Will start VNode for partition 1096126227998177188652763624537212264741949407232 riak_pipe_vnode
2026-09-11 20:30:05.542876+09:00 [info] <0.962.0>@riak_core_vnode_manager:get_vnode/3:743 VNode initialization ready <0.963.0> 1096126227998177188652763624537212264741949407232 riak_pipe_vnode
2026-09-11 20:30:05.542988+09:00 [info] <0.965.0>@riak_core_vnode_manager:get_vnode/3:733 Will start VNode for partition 1278813932664540053428224228626747642198940975104 riak_pipe_vnode
2026-09-11 20:30:05.543172+09:00 [info] <0.965.0>@riak_core_vnode_manager:get_vnode/3:743 VNode initialization ready <0.966.0> 1278813932664540053428224228626747642198940975104 riak_pipe_vnode
2026-09-11 20:30:05.552523+09:00 [info] <0.403.0>@riak_core:wait_for_service/2:492 Wait complete for service riak_kv (9 seconds)
2026-09-11 20:30:05.569515+09:00 [info] <0.621.0>@riak_core:wait_for_service/2:492 Wait complete for service riak_kv (9 seconds)
2026-09-11 20:30:05.578974+09:00 [info] <0.245.0>@riak_core_capability:process_capability_changes/2:557 New capability: {riak_repl,bloom_fold} = true
2026-09-11 20:30:05.585153+09:00 [info] <0.245.0>@riak_core_capability:process_capability_changes/2:557 New capability: {riak_repl,rtq_meta} = true
2026-09-11 20:30:05.593216+09:00 [info] <0.245.0>@riak_core_capability:process_capability_changes/2:557 New capability: {riak_repl,default_bucket_props_hash} = [consistent,datatype,n_val,write_once]
2026-09-11 20:30:05.604829+09:00 [info] <0.621.0>@riak_repl_app:start/2:70 REPL CS block skip disabled
2026-09-11 20:30:05.610702+09:00 [info] <0.968.0>@supervisor:report_progress/2:1582 Supervisor: {local,riak_repl_sup}. Started: id=riak_repl_client_sup,pid=<0.969.0>.
2026-09-11 20:30:05.611785+09:00 [info] <0.968.0>@supervisor:report_progress/2:1582 Supervisor: {local,riak_repl_sup}. Started: id=riak_repl_server_sup,pid=<0.970.0>.
2026-09-11 20:30:05.614141+09:00 [info] <0.968.0>@supervisor:report_progress/2:1582 Supervisor: {local,riak_repl_sup}. Started: id=riak_repl_leader,pid=<0.971.0>.
2026-09-11 20:30:05.617059+09:00 [info] <0.968.0>@supervisor:report_progress/2:1582 Supervisor: {local,riak_repl_sup}. Started: id=riak_repl2_leader,pid=<0.974.0>.
2026-09-11 20:30:05.623088+09:00 [info] <0.976.0>@riak_core_service_mgr:start_link/1:111 Starting Core Service Manager at {"127.0.0.1",9080}
2026-09-11 20:30:05.632696+09:00 [info] <0.974.0>@riak_repl2_leader:become_leader/2:217 Leader2: 'openriak-kv@node-01.cluster-a.openriak' elected as replication leader
2026-09-11 20:30:05.635607+09:00 [info] <0.980.0>@supervisor:report_progress/2:1582 Supervisor: {<0.980.0>,ranch_conns_sup_sup}. Started: id={ranch_conns_sup,1},pid=<0.981.0>.
2026-09-11 20:30:05.635884+09:00 [info] <0.980.0>@supervisor:report_progress/2:1582 Supervisor: {<0.980.0>,ranch_conns_sup_sup}. Started: id={ranch_conns_sup,2},pid=<0.982.0>.
2026-09-11 20:30:05.635937+09:00 [info] <0.980.0>@supervisor:report_progress/2:1582 Supervisor: {<0.980.0>,ranch_conns_sup_sup}. Started: id={ranch_conns_sup,3},pid=<0.983.0>.
2026-09-11 20:30:05.636019+09:00 [info] <0.980.0>@supervisor:report_progress/2:1582 Supervisor: {<0.980.0>,ranch_conns_sup_sup}. Started: id={ranch_conns_sup,4},pid=<0.984.0>.
2026-09-11 20:30:05.636064+09:00 [info] <0.980.0>@supervisor:report_progress/2:1582 Supervisor: {<0.980.0>,ranch_conns_sup_sup}. Started: id={ranch_conns_sup,5},pid=<0.985.0>.
2026-09-11 20:30:05.636136+09:00 [info] <0.980.0>@supervisor:report_progress/2:1582 Supervisor: {<0.980.0>,ranch_conns_sup_sup}. Started: id={ranch_conns_sup,6},pid=<0.986.0>.
2026-09-11 20:30:05.636170+09:00 [info] <0.980.0>@supervisor:report_progress/2:1582 Supervisor: {<0.980.0>,ranch_conns_sup_sup}. Started: id={ranch_conns_sup,7},pid=<0.987.0>.
2026-09-11 20:30:05.636231+09:00 [info] <0.980.0>@supervisor:report_progress/2:1582 Supervisor: {<0.980.0>,ranch_conns_sup_sup}. Started: id={ranch_conns_sup,8},pid=<0.988.0>.
2026-09-11 20:30:05.636265+09:00 [info] <0.980.0>@supervisor:report_progress/2:1582 Supervisor: {<0.980.0>,ranch_conns_sup_sup}. Started: id={ranch_conns_sup,9},pid=<0.989.0>.
2026-09-11 20:30:05.636305+09:00 [info] <0.980.0>@supervisor:report_progress/2:1582 Supervisor: {<0.980.0>,ranch_conns_sup_sup}. Started: id={ranch_conns_sup,10},pid=<0.990.0>.
2026-09-11 20:30:05.636334+09:00 [info] <0.980.0>@supervisor:report_progress/2:1582 Supervisor: {<0.980.0>,ranch_conns_sup_sup}. Started: id={ranch_conns_sup,11},pid=<0.991.0>.
2026-09-11 20:30:05.636395+09:00 [info] <0.980.0>@supervisor:report_progress/2:1582 Supervisor: {<0.980.0>,ranch_conns_sup_sup}. Started: id={ranch_conns_sup,12},pid=<0.992.0>.
2026-09-11 20:30:05.636419+09:00 [info] <0.980.0>@supervisor:report_progress/2:1582 Supervisor: {<0.980.0>,ranch_conns_sup_sup}. Started: id={ranch_conns_sup,13},pid=<0.993.0>.
2026-09-11 20:30:05.636490+09:00 [info] <0.980.0>@supervisor:report_progress/2:1582 Supervisor: {<0.980.0>,ranch_conns_sup_sup}. Started: id={ranch_conns_sup,14},pid=<0.994.0>.
2026-09-11 20:30:05.636533+09:00 [info] <0.980.0>@supervisor:report_progress/2:1582 Supervisor: {<0.980.0>,ranch_conns_sup_sup}. Started: id={ranch_conns_sup,15},pid=<0.995.0>.
2026-09-11 20:30:05.636565+09:00 [info] <0.980.0>@supervisor:report_progress/2:1582 Supervisor: {<0.980.0>,ranch_conns_sup_sup}. Started: id={ranch_conns_sup,16},pid=<0.996.0>.
2026-09-11 20:30:05.636589+09:00 [info] <0.980.0>@supervisor:report_progress/2:1582 Supervisor: {<0.980.0>,ranch_conns_sup_sup}. Started: id={ranch_conns_sup,17},pid=<0.997.0>.
2026-09-11 20:30:05.636701+09:00 [info] <0.980.0>@supervisor:report_progress/2:1582 Supervisor: {<0.980.0>,ranch_conns_sup_sup}. Started: id={ranch_conns_sup,18},pid=<0.998.0>.
2026-09-11 20:30:05.636751+09:00 [info] <0.980.0>@supervisor:report_progress/2:1582 Supervisor: {<0.980.0>,ranch_conns_sup_sup}. Started: id={ranch_conns_sup,19},pid=<0.999.0>.
2026-09-11 20:30:05.636816+09:00 [info] <0.980.0>@supervisor:report_progress/2:1582 Supervisor: {<0.980.0>,ranch_conns_sup_sup}. Started: id={ranch_conns_sup,20},pid=<0.1000.0>.
2026-09-11 20:30:05.636960+09:00 [info] <0.980.0>@supervisor:report_progress/2:1582 Supervisor: {<0.980.0>,ranch_conns_sup_sup}. Started: id={ranch_conns_sup,21},pid=<0.1001.0>.
2026-09-11 20:30:05.637095+09:00 [info] <0.980.0>@supervisor:report_progress/2:1582 Supervisor: {<0.980.0>,ranch_conns_sup_sup}. Started: id={ranch_conns_sup,22},pid=<0.1002.0>.
2026-09-11 20:30:05.637165+09:00 [info] <0.980.0>@supervisor:report_progress/2:1582 Supervisor: {<0.980.0>,ranch_conns_sup_sup}. Started: id={ranch_conns_sup,23},pid=<0.1003.0>.
2026-09-11 20:30:05.637227+09:00 [info] <0.980.0>@supervisor:report_progress/2:1582 Supervisor: {<0.980.0>,ranch_conns_sup_sup}. Started: id={ranch_conns_sup,24},pid=<0.1004.0>.
2026-09-11 20:30:05.637279+09:00 [info] <0.980.0>@supervisor:report_progress/2:1582 Supervisor: {<0.980.0>,ranch_conns_sup_sup}. Started: id={ranch_conns_sup,25},pid=<0.1005.0>.
2026-09-11 20:30:05.637354+09:00 [info] <0.980.0>@supervisor:report_progress/2:1582 Supervisor: {<0.980.0>,ranch_conns_sup_sup}. Started: id={ranch_conns_sup,26},pid=<0.1006.0>.
2026-09-11 20:30:05.637420+09:00 [info] <0.980.0>@supervisor:report_progress/2:1582 Supervisor: {<0.980.0>,ranch_conns_sup_sup}. Started: id={ranch_conns_sup,27},pid=<0.1007.0>.
2026-09-11 20:30:05.637499+09:00 [info] <0.980.0>@supervisor:report_progress/2:1582 Supervisor: {<0.980.0>,ranch_conns_sup_sup}. Started: id={ranch_conns_sup,28},pid=<0.1008.0>.
2026-09-11 20:30:05.637565+09:00 [info] <0.980.0>@supervisor:report_progress/2:1582 Supervisor: {<0.980.0>,ranch_conns_sup_sup}. Started: id={ranch_conns_sup,29},pid=<0.1009.0>.
2026-09-11 20:30:05.637643+09:00 [info] <0.980.0>@supervisor:report_progress/2:1582 Supervisor: {<0.980.0>,ranch_conns_sup_sup}. Started: id={ranch_conns_sup,30},pid=<0.1010.0>.
2026-09-11 20:30:05.637703+09:00 [info] <0.980.0>@supervisor:report_progress/2:1582 Supervisor: {<0.980.0>,ranch_conns_sup_sup}. Started: id={ranch_conns_sup,31},pid=<0.1011.0>.
2026-09-11 20:30:05.637765+09:00 [info] <0.980.0>@supervisor:report_progress/2:1582 Supervisor: {<0.980.0>,ranch_conns_sup_sup}. Started: id={ranch_conns_sup,32},pid=<0.1012.0>.
2026-09-11 20:30:05.637835+09:00 [info] <0.980.0>@supervisor:report_progress/2:1582 Supervisor: {<0.980.0>,ranch_conns_sup_sup}. Started: id={ranch_conns_sup,33},pid=<0.1013.0>.
2026-09-11 20:30:05.637957+09:00 [info] <0.980.0>@supervisor:report_progress/2:1582 Supervisor: {<0.980.0>,ranch_conns_sup_sup}. Started: id={ranch_conns_sup,34},pid=<0.1014.0>.
2026-09-11 20:30:05.638019+09:00 [info] <0.980.0>@supervisor:report_progress/2:1582 Supervisor: {<0.980.0>,ranch_conns_sup_sup}. Started: id={ranch_conns_sup,35},pid=<0.1015.0>.
2026-09-11 20:30:05.638097+09:00 [info] <0.980.0>@supervisor:report_progress/2:1582 Supervisor: {<0.980.0>,ranch_conns_sup_sup}. Started: id={ranch_conns_sup,36},pid=<0.1016.0>.
2026-09-11 20:30:05.638178+09:00 [info] <0.980.0>@supervisor:report_progress/2:1582 Supervisor: {<0.980.0>,ranch_conns_sup_sup}. Started: id={ranch_conns_sup,37},pid=<0.1017.0>.
2026-09-11 20:30:05.638281+09:00 [info] <0.980.0>@supervisor:report_progress/2:1582 Supervisor: {<0.980.0>,ranch_conns_sup_sup}. Started: id={ranch_conns_sup,38},pid=<0.1018.0>.
2026-09-11 20:30:05.638377+09:00 [info] <0.980.0>@supervisor:report_progress/2:1582 Supervisor: {<0.980.0>,ranch_conns_sup_sup}. Started: id={ranch_conns_sup,39},pid=<0.1019.0>.
2026-09-11 20:30:05.638511+09:00 [info] <0.980.0>@supervisor:report_progress/2:1582 Supervisor: {<0.980.0>,ranch_conns_sup_sup}. Started: id={ranch_conns_sup,40},pid=<0.1020.0>.
2026-09-11 20:30:05.638571+09:00 [info] <0.980.0>@supervisor:report_progress/2:1582 Supervisor: {<0.980.0>,ranch_conns_sup_sup}. Started: id={ranch_conns_sup,41},pid=<0.1021.0>.
2026-09-11 20:30:05.638666+09:00 [info] <0.980.0>@supervisor:report_progress/2:1582 Supervisor: {<0.980.0>,ranch_conns_sup_sup}. Started: id={ranch_conns_sup,42},pid=<0.1022.0>.
2026-09-11 20:30:05.638702+09:00 [info] <0.980.0>@supervisor:report_progress/2:1582 Supervisor: {<0.980.0>,ranch_conns_sup_sup}. Started: id={ranch_conns_sup,43},pid=<0.1023.0>.
2026-09-11 20:30:05.638765+09:00 [info] <0.980.0>@supervisor:report_progress/2:1582 Supervisor: {<0.980.0>,ranch_conns_sup_sup}. Started: id={ranch_conns_sup,44},pid=<0.1024.0>.
2026-09-11 20:30:05.638815+09:00 [info] <0.980.0>@supervisor:report_progress/2:1582 Supervisor: {<0.980.0>,ranch_conns_sup_sup}. Started: id={ranch_conns_sup,45},pid=<0.1025.0>.
2026-09-11 20:30:05.638871+09:00 [info] <0.980.0>@supervisor:report_progress/2:1582 Supervisor: {<0.980.0>,ranch_conns_sup_sup}. Started: id={ranch_conns_sup,46},pid=<0.1026.0>.
2026-09-11 20:30:05.638921+09:00 [info] <0.980.0>@supervisor:report_progress/2:1582 Supervisor: {<0.980.0>,ranch_conns_sup_sup}. Started: id={ranch_conns_sup,47},pid=<0.1027.0>.
2026-09-11 20:30:05.638979+09:00 [info] <0.980.0>@supervisor:report_progress/2:1582 Supervisor: {<0.980.0>,ranch_conns_sup_sup}. Started: id={ranch_conns_sup,48},pid=<0.1028.0>.
2026-09-11 20:30:05.639013+09:00 [info] <0.980.0>@supervisor:report_progress/2:1582 Supervisor: {<0.980.0>,ranch_conns_sup_sup}. Started: id={ranch_conns_sup,49},pid=<0.1029.0>.
2026-09-11 20:30:05.639063+09:00 [info] <0.980.0>@supervisor:report_progress/2:1582 Supervisor: {<0.980.0>,ranch_conns_sup_sup}. Started: id={ranch_conns_sup,50},pid=<0.1030.0>.
2026-09-11 20:30:05.639128+09:00 [info] <0.980.0>@supervisor:report_progress/2:1582 Supervisor: {<0.980.0>,ranch_conns_sup_sup}. Started: id={ranch_conns_sup,51},pid=<0.1031.0>.
2026-09-11 20:30:05.639162+09:00 [info] <0.980.0>@supervisor:report_progress/2:1582 Supervisor: {<0.980.0>,ranch_conns_sup_sup}. Started: id={ranch_conns_sup,52},pid=<0.1032.0>.
2026-09-11 20:30:05.639210+09:00 [info] <0.980.0>@supervisor:report_progress/2:1582 Supervisor: {<0.980.0>,ranch_conns_sup_sup}. Started: id={ranch_conns_sup,53},pid=<0.1033.0>.
2026-09-11 20:30:05.639249+09:00 [info] <0.980.0>@supervisor:report_progress/2:1582 Supervisor: {<0.980.0>,ranch_conns_sup_sup}. Started: id={ranch_conns_sup,54},pid=<0.1034.0>.
2026-09-11 20:30:05.639312+09:00 [info] <0.980.0>@supervisor:report_progress/2:1582 Supervisor: {<0.980.0>,ranch_conns_sup_sup}. Started: id={ranch_conns_sup,55},pid=<0.1035.0>.
2026-09-11 20:30:05.639359+09:00 [info] <0.980.0>@supervisor:report_progress/2:1582 Supervisor: {<0.980.0>,ranch_conns_sup_sup}. Started: id={ranch_conns_sup,56},pid=<0.1036.0>.
2026-09-11 20:30:05.639466+09:00 [info] <0.980.0>@supervisor:report_progress/2:1582 Supervisor: {<0.980.0>,ranch_conns_sup_sup}. Started: id={ranch_conns_sup,57},pid=<0.1037.0>.
2026-09-11 20:30:05.639553+09:00 [info] <0.980.0>@supervisor:report_progress/2:1582 Supervisor: {<0.980.0>,ranch_conns_sup_sup}. Started: id={ranch_conns_sup,58},pid=<0.1038.0>.
2026-09-11 20:30:05.639631+09:00 [info] <0.980.0>@supervisor:report_progress/2:1582 Supervisor: {<0.980.0>,ranch_conns_sup_sup}. Started: id={ranch_conns_sup,59},pid=<0.1039.0>.
2026-09-11 20:30:05.639670+09:00 [info] <0.980.0>@supervisor:report_progress/2:1582 Supervisor: {<0.980.0>,ranch_conns_sup_sup}. Started: id={ranch_conns_sup,60},pid=<0.1040.0>.
2026-09-11 20:30:05.639712+09:00 [info] <0.980.0>@supervisor:report_progress/2:1582 Supervisor: {<0.980.0>,ranch_conns_sup_sup}. Started: id={ranch_conns_sup,61},pid=<0.1041.0>.
2026-09-11 20:30:05.639740+09:00 [info] <0.980.0>@supervisor:report_progress/2:1582 Supervisor: {<0.980.0>,ranch_conns_sup_sup}. Started: id={ranch_conns_sup,62},pid=<0.1042.0>.
2026-09-11 20:30:05.639775+09:00 [info] <0.980.0>@supervisor:report_progress/2:1582 Supervisor: {<0.980.0>,ranch_conns_sup_sup}. Started: id={ranch_conns_sup,63},pid=<0.1043.0>.
2026-09-11 20:30:05.639821+09:00 [info] <0.980.0>@supervisor:report_progress/2:1582 Supervisor: {<0.980.0>,ranch_conns_sup_sup}. Started: id={ranch_conns_sup,64},pid=<0.1044.0>.
2026-09-11 20:30:05.639909+09:00 [info] <0.980.0>@supervisor:report_progress/2:1582 Supervisor: {<0.980.0>,ranch_conns_sup_sup}. Started: id={ranch_conns_sup,65},pid=<0.1045.0>.
2026-09-11 20:30:05.639961+09:00 [info] <0.980.0>@supervisor:report_progress/2:1582 Supervisor: {<0.980.0>,ranch_conns_sup_sup}. Started: id={ranch_conns_sup,66},pid=<0.1046.0>.
2026-09-11 20:30:05.640006+09:00 [info] <0.980.0>@supervisor:report_progress/2:1582 Supervisor: {<0.980.0>,ranch_conns_sup_sup}. Started: id={ranch_conns_sup,67},pid=<0.1047.0>.
2026-09-11 20:30:05.640034+09:00 [info] <0.980.0>@supervisor:report_progress/2:1582 Supervisor: {<0.980.0>,ranch_conns_sup_sup}. Started: id={ranch_conns_sup,68},pid=<0.1048.0>.
2026-09-11 20:30:05.640063+09:00 [info] <0.980.0>@supervisor:report_progress/2:1582 Supervisor: {<0.980.0>,ranch_conns_sup_sup}. Started: id={ranch_conns_sup,69},pid=<0.1049.0>.
2026-09-11 20:30:05.640116+09:00 [info] <0.980.0>@supervisor:report_progress/2:1582 Supervisor: {<0.980.0>,ranch_conns_sup_sup}. Started: id={ranch_conns_sup,70},pid=<0.1050.0>.
2026-09-11 20:30:05.640199+09:00 [info] <0.980.0>@supervisor:report_progress/2:1582 Supervisor: {<0.980.0>,ranch_conns_sup_sup}. Started: id={ranch_conns_sup,71},pid=<0.1051.0>.
2026-09-11 20:30:05.640235+09:00 [info] <0.980.0>@supervisor:report_progress/2:1582 Supervisor: {<0.980.0>,ranch_conns_sup_sup}. Started: id={ranch_conns_sup,72},pid=<0.1052.0>.
2026-09-11 20:30:05.640286+09:00 [info] <0.980.0>@supervisor:report_progress/2:1582 Supervisor: {<0.980.0>,ranch_conns_sup_sup}. Started: id={ranch_conns_sup,73},pid=<0.1053.0>.
2026-09-11 20:30:05.640335+09:00 [info] <0.980.0>@supervisor:report_progress/2:1582 Supervisor: {<0.980.0>,ranch_conns_sup_sup}. Started: id={ranch_conns_sup,74},pid=<0.1054.0>.
2026-09-11 20:30:05.640439+09:00 [info] <0.980.0>@supervisor:report_progress/2:1582 Supervisor: {<0.980.0>,ranch_conns_sup_sup}. Started: id={ranch_conns_sup,75},pid=<0.1055.0>.
2026-09-11 20:30:05.640475+09:00 [info] <0.980.0>@supervisor:report_progress/2:1582 Supervisor: {<0.980.0>,ranch_conns_sup_sup}. Started: id={ranch_conns_sup,76},pid=<0.1056.0>.
2026-09-11 20:30:05.640540+09:00 [info] <0.980.0>@supervisor:report_progress/2:1582 Supervisor: {<0.980.0>,ranch_conns_sup_sup}. Started: id={ranch_conns_sup,77},pid=<0.1057.0>.
2026-09-11 20:30:05.640587+09:00 [info] <0.980.0>@supervisor:report_progress/2:1582 Supervisor: {<0.980.0>,ranch_conns_sup_sup}. Started: id={ranch_conns_sup,78},pid=<0.1058.0>.
2026-09-11 20:30:05.640632+09:00 [info] <0.980.0>@supervisor:report_progress/2:1582 Supervisor: {<0.980.0>,ranch_conns_sup_sup}. Started: id={ranch_conns_sup,79},pid=<0.1059.0>.
2026-09-11 20:30:05.640660+09:00 [info] <0.980.0>@supervisor:report_progress/2:1582 Supervisor: {<0.980.0>,ranch_conns_sup_sup}. Started: id={ranch_conns_sup,80},pid=<0.1061.0>.
2026-09-11 20:30:05.640698+09:00 [info] <0.980.0>@supervisor:report_progress/2:1582 Supervisor: {<0.980.0>,ranch_conns_sup_sup}. Started: id={ranch_conns_sup,81},pid=<0.1073.0>.
2026-09-11 20:30:05.640723+09:00 [info] <0.980.0>@supervisor:report_progress/2:1582 Supervisor: {<0.980.0>,ranch_conns_sup_sup}. Started: id={ranch_conns_sup,82},pid=<0.1077.0>.
2026-09-11 20:30:05.640759+09:00 [info] <0.980.0>@supervisor:report_progress/2:1582 Supervisor: {<0.980.0>,ranch_conns_sup_sup}. Started: id={ranch_conns_sup,83},pid=<0.1078.0>.
2026-09-11 20:30:05.640786+09:00 [info] <0.980.0>@supervisor:report_progress/2:1582 Supervisor: {<0.980.0>,ranch_conns_sup_sup}. Started: id={ranch_conns_sup,84},pid=<0.1079.0>.
2026-09-11 20:30:05.640827+09:00 [info] <0.980.0>@supervisor:report_progress/2:1582 Supervisor: {<0.980.0>,ranch_conns_sup_sup}. Started: id={ranch_conns_sup,85},pid=<0.1081.0>.
2026-09-11 20:30:05.640878+09:00 [info] <0.980.0>@supervisor:report_progress/2:1582 Supervisor: {<0.980.0>,ranch_conns_sup_sup}. Started: id={ranch_conns_sup,86},pid=<0.1082.0>.
2026-09-11 20:30:05.641009+09:00 [info] <0.980.0>@supervisor:report_progress/2:1582 Supervisor: {<0.980.0>,ranch_conns_sup_sup}. Started: id={ranch_conns_sup,87},pid=<0.1083.0>.
2026-09-11 20:30:05.641075+09:00 [info] <0.980.0>@supervisor:report_progress/2:1582 Supervisor: {<0.980.0>,ranch_conns_sup_sup}. Started: id={ranch_conns_sup,88},pid=<0.1084.0>.
2026-09-11 20:30:05.641140+09:00 [info] <0.980.0>@supervisor:report_progress/2:1582 Supervisor: {<0.980.0>,ranch_conns_sup_sup}. Started: id={ranch_conns_sup,89},pid=<0.1085.0>.
2026-09-11 20:30:05.641180+09:00 [info] <0.980.0>@supervisor:report_progress/2:1582 Supervisor: {<0.980.0>,ranch_conns_sup_sup}. Started: id={ranch_conns_sup,90},pid=<0.1086.0>.
2026-09-11 20:30:05.641209+09:00 [info] <0.980.0>@supervisor:report_progress/2:1582 Supervisor: {<0.980.0>,ranch_conns_sup_sup}. Started: id={ranch_conns_sup,91},pid=<0.1087.0>.
2026-09-11 20:30:05.641258+09:00 [info] <0.980.0>@supervisor:report_progress/2:1582 Supervisor: {<0.980.0>,ranch_conns_sup_sup}. Started: id={ranch_conns_sup,92},pid=<0.1088.0>.
2026-09-11 20:30:05.641321+09:00 [info] <0.980.0>@supervisor:report_progress/2:1582 Supervisor: {<0.980.0>,ranch_conns_sup_sup}. Started: id={ranch_conns_sup,93},pid=<0.1089.0>.
2026-09-11 20:30:05.641381+09:00 [info] <0.980.0>@supervisor:report_progress/2:1582 Supervisor: {<0.980.0>,ranch_conns_sup_sup}. Started: id={ranch_conns_sup,94},pid=<0.1090.0>.
2026-09-11 20:30:05.641434+09:00 [info] <0.980.0>@supervisor:report_progress/2:1582 Supervisor: {<0.980.0>,ranch_conns_sup_sup}. Started: id={ranch_conns_sup,95},pid=<0.1091.0>.
2026-09-11 20:30:05.641463+09:00 [info] <0.980.0>@supervisor:report_progress/2:1582 Supervisor: {<0.980.0>,ranch_conns_sup_sup}. Started: id={ranch_conns_sup,96},pid=<0.1092.0>.
2026-09-11 20:30:05.641493+09:00 [info] <0.980.0>@supervisor:report_progress/2:1582 Supervisor: {<0.980.0>,ranch_conns_sup_sup}. Started: id={ranch_conns_sup,97},pid=<0.1093.0>.
2026-09-11 20:30:05.641521+09:00 [info] <0.980.0>@supervisor:report_progress/2:1582 Supervisor: {<0.980.0>,ranch_conns_sup_sup}. Started: id={ranch_conns_sup,98},pid=<0.1094.0>.
2026-09-11 20:30:05.641573+09:00 [info] <0.980.0>@supervisor:report_progress/2:1582 Supervisor: {<0.980.0>,ranch_conns_sup_sup}. Started: id={ranch_conns_sup,99},pid=<0.1095.0>.
2026-09-11 20:30:05.641598+09:00 [info] <0.980.0>@supervisor:report_progress/2:1582 Supervisor: {<0.980.0>,ranch_conns_sup_sup}. Started: id={ranch_conns_sup,100},pid=<0.1096.0>.
2026-09-11 20:30:05.641691+09:00 [info] <0.979.0>@supervisor:report_progress/2:1582 Supervisor: {<0.979.0>,ranch_listener_sup}. Started: id=ranch_conns_sup_sup,pid=<0.980.0>.
2026-09-11 20:30:05.644012+09:00 [info] <0.1097.0>@supervisor:report_progress/2:1582 Supervisor: {<0.1097.0>,ranch_acceptors_sup}. Started: id={acceptor,<0.1097.0>,1},pid=<0.1098.0>.
2026-09-11 20:30:05.644185+09:00 [info] <0.1097.0>@supervisor:report_progress/2:1582 Supervisor: {<0.1097.0>,ranch_acceptors_sup}. Started: id={acceptor,<0.1097.0>,2},pid=<0.1099.0>.
2026-09-11 20:30:05.644396+09:00 [info] <0.1097.0>@supervisor:report_progress/2:1582 Supervisor: {<0.1097.0>,ranch_acceptors_sup}. Started: id={acceptor,<0.1097.0>,3},pid=<0.1100.0>.
2026-09-11 20:30:05.644535+09:00 [info] <0.1097.0>@supervisor:report_progress/2:1582 Supervisor: {<0.1097.0>,ranch_acceptors_sup}. Started: id={acceptor,<0.1097.0>,4},pid=<0.1101.0>.
2026-09-11 20:30:05.644610+09:00 [info] <0.1097.0>@supervisor:report_progress/2:1582 Supervisor: {<0.1097.0>,ranch_acceptors_sup}. Started: id={acceptor,<0.1097.0>,5},pid=<0.1102.0>.
2026-09-11 20:30:05.644684+09:00 [info] <0.1097.0>@supervisor:report_progress/2:1582 Supervisor: {<0.1097.0>,ranch_acceptors_sup}. Started: id={acceptor,<0.1097.0>,6},pid=<0.1103.0>.
2026-09-11 20:30:05.644740+09:00 [info] <0.1097.0>@supervisor:report_progress/2:1582 Supervisor: {<0.1097.0>,ranch_acceptors_sup}. Started: id={acceptor,<0.1097.0>,7},pid=<0.1104.0>.
2026-09-11 20:30:05.644784+09:00 [info] <0.1097.0>@supervisor:report_progress/2:1582 Supervisor: {<0.1097.0>,ranch_acceptors_sup}. Started: id={acceptor,<0.1097.0>,8},pid=<0.1105.0>.
2026-09-11 20:30:05.644889+09:00 [info] <0.1097.0>@supervisor:report_progress/2:1582 Supervisor: {<0.1097.0>,ranch_acceptors_sup}. Started: id={acceptor,<0.1097.0>,9},pid=<0.1106.0>.
2026-09-11 20:30:05.644996+09:00 [info] <0.1097.0>@supervisor:report_progress/2:1582 Supervisor: {<0.1097.0>,ranch_acceptors_sup}. Started: id={acceptor,<0.1097.0>,10},pid=<0.1107.0>.
2026-09-11 20:30:05.645094+09:00 [info] <0.1097.0>@supervisor:report_progress/2:1582 Supervisor: {<0.1097.0>,ranch_acceptors_sup}. Started: id={acceptor,<0.1097.0>,11},pid=<0.1108.0>.
2026-09-11 20:30:05.645176+09:00 [info] <0.1097.0>@supervisor:report_progress/2:1582 Supervisor: {<0.1097.0>,ranch_acceptors_sup}. Started: id={acceptor,<0.1097.0>,12},pid=<0.1109.0>.
2026-09-11 20:30:05.645236+09:00 [info] <0.1097.0>@supervisor:report_progress/2:1582 Supervisor: {<0.1097.0>,ranch_acceptors_sup}. Started: id={acceptor,<0.1097.0>,13},pid=<0.1110.0>.
2026-09-11 20:30:05.645303+09:00 [info] <0.1097.0>@supervisor:report_progress/2:1582 Supervisor: {<0.1097.0>,ranch_acceptors_sup}. Started: id={acceptor,<0.1097.0>,14},pid=<0.1111.0>.
2026-09-11 20:30:05.645355+09:00 [info] <0.1097.0>@supervisor:report_progress/2:1582 Supervisor: {<0.1097.0>,ranch_acceptors_sup}. Started: id={acceptor,<0.1097.0>,15},pid=<0.1112.0>.
2026-09-11 20:30:05.645426+09:00 [info] <0.1097.0>@supervisor:report_progress/2:1582 Supervisor: {<0.1097.0>,ranch_acceptors_sup}. Started: id={acceptor,<0.1097.0>,16},pid=<0.1113.0>.
2026-09-11 20:30:05.645486+09:00 [info] <0.1097.0>@supervisor:report_progress/2:1582 Supervisor: {<0.1097.0>,ranch_acceptors_sup}. Started: id={acceptor,<0.1097.0>,17},pid=<0.1114.0>.
2026-09-11 20:30:05.645528+09:00 [info] <0.1097.0>@supervisor:report_progress/2:1582 Supervisor: {<0.1097.0>,ranch_acceptors_sup}. Started: id={acceptor,<0.1097.0>,18},pid=<0.1115.0>.
2026-09-11 20:30:05.645592+09:00 [info] <0.1097.0>@supervisor:report_progress/2:1582 Supervisor: {<0.1097.0>,ranch_acceptors_sup}. Started: id={acceptor,<0.1097.0>,19},pid=<0.1116.0>.
2026-09-11 20:30:05.645634+09:00 [info] <0.1097.0>@supervisor:report_progress/2:1582 Supervisor: {<0.1097.0>,ranch_acceptors_sup}. Started: id={acceptor,<0.1097.0>,20},pid=<0.1117.0>.
2026-09-11 20:30:05.645690+09:00 [info] <0.1097.0>@supervisor:report_progress/2:1582 Supervisor: {<0.1097.0>,ranch_acceptors_sup}. Started: id={acceptor,<0.1097.0>,21},pid=<0.1118.0>.
2026-09-11 20:30:05.645745+09:00 [info] <0.1097.0>@supervisor:report_progress/2:1582 Supervisor: {<0.1097.0>,ranch_acceptors_sup}. Started: id={acceptor,<0.1097.0>,22},pid=<0.1119.0>.
2026-09-11 20:30:05.645788+09:00 [info] <0.1097.0>@supervisor:report_progress/2:1582 Supervisor: {<0.1097.0>,ranch_acceptors_sup}. Started: id={acceptor,<0.1097.0>,23},pid=<0.1120.0>.
2026-09-11 20:30:05.645870+09:00 [info] <0.1097.0>@supervisor:report_progress/2:1582 Supervisor: {<0.1097.0>,ranch_acceptors_sup}. Started: id={acceptor,<0.1097.0>,24},pid=<0.1121.0>.
2026-09-11 20:30:05.645932+09:00 [info] <0.1097.0>@supervisor:report_progress/2:1582 Supervisor: {<0.1097.0>,ranch_acceptors_sup}. Started: id={acceptor,<0.1097.0>,25},pid=<0.1122.0>.
2026-09-11 20:30:05.645984+09:00 [info] <0.1097.0>@supervisor:report_progress/2:1582 Supervisor: {<0.1097.0>,ranch_acceptors_sup}. Started: id={acceptor,<0.1097.0>,26},pid=<0.1123.0>.
2026-09-11 20:30:05.646180+09:00 [info] <0.1097.0>@supervisor:report_progress/2:1582 Supervisor: {<0.1097.0>,ranch_acceptors_sup}. Started: id={acceptor,<0.1097.0>,27},pid=<0.1124.0>.
2026-09-11 20:30:05.646278+09:00 [info] <0.1097.0>@supervisor:report_progress/2:1582 Supervisor: {<0.1097.0>,ranch_acceptors_sup}. Started: id={acceptor,<0.1097.0>,28},pid=<0.1125.0>.
2026-09-11 20:30:05.646333+09:00 [info] <0.1097.0>@supervisor:report_progress/2:1582 Supervisor: {<0.1097.0>,ranch_acceptors_sup}. Started: id={acceptor,<0.1097.0>,29},pid=<0.1126.0>.
2026-09-11 20:30:05.646376+09:00 [info] <0.1097.0>@supervisor:report_progress/2:1582 Supervisor: {<0.1097.0>,ranch_acceptors_sup}. Started: id={acceptor,<0.1097.0>,30},pid=<0.1127.0>.
2026-09-11 20:30:05.646440+09:00 [info] <0.1097.0>@supervisor:report_progress/2:1582 Supervisor: {<0.1097.0>,ranch_acceptors_sup}. Started: id={acceptor,<0.1097.0>,31},pid=<0.1128.0>.
2026-09-11 20:30:05.646527+09:00 [info] <0.1097.0>@supervisor:report_progress/2:1582 Supervisor: {<0.1097.0>,ranch_acceptors_sup}. Started: id={acceptor,<0.1097.0>,32},pid=<0.1129.0>.
2026-09-11 20:30:05.646574+09:00 [info] <0.1097.0>@supervisor:report_progress/2:1582 Supervisor: {<0.1097.0>,ranch_acceptors_sup}. Started: id={acceptor,<0.1097.0>,33},pid=<0.1130.0>.
2026-09-11 20:30:05.646627+09:00 [info] <0.1097.0>@supervisor:report_progress/2:1582 Supervisor: {<0.1097.0>,ranch_acceptors_sup}. Started: id={acceptor,<0.1097.0>,34},pid=<0.1131.0>.
2026-09-11 20:30:05.646667+09:00 [info] <0.1097.0>@supervisor:report_progress/2:1582 Supervisor: {<0.1097.0>,ranch_acceptors_sup}. Started: id={acceptor,<0.1097.0>,35},pid=<0.1132.0>.
2026-09-11 20:30:05.646716+09:00 [info] <0.1097.0>@supervisor:report_progress/2:1582 Supervisor: {<0.1097.0>,ranch_acceptors_sup}. Started: id={acceptor,<0.1097.0>,36},pid=<0.1133.0>.
2026-09-11 20:30:05.646776+09:00 [info] <0.1097.0>@supervisor:report_progress/2:1582 Supervisor: {<0.1097.0>,ranch_acceptors_sup}. Started: id={acceptor,<0.1097.0>,37},pid=<0.1134.0>.
2026-09-11 20:30:05.646817+09:00 [info] <0.1097.0>@supervisor:report_progress/2:1582 Supervisor: {<0.1097.0>,ranch_acceptors_sup}. Started: id={acceptor,<0.1097.0>,38},pid=<0.1135.0>.
2026-09-11 20:30:05.646867+09:00 [info] <0.1097.0>@supervisor:report_progress/2:1582 Supervisor: {<0.1097.0>,ranch_acceptors_sup}. Started: id={acceptor,<0.1097.0>,39},pid=<0.1136.0>.
2026-09-11 20:30:05.646906+09:00 [info] <0.1097.0>@supervisor:report_progress/2:1582 Supervisor: {<0.1097.0>,ranch_acceptors_sup}. Started: id={acceptor,<0.1097.0>,40},pid=<0.1137.0>.
2026-09-11 20:30:05.647001+09:00 [info] <0.1097.0>@supervisor:report_progress/2:1582 Supervisor: {<0.1097.0>,ranch_acceptors_sup}. Started: id={acceptor,<0.1097.0>,41},pid=<0.1138.0>.
2026-09-11 20:30:05.647104+09:00 [info] <0.1097.0>@supervisor:report_progress/2:1582 Supervisor: {<0.1097.0>,ranch_acceptors_sup}. Started: id={acceptor,<0.1097.0>,42},pid=<0.1139.0>.
2026-09-11 20:30:05.647208+09:00 [info] <0.1097.0>@supervisor:report_progress/2:1582 Supervisor: {<0.1097.0>,ranch_acceptors_sup}. Started: id={acceptor,<0.1097.0>,43},pid=<0.1140.0>.
2026-09-11 20:30:05.647300+09:00 [info] <0.1097.0>@supervisor:report_progress/2:1582 Supervisor: {<0.1097.0>,ranch_acceptors_sup}. Started: id={acceptor,<0.1097.0>,44},pid=<0.1141.0>.
2026-09-11 20:30:05.647371+09:00 [info] <0.1097.0>@supervisor:report_progress/2:1582 Supervisor: {<0.1097.0>,ranch_acceptors_sup}. Started: id={acceptor,<0.1097.0>,45},pid=<0.1142.0>.
2026-09-11 20:30:05.647429+09:00 [info] <0.1097.0>@supervisor:report_progress/2:1582 Supervisor: {<0.1097.0>,ranch_acceptors_sup}. Started: id={acceptor,<0.1097.0>,46},pid=<0.1143.0>.
2026-09-11 20:30:05.647485+09:00 [info] <0.1097.0>@supervisor:report_progress/2:1582 Supervisor: {<0.1097.0>,ranch_acceptors_sup}. Started: id={acceptor,<0.1097.0>,47},pid=<0.1144.0>.
2026-09-11 20:30:05.647531+09:00 [info] <0.1097.0>@supervisor:report_progress/2:1582 Supervisor: {<0.1097.0>,ranch_acceptors_sup}. Started: id={acceptor,<0.1097.0>,48},pid=<0.1145.0>.
2026-09-11 20:30:05.647596+09:00 [info] <0.1097.0>@supervisor:report_progress/2:1582 Supervisor: {<0.1097.0>,ranch_acceptors_sup}. Started: id={acceptor,<0.1097.0>,49},pid=<0.1146.0>.
2026-09-11 20:30:05.647674+09:00 [info] <0.1097.0>@supervisor:report_progress/2:1582 Supervisor: {<0.1097.0>,ranch_acceptors_sup}. Started: id={acceptor,<0.1097.0>,50},pid=<0.1147.0>.
2026-09-11 20:30:05.647736+09:00 [info] <0.1097.0>@supervisor:report_progress/2:1582 Supervisor: {<0.1097.0>,ranch_acceptors_sup}. Started: id={acceptor,<0.1097.0>,51},pid=<0.1148.0>.
2026-09-11 20:30:05.647798+09:00 [info] <0.1097.0>@supervisor:report_progress/2:1582 Supervisor: {<0.1097.0>,ranch_acceptors_sup}. Started: id={acceptor,<0.1097.0>,52},pid=<0.1149.0>.
2026-09-11 20:30:05.647849+09:00 [info] <0.1097.0>@supervisor:report_progress/2:1582 Supervisor: {<0.1097.0>,ranch_acceptors_sup}. Started: id={acceptor,<0.1097.0>,53},pid=<0.1150.0>.
2026-09-11 20:30:05.647925+09:00 [info] <0.1097.0>@supervisor:report_progress/2:1582 Supervisor: {<0.1097.0>,ranch_acceptors_sup}. Started: id={acceptor,<0.1097.0>,54},pid=<0.1151.0>.
2026-09-11 20:30:05.647988+09:00 [info] <0.1097.0>@supervisor:report_progress/2:1582 Supervisor: {<0.1097.0>,ranch_acceptors_sup}. Started: id={acceptor,<0.1097.0>,55},pid=<0.1152.0>.
2026-09-11 20:30:05.648054+09:00 [info] <0.1097.0>@supervisor:report_progress/2:1582 Supervisor: {<0.1097.0>,ranch_acceptors_sup}. Started: id={acceptor,<0.1097.0>,56},pid=<0.1153.0>.
2026-09-11 20:30:05.648127+09:00 [info] <0.1097.0>@supervisor:report_progress/2:1582 Supervisor: {<0.1097.0>,ranch_acceptors_sup}. Started: id={acceptor,<0.1097.0>,57},pid=<0.1154.0>.
2026-09-11 20:30:05.648204+09:00 [info] <0.1097.0>@supervisor:report_progress/2:1582 Supervisor: {<0.1097.0>,ranch_acceptors_sup}. Started: id={acceptor,<0.1097.0>,58},pid=<0.1155.0>.
2026-09-11 20:30:05.648279+09:00 [info] <0.1097.0>@supervisor:report_progress/2:1582 Supervisor: {<0.1097.0>,ranch_acceptors_sup}. Started: id={acceptor,<0.1097.0>,59},pid=<0.1156.0>.
2026-09-11 20:30:05.648345+09:00 [info] <0.1097.0>@supervisor:report_progress/2:1582 Supervisor: {<0.1097.0>,ranch_acceptors_sup}. Started: id={acceptor,<0.1097.0>,60},pid=<0.1157.0>.
2026-09-11 20:30:05.648438+09:00 [info] <0.1097.0>@supervisor:report_progress/2:1582 Supervisor: {<0.1097.0>,ranch_acceptors_sup}. Started: id={acceptor,<0.1097.0>,61},pid=<0.1158.0>.
2026-09-11 20:30:05.648513+09:00 [info] <0.1097.0>@supervisor:report_progress/2:1582 Supervisor: {<0.1097.0>,ranch_acceptors_sup}. Started: id={acceptor,<0.1097.0>,62},pid=<0.1159.0>.
2026-09-11 20:30:05.648563+09:00 [info] <0.1097.0>@supervisor:report_progress/2:1582 Supervisor: {<0.1097.0>,ranch_acceptors_sup}. Started: id={acceptor,<0.1097.0>,63},pid=<0.1160.0>.
2026-09-11 20:30:05.648646+09:00 [info] <0.1097.0>@supervisor:report_progress/2:1582 Supervisor: {<0.1097.0>,ranch_acceptors_sup}. Started: id={acceptor,<0.1097.0>,64},pid=<0.1161.0>.
2026-09-11 20:30:05.648731+09:00 [info] <0.1097.0>@supervisor:report_progress/2:1582 Supervisor: {<0.1097.0>,ranch_acceptors_sup}. Started: id={acceptor,<0.1097.0>,65},pid=<0.1162.0>.
2026-09-11 20:30:05.648819+09:00 [info] <0.1097.0>@supervisor:report_progress/2:1582 Supervisor: {<0.1097.0>,ranch_acceptors_sup}. Started: id={acceptor,<0.1097.0>,66},pid=<0.1163.0>.
2026-09-11 20:30:05.648882+09:00 [info] <0.1097.0>@supervisor:report_progress/2:1582 Supervisor: {<0.1097.0>,ranch_acceptors_sup}. Started: id={acceptor,<0.1097.0>,67},pid=<0.1164.0>.
2026-09-11 20:30:05.648923+09:00 [info] <0.1097.0>@supervisor:report_progress/2:1582 Supervisor: {<0.1097.0>,ranch_acceptors_sup}. Started: id={acceptor,<0.1097.0>,68},pid=<0.1165.0>.
2026-09-11 20:30:05.648973+09:00 [info] <0.1097.0>@supervisor:report_progress/2:1582 Supervisor: {<0.1097.0>,ranch_acceptors_sup}. Started: id={acceptor,<0.1097.0>,69},pid=<0.1166.0>.
2026-09-11 20:30:05.649014+09:00 [info] <0.1097.0>@supervisor:report_progress/2:1582 Supervisor: {<0.1097.0>,ranch_acceptors_sup}. Started: id={acceptor,<0.1097.0>,70},pid=<0.1167.0>.
2026-09-11 20:30:05.649091+09:00 [info] <0.1097.0>@supervisor:report_progress/2:1582 Supervisor: {<0.1097.0>,ranch_acceptors_sup}. Started: id={acceptor,<0.1097.0>,71},pid=<0.1168.0>.
2026-09-11 20:30:05.649205+09:00 [info] <0.1097.0>@supervisor:report_progress/2:1582 Supervisor: {<0.1097.0>,ranch_acceptors_sup}. Started: id={acceptor,<0.1097.0>,72},pid=<0.1169.0>.
2026-09-11 20:30:05.649267+09:00 [info] <0.1097.0>@supervisor:report_progress/2:1582 Supervisor: {<0.1097.0>,ranch_acceptors_sup}. Started: id={acceptor,<0.1097.0>,73},pid=<0.1170.0>.
2026-09-11 20:30:05.649326+09:00 [info] <0.1097.0>@supervisor:report_progress/2:1582 Supervisor: {<0.1097.0>,ranch_acceptors_sup}. Started: id={acceptor,<0.1097.0>,74},pid=<0.1171.0>.
2026-09-11 20:30:05.649371+09:00 [info] <0.1097.0>@supervisor:report_progress/2:1582 Supervisor: {<0.1097.0>,ranch_acceptors_sup}. Started: id={acceptor,<0.1097.0>,75},pid=<0.1172.0>.
2026-09-11 20:30:05.649427+09:00 [info] <0.1097.0>@supervisor:report_progress/2:1582 Supervisor: {<0.1097.0>,ranch_acceptors_sup}. Started: id={acceptor,<0.1097.0>,76},pid=<0.1173.0>.
2026-09-11 20:30:05.649560+09:00 [info] <0.1097.0>@supervisor:report_progress/2:1582 Supervisor: {<0.1097.0>,ranch_acceptors_sup}. Started: id={acceptor,<0.1097.0>,77},pid=<0.1174.0>.
2026-09-11 20:30:05.649618+09:00 [info] <0.1097.0>@supervisor:report_progress/2:1582 Supervisor: {<0.1097.0>,ranch_acceptors_sup}. Started: id={acceptor,<0.1097.0>,78},pid=<0.1175.0>.
2026-09-11 20:30:05.649705+09:00 [info] <0.1097.0>@supervisor:report_progress/2:1582 Supervisor: {<0.1097.0>,ranch_acceptors_sup}. Started: id={acceptor,<0.1097.0>,79},pid=<0.1176.0>.
2026-09-11 20:30:05.649752+09:00 [info] <0.1097.0>@supervisor:report_progress/2:1582 Supervisor: {<0.1097.0>,ranch_acceptors_sup}. Started: id={acceptor,<0.1097.0>,80},pid=<0.1177.0>.
2026-09-11 20:30:05.649811+09:00 [info] <0.1097.0>@supervisor:report_progress/2:1582 Supervisor: {<0.1097.0>,ranch_acceptors_sup}. Started: id={acceptor,<0.1097.0>,81},pid=<0.1178.0>.
2026-09-11 20:30:05.649886+09:00 [info] <0.1097.0>@supervisor:report_progress/2:1582 Supervisor: {<0.1097.0>,ranch_acceptors_sup}. Started: id={acceptor,<0.1097.0>,82},pid=<0.1179.0>.
2026-09-11 20:30:05.649938+09:00 [info] <0.1097.0>@supervisor:report_progress/2:1582 Supervisor: {<0.1097.0>,ranch_acceptors_sup}. Started: id={acceptor,<0.1097.0>,83},pid=<0.1180.0>.
2026-09-11 20:30:05.649993+09:00 [info] <0.1097.0>@supervisor:report_progress/2:1582 Supervisor: {<0.1097.0>,ranch_acceptors_sup}. Started: id={acceptor,<0.1097.0>,84},pid=<0.1181.0>.
2026-09-11 20:30:05.650032+09:00 [info] <0.1097.0>@supervisor:report_progress/2:1582 Supervisor: {<0.1097.0>,ranch_acceptors_sup}. Started: id={acceptor,<0.1097.0>,85},pid=<0.1182.0>.
2026-09-11 20:30:05.650080+09:00 [info] <0.1097.0>@supervisor:report_progress/2:1582 Supervisor: {<0.1097.0>,ranch_acceptors_sup}. Started: id={acceptor,<0.1097.0>,86},pid=<0.1183.0>.
2026-09-11 20:30:05.650135+09:00 [info] <0.1097.0>@supervisor:report_progress/2:1582 Supervisor: {<0.1097.0>,ranch_acceptors_sup}. Started: id={acceptor,<0.1097.0>,87},pid=<0.1184.0>.
2026-09-11 20:30:05.650173+09:00 [info] <0.1097.0>@supervisor:report_progress/2:1582 Supervisor: {<0.1097.0>,ranch_acceptors_sup}. Started: id={acceptor,<0.1097.0>,88},pid=<0.1185.0>.
2026-09-11 20:30:05.650220+09:00 [info] <0.1097.0>@supervisor:report_progress/2:1582 Supervisor: {<0.1097.0>,ranch_acceptors_sup}. Started: id={acceptor,<0.1097.0>,89},pid=<0.1186.0>.
2026-09-11 20:30:05.650262+09:00 [info] <0.1097.0>@supervisor:report_progress/2:1582 Supervisor: {<0.1097.0>,ranch_acceptors_sup}. Started: id={acceptor,<0.1097.0>,90},pid=<0.1187.0>.
2026-09-11 20:30:05.650313+09:00 [info] <0.1097.0>@supervisor:report_progress/2:1582 Supervisor: {<0.1097.0>,ranch_acceptors_sup}. Started: id={acceptor,<0.1097.0>,91},pid=<0.1188.0>.
2026-09-11 20:30:05.650364+09:00 [info] <0.1097.0>@supervisor:report_progress/2:1582 Supervisor: {<0.1097.0>,ranch_acceptors_sup}. Started: id={acceptor,<0.1097.0>,92},pid=<0.1189.0>.
2026-09-11 20:30:05.650411+09:00 [info] <0.1097.0>@supervisor:report_progress/2:1582 Supervisor: {<0.1097.0>,ranch_acceptors_sup}. Started: id={acceptor,<0.1097.0>,93},pid=<0.1190.0>.
2026-09-11 20:30:05.650475+09:00 [info] <0.1097.0>@supervisor:report_progress/2:1582 Supervisor: {<0.1097.0>,ranch_acceptors_sup}. Started: id={acceptor,<0.1097.0>,94},pid=<0.1191.0>.
2026-09-11 20:30:05.650514+09:00 [info] <0.1097.0>@supervisor:report_progress/2:1582 Supervisor: {<0.1097.0>,ranch_acceptors_sup}. Started: id={acceptor,<0.1097.0>,95},pid=<0.1192.0>.
2026-09-11 20:30:05.650565+09:00 [info] <0.1097.0>@supervisor:report_progress/2:1582 Supervisor: {<0.1097.0>,ranch_acceptors_sup}. Started: id={acceptor,<0.1097.0>,96},pid=<0.1193.0>.
2026-09-11 20:30:05.650619+09:00 [info] <0.1097.0>@supervisor:report_progress/2:1582 Supervisor: {<0.1097.0>,ranch_acceptors_sup}. Started: id={acceptor,<0.1097.0>,97},pid=<0.1194.0>.
2026-09-11 20:30:05.650661+09:00 [info] <0.1097.0>@supervisor:report_progress/2:1582 Supervisor: {<0.1097.0>,ranch_acceptors_sup}. Started: id={acceptor,<0.1097.0>,98},pid=<0.1195.0>.
2026-09-11 20:30:05.650711+09:00 [info] <0.1097.0>@supervisor:report_progress/2:1582 Supervisor: {<0.1097.0>,ranch_acceptors_sup}. Started: id={acceptor,<0.1097.0>,99},pid=<0.1196.0>.
2026-09-11 20:30:05.650753+09:00 [info] <0.1097.0>@supervisor:report_progress/2:1582 Supervisor: {<0.1097.0>,ranch_acceptors_sup}. Started: id={acceptor,<0.1097.0>,100},pid=<0.1197.0>.
2026-09-11 20:30:05.650806+09:00 [info] <0.979.0>@supervisor:report_progress/2:1582 Supervisor: {<0.979.0>,ranch_listener_sup}. Started: id=ranch_acceptors_sup,pid=<0.1097.0>.
2026-09-11 20:30:05.650924+09:00 [info] <0.617.0>@supervisor:report_progress/2:1582 Supervisor: {local,ranch_sup}. Started: id={ranch_listener_sup,{[49,50,55,46,48,46,48,46,49],9080}},pid=<0.979.0>.
2026-09-11 20:30:05.651054+09:00 [info] <0.977.0>@riak_core_service_mgr:start_dispatcher/3:524 Service manager: listening on 127.0.0.1:9080
2026-09-11 20:30:05.651146+09:00 [info] <0.976.0>@supervisor:report_progress/2:1582 Supervisor: {local,riak_core_cluster_mgr_sup}. Started: id=riak_core_service_mgr,pid=<0.977.0>.
2026-09-11 20:30:05.653732+09:00 [info] <0.976.0>@supervisor:report_progress/2:1582 Supervisor: {local,riak_core_cluster_mgr_sup}. Started: id=riak_core_connection_mgr,pid=<0.1198.0>.
2026-09-11 20:30:05.655895+09:00 [info] <0.976.0>@supervisor:report_progress/2:1582 Supervisor: {local,riak_core_cluster_mgr_sup}. Started: id=riak_core_cluster_conn_sup,pid=<0.1199.0>.
2026-09-11 20:30:05.658548+09:00 [info] <0.1200.0>@riak_core_cluster_mgr:become_leader/2:706 ClusterManager: 'openriak-kv@node-01.cluster-a.openriak' becoming the leader
2026-09-11 20:30:05.658646+09:00 [info] <0.976.0>@supervisor:report_progress/2:1582 Supervisor: {local,riak_core_cluster_mgr_sup}. Started: id=riak_repl_cluster_mgr,pid=<0.1200.0>.
2026-09-11 20:30:05.660531+09:00 [info] <0.1201.0>@riak_core_tcp_mon:init/1:167 Starting TCP Monitor
2026-09-11 20:30:05.660791+09:00 [info] <0.976.0>@supervisor:report_progress/2:1582 Supervisor: {local,riak_core_cluster_mgr_sup}. Started: id=riak_core_tcp_mon,pid=<0.1201.0>.
2026-09-11 20:30:05.661128+09:00 [info] <0.968.0>@supervisor:report_progress/2:1582 Supervisor: {local,riak_repl_sup}. Started: id=riak_core_cluster_mgr_sup,pid=<0.976.0>.
2026-09-11 20:30:05.662900+09:00 [info] <0.968.0>@supervisor:report_progress/2:1582 Supervisor: {local,riak_repl_sup}. Started: id=riak_repl2_fs_node_reserver,pid=<0.1202.0>.
2026-09-11 20:30:05.666800+09:00 [info] <0.1204.0>@supervisor:report_progress/2:1582 Supervisor: {local,riak_repl2_rtsource_sup}. Started: id=riak_repl2_rtq,pid=<0.1205.0>.
2026-09-11 20:30:05.668103+09:00 [info] <0.1204.0>@supervisor:report_progress/2:1582 Supervisor: {local,riak_repl2_rtsource_sup}. Started: id=riak_repl2_rtq_overload_counter,pid=<0.1206.0>.
2026-09-11 20:30:05.670719+09:00 [info] <0.1204.0>@supervisor:report_progress/2:1582 Supervisor: {local,riak_repl2_rtsource_sup}. Started: id=riak_repl2_rtsource_conn_sup,pid=<0.1207.0>.
2026-09-11 20:30:05.670865+09:00 [info] <0.1203.0>@supervisor:report_progress/2:1582 Supervisor: {local,riak_repl2_rt_sup}. Started: id=riak_repl2_rtsource_sup,pid=<0.1204.0>.
2026-09-11 20:30:05.673294+09:00 [info] <0.1208.0>@supervisor:report_progress/2:1582 Supervisor: {local,riak_repl2_rtsink_sup}. Started: id=riak_repl2_rtsink_pool,pid=<0.1209.0>.
2026-09-11 20:30:05.674400+09:00 [info] <0.1208.0>@supervisor:report_progress/2:1582 Supervisor: {local,riak_repl2_rtsink_sup}. Started: id=riak_repl2_rtsink_conn_sup,pid=<0.1216.0>.
2026-09-11 20:30:05.674500+09:00 [info] <0.1203.0>@supervisor:report_progress/2:1582 Supervisor: {local,riak_repl2_rt_sup}. Started: id=riak_repl2_rtsink_sup,pid=<0.1208.0>.
2026-09-11 20:30:05.674558+09:00 [info] <0.1203.0>@supervisor:report_progress/2:1582 Supervisor: {local,riak_repl2_rt_sup}. Started: id=riak_repl2_rt,pid=<0.1217.0>.
2026-09-11 20:30:05.674601+09:00 [info] <0.968.0>@supervisor:report_progress/2:1582 Supervisor: {local,riak_repl_sup}. Started: id=riak_repl2_rt_sup,pid=<0.1203.0>.
2026-09-11 20:30:05.676337+09:00 [info] <0.968.0>@supervisor:report_progress/2:1582 Supervisor: {local,riak_repl_sup}. Started: id=riak_repl2_fscoordinator_sup,pid=<0.1218.0>.
2026-09-11 20:30:05.677432+09:00 [info] <0.968.0>@supervisor:report_progress/2:1582 Supervisor: {local,riak_repl_sup}. Started: id=riak_repl2_fscoordinator_serv_sup,pid=<0.1219.0>.
2026-09-11 20:30:05.678460+09:00 [info] <0.968.0>@supervisor:report_progress/2:1582 Supervisor: {local,riak_repl_sup}. Started: id=riak_repl2_fssource_sup,pid=<0.1220.0>.
2026-09-11 20:30:05.679761+09:00 [info] <0.968.0>@supervisor:report_progress/2:1582 Supervisor: {local,riak_repl_sup}. Started: id=riak_repl2_fssink_pool,pid=<0.1221.0>.
2026-09-11 20:30:05.680591+09:00 [info] <0.968.0>@supervisor:report_progress/2:1582 Supervisor: {local,riak_repl_sup}. Started: id=riak_repl2_fssink_sup,pid=<0.1228.0>.
2026-09-11 20:30:05.681612+09:00 [info] <0.968.0>@supervisor:report_progress/2:1582 Supervisor: {local,riak_repl_sup}. Started: id=riak_repl2_pg_proxy_sup,pid=<0.1229.0>.
2026-09-11 20:30:05.685688+09:00 [info] <0.1232.0>@supervisor:report_progress/2:1582 Supervisor: {local,riak_repl2_pg_sup}. Started: id=riak_repl2_pg_block_provider_sup,pid=<0.1233.0>.
2026-09-11 20:30:05.688525+09:00 [info] <0.1232.0>@supervisor:report_progress/2:1582 Supervisor: {local,riak_repl2_pg_sup}. Started: id=riak_repl2_pg_block_requester_sup,pid=<0.1235.0>.
2026-09-11 20:30:05.688719+09:00 [info] <0.1232.0>@supervisor:report_progress/2:1582 Supervisor: {local,riak_repl2_pg_sup}. Started: id=riak_repl2_pg,pid=<0.1236.0>.
2026-09-11 20:30:05.688814+09:00 [info] <0.968.0>@supervisor:report_progress/2:1582 Supervisor: {local,riak_repl_sup}. Started: id=riak_repl2_pg_sup,pid=<0.1232.0>.
2026-09-11 20:30:05.694222+09:00 [info] <0.250.0>@supervisor:report_progress/2:1582 Supervisor: {local,riak_core_stats_sup}. Started: id=riak_core_connection_mgr_stats,pid=<0.1237.0>.
2026-09-11 20:30:05.706954+09:00 [info] <0.250.0>@supervisor:report_progress/2:1582 Supervisor: {local,riak_core_stats_sup}. Started: id=riak_repl_stats,pid=<0.1238.0>.
2026-09-11 20:30:05.721602+09:00 [info] <0.216.0>@supervisor:report_progress/2:1582 Supervisor: {local,riak_core_eventhandler_sup}. Started: id={riak_core_ring_events,riak_repl_ring_handler},pid=<0.1239.0>.
2026-09-11 20:30:05.732249+09:00 [info] <0.44.0>@application_controller:info_started/2:2130 Application: riak_repl. Started at: 'openriak-kv@node-01.cluster-a.openriak'.
2026-09-11 20:30:05.732484+09:00 [info] <0.44.0>@application_controller:info_started/2:2130 Application: canola. Started at: 'openriak-kv@node-01.cluster-a.openriak'.
2026-09-11 20:30:05.748710+09:00 [info] <0.44.0>@application_controller:info_started/2:2130 Application: riak_auth_mods. Started at: 'openriak-kv@node-01.cluster-a.openriak'.
2026-09-11 20:30:05.749006+09:00 [info] <0.44.0>@application_controller:info_started/2:2130 Application: riak_logger. Started at: 'openriak-kv@node-01.cluster-a.openriak'.
2026-09-11 20:30:11.043568+09:00 [info] <0.778.0>@leveled_monitor:handle_cast/2:668 log_ref=b0018 db_id=7 Positive HEAD responses timed with sample_count=1 and cache_count=0 found_count=0 fetch_ledger_time=0 fetch_ledgercache_time=0 rsp_time=0 notfound_time=823 with sample_period=5 seconds
2026-09-11 20:30:11.615482+09:00 [info] <0.621.0>@riak_repl_app:prep_stop/1:336 Redirecting realtime replication traffic
2026-09-11 20:30:11.618970+09:00 [info] <0.85.0>@supervisor:report_progress/2:1582 Supervisor: {local,kernel_safe_sup}. Started: id=riak_repl2_rtq_proxy,pid=<0.1346.0>.
2026-09-11 20:30:11.619322+09:00 [info] <0.621.0>@riak_repl_app:prep_stop/1:339 Stopping application riak_repl - marked service down.
2026-09-11 20:30:11.624551+09:00 [info] <0.1347.0>@riak_repl_migration:init/1:33 Riak replication migration server started
2026-09-11 20:30:11.624795+09:00 [info] <0.621.0>@riak_repl_app:prep_stop/1:343 Started migration server
2026-09-11 20:30:11.624956+09:00 [info] <0.1347.0>@riak_repl_migration:handle_call/3:37 Realtime Repl queue migration sleeping
2026-09-11 20:30:11.725590+09:00 [info] <0.1347.0>@riak_repl_migration:handle_info/2:50 Queue empty, no replication queue migration required
2026-09-11 20:30:12.727747+09:00 [info] <0.621.0>@riak_repl_app:stop/1:139 Stopped application riak_repl
2026-09-11 20:30:12.732391+09:00 [info] <0.353.0>@riak_kv_app:prep_stop/1:275 Stopping application riak_kv - marked service down.
2026-09-11 20:30:12.732892+09:00 [info] <0.353.0>@riak_kv_app:prep_stop/1:279 Unregistered pb services
2026-09-11 20:30:12.734632+09:00 [info] <0.353.0>@riak_kv_app:prep_stop/1:284 unregistered webmachine routes
2026-09-11 20:30:12.734867+09:00 [info] <0.353.0>@riak_kv_app:prep_stop/1:286 all active put FSMs completed
2026-09-11 20:30:12.735469+09:00 [info] <0.353.0>@riak_kv_app:stop/1:297 Stopped  application riak_kv.
2026-09-11 20:30:12.739788+09:00 [info] <0.785.0>@leveled_inker:handle_call/3:784 log_ref=i0005 db_id=1 Inker closing journal for reason close
2026-09-11 20:30:12.739844+09:00 [info] <0.786.0>@leveled_inker:handle_call/3:784 log_ref=i0005 db_id=7 Inker closing journal for reason close
2026-09-11 20:30:12.739808+09:00 [info] <0.789.0>@leveled_inker:handle_call/3:784 log_ref=i0005 db_id=5 Inker closing journal for reason close
2026-09-11 20:30:12.739816+09:00 [info] <0.783.0>@leveled_inker:handle_call/3:784 log_ref=i0005 db_id=0 Inker closing journal for reason close
2026-09-11 20:30:12.739823+09:00 [info] <0.790.0>@leveled_inker:handle_call/3:784 log_ref=i0005 db_id=2 Inker closing journal for reason close
2026-09-11 20:30:12.739887+09:00 [info] <0.785.0>@leveled_inker:handle_call/3:786 log_ref=i0006 db_id=1 Close triggered with journal_sqn=1 and manifest_sqn=2
2026-09-11 20:30:12.739878+09:00 [info] <0.788.0>@leveled_inker:handle_call/3:784 log_ref=i0005 db_id=6 Inker closing journal for reason close
2026-09-11 20:30:12.739917+09:00 [info] <0.790.0>@leveled_inker:handle_call/3:786 log_ref=i0006 db_id=2 Close triggered with journal_sqn=0 and manifest_sqn=2
2026-09-11 20:30:12.739940+09:00 [info] <0.784.0>@leveled_inker:handle_call/3:784 log_ref=i0005 db_id=4 Inker closing journal for reason close
2026-09-11 20:30:12.739910+09:00 [info] <0.786.0>@leveled_inker:handle_call/3:786 log_ref=i0006 db_id=7 Close triggered with journal_sqn=1 and manifest_sqn=2
2026-09-11 20:30:12.739922+09:00 [info] <0.783.0>@leveled_inker:handle_call/3:786 log_ref=i0006 db_id=0 Close triggered with journal_sqn=1 and manifest_sqn=2
2026-09-11 20:30:12.739925+09:00 [info] <0.789.0>@leveled_inker:handle_call/3:786 log_ref=i0006 db_id=5 Close triggered with journal_sqn=0 and manifest_sqn=2
2026-09-11 20:30:12.739949+09:00 [info] <0.785.0>@leveled_inker:shutdown_manifest/1:1040 log_ref=i0007 db_id=1 Inker manifest when closing is:
2026-09-11 20:30:12.739961+09:00 [info] <0.784.0>@leveled_inker:handle_call/3:786 log_ref=i0006 db_id=4 Close triggered with journal_sqn=0 and manifest_sqn=2
2026-09-11 20:30:12.739915+09:00 [info] <0.787.0>@leveled_inker:handle_call/3:784 log_ref=i0005 db_id=3 Inker closing journal for reason close
2026-09-11 20:30:12.739999+09:00 [info] <0.783.0>@leveled_inker:shutdown_manifest/1:1040 log_ref=i0007 db_id=0 Inker manifest when closing is:
2026-09-11 20:30:12.739974+09:00 [info] <0.790.0>@leveled_inker:shutdown_manifest/1:1040 log_ref=i0007 db_id=2 Inker manifest when closing is:
2026-09-11 20:30:12.740009+09:00 [info] <0.786.0>@leveled_inker:shutdown_manifest/1:1040 log_ref=i0007 db_id=7 Inker manifest when closing is:
2026-09-11 20:30:12.740014+09:00 [info] <0.787.0>@leveled_inker:handle_call/3:786 log_ref=i0006 db_id=3 Close triggered with journal_sqn=0 and manifest_sqn=2
2026-09-11 20:30:12.739954+09:00 [info] <0.788.0>@leveled_inker:handle_call/3:786 log_ref=i0006 db_id=6 Close triggered with journal_sqn=0 and manifest_sqn=2
2026-09-11 20:30:12.740038+09:00 [info] <0.784.0>@leveled_inker:shutdown_manifest/1:1040 log_ref=i0007 db_id=4 Inker manifest when closing is:
2026-09-11 20:30:12.740072+09:00 [info] <0.788.0>@leveled_inker:shutdown_manifest/1:1040 log_ref=i0007 db_id=6 Inker manifest when closing is:
2026-09-11 20:30:12.740071+09:00 [info] <0.787.0>@leveled_inker:shutdown_manifest/1:1040 log_ref=i0007 db_id=3 Inker manifest when closing is:
2026-09-11 20:30:12.740013+09:00 [info] <0.789.0>@leveled_inker:shutdown_manifest/1:1040 log_ref=i0007 db_id=5 Inker manifest when closing is:
2026-09-11 20:30:12.740157+09:00 [info] <0.825.0>@leveled_pclerk:terminate/2:178 log_ref=pc005 db_id=2 Penciller's Clerk <0.825.0> shutdown now complete for reason normal
2026-09-11 20:30:12.740184+09:00 [info] <0.819.0>@leveled_pclerk:terminate/2:178 log_ref=pc005 db_id=6 Penciller's Clerk <0.819.0> shutdown now complete for reason normal
2026-09-11 20:30:12.740184+09:00 [info] <0.826.0>@leveled_pclerk:terminate/2:178 log_ref=pc005 db_id=0 Penciller's Clerk <0.826.0> shutdown now complete for reason normal
2026-09-11 20:30:12.740203+09:00 [info] <0.820.0>@leveled_pclerk:terminate/2:178 log_ref=pc005 db_id=7 Penciller's Clerk <0.820.0> shutdown now complete for reason normal
2026-09-11 20:30:12.740195+09:00 [info] <0.822.0>@leveled_pclerk:terminate/2:178 log_ref=pc005 db_id=3 Penciller's Clerk <0.822.0> shutdown now complete for reason normal
2026-09-11 20:30:12.740216+09:00 [info] <0.823.0>@leveled_pclerk:terminate/2:178 log_ref=pc005 db_id=4 Penciller's Clerk <0.823.0> shutdown now complete for reason normal
2026-09-11 20:30:12.740268+09:00 [info] <0.817.0>@leveled_penciller:handle_call/3:1072 log_ref=p0008 db_id=0 Penciller closing for reason close
2026-09-11 20:30:12.740246+09:00 [info] <0.818.0>@leveled_penciller:handle_call/3:1072 log_ref=p0008 db_id=6 Penciller closing for reason close
2026-09-11 20:30:12.740294+09:00 [info] <0.814.0>@leveled_penciller:handle_call/3:1072 log_ref=p0008 db_id=4 Penciller closing for reason close
2026-09-11 20:30:12.740278+09:00 [info] <0.815.0>@leveled_penciller:handle_call/3:1072 log_ref=p0008 db_id=3 Penciller closing for reason close
2026-09-11 20:30:12.740239+09:00 [info] <0.812.0>@leveled_penciller:handle_call/3:1072 log_ref=p0008 db_id=2 Penciller closing for reason close
2026-09-11 20:30:12.740333+09:00 [info] <0.814.0>@leveled_penciller:handle_call/3:1088 log_ref=p0010 db_id=4 level zero discarded_count=0 on close of Penciller
2026-09-11 20:30:12.740328+09:00 [info] <0.818.0>@leveled_penciller:handle_call/3:1088 log_ref=p0010 db_id=6 level zero discarded_count=0 on close of Penciller
2026-09-11 20:30:12.740250+09:00 [info] <0.824.0>@leveled_pclerk:terminate/2:178 log_ref=pc005 db_id=5 Penciller's Clerk <0.824.0> shutdown now complete for reason normal
2026-09-11 20:30:12.740277+09:00 [info] <0.811.0>@leveled_penciller:handle_call/3:1072 log_ref=p0008 db_id=7 Penciller closing for reason close
2026-09-11 20:30:12.740338+09:00 [info] <0.815.0>@leveled_penciller:handle_call/3:1088 log_ref=p0010 db_id=3 level zero discarded_count=0 on close of Penciller
2026-09-11 20:30:12.740310+09:00 [info] <0.817.0>@leveled_penciller:handle_call/3:1088 log_ref=p0010 db_id=0 level zero discarded_count=0 on close of Penciller
2026-09-11 20:30:12.740394+09:00 [info] <0.811.0>@leveled_penciller:handle_call/3:1088 log_ref=p0010 db_id=7 level zero discarded_count=0 on close of Penciller
2026-09-11 20:30:12.740409+09:00 [info] <0.813.0>@leveled_penciller:handle_call/3:1072 log_ref=p0008 db_id=5 Penciller closing for reason close
2026-09-11 20:30:12.740341+09:00 [info] <0.812.0>@leveled_penciller:handle_call/3:1088 log_ref=p0010 db_id=2 level zero discarded_count=0 on close of Penciller
2026-09-11 20:30:12.740418+09:00 [info] <0.769.0>@leveled_bookie:terminate/2:1827 log_ref=b0003 db_id=3 Bookie closing for reason normal
2026-09-11 20:30:12.740451+09:00 [info] <0.774.0>@leveled_bookie:terminate/2:1827 log_ref=b0003 db_id=7 Bookie closing for reason normal
2026-09-11 20:30:12.740426+09:00 [info] <0.767.0>@leveled_bookie:terminate/2:1827 log_ref=b0003 db_id=6 Bookie closing for reason normal
2026-09-11 20:30:12.740442+09:00 [info] <0.813.0>@leveled_penciller:handle_call/3:1088 log_ref=p0010 db_id=5 level zero discarded_count=0 on close of Penciller
2026-09-11 20:30:12.740449+09:00 [info] <0.771.0>@leveled_bookie:terminate/2:1827 log_ref=b0003 db_id=0 Bookie closing for reason normal
2026-09-11 20:30:12.740473+09:00 [info] <0.772.0>@leveled_bookie:terminate/2:1827 log_ref=b0003 db_id=2 Bookie closing for reason normal
2026-09-11 20:30:12.740434+09:00 [info] <0.768.0>@leveled_bookie:terminate/2:1827 log_ref=b0003 db_id=4 Bookie closing for reason normal
2026-09-11 20:30:12.740537+09:00 [info] <0.770.0>@leveled_bookie:terminate/2:1827 log_ref=b0003 db_id=5 Bookie closing for reason normal
2026-09-11 20:30:12.740791+09:00 [info] <0.821.0>@leveled_pclerk:terminate/2:178 log_ref=pc005 db_id=1 Penciller's Clerk <0.821.0> shutdown now complete for reason normal
2026-09-11 20:30:12.740851+09:00 [info] <0.816.0>@leveled_penciller:handle_call/3:1072 log_ref=p0008 db_id=1 Penciller closing for reason close
2026-09-11 20:30:12.740916+09:00 [info] <0.816.0>@leveled_penciller:handle_call/3:1088 log_ref=p0010 db_id=1 level zero discarded_count=0 on close of Penciller
2026-09-11 20:30:12.741015+09:00 [info] <0.773.0>@leveled_bookie:terminate/2:1827 log_ref=b0003 db_id=1 Bookie closing for reason normal
2026-09-11 20:30:12.784140+09:00 [info] <0.871.0>@aae_treecache:save_to_disk/3:403 log_ref=c0003 Saving tree cache to path /var/lib/riak/tictac_aae/0/aaetree/0_3/ and filename 1.pnd
2026-09-11 20:30:12.784830+09:00 [info] <0.873.0>@aae_treecache:save_to_disk/3:403 log_ref=c0003 Saving tree cache to path /var/lib/riak/tictac_aae/365375409332725729550921208179070754913983135744/aaetree/365375409332725729550921208179070754913983135744_3/ and filename 1.pnd
2026-09-11 20:30:12.791021+09:00 [info] <0.867.0>@aae_treecache:save_to_disk/3:403 log_ref=c0003 Saving tree cache to path /var/lib/riak/tictac_aae/548063113999088594326381812268606132370974703616/aaetree/548063113999088594326381812268606132370974703616_3/ and filename 1.pnd
2026-09-11 20:30:12.798128+09:00 [info] <0.872.0>@aae_treecache:save_to_disk/3:403 log_ref=c0003 Saving tree cache to path /var/lib/riak/tictac_aae/730750818665451459101842416358141509827966271488/aaetree/730750818665451459101842416358141509827966271488_3/ and filename 1.pnd
2026-09-11 20:30:12.799245+09:00 [info] <0.869.0>@aae_treecache:save_to_disk/3:403 log_ref=c0003 Saving tree cache to path /var/lib/riak/tictac_aae/913438523331814323877303020447676887284957839360/aaetree/913438523331814323877303020447676887284957839360_3/ and filename 1.pnd
2026-09-11 20:30:12.808585+09:00 [info] <0.874.0>@aae_treecache:save_to_disk/3:403 log_ref=c0003 Saving tree cache to path /var/lib/riak/tictac_aae/182687704666362864775460604089535377456991567872/aaetree/182687704666362864775460604089535377456991567872_3/ and filename 1.pnd
2026-09-11 20:30:12.809961+09:00 [info] <0.868.0>@aae_treecache:save_to_disk/3:403 log_ref=c0003 Saving tree cache to path /var/lib/riak/tictac_aae/1096126227998177188652763624537212264741949407232/aaetree/1096126227998177188652763624537212264741949407232_3/ and filename 1.pnd
2026-09-11 20:30:12.812958+09:00 [info] <0.870.0>@aae_treecache:save_to_disk/3:403 log_ref=c0003 Saving tree cache to path /var/lib/riak/tictac_aae/1278813932664540053428224228626747642198940975104/aaetree/1278813932664540053428224228626747642198940975104_3/ and filename 1.pnd
2026-09-11 20:30:12.826785+09:00 [info] <0.863.0>@aae_treecache:save_to_disk/3:403 log_ref=c0003 Saving tree cache to path /var/lib/riak/tictac_aae/0/aaetree/1278813932664540053428224228626747642198940975104_3/ and filename 1.pnd
2026-09-11 20:30:12.828935+09:00 [info] <0.864.0>@aae_treecache:save_to_disk/3:403 log_ref=c0003 Saving tree cache to path /var/lib/riak/tictac_aae/365375409332725729550921208179070754913983135744/aaetree/182687704666362864775460604089535377456991567872_3/ and filename 1.pnd
2026-09-11 20:30:12.848989+09:00 [info] <0.860.0>@aae_treecache:save_to_disk/3:403 log_ref=c0003 Saving tree cache to path /var/lib/riak/tictac_aae/913438523331814323877303020447676887284957839360/aaetree/730750818665451459101842416358141509827966271488_3/ and filename 1.pnd
2026-09-11 20:30:12.850201+09:00 [info] <0.859.0>@aae_treecache:save_to_disk/3:403 log_ref=c0003 Saving tree cache to path /var/lib/riak/tictac_aae/548063113999088594326381812268606132370974703616/aaetree/365375409332725729550921208179070754913983135744_3/ and filename 1.pnd
2026-09-11 20:30:12.850362+09:00 [info] <0.861.0>@aae_treecache:save_to_disk/3:403 log_ref=c0003 Saving tree cache to path /var/lib/riak/tictac_aae/1096126227998177188652763624537212264741949407232/aaetree/913438523331814323877303020447676887284957839360_3/ and filename 1.pnd
2026-09-11 20:30:12.854686+09:00 [info] <0.865.0>@aae_treecache:save_to_disk/3:403 log_ref=c0003 Saving tree cache to path /var/lib/riak/tictac_aae/730750818665451459101842416358141509827966271488/aaetree/548063113999088594326381812268606132370974703616_3/ and filename 1.pnd
2026-09-11 20:30:12.857711+09:00 [info] <0.866.0>@aae_treecache:save_to_disk/3:403 log_ref=c0003 Saving tree cache to path /var/lib/riak/tictac_aae/182687704666362864775460604089535377456991567872/aaetree/0_3/ and filename 1.pnd
2026-09-11 20:30:12.876735+09:00 [info] <0.855.0>@aae_treecache:save_to_disk/3:403 log_ref=c0003 Saving tree cache to path /var/lib/riak/tictac_aae/0/aaetree/1096126227998177188652763624537212264741949407232_3/ and filename 1.pnd
2026-09-11 20:30:12.880022+09:00 [info] <0.862.0>@aae_treecache:save_to_disk/3:403 log_ref=c0003 Saving tree cache to path /var/lib/riak/tictac_aae/1278813932664540053428224228626747642198940975104/aaetree/1096126227998177188652763624537212264741949407232_3/ and filename 1.pnd
2026-09-11 20:30:12.880518+09:00 [info] <0.858.0>@aae_treecache:save_to_disk/3:403 log_ref=c0003 Saving tree cache to path /var/lib/riak/tictac_aae/365375409332725729550921208179070754913983135744/aaetree/0_3/ and filename 1.pnd
2026-09-11 20:30:12.897149+09:00 [info] <0.851.0>@aae_treecache:save_to_disk/3:403 log_ref=c0003 Saving tree cache to path /var/lib/riak/tictac_aae/548063113999088594326381812268606132370974703616/aaetree/182687704666362864775460604089535377456991567872_3/ and filename 1.pnd
2026-09-11 20:30:12.900641+09:00 [info] <0.852.0>@aae_treecache:save_to_disk/3:403 log_ref=c0003 Saving tree cache to path /var/lib/riak/tictac_aae/913438523331814323877303020447676887284957839360/aaetree/548063113999088594326381812268606132370974703616_3/ and filename 1.pnd
2026-09-11 20:30:12.901556+09:00 [info] <0.856.0>@aae_treecache:save_to_disk/3:403 log_ref=c0003 Saving tree cache to path /var/lib/riak/tictac_aae/1096126227998177188652763624537212264741949407232/aaetree/730750818665451459101842416358141509827966271488_3/ and filename 1.pnd
2026-09-11 20:30:12.905642+09:00 [info] <0.854.0>@aae_treecache:save_to_disk/3:403 log_ref=c0003 Saving tree cache to path /var/lib/riak/tictac_aae/730750818665451459101842416358141509827966271488/aaetree/365375409332725729550921208179070754913983135744_3/ and filename 1.pnd
2026-09-11 20:30:12.923230+09:00 [info] <0.853.0>@aae_treecache:save_to_disk/3:403 log_ref=c0003 Saving tree cache to path /var/lib/riak/tictac_aae/1278813932664540053428224228626747642198940975104/aaetree/913438523331814323877303020447676887284957839360_3/ and filename 1.pnd
2026-09-11 20:30:12.923252+09:00 [info] <0.857.0>@aae_treecache:save_to_disk/3:403 log_ref=c0003 Saving tree cache to path /var/lib/riak/tictac_aae/182687704666362864775460604089535377456991567872/aaetree/1278813932664540053428224228626747642198940975104_3/ and filename 1.pnd
2026-09-11 20:30:12.925179+09:00 [info] <0.211.0>@riak_core_app:stop/1:118 Stopped  application riak_core.
