2026-09-11 19:54:55.953154+09:00 [info] <0.44.0>@application_controller:info_started/2:2130 Application: kernel. Started at: 'openriak-kv@node-01.cluster-a.openriak'.
2026-09-11 19:54:55.957168+09:00 [info] <0.44.0>@application_controller:info_started/2:2130 Application: stdlib. Started at: 'openriak-kv@node-01.cluster-a.openriak'.
2026-09-11 19:54:55.957276+09:00 [info] <0.44.0>@application_controller:info_started/2:2130 Application: asn1. Started at: 'openriak-kv@node-01.cluster-a.openriak'.
2026-09-11 19:54:55.957391+09:00 [info] <0.44.0>@application_controller:info_started/2:2130 Application: crypto. Started at: 'openriak-kv@node-01.cluster-a.openriak'.
2026-09-11 19:54:55.957470+09:00 [info] <0.44.0>@application_controller:info_started/2:2130 Application: public_key. Started at: 'openriak-kv@node-01.cluster-a.openriak'.
2026-09-11 19:54:55.959878+09:00 [info] <0.77.0>@supervisor:report_progress/2:1582 Supervisor: {local,logger_sup}. Started: id=ssl_handler,pid=<0.96.0>.
2026-09-11 19:54:55.963540+09:00 [info] <0.99.0>@supervisor:report_progress/2:1582 Supervisor: {local,ssl_admin_sup}. Started: id=ssl_pem_cache,pid=<0.100.0>.
2026-09-11 19:54:55.966892+09:00 [info] <0.99.0>@supervisor:report_progress/2:1582 Supervisor: {local,ssl_admin_sup}. Started: id=ssl_manager,pid=<0.101.0>.
2026-09-11 19:54:55.967946+09:00 [info] <0.99.0>@supervisor:report_progress/2:1582 Supervisor: {local,ssl_admin_sup}. Started: id=tls_client_ticket_store,pid=<0.102.0>.
2026-09-11 19:54:55.968074+09:00 [info] <0.98.0>@supervisor:report_progress/2:1582 Supervisor: {local,ssl_sup}. Started: id=ssl_admin_sup,pid=<0.99.0>.
2026-09-11 19:54:55.970405+09:00 [info] <0.104.0>@supervisor:report_progress/2:1582 Supervisor: {local,tls_sup}. Started: id=tls_connection_sup,pid=<0.105.0>.
2026-09-11 19:54:55.972087+09:00 [info] <0.106.0>@supervisor:report_progress/2:1582 Supervisor: {local,tls_server_sup}. Started: id=ssl_listen_tracker_sup,pid=<0.107.0>.
2026-09-11 19:54:55.972721+09:00 [info] <0.106.0>@supervisor:report_progress/2:1582 Supervisor: {local,tls_server_sup}. Started: id=tls_server_session_ticket,pid=<0.108.0>.
2026-09-11 19:54:55.973216+09:00 [info] <0.106.0>@supervisor:report_progress/2:1582 Supervisor: {local,tls_server_sup}. Started: id=ssl_server_session_cache_sup,pid=<0.109.0>.
2026-09-11 19:54:55.973925+09:00 [info] <0.106.0>@supervisor:report_progress/2:1582 Supervisor: {local,tls_server_sup}. Started: id=ssl_upgrade_server_session_cache_sup,pid=<0.110.0>.
2026-09-11 19:54:55.974022+09:00 [info] <0.104.0>@supervisor:report_progress/2:1582 Supervisor: {local,tls_sup}. Started: id=tls_server_sup,pid=<0.106.0>.
2026-09-11 19:54:55.974068+09:00 [info] <0.103.0>@supervisor:report_progress/2:1582 Supervisor: {local,ssl_connection_sup}. Started: id=tls_sup,pid=<0.104.0>.
2026-09-11 19:54:55.975362+09:00 [info] <0.111.0>@supervisor:report_progress/2:1582 Supervisor: {local,dtls_sup}. Started: id=dtls_connection_sup,pid=<0.112.0>.
2026-09-11 19:54:55.976518+09:00 [info] <0.113.0>@supervisor:report_progress/2:1582 Supervisor: {local,dtls_server_sup}. Started: id=dtls_listener_sup,pid=<0.114.0>.
2026-09-11 19:54:55.976982+09:00 [info] <0.113.0>@supervisor:report_progress/2:1582 Supervisor: {local,dtls_server_sup}. Started: id=dtls_server_session_cache_sup,pid=<0.115.0>.
2026-09-11 19:54:55.977047+09:00 [info] <0.111.0>@supervisor:report_progress/2:1582 Supervisor: {local,dtls_sup}. Started: id=dtls_server_sup,pid=<0.113.0>.
2026-09-11 19:54:55.977087+09:00 [info] <0.103.0>@supervisor:report_progress/2:1582 Supervisor: {local,ssl_connection_sup}. Started: id=dtls_sup,pid=<0.111.0>.
2026-09-11 19:54:55.977134+09:00 [info] <0.98.0>@supervisor:report_progress/2:1582 Supervisor: {local,ssl_sup}. Started: id=ssl_connection_sup,pid=<0.103.0>.
2026-09-11 19:54:55.977221+09:00 [info] <0.44.0>@application_controller:info_started/2:2130 Application: ssl. Started at: 'openriak-kv@node-01.cluster-a.openriak'.
2026-09-11 19:54:55.977350+09:00 [info] <0.44.0>@application_controller:info_started/2:2130 Application: hut. Started at: 'openriak-kv@node-01.cluster-a.openriak'.
2026-09-11 19:54:55.980069+09:00 [info] <0.120.0>@supervisor:report_progress/2:1582 Supervisor: {local,setup_sup}. Started: id=setup_srv,pid=<0.121.0>.
2026-09-11 19:54:55.983931+09:00 [notice] <0.121.0>@: Setup running ...
2026-09-11 19:54:55.986344+09:00 [notice] <0.121.0>@: Directories verified. Res = ok
2026-09-11 19:54:55.990938+09:00 [notice] <0.121.0>@: Setup finished processing hooks (Mode=normal)...
2026-09-11 19:54:55.991061+09:00 [info] <0.44.0>@application_controller:info_started/2:2130 Application: setup. Started at: 'openriak-kv@node-01.cluster-a.openriak'.
2026-09-11 19:54:55.991183+09:00 [info] <0.44.0>@application_controller:info_started/2:2130 Application: syntax_tools. Started at: 'openriak-kv@node-01.cluster-a.openriak'.
2026-09-11 19:54:55.991298+09:00 [info] <0.44.0>@application_controller:info_started/2:2130 Application: compiler. Started at: 'openriak-kv@node-01.cluster-a.openriak'.
2026-09-11 19:54:55.991364+09:00 [info] <0.44.0>@application_controller:info_started/2:2130 Application: parse_trans. Started at: 'openriak-kv@node-01.cluster-a.openriak'.
2026-09-11 19:54:56.007061+09:00 [info] <0.128.0>@supervisor:report_progress/2:1582 Supervisor: {local,exometer_core_sup}. Started: id=exometer_admin,pid=<0.130.0>.
2026-09-11 19:54:56.008728+09:00 [info] <0.128.0>@supervisor:report_progress/2:1582 Supervisor: {local,exometer_core_sup}. Started: id=exometer_cache,pid=<0.131.0>.
2026-09-11 19:54:56.012825+09:00 [info] <0.128.0>@supervisor:report_progress/2:1582 Supervisor: {local,exometer_core_sup}. Started: id=exometer_report,pid=<0.132.0>.
2026-09-11 19:54:56.013999+09:00 [info] <0.128.0>@supervisor:report_progress/2:1582 Supervisor: {local,exometer_core_sup}. Started: id=exometer_report_logger_sup,pid=<0.133.0>.
2026-09-11 19:54:56.015938+09:00 [info] <0.128.0>@supervisor:report_progress/2:1582 Supervisor: {local,exometer_core_sup}. Started: id=exometer_alias,pid=<0.134.0>.
2026-09-11 19:54:56.016348+09:00 [info] <0.132.0>@exometer_report:do_start_reporters/1:695 Starting reporters with []
2026-09-11 19:54:56.016667+09:00 [info] <0.44.0>@application_controller:info_started/2:2130 Application: exometer_core. Started at: 'openriak-kv@node-01.cluster-a.openriak'.
2026-09-11 19:54:56.018918+09:00 [info] <0.139.0>@supervisor:report_progress/2:1582 Supervisor: {local,sasl_safe_sup}. Started: id=alarm_handler,pid=<0.140.0>.
2026-09-11 19:54:56.019040+09:00 [info] <0.138.0>@supervisor:report_progress/2:1582 Supervisor: {local,sasl_sup}. Started: id=sasl_safe_sup,pid=<0.139.0>.
2026-09-11 19:54:56.024915+09:00 [info] <0.138.0>@supervisor:report_progress/2:1582 Supervisor: {local,sasl_sup}. Started: id=release_handler,pid=<0.141.0>.
2026-09-11 19:54:56.025110+09:00 [info] <0.44.0>@application_controller:info_started/2:2130 Application: sasl. Started at: 'openriak-kv@node-01.cluster-a.openriak'.
2026-09-11 19:54:56.027814+09:00 [info] <0.49.0>@supervisor:report_progress/2:1582 Supervisor: {local,kernel_sup}. Started: id=timer_server,pid=<0.148.0>.
2026-09-11 19:54:56.028009+09:00 [info] <0.146.0>@supervisor:report_progress/2:1582 Supervisor: {local,riak_sysmon_sup}. Started: id=riak_sysmon_filter,pid=<0.147.0>.
2026-09-11 19:54:56.028108+09:00 [info] <0.146.0>@supervisor:report_progress/2:1582 Supervisor: {local,riak_sysmon_sup}. Started: id=riak_sysmon_mgr,pid=<0.150.0>.
2026-09-11 19:54:56.028199+09:00 [info] <0.44.0>@application_controller:info_started/2:2130 Application: riak_sysmon. Started at: 'openriak-kv@node-01.cluster-a.openriak'.
2026-09-11 19:54:56.032177+09:00 [info] <0.154.0>@supervisor:report_progress/2:1582 Supervisor: {local,os_mon_sup}. Started: id=disksup,pid=<0.155.0>.
2026-09-11 19:54:56.035796+09:00 [info] <0.154.0>@supervisor:report_progress/2:1582 Supervisor: {local,os_mon_sup}. Started: id=memsup,pid=<0.156.0>.
2026-09-11 19:54:56.037950+09:00 [info] <0.154.0>@supervisor:report_progress/2:1582 Supervisor: {local,os_mon_sup}. Started: id=cpu_sup,pid=<0.158.0>.
2026-09-11 19:54:56.038155+09:00 [info] <0.44.0>@application_controller:info_started/2:2130 Application: os_mon. Started at: 'openriak-kv@node-01.cluster-a.openriak'.
2026-09-11 19:54:56.038404+09:00 [info] <0.44.0>@application_controller:info_started/2:2130 Application: observer. Started at: 'openriak-kv@node-01.cluster-a.openriak'.
2026-09-11 19:54:56.049326+09:00 [info] <0.165.0>@supervisor:report_progress/2:1582 Supervisor: {local,runtime_tools_sup}. Started: id=ttb_autostart,pid=<0.166.0>.
2026-09-11 19:54:56.049627+09:00 [info] <0.44.0>@application_controller:info_started/2:2130 Application: runtime_tools. Started at: 'openriak-kv@node-01.cluster-a.openriak'.
2026-09-11 19:54:56.049849+09:00 [info] <0.44.0>@application_controller:info_started/2:2130 Application: xmerl. Started at: 'openriak-kv@node-01.cluster-a.openriak'.
2026-09-11 19:54:56.060543+09:00 [info] <0.173.0>@supervisor:report_progress/2:1582 Supervisor: {local,httpc_profile_sup}. Started: id=httpc_manager,pid=<0.174.0>.
2026-09-11 19:54:56.060736+09:00 [info] <0.172.0>@supervisor:report_progress/2:1582 Supervisor: {local,httpc_sup}. Started: id=httpc_profile_sup,pid=<0.173.0>.
2026-09-11 19:54:56.061504+09:00 [info] <0.172.0>@supervisor:report_progress/2:1582 Supervisor: {local,httpc_sup}. Started: id=httpc_handler_sup,pid=<0.175.0>.
2026-09-11 19:54:56.061600+09:00 [info] <0.171.0>@supervisor:report_progress/2:1582 Supervisor: {local,inets_sup}. Started: id=httpc_sup,pid=<0.172.0>.
2026-09-11 19:54:56.062434+09:00 [info] <0.171.0>@supervisor:report_progress/2:1582 Supervisor: {local,inets_sup}. Started: id=httpd_sup,pid=<0.176.0>.
2026-09-11 19:54:56.062551+09:00 [info] <0.44.0>@application_controller:info_started/2:2130 Application: inets. Started at: 'openriak-kv@node-01.cluster-a.openriak'.
2026-09-11 19:54:56.062881+09:00 [info] <0.44.0>@application_controller:info_started/2:2130 Application: mochiweb. Started at: 'openriak-kv@node-01.cluster-a.openriak'.
2026-09-11 19:54:56.065522+09:00 [info] <0.181.0>@supervisor:report_progress/2:1582 Supervisor: {local,webmachine_sup}. Started: id=webmachine_logger,pid=<0.182.0>.
2026-09-11 19:54:56.066106+09:00 [info] <0.181.0>@supervisor:report_progress/2:1582 Supervisor: {local,webmachine_sup}. Started: id=webmachine_logger_watcher_sup,pid=<0.183.0>.
2026-09-11 19:54:56.066989+09:00 [info] <0.181.0>@supervisor:report_progress/2:1582 Supervisor: {local,webmachine_sup}. Started: id=webmachine_router,pid=<0.184.0>.
2026-09-11 19:54:56.067095+09:00 [info] <0.44.0>@application_controller:info_started/2:2130 Application: webmachine. Started at: 'openriak-kv@node-01.cluster-a.openriak'.
2026-09-11 19:54:56.067221+09:00 [info] <0.44.0>@application_controller:info_started/2:2130 Application: basho_stats. Started at: 'openriak-kv@node-01.cluster-a.openriak'.
2026-09-11 19:54:56.068876+09:00 [info] <0.189.0>@supervisor:report_progress/2:1582 Supervisor: {local,bitcask_sup}. Started: id=bitcask_merge_worker,pid=<0.190.0>.
2026-09-11 19:54:56.069594+09:00 [info] <0.189.0>@supervisor:report_progress/2:1582 Supervisor: {local,bitcask_sup}. Started: id=bitcask_merge_delete,pid=<0.191.0>.
2026-09-11 19:54:56.069705+09:00 [info] <0.44.0>@application_controller:info_started/2:2130 Application: bitcask. Started at: 'openriak-kv@node-01.cluster-a.openriak'.
2026-09-11 19:54:56.069836+09:00 [info] <0.44.0>@application_controller:info_started/2:2130 Application: getopt. Started at: 'openriak-kv@node-01.cluster-a.openriak'.
2026-09-11 19:54:56.069963+09:00 [info] <0.44.0>@application_controller:info_started/2:2130 Application: cuttlefish. Started at: 'openriak-kv@node-01.cluster-a.openriak'.
2026-09-11 19:54:56.076189+09:00 [info] <0.197.0>@supervisor:report_progress/2:1582 Supervisor: {local,clique_sup}. Started: id=clique_manager,pid=<0.198.0>.
2026-09-11 19:54:56.076356+09:00 [info] <0.44.0>@application_controller:info_started/2:2130 Application: clique. Started at: 'openriak-kv@node-01.cluster-a.openriak'.
2026-09-11 19:54:56.076476+09:00 [info] <0.44.0>@application_controller:info_started/2:2130 Application: eleveldb. Started at: 'openriak-kv@node-01.cluster-a.openriak'.
2026-09-11 19:54:56.076585+09:00 [info] <0.44.0>@application_controller:info_started/2:2130 Application: pbkdf2. Started at: 'openriak-kv@node-01.cluster-a.openriak'.
2026-09-11 19:54:56.076661+09:00 [info] <0.44.0>@application_controller:info_started/2:2130 Application: poolboy. Started at: 'openriak-kv@node-01.cluster-a.openriak'.
2026-09-11 19:54:56.079351+09:00 [info] <0.44.0>@application_controller:info_started/2:2130 Application: cluster_info. Started at: 'openriak-kv@node-01.cluster-a.openriak'.
2026-09-11 19:54:56.094743+09:00 [info] <0.209.0>@supervisor:report_progress/2:1582 Supervisor: {local,riak_core_sup}. Started: id=riak_core_bg_manager,pid=<0.210.0>.
2026-09-11 19:54:56.097277+09:00 [info] <0.209.0>@supervisor:report_progress/2:1582 Supervisor: {local,riak_core_sup}. Started: id=riak_core_sysmon_minder,pid=<0.211.0>.
2026-09-11 19:54:56.098165+09:00 [info] <0.209.0>@supervisor:report_progress/2:1582 Supervisor: {local,riak_core_sup}. Started: id=riak_core_vnode_sup,pid=<0.212.0>.
2026-09-11 19:54:56.100648+09:00 [info] <0.209.0>@supervisor:report_progress/2:1582 Supervisor: {local,riak_core_sup}. Started: id=riak_core_eventhandler_sup,pid=<0.213.0>.
2026-09-11 19:54:56.101717+09:00 [info] <0.209.0>@supervisor:report_progress/2:1582 Supervisor: {local,riak_core_sup}. Started: id=riak_core_dist_mon,pid=<0.214.0>.
2026-09-11 19:54:56.103801+09:00 [info] <0.215.0>@supervisor:report_progress/2:1582 Supervisor: {local,riak_core_handoff_sup}. Started: id=riak_core_handoff_receiver_sup,pid=<0.216.0>.
2026-09-11 19:54:56.105226+09:00 [info] <0.215.0>@supervisor:report_progress/2:1582 Supervisor: {local,riak_core_handoff_sup}. Started: id=riak_core_handoff_sender_sup,pid=<0.217.0>.
2026-09-11 19:54:56.110421+09:00 [info] <0.218.0>@supervisor:report_progress/2:1582 Supervisor: {local,riak_core_handoff_listener_sup}. Started: id=riak_core_handoff_listener,pid=<0.219.0>.
2026-09-11 19:54:56.110613+09:00 [info] <0.215.0>@supervisor:report_progress/2:1582 Supervisor: {local,riak_core_handoff_sup}. Started: id=riak_core_handoff_listener_sup,pid=<0.218.0>.
2026-09-11 19:54:56.114352+09:00 [info] <0.215.0>@supervisor:report_progress/2:1582 Supervisor: {local,riak_core_handoff_sup}. Started: id=riak_core_handoff_manager,pid=<0.221.0>.
2026-09-11 19:54:56.114519+09:00 [info] <0.209.0>@supervisor:report_progress/2:1582 Supervisor: {local,riak_core_sup}. Started: id=riak_core_handoff_sup,pid=<0.215.0>.
2026-09-11 19:54:56.115407+09:00 [info] <0.209.0>@supervisor:report_progress/2:1582 Supervisor: {local,riak_core_sup}. Started: id=riak_core_ring_events,pid=<0.222.0>.
2026-09-11 19:54:56.246269+09:00 [warning] <0.223.0>@riak_core_ring_manager:reload_ring/1:388 No ring file available.
2026-09-11 19:54:56.261913+09:00 [info] <0.209.0>@supervisor:report_progress/2:1582 Supervisor: {local,riak_core_sup}. Started: id=riak_core_ring_manager,pid=<0.223.0>.
2026-09-11 19:54:56.273286+09:00 [info] <0.82.0>@supervisor:report_progress/2:1582 Supervisor: {local,kernel_safe_sup}. Started: id=dets_sup,pid=<0.227.0>.
2026-09-11 19:54:56.273546+09:00 [info] <0.82.0>@supervisor:report_progress/2:1582 Supervisor: {local,kernel_safe_sup}. Started: id=dets,pid=<0.228.0>.
2026-09-11 19:54:56.283850+09:00 [info] <0.209.0>@supervisor:report_progress/2:1582 Supervisor: {local,riak_core_sup}. Started: id=riak_core_metadata_manager,pid=<0.226.0>.
2026-09-11 19:54:56.774329+09:00 [info] <0.209.0>@supervisor:report_progress/2:1582 Supervisor: {local,riak_core_sup}. Started: id=riak_core_metadata_hashtree,pid=<0.231.0>.
2026-09-11 19:54:56.778808+09:00 [info] <0.209.0>@supervisor:report_progress/2:1582 Supervisor: {local,riak_core_sup}. Started: id=riak_core_broadcast,pid=<0.234.0>.
2026-09-11 19:54:56.785215+09:00 [info] <0.209.0>@supervisor:report_progress/2:1582 Supervisor: {local,riak_core_sup}. Started: id=riak_core_vnode_proxy_sup,pid=<0.235.0>.
2026-09-11 19:54:56.786969+09:00 [info] <0.209.0>@supervisor:report_progress/2:1582 Supervisor: {local,riak_core_sup}. Started: id=riak_core_node_watcher_events,pid=<0.236.0>.
2026-09-11 19:54:56.791172+09:00 [info] <0.209.0>@supervisor:report_progress/2:1582 Supervisor: {local,riak_core_sup}. Started: id=riak_core_node_watcher,pid=<0.237.0>.
2026-09-11 19:54:56.799106+09:00 [info] <0.209.0>@supervisor:report_progress/2:1582 Supervisor: {local,riak_core_sup}. Started: id=riak_core_vnode_manager,pid=<0.238.0>.
2026-09-11 19:54:56.801872+09:00 [info] <0.209.0>@supervisor:report_progress/2:1582 Supervisor: {local,riak_core_sup}. Started: id=riak_core_capability,pid=<0.239.0>.
2026-09-11 19:54:56.802068+09:00 [info] <0.209.0>@supervisor:report_progress/2:1582 Supervisor: {local,riak_core_sup}. Started: id=riak_core_gossip,pid=<0.240.0>.
2026-09-11 19:54:56.806173+09:00 [info] <0.209.0>@supervisor:report_progress/2:1582 Supervisor: {local,riak_core_sup}. Started: id=riak_core_claimant,pid=<0.241.0>.
2026-09-11 19:54:56.810131+09:00 [info] <0.209.0>@supervisor:report_progress/2:1582 Supervisor: {local,riak_core_sup}. Started: id=riak_core_table_owner,pid=<0.242.0>.
2026-09-11 19:54:56.820577+09:00 [info] <0.244.0>@supervisor:report_progress/2:1582 Supervisor: {local,riak_core_stats_sup}. Started: id=riak_core_stat_cache,pid=<0.245.0>.
2026-09-11 19:54:56.820828+09:00 [info] <0.243.0>@supervisor:report_progress/2:1582 Supervisor: {local,riak_core_stat_sup}. Started: id=riak_core_stats_sup,pid=<0.244.0>.
2026-09-11 19:54:56.820954+09:00 [info] <0.209.0>@supervisor:report_progress/2:1582 Supervisor: {local,riak_core_sup}. Started: id=riak_core_stat_sup,pid=<0.243.0>.
2026-09-11 19:54:56.826499+09:00 [info] <0.209.0>@supervisor:report_progress/2:1582 Supervisor: {local,riak_core_sup}. Started: id=riak_core_node_worker_pool_sup,pid=<0.246.0>.
2026-09-11 19:54:56.860747+09:00 [info] <0.244.0>@supervisor:report_progress/2:1582 Supervisor: {local,riak_core_stats_sup}. Started: id=riak_core_stat,pid=<0.247.0>.
2026-09-11 19:54:56.945880+09:00 [info] <0.213.0>@supervisor:report_progress/2:1582 Supervisor: {local,riak_core_eventhandler_sup}. Started: id={riak_core_ring_events,riak_core_ring_handler},pid=<0.270.0>.
2026-09-11 19:54:56.946211+09:00 [info] <0.239.0>@riak_core_capability:process_capability_changes/2:557 New capability: {riak_core,vnode_routing} = proxy
2026-09-11 19:54:57.007642+09:00 [info] <0.239.0>@riak_core_capability:process_capability_changes/2:557 New capability: {riak_core,staged_joins} = true
2026-09-11 19:54:57.078225+09:00 [info] <0.239.0>@riak_core_capability:process_capability_changes/2:557 New capability: {riak_core,resizable_ring} = true
2026-09-11 19:54:57.158986+09:00 [info] <0.239.0>@riak_core_capability:process_capability_changes/2:557 New capability: {riak_core,fold_req_version} = v2
2026-09-11 19:54:57.221821+09:00 [info] <0.239.0>@riak_core_capability:process_capability_changes/2:557 New capability: {riak_core,security} = true
2026-09-11 19:54:57.263417+09:00 [info] <0.239.0>@riak_core_capability:process_capability_changes/2:557 New capability: {riak_core,bucket_types} = true
2026-09-11 19:54:57.326900+09:00 [info] <0.239.0>@riak_core_capability:process_capability_changes/2:557 New capability: {riak_core,net_ticktime} = true
2026-09-11 19:54:57.524041+09:00 [info] <0.44.0>@application_controller:info_started/2:2130 Application: riak_core. Started at: 'openriak-kv@node-01.cluster-a.openriak'.
2026-09-11 19:54:57.527122+09:00 [info] <0.239.0>@riak_core_capability:process_capability_changes/2:557 New capability: {riak_pipe,trace_format} = ordsets
2026-09-11 19:54:57.586857+09:00 [info] <0.280.0>@supervisor:report_progress/2:1582 Supervisor: {local,riak_pipe_sup}. Started: id=riak_pipe_vnode_master,pid=<0.284.0>.
2026-09-11 19:54:57.588152+09:00 [info] <0.280.0>@supervisor:report_progress/2:1582 Supervisor: {local,riak_pipe_sup}. Started: id=riak_pipe_builder_sup,pid=<0.285.0>.
2026-09-11 19:54:57.590109+09:00 [info] <0.280.0>@supervisor:report_progress/2:1582 Supervisor: {local,riak_pipe_sup}. Started: id=riak_pipe_fitting_sup,pid=<0.286.0>.
2026-09-11 19:54:57.591788+09:00 [info] <0.280.0>@supervisor:report_progress/2:1582 Supervisor: {local,riak_pipe_sup}. Started: id=riak_pipe_qcover_sup,pid=<0.287.0>.
2026-09-11 19:54:57.594205+09:00 [info] <0.235.0>@supervisor:report_progress/2:1582 Supervisor: {local,riak_core_vnode_proxy_sup}. Started: id={riak_pipe_vnode,0},pid=<0.288.0>.
2026-09-11 19:54:57.594534+09:00 [info] <0.235.0>@supervisor:report_progress/2:1582 Supervisor: {local,riak_core_vnode_proxy_sup}. Started: id={riak_pipe_vnode,182687704666362864775460604089535377456991567872},pid=<0.289.0>.
2026-09-11 19:54:57.594727+09:00 [info] <0.235.0>@supervisor:report_progress/2:1582 Supervisor: {local,riak_core_vnode_proxy_sup}. Started: id={riak_pipe_vnode,365375409332725729550921208179070754913983135744},pid=<0.290.0>.
2026-09-11 19:54:57.594946+09:00 [info] <0.235.0>@supervisor:report_progress/2:1582 Supervisor: {local,riak_core_vnode_proxy_sup}. Started: id={riak_pipe_vnode,548063113999088594326381812268606132370974703616},pid=<0.291.0>.
2026-09-11 19:54:57.595090+09:00 [info] <0.235.0>@supervisor:report_progress/2:1582 Supervisor: {local,riak_core_vnode_proxy_sup}. Started: id={riak_pipe_vnode,730750818665451459101842416358141509827966271488},pid=<0.292.0>.
2026-09-11 19:54:57.595223+09:00 [info] <0.235.0>@supervisor:report_progress/2:1582 Supervisor: {local,riak_core_vnode_proxy_sup}. Started: id={riak_pipe_vnode,913438523331814323877303020447676887284957839360},pid=<0.293.0>.
2026-09-11 19:54:57.595471+09:00 [info] <0.235.0>@supervisor:report_progress/2:1582 Supervisor: {local,riak_core_vnode_proxy_sup}. Started: id={riak_pipe_vnode,1096126227998177188652763624537212264741949407232},pid=<0.294.0>.
2026-09-11 19:54:57.595717+09:00 [info] <0.235.0>@supervisor:report_progress/2:1582 Supervisor: {local,riak_core_vnode_proxy_sup}. Started: id={riak_pipe_vnode,1278813932664540053428224228626747642198940975104},pid=<0.295.0>.
2026-09-11 19:54:57.598768+09:00 [info] <0.244.0>@supervisor:report_progress/2:1582 Supervisor: {local,riak_core_stats_sup}. Started: id=riak_pipe_stat,pid=<0.296.0>.
2026-09-11 19:54:57.669797+09:00 [info] <0.44.0>@application_controller:info_started/2:2130 Application: riak_pipe. Started at: 'openriak-kv@node-01.cluster-a.openriak'.
2026-09-11 19:54:57.670077+09:00 [info] <0.44.0>@application_controller:info_started/2:2130 Application: tools. Started at: 'openriak-kv@node-01.cluster-a.openriak'.
2026-09-11 19:54:57.670252+09:00 [info] <0.44.0>@application_controller:info_started/2:2130 Application: riak_pb. Started at: 'openriak-kv@node-01.cluster-a.openriak'.
2026-09-11 19:54:57.677173+09:00 [info] <0.304.0>@supervisor:report_progress/2:1582 Supervisor: {local,riak_api_sup}. Started: id=riak_api_pb_registration_helper,pid=<0.305.0>.
2026-09-11 19:54:57.678807+09:00 [info] <0.304.0>@supervisor:report_progress/2:1582 Supervisor: {local,riak_api_sup}. Started: id=riak_api_pb_registrar,pid=<0.306.0>.
2026-09-11 19:54:57.680196+09:00 [info] <0.304.0>@supervisor:report_progress/2:1582 Supervisor: {local,riak_api_sup}. Started: id=riak_api_pb_sup,pid=<0.307.0>.
2026-09-11 19:54:57.680541+09:00 [info] <0.304.0>@supervisor:report_progress/2:1582 Supervisor: {local,riak_api_sup}. Started: id=[112,98,58,47,47,34,48,46,48,46,48,46,48,34,58,56,48,56,55],pid=<0.308.0>.
2026-09-11 19:54:57.690408+09:00 [info] <0.304.0>@supervisor:report_progress/2:1582 Supervisor: {local,riak_api_sup}. Started: id=[104,116,116,112,58,47,47,48,46,48,46,48,46,48,58,56,48,57,56],pid=<0.311.0>.
2026-09-11 19:54:57.692127+09:00 [info] <0.244.0>@supervisor:report_progress/2:1582 Supervisor: {local,riak_core_stats_sup}. Started: id=riak_api_stat,pid=<0.328.0>.
2026-09-11 19:54:57.738551+09:00 [info] <0.44.0>@application_controller:info_started/2:2130 Application: riak_api. Started at: 'openriak-kv@node-01.cluster-a.openriak'.
2026-09-11 19:54:57.744377+09:00 [info] <0.44.0>@application_controller:info_started/2:2130 Application: sidejob. Started at: 'openriak-kv@node-01.cluster-a.openriak'.
2026-09-11 19:54:57.744631+09:00 [info] <0.44.0>@application_controller:info_started/2:2130 Application: riak_dt. Started at: 'openriak-kv@node-01.cluster-a.openriak'.
2026-09-11 19:54:57.744792+09:00 [info] <0.44.0>@application_controller:info_started/2:2130 Application: sext. Started at: 'openriak-kv@node-01.cluster-a.openriak'.
2026-09-11 19:54:57.745055+09:00 [info] <0.44.0>@application_controller:info_started/2:2130 Application: lz4. Started at: 'openriak-kv@node-01.cluster-a.openriak'.
2026-09-11 19:54:57.745237+09:00 [info] <0.44.0>@application_controller:info_started/2:2130 Application: zstd. Started at: 'openriak-kv@node-01.cluster-a.openriak'.
2026-09-11 19:54:57.745528+09:00 [info] <0.44.0>@application_controller:info_started/2:2130 Application: leveled. Started at: 'openriak-kv@node-01.cluster-a.openriak'.
2026-09-11 19:54:57.745716+09:00 [info] <0.44.0>@application_controller:info_started/2:2130 Application: kv_index_tictactree. Started at: 'openriak-kv@node-01.cluster-a.openriak'.
2026-09-11 19:54:57.745954+09:00 [info] <0.44.0>@application_controller:info_started/2:2130 Application: hyper. Started at: 'openriak-kv@node-01.cluster-a.openriak'.
2026-09-11 19:54:57.746114+09:00 [info] <0.44.0>@application_controller:info_started/2:2130 Application: redbug. Started at: 'openriak-kv@node-01.cluster-a.openriak'.
2026-09-11 19:54:57.746282+09:00 [info] <0.44.0>@application_controller:info_started/2:2130 Application: recon. Started at: 'openriak-kv@node-01.cluster-a.openriak'.
2026-09-11 19:54:57.746415+09:00 [info] <0.44.0>@application_controller:info_started/2:2130 Application: riakc. Started at: 'openriak-kv@node-01.cluster-a.openriak'.
2026-09-11 19:54:57.756062+09:00 [info] <0.347.0>@supervisor:report_progress/2:1582 Supervisor: {local,ibrowse_sup}. Started: id=ibrowse,pid=<0.348.0>.
2026-09-11 19:54:57.756239+09:00 [info] <0.44.0>@application_controller:info_started/2:2130 Application: ibrowse. Started at: 'openriak-kv@node-01.cluster-a.openriak'.
2026-09-11 19:54:57.756394+09:00 [info] <0.44.0>@application_controller:info_started/2:2130 Application: rhc. Started at: 'openriak-kv@node-01.cluster-a.openriak'.
2026-09-11 19:54:57.790760+09:00 [info] <0.356.0>@supervisor:report_progress/2:1582 Supervisor: {local,riak_kv_put_fsm_sj_worker_sup}. Started: id=riak_kv_put_fsm_sj_1,pid=<0.357.0>.
2026-09-11 19:54:57.791086+09:00 [info] <0.356.0>@supervisor:report_progress/2:1582 Supervisor: {local,riak_kv_put_fsm_sj_worker_sup}. Started: id=riak_kv_put_fsm_sj_2,pid=<0.358.0>.
2026-09-11 19:54:57.791254+09:00 [info] <0.356.0>@supervisor:report_progress/2:1582 Supervisor: {local,riak_kv_put_fsm_sj_worker_sup}. Started: id=riak_kv_put_fsm_sj_3,pid=<0.359.0>.
2026-09-11 19:54:57.791412+09:00 [info] <0.356.0>@supervisor:report_progress/2:1582 Supervisor: {local,riak_kv_put_fsm_sj_worker_sup}. Started: id=riak_kv_put_fsm_sj_4,pid=<0.360.0>.
2026-09-11 19:54:57.791544+09:00 [info] <0.356.0>@supervisor:report_progress/2:1582 Supervisor: {local,riak_kv_put_fsm_sj_worker_sup}. Started: id=riak_kv_put_fsm_sj_5,pid=<0.361.0>.
2026-09-11 19:54:57.791670+09:00 [info] <0.356.0>@supervisor:report_progress/2:1582 Supervisor: {local,riak_kv_put_fsm_sj_worker_sup}. Started: id=riak_kv_put_fsm_sj_6,pid=<0.362.0>.
2026-09-11 19:54:57.791780+09:00 [info] <0.356.0>@supervisor:report_progress/2:1582 Supervisor: {local,riak_kv_put_fsm_sj_worker_sup}. Started: id=riak_kv_put_fsm_sj_7,pid=<0.363.0>.
2026-09-11 19:54:57.791919+09:00 [info] <0.356.0>@supervisor:report_progress/2:1582 Supervisor: {local,riak_kv_put_fsm_sj_worker_sup}. Started: id=riak_kv_put_fsm_sj_8,pid=<0.364.0>.
2026-09-11 19:54:57.791976+09:00 [info] <0.355.0>@supervisor:report_progress/2:1582 Supervisor: {local,riak_kv_put_fsm_sj}. Started: id=sidejob_worker_sup,pid=<0.356.0>.
2026-09-11 19:54:57.792038+09:00 [info] <0.355.0>@supervisor:report_progress/2:1582 Supervisor: {local,riak_kv_put_fsm_sj}. Started: id=riak_kv_put_fsm_sj_stats,pid=<0.365.0>.
2026-09-11 19:54:57.792091+09:00 [info] <0.333.0>@supervisor:report_progress/2:1582 Supervisor: {local,sidejob_sup}. Started: id=riak_kv_put_fsm_sj,pid=<0.355.0>.
2026-09-11 19:54:57.795713+09:00 [info] <0.368.0>@supervisor:report_progress/2:1582 Supervisor: {local,riak_kv_get_fsm_sj_worker_sup}. Started: id=riak_kv_get_fsm_sj_1,pid=<0.369.0>.
2026-09-11 19:54:57.796121+09:00 [info] <0.368.0>@supervisor:report_progress/2:1582 Supervisor: {local,riak_kv_get_fsm_sj_worker_sup}. Started: id=riak_kv_get_fsm_sj_2,pid=<0.370.0>.
2026-09-11 19:54:57.796477+09:00 [info] <0.368.0>@supervisor:report_progress/2:1582 Supervisor: {local,riak_kv_get_fsm_sj_worker_sup}. Started: id=riak_kv_get_fsm_sj_3,pid=<0.371.0>.
2026-09-11 19:54:57.796789+09:00 [info] <0.368.0>@supervisor:report_progress/2:1582 Supervisor: {local,riak_kv_get_fsm_sj_worker_sup}. Started: id=riak_kv_get_fsm_sj_4,pid=<0.372.0>.
2026-09-11 19:54:57.797031+09:00 [info] <0.368.0>@supervisor:report_progress/2:1582 Supervisor: {local,riak_kv_get_fsm_sj_worker_sup}. Started: id=riak_kv_get_fsm_sj_5,pid=<0.373.0>.
2026-09-11 19:54:57.797363+09:00 [info] <0.368.0>@supervisor:report_progress/2:1582 Supervisor: {local,riak_kv_get_fsm_sj_worker_sup}. Started: id=riak_kv_get_fsm_sj_6,pid=<0.374.0>.
2026-09-11 19:54:57.797607+09:00 [info] <0.368.0>@supervisor:report_progress/2:1582 Supervisor: {local,riak_kv_get_fsm_sj_worker_sup}. Started: id=riak_kv_get_fsm_sj_7,pid=<0.375.0>.
2026-09-11 19:54:57.797890+09:00 [info] <0.368.0>@supervisor:report_progress/2:1582 Supervisor: {local,riak_kv_get_fsm_sj_worker_sup}. Started: id=riak_kv_get_fsm_sj_8,pid=<0.376.0>.
2026-09-11 19:54:57.798033+09:00 [info] <0.367.0>@supervisor:report_progress/2:1582 Supervisor: {local,riak_kv_get_fsm_sj}. Started: id=sidejob_worker_sup,pid=<0.368.0>.
2026-09-11 19:54:57.798257+09:00 [info] <0.367.0>@supervisor:report_progress/2:1582 Supervisor: {local,riak_kv_get_fsm_sj}. Started: id=riak_kv_get_fsm_sj_stats,pid=<0.377.0>.
2026-09-11 19:54:57.798386+09:00 [info] <0.333.0>@supervisor:report_progress/2:1582 Supervisor: {local,sidejob_sup}. Started: id=riak_kv_get_fsm_sj,pid=<0.367.0>.
2026-09-11 19:54:57.807658+09:00 [info] <0.380.0>@supervisor:report_progress/2:1582 Supervisor: {local,riak_kv_stat_sj_worker_sup}. Started: id=riak_kv_stat_sj_1,pid=<0.381.0>.
2026-09-11 19:54:57.807926+09:00 [info] <0.380.0>@supervisor:report_progress/2:1582 Supervisor: {local,riak_kv_stat_sj_worker_sup}. Started: id=riak_kv_stat_sj_2,pid=<0.382.0>.
2026-09-11 19:54:57.808071+09:00 [info] <0.380.0>@supervisor:report_progress/2:1582 Supervisor: {local,riak_kv_stat_sj_worker_sup}. Started: id=riak_kv_stat_sj_3,pid=<0.383.0>.
2026-09-11 19:54:57.808208+09:00 [info] <0.380.0>@supervisor:report_progress/2:1582 Supervisor: {local,riak_kv_stat_sj_worker_sup}. Started: id=riak_kv_stat_sj_4,pid=<0.384.0>.
2026-09-11 19:54:57.808321+09:00 [info] <0.380.0>@supervisor:report_progress/2:1582 Supervisor: {local,riak_kv_stat_sj_worker_sup}. Started: id=riak_kv_stat_sj_5,pid=<0.385.0>.
2026-09-11 19:54:57.808448+09:00 [info] <0.380.0>@supervisor:report_progress/2:1582 Supervisor: {local,riak_kv_stat_sj_worker_sup}. Started: id=riak_kv_stat_sj_6,pid=<0.386.0>.
2026-09-11 19:54:57.808626+09:00 [info] <0.380.0>@supervisor:report_progress/2:1582 Supervisor: {local,riak_kv_stat_sj_worker_sup}. Started: id=riak_kv_stat_sj_7,pid=<0.387.0>.
2026-09-11 19:54:57.808800+09:00 [info] <0.380.0>@supervisor:report_progress/2:1582 Supervisor: {local,riak_kv_stat_sj_worker_sup}. Started: id=riak_kv_stat_sj_8,pid=<0.388.0>.
2026-09-11 19:54:57.808861+09:00 [info] <0.379.0>@supervisor:report_progress/2:1582 Supervisor: {local,riak_kv_stat_sj}. Started: id=sidejob_worker_sup,pid=<0.380.0>.
2026-09-11 19:54:57.808930+09:00 [info] <0.379.0>@supervisor:report_progress/2:1582 Supervisor: {local,riak_kv_stat_sj}. Started: id=riak_kv_stat_sj_stats,pid=<0.389.0>.
2026-09-11 19:54:57.809045+09:00 [info] <0.333.0>@supervisor:report_progress/2:1582 Supervisor: {local,sidejob_sup}. Started: id=riak_kv_stat_sj,pid=<0.379.0>.
2026-09-11 19:54:57.875255+09:00 [info] <0.353.0>@riak_kv_env:doc_env/0:47 Environment and OS variables:
2026-09-11 19:54:57.951515+09:00 [info] <0.239.0>@riak_core_capability:process_capability_changes/2:557 New capability: {riak_kv,object_hash_version} = 0
2026-09-11 19:54:58.013502+09:00 [info] <0.239.0>@riak_core_capability:process_capability_changes/2:557 New capability: {riak_kv,anti_entropy} = enabled_v1
2026-09-11 19:54:58.071222+09:00 [info] <0.394.0>@riak_core_throttle:enable_throttle/2:121 Enabling throttle for riak_kv/aae_throttle.
2026-09-11 19:54:58.071472+09:00 [info] <0.393.0>@supervisor:report_progress/2:1582 Supervisor: {local,riak_kv_sup}. Started: id=riak_kv_entropy_manager,pid=<0.394.0>.
2026-09-11 19:54:58.080098+09:00 [info] <0.393.0>@supervisor:report_progress/2:1582 Supervisor: {local,riak_kv_sup}. Started: id=riak_kv_ttaaefs_manager,pid=<0.395.0>.
2026-09-11 19:54:58.087538+09:00 [info] <0.393.0>@supervisor:report_progress/2:1582 Supervisor: {local,riak_kv_sup}. Started: id=riak_kv_replrtq_src,pid=<0.396.0>.
2026-09-11 19:54:58.094976+09:00 [info] <0.393.0>@supervisor:report_progress/2:1582 Supervisor: {local,riak_kv_sup}. Started: id=riak_kv_replrtq_snk,pid=<0.397.0>.
2026-09-11 19:54:58.096796+09:00 [info] <0.393.0>@supervisor:report_progress/2:1582 Supervisor: {local,riak_kv_sup}. Started: id=riak_kv_replrtq_peer,pid=<0.398.0>.
2026-09-11 19:54:58.100365+09:00 [info] <0.393.0>@supervisor:report_progress/2:1582 Supervisor: {local,riak_kv_sup}. Started: id=riak_kv_reaper,pid=<0.401.0>.
2026-09-11 19:54:58.101720+09:00 [info] <0.393.0>@supervisor:report_progress/2:1582 Supervisor: {local,riak_kv_sup}. Started: id=riak_kv_eraser,pid=<0.402.0>.
2026-09-11 19:54:58.103077+09:00 [info] <0.393.0>@supervisor:report_progress/2:1582 Supervisor: {local,riak_kv_sup}. Started: id=riak_kv_reader,pid=<0.404.0>.
2026-09-11 19:54:58.104629+09:00 [info] <0.393.0>@supervisor:report_progress/2:1582 Supervisor: {local,riak_kv_sup}. Started: id=riak_kv_token_manager,pid=<0.405.0>.
2026-09-11 19:54:58.104807+09:00 [info] <0.393.0>@supervisor:report_progress/2:1582 Supervisor: {local,riak_kv_sup}. Started: id=riak_kv_vnode_master,pid=<0.406.0>.
2026-09-11 19:54:58.104886+09:00 [info] <0.406.0>@riak_core:wait_for_service/2:498 Waiting for service riak_kv to start (0 seconds)
2026-09-11 19:54:58.108317+09:00 [info] <0.407.0>@supervisor:report_progress/2:1582 Supervisor: {local,riak_kv_w1c_sup}. Started: id=riak_kv_w1c_worker00,pid=<0.408.0>.
2026-09-11 19:54:58.108519+09:00 [info] <0.407.0>@supervisor:report_progress/2:1582 Supervisor: {local,riak_kv_w1c_sup}. Started: id=riak_kv_w1c_worker01,pid=<0.409.0>.
2026-09-11 19:54:58.108614+09:00 [info] <0.407.0>@supervisor:report_progress/2:1582 Supervisor: {local,riak_kv_w1c_sup}. Started: id=riak_kv_w1c_worker02,pid=<0.410.0>.
2026-09-11 19:54:58.108690+09:00 [info] <0.407.0>@supervisor:report_progress/2:1582 Supervisor: {local,riak_kv_w1c_sup}. Started: id=riak_kv_w1c_worker03,pid=<0.411.0>.
2026-09-11 19:54:58.108767+09:00 [info] <0.407.0>@supervisor:report_progress/2:1582 Supervisor: {local,riak_kv_w1c_sup}. Started: id=riak_kv_w1c_worker04,pid=<0.412.0>.
2026-09-11 19:54:58.108833+09:00 [info] <0.407.0>@supervisor:report_progress/2:1582 Supervisor: {local,riak_kv_w1c_sup}. Started: id=riak_kv_w1c_worker05,pid=<0.413.0>.
2026-09-11 19:54:58.108920+09:00 [info] <0.407.0>@supervisor:report_progress/2:1582 Supervisor: {local,riak_kv_w1c_sup}. Started: id=riak_kv_w1c_worker06,pid=<0.414.0>.
2026-09-11 19:54:58.108970+09:00 [info] <0.407.0>@supervisor:report_progress/2:1582 Supervisor: {local,riak_kv_w1c_sup}. Started: id=riak_kv_w1c_worker07,pid=<0.415.0>.
2026-09-11 19:54:58.109003+09:00 [info] <0.393.0>@supervisor:report_progress/2:1582 Supervisor: {local,riak_kv_sup}. Started: id=riak_kv_w1c_sup,pid=<0.407.0>.
2026-09-11 19:54:58.109907+09:00 [info] <0.393.0>@supervisor:report_progress/2:1582 Supervisor: {local,riak_kv_sup}. Started: id=riak_kv_delete_sup,pid=<0.416.0>.
2026-09-11 19:54:58.111841+09:00 [info] <0.393.0>@supervisor:report_progress/2:1582 Supervisor: {local,riak_kv_sup}. Started: id=riak_kv_mrc_sink_sup,pid=<0.417.0>.
2026-09-11 19:54:58.112881+09:00 [info] <0.393.0>@supervisor:report_progress/2:1582 Supervisor: {local,riak_kv_sup}. Started: id=riak_kv_buckets_fsm_sup,pid=<0.418.0>.
2026-09-11 19:54:58.113850+09:00 [info] <0.393.0>@supervisor:report_progress/2:1582 Supervisor: {local,riak_kv_sup}. Started: id=riak_kv_keys_fsm_sup,pid=<0.419.0>.
2026-09-11 19:54:58.114860+09:00 [info] <0.393.0>@supervisor:report_progress/2:1582 Supervisor: {local,riak_kv_sup}. Started: id=riak_kv_index_fsm_sup,pid=<0.420.0>.
2026-09-11 19:54:58.116862+09:00 [info] <0.393.0>@supervisor:report_progress/2:1582 Supervisor: {local,riak_kv_sup}. Started: id=riak_kv_query_sup,pid=<0.421.0>.
2026-09-11 19:54:58.117920+09:00 [info] <0.393.0>@supervisor:report_progress/2:1582 Supervisor: {local,riak_kv_sup}. Started: id=riak_kv_clusteraae_fsm_sup,pid=<0.422.0>.
2026-09-11 19:54:58.119762+09:00 [info] <0.393.0>@supervisor:report_progress/2:1582 Supervisor: {local,riak_kv_sup}. Started: id=riak_kv_hotbackup_fsm_sup,pid=<0.423.0>.
2026-09-11 19:54:58.121459+09:00 [info] <0.393.0>@supervisor:report_progress/2:1582 Supervisor: {local,riak_kv_sup}. Started: id=riak_kv_http_cache,pid=<0.424.0>.
2026-09-11 19:54:58.121676+09:00 [info] <0.239.0>@riak_core_capability:process_capability_changes/2:557 New capability: {riak_kv,vnode_vclocks} = true
2026-09-11 19:54:58.178141+09:00 [info] <0.239.0>@riak_core_capability:process_capability_changes/2:557 New capability: {riak_kv,legacy_keylisting} = false
2026-09-11 19:54:58.228322+09:00 [info] <0.239.0>@riak_core_capability:process_capability_changes/2:557 New capability: {riak_kv,listkeys_backpressure} = true
2026-09-11 19:54:58.298764+09:00 [info] <0.239.0>@riak_core_capability:process_capability_changes/2:557 New capability: {riak_kv,index_backpressure} = true
2026-09-11 19:54:58.413311+09:00 [info] <0.239.0>@riak_core_capability:process_capability_changes/2:557 New capability: {riak_kv,mapred_system} = pipe
2026-09-11 19:54:58.677975+09:00 [info] <0.239.0>@riak_core_capability:process_capability_changes/2:557 New capability: {riak_kv,mapred_2i_pipe} = true
2026-09-11 19:54:58.783412+09:00 [info] <0.239.0>@riak_core_capability:process_capability_changes/2:557 New capability: {riak_kv,handoff_data_encoding} = encode_raw
2026-09-11 19:54:58.911151+09:00 [info] <0.239.0>@riak_core_capability:process_capability_changes/2:557 New capability: {riak_kv,object_format} = v1
2026-09-11 19:54:58.982234+09:00 [info] <0.239.0>@riak_core_capability:process_capability_changes/2:557 New capability: {riak_kv,secondary_index_version} = v3
2026-09-11 19:54:59.046695+09:00 [info] <0.239.0>@riak_core_capability:process_capability_changes/2:557 New capability: {riak_kv,vclock_data_encoding} = encode_zlib
2026-09-11 19:54:59.145658+09:00 [info] <0.239.0>@riak_core_capability:process_capability_changes/2:557 New capability: {riak_kv,crdt} = [pncounter,riak_dt_pncounter,riak_dt_orswot,riak_dt_map,riak_kv_hll,riak_dt_gset]
2026-09-11 19:54:59.237687+09:00 [info] <0.239.0>@riak_core_capability:process_capability_changes/2:557 New capability: {riak_kv,crdt_epoch_versions} = [{riak_dt_map,2},{riak_dt_orswot,2},{riak_dt_pncounter,2},{riak_kv_hll,1},{riak_dt_gset,2}]
2026-09-11 19:54:59.349807+09:00 [info] <0.239.0>@riak_core_capability:process_capability_changes/2:557 New capability: {riak_kv,put_fsm_ack_execute} = enabled
2026-09-11 19:54:59.458306+09:00 [info] <0.239.0>@riak_core_capability:process_capability_changes/2:557 New capability: {riak_kv,get_request_type} = head
2026-09-11 19:54:59.574238+09:00 [info] <0.239.0>@riak_core_capability:process_capability_changes/2:557 New capability: {riak_kv,put_soft_limit} = true
2026-09-11 19:54:59.784898+09:00 [info] <0.239.0>@riak_core_capability:process_capability_changes/2:557 New capability: {riak_kv,tictacaae_prompted_repairs} = true
2026-09-11 19:54:59.907820+09:00 [info] <0.235.0>@supervisor:report_progress/2:1582 Supervisor: {local,riak_core_vnode_proxy_sup}. Started: id={riak_kv_vnode,0},pid=<0.453.0>.
2026-09-11 19:54:59.908009+09:00 [info] <0.235.0>@supervisor:report_progress/2:1582 Supervisor: {local,riak_core_vnode_proxy_sup}. Started: id={riak_kv_vnode,182687704666362864775460604089535377456991567872},pid=<0.454.0>.
2026-09-11 19:54:59.908078+09:00 [info] <0.235.0>@supervisor:report_progress/2:1582 Supervisor: {local,riak_core_vnode_proxy_sup}. Started: id={riak_kv_vnode,365375409332725729550921208179070754913983135744},pid=<0.455.0>.
2026-09-11 19:54:59.908133+09:00 [info] <0.235.0>@supervisor:report_progress/2:1582 Supervisor: {local,riak_core_vnode_proxy_sup}. Started: id={riak_kv_vnode,548063113999088594326381812268606132370974703616},pid=<0.456.0>.
2026-09-11 19:54:59.908172+09:00 [info] <0.235.0>@supervisor:report_progress/2:1582 Supervisor: {local,riak_core_vnode_proxy_sup}. Started: id={riak_kv_vnode,730750818665451459101842416358141509827966271488},pid=<0.457.0>.
2026-09-11 19:54:59.908208+09:00 [info] <0.235.0>@supervisor:report_progress/2:1582 Supervisor: {local,riak_core_vnode_proxy_sup}. Started: id={riak_kv_vnode,913438523331814323877303020447676887284957839360},pid=<0.458.0>.
2026-09-11 19:54:59.908239+09:00 [info] <0.235.0>@supervisor:report_progress/2:1582 Supervisor: {local,riak_core_vnode_proxy_sup}. Started: id={riak_kv_vnode,1096126227998177188652763624537212264741949407232},pid=<0.459.0>.
2026-09-11 19:54:59.908278+09:00 [info] <0.235.0>@supervisor:report_progress/2:1582 Supervisor: {local,riak_core_vnode_proxy_sup}. Started: id={riak_kv_vnode,1278813932664540053428224228626747642198940975104},pid=<0.460.0>.
2026-09-11 19:54:59.916918+09:00 [info] <0.244.0>@supervisor:report_progress/2:1582 Supervisor: {local,riak_core_stats_sup}. Started: id=riak_kv_stat,pid=<0.461.0>.
2026-09-11 19:54:59.930032+09:00 [info] <0.246.0>@riak_core_node_worker_pool:start_link/5:85 Registered worker pool of type af1_pool and size 2
2026-09-11 19:54:59.930160+09:00 [info] <0.246.0>@supervisor:report_progress/2:1582 Supervisor: {local,riak_core_node_worker_pool_sup}. Started: id=af1_pool,pid=<0.603.0>.
2026-09-11 19:54:59.930305+09:00 [info] <0.246.0>@riak_core_node_worker_pool:start_link/5:85 Registered worker pool of type af2_pool and size 1
2026-09-11 19:54:59.930349+09:00 [info] <0.246.0>@supervisor:report_progress/2:1582 Supervisor: {local,riak_core_node_worker_pool_sup}. Started: id=af2_pool,pid=<0.608.0>.
2026-09-11 19:54:59.930450+09:00 [info] <0.246.0>@riak_core_node_worker_pool:start_link/5:85 Registered worker pool of type af3_pool and size 4
2026-09-11 19:54:59.930495+09:00 [info] <0.246.0>@supervisor:report_progress/2:1582 Supervisor: {local,riak_core_node_worker_pool_sup}. Started: id=af3_pool,pid=<0.612.0>.
2026-09-11 19:54:59.930555+09:00 [info] <0.246.0>@riak_core_node_worker_pool:start_link/5:85 Registered worker pool of type af4_pool and size 1
2026-09-11 19:54:59.930607+09:00 [info] <0.246.0>@supervisor:report_progress/2:1582 Supervisor: {local,riak_core_node_worker_pool_sup}. Started: id=af4_pool,pid=<0.619.0>.
2026-09-11 19:54:59.930670+09:00 [info] <0.246.0>@riak_core_node_worker_pool:start_link/5:85 Registered worker pool of type be_pool and size 1
2026-09-11 19:54:59.930715+09:00 [info] <0.246.0>@supervisor:report_progress/2:1582 Supervisor: {local,riak_core_node_worker_pool_sup}. Started: id=be_pool,pid=<0.623.0>.
2026-09-11 19:55:00.049911+09:00 [info] <0.44.0>@application_controller:info_started/2:2130 Application: riak_kv. Started at: 'openriak-kv@node-01.cluster-a.openriak'.
2026-09-11 19:55:00.050202+09:00 [info] <0.44.0>@application_controller:info_started/2:2130 Application: ebloom. Started at: 'openriak-kv@node-01.cluster-a.openriak'.
2026-09-11 19:55:00.050486+09:00 [info] <0.44.0>@application_controller:info_started/2:2130 Application: bear. Started at: 'openriak-kv@node-01.cluster-a.openriak'.
2026-09-11 19:55:00.053997+09:00 [info] <0.632.0>@supervisor:report_progress/2:1582 Supervisor: {local,folsom_sup}. Started: id=folsom_sample_slide_sup,pid=<0.633.0>.
2026-09-11 19:55:00.056711+09:00 [info] <0.632.0>@supervisor:report_progress/2:1582 Supervisor: {local,folsom_sup}. Started: id=folsom_meter_timer_server,pid=<0.634.0>.
2026-09-11 19:55:00.058316+09:00 [info] <0.632.0>@supervisor:report_progress/2:1582 Supervisor: {local,folsom_sup}. Started: id=folsom_metrics_histogram_ets,pid=<0.635.0>.
2026-09-11 19:55:00.059386+09:00 [info] <0.632.0>@supervisor:report_progress/2:1582 Supervisor: {local,folsom_sup}. Started: id=folsom_metrics_spiral,pid=<0.636.0>.
2026-09-11 19:55:00.061281+09:00 [info] <0.632.0>@supervisor:report_progress/2:1582 Supervisor: {local,folsom_sup}. Started: id=folsom_metrics_history,pid=<0.637.0>.
2026-09-11 19:55:00.062645+09:00 [info] <0.632.0>@supervisor:report_progress/2:1582 Supervisor: {local,folsom_sup}. Started: id=folsom_metrics_histogram,pid=<0.638.0>.
2026-09-11 19:55:00.064049+09:00 [info] <0.632.0>@supervisor:report_progress/2:1582 Supervisor: {local,folsom_sup}. Started: id=folsom_metrics_duration,pid=<0.639.0>.
2026-09-11 19:55:00.065235+09:00 [info] <0.632.0>@supervisor:report_progress/2:1582 Supervisor: {local,folsom_sup}. Started: id=folsom_metrics_counter,pid=<0.640.0>.
2026-09-11 19:55:00.066763+09:00 [info] <0.632.0>@supervisor:report_progress/2:1582 Supervisor: {local,folsom_sup}. Started: id=folsom_metrics_gauge,pid=<0.641.0>.
2026-09-11 19:55:00.068553+09:00 [info] <0.632.0>@supervisor:report_progress/2:1582 Supervisor: {local,folsom_sup}. Started: id=folsom_metrics_meter,pid=<0.642.0>.
2026-09-11 19:55:00.070076+09:00 [info] <0.632.0>@supervisor:report_progress/2:1582 Supervisor: {local,folsom_sup}. Started: id=folsom_metrics_meter_reader,pid=<0.643.0>.
2026-09-11 19:55:00.070315+09:00 [info] <0.44.0>@application_controller:info_started/2:2130 Application: folsom. Started at: 'openriak-kv@node-01.cluster-a.openriak'.
2026-09-11 19:55:00.075400+09:00 [info] <0.647.0>@supervisor:report_progress/2:1582 Supervisor: {local,ranch_sup}. Started: id=ranch_server,pid=<0.648.0>.
2026-09-11 19:55:00.075579+09:00 [info] <0.44.0>@application_controller:info_started/2:2130 Application: ranch. Started at: 'openriak-kv@node-01.cluster-a.openriak'.
2026-09-11 19:55:00.078016+09:00 [info] <0.651.0>@riak_core:wait_for_service/2:498 Waiting for service riak_kv to start (0 seconds)
2026-09-11 19:55:06.799867+09:00 [info] <0.238.0>@riak_core_vnode_manager:update_never_started/4:1026 Update never started for Mod riak_kv_vnode with count 8 to be added to 0
2026-09-11 19:55:06.800023+09:00 [info] <0.238.0>@riak_core_vnode_manager:update_never_started/4:1026 Update never started for Mod riak_pipe_vnode with count 8 to be added to 8
2026-09-11 19:55:06.800275+09:00 [info] <0.729.0>@riak_core_vnode_manager:get_vnode/3:733 Will start VNode for partition 0 riak_pipe_vnode
2026-09-11 19:55:06.813051+09:00 [info] <0.729.0>@riak_core_vnode_manager:get_vnode/3:743 VNode initialization ready <0.730.0> 0 riak_pipe_vnode
2026-09-11 19:55:06.813289+09:00 [info] <0.733.0>@riak_core_vnode_manager:get_vnode/3:733 Will start VNode for partition 182687704666362864775460604089535377456991567872 riak_kv_vnode
2026-09-11 19:55:06.813327+09:00 [info] <0.734.0>@riak_core_vnode_manager:get_vnode/3:733 Will start VNode for partition 365375409332725729550921208179070754913983135744 riak_kv_vnode
2026-09-11 19:55:06.813356+09:00 [info] <0.735.0>@riak_core_vnode_manager:get_vnode/3:733 Will start VNode for partition 548063113999088594326381812268606132370974703616 riak_kv_vnode
2026-09-11 19:55:06.813375+09:00 [info] <0.736.0>@riak_core_vnode_manager:get_vnode/3:733 Will start VNode for partition 730750818665451459101842416358141509827966271488 riak_kv_vnode
2026-09-11 19:55:06.813391+09:00 [info] <0.737.0>@riak_core_vnode_manager:get_vnode/3:733 Will start VNode for partition 913438523331814323877303020447676887284957839360 riak_kv_vnode
2026-09-11 19:55:06.813408+09:00 [info] <0.738.0>@riak_core_vnode_manager:get_vnode/3:733 Will start VNode for partition 1096126227998177188652763624537212264741949407232 riak_kv_vnode
2026-09-11 19:55:06.813260+09:00 [info] <0.732.0>@riak_core_vnode_manager:get_vnode/3:733 Will start VNode for partition 0 riak_kv_vnode
2026-09-11 19:55:06.813426+09:00 [info] <0.739.0>@riak_core_vnode_manager:get_vnode/3:733 Will start VNode for partition 1278813932664540053428224228626747642198940975104 riak_kv_vnode
2026-09-11 19:55:06.869895+09:00 [info] <0.782.0>@leveled_inker:open_all_manifest/2:1269 log_ref=i0011 db_id=5 Manifest is empty, starting from manifest SQN 1
2026-09-11 19:55:06.870091+09:00 [info] <0.789.0>@leveled_inker:open_all_manifest/2:1269 log_ref=i0011 db_id=6 Manifest is empty, starting from manifest SQN 1
2026-09-11 19:55:06.870022+09:00 [info] <0.785.0>@leveled_inker:open_all_manifest/2:1269 log_ref=i0011 db_id=1 Manifest is empty, starting from manifest SQN 1
2026-09-11 19:55:06.870070+09:00 [info] <0.784.0>@leveled_inker:open_all_manifest/2:1269 log_ref=i0011 db_id=4 Manifest is empty, starting from manifest SQN 1
2026-09-11 19:55:06.869894+09:00 [info] <0.788.0>@leveled_inker:open_all_manifest/2:1269 log_ref=i0011 db_id=0 Manifest is empty, starting from manifest SQN 1
2026-09-11 19:55:06.870111+09:00 [info] <0.787.0>@leveled_inker:open_all_manifest/2:1269 log_ref=i0011 db_id=2 Manifest is empty, starting from manifest SQN 1
2026-09-11 19:55:06.870150+09:00 [info] <0.786.0>@leveled_inker:open_all_manifest/2:1269 log_ref=i0011 db_id=3 Manifest is empty, starting from manifest SQN 1
2026-09-11 19:55:06.870183+09:00 [info] <0.783.0>@leveled_inker:open_all_manifest/2:1269 log_ref=i0011 db_id=7 Manifest is empty, starting from manifest SQN 1
2026-09-11 19:55:06.889681+09:00 [info] <0.805.0>@leveled_cdb:starting/3:479 log_ref=cdb01 db_id=2 Opening file for writing with filename /var/lib/riak/leveled/365375409332725729550921208179070754913983135744/journal/journal_files/0_ea0ee83a-d011-46c0-9069-191da116436f.pnd
2026-09-11 19:55:06.889624+09:00 [info] <0.800.0>@leveled_cdb:starting/3:479 log_ref=cdb01 db_id=6 Opening file for writing with filename /var/lib/riak/leveled/1096126227998177188652763624537212264741949407232/journal/journal_files/0_5b53b4d4-52a2-495a-9c1f-68b5adef4ec9.pnd
2026-09-11 19:55:06.889740+09:00 [info] <0.804.0>@leveled_cdb:starting/3:479 log_ref=cdb01 db_id=1 Opening file for writing with filename /var/lib/riak/leveled/182687704666362864775460604089535377456991567872/journal/journal_files/0_35c35d89-4bf5-41a9-a720-bbf6da7ba606.pnd
2026-09-11 19:55:06.889961+09:00 [info] <0.801.0>@leveled_cdb:starting/3:479 log_ref=cdb01 db_id=4 Opening file for writing with filename /var/lib/riak/leveled/730750818665451459101842416358141509827966271488/journal/journal_files/0_b99c250e-93eb-4841-892c-9f581da6b010.pnd
2026-09-11 19:55:06.889620+09:00 [info] <0.806.0>@leveled_cdb:starting/3:479 log_ref=cdb01 db_id=0 Opening file for writing with filename /var/lib/riak/leveled/0/journal/journal_files/0_c96895c7-06b5-48d1-ba85-01ecc6b2dcdc.pnd
2026-09-11 19:55:06.889790+09:00 [info] <0.803.0>@leveled_cdb:starting/3:479 log_ref=cdb01 db_id=7 Opening file for writing with filename /var/lib/riak/leveled/1278813932664540053428224228626747642198940975104/journal/journal_files/0_87feb0cc-8a89-4017-bb8f-c6456bbbfbd4.pnd
2026-09-11 19:55:06.889798+09:00 [info] <0.802.0>@leveled_cdb:starting/3:479 log_ref=cdb01 db_id=5 Opening file for writing with filename /var/lib/riak/leveled/913438523331814323877303020447676887284957839360/journal/journal_files/0_9688a101-7585-46de-93ec-8ca30066a7a6.pnd
2026-09-11 19:55:06.889882+09:00 [info] <0.799.0>@leveled_cdb:starting/3:479 log_ref=cdb01 db_id=3 Opening file for writing with filename /var/lib/riak/leveled/548063113999088594326381812268606132370974703616/journal/journal_files/0_0881a014-75e5-4763-b8c4-5d087afaecc9.pnd
2026-09-11 19:55:06.890595+09:00 [info] <0.787.0>@leveled_inker:build_manifest/3:1238 log_ref=i0009 db_id=2 Updated manifest on startup:
2026-09-11 19:55:06.890958+09:00 [info] <0.787.0>@leveled_imanifest:writer/3:187 log_ref=i0016 db_id=2 Writing new version of manifest for manifestSQN=2
2026-09-11 19:55:06.890744+09:00 [info] <0.788.0>@leveled_inker:build_manifest/3:1238 log_ref=i0009 db_id=0 Updated manifest on startup:
2026-09-11 19:55:06.890822+09:00 [info] <0.784.0>@leveled_inker:build_manifest/3:1238 log_ref=i0009 db_id=4 Updated manifest on startup:
2026-09-11 19:55:06.890886+09:00 [info] <0.783.0>@leveled_inker:build_manifest/3:1238 log_ref=i0009 db_id=7 Updated manifest on startup:
2026-09-11 19:55:06.891081+09:00 [info] <0.789.0>@leveled_inker:build_manifest/3:1238 log_ref=i0009 db_id=6 Updated manifest on startup:
2026-09-11 19:55:06.891230+09:00 [info] <0.786.0>@leveled_inker:build_manifest/3:1238 log_ref=i0009 db_id=3 Updated manifest on startup:
2026-09-11 19:55:06.891159+09:00 [info] <0.782.0>@leveled_inker:build_manifest/3:1238 log_ref=i0009 db_id=5 Updated manifest on startup:
2026-09-11 19:55:06.891345+09:00 [info] <0.788.0>@leveled_imanifest:writer/3:187 log_ref=i0016 db_id=0 Writing new version of manifest for manifestSQN=2
2026-09-11 19:55:06.891454+09:00 [info] <0.784.0>@leveled_imanifest:writer/3:187 log_ref=i0016 db_id=4 Writing new version of manifest for manifestSQN=2
2026-09-11 19:55:06.891348+09:00 [info] <0.785.0>@leveled_inker:build_manifest/3:1238 log_ref=i0009 db_id=1 Updated manifest on startup:
2026-09-11 19:55:06.891545+09:00 [info] <0.783.0>@leveled_imanifest:writer/3:187 log_ref=i0016 db_id=7 Writing new version of manifest for manifestSQN=2
2026-09-11 19:55:06.891694+09:00 [info] <0.782.0>@leveled_imanifest:writer/3:187 log_ref=i0016 db_id=5 Writing new version of manifest for manifestSQN=2
2026-09-11 19:55:06.891793+09:00 [info] <0.785.0>@leveled_imanifest:writer/3:187 log_ref=i0016 db_id=1 Writing new version of manifest for manifestSQN=2
2026-09-11 19:55:06.891888+09:00 [info] <0.789.0>@leveled_imanifest:writer/3:187 log_ref=i0016 db_id=6 Writing new version of manifest for manifestSQN=2
2026-09-11 19:55:06.892190+09:00 [info] <0.786.0>@leveled_imanifest:writer/3:187 log_ref=i0016 db_id=3 Writing new version of manifest for manifestSQN=2
2026-09-11 19:55:06.909670+09:00 [info] <0.813.0>@leveled_pclerk:clerk_new/3:78 log_ref=pc001 db_id=2 Penciller's clerk <0.816.0> started with owner <0.813.0>
2026-09-11 19:55:06.909812+09:00 [info] <0.811.0>@leveled_pclerk:clerk_new/3:78 log_ref=pc001 db_id=7 Penciller's clerk <0.820.0> started with owner <0.811.0>
2026-09-11 19:55:06.909858+09:00 [info] <0.809.0>@leveled_pclerk:clerk_new/3:78 log_ref=pc001 db_id=1 Penciller's clerk <0.822.0> started with owner <0.809.0>
2026-09-11 19:55:06.909979+09:00 [info] <0.807.0>@leveled_pclerk:clerk_new/3:78 log_ref=pc001 db_id=0 Penciller's clerk <0.821.0> started with owner <0.807.0>
2026-09-11 19:55:06.909656+09:00 [info] <0.814.0>@leveled_pclerk:clerk_new/3:78 log_ref=pc001 db_id=6 Penciller's clerk <0.815.0> started with owner <0.814.0>
2026-09-11 19:55:06.909951+09:00 [info] <0.812.0>@leveled_pclerk:clerk_new/3:78 log_ref=pc001 db_id=5 Penciller's clerk <0.817.0> started with owner <0.812.0>
2026-09-11 19:55:06.910307+09:00 [info] <0.808.0>@leveled_pclerk:clerk_new/3:78 log_ref=pc001 db_id=4 Penciller's clerk <0.819.0> started with owner <0.808.0>
2026-09-11 19:55:06.910326+09:00 [info] <0.810.0>@leveled_pclerk:clerk_new/3:78 log_ref=pc001 db_id=3 Penciller's clerk <0.818.0> started with owner <0.810.0>
2026-09-11 19:55:06.920062+09:00 [info] <0.814.0>@leveled_pmanifest:open_manifestfile/2:1180 log_ref=p0013 db_id=6 Seqence number of 0 indicates no valid manifest
2026-09-11 19:55:06.920166+09:00 [info] <0.812.0>@leveled_pmanifest:open_manifestfile/2:1180 log_ref=p0013 db_id=5 Seqence number of 0 indicates no valid manifest
2026-09-11 19:55:06.920220+09:00 [info] <0.807.0>@leveled_pmanifest:open_manifestfile/2:1180 log_ref=p0013 db_id=0 Seqence number of 0 indicates no valid manifest
2026-09-11 19:55:06.920320+09:00 [info] <0.809.0>@leveled_pmanifest:open_manifestfile/2:1180 log_ref=p0013 db_id=1 Seqence number of 0 indicates no valid manifest
2026-09-11 19:55:06.920520+09:00 [info] <0.813.0>@leveled_pmanifest:open_manifestfile/2:1180 log_ref=p0013 db_id=2 Seqence number of 0 indicates no valid manifest
2026-09-11 19:55:06.920361+09:00 [info] <0.810.0>@leveled_pmanifest:open_manifestfile/2:1180 log_ref=p0013 db_id=3 Seqence number of 0 indicates no valid manifest
2026-09-11 19:55:06.920424+09:00 [info] <0.811.0>@leveled_pmanifest:open_manifestfile/2:1180 log_ref=p0013 db_id=7 Seqence number of 0 indicates no valid manifest
2026-09-11 19:55:06.920583+09:00 [info] <0.808.0>@leveled_pmanifest:open_manifestfile/2:1180 log_ref=p0013 db_id=4 Seqence number of 0 indicates no valid manifest
2026-09-11 19:55:06.922790+09:00 [info] <0.810.0>@leveled_penciller:start_from_file/1:1508 log_ref=p0014 db_id=3 Maximum sequence number of 0 found in nonzero levels
2026-09-11 19:55:06.922777+09:00 [info] <0.813.0>@leveled_penciller:start_from_file/1:1508 log_ref=p0014 db_id=2 Maximum sequence number of 0 found in nonzero levels
2026-09-11 19:55:06.922765+09:00 [info] <0.811.0>@leveled_penciller:start_from_file/1:1508 log_ref=p0014 db_id=7 Maximum sequence number of 0 found in nonzero levels
2026-09-11 19:55:06.922895+09:00 [info] <0.808.0>@leveled_penciller:start_from_file/1:1508 log_ref=p0014 db_id=4 Maximum sequence number of 0 found in nonzero levels
2026-09-11 19:55:06.922853+09:00 [info] <0.814.0>@leveled_penciller:start_from_file/1:1508 log_ref=p0014 db_id=6 Maximum sequence number of 0 found in nonzero levels
2026-09-11 19:55:06.922932+09:00 [info] <0.812.0>@leveled_penciller:start_from_file/1:1508 log_ref=p0014 db_id=5 Maximum sequence number of 0 found in nonzero levels
2026-09-11 19:55:06.922960+09:00 [info] <0.807.0>@leveled_penciller:start_from_file/1:1508 log_ref=p0014 db_id=0 Maximum sequence number of 0 found in nonzero levels
2026-09-11 19:55:06.923012+09:00 [info] <0.809.0>@leveled_penciller:start_from_file/1:1508 log_ref=p0014 db_id=1 Maximum sequence number of 0 found in nonzero levels
2026-09-11 19:55:06.923055+09:00 [info] <0.813.0>@leveled_penciller:start_from_file/1:1510 log_ref=p0035 db_id=2 Startup with Manifest SQN of 0
2026-09-11 19:55:06.923058+09:00 [info] <0.811.0>@leveled_penciller:start_from_file/1:1510 log_ref=p0035 db_id=7 Startup with Manifest SQN of 0
2026-09-11 19:55:06.923078+09:00 [info] <0.808.0>@leveled_penciller:start_from_file/1:1510 log_ref=p0035 db_id=4 Startup with Manifest SQN of 0
2026-09-11 19:55:06.923079+09:00 [info] <0.814.0>@leveled_penciller:start_from_file/1:1510 log_ref=p0035 db_id=6 Startup with Manifest SQN of 0
2026-09-11 19:55:06.923096+09:00 [info] <0.807.0>@leveled_penciller:start_from_file/1:1510 log_ref=p0035 db_id=0 Startup with Manifest SQN of 0
2026-09-11 19:55:06.923088+09:00 [info] <0.812.0>@leveled_penciller:start_from_file/1:1510 log_ref=p0035 db_id=5 Startup with Manifest SQN of 0
2026-09-11 19:55:06.923095+09:00 [info] <0.809.0>@leveled_penciller:start_from_file/1:1510 log_ref=p0035 db_id=1 Startup with Manifest SQN of 0
2026-09-11 19:55:06.922948+09:00 [info] <0.810.0>@leveled_penciller:start_from_file/1:1510 log_ref=p0035 db_id=3 Startup with Manifest SQN of 0
2026-09-11 19:55:06.928744+09:00 [info] <0.813.0>@leveled_penciller:start_from_file/1:1538 log_ref=p0017 db_id=2 No L0 file found
2026-09-11 19:55:06.929087+09:00 [info] <0.811.0>@leveled_penciller:start_from_file/1:1538 log_ref=p0017 db_id=7 No L0 file found
2026-09-11 19:55:06.929186+09:00 [info] <0.814.0>@leveled_penciller:start_from_file/1:1538 log_ref=p0017 db_id=6 No L0 file found
2026-09-11 19:55:06.929465+09:00 [info] <0.808.0>@leveled_penciller:start_from_file/1:1538 log_ref=p0017 db_id=4 No L0 file found
2026-09-11 19:55:06.929551+09:00 [info] <0.807.0>@leveled_penciller:start_from_file/1:1538 log_ref=p0017 db_id=0 No L0 file found
2026-09-11 19:55:06.929617+09:00 [info] <0.812.0>@leveled_penciller:start_from_file/1:1538 log_ref=p0017 db_id=5 No L0 file found
2026-09-11 19:55:06.929676+09:00 [info] <0.809.0>@leveled_penciller:start_from_file/1:1538 log_ref=p0017 db_id=1 No L0 file found
2026-09-11 19:55:06.929984+09:00 [info] <0.810.0>@leveled_penciller:start_from_file/1:1538 log_ref=p0017 db_id=3 No L0 file found
2026-09-11 19:55:06.930624+09:00 [info] <0.766.0>@leveled_bookie:startup/2:1993 log_ref=b0005 db_id=2 LedgerSQN=0 at startup
2026-09-11 19:55:06.930921+09:00 [info] <0.771.0>@leveled_bookie:startup/2:1993 log_ref=b0005 db_id=7 LedgerSQN=0 at startup
2026-09-11 19:55:06.931069+09:00 [info] <0.770.0>@leveled_bookie:startup/2:1993 log_ref=b0005 db_id=6 LedgerSQN=0 at startup
2026-09-11 19:55:06.931235+09:00 [info] <0.779.0>@leveled_bookie:startup/2:1993 log_ref=b0005 db_id=4 LedgerSQN=0 at startup
2026-09-11 19:55:06.931427+09:00 [info] <0.769.0>@leveled_bookie:startup/2:1993 log_ref=b0005 db_id=0 LedgerSQN=0 at startup
2026-09-11 19:55:06.931837+09:00 [info] <0.765.0>@leveled_bookie:startup/2:1993 log_ref=b0005 db_id=5 LedgerSQN=0 at startup
2026-09-11 19:55:06.932274+09:00 [info] <0.768.0>@leveled_bookie:startup/2:1993 log_ref=b0005 db_id=1 LedgerSQN=0 at startup
2026-09-11 19:55:06.932873+09:00 [info] <0.767.0>@leveled_bookie:startup/2:1993 log_ref=b0005 db_id=3 LedgerSQN=0 at startup
2026-09-11 19:55:06.933381+09:00 [info] <0.788.0>@leveled_bookie:startup/2:2004 log_ref=i0014 db_id=0 On startup loading from filename /var/lib/riak/leveled/0/journal/journal_files/0_c96895c7-06b5-48d1-ba85-01ecc6b2dcdc from SQN 1
2026-09-11 19:55:06.933521+09:00 [info] <0.787.0>@leveled_bookie:startup/2:2004 log_ref=i0014 db_id=2 On startup loading from filename /var/lib/riak/leveled/365375409332725729550921208179070754913983135744/journal/journal_files/0_ea0ee83a-d011-46c0-9069-191da116436f from SQN 1
2026-09-11 19:55:06.933491+09:00 [info] <0.784.0>@leveled_bookie:startup/2:2004 log_ref=i0014 db_id=4 On startup loading from filename /var/lib/riak/leveled/730750818665451459101842416358141509827966271488/journal/journal_files/0_b99c250e-93eb-4841-892c-9f581da6b010 from SQN 1
2026-09-11 19:55:06.933601+09:00 [info] <0.783.0>@leveled_bookie:startup/2:2004 log_ref=i0014 db_id=7 On startup loading from filename /var/lib/riak/leveled/1278813932664540053428224228626747642198940975104/journal/journal_files/0_87feb0cc-8a89-4017-bb8f-c6456bbbfbd4 from SQN 1
2026-09-11 19:55:06.933673+09:00 [info] <0.785.0>@leveled_bookie:startup/2:2004 log_ref=i0014 db_id=1 On startup loading from filename /var/lib/riak/leveled/182687704666362864775460604089535377456991567872/journal/journal_files/0_35c35d89-4bf5-41a9-a720-bbf6da7ba606 from SQN 1
2026-09-11 19:55:06.933552+09:00 [info] <0.786.0>@leveled_bookie:startup/2:2004 log_ref=i0014 db_id=3 On startup loading from filename /var/lib/riak/leveled/548063113999088594326381812268606132370974703616/journal/journal_files/0_0881a014-75e5-4763-b8c4-5d087afaecc9 from SQN 1
2026-09-11 19:55:06.933582+09:00 [info] <0.789.0>@leveled_bookie:startup/2:2004 log_ref=i0014 db_id=6 On startup loading from filename /var/lib/riak/leveled/1096126227998177188652763624537212264741949407232/journal/journal_files/0_5b53b4d4-52a2-495a-9c1f-68b5adef4ec9 from SQN 1
2026-09-11 19:55:06.933524+09:00 [info] <0.782.0>@leveled_bookie:startup/2:2004 log_ref=i0014 db_id=5 On startup loading from filename /var/lib/riak/leveled/913438523331814323877303020447676887284957839360/journal/journal_files/0_9688a101-7585-46de-93ec-8ca30066a7a6 from SQN 1
2026-09-11 19:55:06.934187+09:00 [info] <0.766.0>@leveled_bookie:init/1:1409 log_ref=b0001 db_id=2 Bookie starting with Ink <0.787.0> Pcl <0.813.0>
2026-09-11 19:55:06.934368+09:00 [info] <0.741.0>@riak_kv_leveled_backend:schedule_journalcompaction/4:903 Schedule compaction for interval 6933 on partition 365375409332725729550921208179070754913983135744
2026-09-11 19:55:06.934335+09:00 [info] <0.767.0>@leveled_bookie:init/1:1409 log_ref=b0001 db_id=3 Bookie starting with Ink <0.786.0> Pcl <0.810.0>
2026-09-11 19:55:06.934377+09:00 [info] <0.770.0>@leveled_bookie:init/1:1409 log_ref=b0001 db_id=6 Bookie starting with Ink <0.789.0> Pcl <0.814.0>
2026-09-11 19:55:06.934289+09:00 [info] <0.771.0>@leveled_bookie:init/1:1409 log_ref=b0001 db_id=7 Bookie starting with Ink <0.783.0> Pcl <0.811.0>
2026-09-11 19:55:06.934327+09:00 [info] <0.765.0>@leveled_bookie:init/1:1409 log_ref=b0001 db_id=5 Bookie starting with Ink <0.782.0> Pcl <0.812.0>
2026-09-11 19:55:06.934330+09:00 [info] <0.769.0>@leveled_bookie:init/1:1409 log_ref=b0001 db_id=0 Bookie starting with Ink <0.788.0> Pcl <0.807.0>
2026-09-11 19:55:06.934619+09:00 [info] <0.745.0>@riak_kv_leveled_backend:schedule_journalcompaction/4:903 Schedule compaction for interval 2311 on partition 1096126227998177188652763624537212264741949407232
2026-09-11 19:55:06.934558+09:00 [info] <0.747.0>@riak_kv_leveled_backend:schedule_journalcompaction/4:903 Schedule compaction for interval 4487 on partition 1278813932664540053428224228626747642198940975104
2026-09-11 19:55:06.934596+09:00 [info] <0.742.0>@riak_kv_leveled_backend:schedule_journalcompaction/4:903 Schedule compaction for interval 2728 on partition 548063113999088594326381812268606132370974703616
2026-09-11 19:55:06.934557+09:00 [info] <0.779.0>@leveled_bookie:init/1:1409 log_ref=b0001 db_id=4 Bookie starting with Ink <0.784.0> Pcl <0.808.0>
2026-09-11 19:55:06.934575+09:00 [info] <0.744.0>@riak_kv_leveled_backend:schedule_journalcompaction/4:903 Schedule compaction for interval 5065 on partition 913438523331814323877303020447676887284957839360
2026-09-11 19:55:06.934860+09:00 [info] <0.743.0>@riak_kv_leveled_backend:schedule_journalcompaction/4:903 Schedule compaction for interval 4711 on partition 730750818665451459101842416358141509827966271488
2026-09-11 19:55:06.934610+09:00 [info] <0.746.0>@riak_kv_leveled_backend:schedule_journalcompaction/4:903 Schedule compaction for interval 3882 on partition 0
2026-09-11 19:55:06.935605+09:00 [info] <0.768.0>@leveled_bookie:init/1:1409 log_ref=b0001 db_id=1 Bookie starting with Ink <0.785.0> Pcl <0.809.0>
2026-09-11 19:55:06.935840+09:00 [info] <0.740.0>@riak_kv_leveled_backend:schedule_journalcompaction/4:903 Schedule compaction for interval 4672 on partition 182687704666362864775460604089535377456991567872
2026-09-11 19:55:06.980775+09:00 [info] <0.835.0>@aae_controller:init/1:674 log_ref=aae02 Native KeyStore type leveled_nko startup request
2026-09-11 19:55:06.981091+09:00 [info] <0.831.0>@aae_controller:init/1:674 log_ref=aae02 Native KeyStore type leveled_nko startup request
2026-09-11 19:55:06.980922+09:00 [info] <0.834.0>@aae_controller:init/1:674 log_ref=aae02 Native KeyStore type leveled_nko startup request
2026-09-11 19:55:06.980975+09:00 [info] <0.833.0>@aae_controller:init/1:674 log_ref=aae02 Native KeyStore type leveled_nko startup request
2026-09-11 19:55:06.981022+09:00 [info] <0.832.0>@aae_controller:init/1:674 log_ref=aae02 Native KeyStore type leveled_nko startup request
2026-09-11 19:55:06.981141+09:00 [info] <0.836.0>@aae_controller:init/1:674 log_ref=aae02 Native KeyStore type leveled_nko startup request
2026-09-11 19:55:06.981070+09:00 [info] <0.838.0>@aae_controller:init/1:674 log_ref=aae02 Native KeyStore type leveled_nko startup request
2026-09-11 19:55:06.981197+09:00 [info] <0.837.0>@aae_controller:init/1:674 log_ref=aae02 Native KeyStore type leveled_nko startup request
2026-09-11 19:55:06.981823+09:00 [warning] <0.839.0>@aae_keystore:open_manifest/1:1526 log_ref=ks002 No valid manifest found for AAE keystore at /var/lib/riak/tictac_aae/365375409332725729550921208179070754913983135744/leveled_nko/keystore reason not_present
2026-09-11 19:55:06.982052+09:00 [warning] <0.840.0>@aae_keystore:open_manifest/1:1526 log_ref=ks002 No valid manifest found for AAE keystore at /var/lib/riak/tictac_aae/730750818665451459101842416358141509827966271488/leveled_nko/keystore reason not_present
2026-09-11 19:55:06.982216+09:00 [warning] <0.841.0>@aae_keystore:open_manifest/1:1526 log_ref=ks002 No valid manifest found for AAE keystore at /var/lib/riak/tictac_aae/182687704666362864775460604089535377456991567872/leveled_nko/keystore reason not_present
2026-09-11 19:55:06.982314+09:00 [warning] <0.842.0>@aae_keystore:open_manifest/1:1526 log_ref=ks002 No valid manifest found for AAE keystore at /var/lib/riak/tictac_aae/1096126227998177188652763624537212264741949407232/leveled_nko/keystore reason not_present
2026-09-11 19:55:06.982994+09:00 [warning] <0.843.0>@aae_keystore:open_manifest/1:1526 log_ref=ks002 No valid manifest found for AAE keystore at /var/lib/riak/tictac_aae/0/leveled_nko/keystore reason not_present
2026-09-11 19:55:06.983490+09:00 [warning] <0.844.0>@aae_keystore:open_manifest/1:1526 log_ref=ks002 No valid manifest found for AAE keystore at /var/lib/riak/tictac_aae/548063113999088594326381812268606132370974703616/leveled_nko/keystore reason not_present
2026-09-11 19:55:06.983757+09:00 [warning] <0.845.0>@aae_keystore:open_manifest/1:1526 log_ref=ks002 No valid manifest found for AAE keystore at /var/lib/riak/tictac_aae/913438523331814323877303020447676887284957839360/leveled_nko/keystore reason not_present
2026-09-11 19:55:06.985619+09:00 [warning] <0.846.0>@aae_keystore:open_manifest/1:1526 log_ref=ks002 No valid manifest found for AAE keystore at /var/lib/riak/tictac_aae/1278813932664540053428224228626747642198940975104/leveled_nko/keystore reason not_present
2026-09-11 19:55:06.997263+09:00 [info] <0.847.0>@aae_treecache:init/1:224 log_ref=c0005 Starting cache with is_restored=false and IndexN of {730750818665451459101842416358141509827966271488,3}
2026-09-11 19:55:06.998147+09:00 [info] <0.849.0>@aae_treecache:init/1:224 log_ref=c0005 Starting cache with is_restored=false and IndexN of {365375409332725729550921208179070754913983135744,3}
2026-09-11 19:55:06.998197+09:00 [info] <0.848.0>@aae_treecache:init/1:224 log_ref=c0005 Starting cache with is_restored=false and IndexN of {1278813932664540053428224228626747642198940975104,3}
2026-09-11 19:55:06.998588+09:00 [info] <0.850.0>@aae_treecache:init/1:224 log_ref=c0005 Starting cache with is_restored=false and IndexN of {0,3}
2026-09-11 19:55:06.999065+09:00 [info] <0.851.0>@aae_treecache:init/1:224 log_ref=c0005 Starting cache with is_restored=false and IndexN of {548063113999088594326381812268606132370974703616,3}
2026-09-11 19:55:06.999506+09:00 [info] <0.852.0>@aae_treecache:init/1:224 log_ref=c0005 Starting cache with is_restored=false and IndexN of {182687704666362864775460604089535377456991567872,3}
2026-09-11 19:55:06.999476+09:00 [info] <0.853.0>@aae_treecache:init/1:224 log_ref=c0005 Starting cache with is_restored=false and IndexN of {1096126227998177188652763624537212264741949407232,3}
2026-09-11 19:55:06.999964+09:00 [info] <0.854.0>@aae_treecache:init/1:224 log_ref=c0005 Starting cache with is_restored=false and IndexN of {913438523331814323877303020447676887284957839360,3}
2026-09-11 19:55:07.003544+09:00 [info] <0.855.0>@aae_treecache:init/1:224 log_ref=c0005 Starting cache with is_restored=false and IndexN of {913438523331814323877303020447676887284957839360,3}
2026-09-11 19:55:07.004092+09:00 [info] <0.857.0>@aae_treecache:init/1:224 log_ref=c0005 Starting cache with is_restored=false and IndexN of {0,3}
2026-09-11 19:55:07.004447+09:00 [info] <0.856.0>@aae_treecache:init/1:224 log_ref=c0005 Starting cache with is_restored=false and IndexN of {548063113999088594326381812268606132370974703616,3}
2026-09-11 19:55:07.006182+09:00 [info] <0.860.0>@aae_treecache:init/1:224 log_ref=c0005 Starting cache with is_restored=false and IndexN of {1278813932664540053428224228626747642198940975104,3}
2026-09-11 19:55:07.005542+09:00 [info] <0.859.0>@aae_treecache:init/1:224 log_ref=c0005 Starting cache with is_restored=false and IndexN of {730750818665451459101842416358141509827966271488,3}
2026-09-11 19:55:07.006657+09:00 [info] <0.862.0>@aae_treecache:init/1:224 log_ref=c0005 Starting cache with is_restored=false and IndexN of {1096126227998177188652763624537212264741949407232,3}
2026-09-11 19:55:07.005049+09:00 [info] <0.858.0>@aae_treecache:init/1:224 log_ref=c0005 Starting cache with is_restored=false and IndexN of {182687704666362864775460604089535377456991567872,3}
2026-09-11 19:55:07.006627+09:00 [info] <0.861.0>@aae_treecache:init/1:224 log_ref=c0005 Starting cache with is_restored=false and IndexN of {365375409332725729550921208179070754913983135744,3}
2026-09-11 19:55:07.007361+09:00 [info] <0.864.0>@aae_treecache:init/1:224 log_ref=c0005 Starting cache with is_restored=false and IndexN of {182687704666362864775460604089535377456991567872,3}
2026-09-11 19:55:07.013445+09:00 [info] <0.865.0>@aae_treecache:init/1:224 log_ref=c0005 Starting cache with is_restored=false and IndexN of {730750818665451459101842416358141509827966271488,3}
2026-09-11 19:55:07.014028+09:00 [info] <0.866.0>@aae_treecache:init/1:224 log_ref=c0005 Starting cache with is_restored=false and IndexN of {0,3}
2026-09-11 19:55:07.014196+09:00 [info] <0.863.0>@aae_treecache:init/1:224 log_ref=c0005 Starting cache with is_restored=false and IndexN of {1096126227998177188652763624537212264741949407232,3}
2026-09-11 19:55:07.014419+09:00 [info] <0.867.0>@aae_treecache:init/1:224 log_ref=c0005 Starting cache with is_restored=false and IndexN of {913438523331814323877303020447676887284957839360,3}
2026-09-11 19:55:07.014507+09:00 [info] <0.868.0>@aae_treecache:init/1:224 log_ref=c0005 Starting cache with is_restored=false and IndexN of {1278813932664540053428224228626747642198940975104,3}
2026-09-11 19:55:07.014880+09:00 [info] <0.869.0>@aae_treecache:init/1:224 log_ref=c0005 Starting cache with is_restored=false and IndexN of {365375409332725729550921208179070754913983135744,3}
2026-09-11 19:55:07.014928+09:00 [info] <0.870.0>@aae_treecache:init/1:224 log_ref=c0005 Starting cache with is_restored=false and IndexN of {548063113999088594326381812268606132370974703616,3}
2026-09-11 19:55:07.016375+09:00 [info] <0.836.0>@aae_controller:init/1:719 log_ref=aae10 AAE controller started with IndexNs [{182687704666362864775460604089535377456991567872,3},{365375409332725729550921208179070754913983135744,3},{548063113999088594326381812268606132370974703616,3}] and StoreType {native,leveled_nko,<0.767.0>}
2026-09-11 19:55:07.016476+09:00 [info] <0.742.0>@riak_kv_vnode:maybe_start_aaecontroller/2:402 AAE Controller started with pid=<0.836.0>
2026-09-11 19:55:07.016487+09:00 [info] <0.832.0>@aae_controller:init/1:719 log_ref=aae10 AAE controller started with IndexNs [{1096126227998177188652763624537212264741949407232,3},{1278813932664540053428224228626747642198940975104,3},{0,3}] and StoreType {native,leveled_nko,<0.769.0>}
2026-09-11 19:55:07.016666+09:00 [info] <0.746.0>@riak_kv_vnode:maybe_start_aaecontroller/2:402 AAE Controller started with pid=<0.832.0>
2026-09-11 19:55:07.016459+09:00 [info] <0.835.0>@aae_controller:init/1:719 log_ref=aae10 AAE controller started with IndexNs [{365375409332725729550921208179070754913983135744,3},{548063113999088594326381812268606132370974703616,3},{730750818665451459101842416358141509827966271488,3}] and StoreType {native,leveled_nko,<0.779.0>}
2026-09-11 19:55:07.016742+09:00 [info] <0.743.0>@riak_kv_vnode:maybe_start_aaecontroller/2:402 AAE Controller started with pid=<0.835.0>
2026-09-11 19:55:07.016820+09:00 [info] <0.833.0>@aae_controller:init/1:719 log_ref=aae10 AAE controller started with IndexNs [{730750818665451459101842416358141509827966271488,3},{913438523331814323877303020447676887284957839360,3},{1096126227998177188652763624537212264741949407232,3}] and StoreType {native,leveled_nko,<0.770.0>}
2026-09-11 19:55:07.016797+09:00 [info] <0.834.0>@aae_controller:init/1:719 log_ref=aae10 AAE controller started with IndexNs [{1278813932664540053428224228626747642198940975104,3},{0,3},{182687704666362864775460604089535377456991567872,3}] and StoreType {native,leveled_nko,<0.768.0>}
2026-09-11 19:55:07.016876+09:00 [info] <0.745.0>@riak_kv_vnode:maybe_start_aaecontroller/2:402 AAE Controller started with pid=<0.833.0>
2026-09-11 19:55:07.016972+09:00 [info] <0.740.0>@riak_kv_vnode:maybe_start_aaecontroller/2:402 AAE Controller started with pid=<0.834.0>
2026-09-11 19:55:07.016953+09:00 [info] <0.837.0>@aae_controller:init/1:719 log_ref=aae10 AAE controller started with IndexNs [{548063113999088594326381812268606132370974703616,3},{730750818665451459101842416358141509827966271488,3},{913438523331814323877303020447676887284957839360,3}] and StoreType {native,leveled_nko,<0.765.0>}
2026-09-11 19:55:07.017089+09:00 [info] <0.744.0>@riak_kv_vnode:maybe_start_aaecontroller/2:402 AAE Controller started with pid=<0.837.0>
2026-09-11 19:55:07.017079+09:00 [info] <0.838.0>@aae_controller:init/1:719 log_ref=aae10 AAE controller started with IndexNs [{913438523331814323877303020447676887284957839360,3},{1096126227998177188652763624537212264741949407232,3},{1278813932664540053428224228626747642198940975104,3}] and StoreType {native,leveled_nko,<0.771.0>}
2026-09-11 19:55:07.017160+09:00 [info] <0.831.0>@aae_controller:init/1:719 log_ref=aae10 AAE controller started with IndexNs [{0,3},{182687704666362864775460604089535377456991567872,3},{365375409332725729550921208179070754913983135744,3}] and StoreType {native,leveled_nko,<0.766.0>}
2026-09-11 19:55:07.017215+09:00 [info] <0.741.0>@riak_kv_vnode:maybe_start_aaecontroller/2:402 AAE Controller started with pid=<0.831.0>
2026-09-11 19:55:07.017197+09:00 [info] <0.747.0>@riak_kv_vnode:maybe_start_aaecontroller/2:402 AAE Controller started with pid=<0.838.0>
2026-09-11 19:55:07.020587+09:00 [info] <0.737.0>@riak_core_vnode_manager:get_vnode/3:743 VNode initialization ready <0.744.0> 913438523331814323877303020447676887284957839360 riak_kv_vnode
2026-09-11 19:55:07.020477+09:00 [info] <0.734.0>@riak_core_vnode_manager:get_vnode/3:743 VNode initialization ready <0.741.0> 365375409332725729550921208179070754913983135744 riak_kv_vnode
2026-09-11 19:55:07.020799+09:00 [info] <0.739.0>@riak_core_vnode_manager:get_vnode/3:743 VNode initialization ready <0.747.0> 1278813932664540053428224228626747642198940975104 riak_kv_vnode
2026-09-11 19:55:07.021058+09:00 [info] <0.732.0>@riak_core_vnode_manager:get_vnode/3:743 VNode initialization ready <0.746.0> 0 riak_kv_vnode
2026-09-11 19:55:07.020845+09:00 [info] <0.738.0>@riak_core_vnode_manager:get_vnode/3:743 VNode initialization ready <0.745.0> 1096126227998177188652763624537212264741949407232 riak_kv_vnode
2026-09-11 19:55:07.021450+09:00 [info] <0.736.0>@riak_core_vnode_manager:get_vnode/3:743 VNode initialization ready <0.743.0> 730750818665451459101842416358141509827966271488 riak_kv_vnode
2026-09-11 19:55:07.021489+09:00 [info] <0.735.0>@riak_core_vnode_manager:get_vnode/3:743 VNode initialization ready <0.742.0> 548063113999088594326381812268606132370974703616 riak_kv_vnode
2026-09-11 19:55:07.021658+09:00 [info] <0.733.0>@riak_core_vnode_manager:get_vnode/3:743 VNode initialization ready <0.740.0> 182687704666362864775460604089535377456991567872 riak_kv_vnode
2026-09-11 19:55:07.022170+09:00 [info] <0.943.0>@riak_core_vnode_manager:get_vnode/3:733 Will start VNode for partition 182687704666362864775460604089535377456991567872 riak_pipe_vnode
2026-09-11 19:55:07.022739+09:00 [info] <0.943.0>@riak_core_vnode_manager:get_vnode/3:743 VNode initialization ready <0.944.0> 182687704666362864775460604089535377456991567872 riak_pipe_vnode
2026-09-11 19:55:07.023148+09:00 [info] <0.946.0>@riak_core_vnode_manager:get_vnode/3:733 Will start VNode for partition 365375409332725729550921208179070754913983135744 riak_pipe_vnode
2026-09-11 19:55:07.023586+09:00 [info] <0.946.0>@riak_core_vnode_manager:get_vnode/3:743 VNode initialization ready <0.947.0> 365375409332725729550921208179070754913983135744 riak_pipe_vnode
2026-09-11 19:55:07.023824+09:00 [info] <0.949.0>@riak_core_vnode_manager:get_vnode/3:733 Will start VNode for partition 548063113999088594326381812268606132370974703616 riak_pipe_vnode
2026-09-11 19:55:07.024224+09:00 [info] <0.949.0>@riak_core_vnode_manager:get_vnode/3:743 VNode initialization ready <0.950.0> 548063113999088594326381812268606132370974703616 riak_pipe_vnode
2026-09-11 19:55:07.024377+09:00 [info] <0.952.0>@riak_core_vnode_manager:get_vnode/3:733 Will start VNode for partition 730750818665451459101842416358141509827966271488 riak_pipe_vnode
2026-09-11 19:55:07.024703+09:00 [info] <0.952.0>@riak_core_vnode_manager:get_vnode/3:743 VNode initialization ready <0.953.0> 730750818665451459101842416358141509827966271488 riak_pipe_vnode
2026-09-11 19:55:07.024815+09:00 [info] <0.955.0>@riak_core_vnode_manager:get_vnode/3:733 Will start VNode for partition 913438523331814323877303020447676887284957839360 riak_pipe_vnode
2026-09-11 19:55:07.025039+09:00 [info] <0.955.0>@riak_core_vnode_manager:get_vnode/3:743 VNode initialization ready <0.956.0> 913438523331814323877303020447676887284957839360 riak_pipe_vnode
2026-09-11 19:55:07.025124+09:00 [info] <0.958.0>@riak_core_vnode_manager:get_vnode/3:733 Will start VNode for partition 1096126227998177188652763624537212264741949407232 riak_pipe_vnode
2026-09-11 19:55:07.025437+09:00 [info] <0.958.0>@riak_core_vnode_manager:get_vnode/3:743 VNode initialization ready <0.959.0> 1096126227998177188652763624537212264741949407232 riak_pipe_vnode
2026-09-11 19:55:07.025541+09:00 [info] <0.961.0>@riak_core_vnode_manager:get_vnode/3:733 Will start VNode for partition 1278813932664540053428224228626747642198940975104 riak_pipe_vnode
2026-09-11 19:55:07.025898+09:00 [info] <0.961.0>@riak_core_vnode_manager:get_vnode/3:743 VNode initialization ready <0.962.0> 1278813932664540053428224228626747642198940975104 riak_pipe_vnode
2026-09-11 19:55:07.050614+09:00 [info] <0.651.0>@riak_core:wait_for_service/2:492 Wait complete for service riak_kv (6 seconds)
2026-09-11 19:55:07.060842+09:00 [info] <0.239.0>@riak_core_capability:process_capability_changes/2:557 New capability: {riak_repl,bloom_fold} = true
2026-09-11 19:55:07.068191+09:00 [info] <0.239.0>@riak_core_capability:process_capability_changes/2:557 New capability: {riak_repl,rtq_meta} = true
2026-09-11 19:55:07.077881+09:00 [info] <0.239.0>@riak_core_capability:process_capability_changes/2:557 New capability: {riak_repl,default_bucket_props_hash} = [consistent,datatype,n_val,write_once]
2026-09-11 19:55:07.092053+09:00 [info] <0.651.0>@riak_repl_app:start/2:70 REPL CS block skip disabled
2026-09-11 19:55:07.097211+09:00 [info] <0.964.0>@supervisor:report_progress/2:1582 Supervisor: {local,riak_repl_sup}. Started: id=riak_repl_client_sup,pid=<0.965.0>.
2026-09-11 19:55:07.098389+09:00 [info] <0.406.0>@riak_core:wait_for_service/2:492 Wait complete for service riak_kv (8 seconds)
2026-09-11 19:55:07.098643+09:00 [info] <0.964.0>@supervisor:report_progress/2:1582 Supervisor: {local,riak_repl_sup}. Started: id=riak_repl_server_sup,pid=<0.966.0>.
2026-09-11 19:55:07.101080+09:00 [info] <0.964.0>@supervisor:report_progress/2:1582 Supervisor: {local,riak_repl_sup}. Started: id=riak_repl_leader,pid=<0.967.0>.
2026-09-11 19:55:07.104272+09:00 [info] <0.964.0>@supervisor:report_progress/2:1582 Supervisor: {local,riak_repl_sup}. Started: id=riak_repl2_leader,pid=<0.970.0>.
2026-09-11 19:55:07.111524+09:00 [info] <0.972.0>@riak_core_service_mgr:start_link/1:111 Starting Core Service Manager at {"127.0.0.1",9080}
2026-09-11 19:55:07.123669+09:00 [info] <0.970.0>@riak_repl2_leader:become_leader/2:217 Leader2: 'openriak-kv@node-01.cluster-a.openriak' elected as replication leader
2026-09-11 19:55:07.127859+09:00 [info] <0.976.0>@supervisor:report_progress/2:1582 Supervisor: {<0.976.0>,ranch_conns_sup_sup}. Started: id={ranch_conns_sup,1},pid=<0.977.0>.
2026-09-11 19:55:07.128455+09:00 [info] <0.976.0>@supervisor:report_progress/2:1582 Supervisor: {<0.976.0>,ranch_conns_sup_sup}. Started: id={ranch_conns_sup,2},pid=<0.978.0>.
2026-09-11 19:55:07.128585+09:00 [info] <0.976.0>@supervisor:report_progress/2:1582 Supervisor: {<0.976.0>,ranch_conns_sup_sup}. Started: id={ranch_conns_sup,3},pid=<0.979.0>.
2026-09-11 19:55:07.128747+09:00 [info] <0.976.0>@supervisor:report_progress/2:1582 Supervisor: {<0.976.0>,ranch_conns_sup_sup}. Started: id={ranch_conns_sup,4},pid=<0.980.0>.
2026-09-11 19:55:07.128854+09:00 [info] <0.976.0>@supervisor:report_progress/2:1582 Supervisor: {<0.976.0>,ranch_conns_sup_sup}. Started: id={ranch_conns_sup,5},pid=<0.981.0>.
2026-09-11 19:55:07.128959+09:00 [info] <0.976.0>@supervisor:report_progress/2:1582 Supervisor: {<0.976.0>,ranch_conns_sup_sup}. Started: id={ranch_conns_sup,6},pid=<0.982.0>.
2026-09-11 19:55:07.129078+09:00 [info] <0.976.0>@supervisor:report_progress/2:1582 Supervisor: {<0.976.0>,ranch_conns_sup_sup}. Started: id={ranch_conns_sup,7},pid=<0.983.0>.
2026-09-11 19:55:07.129558+09:00 [info] <0.976.0>@supervisor:report_progress/2:1582 Supervisor: {<0.976.0>,ranch_conns_sup_sup}. Started: id={ranch_conns_sup,8},pid=<0.984.0>.
2026-09-11 19:55:07.129687+09:00 [info] <0.976.0>@supervisor:report_progress/2:1582 Supervisor: {<0.976.0>,ranch_conns_sup_sup}. Started: id={ranch_conns_sup,9},pid=<0.985.0>.
2026-09-11 19:55:07.129805+09:00 [info] <0.976.0>@supervisor:report_progress/2:1582 Supervisor: {<0.976.0>,ranch_conns_sup_sup}. Started: id={ranch_conns_sup,10},pid=<0.986.0>.
2026-09-11 19:55:07.129868+09:00 [info] <0.976.0>@supervisor:report_progress/2:1582 Supervisor: {<0.976.0>,ranch_conns_sup_sup}. Started: id={ranch_conns_sup,11},pid=<0.987.0>.
2026-09-11 19:55:07.129936+09:00 [info] <0.976.0>@supervisor:report_progress/2:1582 Supervisor: {<0.976.0>,ranch_conns_sup_sup}. Started: id={ranch_conns_sup,12},pid=<0.988.0>.
2026-09-11 19:55:07.129981+09:00 [info] <0.976.0>@supervisor:report_progress/2:1582 Supervisor: {<0.976.0>,ranch_conns_sup_sup}. Started: id={ranch_conns_sup,13},pid=<0.989.0>.
2026-09-11 19:55:07.130056+09:00 [info] <0.976.0>@supervisor:report_progress/2:1582 Supervisor: {<0.976.0>,ranch_conns_sup_sup}. Started: id={ranch_conns_sup,14},pid=<0.990.0>.
2026-09-11 19:55:07.130098+09:00 [info] <0.976.0>@supervisor:report_progress/2:1582 Supervisor: {<0.976.0>,ranch_conns_sup_sup}. Started: id={ranch_conns_sup,15},pid=<0.991.0>.
2026-09-11 19:55:07.130157+09:00 [info] <0.976.0>@supervisor:report_progress/2:1582 Supervisor: {<0.976.0>,ranch_conns_sup_sup}. Started: id={ranch_conns_sup,16},pid=<0.992.0>.
2026-09-11 19:55:07.130198+09:00 [info] <0.976.0>@supervisor:report_progress/2:1582 Supervisor: {<0.976.0>,ranch_conns_sup_sup}. Started: id={ranch_conns_sup,17},pid=<0.993.0>.
2026-09-11 19:55:07.130257+09:00 [info] <0.976.0>@supervisor:report_progress/2:1582 Supervisor: {<0.976.0>,ranch_conns_sup_sup}. Started: id={ranch_conns_sup,18},pid=<0.994.0>.
2026-09-11 19:55:07.130298+09:00 [info] <0.976.0>@supervisor:report_progress/2:1582 Supervisor: {<0.976.0>,ranch_conns_sup_sup}. Started: id={ranch_conns_sup,19},pid=<0.995.0>.
2026-09-11 19:55:07.130352+09:00 [info] <0.976.0>@supervisor:report_progress/2:1582 Supervisor: {<0.976.0>,ranch_conns_sup_sup}. Started: id={ranch_conns_sup,20},pid=<0.996.0>.
2026-09-11 19:55:07.130395+09:00 [info] <0.976.0>@supervisor:report_progress/2:1582 Supervisor: {<0.976.0>,ranch_conns_sup_sup}. Started: id={ranch_conns_sup,21},pid=<0.997.0>.
2026-09-11 19:55:07.130513+09:00 [info] <0.976.0>@supervisor:report_progress/2:1582 Supervisor: {<0.976.0>,ranch_conns_sup_sup}. Started: id={ranch_conns_sup,22},pid=<0.998.0>.
2026-09-11 19:55:07.130566+09:00 [info] <0.976.0>@supervisor:report_progress/2:1582 Supervisor: {<0.976.0>,ranch_conns_sup_sup}. Started: id={ranch_conns_sup,23},pid=<0.999.0>.
2026-09-11 19:55:07.130697+09:00 [info] <0.976.0>@supervisor:report_progress/2:1582 Supervisor: {<0.976.0>,ranch_conns_sup_sup}. Started: id={ranch_conns_sup,24},pid=<0.1000.0>.
2026-09-11 19:55:07.130758+09:00 [info] <0.976.0>@supervisor:report_progress/2:1582 Supervisor: {<0.976.0>,ranch_conns_sup_sup}. Started: id={ranch_conns_sup,25},pid=<0.1001.0>.
2026-09-11 19:55:07.131031+09:00 [info] <0.976.0>@supervisor:report_progress/2:1582 Supervisor: {<0.976.0>,ranch_conns_sup_sup}. Started: id={ranch_conns_sup,26},pid=<0.1002.0>.
2026-09-11 19:55:07.131162+09:00 [info] <0.976.0>@supervisor:report_progress/2:1582 Supervisor: {<0.976.0>,ranch_conns_sup_sup}. Started: id={ranch_conns_sup,27},pid=<0.1003.0>.
2026-09-11 19:55:07.131262+09:00 [info] <0.976.0>@supervisor:report_progress/2:1582 Supervisor: {<0.976.0>,ranch_conns_sup_sup}. Started: id={ranch_conns_sup,28},pid=<0.1004.0>.
2026-09-11 19:55:07.131355+09:00 [info] <0.976.0>@supervisor:report_progress/2:1582 Supervisor: {<0.976.0>,ranch_conns_sup_sup}. Started: id={ranch_conns_sup,29},pid=<0.1005.0>.
2026-09-11 19:55:07.131444+09:00 [info] <0.976.0>@supervisor:report_progress/2:1582 Supervisor: {<0.976.0>,ranch_conns_sup_sup}. Started: id={ranch_conns_sup,30},pid=<0.1006.0>.
2026-09-11 19:55:07.131491+09:00 [info] <0.976.0>@supervisor:report_progress/2:1582 Supervisor: {<0.976.0>,ranch_conns_sup_sup}. Started: id={ranch_conns_sup,31},pid=<0.1007.0>.
2026-09-11 19:55:07.131548+09:00 [info] <0.976.0>@supervisor:report_progress/2:1582 Supervisor: {<0.976.0>,ranch_conns_sup_sup}. Started: id={ranch_conns_sup,32},pid=<0.1008.0>.
2026-09-11 19:55:07.131590+09:00 [info] <0.976.0>@supervisor:report_progress/2:1582 Supervisor: {<0.976.0>,ranch_conns_sup_sup}. Started: id={ranch_conns_sup,33},pid=<0.1009.0>.
2026-09-11 19:55:07.131643+09:00 [info] <0.976.0>@supervisor:report_progress/2:1582 Supervisor: {<0.976.0>,ranch_conns_sup_sup}. Started: id={ranch_conns_sup,34},pid=<0.1010.0>.
2026-09-11 19:55:07.131694+09:00 [info] <0.976.0>@supervisor:report_progress/2:1582 Supervisor: {<0.976.0>,ranch_conns_sup_sup}. Started: id={ranch_conns_sup,35},pid=<0.1011.0>.
2026-09-11 19:55:07.131750+09:00 [info] <0.976.0>@supervisor:report_progress/2:1582 Supervisor: {<0.976.0>,ranch_conns_sup_sup}. Started: id={ranch_conns_sup,36},pid=<0.1012.0>.
2026-09-11 19:55:07.131791+09:00 [info] <0.976.0>@supervisor:report_progress/2:1582 Supervisor: {<0.976.0>,ranch_conns_sup_sup}. Started: id={ranch_conns_sup,37},pid=<0.1013.0>.
2026-09-11 19:55:07.131853+09:00 [info] <0.976.0>@supervisor:report_progress/2:1582 Supervisor: {<0.976.0>,ranch_conns_sup_sup}. Started: id={ranch_conns_sup,38},pid=<0.1014.0>.
2026-09-11 19:55:07.131901+09:00 [info] <0.976.0>@supervisor:report_progress/2:1582 Supervisor: {<0.976.0>,ranch_conns_sup_sup}. Started: id={ranch_conns_sup,39},pid=<0.1015.0>.
2026-09-11 19:55:07.131962+09:00 [info] <0.976.0>@supervisor:report_progress/2:1582 Supervisor: {<0.976.0>,ranch_conns_sup_sup}. Started: id={ranch_conns_sup,40},pid=<0.1016.0>.
2026-09-11 19:55:07.132103+09:00 [info] <0.976.0>@supervisor:report_progress/2:1582 Supervisor: {<0.976.0>,ranch_conns_sup_sup}. Started: id={ranch_conns_sup,41},pid=<0.1017.0>.
2026-09-11 19:55:07.132346+09:00 [info] <0.976.0>@supervisor:report_progress/2:1582 Supervisor: {<0.976.0>,ranch_conns_sup_sup}. Started: id={ranch_conns_sup,42},pid=<0.1018.0>.
2026-09-11 19:55:07.132510+09:00 [info] <0.976.0>@supervisor:report_progress/2:1582 Supervisor: {<0.976.0>,ranch_conns_sup_sup}. Started: id={ranch_conns_sup,43},pid=<0.1019.0>.
2026-09-11 19:55:07.132893+09:00 [info] <0.976.0>@supervisor:report_progress/2:1582 Supervisor: {<0.976.0>,ranch_conns_sup_sup}. Started: id={ranch_conns_sup,44},pid=<0.1020.0>.
2026-09-11 19:55:07.132996+09:00 [info] <0.976.0>@supervisor:report_progress/2:1582 Supervisor: {<0.976.0>,ranch_conns_sup_sup}. Started: id={ranch_conns_sup,45},pid=<0.1021.0>.
2026-09-11 19:55:07.133049+09:00 [info] <0.976.0>@supervisor:report_progress/2:1582 Supervisor: {<0.976.0>,ranch_conns_sup_sup}. Started: id={ranch_conns_sup,46},pid=<0.1022.0>.
2026-09-11 19:55:07.133095+09:00 [info] <0.976.0>@supervisor:report_progress/2:1582 Supervisor: {<0.976.0>,ranch_conns_sup_sup}. Started: id={ranch_conns_sup,47},pid=<0.1023.0>.
2026-09-11 19:55:07.133193+09:00 [info] <0.976.0>@supervisor:report_progress/2:1582 Supervisor: {<0.976.0>,ranch_conns_sup_sup}. Started: id={ranch_conns_sup,48},pid=<0.1024.0>.
2026-09-11 19:55:07.133241+09:00 [info] <0.976.0>@supervisor:report_progress/2:1582 Supervisor: {<0.976.0>,ranch_conns_sup_sup}. Started: id={ranch_conns_sup,49},pid=<0.1025.0>.
2026-09-11 19:55:07.133286+09:00 [info] <0.976.0>@supervisor:report_progress/2:1582 Supervisor: {<0.976.0>,ranch_conns_sup_sup}. Started: id={ranch_conns_sup,50},pid=<0.1026.0>.
2026-09-11 19:55:07.133329+09:00 [info] <0.976.0>@supervisor:report_progress/2:1582 Supervisor: {<0.976.0>,ranch_conns_sup_sup}. Started: id={ranch_conns_sup,51},pid=<0.1027.0>.
2026-09-11 19:55:07.133440+09:00 [info] <0.976.0>@supervisor:report_progress/2:1582 Supervisor: {<0.976.0>,ranch_conns_sup_sup}. Started: id={ranch_conns_sup,52},pid=<0.1028.0>.
2026-09-11 19:55:07.133511+09:00 [info] <0.976.0>@supervisor:report_progress/2:1582 Supervisor: {<0.976.0>,ranch_conns_sup_sup}. Started: id={ranch_conns_sup,53},pid=<0.1029.0>.
2026-09-11 19:55:07.133599+09:00 [info] <0.976.0>@supervisor:report_progress/2:1582 Supervisor: {<0.976.0>,ranch_conns_sup_sup}. Started: id={ranch_conns_sup,54},pid=<0.1030.0>.
2026-09-11 19:55:07.133656+09:00 [info] <0.976.0>@supervisor:report_progress/2:1582 Supervisor: {<0.976.0>,ranch_conns_sup_sup}. Started: id={ranch_conns_sup,55},pid=<0.1031.0>.
2026-09-11 19:55:07.133700+09:00 [info] <0.976.0>@supervisor:report_progress/2:1582 Supervisor: {<0.976.0>,ranch_conns_sup_sup}. Started: id={ranch_conns_sup,56},pid=<0.1032.0>.
2026-09-11 19:55:07.133744+09:00 [info] <0.976.0>@supervisor:report_progress/2:1582 Supervisor: {<0.976.0>,ranch_conns_sup_sup}. Started: id={ranch_conns_sup,57},pid=<0.1033.0>.
2026-09-11 19:55:07.133867+09:00 [info] <0.976.0>@supervisor:report_progress/2:1582 Supervisor: {<0.976.0>,ranch_conns_sup_sup}. Started: id={ranch_conns_sup,58},pid=<0.1034.0>.
2026-09-11 19:55:07.133911+09:00 [info] <0.976.0>@supervisor:report_progress/2:1582 Supervisor: {<0.976.0>,ranch_conns_sup_sup}. Started: id={ranch_conns_sup,59},pid=<0.1035.0>.
2026-09-11 19:55:07.133976+09:00 [info] <0.976.0>@supervisor:report_progress/2:1582 Supervisor: {<0.976.0>,ranch_conns_sup_sup}. Started: id={ranch_conns_sup,60},pid=<0.1036.0>.
2026-09-11 19:55:07.134010+09:00 [info] <0.976.0>@supervisor:report_progress/2:1582 Supervisor: {<0.976.0>,ranch_conns_sup_sup}. Started: id={ranch_conns_sup,61},pid=<0.1037.0>.
2026-09-11 19:55:07.134080+09:00 [info] <0.976.0>@supervisor:report_progress/2:1582 Supervisor: {<0.976.0>,ranch_conns_sup_sup}. Started: id={ranch_conns_sup,62},pid=<0.1038.0>.
2026-09-11 19:55:07.134197+09:00 [info] <0.976.0>@supervisor:report_progress/2:1582 Supervisor: {<0.976.0>,ranch_conns_sup_sup}. Started: id={ranch_conns_sup,63},pid=<0.1039.0>.
2026-09-11 19:55:07.134410+09:00 [info] <0.976.0>@supervisor:report_progress/2:1582 Supervisor: {<0.976.0>,ranch_conns_sup_sup}. Started: id={ranch_conns_sup,64},pid=<0.1040.0>.
2026-09-11 19:55:07.134479+09:00 [info] <0.976.0>@supervisor:report_progress/2:1582 Supervisor: {<0.976.0>,ranch_conns_sup_sup}. Started: id={ranch_conns_sup,65},pid=<0.1041.0>.
2026-09-11 19:55:07.134542+09:00 [info] <0.976.0>@supervisor:report_progress/2:1582 Supervisor: {<0.976.0>,ranch_conns_sup_sup}. Started: id={ranch_conns_sup,66},pid=<0.1042.0>.
2026-09-11 19:55:07.134578+09:00 [info] <0.976.0>@supervisor:report_progress/2:1582 Supervisor: {<0.976.0>,ranch_conns_sup_sup}. Started: id={ranch_conns_sup,67},pid=<0.1043.0>.
2026-09-11 19:55:07.134622+09:00 [info] <0.976.0>@supervisor:report_progress/2:1582 Supervisor: {<0.976.0>,ranch_conns_sup_sup}. Started: id={ranch_conns_sup,68},pid=<0.1044.0>.
2026-09-11 19:55:07.134658+09:00 [info] <0.976.0>@supervisor:report_progress/2:1582 Supervisor: {<0.976.0>,ranch_conns_sup_sup}. Started: id={ranch_conns_sup,69},pid=<0.1045.0>.
2026-09-11 19:55:07.134727+09:00 [info] <0.976.0>@supervisor:report_progress/2:1582 Supervisor: {<0.976.0>,ranch_conns_sup_sup}. Started: id={ranch_conns_sup,70},pid=<0.1046.0>.
2026-09-11 19:55:07.134761+09:00 [info] <0.976.0>@supervisor:report_progress/2:1582 Supervisor: {<0.976.0>,ranch_conns_sup_sup}. Started: id={ranch_conns_sup,71},pid=<0.1047.0>.
2026-09-11 19:55:07.134794+09:00 [info] <0.976.0>@supervisor:report_progress/2:1582 Supervisor: {<0.976.0>,ranch_conns_sup_sup}. Started: id={ranch_conns_sup,72},pid=<0.1048.0>.
2026-09-11 19:55:07.135379+09:00 [info] <0.976.0>@supervisor:report_progress/2:1582 Supervisor: {<0.976.0>,ranch_conns_sup_sup}. Started: id={ranch_conns_sup,73},pid=<0.1049.0>.
2026-09-11 19:55:07.135437+09:00 [info] <0.976.0>@supervisor:report_progress/2:1582 Supervisor: {<0.976.0>,ranch_conns_sup_sup}. Started: id={ranch_conns_sup,74},pid=<0.1050.0>.
2026-09-11 19:55:07.135518+09:00 [info] <0.976.0>@supervisor:report_progress/2:1582 Supervisor: {<0.976.0>,ranch_conns_sup_sup}. Started: id={ranch_conns_sup,75},pid=<0.1051.0>.
2026-09-11 19:55:07.135559+09:00 [info] <0.976.0>@supervisor:report_progress/2:1582 Supervisor: {<0.976.0>,ranch_conns_sup_sup}. Started: id={ranch_conns_sup,76},pid=<0.1052.0>.
2026-09-11 19:55:07.135616+09:00 [info] <0.976.0>@supervisor:report_progress/2:1582 Supervisor: {<0.976.0>,ranch_conns_sup_sup}. Started: id={ranch_conns_sup,77},pid=<0.1053.0>.
2026-09-11 19:55:07.135662+09:00 [info] <0.976.0>@supervisor:report_progress/2:1582 Supervisor: {<0.976.0>,ranch_conns_sup_sup}. Started: id={ranch_conns_sup,78},pid=<0.1054.0>.
2026-09-11 19:55:07.135804+09:00 [info] <0.976.0>@supervisor:report_progress/2:1582 Supervisor: {<0.976.0>,ranch_conns_sup_sup}. Started: id={ranch_conns_sup,79},pid=<0.1055.0>.
2026-09-11 19:55:07.135853+09:00 [info] <0.976.0>@supervisor:report_progress/2:1582 Supervisor: {<0.976.0>,ranch_conns_sup_sup}. Started: id={ranch_conns_sup,80},pid=<0.1056.0>.
2026-09-11 19:55:07.135945+09:00 [info] <0.976.0>@supervisor:report_progress/2:1582 Supervisor: {<0.976.0>,ranch_conns_sup_sup}. Started: id={ranch_conns_sup,81},pid=<0.1057.0>.
2026-09-11 19:55:07.135996+09:00 [info] <0.976.0>@supervisor:report_progress/2:1582 Supervisor: {<0.976.0>,ranch_conns_sup_sup}. Started: id={ranch_conns_sup,82},pid=<0.1058.0>.
2026-09-11 19:55:07.136051+09:00 [info] <0.976.0>@supervisor:report_progress/2:1582 Supervisor: {<0.976.0>,ranch_conns_sup_sup}. Started: id={ranch_conns_sup,83},pid=<0.1059.0>.
2026-09-11 19:55:07.136087+09:00 [info] <0.976.0>@supervisor:report_progress/2:1582 Supervisor: {<0.976.0>,ranch_conns_sup_sup}. Started: id={ranch_conns_sup,84},pid=<0.1060.0>.
2026-09-11 19:55:07.136310+09:00 [info] <0.976.0>@supervisor:report_progress/2:1582 Supervisor: {<0.976.0>,ranch_conns_sup_sup}. Started: id={ranch_conns_sup,85},pid=<0.1061.0>.
2026-09-11 19:55:07.136412+09:00 [info] <0.976.0>@supervisor:report_progress/2:1582 Supervisor: {<0.976.0>,ranch_conns_sup_sup}. Started: id={ranch_conns_sup,86},pid=<0.1062.0>.
2026-09-11 19:55:07.136475+09:00 [info] <0.976.0>@supervisor:report_progress/2:1582 Supervisor: {<0.976.0>,ranch_conns_sup_sup}. Started: id={ranch_conns_sup,87},pid=<0.1063.0>.
2026-09-11 19:55:07.136512+09:00 [info] <0.976.0>@supervisor:report_progress/2:1582 Supervisor: {<0.976.0>,ranch_conns_sup_sup}. Started: id={ranch_conns_sup,88},pid=<0.1064.0>.
2026-09-11 19:55:07.136565+09:00 [info] <0.976.0>@supervisor:report_progress/2:1582 Supervisor: {<0.976.0>,ranch_conns_sup_sup}. Started: id={ranch_conns_sup,89},pid=<0.1065.0>.
2026-09-11 19:55:07.136628+09:00 [info] <0.976.0>@supervisor:report_progress/2:1582 Supervisor: {<0.976.0>,ranch_conns_sup_sup}. Started: id={ranch_conns_sup,90},pid=<0.1066.0>.
2026-09-11 19:55:07.136669+09:00 [info] <0.976.0>@supervisor:report_progress/2:1582 Supervisor: {<0.976.0>,ranch_conns_sup_sup}. Started: id={ranch_conns_sup,91},pid=<0.1067.0>.
2026-09-11 19:55:07.136706+09:00 [info] <0.976.0>@supervisor:report_progress/2:1582 Supervisor: {<0.976.0>,ranch_conns_sup_sup}. Started: id={ranch_conns_sup,92},pid=<0.1068.0>.
2026-09-11 19:55:07.136768+09:00 [info] <0.976.0>@supervisor:report_progress/2:1582 Supervisor: {<0.976.0>,ranch_conns_sup_sup}. Started: id={ranch_conns_sup,93},pid=<0.1069.0>.
2026-09-11 19:55:07.136816+09:00 [info] <0.976.0>@supervisor:report_progress/2:1582 Supervisor: {<0.976.0>,ranch_conns_sup_sup}. Started: id={ranch_conns_sup,94},pid=<0.1070.0>.
2026-09-11 19:55:07.136871+09:00 [info] <0.976.0>@supervisor:report_progress/2:1582 Supervisor: {<0.976.0>,ranch_conns_sup_sup}. Started: id={ranch_conns_sup,95},pid=<0.1071.0>.
2026-09-11 19:55:07.136922+09:00 [info] <0.976.0>@supervisor:report_progress/2:1582 Supervisor: {<0.976.0>,ranch_conns_sup_sup}. Started: id={ranch_conns_sup,96},pid=<0.1072.0>.
2026-09-11 19:55:07.137036+09:00 [info] <0.976.0>@supervisor:report_progress/2:1582 Supervisor: {<0.976.0>,ranch_conns_sup_sup}. Started: id={ranch_conns_sup,97},pid=<0.1073.0>.
2026-09-11 19:55:07.137073+09:00 [info] <0.976.0>@supervisor:report_progress/2:1582 Supervisor: {<0.976.0>,ranch_conns_sup_sup}. Started: id={ranch_conns_sup,98},pid=<0.1074.0>.
2026-09-11 19:55:07.137123+09:00 [info] <0.976.0>@supervisor:report_progress/2:1582 Supervisor: {<0.976.0>,ranch_conns_sup_sup}. Started: id={ranch_conns_sup,99},pid=<0.1075.0>.
2026-09-11 19:55:07.137158+09:00 [info] <0.976.0>@supervisor:report_progress/2:1582 Supervisor: {<0.976.0>,ranch_conns_sup_sup}. Started: id={ranch_conns_sup,100},pid=<0.1076.0>.
2026-09-11 19:55:07.137262+09:00 [info] <0.975.0>@supervisor:report_progress/2:1582 Supervisor: {<0.975.0>,ranch_listener_sup}. Started: id=ranch_conns_sup_sup,pid=<0.976.0>.
2026-09-11 19:55:07.142278+09:00 [info] <0.1077.0>@supervisor:report_progress/2:1582 Supervisor: {<0.1077.0>,ranch_acceptors_sup}. Started: id={acceptor,<0.1077.0>,1},pid=<0.1078.0>.
2026-09-11 19:55:07.142497+09:00 [info] <0.1077.0>@supervisor:report_progress/2:1582 Supervisor: {<0.1077.0>,ranch_acceptors_sup}. Started: id={acceptor,<0.1077.0>,2},pid=<0.1079.0>.
2026-09-11 19:55:07.142614+09:00 [info] <0.1077.0>@supervisor:report_progress/2:1582 Supervisor: {<0.1077.0>,ranch_acceptors_sup}. Started: id={acceptor,<0.1077.0>,3},pid=<0.1080.0>.
2026-09-11 19:55:07.142785+09:00 [info] <0.1077.0>@supervisor:report_progress/2:1582 Supervisor: {<0.1077.0>,ranch_acceptors_sup}. Started: id={acceptor,<0.1077.0>,4},pid=<0.1081.0>.
2026-09-11 19:55:07.143119+09:00 [info] <0.1077.0>@supervisor:report_progress/2:1582 Supervisor: {<0.1077.0>,ranch_acceptors_sup}. Started: id={acceptor,<0.1077.0>,5},pid=<0.1082.0>.
2026-09-11 19:55:07.143216+09:00 [info] <0.1077.0>@supervisor:report_progress/2:1582 Supervisor: {<0.1077.0>,ranch_acceptors_sup}. Started: id={acceptor,<0.1077.0>,6},pid=<0.1083.0>.
2026-09-11 19:55:07.143288+09:00 [info] <0.1077.0>@supervisor:report_progress/2:1582 Supervisor: {<0.1077.0>,ranch_acceptors_sup}. Started: id={acceptor,<0.1077.0>,7},pid=<0.1084.0>.
2026-09-11 19:55:07.143344+09:00 [info] <0.1077.0>@supervisor:report_progress/2:1582 Supervisor: {<0.1077.0>,ranch_acceptors_sup}. Started: id={acceptor,<0.1077.0>,8},pid=<0.1085.0>.
2026-09-11 19:55:07.143414+09:00 [info] <0.1077.0>@supervisor:report_progress/2:1582 Supervisor: {<0.1077.0>,ranch_acceptors_sup}. Started: id={acceptor,<0.1077.0>,9},pid=<0.1086.0>.
2026-09-11 19:55:07.143486+09:00 [info] <0.1077.0>@supervisor:report_progress/2:1582 Supervisor: {<0.1077.0>,ranch_acceptors_sup}. Started: id={acceptor,<0.1077.0>,10},pid=<0.1087.0>.
2026-09-11 19:55:07.143568+09:00 [info] <0.1077.0>@supervisor:report_progress/2:1582 Supervisor: {<0.1077.0>,ranch_acceptors_sup}. Started: id={acceptor,<0.1077.0>,11},pid=<0.1088.0>.
2026-09-11 19:55:07.143637+09:00 [info] <0.1077.0>@supervisor:report_progress/2:1582 Supervisor: {<0.1077.0>,ranch_acceptors_sup}. Started: id={acceptor,<0.1077.0>,12},pid=<0.1089.0>.
2026-09-11 19:55:07.143687+09:00 [info] <0.1077.0>@supervisor:report_progress/2:1582 Supervisor: {<0.1077.0>,ranch_acceptors_sup}. Started: id={acceptor,<0.1077.0>,13},pid=<0.1090.0>.
2026-09-11 19:55:07.143753+09:00 [info] <0.1077.0>@supervisor:report_progress/2:1582 Supervisor: {<0.1077.0>,ranch_acceptors_sup}. Started: id={acceptor,<0.1077.0>,14},pid=<0.1091.0>.
2026-09-11 19:55:07.143800+09:00 [info] <0.1077.0>@supervisor:report_progress/2:1582 Supervisor: {<0.1077.0>,ranch_acceptors_sup}. Started: id={acceptor,<0.1077.0>,15},pid=<0.1092.0>.
2026-09-11 19:55:07.143885+09:00 [info] <0.1077.0>@supervisor:report_progress/2:1582 Supervisor: {<0.1077.0>,ranch_acceptors_sup}. Started: id={acceptor,<0.1077.0>,16},pid=<0.1093.0>.
2026-09-11 19:55:07.143969+09:00 [info] <0.1077.0>@supervisor:report_progress/2:1582 Supervisor: {<0.1077.0>,ranch_acceptors_sup}. Started: id={acceptor,<0.1077.0>,17},pid=<0.1094.0>.
2026-09-11 19:55:07.144021+09:00 [info] <0.1077.0>@supervisor:report_progress/2:1582 Supervisor: {<0.1077.0>,ranch_acceptors_sup}. Started: id={acceptor,<0.1077.0>,18},pid=<0.1095.0>.
2026-09-11 19:55:07.144083+09:00 [info] <0.1077.0>@supervisor:report_progress/2:1582 Supervisor: {<0.1077.0>,ranch_acceptors_sup}. Started: id={acceptor,<0.1077.0>,19},pid=<0.1096.0>.
2026-09-11 19:55:07.144131+09:00 [info] <0.1077.0>@supervisor:report_progress/2:1582 Supervisor: {<0.1077.0>,ranch_acceptors_sup}. Started: id={acceptor,<0.1077.0>,20},pid=<0.1097.0>.
2026-09-11 19:55:07.144194+09:00 [info] <0.1077.0>@supervisor:report_progress/2:1582 Supervisor: {<0.1077.0>,ranch_acceptors_sup}. Started: id={acceptor,<0.1077.0>,21},pid=<0.1098.0>.
2026-09-11 19:55:07.144256+09:00 [info] <0.1077.0>@supervisor:report_progress/2:1582 Supervisor: {<0.1077.0>,ranch_acceptors_sup}. Started: id={acceptor,<0.1077.0>,22},pid=<0.1099.0>.
2026-09-11 19:55:07.144304+09:00 [info] <0.1077.0>@supervisor:report_progress/2:1582 Supervisor: {<0.1077.0>,ranch_acceptors_sup}. Started: id={acceptor,<0.1077.0>,23},pid=<0.1100.0>.
2026-09-11 19:55:07.144364+09:00 [info] <0.1077.0>@supervisor:report_progress/2:1582 Supervisor: {<0.1077.0>,ranch_acceptors_sup}. Started: id={acceptor,<0.1077.0>,24},pid=<0.1101.0>.
2026-09-11 19:55:07.144414+09:00 [info] <0.1077.0>@supervisor:report_progress/2:1582 Supervisor: {<0.1077.0>,ranch_acceptors_sup}. Started: id={acceptor,<0.1077.0>,25},pid=<0.1102.0>.
2026-09-11 19:55:07.144474+09:00 [info] <0.1077.0>@supervisor:report_progress/2:1582 Supervisor: {<0.1077.0>,ranch_acceptors_sup}. Started: id={acceptor,<0.1077.0>,26},pid=<0.1103.0>.
2026-09-11 19:55:07.144536+09:00 [info] <0.1077.0>@supervisor:report_progress/2:1582 Supervisor: {<0.1077.0>,ranch_acceptors_sup}. Started: id={acceptor,<0.1077.0>,27},pid=<0.1104.0>.
2026-09-11 19:55:07.144587+09:00 [info] <0.1077.0>@supervisor:report_progress/2:1582 Supervisor: {<0.1077.0>,ranch_acceptors_sup}. Started: id={acceptor,<0.1077.0>,28},pid=<0.1105.0>.
2026-09-11 19:55:07.144647+09:00 [info] <0.1077.0>@supervisor:report_progress/2:1582 Supervisor: {<0.1077.0>,ranch_acceptors_sup}. Started: id={acceptor,<0.1077.0>,29},pid=<0.1106.0>.
2026-09-11 19:55:07.144694+09:00 [info] <0.1077.0>@supervisor:report_progress/2:1582 Supervisor: {<0.1077.0>,ranch_acceptors_sup}. Started: id={acceptor,<0.1077.0>,30},pid=<0.1107.0>.
2026-09-11 19:55:07.144753+09:00 [info] <0.1077.0>@supervisor:report_progress/2:1582 Supervisor: {<0.1077.0>,ranch_acceptors_sup}. Started: id={acceptor,<0.1077.0>,31},pid=<0.1108.0>.
2026-09-11 19:55:07.144818+09:00 [info] <0.1077.0>@supervisor:report_progress/2:1582 Supervisor: {<0.1077.0>,ranch_acceptors_sup}. Started: id={acceptor,<0.1077.0>,32},pid=<0.1109.0>.
2026-09-11 19:55:07.144865+09:00 [info] <0.1077.0>@supervisor:report_progress/2:1582 Supervisor: {<0.1077.0>,ranch_acceptors_sup}. Started: id={acceptor,<0.1077.0>,33},pid=<0.1110.0>.
2026-09-11 19:55:07.144926+09:00 [info] <0.1077.0>@supervisor:report_progress/2:1582 Supervisor: {<0.1077.0>,ranch_acceptors_sup}. Started: id={acceptor,<0.1077.0>,34},pid=<0.1111.0>.
2026-09-11 19:55:07.144975+09:00 [info] <0.1077.0>@supervisor:report_progress/2:1582 Supervisor: {<0.1077.0>,ranch_acceptors_sup}. Started: id={acceptor,<0.1077.0>,35},pid=<0.1112.0>.
2026-09-11 19:55:07.145034+09:00 [info] <0.1077.0>@supervisor:report_progress/2:1582 Supervisor: {<0.1077.0>,ranch_acceptors_sup}. Started: id={acceptor,<0.1077.0>,36},pid=<0.1113.0>.
2026-09-11 19:55:07.145109+09:00 [info] <0.1077.0>@supervisor:report_progress/2:1582 Supervisor: {<0.1077.0>,ranch_acceptors_sup}. Started: id={acceptor,<0.1077.0>,37},pid=<0.1114.0>.
2026-09-11 19:55:07.145157+09:00 [info] <0.1077.0>@supervisor:report_progress/2:1582 Supervisor: {<0.1077.0>,ranch_acceptors_sup}. Started: id={acceptor,<0.1077.0>,38},pid=<0.1115.0>.
2026-09-11 19:55:07.145219+09:00 [info] <0.1077.0>@supervisor:report_progress/2:1582 Supervisor: {<0.1077.0>,ranch_acceptors_sup}. Started: id={acceptor,<0.1077.0>,39},pid=<0.1116.0>.
2026-09-11 19:55:07.145267+09:00 [info] <0.1077.0>@supervisor:report_progress/2:1582 Supervisor: {<0.1077.0>,ranch_acceptors_sup}. Started: id={acceptor,<0.1077.0>,40},pid=<0.1117.0>.
2026-09-11 19:55:07.145327+09:00 [info] <0.1077.0>@supervisor:report_progress/2:1582 Supervisor: {<0.1077.0>,ranch_acceptors_sup}. Started: id={acceptor,<0.1077.0>,41},pid=<0.1118.0>.
2026-09-11 19:55:07.145394+09:00 [info] <0.1077.0>@supervisor:report_progress/2:1582 Supervisor: {<0.1077.0>,ranch_acceptors_sup}. Started: id={acceptor,<0.1077.0>,42},pid=<0.1119.0>.
2026-09-11 19:55:07.145443+09:00 [info] <0.1077.0>@supervisor:report_progress/2:1582 Supervisor: {<0.1077.0>,ranch_acceptors_sup}. Started: id={acceptor,<0.1077.0>,43},pid=<0.1120.0>.
2026-09-11 19:55:07.145504+09:00 [info] <0.1077.0>@supervisor:report_progress/2:1582 Supervisor: {<0.1077.0>,ranch_acceptors_sup}. Started: id={acceptor,<0.1077.0>,44},pid=<0.1121.0>.
2026-09-11 19:55:07.145553+09:00 [info] <0.1077.0>@supervisor:report_progress/2:1582 Supervisor: {<0.1077.0>,ranch_acceptors_sup}. Started: id={acceptor,<0.1077.0>,45},pid=<0.1122.0>.
2026-09-11 19:55:07.145614+09:00 [info] <0.1077.0>@supervisor:report_progress/2:1582 Supervisor: {<0.1077.0>,ranch_acceptors_sup}. Started: id={acceptor,<0.1077.0>,46},pid=<0.1123.0>.
2026-09-11 19:55:07.145676+09:00 [info] <0.1077.0>@supervisor:report_progress/2:1582 Supervisor: {<0.1077.0>,ranch_acceptors_sup}. Started: id={acceptor,<0.1077.0>,47},pid=<0.1124.0>.
2026-09-11 19:55:07.145723+09:00 [info] <0.1077.0>@supervisor:report_progress/2:1582 Supervisor: {<0.1077.0>,ranch_acceptors_sup}. Started: id={acceptor,<0.1077.0>,48},pid=<0.1125.0>.
2026-09-11 19:55:07.145821+09:00 [info] <0.1077.0>@supervisor:report_progress/2:1582 Supervisor: {<0.1077.0>,ranch_acceptors_sup}. Started: id={acceptor,<0.1077.0>,49},pid=<0.1126.0>.
2026-09-11 19:55:07.145881+09:00 [info] <0.1077.0>@supervisor:report_progress/2:1582 Supervisor: {<0.1077.0>,ranch_acceptors_sup}. Started: id={acceptor,<0.1077.0>,50},pid=<0.1127.0>.
2026-09-11 19:55:07.145942+09:00 [info] <0.1077.0>@supervisor:report_progress/2:1582 Supervisor: {<0.1077.0>,ranch_acceptors_sup}. Started: id={acceptor,<0.1077.0>,51},pid=<0.1128.0>.
2026-09-11 19:55:07.146006+09:00 [info] <0.1077.0>@supervisor:report_progress/2:1582 Supervisor: {<0.1077.0>,ranch_acceptors_sup}. Started: id={acceptor,<0.1077.0>,52},pid=<0.1129.0>.
2026-09-11 19:55:07.146056+09:00 [info] <0.1077.0>@supervisor:report_progress/2:1582 Supervisor: {<0.1077.0>,ranch_acceptors_sup}. Started: id={acceptor,<0.1077.0>,53},pid=<0.1130.0>.
2026-09-11 19:55:07.146115+09:00 [info] <0.1077.0>@supervisor:report_progress/2:1582 Supervisor: {<0.1077.0>,ranch_acceptors_sup}. Started: id={acceptor,<0.1077.0>,54},pid=<0.1131.0>.
2026-09-11 19:55:07.146163+09:00 [info] <0.1077.0>@supervisor:report_progress/2:1582 Supervisor: {<0.1077.0>,ranch_acceptors_sup}. Started: id={acceptor,<0.1077.0>,55},pid=<0.1132.0>.
2026-09-11 19:55:07.146227+09:00 [info] <0.1077.0>@supervisor:report_progress/2:1582 Supervisor: {<0.1077.0>,ranch_acceptors_sup}. Started: id={acceptor,<0.1077.0>,56},pid=<0.1133.0>.
2026-09-11 19:55:07.146290+09:00 [info] <0.1077.0>@supervisor:report_progress/2:1582 Supervisor: {<0.1077.0>,ranch_acceptors_sup}. Started: id={acceptor,<0.1077.0>,57},pid=<0.1134.0>.
2026-09-11 19:55:07.146339+09:00 [info] <0.1077.0>@supervisor:report_progress/2:1582 Supervisor: {<0.1077.0>,ranch_acceptors_sup}. Started: id={acceptor,<0.1077.0>,58},pid=<0.1135.0>.
2026-09-11 19:55:07.146403+09:00 [info] <0.1077.0>@supervisor:report_progress/2:1582 Supervisor: {<0.1077.0>,ranch_acceptors_sup}. Started: id={acceptor,<0.1077.0>,59},pid=<0.1136.0>.
2026-09-11 19:55:07.146454+09:00 [info] <0.1077.0>@supervisor:report_progress/2:1582 Supervisor: {<0.1077.0>,ranch_acceptors_sup}. Started: id={acceptor,<0.1077.0>,60},pid=<0.1137.0>.
2026-09-11 19:55:07.146514+09:00 [info] <0.1077.0>@supervisor:report_progress/2:1582 Supervisor: {<0.1077.0>,ranch_acceptors_sup}. Started: id={acceptor,<0.1077.0>,61},pid=<0.1138.0>.
2026-09-11 19:55:07.146578+09:00 [info] <0.1077.0>@supervisor:report_progress/2:1582 Supervisor: {<0.1077.0>,ranch_acceptors_sup}. Started: id={acceptor,<0.1077.0>,62},pid=<0.1139.0>.
2026-09-11 19:55:07.146641+09:00 [info] <0.1077.0>@supervisor:report_progress/2:1582 Supervisor: {<0.1077.0>,ranch_acceptors_sup}. Started: id={acceptor,<0.1077.0>,63},pid=<0.1140.0>.
2026-09-11 19:55:07.146709+09:00 [info] <0.1077.0>@supervisor:report_progress/2:1582 Supervisor: {<0.1077.0>,ranch_acceptors_sup}. Started: id={acceptor,<0.1077.0>,64},pid=<0.1141.0>.
2026-09-11 19:55:07.146758+09:00 [info] <0.1077.0>@supervisor:report_progress/2:1582 Supervisor: {<0.1077.0>,ranch_acceptors_sup}. Started: id={acceptor,<0.1077.0>,65},pid=<0.1142.0>.
2026-09-11 19:55:07.147684+09:00 [info] <0.1077.0>@supervisor:report_progress/2:1582 Supervisor: {<0.1077.0>,ranch_acceptors_sup}. Started: id={acceptor,<0.1077.0>,66},pid=<0.1143.0>.
2026-09-11 19:55:07.148554+09:00 [info] <0.1077.0>@supervisor:report_progress/2:1582 Supervisor: {<0.1077.0>,ranch_acceptors_sup}. Started: id={acceptor,<0.1077.0>,67},pid=<0.1144.0>.
2026-09-11 19:55:07.148749+09:00 [info] <0.1077.0>@supervisor:report_progress/2:1582 Supervisor: {<0.1077.0>,ranch_acceptors_sup}. Started: id={acceptor,<0.1077.0>,68},pid=<0.1145.0>.
2026-09-11 19:55:07.148862+09:00 [info] <0.1077.0>@supervisor:report_progress/2:1582 Supervisor: {<0.1077.0>,ranch_acceptors_sup}. Started: id={acceptor,<0.1077.0>,69},pid=<0.1146.0>.
2026-09-11 19:55:07.148928+09:00 [info] <0.1077.0>@supervisor:report_progress/2:1582 Supervisor: {<0.1077.0>,ranch_acceptors_sup}. Started: id={acceptor,<0.1077.0>,70},pid=<0.1147.0>.
2026-09-11 19:55:07.148997+09:00 [info] <0.1077.0>@supervisor:report_progress/2:1582 Supervisor: {<0.1077.0>,ranch_acceptors_sup}. Started: id={acceptor,<0.1077.0>,71},pid=<0.1148.0>.
2026-09-11 19:55:07.149062+09:00 [info] <0.1077.0>@supervisor:report_progress/2:1582 Supervisor: {<0.1077.0>,ranch_acceptors_sup}. Started: id={acceptor,<0.1077.0>,72},pid=<0.1149.0>.
2026-09-11 19:55:07.149112+09:00 [info] <0.1077.0>@supervisor:report_progress/2:1582 Supervisor: {<0.1077.0>,ranch_acceptors_sup}. Started: id={acceptor,<0.1077.0>,73},pid=<0.1150.0>.
2026-09-11 19:55:07.149179+09:00 [info] <0.1077.0>@supervisor:report_progress/2:1582 Supervisor: {<0.1077.0>,ranch_acceptors_sup}. Started: id={acceptor,<0.1077.0>,74},pid=<0.1151.0>.
2026-09-11 19:55:07.149228+09:00 [info] <0.1077.0>@supervisor:report_progress/2:1582 Supervisor: {<0.1077.0>,ranch_acceptors_sup}. Started: id={acceptor,<0.1077.0>,75},pid=<0.1152.0>.
2026-09-11 19:55:07.149288+09:00 [info] <0.1077.0>@supervisor:report_progress/2:1582 Supervisor: {<0.1077.0>,ranch_acceptors_sup}. Started: id={acceptor,<0.1077.0>,76},pid=<0.1153.0>.
2026-09-11 19:55:07.149357+09:00 [info] <0.1077.0>@supervisor:report_progress/2:1582 Supervisor: {<0.1077.0>,ranch_acceptors_sup}. Started: id={acceptor,<0.1077.0>,77},pid=<0.1154.0>.
2026-09-11 19:55:07.149407+09:00 [info] <0.1077.0>@supervisor:report_progress/2:1582 Supervisor: {<0.1077.0>,ranch_acceptors_sup}. Started: id={acceptor,<0.1077.0>,78},pid=<0.1155.0>.
2026-09-11 19:55:07.149469+09:00 [info] <0.1077.0>@supervisor:report_progress/2:1582 Supervisor: {<0.1077.0>,ranch_acceptors_sup}. Started: id={acceptor,<0.1077.0>,79},pid=<0.1156.0>.
2026-09-11 19:55:07.149551+09:00 [info] <0.1077.0>@supervisor:report_progress/2:1582 Supervisor: {<0.1077.0>,ranch_acceptors_sup}. Started: id={acceptor,<0.1077.0>,80},pid=<0.1157.0>.
2026-09-11 19:55:07.149714+09:00 [info] <0.1077.0>@supervisor:report_progress/2:1582 Supervisor: {<0.1077.0>,ranch_acceptors_sup}. Started: id={acceptor,<0.1077.0>,81},pid=<0.1158.0>.
2026-09-11 19:55:07.149983+09:00 [info] <0.1077.0>@supervisor:report_progress/2:1582 Supervisor: {<0.1077.0>,ranch_acceptors_sup}. Started: id={acceptor,<0.1077.0>,82},pid=<0.1159.0>.
2026-09-11 19:55:07.150127+09:00 [info] <0.1077.0>@supervisor:report_progress/2:1582 Supervisor: {<0.1077.0>,ranch_acceptors_sup}. Started: id={acceptor,<0.1077.0>,83},pid=<0.1160.0>.
2026-09-11 19:55:07.150547+09:00 [info] <0.1077.0>@supervisor:report_progress/2:1582 Supervisor: {<0.1077.0>,ranch_acceptors_sup}. Started: id={acceptor,<0.1077.0>,84},pid=<0.1161.0>.
2026-09-11 19:55:07.150882+09:00 [info] <0.1077.0>@supervisor:report_progress/2:1582 Supervisor: {<0.1077.0>,ranch_acceptors_sup}. Started: id={acceptor,<0.1077.0>,85},pid=<0.1162.0>.
2026-09-11 19:55:07.151437+09:00 [info] <0.1077.0>@supervisor:report_progress/2:1582 Supervisor: {<0.1077.0>,ranch_acceptors_sup}. Started: id={acceptor,<0.1077.0>,86},pid=<0.1163.0>.
2026-09-11 19:55:07.151909+09:00 [info] <0.1077.0>@supervisor:report_progress/2:1582 Supervisor: {<0.1077.0>,ranch_acceptors_sup}. Started: id={acceptor,<0.1077.0>,87},pid=<0.1164.0>.
2026-09-11 19:55:07.152182+09:00 [info] <0.1077.0>@supervisor:report_progress/2:1582 Supervisor: {<0.1077.0>,ranch_acceptors_sup}. Started: id={acceptor,<0.1077.0>,88},pid=<0.1165.0>.
2026-09-11 19:55:07.152536+09:00 [info] <0.1077.0>@supervisor:report_progress/2:1582 Supervisor: {<0.1077.0>,ranch_acceptors_sup}. Started: id={acceptor,<0.1077.0>,89},pid=<0.1166.0>.
2026-09-11 19:55:07.152764+09:00 [info] <0.1077.0>@supervisor:report_progress/2:1582 Supervisor: {<0.1077.0>,ranch_acceptors_sup}. Started: id={acceptor,<0.1077.0>,90},pid=<0.1167.0>.
2026-09-11 19:55:07.152951+09:00 [info] <0.1077.0>@supervisor:report_progress/2:1582 Supervisor: {<0.1077.0>,ranch_acceptors_sup}. Started: id={acceptor,<0.1077.0>,91},pid=<0.1168.0>.
2026-09-11 19:55:07.153097+09:00 [info] <0.1077.0>@supervisor:report_progress/2:1582 Supervisor: {<0.1077.0>,ranch_acceptors_sup}. Started: id={acceptor,<0.1077.0>,92},pid=<0.1169.0>.
2026-09-11 19:55:07.153193+09:00 [info] <0.1077.0>@supervisor:report_progress/2:1582 Supervisor: {<0.1077.0>,ranch_acceptors_sup}. Started: id={acceptor,<0.1077.0>,93},pid=<0.1170.0>.
2026-09-11 19:55:07.153289+09:00 [info] <0.1077.0>@supervisor:report_progress/2:1582 Supervisor: {<0.1077.0>,ranch_acceptors_sup}. Started: id={acceptor,<0.1077.0>,94},pid=<0.1171.0>.
2026-09-11 19:55:07.153354+09:00 [info] <0.1077.0>@supervisor:report_progress/2:1582 Supervisor: {<0.1077.0>,ranch_acceptors_sup}. Started: id={acceptor,<0.1077.0>,95},pid=<0.1172.0>.
2026-09-11 19:55:07.153429+09:00 [info] <0.1077.0>@supervisor:report_progress/2:1582 Supervisor: {<0.1077.0>,ranch_acceptors_sup}. Started: id={acceptor,<0.1077.0>,96},pid=<0.1173.0>.
2026-09-11 19:55:07.153515+09:00 [info] <0.1077.0>@supervisor:report_progress/2:1582 Supervisor: {<0.1077.0>,ranch_acceptors_sup}. Started: id={acceptor,<0.1077.0>,97},pid=<0.1174.0>.
2026-09-11 19:55:07.153740+09:00 [info] <0.1077.0>@supervisor:report_progress/2:1582 Supervisor: {<0.1077.0>,ranch_acceptors_sup}. Started: id={acceptor,<0.1077.0>,98},pid=<0.1175.0>.
2026-09-11 19:55:07.154027+09:00 [info] <0.1077.0>@supervisor:report_progress/2:1582 Supervisor: {<0.1077.0>,ranch_acceptors_sup}. Started: id={acceptor,<0.1077.0>,99},pid=<0.1176.0>.
2026-09-11 19:55:07.154320+09:00 [info] <0.1077.0>@supervisor:report_progress/2:1582 Supervisor: {<0.1077.0>,ranch_acceptors_sup}. Started: id={acceptor,<0.1077.0>,100},pid=<0.1177.0>.
2026-09-11 19:55:07.154636+09:00 [info] <0.975.0>@supervisor:report_progress/2:1582 Supervisor: {<0.975.0>,ranch_listener_sup}. Started: id=ranch_acceptors_sup,pid=<0.1077.0>.
2026-09-11 19:55:07.154762+09:00 [info] <0.647.0>@supervisor:report_progress/2:1582 Supervisor: {local,ranch_sup}. Started: id={ranch_listener_sup,{[49,50,55,46,48,46,48,46,49],9080}},pid=<0.975.0>.
2026-09-11 19:55:07.154870+09:00 [info] <0.973.0>@riak_core_service_mgr:start_dispatcher/3:524 Service manager: listening on 127.0.0.1:9080
2026-09-11 19:55:07.154950+09:00 [info] <0.972.0>@supervisor:report_progress/2:1582 Supervisor: {local,riak_core_cluster_mgr_sup}. Started: id=riak_core_service_mgr,pid=<0.973.0>.
2026-09-11 19:55:07.159072+09:00 [info] <0.972.0>@supervisor:report_progress/2:1582 Supervisor: {local,riak_core_cluster_mgr_sup}. Started: id=riak_core_connection_mgr,pid=<0.1178.0>.
2026-09-11 19:55:07.160930+09:00 [info] <0.972.0>@supervisor:report_progress/2:1582 Supervisor: {local,riak_core_cluster_mgr_sup}. Started: id=riak_core_cluster_conn_sup,pid=<0.1179.0>.
2026-09-11 19:55:07.163772+09:00 [info] <0.1180.0>@riak_core_cluster_mgr:become_leader/2:706 ClusterManager: 'openriak-kv@node-01.cluster-a.openriak' becoming the leader
2026-09-11 19:55:07.163921+09:00 [info] <0.972.0>@supervisor:report_progress/2:1582 Supervisor: {local,riak_core_cluster_mgr_sup}. Started: id=riak_repl_cluster_mgr,pid=<0.1180.0>.
2026-09-11 19:55:07.165906+09:00 [info] <0.1181.0>@riak_core_tcp_mon:init/1:167 Starting TCP Monitor
2026-09-11 19:55:07.166057+09:00 [info] <0.972.0>@supervisor:report_progress/2:1582 Supervisor: {local,riak_core_cluster_mgr_sup}. Started: id=riak_core_tcp_mon,pid=<0.1181.0>.
2026-09-11 19:55:07.166178+09:00 [info] <0.964.0>@supervisor:report_progress/2:1582 Supervisor: {local,riak_repl_sup}. Started: id=riak_core_cluster_mgr_sup,pid=<0.972.0>.
2026-09-11 19:55:07.168976+09:00 [info] <0.964.0>@supervisor:report_progress/2:1582 Supervisor: {local,riak_repl_sup}. Started: id=riak_repl2_fs_node_reserver,pid=<0.1182.0>.
2026-09-11 19:55:07.175610+09:00 [info] <0.1184.0>@supervisor:report_progress/2:1582 Supervisor: {local,riak_repl2_rtsource_sup}. Started: id=riak_repl2_rtq,pid=<0.1185.0>.
2026-09-11 19:55:07.178093+09:00 [info] <0.1184.0>@supervisor:report_progress/2:1582 Supervisor: {local,riak_repl2_rtsource_sup}. Started: id=riak_repl2_rtq_overload_counter,pid=<0.1186.0>.
2026-09-11 19:55:07.183579+09:00 [info] <0.1184.0>@supervisor:report_progress/2:1582 Supervisor: {local,riak_repl2_rtsource_sup}. Started: id=riak_repl2_rtsource_conn_sup,pid=<0.1187.0>.
2026-09-11 19:55:07.183793+09:00 [info] <0.1183.0>@supervisor:report_progress/2:1582 Supervisor: {local,riak_repl2_rt_sup}. Started: id=riak_repl2_rtsource_sup,pid=<0.1184.0>.
2026-09-11 19:55:07.188764+09:00 [info] <0.1188.0>@supervisor:report_progress/2:1582 Supervisor: {local,riak_repl2_rtsink_sup}. Started: id=riak_repl2_rtsink_pool,pid=<0.1189.0>.
2026-09-11 19:55:07.190069+09:00 [info] <0.1188.0>@supervisor:report_progress/2:1582 Supervisor: {local,riak_repl2_rtsink_sup}. Started: id=riak_repl2_rtsink_conn_sup,pid=<0.1196.0>.
2026-09-11 19:55:07.190205+09:00 [info] <0.1183.0>@supervisor:report_progress/2:1582 Supervisor: {local,riak_repl2_rt_sup}. Started: id=riak_repl2_rtsink_sup,pid=<0.1188.0>.
2026-09-11 19:55:07.190294+09:00 [info] <0.1183.0>@supervisor:report_progress/2:1582 Supervisor: {local,riak_repl2_rt_sup}. Started: id=riak_repl2_rt,pid=<0.1197.0>.
2026-09-11 19:55:07.190345+09:00 [info] <0.964.0>@supervisor:report_progress/2:1582 Supervisor: {local,riak_repl_sup}. Started: id=riak_repl2_rt_sup,pid=<0.1183.0>.
2026-09-11 19:55:07.191799+09:00 [info] <0.964.0>@supervisor:report_progress/2:1582 Supervisor: {local,riak_repl_sup}. Started: id=riak_repl2_fscoordinator_sup,pid=<0.1198.0>.
2026-09-11 19:55:07.193226+09:00 [info] <0.964.0>@supervisor:report_progress/2:1582 Supervisor: {local,riak_repl_sup}. Started: id=riak_repl2_fscoordinator_serv_sup,pid=<0.1199.0>.
2026-09-11 19:55:07.194781+09:00 [info] <0.964.0>@supervisor:report_progress/2:1582 Supervisor: {local,riak_repl_sup}. Started: id=riak_repl2_fssource_sup,pid=<0.1200.0>.
2026-09-11 19:55:07.196496+09:00 [info] <0.964.0>@supervisor:report_progress/2:1582 Supervisor: {local,riak_repl_sup}. Started: id=riak_repl2_fssink_pool,pid=<0.1201.0>.
2026-09-11 19:55:07.197709+09:00 [info] <0.964.0>@supervisor:report_progress/2:1582 Supervisor: {local,riak_repl_sup}. Started: id=riak_repl2_fssink_sup,pid=<0.1208.0>.
2026-09-11 19:55:07.200604+09:00 [info] <0.964.0>@supervisor:report_progress/2:1582 Supervisor: {local,riak_repl_sup}. Started: id=riak_repl2_pg_proxy_sup,pid=<0.1209.0>.
2026-09-11 19:55:07.207295+09:00 [info] <0.1210.0>@supervisor:report_progress/2:1582 Supervisor: {local,riak_repl2_pg_sup}. Started: id=riak_repl2_pg_block_provider_sup,pid=<0.1211.0>.
2026-09-11 19:55:07.209362+09:00 [info] <0.1210.0>@supervisor:report_progress/2:1582 Supervisor: {local,riak_repl2_pg_sup}. Started: id=riak_repl2_pg_block_requester_sup,pid=<0.1212.0>.
2026-09-11 19:55:07.209621+09:00 [info] <0.1210.0>@supervisor:report_progress/2:1582 Supervisor: {local,riak_repl2_pg_sup}. Started: id=riak_repl2_pg,pid=<0.1213.0>.
2026-09-11 19:55:07.209742+09:00 [info] <0.964.0>@supervisor:report_progress/2:1582 Supervisor: {local,riak_repl_sup}. Started: id=riak_repl2_pg_sup,pid=<0.1210.0>.
2026-09-11 19:55:07.216896+09:00 [info] <0.244.0>@supervisor:report_progress/2:1582 Supervisor: {local,riak_core_stats_sup}. Started: id=riak_core_connection_mgr_stats,pid=<0.1214.0>.
2026-09-11 19:55:07.238365+09:00 [info] <0.244.0>@supervisor:report_progress/2:1582 Supervisor: {local,riak_core_stats_sup}. Started: id=riak_repl_stats,pid=<0.1215.0>.
2026-09-11 19:55:07.262925+09:00 [info] <0.213.0>@supervisor:report_progress/2:1582 Supervisor: {local,riak_core_eventhandler_sup}. Started: id={riak_core_ring_events,riak_repl_ring_handler},pid=<0.1216.0>.
2026-09-11 19:55:07.271889+09:00 [info] <0.44.0>@application_controller:info_started/2:2130 Application: riak_repl. Started at: 'openriak-kv@node-01.cluster-a.openriak'.
2026-09-11 19:55:07.272338+09:00 [info] <0.44.0>@application_controller:info_started/2:2130 Application: canola. Started at: 'openriak-kv@node-01.cluster-a.openriak'.
2026-09-11 19:55:07.295883+09:00 [info] <0.44.0>@application_controller:info_started/2:2130 Application: riak_auth_mods. Started at: 'openriak-kv@node-01.cluster-a.openriak'.
2026-09-11 19:55:07.296444+09:00 [info] <0.44.0>@application_controller:info_started/2:2130 Application: riak_logger. Started at: 'openriak-kv@node-01.cluster-a.openriak'.
2026-09-11 19:55:07.992608+09:00 [info] <0.774.0>@leveled_monitor:handle_cast/2:580 log_ref=p0032 db_id=0 Fetch head timing with sample_count=0 and level timings of foundmem_time=0 found0_time=0 found1_time=0 found2_time=0 found3_time=0 foundlower_time=0 missed_time=0 with counts of foundmem_count=0 found0_count=0 found1_count=0 found2_count=0 found3_count=0 foundlower_count=0 missed_count=0 with sample_period=1 seconds
2026-09-11 19:55:17.162668+09:00 [info] <0.780.0>@leveled_monitor:handle_cast/2:534 log_ref=b0015 db_id=4 Put timing with sample_count=0 ink_time=0 prep_time=0 mem_time=0 with total_object_size=0 with sample_period=10 seconds
2026-09-11 19:55:28.518838+09:00 [info] <0.778.0>@leveled_monitor:handle_cast/2:534 log_ref=b0015 db_id=6 Put timing with sample_count=0 ink_time=0 prep_time=0 mem_time=0 with total_object_size=0 with sample_period=21 seconds
2026-09-11 19:55:29.944829+09:00 [info] <0.396.0>@riak_kv_replrtq_src:handle_info/2:646 QueueName=q1_ttaaefs has queue sizes p1=0 p2=0 p3=0
2026-09-11 19:55:38.473677+09:00 [info] <0.223.0>@riak_core_gossip:log_node_added/2:362 'openriak-kv@node-02.cluster-a.openriak' joined cluster with status 'joining'
2026-09-11 19:55:38.487252+09:00 [info] <0.1180.0>@riak_core_cluster_mgr:become_proxy/2:719 ClusterManager: 'openriak-kv@node-01.cluster-a.openriak' becoming a proxy to 'openriak-kv@node-02.cluster-a.openriak'
2026-09-11 19:55:39.514774+09:00 [info] <0.773.0>@leveled_monitor:handle_cast/2:551 log_ref=b0017 db_id=7 Snapshot timing with sample_count=0 and bookie_time=0 pcl_time=0 with sample_period=32 seconds
2026-09-11 19:55:39.637224+09:00 [info] <0.223.0>@riak_core_gossip:log_node_added/2:362 'openriak-kv@node-03.cluster-a.openriak' joined cluster with status 'joining'
2026-09-11 19:55:41.346417+09:00 [info] <0.223.0>@riak_core_gossip:log_node_added/2:362 'openriak-kv@node-04.cluster-a.openriak' joined cluster with status 'joining'
2026-09-11 19:55:42.601179+09:00 [info] <0.223.0>@riak_core_gossip:log_node_added/2:362 'openriak-kv@node-05.cluster-a.openriak' joined cluster with status 'joining'
2026-09-11 19:55:43.513117+09:00 [info] <0.777.0>@leveled_monitor:handle_cast/2:551 log_ref=b0017 db_id=5 Snapshot timing with sample_count=1 and bookie_time=1 pcl_time=17 with sample_period=36 seconds
2026-09-11 19:55:44.952212+09:00 [info] <0.241.0>@riak_core_membership_claim:claim/3:163 Claim requested with {riak_core_membership_claim,default_choose_claim} due to initial wants
2026-09-11 19:55:44.952600+09:00 [info] <0.241.0>@riak_core_claimant:rebalance_ring/1:1513 Claim algorithm completed in claim_time=0 ms
2026-09-11 19:55:45.906728+09:00 [info] <0.223.0>@riak_core_membership_claim:claim/3:163 Claim requested with {riak_core_membership_claim,default_choose_claim} due to initial wants
2026-09-11 19:55:45.907122+09:00 [info] <0.223.0>@riak_core_claimant:rebalance_ring/1:1513 Claim algorithm completed in claim_time=0 ms
2026-09-11 19:55:48.670055+09:00 [info] <0.223.0>@riak_core_vnode:mark_handoff_complete/5:658 Updating local ring as handoff of riak_pipe_vnode 182687704666362864775460604089535377456991567872 to awaiting node 'openriak-kv@node-02.cluster-a.openriak' complete
2026-09-11 19:55:48.682417+09:00 [info] <0.944.0>@riak_core_vnode:mark_handoff_complete/5:735 Handoff of riak_pipe_vnode 182687704666362864775460604089535377456991567872 complete to new owner - forward
2026-09-11 19:55:48.682564+09:00 [info] <0.944.0>@riak_core_vnode:finish_handoff/2:788 182687704666362864775460604089535377456991567872 riak_pipe_vnode vnode finished handoff and deleted in 0 milliseconds
2026-09-11 19:55:48.682414+09:00 [info] <0.223.0>@riak_core_vnode:mark_handoff_complete/5:658 Updating local ring as handoff of riak_pipe_vnode 548063113999088594326381812268606132370974703616 to awaiting node 'openriak-kv@node-05.cluster-a.openriak' complete
2026-09-11 19:55:48.692816+09:00 [info] <0.223.0>@riak_core_vnode:mark_handoff_complete/5:658 Updating local ring as handoff of riak_pipe_vnode 913438523331814323877303020447676887284957839360 to awaiting node 'openriak-kv@node-02.cluster-a.openriak' complete
2026-09-11 19:55:48.693072+09:00 [info] <0.950.0>@riak_core_vnode:mark_handoff_complete/5:735 Handoff of riak_pipe_vnode 548063113999088594326381812268606132370974703616 complete to new owner - forward
2026-09-11 19:55:48.693516+09:00 [info] <0.950.0>@riak_core_vnode:finish_handoff/2:788 548063113999088594326381812268606132370974703616 riak_pipe_vnode vnode finished handoff and deleted in 0 milliseconds
2026-09-11 19:55:48.701670+09:00 [info] <0.223.0>@riak_core_vnode:mark_handoff_complete/5:658 Updating local ring as handoff of riak_pipe_vnode 365375409332725729550921208179070754913983135744 to awaiting node 'openriak-kv@node-03.cluster-a.openriak' complete
2026-09-11 19:55:48.701795+09:00 [info] <0.956.0>@riak_core_vnode:mark_handoff_complete/5:735 Handoff of riak_pipe_vnode 913438523331814323877303020447676887284957839360 complete to new owner - forward
2026-09-11 19:55:48.701956+09:00 [info] <0.956.0>@riak_core_vnode:finish_handoff/2:788 913438523331814323877303020447676887284957839360 riak_pipe_vnode vnode finished handoff and deleted in 0 milliseconds
2026-09-11 19:55:48.709175+09:00 [info] <0.223.0>@riak_core_vnode:mark_handoff_complete/5:658 Updating local ring as handoff of riak_pipe_vnode 1096126227998177188652763624537212264741949407232 to awaiting node 'openriak-kv@node-03.cluster-a.openriak' complete
2026-09-11 19:55:48.709242+09:00 [info] <0.947.0>@riak_core_vnode:mark_handoff_complete/5:735 Handoff of riak_pipe_vnode 365375409332725729550921208179070754913983135744 complete to new owner - forward
2026-09-11 19:55:48.709376+09:00 [info] <0.947.0>@riak_core_vnode:finish_handoff/2:788 365375409332725729550921208179070754913983135744 riak_pipe_vnode vnode finished handoff and deleted in 0 milliseconds
2026-09-11 19:55:48.718608+09:00 [info] <0.959.0>@riak_core_vnode:mark_handoff_complete/5:735 Handoff of riak_pipe_vnode 1096126227998177188652763624537212264741949407232 complete to new owner - forward
2026-09-11 19:55:48.718712+09:00 [info] <0.959.0>@riak_core_vnode:finish_handoff/2:788 1096126227998177188652763624537212264741949407232 riak_pipe_vnode vnode finished handoff and deleted in 0 milliseconds
2026-09-11 19:55:48.718417+09:00 [info] <0.223.0>@riak_core_vnode:mark_handoff_complete/5:658 Updating local ring as handoff of riak_pipe_vnode 1278813932664540053428224228626747642198940975104 to awaiting node 'openriak-kv@node-04.cluster-a.openriak' complete
2026-09-11 19:55:48.727242+09:00 [info] <0.223.0>@riak_core_vnode:mark_handoff_complete/5:658 Updating local ring as handoff of riak_kv_vnode 548063113999088594326381812268606132370974703616 to awaiting node 'openriak-kv@node-05.cluster-a.openriak' complete
2026-09-11 19:55:48.727284+09:00 [info] <0.962.0>@riak_core_vnode:mark_handoff_complete/5:735 Handoff of riak_pipe_vnode 1278813932664540053428224228626747642198940975104 complete to new owner - forward
2026-09-11 19:55:48.727526+09:00 [info] <0.962.0>@riak_core_vnode:finish_handoff/2:788 1278813932664540053428224228626747642198940975104 riak_pipe_vnode vnode finished handoff and deleted in 0 milliseconds
2026-09-11 19:55:48.735854+09:00 [info] <0.223.0>@riak_core_vnode:mark_handoff_complete/5:658 Updating local ring as handoff of riak_kv_vnode 1278813932664540053428224228626747642198940975104 to awaiting node 'openriak-kv@node-04.cluster-a.openriak' complete
2026-09-11 19:55:48.735992+09:00 [info] <0.742.0>@riak_core_vnode:mark_handoff_complete/5:735 Handoff of riak_kv_vnode 548063113999088594326381812268606132370974703616 complete to new owner - forward
2026-09-11 19:55:48.744841+09:00 [info] <0.223.0>@riak_core_vnode:mark_handoff_complete/5:658 Updating local ring as handoff of riak_kv_vnode 913438523331814323877303020447676887284957839360 to awaiting node 'openriak-kv@node-02.cluster-a.openriak' complete
2026-09-11 19:55:48.745145+09:00 [info] <0.747.0>@riak_core_vnode:mark_handoff_complete/5:735 Handoff of riak_kv_vnode 1278813932664540053428224228626747642198940975104 complete to new owner - forward
2026-09-11 19:55:48.755375+09:00 [warning] <0.767.0>@leveled_bookie:handle_call/3:1732 log_ref=b0011 db_id=3 Call to destroy the store and so all files to be removed
2026-09-11 19:55:48.755786+09:00 [warning] <0.786.0>@leveled_inker:handle_call/3:776 log_ref=i0018 db_id=3 We're doomed - intention recorded to destroy all files
2026-09-11 19:55:48.755962+09:00 [info] <0.786.0>@leveled_inker:handle_call/3:780 log_ref=i0005 db_id=3 Inker closing journal for reason doom
2026-09-11 19:55:48.756117+09:00 [info] <0.786.0>@leveled_inker:handle_call/3:782 log_ref=i0006 db_id=3 Close triggered with journal_sqn=0 and manifest_sqn=2
2026-09-11 19:55:48.756357+09:00 [info] <0.786.0>@leveled_inker:shutdown_manifest/1:1036 log_ref=i0007 db_id=3 Inker manifest when closing is:
2026-09-11 19:55:48.756627+09:00 [warning] <0.810.0>@leveled_penciller:handle_call/3:1093 log_ref=p0030 db_id=3 We're doomed - intention recorded to destroy all files
2026-09-11 19:55:48.756757+09:00 [info] <0.818.0>@leveled_pclerk:terminate/2:178 log_ref=pc005 db_id=3 Penciller's Clerk <0.818.0> shutdown now complete for reason normal
2026-09-11 19:55:48.759121+09:00 [info] <0.767.0>@leveled_bookie:terminate/2:1803 log_ref=b0003 db_id=3 Bookie closing for reason normal
2026-09-11 19:55:48.759462+09:00 [info] <0.861.0>@aae_treecache:handle_cast/2:354 log_ref=c0004 Destroying tree cache for partition {365375409332725729550921208179070754913983135744,3}
2026-09-11 19:55:48.759440+09:00 [info] <0.870.0>@aae_treecache:handle_cast/2:354 log_ref=c0004 Destroying tree cache for partition {548063113999088594326381812268606132370974703616,3}
2026-09-11 19:55:48.759609+09:00 [info] <0.852.0>@aae_treecache:handle_cast/2:354 log_ref=c0004 Destroying tree cache for partition {182687704666362864775460604089535377456991567872,3}
2026-09-11 19:55:48.759698+09:00 [info] <0.742.0>@riak_core_vnode:finish_handoff/2:788 548063113999088594326381812268606132370974703616 riak_kv_vnode vnode finished handoff and deleted in 23 milliseconds
2026-09-11 19:55:48.761622+09:00 [info] <0.223.0>@riak_core_vnode:mark_handoff_complete/5:658 Updating local ring as handoff of riak_kv_vnode 1096126227998177188652763624537212264741949407232 to awaiting node 'openriak-kv@node-03.cluster-a.openriak' complete
2026-09-11 19:55:48.761853+09:00 [info] <0.744.0>@riak_core_vnode:mark_handoff_complete/5:735 Handoff of riak_kv_vnode 913438523331814323877303020447676887284957839360 complete to new owner - forward
2026-09-11 19:55:48.768733+09:00 [warning] <0.771.0>@leveled_bookie:handle_call/3:1732 log_ref=b0011 db_id=7 Call to destroy the store and so all files to be removed
2026-09-11 19:55:48.769162+09:00 [warning] <0.783.0>@leveled_inker:handle_call/3:776 log_ref=i0018 db_id=7 We're doomed - intention recorded to destroy all files
2026-09-11 19:55:48.769286+09:00 [info] <0.783.0>@leveled_inker:handle_call/3:780 log_ref=i0005 db_id=7 Inker closing journal for reason doom
2026-09-11 19:55:48.769601+09:00 [info] <0.783.0>@leveled_inker:handle_call/3:782 log_ref=i0006 db_id=7 Close triggered with journal_sqn=0 and manifest_sqn=2
2026-09-11 19:55:48.769847+09:00 [info] <0.783.0>@leveled_inker:shutdown_manifest/1:1036 log_ref=i0007 db_id=7 Inker manifest when closing is:
2026-09-11 19:55:48.770093+09:00 [warning] <0.811.0>@leveled_penciller:handle_call/3:1093 log_ref=p0030 db_id=7 We're doomed - intention recorded to destroy all files
2026-09-11 19:55:48.770313+09:00 [info] <0.820.0>@leveled_pclerk:terminate/2:178 log_ref=pc005 db_id=7 Penciller's Clerk <0.820.0> shutdown now complete for reason normal
2026-09-11 19:55:48.771671+09:00 [info] <0.771.0>@leveled_bookie:terminate/2:1803 log_ref=b0003 db_id=7 Bookie closing for reason normal
2026-09-11 19:55:48.771811+09:00 [info] <0.868.0>@aae_treecache:handle_cast/2:354 log_ref=c0004 Destroying tree cache for partition {1278813932664540053428224228626747642198940975104,3}
2026-09-11 19:55:48.771886+09:00 [info] <0.862.0>@aae_treecache:handle_cast/2:354 log_ref=c0004 Destroying tree cache for partition {1096126227998177188652763624537212264741949407232,3}
2026-09-11 19:55:48.771964+09:00 [info] <0.747.0>@riak_core_vnode:finish_handoff/2:788 1278813932664540053428224228626747642198940975104 riak_kv_vnode vnode finished handoff and deleted in 22 milliseconds
2026-09-11 19:55:48.771840+09:00 [info] <0.854.0>@aae_treecache:handle_cast/2:354 log_ref=c0004 Destroying tree cache for partition {913438523331814323877303020447676887284957839360,3}
2026-09-11 19:55:48.775829+09:00 [warning] <0.765.0>@leveled_bookie:handle_call/3:1732 log_ref=b0011 db_id=5 Call to destroy the store and so all files to be removed
2026-09-11 19:55:48.776070+09:00 [warning] <0.782.0>@leveled_inker:handle_call/3:776 log_ref=i0018 db_id=5 We're doomed - intention recorded to destroy all files
2026-09-11 19:55:48.776190+09:00 [info] <0.782.0>@leveled_inker:handle_call/3:780 log_ref=i0005 db_id=5 Inker closing journal for reason doom
2026-09-11 19:55:48.776250+09:00 [info] <0.782.0>@leveled_inker:handle_call/3:782 log_ref=i0006 db_id=5 Close triggered with journal_sqn=0 and manifest_sqn=2
2026-09-11 19:55:48.776384+09:00 [info] <0.782.0>@leveled_inker:shutdown_manifest/1:1036 log_ref=i0007 db_id=5 Inker manifest when closing is:
2026-09-11 19:55:48.776550+09:00 [warning] <0.812.0>@leveled_penciller:handle_call/3:1093 log_ref=p0030 db_id=5 We're doomed - intention recorded to destroy all files
2026-09-11 19:55:48.776571+09:00 [info] <0.223.0>@riak_core_vnode:mark_handoff_complete/5:658 Updating local ring as handoff of riak_kv_vnode 365375409332725729550921208179070754913983135744 to awaiting node 'openriak-kv@node-03.cluster-a.openriak' complete
2026-09-11 19:55:48.776632+09:00 [info] <0.745.0>@riak_core_vnode:mark_handoff_complete/5:735 Handoff of riak_kv_vnode 1096126227998177188652763624537212264741949407232 complete to new owner - forward
2026-09-11 19:55:48.776677+09:00 [info] <0.817.0>@leveled_pclerk:terminate/2:178 log_ref=pc005 db_id=5 Penciller's Clerk <0.817.0> shutdown now complete for reason normal
2026-09-11 19:55:48.780957+09:00 [info] <0.765.0>@leveled_bookie:terminate/2:1803 log_ref=b0003 db_id=5 Bookie closing for reason normal
2026-09-11 19:55:48.781340+09:00 [info] <0.859.0>@aae_treecache:handle_cast/2:354 log_ref=c0004 Destroying tree cache for partition {730750818665451459101842416358141509827966271488,3}
2026-09-11 19:55:48.781398+09:00 [info] <0.744.0>@riak_core_vnode:finish_handoff/2:788 913438523331814323877303020447676887284957839360 riak_kv_vnode vnode finished handoff and deleted in 19 milliseconds
2026-09-11 19:55:48.781902+09:00 [info] <0.867.0>@aae_treecache:handle_cast/2:354 log_ref=c0004 Destroying tree cache for partition {913438523331814323877303020447676887284957839360,3}
2026-09-11 19:55:48.781935+09:00 [info] <0.851.0>@aae_treecache:handle_cast/2:354 log_ref=c0004 Destroying tree cache for partition {548063113999088594326381812268606132370974703616,3}
2026-09-11 19:55:48.785245+09:00 [info] <0.223.0>@riak_core_vnode:mark_handoff_complete/5:658 Updating local ring as handoff of riak_kv_vnode 182687704666362864775460604089535377456991567872 to awaiting node 'openriak-kv@node-02.cluster-a.openriak' complete
2026-09-11 19:55:48.785605+09:00 [info] <0.741.0>@riak_core_vnode:mark_handoff_complete/5:735 Handoff of riak_kv_vnode 365375409332725729550921208179070754913983135744 complete to new owner - forward
2026-09-11 19:55:48.791239+09:00 [warning] <0.770.0>@leveled_bookie:handle_call/3:1732 log_ref=b0011 db_id=6 Call to destroy the store and so all files to be removed
2026-09-11 19:55:48.791561+09:00 [warning] <0.789.0>@leveled_inker:handle_call/3:776 log_ref=i0018 db_id=6 We're doomed - intention recorded to destroy all files
2026-09-11 19:55:48.791730+09:00 [info] <0.789.0>@leveled_inker:handle_call/3:780 log_ref=i0005 db_id=6 Inker closing journal for reason doom
2026-09-11 19:55:48.791883+09:00 [info] <0.789.0>@leveled_inker:handle_call/3:782 log_ref=i0006 db_id=6 Close triggered with journal_sqn=0 and manifest_sqn=2
2026-09-11 19:55:48.792098+09:00 [info] <0.789.0>@leveled_inker:shutdown_manifest/1:1036 log_ref=i0007 db_id=6 Inker manifest when closing is:
2026-09-11 19:55:48.793294+09:00 [warning] <0.814.0>@leveled_penciller:handle_call/3:1093 log_ref=p0030 db_id=6 We're doomed - intention recorded to destroy all files
2026-09-11 19:55:48.793540+09:00 [info] <0.815.0>@leveled_pclerk:terminate/2:178 log_ref=pc005 db_id=6 Penciller's Clerk <0.815.0> shutdown now complete for reason normal
2026-09-11 19:55:48.797940+09:00 [info] <0.770.0>@leveled_bookie:terminate/2:1803 log_ref=b0003 db_id=6 Bookie closing for reason normal
2026-09-11 19:55:48.798358+09:00 [info] <0.863.0>@aae_treecache:handle_cast/2:354 log_ref=c0004 Destroying tree cache for partition {1096126227998177188652763624537212264741949407232,3}
2026-09-11 19:55:48.798534+09:00 [info] <0.855.0>@aae_treecache:handle_cast/2:354 log_ref=c0004 Destroying tree cache for partition {913438523331814323877303020447676887284957839360,3}
2026-09-11 19:55:48.798614+09:00 [info] <0.847.0>@aae_treecache:handle_cast/2:354 log_ref=c0004 Destroying tree cache for partition {730750818665451459101842416358141509827966271488,3}
2026-09-11 19:55:48.798718+09:00 [info] <0.745.0>@riak_core_vnode:finish_handoff/2:788 1096126227998177188652763624537212264741949407232 riak_kv_vnode vnode finished handoff and deleted in 21 milliseconds
2026-09-11 19:55:48.799539+09:00 [warning] <0.766.0>@leveled_bookie:handle_call/3:1732 log_ref=b0011 db_id=2 Call to destroy the store and so all files to be removed
2026-09-11 19:55:48.799766+09:00 [info] <0.740.0>@riak_core_vnode:mark_handoff_complete/5:735 Handoff of riak_kv_vnode 182687704666362864775460604089535377456991567872 complete to new owner - forward
2026-09-11 19:55:48.799776+09:00 [warning] <0.787.0>@leveled_inker:handle_call/3:776 log_ref=i0018 db_id=2 We're doomed - intention recorded to destroy all files
2026-09-11 19:55:48.799918+09:00 [info] <0.787.0>@leveled_inker:handle_call/3:780 log_ref=i0005 db_id=2 Inker closing journal for reason doom
2026-09-11 19:55:48.800033+09:00 [info] <0.787.0>@leveled_inker:handle_call/3:782 log_ref=i0006 db_id=2 Close triggered with journal_sqn=0 and manifest_sqn=2
2026-09-11 19:55:48.800256+09:00 [info] <0.787.0>@leveled_inker:shutdown_manifest/1:1036 log_ref=i0007 db_id=2 Inker manifest when closing is:
2026-09-11 19:55:48.800875+09:00 [warning] <0.813.0>@leveled_penciller:handle_call/3:1093 log_ref=p0030 db_id=2 We're doomed - intention recorded to destroy all files
2026-09-11 19:55:48.801039+09:00 [info] <0.816.0>@leveled_pclerk:terminate/2:178 log_ref=pc005 db_id=2 Penciller's Clerk <0.816.0> shutdown now complete for reason normal
2026-09-11 19:55:48.804848+09:00 [info] <0.766.0>@leveled_bookie:terminate/2:1803 log_ref=b0003 db_id=2 Bookie closing for reason normal
2026-09-11 19:55:48.805168+09:00 [info] <0.869.0>@aae_treecache:handle_cast/2:354 log_ref=c0004 Destroying tree cache for partition {365375409332725729550921208179070754913983135744,3}
2026-09-11 19:55:48.805288+09:00 [info] <0.858.0>@aae_treecache:handle_cast/2:354 log_ref=c0004 Destroying tree cache for partition {182687704666362864775460604089535377456991567872,3}
2026-09-11 19:55:48.805365+09:00 [info] <0.850.0>@aae_treecache:handle_cast/2:354 log_ref=c0004 Destroying tree cache for partition {0,3}
2026-09-11 19:55:48.805456+09:00 [info] <0.741.0>@riak_core_vnode:finish_handoff/2:788 365375409332725729550921208179070754913983135744 riak_kv_vnode vnode finished handoff and deleted in 19 milliseconds
2026-09-11 19:55:48.810638+09:00 [warning] <0.768.0>@leveled_bookie:handle_call/3:1732 log_ref=b0011 db_id=1 Call to destroy the store and so all files to be removed
2026-09-11 19:55:48.810873+09:00 [warning] <0.785.0>@leveled_inker:handle_call/3:776 log_ref=i0018 db_id=1 We're doomed - intention recorded to destroy all files
2026-09-11 19:55:48.811125+09:00 [info] <0.785.0>@leveled_inker:handle_call/3:780 log_ref=i0005 db_id=1 Inker closing journal for reason doom
2026-09-11 19:55:48.811444+09:00 [info] <0.785.0>@leveled_inker:handle_call/3:782 log_ref=i0006 db_id=1 Close triggered with journal_sqn=0 and manifest_sqn=2
2026-09-11 19:55:48.811720+09:00 [info] <0.785.0>@leveled_inker:shutdown_manifest/1:1036 log_ref=i0007 db_id=1 Inker manifest when closing is:
2026-09-11 19:55:48.812075+09:00 [warning] <0.809.0>@leveled_penciller:handle_call/3:1093 log_ref=p0030 db_id=1 We're doomed - intention recorded to destroy all files
2026-09-11 19:55:48.812243+09:00 [info] <0.822.0>@leveled_pclerk:terminate/2:178 log_ref=pc005 db_id=1 Penciller's Clerk <0.822.0> shutdown now complete for reason normal
2026-09-11 19:55:48.813928+09:00 [info] <0.768.0>@leveled_bookie:terminate/2:1803 log_ref=b0003 db_id=1 Bookie closing for reason normal
2026-09-11 19:55:48.814172+09:00 [info] <0.857.0>@aae_treecache:handle_cast/2:354 log_ref=c0004 Destroying tree cache for partition {0,3}
2026-09-11 19:55:48.814298+09:00 [info] <0.740.0>@riak_core_vnode:finish_handoff/2:788 182687704666362864775460604089535377456991567872 riak_kv_vnode vnode finished handoff and deleted in 14 milliseconds
2026-09-11 19:55:48.814239+09:00 [info] <0.864.0>@aae_treecache:handle_cast/2:354 log_ref=c0004 Destroying tree cache for partition {182687704666362864775460604089535377456991567872,3}
2026-09-11 19:55:48.814310+09:00 [info] <0.848.0>@aae_treecache:handle_cast/2:354 log_ref=c0004 Destroying tree cache for partition {1278813932664540053428224228626747642198940975104,3}
2026-09-11 19:56:01.792637+09:00 [info] <0.395.0>@riak_kv_ttaaefs_manager:handle_info/2:648 Initiated Tictac AAE Full-Sync Mgr with scope=disabled
2026-09-11 19:56:01.792870+09:00 [info] <0.395.0>@riak_kv_ttaaefs_manager:handle_info/2:668 Initiating schedule at startup SlotInfo {1,5,1} Schedule [{no_check,24},{all_check,0},{day_check,0},{hour_check,0},{range_check,0},{auto_check,0}]
2026-09-11 19:56:01.793202+09:00 [info] <0.395.0>@riak_kv_ttaaefs_manager:handle_info/2:686 Scheduling work_item=no_check in 283 seconds 23 items to run in schedule
2026-09-11 19:56:01.802746+09:00 [info] <0.396.0>@riak_kv_replrtq_src:handle_info/2:646 QueueName=q1_ttaaefs has queue sizes p1=0 p2=0 p3=0
2026-09-11 19:56:01.816219+09:00 [info] <0.401.0>@riak_kv_overflow_queue:log/5:129 riak_kv_reaper job_id=0 has attempts=0 aborts=0 Queue lengths queue_p2=0 queue_p1=0 Overflow lengths overflow_p2=0 overflow_p1=0 Discard counts discard_p2=0 discard_p1=0
2026-09-11 19:56:01.816366+09:00 [info] <0.404.0>@riak_kv_overflow_queue:log/5:129 riak_kv_reader job_id=0 has attempts=0 aborts=0 Queue lengths queue_p2=0 queue_p1=0 Overflow lengths overflow_p2=0 overflow_p1=0 Discard counts discard_p2=0 discard_p1=0
2026-09-11 19:56:01.816427+09:00 [info] <0.402.0>@riak_kv_overflow_queue:log/5:129 riak_kv_eraser job_id=0 has attempts=0 aborts=0 Queue lengths queue_p2=0 queue_p1=0 Overflow lengths overflow_p2=0 overflow_p1=0 Discard counts discard_p2=0 discard_p1=0
2026-09-11 19:56:03.642626+09:00 [info] <0.603.0>@riak_core_worker_pool:handle_info/3:257 worker_pool=af1_pool has qlen=0 and no items checked out
2026-09-11 19:56:03.642886+09:00 [info] <0.608.0>@riak_core_worker_pool:handle_info/3:257 worker_pool=af2_pool has qlen=0 and no items checked out
2026-09-11 19:56:03.643580+09:00 [info] <0.612.0>@riak_core_worker_pool:handle_info/3:257 worker_pool=af3_pool has qlen=0 and no items checked out
2026-09-11 19:56:03.643671+09:00 [info] <0.619.0>@riak_core_worker_pool:handle_info/3:257 worker_pool=af4_pool has qlen=0 and no items checked out
2026-09-11 19:56:03.643706+09:00 [info] <0.623.0>@riak_core_worker_pool:handle_info/3:257 worker_pool=be_pool has qlen=0 and no items checked out
2026-09-11 19:56:11.706642+09:00 [info] <0.774.0>@leveled_monitor:handle_cast/2:494 log_ref=b0016 db_id=0 Get timing with sample_count=0 and head_time=0 body_time=0 with fetch_count=0 with sample_period=64 seconds
2026-09-11 19:56:20.876583+09:00 [info] <0.780.0>@leveled_monitor:handle_cast/2:551 log_ref=b0017 db_id=4 Snapshot timing with sample_count=0 and bookie_time=0 pcl_time=0 with sample_period=74 seconds
2026-09-11 19:56:33.683965+09:00 [info] <0.396.0>@riak_kv_replrtq_src:handle_info/2:646 QueueName=q1_ttaaefs has queue sizes p1=0 p2=0 p3=0
2026-09-11 19:56:43.587894+09:00 [info] <0.774.0>@leveled_monitor:handle_cast/2:625 log_ref=cdb19 db_id=0 Sample timings in microseconds for sample_count=0 with totals of cycle_count=0 index_time=0 read_time=0 with sample_period=96 seconds
2026-09-11 19:56:52.759615+09:00 [info] <0.780.0>@leveled_monitor:handle_cast/2:580 log_ref=p0032 db_id=4 Fetch head timing with sample_count=0 and level timings of foundmem_time=0 found0_time=0 found1_time=0 found2_time=0 found3_time=0 foundlower_time=0 missed_time=0 with counts of foundmem_count=0 found0_count=0 found1_count=0 found2_count=0 found3_count=0 foundlower_count=0 missed_count=0 with sample_period=105 seconds
2026-09-11 19:57:02.558118+09:00 [info] <0.612.0>@riak_core_worker_pool:handle_info/3:257 worker_pool=af3_pool has qlen=0 and no items checked out
2026-09-11 19:57:02.780086+09:00 [info] <0.623.0>@riak_core_worker_pool:handle_info/3:257 worker_pool=be_pool has qlen=0 and no items checked out
2026-09-11 19:57:03.781197+09:00 [info] <0.608.0>@riak_core_worker_pool:handle_info/3:257 worker_pool=af2_pool has qlen=0 and no items checked out
2026-09-11 19:57:05.130171+09:00 [info] <0.619.0>@riak_core_worker_pool:handle_info/3:257 worker_pool=af4_pool has qlen=0 and no items checked out
2026-09-11 19:57:05.493072+09:00 [info] <0.396.0>@riak_kv_replrtq_src:handle_info/2:646 QueueName=q1_ttaaefs has queue sizes p1=0 p2=0 p3=0
2026-09-11 19:57:05.503172+09:00 [info] <0.401.0>@riak_kv_overflow_queue:log/5:129 riak_kv_reaper job_id=0 has attempts=0 aborts=0 Queue lengths queue_p2=0 queue_p1=0 Overflow lengths overflow_p2=0 overflow_p1=0 Discard counts discard_p2=0 discard_p1=0
2026-09-11 19:57:05.503365+09:00 [info] <0.404.0>@riak_kv_overflow_queue:log/5:129 riak_kv_reader job_id=0 has attempts=0 aborts=0 Queue lengths queue_p2=0 queue_p1=0 Overflow lengths overflow_p2=0 overflow_p1=0 Discard counts discard_p2=0 discard_p1=0
2026-09-11 19:57:05.503439+09:00 [info] <0.402.0>@riak_kv_overflow_queue:log/5:129 riak_kv_eraser job_id=0 has attempts=0 aborts=0 Queue lengths queue_p2=0 queue_p1=0 Overflow lengths overflow_p2=0 overflow_p1=0 Discard counts discard_p2=0 discard_p1=0
2026-09-11 19:57:06.815877+09:00 [info] <0.603.0>@riak_core_worker_pool:handle_info/3:257 worker_pool=af1_pool has qlen=0 and no items checked out
2026-09-11 19:57:15.391204+09:00 [info] <0.774.0>@leveled_monitor:handle_cast/2:534 log_ref=b0015 db_id=0 Put timing with sample_count=0 ink_time=0 prep_time=0 mem_time=0 with total_object_size=0 with sample_period=128 seconds
2026-09-11 19:57:24.560103+09:00 [info] <0.780.0>@leveled_monitor:handle_cast/2:515 log_ref=b0018 db_id=4 Positive HEAD responses timed with sample_count=0 and cache_count=0 found_count=0 fetch_ledger_time=0 fetch_ledgercache_time=0 rsp_time=0 notfound_time=0 with sample_period=137 seconds
2026-09-11 19:57:37.345685+09:00 [info] <0.396.0>@riak_kv_replrtq_src:handle_info/2:646 QueueName=q1_ttaaefs has queue sizes p1=0 p2=0 p3=0
2026-09-11 19:57:47.243597+09:00 [info] <0.774.0>@leveled_monitor:handle_cast/2:515 log_ref=b0018 db_id=0 Positive HEAD responses timed with sample_count=0 and cache_count=0 found_count=0 fetch_ledger_time=0 fetch_ledgercache_time=0 rsp_time=0 notfound_time=0 with sample_period=160 seconds
2026-09-11 19:57:56.412848+09:00 [info] <0.780.0>@leveled_monitor:handle_cast/2:625 log_ref=cdb19 db_id=4 Sample timings in microseconds for sample_count=0 with totals of cycle_count=0 index_time=0 read_time=0 with sample_period=169 seconds
2026-09-11 19:58:02.919258+09:00 [info] <0.619.0>@riak_core_worker_pool:handle_info/3:257 worker_pool=af4_pool has qlen=0 and no items checked out
2026-09-11 19:58:02.995328+09:00 [info] <0.612.0>@riak_core_worker_pool:handle_info/3:257 worker_pool=af3_pool has qlen=0 and no items checked out
2026-09-11 19:58:04.045239+09:00 [info] <0.623.0>@riak_core_worker_pool:handle_info/3:257 worker_pool=be_pool has qlen=0 and no items checked out
2026-09-11 19:58:04.390006+09:00 [info] <0.608.0>@riak_core_worker_pool:handle_info/3:257 worker_pool=af2_pool has qlen=0 and no items checked out
2026-09-11 19:58:09.228999+09:00 [info] <0.396.0>@riak_kv_replrtq_src:handle_info/2:646 QueueName=q1_ttaaefs has queue sizes p1=0 p2=0 p3=0
2026-09-11 19:58:09.239088+09:00 [info] <0.404.0>@riak_kv_overflow_queue:log/5:129 riak_kv_reader job_id=0 has attempts=0 aborts=0 Queue lengths queue_p2=0 queue_p1=0 Overflow lengths overflow_p2=0 overflow_p1=0 Discard counts discard_p2=0 discard_p1=0
2026-09-11 19:58:09.239289+09:00 [info] <0.402.0>@riak_kv_overflow_queue:log/5:129 riak_kv_eraser job_id=0 has attempts=0 aborts=0 Queue lengths queue_p2=0 queue_p1=0 Overflow lengths overflow_p2=0 overflow_p1=0 Discard counts discard_p2=0 discard_p1=0
2026-09-11 19:58:09.239455+09:00 [info] <0.401.0>@riak_kv_overflow_queue:log/5:129 riak_kv_reaper job_id=0 has attempts=0 aborts=0 Queue lengths queue_p2=0 queue_p1=0 Overflow lengths overflow_p2=0 overflow_p1=0 Discard counts discard_p2=0 discard_p1=0
2026-09-11 19:58:10.317474+09:00 [info] <0.603.0>@riak_core_worker_pool:handle_info/3:257 worker_pool=af1_pool has qlen=0 and no items checked out
2026-09-11 19:58:18.433823+09:00 [info] <0.4524.0>@supervisor_bridge:report_progress/4:139 Supervisor: {local,inet_gethost_native_sup}. Started: pid=<0.4525.0>,mfa={inet_gethost_native,init,[[]]}.
2026-09-11 19:58:18.434193+09:00 [info] <0.82.0>@supervisor:report_progress/2:1582 Supervisor: {local,kernel_safe_sup}. Started: id=inet_gethost_native_sup,pid=<0.4524.0>.
2026-09-11 19:58:19.127028+09:00 [info] <0.774.0>@leveled_monitor:handle_cast/2:551 log_ref=b0017 db_id=0 Snapshot timing with sample_count=0 and bookie_time=0 pcl_time=0 with sample_period=192 seconds
2026-09-11 19:58:26.720087+09:00 [info] <0.651.0>@riak_repl_app:prep_stop/1:336 Redirecting realtime replication traffic
2026-09-11 19:58:26.726673+09:00 [info] <0.82.0>@supervisor:report_progress/2:1582 Supervisor: {local,kernel_safe_sup}. Started: id=riak_repl2_rtq_proxy,pid=<0.4645.0>.
2026-09-11 19:58:26.726937+09:00 [info] <0.651.0>@riak_repl_app:prep_stop/1:339 Stopping application riak_repl - marked service down.
2026-09-11 19:58:26.729754+09:00 [info] <0.4646.0>@riak_repl_migration:init/0:33 Riak replication migration server started
2026-09-11 19:58:26.729872+09:00 [info] <0.651.0>@riak_repl_app:prep_stop/1:343 Started migration server
2026-09-11 19:58:26.729959+09:00 [info] <0.4646.0>@riak_repl_migration:handle_call/3:37 Realtime Repl queue migration sleeping
2026-09-11 19:58:26.831131+09:00 [info] <0.4646.0>@riak_repl_migration:handle_info/2:50 Queue empty, no replication queue migration required
2026-09-11 19:58:27.618097+09:00 [info] <0.970.0>@riak_repl2_leader:become_leader/2:217 Leader2: 'openriak-kv@node-01.cluster-a.openriak' elected as replication leader
2026-09-11 19:58:27.618226+09:00 [info] <0.1180.0>@riak_core_cluster_mgr:become_leader/2:706 ClusterManager: 'openriak-kv@node-01.cluster-a.openriak' becoming the leader
2026-09-11 19:58:27.708326+09:00 [info] <0.1668.0>@riak_repl_leader_helper:handle_DOWN/3:110 Replication candidate node 'openriak-kv@node-02.cluster-a.openriak' down
2026-09-11 19:58:27.833414+09:00 [info] <0.651.0>@riak_repl_app:stop/1:139 Stopped application riak_repl
2026-09-11 19:58:27.839773+09:00 [info] <0.353.0>@riak_kv_app:prep_stop/1:275 Stopping application riak_kv - marked service down.
2026-09-11 19:58:27.840263+09:00 [info] <0.353.0>@riak_kv_app:prep_stop/1:279 Unregistered pb services
2026-09-11 19:58:27.842733+09:00 [info] <0.353.0>@riak_kv_app:prep_stop/1:284 unregistered webmachine routes
2026-09-11 19:58:27.843120+09:00 [info] <0.353.0>@riak_kv_app:prep_stop/1:286 all active put FSMs completed
2026-09-11 19:58:27.843711+09:00 [info] <0.353.0>@riak_kv_app:stop/1:297 Stopped  application riak_kv.
2026-09-11 19:58:27.849765+09:00 [info] <0.784.0>@leveled_inker:handle_call/3:780 log_ref=i0005 db_id=4 Inker closing journal for reason close
2026-09-11 19:58:27.849885+09:00 [info] <0.784.0>@leveled_inker:handle_call/3:782 log_ref=i0006 db_id=4 Close triggered with journal_sqn=0 and manifest_sqn=2
2026-09-11 19:58:27.849749+09:00 [info] <0.788.0>@leveled_inker:handle_call/3:780 log_ref=i0005 db_id=0 Inker closing journal for reason close
2026-09-11 19:58:27.849954+09:00 [info] <0.784.0>@leveled_inker:shutdown_manifest/1:1036 log_ref=i0007 db_id=4 Inker manifest when closing is:
2026-09-11 19:58:27.849939+09:00 [info] <0.788.0>@leveled_inker:handle_call/3:782 log_ref=i0006 db_id=0 Close triggered with journal_sqn=5 and manifest_sqn=2
2026-09-11 19:58:27.850058+09:00 [info] <0.788.0>@leveled_inker:shutdown_manifest/1:1036 log_ref=i0007 db_id=0 Inker manifest when closing is:
2026-09-11 19:58:27.850126+09:00 [info] <0.819.0>@leveled_pclerk:terminate/2:178 log_ref=pc005 db_id=4 Penciller's Clerk <0.819.0> shutdown now complete for reason normal
2026-09-11 19:58:27.850255+09:00 [info] <0.821.0>@leveled_pclerk:terminate/2:178 log_ref=pc005 db_id=0 Penciller's Clerk <0.821.0> shutdown now complete for reason normal
2026-09-11 19:58:27.850341+09:00 [info] <0.807.0>@leveled_penciller:handle_call/3:1068 log_ref=p0008 db_id=0 Penciller closing for reason close
2026-09-11 19:58:27.850281+09:00 [info] <0.808.0>@leveled_penciller:handle_call/3:1068 log_ref=p0008 db_id=4 Penciller closing for reason close
2026-09-11 19:58:27.850381+09:00 [info] <0.807.0>@leveled_penciller:handle_call/3:1084 log_ref=p0010 db_id=0 level zero discarded_count=0 on close of Penciller
2026-09-11 19:58:27.850405+09:00 [info] <0.808.0>@leveled_penciller:handle_call/3:1084 log_ref=p0010 db_id=4 level zero discarded_count=0 on close of Penciller
2026-09-11 19:58:27.850463+09:00 [info] <0.769.0>@leveled_bookie:terminate/2:1803 log_ref=b0003 db_id=0 Bookie closing for reason normal
2026-09-11 19:58:27.850519+09:00 [info] <0.779.0>@leveled_bookie:terminate/2:1803 log_ref=b0003 db_id=4 Bookie closing for reason normal
2026-09-11 19:58:27.888060+09:00 [info] <0.865.0>@aae_treecache:save_to_disk/3:403 log_ref=c0003 Saving tree cache to path /var/lib/riak/tictac_aae/730750818665451459101842416358141509827966271488/aaetree/730750818665451459101842416358141509827966271488_3/ and filename 1.pnd
2026-09-11 19:58:27.888542+09:00 [info] <0.866.0>@aae_treecache:save_to_disk/3:403 log_ref=c0003 Saving tree cache to path /var/lib/riak/tictac_aae/0/aaetree/0_3/ and filename 1.pnd
2026-09-11 19:58:27.921147+09:00 [info] <0.860.0>@aae_treecache:save_to_disk/3:403 log_ref=c0003 Saving tree cache to path /var/lib/riak/tictac_aae/0/aaetree/1278813932664540053428224228626747642198940975104_3/ and filename 1.pnd
2026-09-11 19:58:27.924131+09:00 [info] <0.856.0>@aae_treecache:save_to_disk/3:403 log_ref=c0003 Saving tree cache to path /var/lib/riak/tictac_aae/730750818665451459101842416358141509827966271488/aaetree/548063113999088594326381812268606132370974703616_3/ and filename 1.pnd
2026-09-11 19:58:27.956208+09:00 [info] <0.853.0>@aae_treecache:save_to_disk/3:403 log_ref=c0003 Saving tree cache to path /var/lib/riak/tictac_aae/0/aaetree/1096126227998177188652763624537212264741949407232_3/ and filename 1.pnd
2026-09-11 19:58:27.959633+09:00 [info] <0.849.0>@aae_treecache:save_to_disk/3:403 log_ref=c0003 Saving tree cache to path /var/lib/riak/tictac_aae/730750818665451459101842416358141509827966271488/aaetree/365375409332725729550921208179070754913983135744_3/ and filename 1.pnd
2026-09-11 19:58:27.960489+09:00 [info] <0.208.0>@riak_core_app:stop/1:118 Stopped  application riak_core.
