2026-09-11 18:23:29.019515+09:00 [info] <0.44.0>@application_controller:info_started/2:2130 Application: kernel. Started at: 'openriak-kv@node-01.cluster-a.openriak'.
2026-09-11 18:23:29.023575+09:00 [info] <0.44.0>@application_controller:info_started/2:2130 Application: stdlib. Started at: 'openriak-kv@node-01.cluster-a.openriak'.
2026-09-11 18:23:29.023723+09:00 [info] <0.44.0>@application_controller:info_started/2:2130 Application: asn1. Started at: 'openriak-kv@node-01.cluster-a.openriak'.
2026-09-11 18:23:29.023863+09:00 [info] <0.44.0>@application_controller:info_started/2:2130 Application: crypto. Started at: 'openriak-kv@node-01.cluster-a.openriak'.
2026-09-11 18:23:29.023961+09:00 [info] <0.44.0>@application_controller:info_started/2:2130 Application: public_key. Started at: 'openriak-kv@node-01.cluster-a.openriak'.
2026-09-11 18:23:29.026528+09:00 [info] <0.77.0>@supervisor:report_progress/2:1582 Supervisor: {local,logger_sup}. Started: id=ssl_handler,pid=<0.96.0>.
2026-09-11 18:23:29.029407+09:00 [info] <0.99.0>@supervisor:report_progress/2:1582 Supervisor: {local,ssl_admin_sup}. Started: id=ssl_pem_cache,pid=<0.100.0>.
2026-09-11 18:23:29.032425+09:00 [info] <0.99.0>@supervisor:report_progress/2:1582 Supervisor: {local,ssl_admin_sup}. Started: id=ssl_manager,pid=<0.101.0>.
2026-09-11 18:23:29.033496+09:00 [info] <0.99.0>@supervisor:report_progress/2:1582 Supervisor: {local,ssl_admin_sup}. Started: id=tls_client_ticket_store,pid=<0.102.0>.
2026-09-11 18:23:29.033624+09:00 [info] <0.98.0>@supervisor:report_progress/2:1582 Supervisor: {local,ssl_sup}. Started: id=ssl_admin_sup,pid=<0.99.0>.
2026-09-11 18:23:29.034962+09:00 [info] <0.104.0>@supervisor:report_progress/2:1582 Supervisor: {local,tls_sup}. Started: id=tls_connection_sup,pid=<0.105.0>.
2026-09-11 18:23:29.035873+09:00 [info] <0.106.0>@supervisor:report_progress/2:1582 Supervisor: {local,tls_server_sup}. Started: id=ssl_listen_tracker_sup,pid=<0.107.0>.
2026-09-11 18:23:29.036384+09:00 [info] <0.106.0>@supervisor:report_progress/2:1582 Supervisor: {local,tls_server_sup}. Started: id=tls_server_session_ticket,pid=<0.108.0>.
2026-09-11 18:23:29.036865+09:00 [info] <0.106.0>@supervisor:report_progress/2:1582 Supervisor: {local,tls_server_sup}. Started: id=ssl_server_session_cache_sup,pid=<0.109.0>.
2026-09-11 18:23:29.037365+09:00 [info] <0.106.0>@supervisor:report_progress/2:1582 Supervisor: {local,tls_server_sup}. Started: id=ssl_upgrade_server_session_cache_sup,pid=<0.110.0>.
2026-09-11 18:23:29.037459+09:00 [info] <0.104.0>@supervisor:report_progress/2:1582 Supervisor: {local,tls_sup}. Started: id=tls_server_sup,pid=<0.106.0>.
2026-09-11 18:23:29.037551+09:00 [info] <0.103.0>@supervisor:report_progress/2:1582 Supervisor: {local,ssl_connection_sup}. Started: id=tls_sup,pid=<0.104.0>.
2026-09-11 18:23:29.038589+09:00 [info] <0.111.0>@supervisor:report_progress/2:1582 Supervisor: {local,dtls_sup}. Started: id=dtls_connection_sup,pid=<0.112.0>.
2026-09-11 18:23:29.039640+09:00 [info] <0.113.0>@supervisor:report_progress/2:1582 Supervisor: {local,dtls_server_sup}. Started: id=dtls_listener_sup,pid=<0.114.0>.
2026-09-11 18:23:29.040181+09:00 [info] <0.113.0>@supervisor:report_progress/2:1582 Supervisor: {local,dtls_server_sup}. Started: id=dtls_server_session_cache_sup,pid=<0.115.0>.
2026-09-11 18:23:29.040261+09:00 [info] <0.111.0>@supervisor:report_progress/2:1582 Supervisor: {local,dtls_sup}. Started: id=dtls_server_sup,pid=<0.113.0>.
2026-09-11 18:23:29.040326+09:00 [info] <0.103.0>@supervisor:report_progress/2:1582 Supervisor: {local,ssl_connection_sup}. Started: id=dtls_sup,pid=<0.111.0>.
2026-09-11 18:23:29.040387+09:00 [info] <0.98.0>@supervisor:report_progress/2:1582 Supervisor: {local,ssl_sup}. Started: id=ssl_connection_sup,pid=<0.103.0>.
2026-09-11 18:23:29.040485+09:00 [info] <0.44.0>@application_controller:info_started/2:2130 Application: ssl. Started at: 'openriak-kv@node-01.cluster-a.openriak'.
2026-09-11 18:23:29.040642+09:00 [info] <0.44.0>@application_controller:info_started/2:2130 Application: hut. Started at: 'openriak-kv@node-01.cluster-a.openriak'.
2026-09-11 18:23:29.042335+09:00 [info] <0.120.0>@supervisor:report_progress/2:1582 Supervisor: {local,setup_sup}. Started: id=setup_srv,pid=<0.121.0>.
2026-09-11 18:23:29.046445+09:00 [notice] <0.121.0>@: Setup running ...
2026-09-11 18:23:29.048320+09:00 [notice] <0.121.0>@: Directories verified. Res = ok
2026-09-11 18:23:29.050025+09:00 [notice] <0.121.0>@: Setup finished processing hooks (Mode=normal)...
2026-09-11 18:23:29.050148+09:00 [info] <0.44.0>@application_controller:info_started/2:2130 Application: setup. Started at: 'openriak-kv@node-01.cluster-a.openriak'.
2026-09-11 18:23:29.050316+09:00 [info] <0.44.0>@application_controller:info_started/2:2130 Application: syntax_tools. Started at: 'openriak-kv@node-01.cluster-a.openriak'.
2026-09-11 18:23:29.050468+09:00 [info] <0.44.0>@application_controller:info_started/2:2130 Application: compiler. Started at: 'openriak-kv@node-01.cluster-a.openriak'.
2026-09-11 18:23:29.050595+09:00 [info] <0.44.0>@application_controller:info_started/2:2130 Application: parse_trans. Started at: 'openriak-kv@node-01.cluster-a.openriak'.
2026-09-11 18:23:29.056235+09:00 [info] <0.128.0>@supervisor:report_progress/2:1582 Supervisor: {local,exometer_core_sup}. Started: id=exometer_admin,pid=<0.129.0>.
2026-09-11 18:23:29.057462+09:00 [info] <0.128.0>@supervisor:report_progress/2:1582 Supervisor: {local,exometer_core_sup}. Started: id=exometer_cache,pid=<0.130.0>.
2026-09-11 18:23:29.061837+09:00 [info] <0.128.0>@supervisor:report_progress/2:1582 Supervisor: {local,exometer_core_sup}. Started: id=exometer_report,pid=<0.131.0>.
2026-09-11 18:23:29.067263+09:00 [info] <0.128.0>@supervisor:report_progress/2:1582 Supervisor: {local,exometer_core_sup}. Started: id=exometer_report_logger_sup,pid=<0.132.0>.
2026-09-11 18:23:29.072663+09:00 [info] <0.128.0>@supervisor:report_progress/2:1582 Supervisor: {local,exometer_core_sup}. Started: id=exometer_alias,pid=<0.134.0>.
2026-09-11 18:23:29.073048+09:00 [info] <0.131.0>@exometer_report:do_start_reporters/1:695 Starting reporters with []
2026-09-11 18:23:29.073396+09:00 [info] <0.44.0>@application_controller:info_started/2:2130 Application: exometer_core. Started at: 'openriak-kv@node-01.cluster-a.openriak'.
2026-09-11 18:23:29.075356+09:00 [info] <0.139.0>@supervisor:report_progress/2:1582 Supervisor: {local,sasl_safe_sup}. Started: id=alarm_handler,pid=<0.140.0>.
2026-09-11 18:23:29.075488+09:00 [info] <0.138.0>@supervisor:report_progress/2:1582 Supervisor: {local,sasl_sup}. Started: id=sasl_safe_sup,pid=<0.139.0>.
2026-09-11 18:23:29.081047+09:00 [info] <0.138.0>@supervisor:report_progress/2:1582 Supervisor: {local,sasl_sup}. Started: id=release_handler,pid=<0.141.0>.
2026-09-11 18:23:29.081205+09:00 [info] <0.44.0>@application_controller:info_started/2:2130 Application: sasl. Started at: 'openriak-kv@node-01.cluster-a.openriak'.
2026-09-11 18:23:29.084174+09:00 [info] <0.49.0>@supervisor:report_progress/2:1582 Supervisor: {local,kernel_sup}. Started: id=timer_server,pid=<0.148.0>.
2026-09-11 18:23:29.084342+09:00 [info] <0.146.0>@supervisor:report_progress/2:1582 Supervisor: {local,riak_sysmon_sup}. Started: id=riak_sysmon_filter,pid=<0.147.0>.
2026-09-11 18:23:29.084450+09:00 [info] <0.146.0>@supervisor:report_progress/2:1582 Supervisor: {local,riak_sysmon_sup}. Started: id=riak_sysmon_mgr,pid=<0.150.0>.
2026-09-11 18:23:29.084564+09:00 [info] <0.44.0>@application_controller:info_started/2:2130 Application: riak_sysmon. Started at: 'openriak-kv@node-01.cluster-a.openriak'.
2026-09-11 18:23:29.088025+09:00 [info] <0.154.0>@supervisor:report_progress/2:1582 Supervisor: {local,os_mon_sup}. Started: id=disksup,pid=<0.155.0>.
2026-09-11 18:23:29.090848+09:00 [info] <0.154.0>@supervisor:report_progress/2:1582 Supervisor: {local,os_mon_sup}. Started: id=memsup,pid=<0.156.0>.
2026-09-11 18:23:29.094241+09:00 [info] <0.154.0>@supervisor:report_progress/2:1582 Supervisor: {local,os_mon_sup}. Started: id=cpu_sup,pid=<0.158.0>.
2026-09-11 18:23:29.094439+09:00 [info] <0.44.0>@application_controller:info_started/2:2130 Application: os_mon. Started at: 'openriak-kv@node-01.cluster-a.openriak'.
2026-09-11 18:23:29.095035+09:00 [info] <0.44.0>@application_controller:info_started/2:2130 Application: observer. Started at: 'openriak-kv@node-01.cluster-a.openriak'.
2026-09-11 18:23:29.101336+09:00 [info] <0.165.0>@supervisor:report_progress/2:1582 Supervisor: {local,runtime_tools_sup}. Started: id=ttb_autostart,pid=<0.166.0>.
2026-09-11 18:23:29.101499+09:00 [info] <0.44.0>@application_controller:info_started/2:2130 Application: runtime_tools. Started at: 'openriak-kv@node-01.cluster-a.openriak'.
2026-09-11 18:23:29.101695+09:00 [info] <0.44.0>@application_controller:info_started/2:2130 Application: xmerl. Started at: 'openriak-kv@node-01.cluster-a.openriak'.
2026-09-11 18:23:29.110263+09:00 [info] <0.173.0>@supervisor:report_progress/2:1582 Supervisor: {local,httpc_profile_sup}. Started: id=httpc_manager,pid=<0.174.0>.
2026-09-11 18:23:29.110393+09:00 [info] <0.172.0>@supervisor:report_progress/2:1582 Supervisor: {local,httpc_sup}. Started: id=httpc_profile_sup,pid=<0.173.0>.
2026-09-11 18:23:29.110959+09:00 [info] <0.172.0>@supervisor:report_progress/2:1582 Supervisor: {local,httpc_sup}. Started: id=httpc_handler_sup,pid=<0.175.0>.
2026-09-11 18:23:29.111047+09:00 [info] <0.171.0>@supervisor:report_progress/2:1582 Supervisor: {local,inets_sup}. Started: id=httpc_sup,pid=<0.172.0>.
2026-09-11 18:23:29.112026+09:00 [info] <0.171.0>@supervisor:report_progress/2:1582 Supervisor: {local,inets_sup}. Started: id=httpd_sup,pid=<0.176.0>.
2026-09-11 18:23:29.112127+09:00 [info] <0.44.0>@application_controller:info_started/2:2130 Application: inets. Started at: 'openriak-kv@node-01.cluster-a.openriak'.
2026-09-11 18:23:29.112335+09:00 [info] <0.44.0>@application_controller:info_started/2:2130 Application: mochiweb. Started at: 'openriak-kv@node-01.cluster-a.openriak'.
2026-09-11 18:23:29.114906+09:00 [info] <0.181.0>@supervisor:report_progress/2:1582 Supervisor: {local,webmachine_sup}. Started: id=webmachine_logger,pid=<0.182.0>.
2026-09-11 18:23:29.115555+09:00 [info] <0.181.0>@supervisor:report_progress/2:1582 Supervisor: {local,webmachine_sup}. Started: id=webmachine_logger_watcher_sup,pid=<0.183.0>.
2026-09-11 18:23:29.116371+09:00 [info] <0.181.0>@supervisor:report_progress/2:1582 Supervisor: {local,webmachine_sup}. Started: id=webmachine_router,pid=<0.184.0>.
2026-09-11 18:23:29.116477+09:00 [info] <0.44.0>@application_controller:info_started/2:2130 Application: webmachine. Started at: 'openriak-kv@node-01.cluster-a.openriak'.
2026-09-11 18:23:29.116644+09:00 [info] <0.44.0>@application_controller:info_started/2:2130 Application: basho_stats. Started at: 'openriak-kv@node-01.cluster-a.openriak'.
2026-09-11 18:23:29.118565+09:00 [info] <0.189.0>@supervisor:report_progress/2:1582 Supervisor: {local,bitcask_sup}. Started: id=bitcask_merge_worker,pid=<0.190.0>.
2026-09-11 18:23:29.119466+09:00 [info] <0.189.0>@supervisor:report_progress/2:1582 Supervisor: {local,bitcask_sup}. Started: id=bitcask_merge_delete,pid=<0.191.0>.
2026-09-11 18:23:29.119584+09:00 [info] <0.44.0>@application_controller:info_started/2:2130 Application: bitcask. Started at: 'openriak-kv@node-01.cluster-a.openriak'.
2026-09-11 18:23:29.119770+09:00 [info] <0.44.0>@application_controller:info_started/2:2130 Application: getopt. Started at: 'openriak-kv@node-01.cluster-a.openriak'.
2026-09-11 18:23:29.119899+09:00 [info] <0.44.0>@application_controller:info_started/2:2130 Application: cuttlefish. Started at: 'openriak-kv@node-01.cluster-a.openriak'.
2026-09-11 18:23:29.126847+09:00 [info] <0.197.0>@supervisor:report_progress/2:1582 Supervisor: {local,clique_sup}. Started: id=clique_manager,pid=<0.198.0>.
2026-09-11 18:23:29.127006+09:00 [info] <0.44.0>@application_controller:info_started/2:2130 Application: clique. Started at: 'openriak-kv@node-01.cluster-a.openriak'.
2026-09-11 18:23:29.127176+09:00 [info] <0.44.0>@application_controller:info_started/2:2130 Application: eleveldb. Started at: 'openriak-kv@node-01.cluster-a.openriak'.
2026-09-11 18:23:29.127348+09:00 [info] <0.44.0>@application_controller:info_started/2:2130 Application: pbkdf2. Started at: 'openriak-kv@node-01.cluster-a.openriak'.
2026-09-11 18:23:29.127468+09:00 [info] <0.44.0>@application_controller:info_started/2:2130 Application: poolboy. Started at: 'openriak-kv@node-01.cluster-a.openriak'.
2026-09-11 18:23:29.130480+09:00 [info] <0.44.0>@application_controller:info_started/2:2130 Application: cluster_info. Started at: 'openriak-kv@node-01.cluster-a.openriak'.
2026-09-11 18:23:29.144915+09:00 [info] <0.209.0>@supervisor:report_progress/2:1582 Supervisor: {local,riak_core_sup}. Started: id=riak_core_bg_manager,pid=<0.210.0>.
2026-09-11 18:23:29.146510+09:00 [info] <0.209.0>@supervisor:report_progress/2:1582 Supervisor: {local,riak_core_sup}. Started: id=riak_core_sysmon_minder,pid=<0.211.0>.
2026-09-11 18:23:29.147236+09:00 [info] <0.209.0>@supervisor:report_progress/2:1582 Supervisor: {local,riak_core_sup}. Started: id=riak_core_vnode_sup,pid=<0.212.0>.
2026-09-11 18:23:29.147885+09:00 [info] <0.209.0>@supervisor:report_progress/2:1582 Supervisor: {local,riak_core_sup}. Started: id=riak_core_eventhandler_sup,pid=<0.213.0>.
2026-09-11 18:23:29.148713+09:00 [info] <0.209.0>@supervisor:report_progress/2:1582 Supervisor: {local,riak_core_sup}. Started: id=riak_core_dist_mon,pid=<0.214.0>.
2026-09-11 18:23:29.149861+09:00 [info] <0.215.0>@supervisor:report_progress/2:1582 Supervisor: {local,riak_core_handoff_sup}. Started: id=riak_core_handoff_receiver_sup,pid=<0.216.0>.
2026-09-11 18:23:29.150514+09:00 [info] <0.215.0>@supervisor:report_progress/2:1582 Supervisor: {local,riak_core_handoff_sup}. Started: id=riak_core_handoff_sender_sup,pid=<0.217.0>.
2026-09-11 18:23:29.154898+09:00 [info] <0.218.0>@supervisor:report_progress/2:1582 Supervisor: {local,riak_core_handoff_listener_sup}. Started: id=riak_core_handoff_listener,pid=<0.219.0>.
2026-09-11 18:23:29.155030+09:00 [info] <0.215.0>@supervisor:report_progress/2:1582 Supervisor: {local,riak_core_handoff_sup}. Started: id=riak_core_handoff_listener_sup,pid=<0.218.0>.
2026-09-11 18:23:29.158123+09:00 [info] <0.215.0>@supervisor:report_progress/2:1582 Supervisor: {local,riak_core_handoff_sup}. Started: id=riak_core_handoff_manager,pid=<0.221.0>.
2026-09-11 18:23:29.158242+09:00 [info] <0.209.0>@supervisor:report_progress/2:1582 Supervisor: {local,riak_core_sup}. Started: id=riak_core_handoff_sup,pid=<0.215.0>.
2026-09-11 18:23:29.159080+09:00 [info] <0.209.0>@supervisor:report_progress/2:1582 Supervisor: {local,riak_core_sup}. Started: id=riak_core_ring_events,pid=<0.222.0>.
2026-09-11 18:23:29.272747+09:00 [warning] <0.223.0>@riak_core_ring_manager:reload_ring/1:388 No ring file available.
2026-09-11 18:23:29.284689+09:00 [info] <0.209.0>@supervisor:report_progress/2:1582 Supervisor: {local,riak_core_sup}. Started: id=riak_core_ring_manager,pid=<0.223.0>.
2026-09-11 18:23:29.293274+09:00 [info] <0.82.0>@supervisor:report_progress/2:1582 Supervisor: {local,kernel_safe_sup}. Started: id=dets_sup,pid=<0.227.0>.
2026-09-11 18:23:29.293425+09:00 [info] <0.82.0>@supervisor:report_progress/2:1582 Supervisor: {local,kernel_safe_sup}. Started: id=dets,pid=<0.228.0>.
2026-09-11 18:23:29.302188+09:00 [info] <0.209.0>@supervisor:report_progress/2:1582 Supervisor: {local,riak_core_sup}. Started: id=riak_core_metadata_manager,pid=<0.226.0>.
2026-09-11 18:23:29.317269+09:00 [info] <0.209.0>@supervisor:report_progress/2:1582 Supervisor: {local,riak_core_sup}. Started: id=riak_core_metadata_hashtree,pid=<0.231.0>.
2026-09-11 18:23:29.319240+09:00 [info] <0.209.0>@supervisor:report_progress/2:1582 Supervisor: {local,riak_core_sup}. Started: id=riak_core_broadcast,pid=<0.234.0>.
2026-09-11 18:23:29.320395+09:00 [info] <0.209.0>@supervisor:report_progress/2:1582 Supervisor: {local,riak_core_sup}. Started: id=riak_core_vnode_proxy_sup,pid=<0.235.0>.
2026-09-11 18:23:29.321378+09:00 [info] <0.209.0>@supervisor:report_progress/2:1582 Supervisor: {local,riak_core_sup}. Started: id=riak_core_node_watcher_events,pid=<0.236.0>.
2026-09-11 18:23:29.323637+09:00 [info] <0.209.0>@supervisor:report_progress/2:1582 Supervisor: {local,riak_core_sup}. Started: id=riak_core_node_watcher,pid=<0.237.0>.
2026-09-11 18:23:29.326772+09:00 [info] <0.209.0>@supervisor:report_progress/2:1582 Supervisor: {local,riak_core_sup}. Started: id=riak_core_vnode_manager,pid=<0.238.0>.
2026-09-11 18:23:29.328736+09:00 [info] <0.209.0>@supervisor:report_progress/2:1582 Supervisor: {local,riak_core_sup}. Started: id=riak_core_capability,pid=<0.239.0>.
2026-09-11 18:23:29.328857+09:00 [info] <0.209.0>@supervisor:report_progress/2:1582 Supervisor: {local,riak_core_sup}. Started: id=riak_core_gossip,pid=<0.240.0>.
2026-09-11 18:23:29.332223+09:00 [info] <0.209.0>@supervisor:report_progress/2:1582 Supervisor: {local,riak_core_sup}. Started: id=riak_core_claimant,pid=<0.241.0>.
2026-09-11 18:23:29.333171+09:00 [info] <0.209.0>@supervisor:report_progress/2:1582 Supervisor: {local,riak_core_sup}. Started: id=riak_core_table_owner,pid=<0.242.0>.
2026-09-11 18:23:29.335290+09:00 [info] <0.244.0>@supervisor:report_progress/2:1582 Supervisor: {local,riak_core_stats_sup}. Started: id=riak_core_stat_cache,pid=<0.245.0>.
2026-09-11 18:23:29.335397+09:00 [info] <0.243.0>@supervisor:report_progress/2:1582 Supervisor: {local,riak_core_stat_sup}. Started: id=riak_core_stats_sup,pid=<0.244.0>.
2026-09-11 18:23:29.335465+09:00 [info] <0.209.0>@supervisor:report_progress/2:1582 Supervisor: {local,riak_core_sup}. Started: id=riak_core_stat_sup,pid=<0.243.0>.
2026-09-11 18:23:29.336171+09:00 [info] <0.209.0>@supervisor:report_progress/2:1582 Supervisor: {local,riak_core_sup}. Started: id=riak_core_node_worker_pool_sup,pid=<0.246.0>.
2026-09-11 18:23:29.353810+09:00 [info] <0.244.0>@supervisor:report_progress/2:1582 Supervisor: {local,riak_core_stats_sup}. Started: id=riak_core_stat,pid=<0.247.0>.
2026-09-11 18:23:29.357077+09:00 [info] <0.213.0>@supervisor:report_progress/2:1582 Supervisor: {local,riak_core_eventhandler_sup}. Started: id={riak_core_ring_events,riak_core_ring_handler},pid=<0.270.0>.
2026-09-11 18:23:29.357245+09:00 [info] <0.239.0>@riak_core_capability:process_capability_changes/2:557 New capability: {riak_core,vnode_routing} = proxy
2026-09-11 18:23:29.358319+09:00 [info] <0.239.0>@riak_core_capability:process_capability_changes/2:557 New capability: {riak_core,staged_joins} = true
2026-09-11 18:23:29.359137+09:00 [info] <0.239.0>@riak_core_capability:process_capability_changes/2:557 New capability: {riak_core,resizable_ring} = true
2026-09-11 18:23:29.359976+09:00 [info] <0.239.0>@riak_core_capability:process_capability_changes/2:557 New capability: {riak_core,fold_req_version} = v2
2026-09-11 18:23:29.360802+09:00 [info] <0.239.0>@riak_core_capability:process_capability_changes/2:557 New capability: {riak_core,security} = true
2026-09-11 18:23:29.361639+09:00 [info] <0.239.0>@riak_core_capability:process_capability_changes/2:557 New capability: {riak_core,bucket_types} = true
2026-09-11 18:23:29.362441+09:00 [info] <0.239.0>@riak_core_capability:process_capability_changes/2:557 New capability: {riak_core,net_ticktime} = true
2026-09-11 18:23:29.461260+09:00 [info] <0.44.0>@application_controller:info_started/2:2130 Application: riak_core. Started at: 'openriak-kv@node-01.cluster-a.openriak'.
2026-09-11 18:23:29.463903+09:00 [info] <0.239.0>@riak_core_capability:process_capability_changes/2:557 New capability: {riak_pipe,trace_format} = ordsets
2026-09-11 18:23:29.467157+09:00 [info] <0.274.0>@supervisor:report_progress/2:1582 Supervisor: {local,riak_pipe_sup}. Started: id=riak_pipe_vnode_master,pid=<0.275.0>.
2026-09-11 18:23:29.468131+09:00 [info] <0.274.0>@supervisor:report_progress/2:1582 Supervisor: {local,riak_pipe_sup}. Started: id=riak_pipe_builder_sup,pid=<0.276.0>.
2026-09-11 18:23:29.469343+09:00 [info] <0.274.0>@supervisor:report_progress/2:1582 Supervisor: {local,riak_pipe_sup}. Started: id=riak_pipe_fitting_sup,pid=<0.277.0>.
2026-09-11 18:23:29.470235+09:00 [info] <0.274.0>@supervisor:report_progress/2:1582 Supervisor: {local,riak_pipe_sup}. Started: id=riak_pipe_qcover_sup,pid=<0.278.0>.
2026-09-11 18:23:29.471578+09:00 [info] <0.235.0>@supervisor:report_progress/2:1582 Supervisor: {local,riak_core_vnode_proxy_sup}. Started: id={riak_pipe_vnode,0},pid=<0.279.0>.
2026-09-11 18:23:29.471743+09:00 [info] <0.235.0>@supervisor:report_progress/2:1582 Supervisor: {local,riak_core_vnode_proxy_sup}. Started: id={riak_pipe_vnode,182687704666362864775460604089535377456991567872},pid=<0.280.0>.
2026-09-11 18:23:29.471877+09:00 [info] <0.235.0>@supervisor:report_progress/2:1582 Supervisor: {local,riak_core_vnode_proxy_sup}. Started: id={riak_pipe_vnode,365375409332725729550921208179070754913983135744},pid=<0.281.0>.
2026-09-11 18:23:29.472015+09:00 [info] <0.235.0>@supervisor:report_progress/2:1582 Supervisor: {local,riak_core_vnode_proxy_sup}. Started: id={riak_pipe_vnode,548063113999088594326381812268606132370974703616},pid=<0.282.0>.
2026-09-11 18:23:29.472148+09:00 [info] <0.235.0>@supervisor:report_progress/2:1582 Supervisor: {local,riak_core_vnode_proxy_sup}. Started: id={riak_pipe_vnode,730750818665451459101842416358141509827966271488},pid=<0.283.0>.
2026-09-11 18:23:29.472252+09:00 [info] <0.235.0>@supervisor:report_progress/2:1582 Supervisor: {local,riak_core_vnode_proxy_sup}. Started: id={riak_pipe_vnode,913438523331814323877303020447676887284957839360},pid=<0.284.0>.
2026-09-11 18:23:29.472357+09:00 [info] <0.235.0>@supervisor:report_progress/2:1582 Supervisor: {local,riak_core_vnode_proxy_sup}. Started: id={riak_pipe_vnode,1096126227998177188652763624537212264741949407232},pid=<0.285.0>.
2026-09-11 18:23:29.472451+09:00 [info] <0.235.0>@supervisor:report_progress/2:1582 Supervisor: {local,riak_core_vnode_proxy_sup}. Started: id={riak_pipe_vnode,1278813932664540053428224228626747642198940975104},pid=<0.286.0>.
2026-09-11 18:23:29.473804+09:00 [info] <0.244.0>@supervisor:report_progress/2:1582 Supervisor: {local,riak_core_stats_sup}. Started: id=riak_pipe_stat,pid=<0.287.0>.
2026-09-11 18:23:29.474979+09:00 [info] <0.44.0>@application_controller:info_started/2:2130 Application: riak_pipe. Started at: 'openriak-kv@node-01.cluster-a.openriak'.
2026-09-11 18:23:29.475164+09:00 [info] <0.44.0>@application_controller:info_started/2:2130 Application: tools. Started at: 'openriak-kv@node-01.cluster-a.openriak'.
2026-09-11 18:23:29.475340+09:00 [info] <0.44.0>@application_controller:info_started/2:2130 Application: riak_pb. Started at: 'openriak-kv@node-01.cluster-a.openriak'.
2026-09-11 18:23:29.480061+09:00 [info] <0.295.0>@supervisor:report_progress/2:1582 Supervisor: {local,riak_api_sup}. Started: id=riak_api_pb_registration_helper,pid=<0.296.0>.
2026-09-11 18:23:29.481690+09:00 [info] <0.295.0>@supervisor:report_progress/2:1582 Supervisor: {local,riak_api_sup}. Started: id=riak_api_pb_registrar,pid=<0.297.0>.
2026-09-11 18:23:29.482800+09:00 [info] <0.295.0>@supervisor:report_progress/2:1582 Supervisor: {local,riak_api_sup}. Started: id=riak_api_pb_sup,pid=<0.298.0>.
2026-09-11 18:23:29.483115+09:00 [info] <0.295.0>@supervisor:report_progress/2:1582 Supervisor: {local,riak_api_sup}. Started: id=[112,98,58,47,47,34,48,46,48,46,48,46,48,34,58,56,48,56,55],pid=<0.299.0>.
2026-09-11 18:23:29.495266+09:00 [info] <0.295.0>@supervisor:report_progress/2:1582 Supervisor: {local,riak_api_sup}. Started: id=[104,116,116,112,58,47,47,48,46,48,46,48,46,48,58,56,48,57,56],pid=<0.302.0>.
2026-09-11 18:23:29.496592+09:00 [info] <0.244.0>@supervisor:report_progress/2:1582 Supervisor: {local,riak_core_stats_sup}. Started: id=riak_api_stat,pid=<0.319.0>.
2026-09-11 18:23:29.499136+09:00 [info] <0.44.0>@application_controller:info_started/2:2130 Application: riak_api. Started at: 'openriak-kv@node-01.cluster-a.openriak'.
2026-09-11 18:23:29.501654+09:00 [info] <0.44.0>@application_controller:info_started/2:2130 Application: sidejob. Started at: 'openriak-kv@node-01.cluster-a.openriak'.
2026-09-11 18:23:29.501953+09:00 [info] <0.44.0>@application_controller:info_started/2:2130 Application: riak_dt. Started at: 'openriak-kv@node-01.cluster-a.openriak'.
2026-09-11 18:23:29.502115+09:00 [info] <0.44.0>@application_controller:info_started/2:2130 Application: sext. Started at: 'openriak-kv@node-01.cluster-a.openriak'.
2026-09-11 18:23:29.502352+09:00 [info] <0.44.0>@application_controller:info_started/2:2130 Application: lz4. Started at: 'openriak-kv@node-01.cluster-a.openriak'.
2026-09-11 18:23:29.502603+09:00 [info] <0.44.0>@application_controller:info_started/2:2130 Application: zstd. Started at: 'openriak-kv@node-01.cluster-a.openriak'.
2026-09-11 18:23:29.502794+09:00 [info] <0.44.0>@application_controller:info_started/2:2130 Application: leveled. Started at: 'openriak-kv@node-01.cluster-a.openriak'.
2026-09-11 18:23:29.502918+09:00 [info] <0.44.0>@application_controller:info_started/2:2130 Application: kv_index_tictactree. Started at: 'openriak-kv@node-01.cluster-a.openriak'.
2026-09-11 18:23:29.503056+09:00 [info] <0.44.0>@application_controller:info_started/2:2130 Application: hyper. Started at: 'openriak-kv@node-01.cluster-a.openriak'.
2026-09-11 18:23:29.503157+09:00 [info] <0.44.0>@application_controller:info_started/2:2130 Application: redbug. Started at: 'openriak-kv@node-01.cluster-a.openriak'.
2026-09-11 18:23:29.503309+09:00 [info] <0.44.0>@application_controller:info_started/2:2130 Application: recon. Started at: 'openriak-kv@node-01.cluster-a.openriak'.
2026-09-11 18:23:29.503498+09:00 [info] <0.44.0>@application_controller:info_started/2:2130 Application: riakc. Started at: 'openriak-kv@node-01.cluster-a.openriak'.
2026-09-11 18:23:29.509221+09:00 [info] <0.338.0>@supervisor:report_progress/2:1582 Supervisor: {local,ibrowse_sup}. Started: id=ibrowse,pid=<0.339.0>.
2026-09-11 18:23:29.509376+09:00 [info] <0.44.0>@application_controller:info_started/2:2130 Application: ibrowse. Started at: 'openriak-kv@node-01.cluster-a.openriak'.
2026-09-11 18:23:29.509560+09:00 [info] <0.44.0>@application_controller:info_started/2:2130 Application: rhc. Started at: 'openriak-kv@node-01.cluster-a.openriak'.
2026-09-11 18:23:29.522322+09:00 [info] <0.347.0>@supervisor:report_progress/2:1582 Supervisor: {local,riak_kv_put_fsm_sj_worker_sup}. Started: id=riak_kv_put_fsm_sj_1,pid=<0.348.0>.
2026-09-11 18:23:29.522531+09:00 [info] <0.347.0>@supervisor:report_progress/2:1582 Supervisor: {local,riak_kv_put_fsm_sj_worker_sup}. Started: id=riak_kv_put_fsm_sj_2,pid=<0.349.0>.
2026-09-11 18:23:29.522698+09:00 [info] <0.347.0>@supervisor:report_progress/2:1582 Supervisor: {local,riak_kv_put_fsm_sj_worker_sup}. Started: id=riak_kv_put_fsm_sj_3,pid=<0.350.0>.
2026-09-11 18:23:29.522826+09:00 [info] <0.347.0>@supervisor:report_progress/2:1582 Supervisor: {local,riak_kv_put_fsm_sj_worker_sup}. Started: id=riak_kv_put_fsm_sj_4,pid=<0.351.0>.
2026-09-11 18:23:29.522885+09:00 [info] <0.346.0>@supervisor:report_progress/2:1582 Supervisor: {local,riak_kv_put_fsm_sj}. Started: id=sidejob_worker_sup,pid=<0.347.0>.
2026-09-11 18:23:29.522994+09:00 [info] <0.346.0>@supervisor:report_progress/2:1582 Supervisor: {local,riak_kv_put_fsm_sj}. Started: id=riak_kv_put_fsm_sj_stats,pid=<0.352.0>.
2026-09-11 18:23:29.523068+09:00 [info] <0.324.0>@supervisor:report_progress/2:1582 Supervisor: {local,sidejob_sup}. Started: id=riak_kv_put_fsm_sj,pid=<0.346.0>.
2026-09-11 18:23:29.525133+09:00 [info] <0.355.0>@supervisor:report_progress/2:1582 Supervisor: {local,riak_kv_get_fsm_sj_worker_sup}. Started: id=riak_kv_get_fsm_sj_1,pid=<0.356.0>.
2026-09-11 18:23:29.525336+09:00 [info] <0.355.0>@supervisor:report_progress/2:1582 Supervisor: {local,riak_kv_get_fsm_sj_worker_sup}. Started: id=riak_kv_get_fsm_sj_2,pid=<0.357.0>.
2026-09-11 18:23:29.525479+09:00 [info] <0.355.0>@supervisor:report_progress/2:1582 Supervisor: {local,riak_kv_get_fsm_sj_worker_sup}. Started: id=riak_kv_get_fsm_sj_3,pid=<0.358.0>.
2026-09-11 18:23:29.525609+09:00 [info] <0.355.0>@supervisor:report_progress/2:1582 Supervisor: {local,riak_kv_get_fsm_sj_worker_sup}. Started: id=riak_kv_get_fsm_sj_4,pid=<0.359.0>.
2026-09-11 18:23:29.525675+09:00 [info] <0.354.0>@supervisor:report_progress/2:1582 Supervisor: {local,riak_kv_get_fsm_sj}. Started: id=sidejob_worker_sup,pid=<0.355.0>.
2026-09-11 18:23:29.525755+09:00 [info] <0.354.0>@supervisor:report_progress/2:1582 Supervisor: {local,riak_kv_get_fsm_sj}. Started: id=riak_kv_get_fsm_sj_stats,pid=<0.360.0>.
2026-09-11 18:23:29.525848+09:00 [info] <0.324.0>@supervisor:report_progress/2:1582 Supervisor: {local,sidejob_sup}. Started: id=riak_kv_get_fsm_sj,pid=<0.354.0>.
2026-09-11 18:23:29.530121+09:00 [info] <0.363.0>@supervisor:report_progress/2:1582 Supervisor: {local,riak_kv_stat_sj_worker_sup}. Started: id=riak_kv_stat_sj_1,pid=<0.364.0>.
2026-09-11 18:23:29.530327+09:00 [info] <0.363.0>@supervisor:report_progress/2:1582 Supervisor: {local,riak_kv_stat_sj_worker_sup}. Started: id=riak_kv_stat_sj_2,pid=<0.365.0>.
2026-09-11 18:23:29.530458+09:00 [info] <0.363.0>@supervisor:report_progress/2:1582 Supervisor: {local,riak_kv_stat_sj_worker_sup}. Started: id=riak_kv_stat_sj_3,pid=<0.366.0>.
2026-09-11 18:23:29.530602+09:00 [info] <0.363.0>@supervisor:report_progress/2:1582 Supervisor: {local,riak_kv_stat_sj_worker_sup}. Started: id=riak_kv_stat_sj_4,pid=<0.367.0>.
2026-09-11 18:23:29.530671+09:00 [info] <0.362.0>@supervisor:report_progress/2:1582 Supervisor: {local,riak_kv_stat_sj}. Started: id=sidejob_worker_sup,pid=<0.363.0>.
2026-09-11 18:23:29.530737+09:00 [info] <0.362.0>@supervisor:report_progress/2:1582 Supervisor: {local,riak_kv_stat_sj}. Started: id=riak_kv_stat_sj_stats,pid=<0.368.0>.
2026-09-11 18:23:29.530796+09:00 [info] <0.324.0>@supervisor:report_progress/2:1582 Supervisor: {local,sidejob_sup}. Started: id=riak_kv_stat_sj,pid=<0.362.0>.
2026-09-11 18:23:29.536006+09:00 [info] <0.344.0>@riak_kv_env:doc_env/0:88 Environment and OS variables:
2026-09-11 18:23:29.542334+09:00 [info] <0.344.0>@riak_kv_env:doc_env/0:107 Open files limit: 100000
2026-09-11 18:23:29.542423+09:00 [info] <0.344.0>@riak_kv_env:doc_env/0:107 Core dump size unlimited
2026-09-11 18:23:29.542504+09:00 [warning] <0.344.0>@riak_kv_env:doc_env/0:107 ERTS process limit of 262144 is low, at least 524288 is recommended. Set with riak.conf: erlang.process_limit
2026-09-11 18:23:29.542608+09:00 [info] <0.344.0>@riak_kv_env:doc_env/0:107 ERTS ports limit: 262144
2026-09-11 18:23:29.542671+09:00 [info] <0.344.0>@riak_kv_env:doc_env/0:107 ERTS ETS table limit: 256000
2026-09-11 18:23:29.542725+09:00 [notice] <0.344.0>@riak_kv_env:doc_env/0:107 ERTS thread pool limit of 64 is high, not more than 16 is recommended. Set with riak.conf: erlang.async_threads
2026-09-11 18:23:29.542784+09:00 [info] <0.344.0>@riak_kv_env:doc_env/0:107 ERTS dist buffer busy limit: 33554432
2026-09-11 18:23:29.542830+09:00 [info] <0.344.0>@riak_kv_env:doc_env/0:107 ERTS time warp mode: multi_time_warp
2026-09-11 18:23:29.542869+09:00 [notice] <0.344.0>@riak_kv_env:doc_env/0:107 ERTS fullsweep generations of 0 is low, 16-16384 is recommended. Set with riak.conf: erlang.fullsweep_after
2026-09-11 18:23:29.542919+09:00 [info] <0.344.0>@riak_kv_env:doc_env/0:107 ERTS Schedulers: 4 for 4 CPU cores
2026-09-11 18:23:29.542972+09:00 [notice] <0.344.0>@riak_kv_env:doc_env/0:107 sysctl net.core.netdev_max_backlog is not supported on this platform
2026-09-11 18:23:29.543017+09:00 [notice] <0.344.0>@riak_kv_env:doc_env/0:107 sysctl net.core.rmem_default is not supported on this platform
2026-09-11 18:23:29.543052+09:00 [notice] <0.344.0>@riak_kv_env:doc_env/0:107 sysctl net.core.rmem_max is not supported on this platform
2026-09-11 18:23:29.543094+09:00 [info] <0.344.0>@riak_kv_env:doc_env/0:107 sysctl net.core.somaxconn is 4096, at least 2048
2026-09-11 18:23:29.543146+09:00 [notice] <0.344.0>@riak_kv_env:doc_env/0:107 sysctl net.core.wmem_default is not supported on this platform
2026-09-11 18:23:29.543189+09:00 [notice] <0.344.0>@riak_kv_env:doc_env/0:107 sysctl net.core.wmem_max is not supported on this platform
2026-09-11 18:23:29.543230+09:00 [warning] <0.344.0>@riak_kv_env:doc_env/0:107 sysctl net.ipv4.tcp_fin_timeout is 60, should be not more than 30
2026-09-11 18:23:29.543273+09:00 [info] <0.344.0>@riak_kv_env:doc_env/0:107 sysctl net.ipv4.tcp_keepalive_intvl is 75, not more than 90
2026-09-11 18:23:29.543316+09:00 [warning] <0.344.0>@riak_kv_env:doc_env/0:107 sysctl net.ipv4.tcp_max_syn_backlog is 2048, should be at least 16384
2026-09-11 18:23:29.543355+09:00 [info] <0.344.0>@riak_kv_env:doc_env/0:107 sysctl net.ipv4.tcp_moderate_rcvbuf is 1, equal to 1
2026-09-11 18:23:29.543419+09:00 [info] <0.344.0>@riak_kv_env:doc_env/0:107 sysctl net.ipv4.tcp_sack is 1, equal to 1
2026-09-11 18:23:29.543485+09:00 [info] <0.344.0>@riak_kv_env:doc_env/0:107 sysctl net.ipv4.tcp_timestamps is 1, at least 1
2026-09-11 18:23:29.543558+09:00 [warning] <0.344.0>@riak_kv_env:doc_env/0:107 sysctl net.ipv4.tcp_tw_reuse is 2, should be equal to 1
2026-09-11 18:23:29.543633+09:00 [info] <0.344.0>@riak_kv_env:doc_env/0:107 sysctl net.ipv4.tcp_window_scaling is 1, equal to 1
2026-09-11 18:23:29.543692+09:00 [warning] <0.344.0>@riak_kv_env:doc_env/0:107 sysctl vm.swappiness is 60, should be not more than 10
2026-09-11 18:23:29.551353+09:00 [info] <0.239.0>@riak_core_capability:process_capability_changes/2:557 New capability: {riak_kv,object_hash_version} = 0
2026-09-11 18:23:29.552593+09:00 [info] <0.239.0>@riak_core_capability:process_capability_changes/2:557 New capability: {riak_kv,anti_entropy} = enabled_v1
2026-09-11 18:23:29.553584+09:00 [info] <0.370.0>@riak_core_throttle:enable_throttle/2:121 Enabling throttle for riak_kv/aae_throttle.
2026-09-11 18:23:29.553676+09:00 [info] <0.369.0>@supervisor:report_progress/2:1582 Supervisor: {local,riak_kv_sup}. Started: id=riak_kv_entropy_manager,pid=<0.370.0>.
2026-09-11 18:23:29.560163+09:00 [info] <0.369.0>@supervisor:report_progress/2:1582 Supervisor: {local,riak_kv_sup}. Started: id=riak_kv_ttaaefs_manager,pid=<0.371.0>.
2026-09-11 18:23:29.564072+09:00 [info] <0.369.0>@supervisor:report_progress/2:1582 Supervisor: {local,riak_kv_sup}. Started: id=riak_kv_replrtq_src,pid=<0.372.0>.
2026-09-11 18:23:29.566378+09:00 [info] <0.369.0>@supervisor:report_progress/2:1582 Supervisor: {local,riak_kv_sup}. Started: id=riak_kv_replrtq_snk,pid=<0.373.0>.
2026-09-11 18:23:29.567866+09:00 [info] <0.369.0>@supervisor:report_progress/2:1582 Supervisor: {local,riak_kv_sup}. Started: id=riak_kv_replrtq_peer,pid=<0.374.0>.
2026-09-11 18:23:29.571166+09:00 [info] <0.369.0>@supervisor:report_progress/2:1582 Supervisor: {local,riak_kv_sup}. Started: id=riak_kv_reaper,pid=<0.375.0>.
2026-09-11 18:23:29.572657+09:00 [info] <0.369.0>@supervisor:report_progress/2:1582 Supervisor: {local,riak_kv_sup}. Started: id=riak_kv_eraser,pid=<0.376.0>.
2026-09-11 18:23:29.574016+09:00 [info] <0.369.0>@supervisor:report_progress/2:1582 Supervisor: {local,riak_kv_sup}. Started: id=riak_kv_reader,pid=<0.377.0>.
2026-09-11 18:23:29.575848+09:00 [info] <0.369.0>@supervisor:report_progress/2:1582 Supervisor: {local,riak_kv_sup}. Started: id=riak_kv_token_manager,pid=<0.378.0>.
2026-09-11 18:23:29.576009+09:00 [info] <0.369.0>@supervisor:report_progress/2:1582 Supervisor: {local,riak_kv_sup}. Started: id=riak_kv_vnode_master,pid=<0.379.0>.
2026-09-11 18:23:29.576089+09:00 [info] <0.379.0>@riak_core:wait_for_service/2:498 Waiting for service riak_kv to start (0 seconds)
2026-09-11 18:23:29.579336+09:00 [info] <0.380.0>@supervisor:report_progress/2:1582 Supervisor: {local,riak_kv_w1c_sup}. Started: id=riak_kv_w1c_worker00,pid=<0.381.0>.
2026-09-11 18:23:29.579497+09:00 [info] <0.380.0>@supervisor:report_progress/2:1582 Supervisor: {local,riak_kv_w1c_sup}. Started: id=riak_kv_w1c_worker01,pid=<0.382.0>.
2026-09-11 18:23:29.579586+09:00 [info] <0.380.0>@supervisor:report_progress/2:1582 Supervisor: {local,riak_kv_w1c_sup}. Started: id=riak_kv_w1c_worker02,pid=<0.383.0>.
2026-09-11 18:23:29.579667+09:00 [info] <0.380.0>@supervisor:report_progress/2:1582 Supervisor: {local,riak_kv_w1c_sup}. Started: id=riak_kv_w1c_worker03,pid=<0.384.0>.
2026-09-11 18:23:29.579743+09:00 [info] <0.380.0>@supervisor:report_progress/2:1582 Supervisor: {local,riak_kv_w1c_sup}. Started: id=riak_kv_w1c_worker04,pid=<0.385.0>.
2026-09-11 18:23:29.579834+09:00 [info] <0.380.0>@supervisor:report_progress/2:1582 Supervisor: {local,riak_kv_w1c_sup}. Started: id=riak_kv_w1c_worker05,pid=<0.386.0>.
2026-09-11 18:23:29.579901+09:00 [info] <0.380.0>@supervisor:report_progress/2:1582 Supervisor: {local,riak_kv_w1c_sup}. Started: id=riak_kv_w1c_worker06,pid=<0.387.0>.
2026-09-11 18:23:29.579964+09:00 [info] <0.380.0>@supervisor:report_progress/2:1582 Supervisor: {local,riak_kv_w1c_sup}. Started: id=riak_kv_w1c_worker07,pid=<0.388.0>.
2026-09-11 18:23:29.580014+09:00 [info] <0.369.0>@supervisor:report_progress/2:1582 Supervisor: {local,riak_kv_sup}. Started: id=riak_kv_w1c_sup,pid=<0.380.0>.
2026-09-11 18:23:29.580993+09:00 [info] <0.369.0>@supervisor:report_progress/2:1582 Supervisor: {local,riak_kv_sup}. Started: id=riak_kv_delete_sup,pid=<0.389.0>.
2026-09-11 18:23:29.582074+09:00 [info] <0.369.0>@supervisor:report_progress/2:1582 Supervisor: {local,riak_kv_sup}. Started: id=riak_kv_mrc_sink_sup,pid=<0.390.0>.
2026-09-11 18:23:29.583134+09:00 [info] <0.369.0>@supervisor:report_progress/2:1582 Supervisor: {local,riak_kv_sup}. Started: id=riak_kv_buckets_fsm_sup,pid=<0.391.0>.
2026-09-11 18:23:29.584191+09:00 [info] <0.369.0>@supervisor:report_progress/2:1582 Supervisor: {local,riak_kv_sup}. Started: id=riak_kv_keys_fsm_sup,pid=<0.392.0>.
2026-09-11 18:23:29.585194+09:00 [info] <0.369.0>@supervisor:report_progress/2:1582 Supervisor: {local,riak_kv_sup}. Started: id=riak_kv_index_fsm_sup,pid=<0.393.0>.
2026-09-11 18:23:29.586224+09:00 [info] <0.369.0>@supervisor:report_progress/2:1582 Supervisor: {local,riak_kv_sup}. Started: id=riak_kv_query_sup,pid=<0.394.0>.
2026-09-11 18:23:29.587311+09:00 [info] <0.369.0>@supervisor:report_progress/2:1582 Supervisor: {local,riak_kv_sup}. Started: id=riak_kv_query_filebuffer_sup,pid=<0.395.0>.
2026-09-11 18:23:29.588364+09:00 [info] <0.369.0>@supervisor:report_progress/2:1582 Supervisor: {local,riak_kv_sup}. Started: id=riak_kv_clusteraae_fsm_sup,pid=<0.396.0>.
2026-09-11 18:23:29.589360+09:00 [info] <0.369.0>@supervisor:report_progress/2:1582 Supervisor: {local,riak_kv_sup}. Started: id=riak_kv_hotbackup_fsm_sup,pid=<0.397.0>.
2026-09-11 18:23:29.590489+09:00 [info] <0.369.0>@supervisor:report_progress/2:1582 Supervisor: {local,riak_kv_sup}. Started: id=riak_kv_http_cache,pid=<0.398.0>.
2026-09-11 18:23:29.590688+09:00 [info] <0.239.0>@riak_core_capability:process_capability_changes/2:557 New capability: {riak_kv,vnode_vclocks} = true
2026-09-11 18:23:29.592173+09:00 [info] <0.239.0>@riak_core_capability:process_capability_changes/2:557 New capability: {riak_kv,legacy_keylisting} = false
2026-09-11 18:23:29.593685+09:00 [info] <0.239.0>@riak_core_capability:process_capability_changes/2:557 New capability: {riak_kv,listkeys_backpressure} = true
2026-09-11 18:23:29.594818+09:00 [info] <0.239.0>@riak_core_capability:process_capability_changes/2:557 New capability: {riak_kv,index_backpressure} = true
2026-09-11 18:23:29.595852+09:00 [info] <0.239.0>@riak_core_capability:process_capability_changes/2:557 New capability: {riak_kv,mapred_system} = pipe
2026-09-11 18:23:29.596861+09:00 [info] <0.239.0>@riak_core_capability:process_capability_changes/2:557 New capability: {riak_kv,mapred_2i_pipe} = true
2026-09-11 18:23:29.598189+09:00 [info] <0.239.0>@riak_core_capability:process_capability_changes/2:557 New capability: {riak_kv,handoff_data_encoding} = encode_raw
2026-09-11 18:23:29.599480+09:00 [info] <0.239.0>@riak_core_capability:process_capability_changes/2:557 New capability: {riak_kv,object_format} = v1
2026-09-11 18:23:29.600677+09:00 [info] <0.239.0>@riak_core_capability:process_capability_changes/2:557 New capability: {riak_kv,secondary_index_version} = v3
2026-09-11 18:23:29.601896+09:00 [info] <0.239.0>@riak_core_capability:process_capability_changes/2:557 New capability: {riak_kv,vclock_data_encoding} = encode_zlib
2026-09-11 18:23:29.603032+09:00 [info] <0.239.0>@riak_core_capability:process_capability_changes/2:557 New capability: {riak_kv,crdt} = [pncounter,riak_dt_pncounter,riak_dt_orswot,riak_dt_map,riak_kv_hll,riak_dt_gset]
2026-09-11 18:23:29.604172+09:00 [info] <0.239.0>@riak_core_capability:process_capability_changes/2:557 New capability: {riak_kv,crdt_epoch_versions} = [{riak_dt_map,2},{riak_dt_orswot,2},{riak_dt_pncounter,2},{riak_kv_hll,1},{riak_dt_gset,2}]
2026-09-11 18:23:29.605329+09:00 [info] <0.239.0>@riak_core_capability:process_capability_changes/2:557 New capability: {riak_kv,put_fsm_ack_execute} = enabled
2026-09-11 18:23:29.606462+09:00 [info] <0.239.0>@riak_core_capability:process_capability_changes/2:557 New capability: {riak_kv,get_request_type} = head
2026-09-11 18:23:29.607720+09:00 [info] <0.239.0>@riak_core_capability:process_capability_changes/2:557 New capability: {riak_kv,put_soft_limit} = true
2026-09-11 18:23:29.608824+09:00 [info] <0.239.0>@riak_core_capability:process_capability_changes/2:557 New capability: {riak_kv,tictacaae_prompted_repairs} = true
2026-09-11 18:23:29.610317+09:00 [info] <0.235.0>@supervisor:report_progress/2:1582 Supervisor: {local,riak_core_vnode_proxy_sup}. Started: id={riak_kv_vnode,0},pid=<0.399.0>.
2026-09-11 18:23:29.610492+09:00 [info] <0.235.0>@supervisor:report_progress/2:1582 Supervisor: {local,riak_core_vnode_proxy_sup}. Started: id={riak_kv_vnode,182687704666362864775460604089535377456991567872},pid=<0.400.0>.
2026-09-11 18:23:29.610662+09:00 [info] <0.235.0>@supervisor:report_progress/2:1582 Supervisor: {local,riak_core_vnode_proxy_sup}. Started: id={riak_kv_vnode,365375409332725729550921208179070754913983135744},pid=<0.401.0>.
2026-09-11 18:23:29.610767+09:00 [info] <0.235.0>@supervisor:report_progress/2:1582 Supervisor: {local,riak_core_vnode_proxy_sup}. Started: id={riak_kv_vnode,548063113999088594326381812268606132370974703616},pid=<0.402.0>.
2026-09-11 18:23:29.610846+09:00 [info] <0.235.0>@supervisor:report_progress/2:1582 Supervisor: {local,riak_core_vnode_proxy_sup}. Started: id={riak_kv_vnode,730750818665451459101842416358141509827966271488},pid=<0.403.0>.
2026-09-11 18:23:29.610953+09:00 [info] <0.235.0>@supervisor:report_progress/2:1582 Supervisor: {local,riak_core_vnode_proxy_sup}. Started: id={riak_kv_vnode,913438523331814323877303020447676887284957839360},pid=<0.404.0>.
2026-09-11 18:23:29.611086+09:00 [info] <0.235.0>@supervisor:report_progress/2:1582 Supervisor: {local,riak_core_vnode_proxy_sup}. Started: id={riak_kv_vnode,1096126227998177188652763624537212264741949407232},pid=<0.405.0>.
2026-09-11 18:23:29.611216+09:00 [info] <0.235.0>@supervisor:report_progress/2:1582 Supervisor: {local,riak_core_vnode_proxy_sup}. Started: id={riak_kv_vnode,1278813932664540053428224228626747642198940975104},pid=<0.406.0>.
2026-09-11 18:23:29.624267+09:00 [info] <0.244.0>@supervisor:report_progress/2:1582 Supervisor: {local,riak_core_stats_sup}. Started: id=riak_kv_stat,pid=<0.407.0>.
2026-09-11 18:23:29.642067+09:00 [info] <0.246.0>@riak_core_node_worker_pool:start_link/5:85 Registered worker pool of type af1_pool and size 2
2026-09-11 18:23:29.642181+09:00 [info] <0.246.0>@supervisor:report_progress/2:1582 Supervisor: {local,riak_core_node_worker_pool_sup}. Started: id=af1_pool,pid=<0.549.0>.
2026-09-11 18:23:29.642376+09:00 [info] <0.246.0>@riak_core_node_worker_pool:start_link/5:85 Registered worker pool of type af2_pool and size 1
2026-09-11 18:23:29.642431+09:00 [info] <0.246.0>@supervisor:report_progress/2:1582 Supervisor: {local,riak_core_node_worker_pool_sup}. Started: id=af2_pool,pid=<0.554.0>.
2026-09-11 18:23:29.642604+09:00 [info] <0.246.0>@riak_core_node_worker_pool:start_link/5:85 Registered worker pool of type af3_pool and size 4
2026-09-11 18:23:29.642666+09:00 [info] <0.246.0>@supervisor:report_progress/2:1582 Supervisor: {local,riak_core_node_worker_pool_sup}. Started: id=af3_pool,pid=<0.558.0>.
2026-09-11 18:23:29.642794+09:00 [info] <0.246.0>@riak_core_node_worker_pool:start_link/5:85 Registered worker pool of type af4_pool and size 1
2026-09-11 18:23:29.642858+09:00 [info] <0.246.0>@supervisor:report_progress/2:1582 Supervisor: {local,riak_core_node_worker_pool_sup}. Started: id=af4_pool,pid=<0.565.0>.
2026-09-11 18:23:29.642982+09:00 [info] <0.246.0>@riak_core_node_worker_pool:start_link/5:85 Registered worker pool of type be_pool and size 1
2026-09-11 18:23:29.643054+09:00 [info] <0.246.0>@supervisor:report_progress/2:1582 Supervisor: {local,riak_core_node_worker_pool_sup}. Started: id=be_pool,pid=<0.569.0>.
2026-09-11 18:23:29.659054+09:00 [info] <0.44.0>@application_controller:info_started/2:2130 Application: riak_kv. Started at: 'openriak-kv@node-01.cluster-a.openriak'.
2026-09-11 18:23:29.659243+09:00 [info] <0.44.0>@application_controller:info_started/2:2130 Application: ebloom. Started at: 'openriak-kv@node-01.cluster-a.openriak'.
2026-09-11 18:23:29.659350+09:00 [info] <0.44.0>@application_controller:info_started/2:2130 Application: bear. Started at: 'openriak-kv@node-01.cluster-a.openriak'.
2026-09-11 18:23:29.662186+09:00 [info] <0.578.0>@supervisor:report_progress/2:1582 Supervisor: {local,folsom_sup}. Started: id=folsom_sample_slide_sup,pid=<0.579.0>.
2026-09-11 18:23:29.663203+09:00 [info] <0.578.0>@supervisor:report_progress/2:1582 Supervisor: {local,folsom_sup}. Started: id=folsom_meter_timer_server,pid=<0.580.0>.
2026-09-11 18:23:29.664128+09:00 [info] <0.578.0>@supervisor:report_progress/2:1582 Supervisor: {local,folsom_sup}. Started: id=folsom_metrics_histogram_ets,pid=<0.581.0>.
2026-09-11 18:23:29.665341+09:00 [info] <0.578.0>@supervisor:report_progress/2:1582 Supervisor: {local,folsom_sup}. Started: id=folsom_metrics_spiral,pid=<0.582.0>.
2026-09-11 18:23:29.666509+09:00 [info] <0.578.0>@supervisor:report_progress/2:1582 Supervisor: {local,folsom_sup}. Started: id=folsom_metrics_history,pid=<0.583.0>.
2026-09-11 18:23:29.667565+09:00 [info] <0.578.0>@supervisor:report_progress/2:1582 Supervisor: {local,folsom_sup}. Started: id=folsom_metrics_histogram,pid=<0.584.0>.
2026-09-11 18:23:29.668773+09:00 [info] <0.578.0>@supervisor:report_progress/2:1582 Supervisor: {local,folsom_sup}. Started: id=folsom_metrics_duration,pid=<0.585.0>.
2026-09-11 18:23:29.670044+09:00 [info] <0.578.0>@supervisor:report_progress/2:1582 Supervisor: {local,folsom_sup}. Started: id=folsom_metrics_counter,pid=<0.586.0>.
2026-09-11 18:23:29.671084+09:00 [info] <0.578.0>@supervisor:report_progress/2:1582 Supervisor: {local,folsom_sup}. Started: id=folsom_metrics_gauge,pid=<0.587.0>.
2026-09-11 18:23:29.672388+09:00 [info] <0.578.0>@supervisor:report_progress/2:1582 Supervisor: {local,folsom_sup}. Started: id=folsom_metrics_meter,pid=<0.588.0>.
2026-09-11 18:23:29.673696+09:00 [info] <0.578.0>@supervisor:report_progress/2:1582 Supervisor: {local,folsom_sup}. Started: id=folsom_metrics_meter_reader,pid=<0.589.0>.
2026-09-11 18:23:29.673854+09:00 [info] <0.44.0>@application_controller:info_started/2:2130 Application: folsom. Started at: 'openriak-kv@node-01.cluster-a.openriak'.
2026-09-11 18:23:29.677273+09:00 [info] <0.593.0>@supervisor:report_progress/2:1582 Supervisor: {local,ranch_sup}. Started: id=ranch_server,pid=<0.594.0>.
2026-09-11 18:23:29.677426+09:00 [info] <0.44.0>@application_controller:info_started/2:2130 Application: ranch. Started at: 'openriak-kv@node-01.cluster-a.openriak'.
2026-09-11 18:23:29.679493+09:00 [info] <0.597.0>@riak_core:wait_for_service/2:498 Waiting for service riak_kv to start (0 seconds)
2026-09-11 18:23:39.328478+09:00 [info] <0.238.0>@riak_core_vnode_manager:update_never_started/4:1026 Update never started for Mod riak_kv_vnode with count 8 to be added to 0
2026-09-11 18:23:39.329088+09:00 [info] <0.238.0>@riak_core_vnode_manager:update_never_started/4:1026 Update never started for Mod riak_pipe_vnode with count 8 to be added to 8
2026-09-11 18:23:39.330253+09:00 [info] <0.718.0>@riak_core_vnode_manager:get_vnode/3:733 Will start VNode for partition 0 riak_pipe_vnode
2026-09-11 18:23:39.349795+09:00 [info] <0.718.0>@riak_core_vnode_manager:get_vnode/3:743 VNode initialization ready <0.720.0> 0 riak_pipe_vnode
2026-09-11 18:23:39.350036+09:00 [info] <0.725.0>@riak_core_vnode_manager:get_vnode/3:733 Will start VNode for partition 548063113999088594326381812268606132370974703616 riak_kv_vnode
2026-09-11 18:23:39.350040+09:00 [info] <0.726.0>@riak_core_vnode_manager:get_vnode/3:733 Will start VNode for partition 730750818665451459101842416358141509827966271488 riak_kv_vnode
2026-09-11 18:23:39.350029+09:00 [info] <0.724.0>@riak_core_vnode_manager:get_vnode/3:733 Will start VNode for partition 365375409332725729550921208179070754913983135744 riak_kv_vnode
2026-09-11 18:23:39.350023+09:00 [info] <0.723.0>@riak_core_vnode_manager:get_vnode/3:733 Will start VNode for partition 182687704666362864775460604089535377456991567872 riak_kv_vnode
2026-09-11 18:23:39.350046+09:00 [info] <0.728.0>@riak_core_vnode_manager:get_vnode/3:733 Will start VNode for partition 1096126227998177188652763624537212264741949407232 riak_kv_vnode
2026-09-11 18:23:39.350049+09:00 [info] <0.729.0>@riak_core_vnode_manager:get_vnode/3:733 Will start VNode for partition 1278813932664540053428224228626747642198940975104 riak_kv_vnode
2026-09-11 18:23:39.350015+09:00 [info] <0.722.0>@riak_core_vnode_manager:get_vnode/3:733 Will start VNode for partition 0 riak_kv_vnode
2026-09-11 18:23:39.350042+09:00 [info] <0.727.0>@riak_core_vnode_manager:get_vnode/3:733 Will start VNode for partition 913438523331814323877303020447676887284957839360 riak_kv_vnode
2026-09-11 18:23:39.390783+09:00 [info] <0.772.0>@leveled_inker:open_all_manifest/3:1273 log_ref=i0011 db_id=0 Manifest is empty, starting from manifest SQN 1
2026-09-11 18:23:39.390720+09:00 [info] <0.776.0>@leveled_inker:open_all_manifest/3:1273 log_ref=i0011 db_id=4 Manifest is empty, starting from manifest SQN 1
2026-09-11 18:23:39.390542+09:00 [info] <0.774.0>@leveled_inker:open_all_manifest/3:1273 log_ref=i0011 db_id=1 Manifest is empty, starting from manifest SQN 1
2026-09-11 18:23:39.390613+09:00 [info] <0.771.0>@leveled_inker:open_all_manifest/3:1273 log_ref=i0011 db_id=7 Manifest is empty, starting from manifest SQN 1
2026-09-11 18:23:39.390654+09:00 [info] <0.775.0>@leveled_inker:open_all_manifest/3:1273 log_ref=i0011 db_id=2 Manifest is empty, starting from manifest SQN 1
2026-09-11 18:23:39.390774+09:00 [info] <0.773.0>@leveled_inker:open_all_manifest/3:1273 log_ref=i0011 db_id=6 Manifest is empty, starting from manifest SQN 1
2026-09-11 18:23:39.390835+09:00 [info] <0.777.0>@leveled_inker:open_all_manifest/3:1273 log_ref=i0011 db_id=5 Manifest is empty, starting from manifest SQN 1
2026-09-11 18:23:39.390909+09:00 [info] <0.778.0>@leveled_inker:open_all_manifest/3:1273 log_ref=i0011 db_id=3 Manifest is empty, starting from manifest SQN 1
2026-09-11 18:23:39.404390+09:00 [info] <0.795.0>@leveled_cdb:starting/3:479 log_ref=cdb01 db_id=0 Opening file for writing with filename /var/lib/riak/leveled/0/journal/journal_files/0_4e60c3b6-3a90-457e-a0d5-d60402c01142.pnd
2026-09-11 18:23:39.404390+09:00 [info] <0.794.0>@leveled_cdb:starting/3:479 log_ref=cdb01 db_id=4 Opening file for writing with filename /var/lib/riak/leveled/730750818665451459101842416358141509827966271488/journal/journal_files/0_11332dec-7ddd-44f0-b6cb-e129de9e19f6.pnd
2026-09-11 18:23:39.404488+09:00 [info] <0.789.0>@leveled_cdb:starting/3:479 log_ref=cdb01 db_id=6 Opening file for writing with filename /var/lib/riak/leveled/1096126227998177188652763624537212264741949407232/journal/journal_files/0_eee9ef0b-153b-47b5-9eb4-d8844e84b7b8.pnd
2026-09-11 18:23:39.404485+09:00 [info] <0.792.0>@leveled_cdb:starting/3:479 log_ref=cdb01 db_id=1 Opening file for writing with filename /var/lib/riak/leveled/182687704666362864775460604089535377456991567872/journal/journal_files/0_ca025a11-7d5f-418d-82cd-bc10909ad4be.pnd
2026-09-11 18:23:39.404561+09:00 [info] <0.793.0>@leveled_cdb:starting/3:479 log_ref=cdb01 db_id=7 Opening file for writing with filename /var/lib/riak/leveled/1278813932664540053428224228626747642198940975104/journal/journal_files/0_d17337fc-f762-43df-a345-20650c061576.pnd
2026-09-11 18:23:39.404567+09:00 [info] <0.790.0>@leveled_cdb:starting/3:479 log_ref=cdb01 db_id=2 Opening file for writing with filename /var/lib/riak/leveled/365375409332725729550921208179070754913983135744/journal/journal_files/0_a9dea8e6-cdb9-410f-ac5c-4a999faf01c2.pnd
2026-09-11 18:23:39.404621+09:00 [info] <0.788.0>@leveled_cdb:starting/3:479 log_ref=cdb01 db_id=5 Opening file for writing with filename /var/lib/riak/leveled/913438523331814323877303020447676887284957839360/journal/journal_files/0_9c8126cb-da67-4f69-82e2-b3c353369614.pnd
2026-09-11 18:23:39.404613+09:00 [info] <0.791.0>@leveled_cdb:starting/3:479 log_ref=cdb01 db_id=3 Opening file for writing with filename /var/lib/riak/leveled/548063113999088594326381812268606132370974703616/journal/journal_files/0_6bec1174-a1d9-44ea-87ad-afcd4d9233d3.pnd
2026-09-11 18:23:39.405172+09:00 [info] <0.774.0>@leveled_inker:build_manifest/3:1242 log_ref=i0009 db_id=1 Updated manifest on startup:
2026-09-11 18:23:39.405169+09:00 [info] <0.773.0>@leveled_inker:build_manifest/3:1242 log_ref=i0009 db_id=6 Updated manifest on startup:
2026-09-11 18:23:39.405247+09:00 [info] <0.776.0>@leveled_inker:build_manifest/3:1242 log_ref=i0009 db_id=4 Updated manifest on startup:
2026-09-11 18:23:39.405301+09:00 [info] <0.772.0>@leveled_inker:build_manifest/3:1242 log_ref=i0009 db_id=0 Updated manifest on startup:
2026-09-11 18:23:39.405289+09:00 [info] <0.775.0>@leveled_inker:build_manifest/3:1242 log_ref=i0009 db_id=2 Updated manifest on startup:
2026-09-11 18:23:39.405389+09:00 [info] <0.771.0>@leveled_inker:build_manifest/3:1242 log_ref=i0009 db_id=7 Updated manifest on startup:
2026-09-11 18:23:39.405353+09:00 [info] <0.777.0>@leveled_inker:build_manifest/3:1242 log_ref=i0009 db_id=5 Updated manifest on startup:
2026-09-11 18:23:39.405601+09:00 [info] <0.775.0>@leveled_imanifest:writer/3:187 log_ref=i0016 db_id=2 Writing new version of manifest for manifestSQN=2
2026-09-11 18:23:39.405581+09:00 [info] <0.772.0>@leveled_imanifest:writer/3:187 log_ref=i0016 db_id=0 Writing new version of manifest for manifestSQN=2
2026-09-11 18:23:39.405733+09:00 [info] <0.778.0>@leveled_inker:build_manifest/3:1242 log_ref=i0009 db_id=3 Updated manifest on startup:
2026-09-11 18:23:39.405781+09:00 [info] <0.774.0>@leveled_imanifest:writer/3:187 log_ref=i0016 db_id=1 Writing new version of manifest for manifestSQN=2
2026-09-11 18:23:39.405873+09:00 [info] <0.771.0>@leveled_imanifest:writer/3:187 log_ref=i0016 db_id=7 Writing new version of manifest for manifestSQN=2
2026-09-11 18:23:39.405899+09:00 [info] <0.776.0>@leveled_imanifest:writer/3:187 log_ref=i0016 db_id=4 Writing new version of manifest for manifestSQN=2
2026-09-11 18:23:39.405680+09:00 [info] <0.773.0>@leveled_imanifest:writer/3:187 log_ref=i0016 db_id=6 Writing new version of manifest for manifestSQN=2
2026-09-11 18:23:39.405979+09:00 [info] <0.777.0>@leveled_imanifest:writer/3:187 log_ref=i0016 db_id=5 Writing new version of manifest for manifestSQN=2
2026-09-11 18:23:39.406153+09:00 [info] <0.778.0>@leveled_imanifest:writer/3:187 log_ref=i0016 db_id=3 Writing new version of manifest for manifestSQN=2
2026-09-11 18:23:39.415144+09:00 [info] <0.802.0>@leveled_pclerk:clerk_new/3:78 log_ref=pc001 db_id=1 Penciller's clerk <0.804.0> started with owner <0.802.0>
2026-09-11 18:23:39.415221+09:00 [info] <0.798.0>@leveled_pclerk:clerk_new/3:78 log_ref=pc001 db_id=4 Penciller's clerk <0.806.0> started with owner <0.798.0>
2026-09-11 18:23:39.415278+09:00 [info] <0.796.0>@leveled_pclerk:clerk_new/3:78 log_ref=pc001 db_id=0 Penciller's clerk <0.810.0> started with owner <0.796.0>
2026-09-11 18:23:39.415346+09:00 [info] <0.800.0>@leveled_pclerk:clerk_new/3:78 log_ref=pc001 db_id=3 Penciller's clerk <0.808.0> started with owner <0.800.0>
2026-09-11 18:23:39.415147+09:00 [info] <0.797.0>@leveled_pclerk:clerk_new/3:78 log_ref=pc001 db_id=5 Penciller's clerk <0.811.0> started with owner <0.797.0>
2026-09-11 18:23:39.415221+09:00 [info] <0.803.0>@leveled_pclerk:clerk_new/3:78 log_ref=pc001 db_id=6 Penciller's clerk <0.805.0> started with owner <0.803.0>
2026-09-11 18:23:39.415274+09:00 [info] <0.801.0>@leveled_pclerk:clerk_new/3:78 log_ref=pc001 db_id=2 Penciller's clerk <0.807.0> started with owner <0.801.0>
2026-09-11 18:23:39.415394+09:00 [info] <0.799.0>@leveled_pclerk:clerk_new/3:78 log_ref=pc001 db_id=7 Penciller's clerk <0.809.0> started with owner <0.799.0>
2026-09-11 18:23:39.420833+09:00 [info] <0.801.0>@leveled_pmanifest:open_manifestfile/2:1180 log_ref=p0013 db_id=2 Seqence number of 0 indicates no valid manifest
2026-09-11 18:23:39.420837+09:00 [info] <0.799.0>@leveled_pmanifest:open_manifestfile/2:1180 log_ref=p0013 db_id=7 Seqence number of 0 indicates no valid manifest
2026-09-11 18:23:39.420980+09:00 [info] <0.797.0>@leveled_pmanifest:open_manifestfile/2:1180 log_ref=p0013 db_id=5 Seqence number of 0 indicates no valid manifest
2026-09-11 18:23:39.420931+09:00 [info] <0.803.0>@leveled_pmanifest:open_manifestfile/2:1180 log_ref=p0013 db_id=6 Seqence number of 0 indicates no valid manifest
2026-09-11 18:23:39.421073+09:00 [info] <0.800.0>@leveled_pmanifest:open_manifestfile/2:1180 log_ref=p0013 db_id=3 Seqence number of 0 indicates no valid manifest
2026-09-11 18:23:39.421217+09:00 [info] <0.798.0>@leveled_pmanifest:open_manifestfile/2:1180 log_ref=p0013 db_id=4 Seqence number of 0 indicates no valid manifest
2026-09-11 18:23:39.421292+09:00 [info] <0.802.0>@leveled_pmanifest:open_manifestfile/2:1180 log_ref=p0013 db_id=1 Seqence number of 0 indicates no valid manifest
2026-09-11 18:23:39.421403+09:00 [info] <0.796.0>@leveled_pmanifest:open_manifestfile/2:1180 log_ref=p0013 db_id=0 Seqence number of 0 indicates no valid manifest
2026-09-11 18:23:39.423429+09:00 [info] <0.799.0>@leveled_penciller:start_from_file/1:1532 log_ref=p0014 db_id=7 Maximum sequence number of 0 found in nonzero levels
2026-09-11 18:23:39.423493+09:00 [info] <0.801.0>@leveled_penciller:start_from_file/1:1532 log_ref=p0014 db_id=2 Maximum sequence number of 0 found in nonzero levels
2026-09-11 18:23:39.423541+09:00 [info] <0.803.0>@leveled_penciller:start_from_file/1:1532 log_ref=p0014 db_id=6 Maximum sequence number of 0 found in nonzero levels
2026-09-11 18:23:39.423417+09:00 [info] <0.796.0>@leveled_penciller:start_from_file/1:1532 log_ref=p0014 db_id=0 Maximum sequence number of 0 found in nonzero levels
2026-09-11 18:23:39.423651+09:00 [info] <0.800.0>@leveled_penciller:start_from_file/1:1532 log_ref=p0014 db_id=3 Maximum sequence number of 0 found in nonzero levels
2026-09-11 18:23:39.423595+09:00 [info] <0.799.0>@leveled_penciller:start_from_file/1:1534 log_ref=p0035 db_id=7 Startup with Manifest SQN of 0
2026-09-11 18:23:39.423605+09:00 [info] <0.801.0>@leveled_penciller:start_from_file/1:1534 log_ref=p0035 db_id=2 Startup with Manifest SQN of 0
2026-09-11 18:23:39.423655+09:00 [info] <0.802.0>@leveled_penciller:start_from_file/1:1532 log_ref=p0014 db_id=1 Maximum sequence number of 0 found in nonzero levels
2026-09-11 18:23:39.423760+09:00 [info] <0.796.0>@leveled_penciller:start_from_file/1:1534 log_ref=p0035 db_id=0 Startup with Manifest SQN of 0
2026-09-11 18:23:39.423616+09:00 [info] <0.803.0>@leveled_penciller:start_from_file/1:1534 log_ref=p0035 db_id=6 Startup with Manifest SQN of 0
2026-09-11 18:23:39.423793+09:00 [info] <0.800.0>@leveled_penciller:start_from_file/1:1534 log_ref=p0035 db_id=3 Startup with Manifest SQN of 0
2026-09-11 18:23:39.423935+09:00 [info] <0.802.0>@leveled_penciller:start_from_file/1:1534 log_ref=p0035 db_id=1 Startup with Manifest SQN of 0
2026-09-11 18:23:39.423631+09:00 [info] <0.797.0>@leveled_penciller:start_from_file/1:1532 log_ref=p0014 db_id=5 Maximum sequence number of 0 found in nonzero levels
2026-09-11 18:23:39.423644+09:00 [info] <0.798.0>@leveled_penciller:start_from_file/1:1532 log_ref=p0014 db_id=4 Maximum sequence number of 0 found in nonzero levels
2026-09-11 18:23:39.423998+09:00 [info] <0.797.0>@leveled_penciller:start_from_file/1:1534 log_ref=p0035 db_id=5 Startup with Manifest SQN of 0
2026-09-11 18:23:39.424015+09:00 [info] <0.798.0>@leveled_penciller:start_from_file/1:1534 log_ref=p0035 db_id=4 Startup with Manifest SQN of 0
2026-09-11 18:23:39.425370+09:00 [info] <0.799.0>@leveled_penciller:start_from_file/1:1562 log_ref=p0017 db_id=7 No L0 file found
2026-09-11 18:23:39.425550+09:00 [info] <0.801.0>@leveled_penciller:start_from_file/1:1562 log_ref=p0017 db_id=2 No L0 file found
2026-09-11 18:23:39.425701+09:00 [info] <0.796.0>@leveled_penciller:start_from_file/1:1562 log_ref=p0017 db_id=0 No L0 file found
2026-09-11 18:23:39.425851+09:00 [info] <0.803.0>@leveled_penciller:start_from_file/1:1562 log_ref=p0017 db_id=6 No L0 file found
2026-09-11 18:23:39.426018+09:00 [info] <0.800.0>@leveled_penciller:start_from_file/1:1562 log_ref=p0017 db_id=3 No L0 file found
2026-09-11 18:23:39.426170+09:00 [info] <0.802.0>@leveled_penciller:start_from_file/1:1562 log_ref=p0017 db_id=1 No L0 file found
2026-09-11 18:23:39.426199+09:00 [info] <0.798.0>@leveled_penciller:start_from_file/1:1562 log_ref=p0017 db_id=4 No L0 file found
2026-09-11 18:23:39.426372+09:00 [info] <0.797.0>@leveled_penciller:start_from_file/1:1562 log_ref=p0017 db_id=5 No L0 file found
2026-09-11 18:23:39.426896+09:00 [info] <0.759.0>@leveled_bookie:startup/2:2017 log_ref=b0005 db_id=7 LedgerSQN=0 at startup
2026-09-11 18:23:39.426943+09:00 [info] <0.762.0>@leveled_bookie:startup/2:2017 log_ref=b0005 db_id=2 LedgerSQN=0 at startup
2026-09-11 18:23:39.427096+09:00 [info] <0.756.0>@leveled_bookie:startup/2:2017 log_ref=b0005 db_id=0 LedgerSQN=0 at startup
2026-09-11 18:23:39.427167+09:00 [info] <0.757.0>@leveled_bookie:startup/2:2017 log_ref=b0005 db_id=6 LedgerSQN=0 at startup
2026-09-11 18:23:39.427242+09:00 [info] <0.761.0>@leveled_bookie:startup/2:2017 log_ref=b0005 db_id=3 LedgerSQN=0 at startup
2026-09-11 18:23:39.427433+09:00 [info] <0.760.0>@leveled_bookie:startup/2:2017 log_ref=b0005 db_id=1 LedgerSQN=0 at startup
2026-09-11 18:23:39.427530+09:00 [info] <0.755.0>@leveled_bookie:startup/2:2017 log_ref=b0005 db_id=4 LedgerSQN=0 at startup
2026-09-11 18:23:39.427662+09:00 [info] <0.758.0>@leveled_bookie:startup/2:2017 log_ref=b0005 db_id=5 LedgerSQN=0 at startup
2026-09-11 18:23:39.429017+09:00 [info] <0.772.0>@leveled_bookie:startup/2:2028 log_ref=i0014 db_id=0 On startup loading from filename /var/lib/riak/leveled/0/journal/journal_files/0_4e60c3b6-3a90-457e-a0d5-d60402c01142 from SQN 1
2026-09-11 18:23:39.429013+09:00 [info] <0.776.0>@leveled_bookie:startup/2:2028 log_ref=i0014 db_id=4 On startup loading from filename /var/lib/riak/leveled/730750818665451459101842416358141509827966271488/journal/journal_files/0_11332dec-7ddd-44f0-b6cb-e129de9e19f6 from SQN 1
2026-09-11 18:23:39.429093+09:00 [info] <0.774.0>@leveled_bookie:startup/2:2028 log_ref=i0014 db_id=1 On startup loading from filename /var/lib/riak/leveled/182687704666362864775460604089535377456991567872/journal/journal_files/0_ca025a11-7d5f-418d-82cd-bc10909ad4be from SQN 1
2026-09-11 18:23:39.429121+09:00 [info] <0.773.0>@leveled_bookie:startup/2:2028 log_ref=i0014 db_id=6 On startup loading from filename /var/lib/riak/leveled/1096126227998177188652763624537212264741949407232/journal/journal_files/0_eee9ef0b-153b-47b5-9eb4-d8844e84b7b8 from SQN 1
2026-09-11 18:23:39.429024+09:00 [info] <0.778.0>@leveled_bookie:startup/2:2028 log_ref=i0014 db_id=3 On startup loading from filename /var/lib/riak/leveled/548063113999088594326381812268606132370974703616/journal/journal_files/0_6bec1174-a1d9-44ea-87ad-afcd4d9233d3 from SQN 1
2026-09-11 18:23:39.429173+09:00 [info] <0.771.0>@leveled_bookie:startup/2:2028 log_ref=i0014 db_id=7 On startup loading from filename /var/lib/riak/leveled/1278813932664540053428224228626747642198940975104/journal/journal_files/0_d17337fc-f762-43df-a345-20650c061576 from SQN 1
2026-09-11 18:23:39.429151+09:00 [info] <0.777.0>@leveled_bookie:startup/2:2028 log_ref=i0014 db_id=5 On startup loading from filename /var/lib/riak/leveled/913438523331814323877303020447676887284957839360/journal/journal_files/0_9c8126cb-da67-4f69-82e2-b3c353369614 from SQN 1
2026-09-11 18:23:39.429200+09:00 [info] <0.775.0>@leveled_bookie:startup/2:2028 log_ref=i0014 db_id=2 On startup loading from filename /var/lib/riak/leveled/365375409332725729550921208179070754913983135744/journal/journal_files/0_a9dea8e6-cdb9-410f-ac5c-4a999faf01c2 from SQN 1
2026-09-11 18:23:39.429524+09:00 [info] <0.760.0>@leveled_bookie:init/1:1428 log_ref=b0001 db_id=1 Bookie starting with Ink <0.774.0> Pcl <0.802.0>
2026-09-11 18:23:39.429519+09:00 [info] <0.759.0>@leveled_bookie:init/1:1428 log_ref=b0001 db_id=7 Bookie starting with Ink <0.771.0> Pcl <0.799.0>
2026-09-11 18:23:39.429641+09:00 [info] <0.757.0>@leveled_bookie:init/1:1428 log_ref=b0001 db_id=6 Bookie starting with Ink <0.773.0> Pcl <0.803.0>
2026-09-11 18:23:39.429782+09:00 [info] <0.756.0>@leveled_bookie:init/1:1428 log_ref=b0001 db_id=0 Bookie starting with Ink <0.772.0> Pcl <0.796.0>
2026-09-11 18:23:39.429793+09:00 [info] <0.761.0>@leveled_bookie:init/1:1428 log_ref=b0001 db_id=3 Bookie starting with Ink <0.778.0> Pcl <0.800.0>
2026-09-11 18:23:39.429853+09:00 [info] <0.758.0>@leveled_bookie:init/1:1428 log_ref=b0001 db_id=5 Bookie starting with Ink <0.777.0> Pcl <0.797.0>
2026-09-11 18:23:39.429911+09:00 [info] <0.762.0>@leveled_bookie:init/1:1428 log_ref=b0001 db_id=2 Bookie starting with Ink <0.775.0> Pcl <0.801.0>
2026-09-11 18:23:39.429955+09:00 [info] <0.755.0>@leveled_bookie:init/1:1428 log_ref=b0001 db_id=4 Bookie starting with Ink <0.776.0> Pcl <0.798.0>
2026-09-11 18:23:39.430473+09:00 [info] <0.731.0>@riak_kv_leveled_backend:schedule_journalcompaction/4:903 Schedule compaction for interval 3244 on partition 730750818665451459101842416358141509827966271488
2026-09-11 18:23:39.430508+09:00 [info] <0.732.0>@riak_kv_leveled_backend:schedule_journalcompaction/4:903 Schedule compaction for interval 1134 on partition 365375409332725729550921208179070754913983135744
2026-09-11 18:23:39.430494+09:00 [info] <0.730.0>@riak_kv_leveled_backend:schedule_journalcompaction/4:903 Schedule compaction for interval 2964 on partition 548063113999088594326381812268606132370974703616
2026-09-11 18:23:39.430463+09:00 [info] <0.733.0>@riak_kv_leveled_backend:schedule_journalcompaction/4:903 Schedule compaction for interval 1054 on partition 1096126227998177188652763624537212264741949407232
2026-09-11 18:23:39.430486+09:00 [info] <0.737.0>@riak_kv_leveled_backend:schedule_journalcompaction/4:903 Schedule compaction for interval 7015 on partition 913438523331814323877303020447676887284957839360
2026-09-11 18:23:39.430516+09:00 [info] <0.736.0>@riak_kv_leveled_backend:schedule_journalcompaction/4:903 Schedule compaction for interval 1018 on partition 0
2026-09-11 18:23:39.430523+09:00 [info] <0.735.0>@riak_kv_leveled_backend:schedule_journalcompaction/4:903 Schedule compaction for interval 15225 on partition 1278813932664540053428224228626747642198940975104
2026-09-11 18:23:39.430501+09:00 [info] <0.734.0>@riak_kv_leveled_backend:schedule_journalcompaction/4:903 Schedule compaction for interval 5203 on partition 182687704666362864775460604089535377456991567872
2026-09-11 18:23:39.457353+09:00 [info] <0.824.0>@aae_controller:init/1:674 log_ref=aae02 Native KeyStore type leveled_nko startup request
2026-09-11 18:23:39.457352+09:00 [info] <0.827.0>@aae_controller:init/1:674 log_ref=aae02 Native KeyStore type leveled_nko startup request
2026-09-11 18:23:39.457457+09:00 [info] <0.821.0>@aae_controller:init/1:674 log_ref=aae02 Native KeyStore type leveled_nko startup request
2026-09-11 18:23:39.457457+09:00 [info] <0.820.0>@aae_controller:init/1:674 log_ref=aae02 Native KeyStore type leveled_nko startup request
2026-09-11 18:23:39.457515+09:00 [info] <0.825.0>@aae_controller:init/1:674 log_ref=aae02 Native KeyStore type leveled_nko startup request
2026-09-11 18:23:39.457597+09:00 [info] <0.823.0>@aae_controller:init/1:674 log_ref=aae02 Native KeyStore type leveled_nko startup request
2026-09-11 18:23:39.457566+09:00 [info] <0.826.0>@aae_controller:init/1:674 log_ref=aae02 Native KeyStore type leveled_nko startup request
2026-09-11 18:23:39.457647+09:00 [info] <0.822.0>@aae_controller:init/1:674 log_ref=aae02 Native KeyStore type leveled_nko startup request
2026-09-11 18:23:39.457899+09:00 [warning] <0.830.0>@aae_keystore:open_manifest/1:1526 log_ref=ks002 No valid manifest found for AAE keystore at /var/lib/riak/tictac_aae/913438523331814323877303020447676887284957839360/leveled_nko/keystore reason not_present
2026-09-11 18:23:39.457963+09:00 [warning] <0.828.0>@aae_keystore:open_manifest/1:1526 log_ref=ks002 No valid manifest found for AAE keystore at /var/lib/riak/tictac_aae/182687704666362864775460604089535377456991567872/leveled_nko/keystore reason not_present
2026-09-11 18:23:39.457891+09:00 [warning] <0.829.0>@aae_keystore:open_manifest/1:1526 log_ref=ks002 No valid manifest found for AAE keystore at /var/lib/riak/tictac_aae/365375409332725729550921208179070754913983135744/leveled_nko/keystore reason not_present
2026-09-11 18:23:39.458133+09:00 [warning] <0.831.0>@aae_keystore:open_manifest/1:1526 log_ref=ks002 No valid manifest found for AAE keystore at /var/lib/riak/tictac_aae/1096126227998177188652763624537212264741949407232/leveled_nko/keystore reason not_present
2026-09-11 18:23:39.458059+09:00 [warning] <0.834.0>@aae_keystore:open_manifest/1:1526 log_ref=ks002 No valid manifest found for AAE keystore at /var/lib/riak/tictac_aae/548063113999088594326381812268606132370974703616/leveled_nko/keystore reason not_present
2026-09-11 18:23:39.458029+09:00 [warning] <0.832.0>@aae_keystore:open_manifest/1:1526 log_ref=ks002 No valid manifest found for AAE keystore at /var/lib/riak/tictac_aae/730750818665451459101842416358141509827966271488/leveled_nko/keystore reason not_present
2026-09-11 18:23:39.458295+09:00 [warning] <0.833.0>@aae_keystore:open_manifest/1:1526 log_ref=ks002 No valid manifest found for AAE keystore at /var/lib/riak/tictac_aae/1278813932664540053428224228626747642198940975104/leveled_nko/keystore reason not_present
2026-09-11 18:23:39.458360+09:00 [warning] <0.835.0>@aae_keystore:open_manifest/1:1526 log_ref=ks002 No valid manifest found for AAE keystore at /var/lib/riak/tictac_aae/0/leveled_nko/keystore reason not_present
2026-09-11 18:23:39.466112+09:00 [info] <0.837.0>@aae_treecache:init/1:224 log_ref=c0005 Starting cache with is_restored=false and IndexN of {0,3}
2026-09-11 18:23:39.466096+09:00 [info] <0.836.0>@aae_treecache:init/1:224 log_ref=c0005 Starting cache with is_restored=false and IndexN of {1096126227998177188652763624537212264741949407232,3}
2026-09-11 18:23:39.466213+09:00 [info] <0.838.0>@aae_treecache:init/1:224 log_ref=c0005 Starting cache with is_restored=false and IndexN of {913438523331814323877303020447676887284957839360,3}
2026-09-11 18:23:39.466213+09:00 [info] <0.839.0>@aae_treecache:init/1:224 log_ref=c0005 Starting cache with is_restored=false and IndexN of {730750818665451459101842416358141509827966271488,3}
2026-09-11 18:23:39.466260+09:00 [info] <0.840.0>@aae_treecache:init/1:224 log_ref=c0005 Starting cache with is_restored=false and IndexN of {365375409332725729550921208179070754913983135744,3}
2026-09-11 18:23:39.466257+09:00 [info] <0.842.0>@aae_treecache:init/1:224 log_ref=c0005 Starting cache with is_restored=false and IndexN of {548063113999088594326381812268606132370974703616,3}
2026-09-11 18:23:39.466332+09:00 [info] <0.843.0>@aae_treecache:init/1:224 log_ref=c0005 Starting cache with is_restored=false and IndexN of {1278813932664540053428224228626747642198940975104,3}
2026-09-11 18:23:39.466321+09:00 [info] <0.841.0>@aae_treecache:init/1:224 log_ref=c0005 Starting cache with is_restored=false and IndexN of {182687704666362864775460604089535377456991567872,3}
2026-09-11 18:23:39.467528+09:00 [info] <0.844.0>@aae_treecache:init/1:224 log_ref=c0005 Starting cache with is_restored=false and IndexN of {182687704666362864775460604089535377456991567872,3}
2026-09-11 18:23:39.467721+09:00 [info] <0.845.0>@aae_treecache:init/1:224 log_ref=c0005 Starting cache with is_restored=false and IndexN of {913438523331814323877303020447676887284957839360,3}
2026-09-11 18:23:39.467839+09:00 [info] <0.847.0>@aae_treecache:init/1:224 log_ref=c0005 Starting cache with is_restored=false and IndexN of {1278813932664540053428224228626747642198940975104,3}
2026-09-11 18:23:39.467962+09:00 [info] <0.846.0>@aae_treecache:init/1:224 log_ref=c0005 Starting cache with is_restored=false and IndexN of {730750818665451459101842416358141509827966271488,3}
2026-09-11 18:23:39.468301+09:00 [info] <0.851.0>@aae_treecache:init/1:224 log_ref=c0005 Starting cache with is_restored=false and IndexN of {365375409332725729550921208179070754913983135744,3}
2026-09-11 18:23:39.468123+09:00 [info] <0.849.0>@aae_treecache:init/1:224 log_ref=c0005 Starting cache with is_restored=false and IndexN of {548063113999088594326381812268606132370974703616,3}
2026-09-11 18:23:39.468463+09:00 [info] <0.850.0>@aae_treecache:init/1:224 log_ref=c0005 Starting cache with is_restored=false and IndexN of {0,3}
2026-09-11 18:23:39.468123+09:00 [info] <0.848.0>@aae_treecache:init/1:224 log_ref=c0005 Starting cache with is_restored=false and IndexN of {1096126227998177188652763624537212264741949407232,3}
2026-09-11 18:23:39.468919+09:00 [info] <0.854.0>@aae_treecache:init/1:224 log_ref=c0005 Starting cache with is_restored=false and IndexN of {0,3}
2026-09-11 18:23:39.468986+09:00 [info] <0.852.0>@aae_treecache:init/1:224 log_ref=c0005 Starting cache with is_restored=false and IndexN of {365375409332725729550921208179070754913983135744,3}
2026-09-11 18:23:39.469167+09:00 [info] <0.855.0>@aae_treecache:init/1:224 log_ref=c0005 Starting cache with is_restored=false and IndexN of {913438523331814323877303020447676887284957839360,3}
2026-09-11 18:23:39.469259+09:00 [info] <0.853.0>@aae_treecache:init/1:224 log_ref=c0005 Starting cache with is_restored=false and IndexN of {1096126227998177188652763624537212264741949407232,3}
2026-09-11 18:23:39.470949+09:00 [info] <0.856.0>@aae_treecache:init/1:224 log_ref=c0005 Starting cache with is_restored=false and IndexN of {548063113999088594326381812268606132370974703616,3}
2026-09-11 18:23:39.471238+09:00 [info] <0.857.0>@aae_treecache:init/1:224 log_ref=c0005 Starting cache with is_restored=false and IndexN of {730750818665451459101842416358141509827966271488,3}
2026-09-11 18:23:39.471371+09:00 [info] <0.858.0>@aae_treecache:init/1:224 log_ref=c0005 Starting cache with is_restored=false and IndexN of {182687704666362864775460604089535377456991567872,3}
2026-09-11 18:23:39.471557+09:00 [info] <0.859.0>@aae_treecache:init/1:224 log_ref=c0005 Starting cache with is_restored=false and IndexN of {1278813932664540053428224228626747642198940975104,3}
2026-09-11 18:23:39.471755+09:00 [info] <0.821.0>@aae_controller:init/1:719 log_ref=aae10 AAE controller started with IndexNs [{548063113999088594326381812268606132370974703616,3},{730750818665451459101842416358141509827966271488,3},{913438523331814323877303020447676887284957839360,3}] and StoreType {native,leveled_nko,<0.758.0>}
2026-09-11 18:23:39.471834+09:00 [info] <0.827.0>@aae_controller:init/1:719 log_ref=aae10 AAE controller started with IndexNs [{0,3},{182687704666362864775460604089535377456991567872,3},{365375409332725729550921208179070754913983135744,3}] and StoreType {native,leveled_nko,<0.762.0>}
2026-09-11 18:23:39.471764+09:00 [info] <0.822.0>@aae_controller:init/1:719 log_ref=aae10 AAE controller started with IndexNs [{1096126227998177188652763624537212264741949407232,3},{1278813932664540053428224228626747642198940975104,3},{0,3}] and StoreType {native,leveled_nko,<0.756.0>}
2026-09-11 18:23:39.471835+09:00 [info] <0.826.0>@aae_controller:init/1:719 log_ref=aae10 AAE controller started with IndexNs [{182687704666362864775460604089535377456991567872,3},{365375409332725729550921208179070754913983135744,3},{548063113999088594326381812268606132370974703616,3}] and StoreType {native,leveled_nko,<0.761.0>}
2026-09-11 18:23:39.471957+09:00 [info] <0.820.0>@aae_controller:init/1:719 log_ref=aae10 AAE controller started with IndexNs [{730750818665451459101842416358141509827966271488,3},{913438523331814323877303020447676887284957839360,3},{1096126227998177188652763624537212264741949407232,3}] and StoreType {native,leveled_nko,<0.757.0>}
2026-09-11 18:23:39.472011+09:00 [info] <0.736.0>@riak_kv_vnode:maybe_start_aaecontroller/2:415 AAE Controller started with pid=<0.822.0>
2026-09-11 18:23:39.472044+09:00 [info] <0.737.0>@riak_kv_vnode:maybe_start_aaecontroller/2:415 AAE Controller started with pid=<0.821.0>
2026-09-11 18:23:39.471917+09:00 [info] <0.825.0>@aae_controller:init/1:719 log_ref=aae10 AAE controller started with IndexNs [{365375409332725729550921208179070754913983135744,3},{548063113999088594326381812268606132370974703616,3},{730750818665451459101842416358141509827966271488,3}] and StoreType {native,leveled_nko,<0.755.0>}
2026-09-11 18:23:39.471941+09:00 [info] <0.823.0>@aae_controller:init/1:719 log_ref=aae10 AAE controller started with IndexNs [{913438523331814323877303020447676887284957839360,3},{1096126227998177188652763624537212264741949407232,3},{1278813932664540053428224228626747642198940975104,3}] and StoreType {native,leveled_nko,<0.759.0>}
2026-09-11 18:23:39.472108+09:00 [info] <0.731.0>@riak_kv_vnode:maybe_start_aaecontroller/2:415 AAE Controller started with pid=<0.825.0>
2026-09-11 18:23:39.472083+09:00 [info] <0.733.0>@riak_kv_vnode:maybe_start_aaecontroller/2:415 AAE Controller started with pid=<0.820.0>
2026-09-11 18:23:39.472074+09:00 [info] <0.732.0>@riak_kv_vnode:maybe_start_aaecontroller/2:415 AAE Controller started with pid=<0.827.0>
2026-09-11 18:23:39.472079+09:00 [info] <0.730.0>@riak_kv_vnode:maybe_start_aaecontroller/2:415 AAE Controller started with pid=<0.826.0>
2026-09-11 18:23:39.472214+09:00 [info] <0.735.0>@riak_kv_vnode:maybe_start_aaecontroller/2:415 AAE Controller started with pid=<0.823.0>
2026-09-11 18:23:39.471930+09:00 [info] <0.824.0>@aae_controller:init/1:719 log_ref=aae10 AAE controller started with IndexNs [{1278813932664540053428224228626747642198940975104,3},{0,3},{182687704666362864775460604089535377456991567872,3}] and StoreType {native,leveled_nko,<0.760.0>}
2026-09-11 18:23:39.472304+09:00 [info] <0.734.0>@riak_kv_vnode:maybe_start_aaecontroller/2:415 AAE Controller started with pid=<0.824.0>
2026-09-11 18:23:39.474143+09:00 [info] <0.729.0>@riak_core_vnode_manager:get_vnode/3:743 VNode initialization ready <0.735.0> 1278813932664540053428224228626747642198940975104 riak_kv_vnode
2026-09-11 18:23:39.473964+09:00 [info] <0.723.0>@riak_core_vnode_manager:get_vnode/3:743 VNode initialization ready <0.734.0> 182687704666362864775460604089535377456991567872 riak_kv_vnode
2026-09-11 18:23:39.474066+09:00 [info] <0.722.0>@riak_core_vnode_manager:get_vnode/3:743 VNode initialization ready <0.736.0> 0 riak_kv_vnode
2026-09-11 18:23:39.474371+09:00 [info] <0.727.0>@riak_core_vnode_manager:get_vnode/3:743 VNode initialization ready <0.737.0> 913438523331814323877303020447676887284957839360 riak_kv_vnode
2026-09-11 18:23:39.474285+09:00 [info] <0.724.0>@riak_core_vnode_manager:get_vnode/3:743 VNode initialization ready <0.732.0> 365375409332725729550921208179070754913983135744 riak_kv_vnode
2026-09-11 18:23:39.474204+09:00 [info] <0.728.0>@riak_core_vnode_manager:get_vnode/3:743 VNode initialization ready <0.733.0> 1096126227998177188652763624537212264741949407232 riak_kv_vnode
2026-09-11 18:23:39.474343+09:00 [info] <0.725.0>@riak_core_vnode_manager:get_vnode/3:743 VNode initialization ready <0.730.0> 548063113999088594326381812268606132370974703616 riak_kv_vnode
2026-09-11 18:23:39.474449+09:00 [info] <0.726.0>@riak_core_vnode_manager:get_vnode/3:743 VNode initialization ready <0.731.0> 730750818665451459101842416358141509827966271488 riak_kv_vnode
2026-09-11 18:23:39.474644+09:00 [info] <0.932.0>@riak_core_vnode_manager:get_vnode/3:733 Will start VNode for partition 182687704666362864775460604089535377456991567872 riak_pipe_vnode
2026-09-11 18:23:39.474946+09:00 [info] <0.932.0>@riak_core_vnode_manager:get_vnode/3:743 VNode initialization ready <0.933.0> 182687704666362864775460604089535377456991567872 riak_pipe_vnode
2026-09-11 18:23:39.475064+09:00 [info] <0.935.0>@riak_core_vnode_manager:get_vnode/3:733 Will start VNode for partition 365375409332725729550921208179070754913983135744 riak_pipe_vnode
2026-09-11 18:23:39.475324+09:00 [info] <0.935.0>@riak_core_vnode_manager:get_vnode/3:743 VNode initialization ready <0.936.0> 365375409332725729550921208179070754913983135744 riak_pipe_vnode
2026-09-11 18:23:39.475433+09:00 [info] <0.938.0>@riak_core_vnode_manager:get_vnode/3:733 Will start VNode for partition 548063113999088594326381812268606132370974703616 riak_pipe_vnode
2026-09-11 18:23:39.475787+09:00 [info] <0.938.0>@riak_core_vnode_manager:get_vnode/3:743 VNode initialization ready <0.939.0> 548063113999088594326381812268606132370974703616 riak_pipe_vnode
2026-09-11 18:23:39.475905+09:00 [info] <0.941.0>@riak_core_vnode_manager:get_vnode/3:733 Will start VNode for partition 730750818665451459101842416358141509827966271488 riak_pipe_vnode
2026-09-11 18:23:39.476153+09:00 [info] <0.941.0>@riak_core_vnode_manager:get_vnode/3:743 VNode initialization ready <0.942.0> 730750818665451459101842416358141509827966271488 riak_pipe_vnode
2026-09-11 18:23:39.476310+09:00 [info] <0.944.0>@riak_core_vnode_manager:get_vnode/3:733 Will start VNode for partition 913438523331814323877303020447676887284957839360 riak_pipe_vnode
2026-09-11 18:23:39.476505+09:00 [info] <0.379.0>@riak_core:wait_for_service/2:492 Wait complete for service riak_kv (9 seconds)
2026-09-11 18:23:39.476578+09:00 [info] <0.597.0>@riak_core:wait_for_service/2:492 Wait complete for service riak_kv (9 seconds)
2026-09-11 18:23:39.477017+09:00 [info] <0.944.0>@riak_core_vnode_manager:get_vnode/3:743 VNode initialization ready <0.945.0> 913438523331814323877303020447676887284957839360 riak_pipe_vnode
2026-09-11 18:23:39.477186+09:00 [info] <0.947.0>@riak_core_vnode_manager:get_vnode/3:733 Will start VNode for partition 1096126227998177188652763624537212264741949407232 riak_pipe_vnode
2026-09-11 18:23:39.477472+09:00 [info] <0.947.0>@riak_core_vnode_manager:get_vnode/3:743 VNode initialization ready <0.948.0> 1096126227998177188652763624537212264741949407232 riak_pipe_vnode
2026-09-11 18:23:39.477665+09:00 [info] <0.950.0>@riak_core_vnode_manager:get_vnode/3:733 Will start VNode for partition 1278813932664540053428224228626747642198940975104 riak_pipe_vnode
2026-09-11 18:23:39.477998+09:00 [info] <0.950.0>@riak_core_vnode_manager:get_vnode/3:743 VNode initialization ready <0.951.0> 1278813932664540053428224228626747642198940975104 riak_pipe_vnode
2026-09-11 18:23:39.480447+09:00 [info] <0.239.0>@riak_core_capability:process_capability_changes/2:557 New capability: {riak_repl,bloom_fold} = true
2026-09-11 18:23:39.481881+09:00 [info] <0.239.0>@riak_core_capability:process_capability_changes/2:557 New capability: {riak_repl,rtq_meta} = true
2026-09-11 18:23:39.483367+09:00 [info] <0.239.0>@riak_core_capability:process_capability_changes/2:557 New capability: {riak_repl,default_bucket_props_hash} = [consistent,datatype,n_val,write_once]
2026-09-11 18:23:39.489091+09:00 [info] <0.597.0>@riak_repl_app:start/2:70 REPL CS block skip disabled
2026-09-11 18:23:39.493898+09:00 [info] <0.953.0>@supervisor:report_progress/2:1582 Supervisor: {local,riak_repl_sup}. Started: id=riak_repl_client_sup,pid=<0.954.0>.
2026-09-11 18:23:39.495663+09:00 [info] <0.953.0>@supervisor:report_progress/2:1582 Supervisor: {local,riak_repl_sup}. Started: id=riak_repl_server_sup,pid=<0.955.0>.
2026-09-11 18:23:39.498970+09:00 [info] <0.953.0>@supervisor:report_progress/2:1582 Supervisor: {local,riak_repl_sup}. Started: id=riak_repl_leader,pid=<0.956.0>.
2026-09-11 18:23:39.501127+09:00 [info] <0.953.0>@supervisor:report_progress/2:1582 Supervisor: {local,riak_repl_sup}. Started: id=riak_repl2_leader,pid=<0.975.0>.
2026-09-11 18:23:39.509651+09:00 [info] <0.977.0>@riak_core_service_mgr:start_link/1:111 Starting Core Service Manager at {"127.0.0.1",9080}
2026-09-11 18:23:39.526085+09:00 [info] <0.975.0>@riak_repl2_leader:become_leader/2:217 Leader2: 'openriak-kv@node-01.cluster-a.openriak' elected as replication leader
2026-09-11 18:23:39.533029+09:00 [info] <0.981.0>@supervisor:report_progress/2:1582 Supervisor: {<0.981.0>,ranch_conns_sup_sup}. Started: id={ranch_conns_sup,1},pid=<0.982.0>.
2026-09-11 18:23:39.533188+09:00 [info] <0.981.0>@supervisor:report_progress/2:1582 Supervisor: {<0.981.0>,ranch_conns_sup_sup}. Started: id={ranch_conns_sup,2},pid=<0.983.0>.
2026-09-11 18:23:39.533269+09:00 [info] <0.981.0>@supervisor:report_progress/2:1582 Supervisor: {<0.981.0>,ranch_conns_sup_sup}. Started: id={ranch_conns_sup,3},pid=<0.984.0>.
2026-09-11 18:23:39.533396+09:00 [info] <0.981.0>@supervisor:report_progress/2:1582 Supervisor: {<0.981.0>,ranch_conns_sup_sup}. Started: id={ranch_conns_sup,4},pid=<0.985.0>.
2026-09-11 18:23:39.533500+09:00 [info] <0.981.0>@supervisor:report_progress/2:1582 Supervisor: {<0.981.0>,ranch_conns_sup_sup}. Started: id={ranch_conns_sup,5},pid=<0.986.0>.
2026-09-11 18:23:39.533633+09:00 [info] <0.981.0>@supervisor:report_progress/2:1582 Supervisor: {<0.981.0>,ranch_conns_sup_sup}. Started: id={ranch_conns_sup,6},pid=<0.987.0>.
2026-09-11 18:23:39.533703+09:00 [info] <0.981.0>@supervisor:report_progress/2:1582 Supervisor: {<0.981.0>,ranch_conns_sup_sup}. Started: id={ranch_conns_sup,7},pid=<0.988.0>.
2026-09-11 18:23:39.533801+09:00 [info] <0.981.0>@supervisor:report_progress/2:1582 Supervisor: {<0.981.0>,ranch_conns_sup_sup}. Started: id={ranch_conns_sup,8},pid=<0.989.0>.
2026-09-11 18:23:39.533871+09:00 [info] <0.981.0>@supervisor:report_progress/2:1582 Supervisor: {<0.981.0>,ranch_conns_sup_sup}. Started: id={ranch_conns_sup,9},pid=<0.990.0>.
2026-09-11 18:23:39.533969+09:00 [info] <0.981.0>@supervisor:report_progress/2:1582 Supervisor: {<0.981.0>,ranch_conns_sup_sup}. Started: id={ranch_conns_sup,10},pid=<0.991.0>.
2026-09-11 18:23:39.534043+09:00 [info] <0.981.0>@supervisor:report_progress/2:1582 Supervisor: {<0.981.0>,ranch_conns_sup_sup}. Started: id={ranch_conns_sup,11},pid=<0.992.0>.
2026-09-11 18:23:39.534131+09:00 [info] <0.981.0>@supervisor:report_progress/2:1582 Supervisor: {<0.981.0>,ranch_conns_sup_sup}. Started: id={ranch_conns_sup,12},pid=<0.993.0>.
2026-09-11 18:23:39.534194+09:00 [info] <0.981.0>@supervisor:report_progress/2:1582 Supervisor: {<0.981.0>,ranch_conns_sup_sup}. Started: id={ranch_conns_sup,13},pid=<0.994.0>.
2026-09-11 18:23:39.534287+09:00 [info] <0.981.0>@supervisor:report_progress/2:1582 Supervisor: {<0.981.0>,ranch_conns_sup_sup}. Started: id={ranch_conns_sup,14},pid=<0.995.0>.
2026-09-11 18:23:39.534358+09:00 [info] <0.981.0>@supervisor:report_progress/2:1582 Supervisor: {<0.981.0>,ranch_conns_sup_sup}. Started: id={ranch_conns_sup,15},pid=<0.996.0>.
2026-09-11 18:23:39.534469+09:00 [info] <0.981.0>@supervisor:report_progress/2:1582 Supervisor: {<0.981.0>,ranch_conns_sup_sup}. Started: id={ranch_conns_sup,16},pid=<0.997.0>.
2026-09-11 18:23:39.534568+09:00 [info] <0.981.0>@supervisor:report_progress/2:1582 Supervisor: {<0.981.0>,ranch_conns_sup_sup}. Started: id={ranch_conns_sup,17},pid=<0.998.0>.
2026-09-11 18:23:39.534671+09:00 [info] <0.981.0>@supervisor:report_progress/2:1582 Supervisor: {<0.981.0>,ranch_conns_sup_sup}. Started: id={ranch_conns_sup,18},pid=<0.999.0>.
2026-09-11 18:23:39.534745+09:00 [info] <0.981.0>@supervisor:report_progress/2:1582 Supervisor: {<0.981.0>,ranch_conns_sup_sup}. Started: id={ranch_conns_sup,19},pid=<0.1000.0>.
2026-09-11 18:23:39.534842+09:00 [info] <0.981.0>@supervisor:report_progress/2:1582 Supervisor: {<0.981.0>,ranch_conns_sup_sup}. Started: id={ranch_conns_sup,20},pid=<0.1001.0>.
2026-09-11 18:23:39.534926+09:00 [info] <0.981.0>@supervisor:report_progress/2:1582 Supervisor: {<0.981.0>,ranch_conns_sup_sup}. Started: id={ranch_conns_sup,21},pid=<0.1002.0>.
2026-09-11 18:23:39.535025+09:00 [info] <0.981.0>@supervisor:report_progress/2:1582 Supervisor: {<0.981.0>,ranch_conns_sup_sup}. Started: id={ranch_conns_sup,22},pid=<0.1003.0>.
2026-09-11 18:23:39.535101+09:00 [info] <0.981.0>@supervisor:report_progress/2:1582 Supervisor: {<0.981.0>,ranch_conns_sup_sup}. Started: id={ranch_conns_sup,23},pid=<0.1004.0>.
2026-09-11 18:23:39.535199+09:00 [info] <0.981.0>@supervisor:report_progress/2:1582 Supervisor: {<0.981.0>,ranch_conns_sup_sup}. Started: id={ranch_conns_sup,24},pid=<0.1005.0>.
2026-09-11 18:23:39.535271+09:00 [info] <0.981.0>@supervisor:report_progress/2:1582 Supervisor: {<0.981.0>,ranch_conns_sup_sup}. Started: id={ranch_conns_sup,25},pid=<0.1006.0>.
2026-09-11 18:23:39.535436+09:00 [info] <0.981.0>@supervisor:report_progress/2:1582 Supervisor: {<0.981.0>,ranch_conns_sup_sup}. Started: id={ranch_conns_sup,26},pid=<0.1007.0>.
2026-09-11 18:23:39.535518+09:00 [info] <0.981.0>@supervisor:report_progress/2:1582 Supervisor: {<0.981.0>,ranch_conns_sup_sup}. Started: id={ranch_conns_sup,27},pid=<0.1008.0>.
2026-09-11 18:23:39.535625+09:00 [info] <0.981.0>@supervisor:report_progress/2:1582 Supervisor: {<0.981.0>,ranch_conns_sup_sup}. Started: id={ranch_conns_sup,28},pid=<0.1009.0>.
2026-09-11 18:23:39.535693+09:00 [info] <0.981.0>@supervisor:report_progress/2:1582 Supervisor: {<0.981.0>,ranch_conns_sup_sup}. Started: id={ranch_conns_sup,29},pid=<0.1010.0>.
2026-09-11 18:23:39.535800+09:00 [info] <0.981.0>@supervisor:report_progress/2:1582 Supervisor: {<0.981.0>,ranch_conns_sup_sup}. Started: id={ranch_conns_sup,30},pid=<0.1011.0>.
2026-09-11 18:23:39.535872+09:00 [info] <0.981.0>@supervisor:report_progress/2:1582 Supervisor: {<0.981.0>,ranch_conns_sup_sup}. Started: id={ranch_conns_sup,31},pid=<0.1012.0>.
2026-09-11 18:23:39.535966+09:00 [info] <0.981.0>@supervisor:report_progress/2:1582 Supervisor: {<0.981.0>,ranch_conns_sup_sup}. Started: id={ranch_conns_sup,32},pid=<0.1013.0>.
2026-09-11 18:23:39.536071+09:00 [info] <0.981.0>@supervisor:report_progress/2:1582 Supervisor: {<0.981.0>,ranch_conns_sup_sup}. Started: id={ranch_conns_sup,33},pid=<0.1014.0>.
2026-09-11 18:23:39.536233+09:00 [info] <0.981.0>@supervisor:report_progress/2:1582 Supervisor: {<0.981.0>,ranch_conns_sup_sup}. Started: id={ranch_conns_sup,34},pid=<0.1015.0>.
2026-09-11 18:23:39.536347+09:00 [info] <0.981.0>@supervisor:report_progress/2:1582 Supervisor: {<0.981.0>,ranch_conns_sup_sup}. Started: id={ranch_conns_sup,35},pid=<0.1016.0>.
2026-09-11 18:23:39.536539+09:00 [info] <0.981.0>@supervisor:report_progress/2:1582 Supervisor: {<0.981.0>,ranch_conns_sup_sup}. Started: id={ranch_conns_sup,36},pid=<0.1017.0>.
2026-09-11 18:23:39.536682+09:00 [info] <0.981.0>@supervisor:report_progress/2:1582 Supervisor: {<0.981.0>,ranch_conns_sup_sup}. Started: id={ranch_conns_sup,37},pid=<0.1018.0>.
2026-09-11 18:23:39.536839+09:00 [info] <0.981.0>@supervisor:report_progress/2:1582 Supervisor: {<0.981.0>,ranch_conns_sup_sup}. Started: id={ranch_conns_sup,38},pid=<0.1019.0>.
2026-09-11 18:23:39.536941+09:00 [info] <0.981.0>@supervisor:report_progress/2:1582 Supervisor: {<0.981.0>,ranch_conns_sup_sup}. Started: id={ranch_conns_sup,39},pid=<0.1020.0>.
2026-09-11 18:23:39.537071+09:00 [info] <0.981.0>@supervisor:report_progress/2:1582 Supervisor: {<0.981.0>,ranch_conns_sup_sup}. Started: id={ranch_conns_sup,40},pid=<0.1021.0>.
2026-09-11 18:23:39.537187+09:00 [info] <0.981.0>@supervisor:report_progress/2:1582 Supervisor: {<0.981.0>,ranch_conns_sup_sup}. Started: id={ranch_conns_sup,41},pid=<0.1022.0>.
2026-09-11 18:23:39.537331+09:00 [info] <0.981.0>@supervisor:report_progress/2:1582 Supervisor: {<0.981.0>,ranch_conns_sup_sup}. Started: id={ranch_conns_sup,42},pid=<0.1023.0>.
2026-09-11 18:23:39.538007+09:00 [info] <0.981.0>@supervisor:report_progress/2:1582 Supervisor: {<0.981.0>,ranch_conns_sup_sup}. Started: id={ranch_conns_sup,43},pid=<0.1024.0>.
2026-09-11 18:23:39.538173+09:00 [info] <0.981.0>@supervisor:report_progress/2:1582 Supervisor: {<0.981.0>,ranch_conns_sup_sup}. Started: id={ranch_conns_sup,44},pid=<0.1025.0>.
2026-09-11 18:23:39.538260+09:00 [info] <0.981.0>@supervisor:report_progress/2:1582 Supervisor: {<0.981.0>,ranch_conns_sup_sup}. Started: id={ranch_conns_sup,45},pid=<0.1026.0>.
2026-09-11 18:23:39.538393+09:00 [info] <0.981.0>@supervisor:report_progress/2:1582 Supervisor: {<0.981.0>,ranch_conns_sup_sup}. Started: id={ranch_conns_sup,46},pid=<0.1027.0>.
2026-09-11 18:23:39.538494+09:00 [info] <0.981.0>@supervisor:report_progress/2:1582 Supervisor: {<0.981.0>,ranch_conns_sup_sup}. Started: id={ranch_conns_sup,47},pid=<0.1028.0>.
2026-09-11 18:23:39.538629+09:00 [info] <0.981.0>@supervisor:report_progress/2:1582 Supervisor: {<0.981.0>,ranch_conns_sup_sup}. Started: id={ranch_conns_sup,48},pid=<0.1029.0>.
2026-09-11 18:23:39.538747+09:00 [info] <0.981.0>@supervisor:report_progress/2:1582 Supervisor: {<0.981.0>,ranch_conns_sup_sup}. Started: id={ranch_conns_sup,49},pid=<0.1030.0>.
2026-09-11 18:23:39.539624+09:00 [info] <0.981.0>@supervisor:report_progress/2:1582 Supervisor: {<0.981.0>,ranch_conns_sup_sup}. Started: id={ranch_conns_sup,50},pid=<0.1031.0>.
2026-09-11 18:23:39.539765+09:00 [info] <0.981.0>@supervisor:report_progress/2:1582 Supervisor: {<0.981.0>,ranch_conns_sup_sup}. Started: id={ranch_conns_sup,51},pid=<0.1032.0>.
2026-09-11 18:23:39.539898+09:00 [info] <0.981.0>@supervisor:report_progress/2:1582 Supervisor: {<0.981.0>,ranch_conns_sup_sup}. Started: id={ranch_conns_sup,52},pid=<0.1033.0>.
2026-09-11 18:23:39.539996+09:00 [info] <0.981.0>@supervisor:report_progress/2:1582 Supervisor: {<0.981.0>,ranch_conns_sup_sup}. Started: id={ranch_conns_sup,53},pid=<0.1034.0>.
2026-09-11 18:23:39.540122+09:00 [info] <0.981.0>@supervisor:report_progress/2:1582 Supervisor: {<0.981.0>,ranch_conns_sup_sup}. Started: id={ranch_conns_sup,54},pid=<0.1035.0>.
2026-09-11 18:23:39.540239+09:00 [info] <0.981.0>@supervisor:report_progress/2:1582 Supervisor: {<0.981.0>,ranch_conns_sup_sup}. Started: id={ranch_conns_sup,55},pid=<0.1036.0>.
2026-09-11 18:23:39.540343+09:00 [info] <0.981.0>@supervisor:report_progress/2:1582 Supervisor: {<0.981.0>,ranch_conns_sup_sup}. Started: id={ranch_conns_sup,56},pid=<0.1037.0>.
2026-09-11 18:23:39.540447+09:00 [info] <0.981.0>@supervisor:report_progress/2:1582 Supervisor: {<0.981.0>,ranch_conns_sup_sup}. Started: id={ranch_conns_sup,57},pid=<0.1038.0>.
2026-09-11 18:23:39.540710+09:00 [info] <0.981.0>@supervisor:report_progress/2:1582 Supervisor: {<0.981.0>,ranch_conns_sup_sup}. Started: id={ranch_conns_sup,58},pid=<0.1039.0>.
2026-09-11 18:23:39.540853+09:00 [info] <0.981.0>@supervisor:report_progress/2:1582 Supervisor: {<0.981.0>,ranch_conns_sup_sup}. Started: id={ranch_conns_sup,59},pid=<0.1040.0>.
2026-09-11 18:23:39.540990+09:00 [info] <0.981.0>@supervisor:report_progress/2:1582 Supervisor: {<0.981.0>,ranch_conns_sup_sup}. Started: id={ranch_conns_sup,60},pid=<0.1041.0>.
2026-09-11 18:23:39.541091+09:00 [info] <0.981.0>@supervisor:report_progress/2:1582 Supervisor: {<0.981.0>,ranch_conns_sup_sup}. Started: id={ranch_conns_sup,61},pid=<0.1042.0>.
2026-09-11 18:23:39.541240+09:00 [info] <0.981.0>@supervisor:report_progress/2:1582 Supervisor: {<0.981.0>,ranch_conns_sup_sup}. Started: id={ranch_conns_sup,62},pid=<0.1043.0>.
2026-09-11 18:23:39.541348+09:00 [info] <0.981.0>@supervisor:report_progress/2:1582 Supervisor: {<0.981.0>,ranch_conns_sup_sup}. Started: id={ranch_conns_sup,63},pid=<0.1044.0>.
2026-09-11 18:23:39.541446+09:00 [info] <0.981.0>@supervisor:report_progress/2:1582 Supervisor: {<0.981.0>,ranch_conns_sup_sup}. Started: id={ranch_conns_sup,64},pid=<0.1045.0>.
2026-09-11 18:23:39.541524+09:00 [info] <0.981.0>@supervisor:report_progress/2:1582 Supervisor: {<0.981.0>,ranch_conns_sup_sup}. Started: id={ranch_conns_sup,65},pid=<0.1046.0>.
2026-09-11 18:23:39.541660+09:00 [info] <0.981.0>@supervisor:report_progress/2:1582 Supervisor: {<0.981.0>,ranch_conns_sup_sup}. Started: id={ranch_conns_sup,66},pid=<0.1047.0>.
2026-09-11 18:23:39.541735+09:00 [info] <0.981.0>@supervisor:report_progress/2:1582 Supervisor: {<0.981.0>,ranch_conns_sup_sup}. Started: id={ranch_conns_sup,67},pid=<0.1048.0>.
2026-09-11 18:23:39.541808+09:00 [info] <0.981.0>@supervisor:report_progress/2:1582 Supervisor: {<0.981.0>,ranch_conns_sup_sup}. Started: id={ranch_conns_sup,68},pid=<0.1049.0>.
2026-09-11 18:23:39.541887+09:00 [info] <0.981.0>@supervisor:report_progress/2:1582 Supervisor: {<0.981.0>,ranch_conns_sup_sup}. Started: id={ranch_conns_sup,69},pid=<0.1050.0>.
2026-09-11 18:23:39.541991+09:00 [info] <0.981.0>@supervisor:report_progress/2:1582 Supervisor: {<0.981.0>,ranch_conns_sup_sup}. Started: id={ranch_conns_sup,70},pid=<0.1051.0>.
2026-09-11 18:23:39.542082+09:00 [info] <0.981.0>@supervisor:report_progress/2:1582 Supervisor: {<0.981.0>,ranch_conns_sup_sup}. Started: id={ranch_conns_sup,71},pid=<0.1052.0>.
2026-09-11 18:23:39.542211+09:00 [info] <0.981.0>@supervisor:report_progress/2:1582 Supervisor: {<0.981.0>,ranch_conns_sup_sup}. Started: id={ranch_conns_sup,72},pid=<0.1053.0>.
2026-09-11 18:23:39.542298+09:00 [info] <0.981.0>@supervisor:report_progress/2:1582 Supervisor: {<0.981.0>,ranch_conns_sup_sup}. Started: id={ranch_conns_sup,73},pid=<0.1054.0>.
2026-09-11 18:23:39.542419+09:00 [info] <0.981.0>@supervisor:report_progress/2:1582 Supervisor: {<0.981.0>,ranch_conns_sup_sup}. Started: id={ranch_conns_sup,74},pid=<0.1055.0>.
2026-09-11 18:23:39.542491+09:00 [info] <0.981.0>@supervisor:report_progress/2:1582 Supervisor: {<0.981.0>,ranch_conns_sup_sup}. Started: id={ranch_conns_sup,75},pid=<0.1056.0>.
2026-09-11 18:23:39.542593+09:00 [info] <0.981.0>@supervisor:report_progress/2:1582 Supervisor: {<0.981.0>,ranch_conns_sup_sup}. Started: id={ranch_conns_sup,76},pid=<0.1057.0>.
2026-09-11 18:23:39.542681+09:00 [info] <0.981.0>@supervisor:report_progress/2:1582 Supervisor: {<0.981.0>,ranch_conns_sup_sup}. Started: id={ranch_conns_sup,77},pid=<0.1058.0>.
2026-09-11 18:23:39.542804+09:00 [info] <0.981.0>@supervisor:report_progress/2:1582 Supervisor: {<0.981.0>,ranch_conns_sup_sup}. Started: id={ranch_conns_sup,78},pid=<0.1059.0>.
2026-09-11 18:23:39.542894+09:00 [info] <0.981.0>@supervisor:report_progress/2:1582 Supervisor: {<0.981.0>,ranch_conns_sup_sup}. Started: id={ranch_conns_sup,79},pid=<0.1060.0>.
2026-09-11 18:23:39.542995+09:00 [info] <0.981.0>@supervisor:report_progress/2:1582 Supervisor: {<0.981.0>,ranch_conns_sup_sup}. Started: id={ranch_conns_sup,80},pid=<0.1061.0>.
2026-09-11 18:23:39.543072+09:00 [info] <0.981.0>@supervisor:report_progress/2:1582 Supervisor: {<0.981.0>,ranch_conns_sup_sup}. Started: id={ranch_conns_sup,81},pid=<0.1062.0>.
2026-09-11 18:23:39.543145+09:00 [info] <0.981.0>@supervisor:report_progress/2:1582 Supervisor: {<0.981.0>,ranch_conns_sup_sup}. Started: id={ranch_conns_sup,82},pid=<0.1063.0>.
2026-09-11 18:23:39.543230+09:00 [info] <0.981.0>@supervisor:report_progress/2:1582 Supervisor: {<0.981.0>,ranch_conns_sup_sup}. Started: id={ranch_conns_sup,83},pid=<0.1064.0>.
2026-09-11 18:23:39.543356+09:00 [info] <0.981.0>@supervisor:report_progress/2:1582 Supervisor: {<0.981.0>,ranch_conns_sup_sup}. Started: id={ranch_conns_sup,84},pid=<0.1065.0>.
2026-09-11 18:23:39.543434+09:00 [info] <0.981.0>@supervisor:report_progress/2:1582 Supervisor: {<0.981.0>,ranch_conns_sup_sup}. Started: id={ranch_conns_sup,85},pid=<0.1066.0>.
2026-09-11 18:23:39.543613+09:00 [info] <0.981.0>@supervisor:report_progress/2:1582 Supervisor: {<0.981.0>,ranch_conns_sup_sup}. Started: id={ranch_conns_sup,86},pid=<0.1067.0>.
2026-09-11 18:23:39.543699+09:00 [info] <0.981.0>@supervisor:report_progress/2:1582 Supervisor: {<0.981.0>,ranch_conns_sup_sup}. Started: id={ranch_conns_sup,87},pid=<0.1068.0>.
2026-09-11 18:23:39.543797+09:00 [info] <0.981.0>@supervisor:report_progress/2:1582 Supervisor: {<0.981.0>,ranch_conns_sup_sup}. Started: id={ranch_conns_sup,88},pid=<0.1069.0>.
2026-09-11 18:23:39.543877+09:00 [info] <0.981.0>@supervisor:report_progress/2:1582 Supervisor: {<0.981.0>,ranch_conns_sup_sup}. Started: id={ranch_conns_sup,89},pid=<0.1070.0>.
2026-09-11 18:23:39.543956+09:00 [info] <0.981.0>@supervisor:report_progress/2:1582 Supervisor: {<0.981.0>,ranch_conns_sup_sup}. Started: id={ranch_conns_sup,90},pid=<0.1071.0>.
2026-09-11 18:23:39.544027+09:00 [info] <0.981.0>@supervisor:report_progress/2:1582 Supervisor: {<0.981.0>,ranch_conns_sup_sup}. Started: id={ranch_conns_sup,91},pid=<0.1072.0>.
2026-09-11 18:23:39.544148+09:00 [info] <0.981.0>@supervisor:report_progress/2:1582 Supervisor: {<0.981.0>,ranch_conns_sup_sup}. Started: id={ranch_conns_sup,92},pid=<0.1073.0>.
2026-09-11 18:23:39.544241+09:00 [info] <0.981.0>@supervisor:report_progress/2:1582 Supervisor: {<0.981.0>,ranch_conns_sup_sup}. Started: id={ranch_conns_sup,93},pid=<0.1074.0>.
2026-09-11 18:23:39.544311+09:00 [info] <0.981.0>@supervisor:report_progress/2:1582 Supervisor: {<0.981.0>,ranch_conns_sup_sup}. Started: id={ranch_conns_sup,94},pid=<0.1075.0>.
2026-09-11 18:23:39.544405+09:00 [info] <0.981.0>@supervisor:report_progress/2:1582 Supervisor: {<0.981.0>,ranch_conns_sup_sup}. Started: id={ranch_conns_sup,95},pid=<0.1076.0>.
2026-09-11 18:23:39.544481+09:00 [info] <0.981.0>@supervisor:report_progress/2:1582 Supervisor: {<0.981.0>,ranch_conns_sup_sup}. Started: id={ranch_conns_sup,96},pid=<0.1077.0>.
2026-09-11 18:23:39.544575+09:00 [info] <0.981.0>@supervisor:report_progress/2:1582 Supervisor: {<0.981.0>,ranch_conns_sup_sup}. Started: id={ranch_conns_sup,97},pid=<0.1078.0>.
2026-09-11 18:23:39.544648+09:00 [info] <0.981.0>@supervisor:report_progress/2:1582 Supervisor: {<0.981.0>,ranch_conns_sup_sup}. Started: id={ranch_conns_sup,98},pid=<0.1079.0>.
2026-09-11 18:23:39.544741+09:00 [info] <0.981.0>@supervisor:report_progress/2:1582 Supervisor: {<0.981.0>,ranch_conns_sup_sup}. Started: id={ranch_conns_sup,99},pid=<0.1080.0>.
2026-09-11 18:23:39.544825+09:00 [info] <0.981.0>@supervisor:report_progress/2:1582 Supervisor: {<0.981.0>,ranch_conns_sup_sup}. Started: id={ranch_conns_sup,100},pid=<0.1081.0>.
2026-09-11 18:23:39.544911+09:00 [info] <0.980.0>@supervisor:report_progress/2:1582 Supervisor: {<0.980.0>,ranch_listener_sup}. Started: id=ranch_conns_sup_sup,pid=<0.981.0>.
2026-09-11 18:23:39.548898+09:00 [info] <0.1082.0>@supervisor:report_progress/2:1582 Supervisor: {<0.1082.0>,ranch_acceptors_sup}. Started: id={acceptor,<0.1082.0>,1},pid=<0.1083.0>.
2026-09-11 18:23:39.549154+09:00 [info] <0.1082.0>@supervisor:report_progress/2:1582 Supervisor: {<0.1082.0>,ranch_acceptors_sup}. Started: id={acceptor,<0.1082.0>,2},pid=<0.1084.0>.
2026-09-11 18:23:39.549338+09:00 [info] <0.1082.0>@supervisor:report_progress/2:1582 Supervisor: {<0.1082.0>,ranch_acceptors_sup}. Started: id={acceptor,<0.1082.0>,3},pid=<0.1085.0>.
2026-09-11 18:23:39.549532+09:00 [info] <0.1082.0>@supervisor:report_progress/2:1582 Supervisor: {<0.1082.0>,ranch_acceptors_sup}. Started: id={acceptor,<0.1082.0>,4},pid=<0.1086.0>.
2026-09-11 18:23:39.549720+09:00 [info] <0.1082.0>@supervisor:report_progress/2:1582 Supervisor: {<0.1082.0>,ranch_acceptors_sup}. Started: id={acceptor,<0.1082.0>,5},pid=<0.1087.0>.
2026-09-11 18:23:39.549891+09:00 [info] <0.1082.0>@supervisor:report_progress/2:1582 Supervisor: {<0.1082.0>,ranch_acceptors_sup}. Started: id={acceptor,<0.1082.0>,6},pid=<0.1088.0>.
2026-09-11 18:23:39.550075+09:00 [info] <0.1082.0>@supervisor:report_progress/2:1582 Supervisor: {<0.1082.0>,ranch_acceptors_sup}. Started: id={acceptor,<0.1082.0>,7},pid=<0.1089.0>.
2026-09-11 18:23:39.550234+09:00 [info] <0.1082.0>@supervisor:report_progress/2:1582 Supervisor: {<0.1082.0>,ranch_acceptors_sup}. Started: id={acceptor,<0.1082.0>,8},pid=<0.1090.0>.
2026-09-11 18:23:39.550400+09:00 [info] <0.1082.0>@supervisor:report_progress/2:1582 Supervisor: {<0.1082.0>,ranch_acceptors_sup}. Started: id={acceptor,<0.1082.0>,9},pid=<0.1091.0>.
2026-09-11 18:23:39.550569+09:00 [info] <0.1082.0>@supervisor:report_progress/2:1582 Supervisor: {<0.1082.0>,ranch_acceptors_sup}. Started: id={acceptor,<0.1082.0>,10},pid=<0.1092.0>.
2026-09-11 18:23:39.550718+09:00 [info] <0.1082.0>@supervisor:report_progress/2:1582 Supervisor: {<0.1082.0>,ranch_acceptors_sup}. Started: id={acceptor,<0.1082.0>,11},pid=<0.1093.0>.
2026-09-11 18:23:39.550891+09:00 [info] <0.1082.0>@supervisor:report_progress/2:1582 Supervisor: {<0.1082.0>,ranch_acceptors_sup}. Started: id={acceptor,<0.1082.0>,12},pid=<0.1094.0>.
2026-09-11 18:23:39.551043+09:00 [info] <0.1082.0>@supervisor:report_progress/2:1582 Supervisor: {<0.1082.0>,ranch_acceptors_sup}. Started: id={acceptor,<0.1082.0>,13},pid=<0.1095.0>.
2026-09-11 18:23:39.551217+09:00 [info] <0.1082.0>@supervisor:report_progress/2:1582 Supervisor: {<0.1082.0>,ranch_acceptors_sup}. Started: id={acceptor,<0.1082.0>,14},pid=<0.1096.0>.
2026-09-11 18:23:39.551361+09:00 [info] <0.1082.0>@supervisor:report_progress/2:1582 Supervisor: {<0.1082.0>,ranch_acceptors_sup}. Started: id={acceptor,<0.1082.0>,15},pid=<0.1097.0>.
2026-09-11 18:23:39.551509+09:00 [info] <0.1082.0>@supervisor:report_progress/2:1582 Supervisor: {<0.1082.0>,ranch_acceptors_sup}. Started: id={acceptor,<0.1082.0>,16},pid=<0.1098.0>.
2026-09-11 18:23:39.551748+09:00 [info] <0.1082.0>@supervisor:report_progress/2:1582 Supervisor: {<0.1082.0>,ranch_acceptors_sup}. Started: id={acceptor,<0.1082.0>,17},pid=<0.1099.0>.
2026-09-11 18:23:39.551917+09:00 [info] <0.1082.0>@supervisor:report_progress/2:1582 Supervisor: {<0.1082.0>,ranch_acceptors_sup}. Started: id={acceptor,<0.1082.0>,18},pid=<0.1100.0>.
2026-09-11 18:23:39.552124+09:00 [info] <0.1082.0>@supervisor:report_progress/2:1582 Supervisor: {<0.1082.0>,ranch_acceptors_sup}. Started: id={acceptor,<0.1082.0>,19},pid=<0.1101.0>.
2026-09-11 18:23:39.552308+09:00 [info] <0.1082.0>@supervisor:report_progress/2:1582 Supervisor: {<0.1082.0>,ranch_acceptors_sup}. Started: id={acceptor,<0.1082.0>,20},pid=<0.1102.0>.
2026-09-11 18:23:39.552470+09:00 [info] <0.1082.0>@supervisor:report_progress/2:1582 Supervisor: {<0.1082.0>,ranch_acceptors_sup}. Started: id={acceptor,<0.1082.0>,21},pid=<0.1103.0>.
2026-09-11 18:23:39.552663+09:00 [info] <0.1082.0>@supervisor:report_progress/2:1582 Supervisor: {<0.1082.0>,ranch_acceptors_sup}. Started: id={acceptor,<0.1082.0>,22},pid=<0.1104.0>.
2026-09-11 18:23:39.552814+09:00 [info] <0.1082.0>@supervisor:report_progress/2:1582 Supervisor: {<0.1082.0>,ranch_acceptors_sup}. Started: id={acceptor,<0.1082.0>,23},pid=<0.1105.0>.
2026-09-11 18:23:39.552993+09:00 [info] <0.1082.0>@supervisor:report_progress/2:1582 Supervisor: {<0.1082.0>,ranch_acceptors_sup}. Started: id={acceptor,<0.1082.0>,24},pid=<0.1106.0>.
2026-09-11 18:23:39.553182+09:00 [info] <0.1082.0>@supervisor:report_progress/2:1582 Supervisor: {<0.1082.0>,ranch_acceptors_sup}. Started: id={acceptor,<0.1082.0>,25},pid=<0.1107.0>.
2026-09-11 18:23:39.553346+09:00 [info] <0.1082.0>@supervisor:report_progress/2:1582 Supervisor: {<0.1082.0>,ranch_acceptors_sup}. Started: id={acceptor,<0.1082.0>,26},pid=<0.1108.0>.
2026-09-11 18:23:39.553530+09:00 [info] <0.1082.0>@supervisor:report_progress/2:1582 Supervisor: {<0.1082.0>,ranch_acceptors_sup}. Started: id={acceptor,<0.1082.0>,27},pid=<0.1109.0>.
2026-09-11 18:23:39.553698+09:00 [info] <0.1082.0>@supervisor:report_progress/2:1582 Supervisor: {<0.1082.0>,ranch_acceptors_sup}. Started: id={acceptor,<0.1082.0>,28},pid=<0.1110.0>.
2026-09-11 18:23:39.553887+09:00 [info] <0.1082.0>@supervisor:report_progress/2:1582 Supervisor: {<0.1082.0>,ranch_acceptors_sup}. Started: id={acceptor,<0.1082.0>,29},pid=<0.1111.0>.
2026-09-11 18:23:39.553997+09:00 [info] <0.1082.0>@supervisor:report_progress/2:1582 Supervisor: {<0.1082.0>,ranch_acceptors_sup}. Started: id={acceptor,<0.1082.0>,30},pid=<0.1112.0>.
2026-09-11 18:23:39.554079+09:00 [info] <0.1082.0>@supervisor:report_progress/2:1582 Supervisor: {<0.1082.0>,ranch_acceptors_sup}. Started: id={acceptor,<0.1082.0>,31},pid=<0.1113.0>.
2026-09-11 18:23:39.554175+09:00 [info] <0.1082.0>@supervisor:report_progress/2:1582 Supervisor: {<0.1082.0>,ranch_acceptors_sup}. Started: id={acceptor,<0.1082.0>,32},pid=<0.1114.0>.
2026-09-11 18:23:39.554263+09:00 [info] <0.1082.0>@supervisor:report_progress/2:1582 Supervisor: {<0.1082.0>,ranch_acceptors_sup}. Started: id={acceptor,<0.1082.0>,33},pid=<0.1115.0>.
2026-09-11 18:23:39.554368+09:00 [info] <0.1082.0>@supervisor:report_progress/2:1582 Supervisor: {<0.1082.0>,ranch_acceptors_sup}. Started: id={acceptor,<0.1082.0>,34},pid=<0.1116.0>.
2026-09-11 18:23:39.554480+09:00 [info] <0.1082.0>@supervisor:report_progress/2:1582 Supervisor: {<0.1082.0>,ranch_acceptors_sup}. Started: id={acceptor,<0.1082.0>,35},pid=<0.1117.0>.
2026-09-11 18:23:39.554589+09:00 [info] <0.1082.0>@supervisor:report_progress/2:1582 Supervisor: {<0.1082.0>,ranch_acceptors_sup}. Started: id={acceptor,<0.1082.0>,36},pid=<0.1118.0>.
2026-09-11 18:23:39.554698+09:00 [info] <0.1082.0>@supervisor:report_progress/2:1582 Supervisor: {<0.1082.0>,ranch_acceptors_sup}. Started: id={acceptor,<0.1082.0>,37},pid=<0.1119.0>.
2026-09-11 18:23:39.554781+09:00 [info] <0.1082.0>@supervisor:report_progress/2:1582 Supervisor: {<0.1082.0>,ranch_acceptors_sup}. Started: id={acceptor,<0.1082.0>,38},pid=<0.1120.0>.
2026-09-11 18:23:39.554880+09:00 [info] <0.1082.0>@supervisor:report_progress/2:1582 Supervisor: {<0.1082.0>,ranch_acceptors_sup}. Started: id={acceptor,<0.1082.0>,39},pid=<0.1121.0>.
2026-09-11 18:23:39.554960+09:00 [info] <0.1082.0>@supervisor:report_progress/2:1582 Supervisor: {<0.1082.0>,ranch_acceptors_sup}. Started: id={acceptor,<0.1082.0>,40},pid=<0.1122.0>.
2026-09-11 18:23:39.555023+09:00 [info] <0.1082.0>@supervisor:report_progress/2:1582 Supervisor: {<0.1082.0>,ranch_acceptors_sup}. Started: id={acceptor,<0.1082.0>,41},pid=<0.1123.0>.
2026-09-11 18:23:39.555109+09:00 [info] <0.1082.0>@supervisor:report_progress/2:1582 Supervisor: {<0.1082.0>,ranch_acceptors_sup}. Started: id={acceptor,<0.1082.0>,42},pid=<0.1124.0>.
2026-09-11 18:23:39.555230+09:00 [info] <0.1082.0>@supervisor:report_progress/2:1582 Supervisor: {<0.1082.0>,ranch_acceptors_sup}. Started: id={acceptor,<0.1082.0>,43},pid=<0.1125.0>.
2026-09-11 18:23:39.555364+09:00 [info] <0.1082.0>@supervisor:report_progress/2:1582 Supervisor: {<0.1082.0>,ranch_acceptors_sup}. Started: id={acceptor,<0.1082.0>,44},pid=<0.1126.0>.
2026-09-11 18:23:39.555511+09:00 [info] <0.1082.0>@supervisor:report_progress/2:1582 Supervisor: {<0.1082.0>,ranch_acceptors_sup}. Started: id={acceptor,<0.1082.0>,45},pid=<0.1127.0>.
2026-09-11 18:23:39.555612+09:00 [info] <0.1082.0>@supervisor:report_progress/2:1582 Supervisor: {<0.1082.0>,ranch_acceptors_sup}. Started: id={acceptor,<0.1082.0>,46},pid=<0.1128.0>.
2026-09-11 18:23:39.555701+09:00 [info] <0.1082.0>@supervisor:report_progress/2:1582 Supervisor: {<0.1082.0>,ranch_acceptors_sup}. Started: id={acceptor,<0.1082.0>,47},pid=<0.1129.0>.
2026-09-11 18:23:39.555766+09:00 [info] <0.1082.0>@supervisor:report_progress/2:1582 Supervisor: {<0.1082.0>,ranch_acceptors_sup}. Started: id={acceptor,<0.1082.0>,48},pid=<0.1130.0>.
2026-09-11 18:23:39.555850+09:00 [info] <0.1082.0>@supervisor:report_progress/2:1582 Supervisor: {<0.1082.0>,ranch_acceptors_sup}. Started: id={acceptor,<0.1082.0>,49},pid=<0.1131.0>.
2026-09-11 18:23:39.555930+09:00 [info] <0.1082.0>@supervisor:report_progress/2:1582 Supervisor: {<0.1082.0>,ranch_acceptors_sup}. Started: id={acceptor,<0.1082.0>,50},pid=<0.1132.0>.
2026-09-11 18:23:39.555995+09:00 [info] <0.1082.0>@supervisor:report_progress/2:1582 Supervisor: {<0.1082.0>,ranch_acceptors_sup}. Started: id={acceptor,<0.1082.0>,51},pid=<0.1133.0>.
2026-09-11 18:23:39.556074+09:00 [info] <0.1082.0>@supervisor:report_progress/2:1582 Supervisor: {<0.1082.0>,ranch_acceptors_sup}. Started: id={acceptor,<0.1082.0>,52},pid=<0.1134.0>.
2026-09-11 18:23:39.556140+09:00 [info] <0.1082.0>@supervisor:report_progress/2:1582 Supervisor: {<0.1082.0>,ranch_acceptors_sup}. Started: id={acceptor,<0.1082.0>,53},pid=<0.1135.0>.
2026-09-11 18:23:39.556265+09:00 [info] <0.1082.0>@supervisor:report_progress/2:1582 Supervisor: {<0.1082.0>,ranch_acceptors_sup}. Started: id={acceptor,<0.1082.0>,54},pid=<0.1136.0>.
2026-09-11 18:23:39.556370+09:00 [info] <0.1082.0>@supervisor:report_progress/2:1582 Supervisor: {<0.1082.0>,ranch_acceptors_sup}. Started: id={acceptor,<0.1082.0>,55},pid=<0.1137.0>.
2026-09-11 18:23:39.556464+09:00 [info] <0.1082.0>@supervisor:report_progress/2:1582 Supervisor: {<0.1082.0>,ranch_acceptors_sup}. Started: id={acceptor,<0.1082.0>,56},pid=<0.1138.0>.
2026-09-11 18:23:39.556576+09:00 [info] <0.1082.0>@supervisor:report_progress/2:1582 Supervisor: {<0.1082.0>,ranch_acceptors_sup}. Started: id={acceptor,<0.1082.0>,57},pid=<0.1139.0>.
2026-09-11 18:23:39.556663+09:00 [info] <0.1082.0>@supervisor:report_progress/2:1582 Supervisor: {<0.1082.0>,ranch_acceptors_sup}. Started: id={acceptor,<0.1082.0>,58},pid=<0.1140.0>.
2026-09-11 18:23:39.556781+09:00 [info] <0.1082.0>@supervisor:report_progress/2:1582 Supervisor: {<0.1082.0>,ranch_acceptors_sup}. Started: id={acceptor,<0.1082.0>,59},pid=<0.1141.0>.
2026-09-11 18:23:39.556965+09:00 [info] <0.1082.0>@supervisor:report_progress/2:1582 Supervisor: {<0.1082.0>,ranch_acceptors_sup}. Started: id={acceptor,<0.1082.0>,60},pid=<0.1142.0>.
2026-09-11 18:23:39.557150+09:00 [info] <0.1082.0>@supervisor:report_progress/2:1582 Supervisor: {<0.1082.0>,ranch_acceptors_sup}. Started: id={acceptor,<0.1082.0>,61},pid=<0.1143.0>.
2026-09-11 18:23:39.557335+09:00 [info] <0.1082.0>@supervisor:report_progress/2:1582 Supervisor: {<0.1082.0>,ranch_acceptors_sup}. Started: id={acceptor,<0.1082.0>,62},pid=<0.1144.0>.
2026-09-11 18:23:39.557472+09:00 [info] <0.1082.0>@supervisor:report_progress/2:1582 Supervisor: {<0.1082.0>,ranch_acceptors_sup}. Started: id={acceptor,<0.1082.0>,63},pid=<0.1145.0>.
2026-09-11 18:23:39.557680+09:00 [info] <0.1082.0>@supervisor:report_progress/2:1582 Supervisor: {<0.1082.0>,ranch_acceptors_sup}. Started: id={acceptor,<0.1082.0>,64},pid=<0.1146.0>.
2026-09-11 18:23:39.557886+09:00 [info] <0.1082.0>@supervisor:report_progress/2:1582 Supervisor: {<0.1082.0>,ranch_acceptors_sup}. Started: id={acceptor,<0.1082.0>,65},pid=<0.1147.0>.
2026-09-11 18:23:39.558058+09:00 [info] <0.1082.0>@supervisor:report_progress/2:1582 Supervisor: {<0.1082.0>,ranch_acceptors_sup}. Started: id={acceptor,<0.1082.0>,66},pid=<0.1148.0>.
2026-09-11 18:23:39.558262+09:00 [info] <0.1082.0>@supervisor:report_progress/2:1582 Supervisor: {<0.1082.0>,ranch_acceptors_sup}. Started: id={acceptor,<0.1082.0>,67},pid=<0.1149.0>.
2026-09-11 18:23:39.558424+09:00 [info] <0.1082.0>@supervisor:report_progress/2:1582 Supervisor: {<0.1082.0>,ranch_acceptors_sup}. Started: id={acceptor,<0.1082.0>,68},pid=<0.1150.0>.
2026-09-11 18:23:39.558569+09:00 [info] <0.1082.0>@supervisor:report_progress/2:1582 Supervisor: {<0.1082.0>,ranch_acceptors_sup}. Started: id={acceptor,<0.1082.0>,69},pid=<0.1151.0>.
2026-09-11 18:23:39.558673+09:00 [info] <0.1082.0>@supervisor:report_progress/2:1582 Supervisor: {<0.1082.0>,ranch_acceptors_sup}. Started: id={acceptor,<0.1082.0>,70},pid=<0.1152.0>.
2026-09-11 18:23:39.558756+09:00 [info] <0.1082.0>@supervisor:report_progress/2:1582 Supervisor: {<0.1082.0>,ranch_acceptors_sup}. Started: id={acceptor,<0.1082.0>,71},pid=<0.1153.0>.
2026-09-11 18:23:39.558851+09:00 [info] <0.1082.0>@supervisor:report_progress/2:1582 Supervisor: {<0.1082.0>,ranch_acceptors_sup}. Started: id={acceptor,<0.1082.0>,72},pid=<0.1154.0>.
2026-09-11 18:23:39.558923+09:00 [info] <0.1082.0>@supervisor:report_progress/2:1582 Supervisor: {<0.1082.0>,ranch_acceptors_sup}. Started: id={acceptor,<0.1082.0>,73},pid=<0.1155.0>.
2026-09-11 18:23:39.559018+09:00 [info] <0.1082.0>@supervisor:report_progress/2:1582 Supervisor: {<0.1082.0>,ranch_acceptors_sup}. Started: id={acceptor,<0.1082.0>,74},pid=<0.1156.0>.
2026-09-11 18:23:39.559112+09:00 [info] <0.1082.0>@supervisor:report_progress/2:1582 Supervisor: {<0.1082.0>,ranch_acceptors_sup}. Started: id={acceptor,<0.1082.0>,75},pid=<0.1157.0>.
2026-09-11 18:23:39.559242+09:00 [info] <0.1082.0>@supervisor:report_progress/2:1582 Supervisor: {<0.1082.0>,ranch_acceptors_sup}. Started: id={acceptor,<0.1082.0>,76},pid=<0.1158.0>.
2026-09-11 18:23:39.559398+09:00 [info] <0.1082.0>@supervisor:report_progress/2:1582 Supervisor: {<0.1082.0>,ranch_acceptors_sup}. Started: id={acceptor,<0.1082.0>,77},pid=<0.1159.0>.
2026-09-11 18:23:39.559507+09:00 [info] <0.1082.0>@supervisor:report_progress/2:1582 Supervisor: {<0.1082.0>,ranch_acceptors_sup}. Started: id={acceptor,<0.1082.0>,78},pid=<0.1160.0>.
2026-09-11 18:23:39.559638+09:00 [info] <0.1082.0>@supervisor:report_progress/2:1582 Supervisor: {<0.1082.0>,ranch_acceptors_sup}. Started: id={acceptor,<0.1082.0>,79},pid=<0.1161.0>.
2026-09-11 18:23:39.559763+09:00 [info] <0.1082.0>@supervisor:report_progress/2:1582 Supervisor: {<0.1082.0>,ranch_acceptors_sup}. Started: id={acceptor,<0.1082.0>,80},pid=<0.1162.0>.
2026-09-11 18:23:39.559871+09:00 [info] <0.1082.0>@supervisor:report_progress/2:1582 Supervisor: {<0.1082.0>,ranch_acceptors_sup}. Started: id={acceptor,<0.1082.0>,81},pid=<0.1163.0>.
2026-09-11 18:23:39.560005+09:00 [info] <0.1082.0>@supervisor:report_progress/2:1582 Supervisor: {<0.1082.0>,ranch_acceptors_sup}. Started: id={acceptor,<0.1082.0>,82},pid=<0.1164.0>.
2026-09-11 18:23:39.560114+09:00 [info] <0.1082.0>@supervisor:report_progress/2:1582 Supervisor: {<0.1082.0>,ranch_acceptors_sup}. Started: id={acceptor,<0.1082.0>,83},pid=<0.1165.0>.
2026-09-11 18:23:39.560244+09:00 [info] <0.1082.0>@supervisor:report_progress/2:1582 Supervisor: {<0.1082.0>,ranch_acceptors_sup}. Started: id={acceptor,<0.1082.0>,84},pid=<0.1166.0>.
2026-09-11 18:23:39.560387+09:00 [info] <0.1082.0>@supervisor:report_progress/2:1582 Supervisor: {<0.1082.0>,ranch_acceptors_sup}. Started: id={acceptor,<0.1082.0>,85},pid=<0.1167.0>.
2026-09-11 18:23:39.560506+09:00 [info] <0.1082.0>@supervisor:report_progress/2:1582 Supervisor: {<0.1082.0>,ranch_acceptors_sup}. Started: id={acceptor,<0.1082.0>,86},pid=<0.1168.0>.
2026-09-11 18:23:39.560653+09:00 [info] <0.1082.0>@supervisor:report_progress/2:1582 Supervisor: {<0.1082.0>,ranch_acceptors_sup}. Started: id={acceptor,<0.1082.0>,87},pid=<0.1169.0>.
2026-09-11 18:23:39.560783+09:00 [info] <0.1082.0>@supervisor:report_progress/2:1582 Supervisor: {<0.1082.0>,ranch_acceptors_sup}. Started: id={acceptor,<0.1082.0>,88},pid=<0.1170.0>.
2026-09-11 18:23:39.560899+09:00 [info] <0.1082.0>@supervisor:report_progress/2:1582 Supervisor: {<0.1082.0>,ranch_acceptors_sup}. Started: id={acceptor,<0.1082.0>,89},pid=<0.1171.0>.
2026-09-11 18:23:39.561009+09:00 [info] <0.1082.0>@supervisor:report_progress/2:1582 Supervisor: {<0.1082.0>,ranch_acceptors_sup}. Started: id={acceptor,<0.1082.0>,90},pid=<0.1172.0>.
2026-09-11 18:23:39.561116+09:00 [info] <0.1082.0>@supervisor:report_progress/2:1582 Supervisor: {<0.1082.0>,ranch_acceptors_sup}. Started: id={acceptor,<0.1082.0>,91},pid=<0.1173.0>.
2026-09-11 18:23:39.561251+09:00 [info] <0.1082.0>@supervisor:report_progress/2:1582 Supervisor: {<0.1082.0>,ranch_acceptors_sup}. Started: id={acceptor,<0.1082.0>,92},pid=<0.1174.0>.
2026-09-11 18:23:39.561349+09:00 [info] <0.1082.0>@supervisor:report_progress/2:1582 Supervisor: {<0.1082.0>,ranch_acceptors_sup}. Started: id={acceptor,<0.1082.0>,93},pid=<0.1175.0>.
2026-09-11 18:23:39.561457+09:00 [info] <0.1082.0>@supervisor:report_progress/2:1582 Supervisor: {<0.1082.0>,ranch_acceptors_sup}. Started: id={acceptor,<0.1082.0>,94},pid=<0.1176.0>.
2026-09-11 18:23:39.561582+09:00 [info] <0.1082.0>@supervisor:report_progress/2:1582 Supervisor: {<0.1082.0>,ranch_acceptors_sup}. Started: id={acceptor,<0.1082.0>,95},pid=<0.1177.0>.
2026-09-11 18:23:39.561689+09:00 [info] <0.1082.0>@supervisor:report_progress/2:1582 Supervisor: {<0.1082.0>,ranch_acceptors_sup}. Started: id={acceptor,<0.1082.0>,96},pid=<0.1178.0>.
2026-09-11 18:23:39.561821+09:00 [info] <0.1082.0>@supervisor:report_progress/2:1582 Supervisor: {<0.1082.0>,ranch_acceptors_sup}. Started: id={acceptor,<0.1082.0>,97},pid=<0.1179.0>.
2026-09-11 18:23:39.561922+09:00 [info] <0.1082.0>@supervisor:report_progress/2:1582 Supervisor: {<0.1082.0>,ranch_acceptors_sup}. Started: id={acceptor,<0.1082.0>,98},pid=<0.1180.0>.
2026-09-11 18:23:39.562053+09:00 [info] <0.1082.0>@supervisor:report_progress/2:1582 Supervisor: {<0.1082.0>,ranch_acceptors_sup}. Started: id={acceptor,<0.1082.0>,99},pid=<0.1181.0>.
2026-09-11 18:23:39.562176+09:00 [info] <0.1082.0>@supervisor:report_progress/2:1582 Supervisor: {<0.1082.0>,ranch_acceptors_sup}. Started: id={acceptor,<0.1082.0>,100},pid=<0.1182.0>.
2026-09-11 18:23:39.562242+09:00 [info] <0.980.0>@supervisor:report_progress/2:1582 Supervisor: {<0.980.0>,ranch_listener_sup}. Started: id=ranch_acceptors_sup,pid=<0.1082.0>.
2026-09-11 18:23:39.562369+09:00 [info] <0.593.0>@supervisor:report_progress/2:1582 Supervisor: {local,ranch_sup}. Started: id={ranch_listener_sup,{[49,50,55,46,48,46,48,46,49],9080}},pid=<0.980.0>.
2026-09-11 18:23:39.562477+09:00 [info] <0.978.0>@riak_core_service_mgr:start_dispatcher/3:524 Service manager: listening on 127.0.0.1:9080
2026-09-11 18:23:39.562582+09:00 [info] <0.977.0>@supervisor:report_progress/2:1582 Supervisor: {local,riak_core_cluster_mgr_sup}. Started: id=riak_core_service_mgr,pid=<0.978.0>.
2026-09-11 18:23:39.565793+09:00 [info] <0.977.0>@supervisor:report_progress/2:1582 Supervisor: {local,riak_core_cluster_mgr_sup}. Started: id=riak_core_connection_mgr,pid=<0.1183.0>.
2026-09-11 18:23:39.568044+09:00 [info] <0.977.0>@supervisor:report_progress/2:1582 Supervisor: {local,riak_core_cluster_mgr_sup}. Started: id=riak_core_cluster_conn_sup,pid=<0.1184.0>.
2026-09-11 18:23:39.571584+09:00 [info] <0.1185.0>@riak_core_cluster_mgr:become_leader/2:706 ClusterManager: 'openriak-kv@node-01.cluster-a.openriak' becoming the leader
2026-09-11 18:23:39.571701+09:00 [info] <0.977.0>@supervisor:report_progress/2:1582 Supervisor: {local,riak_core_cluster_mgr_sup}. Started: id=riak_repl_cluster_mgr,pid=<0.1185.0>.
2026-09-11 18:23:39.574439+09:00 [info] <0.1186.0>@riak_core_tcp_mon:init/1:167 Starting TCP Monitor
2026-09-11 18:23:39.574576+09:00 [info] <0.977.0>@supervisor:report_progress/2:1582 Supervisor: {local,riak_core_cluster_mgr_sup}. Started: id=riak_core_tcp_mon,pid=<0.1186.0>.
2026-09-11 18:23:39.574711+09:00 [info] <0.953.0>@supervisor:report_progress/2:1582 Supervisor: {local,riak_repl_sup}. Started: id=riak_core_cluster_mgr_sup,pid=<0.977.0>.
2026-09-11 18:23:39.576299+09:00 [info] <0.953.0>@supervisor:report_progress/2:1582 Supervisor: {local,riak_repl_sup}. Started: id=riak_repl2_fs_node_reserver,pid=<0.1187.0>.
2026-09-11 18:23:39.581109+09:00 [info] <0.1189.0>@supervisor:report_progress/2:1582 Supervisor: {local,riak_repl2_rtsource_sup}. Started: id=riak_repl2_rtq,pid=<0.1190.0>.
2026-09-11 18:23:39.582776+09:00 [info] <0.1189.0>@supervisor:report_progress/2:1582 Supervisor: {local,riak_repl2_rtsource_sup}. Started: id=riak_repl2_rtq_overload_counter,pid=<0.1191.0>.
2026-09-11 18:23:39.589501+09:00 [info] <0.1189.0>@supervisor:report_progress/2:1582 Supervisor: {local,riak_repl2_rtsource_sup}. Started: id=riak_repl2_rtsource_conn_sup,pid=<0.1192.0>.
2026-09-11 18:23:39.589658+09:00 [info] <0.1188.0>@supervisor:report_progress/2:1582 Supervisor: {local,riak_repl2_rt_sup}. Started: id=riak_repl2_rtsource_sup,pid=<0.1189.0>.
2026-09-11 18:23:39.595830+09:00 [info] <0.1193.0>@supervisor:report_progress/2:1582 Supervisor: {local,riak_repl2_rtsink_sup}. Started: id=riak_repl2_rtsink_pool,pid=<0.1194.0>.
2026-09-11 18:23:39.598349+09:00 [info] <0.1193.0>@supervisor:report_progress/2:1582 Supervisor: {local,riak_repl2_rtsink_sup}. Started: id=riak_repl2_rtsink_conn_sup,pid=<0.1201.0>.
2026-09-11 18:23:39.598487+09:00 [info] <0.1188.0>@supervisor:report_progress/2:1582 Supervisor: {local,riak_repl2_rt_sup}. Started: id=riak_repl2_rtsink_sup,pid=<0.1193.0>.
2026-09-11 18:23:39.598598+09:00 [info] <0.1188.0>@supervisor:report_progress/2:1582 Supervisor: {local,riak_repl2_rt_sup}. Started: id=riak_repl2_rt,pid=<0.1202.0>.
2026-09-11 18:23:39.598670+09:00 [info] <0.953.0>@supervisor:report_progress/2:1582 Supervisor: {local,riak_repl_sup}. Started: id=riak_repl2_rt_sup,pid=<0.1188.0>.
2026-09-11 18:23:39.600245+09:00 [info] <0.953.0>@supervisor:report_progress/2:1582 Supervisor: {local,riak_repl_sup}. Started: id=riak_repl2_fscoordinator_sup,pid=<0.1203.0>.
2026-09-11 18:23:39.601677+09:00 [info] <0.953.0>@supervisor:report_progress/2:1582 Supervisor: {local,riak_repl_sup}. Started: id=riak_repl2_fscoordinator_serv_sup,pid=<0.1204.0>.
2026-09-11 18:23:39.603223+09:00 [info] <0.953.0>@supervisor:report_progress/2:1582 Supervisor: {local,riak_repl_sup}. Started: id=riak_repl2_fssource_sup,pid=<0.1205.0>.
2026-09-11 18:23:39.605541+09:00 [info] <0.953.0>@supervisor:report_progress/2:1582 Supervisor: {local,riak_repl_sup}. Started: id=riak_repl2_fssink_pool,pid=<0.1206.0>.
2026-09-11 18:23:39.608134+09:00 [info] <0.953.0>@supervisor:report_progress/2:1582 Supervisor: {local,riak_repl_sup}. Started: id=riak_repl2_fssink_sup,pid=<0.1213.0>.
2026-09-11 18:23:39.610605+09:00 [info] <0.953.0>@supervisor:report_progress/2:1582 Supervisor: {local,riak_repl_sup}. Started: id=riak_repl2_pg_proxy_sup,pid=<0.1214.0>.
2026-09-11 18:23:39.615174+09:00 [info] <0.1215.0>@supervisor:report_progress/2:1582 Supervisor: {local,riak_repl2_pg_sup}. Started: id=riak_repl2_pg_block_provider_sup,pid=<0.1216.0>.
2026-09-11 18:23:39.616649+09:00 [info] <0.1215.0>@supervisor:report_progress/2:1582 Supervisor: {local,riak_repl2_pg_sup}. Started: id=riak_repl2_pg_block_requester_sup,pid=<0.1217.0>.
2026-09-11 18:23:39.616829+09:00 [info] <0.1215.0>@supervisor:report_progress/2:1582 Supervisor: {local,riak_repl2_pg_sup}. Started: id=riak_repl2_pg,pid=<0.1218.0>.
2026-09-11 18:23:39.616908+09:00 [info] <0.953.0>@supervisor:report_progress/2:1582 Supervisor: {local,riak_repl_sup}. Started: id=riak_repl2_pg_sup,pid=<0.1215.0>.
2026-09-11 18:23:39.628194+09:00 [info] <0.244.0>@supervisor:report_progress/2:1582 Supervisor: {local,riak_core_stats_sup}. Started: id=riak_core_connection_mgr_stats,pid=<0.1219.0>.
2026-09-11 18:23:39.637306+09:00 [info] <0.244.0>@supervisor:report_progress/2:1582 Supervisor: {local,riak_core_stats_sup}. Started: id=riak_repl_stats,pid=<0.1220.0>.
2026-09-11 18:23:39.641184+09:00 [info] <0.213.0>@supervisor:report_progress/2:1582 Supervisor: {local,riak_core_eventhandler_sup}. Started: id={riak_core_ring_events,riak_repl_ring_handler},pid=<0.1221.0>.
2026-09-11 18:23:39.652866+09:00 [info] <0.44.0>@application_controller:info_started/2:2130 Application: riak_repl. Started at: 'openriak-kv@node-01.cluster-a.openriak'.
2026-09-11 18:23:39.653110+09:00 [info] <0.44.0>@application_controller:info_started/2:2130 Application: canola. Started at: 'openriak-kv@node-01.cluster-a.openriak'.
2026-09-11 18:23:39.662327+09:00 [info] <0.44.0>@application_controller:info_started/2:2130 Application: riak_auth_mods. Started at: 'openriak-kv@node-01.cluster-a.openriak'.
2026-09-11 18:23:39.662569+09:00 [info] <0.44.0>@application_controller:info_started/2:2130 Application: riak_logger. Started at: 'openriak-kv@node-01.cluster-a.openriak'.
2026-09-11 18:23:39.896603+09:00 [info] <0.763.0>@leveled_monitor:handle_cast/2:778 log_ref=cdb19 db_id=3 Sample timings in microseconds for sample_count=0 with totals of cycle_count=0 index_time=0 read_time=0 with sample_period=0 seconds
2026-09-11 18:23:46.207583+09:00 [info] <0.597.0>@riak_repl_app:prep_stop/1:336 Redirecting realtime replication traffic
2026-09-11 18:23:46.209471+09:00 [info] <0.82.0>@supervisor:report_progress/2:1582 Supervisor: {local,kernel_safe_sup}. Started: id=riak_repl2_rtq_proxy,pid=<0.1349.0>.
2026-09-11 18:23:46.209614+09:00 [info] <0.597.0>@riak_repl_app:prep_stop/1:339 Stopping application riak_repl - marked service down.
2026-09-11 18:23:46.212776+09:00 [info] <0.1350.0>@riak_repl_migration:init/1:33 Riak replication migration server started
2026-09-11 18:23:46.212976+09:00 [info] <0.597.0>@riak_repl_app:prep_stop/1:343 Started migration server
2026-09-11 18:23:46.213071+09:00 [info] <0.1350.0>@riak_repl_migration:handle_call/3:37 Realtime Repl queue migration sleeping
2026-09-11 18:23:46.313879+09:00 [info] <0.1350.0>@riak_repl_migration:handle_info/2:50 Queue empty, no replication queue migration required
2026-09-11 18:23:47.320376+09:00 [info] <0.597.0>@riak_repl_app:stop/1:139 Stopped application riak_repl
2026-09-11 18:23:47.326322+09:00 [info] <0.344.0>@riak_kv_app:prep_stop/1:275 Stopping application riak_kv - marked service down.
2026-09-11 18:23:47.326613+09:00 [info] <0.344.0>@riak_kv_app:prep_stop/1:279 Unregistered pb services
2026-09-11 18:23:47.328184+09:00 [info] <0.344.0>@riak_kv_app:prep_stop/1:284 unregistered webmachine routes
2026-09-11 18:23:47.328282+09:00 [info] <0.344.0>@riak_kv_app:prep_stop/1:286 all active put FSMs completed
2026-09-11 18:23:47.328620+09:00 [info] <0.344.0>@riak_kv_app:stop/1:297 Stopped  application riak_kv.
2026-09-11 18:23:47.333478+09:00 [info] <0.772.0>@leveled_inker:handle_call/3:784 log_ref=i0005 db_id=0 Inker closing journal for reason close
2026-09-11 18:23:47.333506+09:00 [info] <0.778.0>@leveled_inker:handle_call/3:784 log_ref=i0005 db_id=3 Inker closing journal for reason close
2026-09-11 18:23:47.333589+09:00 [info] <0.771.0>@leveled_inker:handle_call/3:784 log_ref=i0005 db_id=7 Inker closing journal for reason close
2026-09-11 18:23:47.333597+09:00 [info] <0.772.0>@leveled_inker:handle_call/3:786 log_ref=i0006 db_id=0 Close triggered with journal_sqn=1 and manifest_sqn=2
2026-09-11 18:23:47.333610+09:00 [info] <0.774.0>@leveled_inker:handle_call/3:784 log_ref=i0005 db_id=1 Inker closing journal for reason close
2026-09-11 18:23:47.333610+09:00 [info] <0.773.0>@leveled_inker:handle_call/3:784 log_ref=i0005 db_id=6 Inker closing journal for reason close
2026-09-11 18:23:47.333760+09:00 [info] <0.771.0>@leveled_inker:handle_call/3:786 log_ref=i0006 db_id=7 Close triggered with journal_sqn=1 and manifest_sqn=2
2026-09-11 18:23:47.333909+09:00 [info] <0.775.0>@leveled_inker:handle_call/3:784 log_ref=i0005 db_id=2 Inker closing journal for reason close
2026-09-11 18:23:47.333676+09:00 [info] <0.777.0>@leveled_inker:handle_call/3:784 log_ref=i0005 db_id=5 Inker closing journal for reason close
2026-09-11 18:23:47.333841+09:00 [info] <0.774.0>@leveled_inker:handle_call/3:786 log_ref=i0006 db_id=1 Close triggered with journal_sqn=1 and manifest_sqn=2
2026-09-11 18:23:47.333849+09:00 [info] <0.776.0>@leveled_inker:handle_call/3:784 log_ref=i0005 db_id=4 Inker closing journal for reason close
2026-09-11 18:23:47.333867+09:00 [info] <0.773.0>@leveled_inker:handle_call/3:786 log_ref=i0006 db_id=6 Close triggered with journal_sqn=0 and manifest_sqn=2
2026-09-11 18:23:47.333983+09:00 [info] <0.775.0>@leveled_inker:handle_call/3:786 log_ref=i0006 db_id=2 Close triggered with journal_sqn=0 and manifest_sqn=2
2026-09-11 18:23:47.334076+09:00 [info] <0.771.0>@leveled_inker:shutdown_manifest/1:1040 log_ref=i0007 db_id=7 Inker manifest when closing is:
2026-09-11 18:23:47.334028+09:00 [info] <0.777.0>@leveled_inker:handle_call/3:786 log_ref=i0006 db_id=5 Close triggered with journal_sqn=0 and manifest_sqn=2
2026-09-11 18:23:47.334098+09:00 [info] <0.772.0>@leveled_inker:shutdown_manifest/1:1040 log_ref=i0007 db_id=0 Inker manifest when closing is:
2026-09-11 18:23:47.334046+09:00 [info] <0.776.0>@leveled_inker:handle_call/3:786 log_ref=i0006 db_id=4 Close triggered with journal_sqn=0 and manifest_sqn=2
2026-09-11 18:23:47.334168+09:00 [info] <0.777.0>@leveled_inker:shutdown_manifest/1:1040 log_ref=i0007 db_id=5 Inker manifest when closing is:
2026-09-11 18:23:47.334178+09:00 [info] <0.773.0>@leveled_inker:shutdown_manifest/1:1040 log_ref=i0007 db_id=6 Inker manifest when closing is:
2026-09-11 18:23:47.334157+09:00 [info] <0.775.0>@leveled_inker:shutdown_manifest/1:1040 log_ref=i0007 db_id=2 Inker manifest when closing is:
2026-09-11 18:23:47.334110+09:00 [info] <0.774.0>@leveled_inker:shutdown_manifest/1:1040 log_ref=i0007 db_id=1 Inker manifest when closing is:
2026-09-11 18:23:47.334258+09:00 [info] <0.776.0>@leveled_inker:shutdown_manifest/1:1040 log_ref=i0007 db_id=4 Inker manifest when closing is:
2026-09-11 18:23:47.334417+09:00 [info] <0.810.0>@leveled_pclerk:terminate/2:178 log_ref=pc005 db_id=0 Penciller's Clerk <0.810.0> shutdown now complete for reason normal
2026-09-11 18:23:47.334431+09:00 [info] <0.805.0>@leveled_pclerk:terminate/2:178 log_ref=pc005 db_id=6 Penciller's Clerk <0.805.0> shutdown now complete for reason normal
2026-09-11 18:23:47.334453+09:00 [info] <0.807.0>@leveled_pclerk:terminate/2:178 log_ref=pc005 db_id=2 Penciller's Clerk <0.807.0> shutdown now complete for reason normal
2026-09-11 18:23:47.334518+09:00 [info] <0.803.0>@leveled_penciller:handle_call/3:1072 log_ref=p0008 db_id=6 Penciller closing for reason close
2026-09-11 18:23:47.334376+09:00 [info] <0.809.0>@leveled_pclerk:terminate/2:178 log_ref=pc005 db_id=7 Penciller's Clerk <0.809.0> shutdown now complete for reason normal
2026-09-11 18:23:47.334518+09:00 [info] <0.796.0>@leveled_penciller:handle_call/3:1072 log_ref=p0008 db_id=0 Penciller closing for reason close
2026-09-11 18:23:47.334552+09:00 [info] <0.811.0>@leveled_pclerk:terminate/2:178 log_ref=pc005 db_id=5 Penciller's Clerk <0.811.0> shutdown now complete for reason normal
2026-09-11 18:23:47.334518+09:00 [info] <0.806.0>@leveled_pclerk:terminate/2:178 log_ref=pc005 db_id=4 Penciller's Clerk <0.806.0> shutdown now complete for reason normal
2026-09-11 18:23:47.334621+09:00 [info] <0.796.0>@leveled_penciller:handle_call/3:1088 log_ref=p0010 db_id=0 level zero discarded_count=0 on close of Penciller
2026-09-11 18:23:47.334636+09:00 [info] <0.801.0>@leveled_penciller:handle_call/3:1072 log_ref=p0008 db_id=2 Penciller closing for reason close
2026-09-11 18:23:47.334712+09:00 [info] <0.797.0>@leveled_penciller:handle_call/3:1072 log_ref=p0008 db_id=5 Penciller closing for reason close
2026-09-11 18:23:47.334708+09:00 [info] <0.799.0>@leveled_penciller:handle_call/3:1072 log_ref=p0008 db_id=7 Penciller closing for reason close
2026-09-11 18:23:47.334617+09:00 [info] <0.803.0>@leveled_penciller:handle_call/3:1088 log_ref=p0010 db_id=6 level zero discarded_count=0 on close of Penciller
2026-09-11 18:23:47.334773+09:00 [info] <0.797.0>@leveled_penciller:handle_call/3:1088 log_ref=p0010 db_id=5 level zero discarded_count=0 on close of Penciller
2026-09-11 18:23:47.334775+09:00 [info] <0.798.0>@leveled_penciller:handle_call/3:1072 log_ref=p0008 db_id=4 Penciller closing for reason close
2026-09-11 18:23:47.334790+09:00 [info] <0.799.0>@leveled_penciller:handle_call/3:1088 log_ref=p0010 db_id=7 level zero discarded_count=0 on close of Penciller
2026-09-11 18:23:47.334760+09:00 [info] <0.801.0>@leveled_penciller:handle_call/3:1088 log_ref=p0010 db_id=2 level zero discarded_count=0 on close of Penciller
2026-09-11 18:23:47.334962+09:00 [info] <0.759.0>@leveled_bookie:terminate/2:1827 log_ref=b0003 db_id=7 Bookie closing for reason normal
2026-09-11 18:23:47.334938+09:00 [info] <0.756.0>@leveled_bookie:terminate/2:1827 log_ref=b0003 db_id=0 Bookie closing for reason normal
2026-09-11 18:23:47.334878+09:00 [info] <0.798.0>@leveled_penciller:handle_call/3:1088 log_ref=p0010 db_id=4 level zero discarded_count=0 on close of Penciller
2026-09-11 18:23:47.334994+09:00 [info] <0.757.0>@leveled_bookie:terminate/2:1827 log_ref=b0003 db_id=6 Bookie closing for reason normal
2026-09-11 18:23:47.334992+09:00 [info] <0.758.0>@leveled_bookie:terminate/2:1827 log_ref=b0003 db_id=5 Bookie closing for reason normal
2026-09-11 18:23:47.335078+09:00 [info] <0.762.0>@leveled_bookie:terminate/2:1827 log_ref=b0003 db_id=2 Bookie closing for reason normal
2026-09-11 18:23:47.335118+09:00 [info] <0.804.0>@leveled_pclerk:terminate/2:178 log_ref=pc005 db_id=1 Penciller's Clerk <0.804.0> shutdown now complete for reason normal
2026-09-11 18:23:47.335099+09:00 [info] <0.755.0>@leveled_bookie:terminate/2:1827 log_ref=b0003 db_id=4 Bookie closing for reason normal
2026-09-11 18:23:47.333639+09:00 [info] <0.778.0>@leveled_inker:handle_call/3:786 log_ref=i0006 db_id=3 Close triggered with journal_sqn=0 and manifest_sqn=2
2026-09-11 18:23:47.335391+09:00 [info] <0.778.0>@leveled_inker:shutdown_manifest/1:1040 log_ref=i0007 db_id=3 Inker manifest when closing is:
2026-09-11 18:23:47.335205+09:00 [info] <0.802.0>@leveled_penciller:handle_call/3:1072 log_ref=p0008 db_id=1 Penciller closing for reason close
2026-09-11 18:23:47.335527+09:00 [info] <0.802.0>@leveled_penciller:handle_call/3:1088 log_ref=p0010 db_id=1 level zero discarded_count=0 on close of Penciller
2026-09-11 18:23:47.335688+09:00 [info] <0.808.0>@leveled_pclerk:terminate/2:178 log_ref=pc005 db_id=3 Penciller's Clerk <0.808.0> shutdown now complete for reason normal
2026-09-11 18:23:47.335674+09:00 [info] <0.760.0>@leveled_bookie:terminate/2:1827 log_ref=b0003 db_id=1 Bookie closing for reason normal
2026-09-11 18:23:47.335850+09:00 [info] <0.800.0>@leveled_penciller:handle_call/3:1072 log_ref=p0008 db_id=3 Penciller closing for reason close
2026-09-11 18:23:47.335936+09:00 [info] <0.800.0>@leveled_penciller:handle_call/3:1088 log_ref=p0010 db_id=3 level zero discarded_count=0 on close of Penciller
2026-09-11 18:23:47.336043+09:00 [info] <0.761.0>@leveled_bookie:terminate/2:1827 log_ref=b0003 db_id=3 Bookie closing for reason normal
2026-09-11 18:23:47.411562+09:00 [info] <0.852.0>@aae_treecache:save_to_disk/3:403 log_ref=c0003 Saving tree cache to path /var/lib/riak/tictac_aae/365375409332725729550921208179070754913983135744/aaetree/365375409332725729550921208179070754913983135744_3/ and filename 1.pnd
2026-09-11 18:23:47.414601+09:00 [info] <0.859.0>@aae_treecache:save_to_disk/3:403 log_ref=c0003 Saving tree cache to path /var/lib/riak/tictac_aae/1278813932664540053428224228626747642198940975104/aaetree/1278813932664540053428224228626747642198940975104_3/ and filename 1.pnd
2026-09-11 18:23:47.443386+09:00 [info] <0.857.0>@aae_treecache:save_to_disk/3:403 log_ref=c0003 Saving tree cache to path /var/lib/riak/tictac_aae/730750818665451459101842416358141509827966271488/aaetree/730750818665451459101842416358141509827966271488_3/ and filename 1.pnd
2026-09-11 18:23:47.448291+09:00 [info] <0.858.0>@aae_treecache:save_to_disk/3:403 log_ref=c0003 Saving tree cache to path /var/lib/riak/tictac_aae/182687704666362864775460604089535377456991567872/aaetree/182687704666362864775460604089535377456991567872_3/ and filename 1.pnd
2026-09-11 18:23:47.456582+09:00 [info] <0.856.0>@aae_treecache:save_to_disk/3:403 log_ref=c0003 Saving tree cache to path /var/lib/riak/tictac_aae/548063113999088594326381812268606132370974703616/aaetree/548063113999088594326381812268606132370974703616_3/ and filename 1.pnd
2026-09-11 18:23:47.481842+09:00 [info] <0.853.0>@aae_treecache:save_to_disk/3:403 log_ref=c0003 Saving tree cache to path /var/lib/riak/tictac_aae/1096126227998177188652763624537212264741949407232/aaetree/1096126227998177188652763624537212264741949407232_3/ and filename 1.pnd
2026-09-11 18:23:47.483198+09:00 [info] <0.854.0>@aae_treecache:save_to_disk/3:403 log_ref=c0003 Saving tree cache to path /var/lib/riak/tictac_aae/0/aaetree/0_3/ and filename 1.pnd
2026-09-11 18:23:47.491387+09:00 [info] <0.855.0>@aae_treecache:save_to_disk/3:403 log_ref=c0003 Saving tree cache to path /var/lib/riak/tictac_aae/913438523331814323877303020447676887284957839360/aaetree/913438523331814323877303020447676887284957839360_3/ and filename 1.pnd
2026-09-11 18:23:47.504315+09:00 [info] <0.848.0>@aae_treecache:save_to_disk/3:403 log_ref=c0003 Saving tree cache to path /var/lib/riak/tictac_aae/1278813932664540053428224228626747642198940975104/aaetree/1096126227998177188652763624537212264741949407232_3/ and filename 1.pnd
2026-09-11 18:23:47.514848+09:00 [info] <0.844.0>@aae_treecache:save_to_disk/3:403 log_ref=c0003 Saving tree cache to path /var/lib/riak/tictac_aae/365375409332725729550921208179070754913983135744/aaetree/182687704666362864775460604089535377456991567872_3/ and filename 1.pnd
2026-09-11 18:23:47.544352+09:00 [info] <0.850.0>@aae_treecache:save_to_disk/3:403 log_ref=c0003 Saving tree cache to path /var/lib/riak/tictac_aae/182687704666362864775460604089535377456991567872/aaetree/0_3/ and filename 1.pnd
2026-09-11 18:23:47.546248+09:00 [info] <0.851.0>@aae_treecache:save_to_disk/3:403 log_ref=c0003 Saving tree cache to path /var/lib/riak/tictac_aae/548063113999088594326381812268606132370974703616/aaetree/365375409332725729550921208179070754913983135744_3/ and filename 1.pnd
2026-09-11 18:23:47.562865+09:00 [info] <0.847.0>@aae_treecache:save_to_disk/3:403 log_ref=c0003 Saving tree cache to path /var/lib/riak/tictac_aae/0/aaetree/1278813932664540053428224228626747642198940975104_3/ and filename 1.pnd
2026-09-11 18:23:47.568174+09:00 [info] <0.849.0>@aae_treecache:save_to_disk/3:403 log_ref=c0003 Saving tree cache to path /var/lib/riak/tictac_aae/730750818665451459101842416358141509827966271488/aaetree/548063113999088594326381812268606132370974703616_3/ and filename 1.pnd
2026-09-11 18:23:47.578693+09:00 [info] <0.845.0>@aae_treecache:save_to_disk/3:403 log_ref=c0003 Saving tree cache to path /var/lib/riak/tictac_aae/1096126227998177188652763624537212264741949407232/aaetree/913438523331814323877303020447676887284957839360_3/ and filename 1.pnd
2026-09-11 18:23:47.581698+09:00 [info] <0.846.0>@aae_treecache:save_to_disk/3:403 log_ref=c0003 Saving tree cache to path /var/lib/riak/tictac_aae/913438523331814323877303020447676887284957839360/aaetree/730750818665451459101842416358141509827966271488_3/ and filename 1.pnd
2026-09-11 18:23:47.610529+09:00 [info] <0.838.0>@aae_treecache:save_to_disk/3:403 log_ref=c0003 Saving tree cache to path /var/lib/riak/tictac_aae/1278813932664540053428224228626747642198940975104/aaetree/913438523331814323877303020447676887284957839360_3/ and filename 1.pnd
2026-09-11 18:23:47.628714+09:00 [info] <0.836.0>@aae_treecache:save_to_disk/3:403 log_ref=c0003 Saving tree cache to path /var/lib/riak/tictac_aae/0/aaetree/1096126227998177188652763624537212264741949407232_3/ and filename 1.pnd
2026-09-11 18:23:47.639014+09:00 [info] <0.837.0>@aae_treecache:save_to_disk/3:403 log_ref=c0003 Saving tree cache to path /var/lib/riak/tictac_aae/365375409332725729550921208179070754913983135744/aaetree/0_3/ and filename 1.pnd
2026-09-11 18:23:47.641886+09:00 [info] <0.843.0>@aae_treecache:save_to_disk/3:403 log_ref=c0003 Saving tree cache to path /var/lib/riak/tictac_aae/182687704666362864775460604089535377456991567872/aaetree/1278813932664540053428224228626747642198940975104_3/ and filename 1.pnd
2026-09-11 18:23:47.650240+09:00 [info] <0.841.0>@aae_treecache:save_to_disk/3:403 log_ref=c0003 Saving tree cache to path /var/lib/riak/tictac_aae/548063113999088594326381812268606132370974703616/aaetree/182687704666362864775460604089535377456991567872_3/ and filename 1.pnd
2026-09-11 18:23:47.654546+09:00 [info] <0.840.0>@aae_treecache:save_to_disk/3:403 log_ref=c0003 Saving tree cache to path /var/lib/riak/tictac_aae/730750818665451459101842416358141509827966271488/aaetree/365375409332725729550921208179070754913983135744_3/ and filename 1.pnd
2026-09-11 18:23:47.660611+09:00 [info] <0.839.0>@aae_treecache:save_to_disk/3:403 log_ref=c0003 Saving tree cache to path /var/lib/riak/tictac_aae/1096126227998177188652763624537212264741949407232/aaetree/730750818665451459101842416358141509827966271488_3/ and filename 1.pnd
2026-09-11 18:23:47.669024+09:00 [info] <0.842.0>@aae_treecache:save_to_disk/3:403 log_ref=c0003 Saving tree cache to path /var/lib/riak/tictac_aae/913438523331814323877303020447676887284957839360/aaetree/548063113999088594326381812268606132370974703616_3/ and filename 1.pnd
2026-09-11 18:23:47.669619+09:00 [info] <0.208.0>@riak_core_app:stop/1:118 Stopped  application riak_core.
