2026-09-11 22:49:31.545878+09:00 [info] <0.44.0>@application_controller:info_started/2:2130 Application: kernel. Started at: 'openriak-kv@node-02.cluster-a.openriak'.
2026-09-11 22:49:31.598288+09:00 [info] <0.44.0>@application_controller:info_started/2:2130 Application: stdlib. Started at: 'openriak-kv@node-02.cluster-a.openriak'.
2026-09-11 22:49:31.599783+09:00 [info] <0.44.0>@application_controller:info_started/2:2130 Application: asn1. Started at: 'openriak-kv@node-02.cluster-a.openriak'.
2026-09-11 22:49:31.600457+09:00 [info] <0.44.0>@application_controller:info_started/2:2130 Application: crypto. Started at: 'openriak-kv@node-02.cluster-a.openriak'.
2026-09-11 22:49:31.600796+09:00 [info] <0.44.0>@application_controller:info_started/2:2130 Application: public_key. Started at: 'openriak-kv@node-02.cluster-a.openriak'.
2026-09-11 22:49:31.624113+09:00 [info] <0.77.0>@supervisor:report_progress/2:1582 Supervisor: {local,logger_sup}. Started: id=ssl_handler,pid=<0.97.0>.
2026-09-11 22:49:31.650268+09:00 [info] <0.100.0>@supervisor:report_progress/2:1582 Supervisor: {local,ssl_admin_sup}. Started: id=ssl_pem_cache,pid=<0.101.0>.
2026-09-11 22:49:31.673401+09:00 [info] <0.100.0>@supervisor:report_progress/2:1582 Supervisor: {local,ssl_admin_sup}. Started: id=ssl_manager,pid=<0.102.0>.
2026-09-11 22:49:31.681529+09:00 [info] <0.100.0>@supervisor:report_progress/2:1582 Supervisor: {local,ssl_admin_sup}. Started: id=tls_client_ticket_store,pid=<0.103.0>.
2026-09-11 22:49:31.681704+09:00 [info] <0.99.0>@supervisor:report_progress/2:1582 Supervisor: {local,ssl_sup}. Started: id=ssl_admin_sup,pid=<0.100.0>.
2026-09-11 22:49:31.697363+09:00 [info] <0.105.0>@supervisor:report_progress/2:1582 Supervisor: {local,tls_sup}. Started: id=tls_connection_sup,pid=<0.106.0>.
2026-09-11 22:49:31.704659+09:00 [info] <0.107.0>@supervisor:report_progress/2:1582 Supervisor: {local,tls_server_sup}. Started: id=ssl_listen_tracker_sup,pid=<0.108.0>.
2026-09-11 22:49:31.710857+09:00 [info] <0.107.0>@supervisor:report_progress/2:1582 Supervisor: {local,tls_server_sup}. Started: id=tls_server_session_ticket,pid=<0.109.0>.
2026-09-11 22:49:31.715078+09:00 [info] <0.107.0>@supervisor:report_progress/2:1582 Supervisor: {local,tls_server_sup}. Started: id=ssl_server_session_cache_sup,pid=<0.110.0>.
2026-09-11 22:49:31.718405+09:00 [info] <0.107.0>@supervisor:report_progress/2:1582 Supervisor: {local,tls_server_sup}. Started: id=ssl_upgrade_server_session_cache_sup,pid=<0.111.0>.
2026-09-11 22:49:31.718546+09:00 [info] <0.105.0>@supervisor:report_progress/2:1582 Supervisor: {local,tls_sup}. Started: id=tls_server_sup,pid=<0.107.0>.
2026-09-11 22:49:31.718637+09:00 [info] <0.104.0>@supervisor:report_progress/2:1582 Supervisor: {local,ssl_connection_sup}. Started: id=tls_sup,pid=<0.105.0>.
2026-09-11 22:49:31.729124+09:00 [info] <0.112.0>@supervisor:report_progress/2:1582 Supervisor: {local,dtls_sup}. Started: id=dtls_connection_sup,pid=<0.113.0>.
2026-09-11 22:49:31.740938+09:00 [info] <0.114.0>@supervisor:report_progress/2:1582 Supervisor: {local,dtls_server_sup}. Started: id=dtls_listener_sup,pid=<0.115.0>.
2026-09-11 22:49:31.745684+09:00 [info] <0.114.0>@supervisor:report_progress/2:1582 Supervisor: {local,dtls_server_sup}. Started: id=dtls_server_session_cache_sup,pid=<0.116.0>.
2026-09-11 22:49:31.745816+09:00 [info] <0.112.0>@supervisor:report_progress/2:1582 Supervisor: {local,dtls_sup}. Started: id=dtls_server_sup,pid=<0.114.0>.
2026-09-11 22:49:31.745909+09:00 [info] <0.104.0>@supervisor:report_progress/2:1582 Supervisor: {local,ssl_connection_sup}. Started: id=dtls_sup,pid=<0.112.0>.
2026-09-11 22:49:31.745988+09:00 [info] <0.99.0>@supervisor:report_progress/2:1582 Supervisor: {local,ssl_sup}. Started: id=ssl_connection_sup,pid=<0.104.0>.
2026-09-11 22:49:31.746081+09:00 [info] <0.44.0>@application_controller:info_started/2:2130 Application: ssl. Started at: 'openriak-kv@node-02.cluster-a.openriak'.
2026-09-11 22:49:31.746256+09:00 [info] <0.44.0>@application_controller:info_started/2:2130 Application: hut. Started at: 'openriak-kv@node-02.cluster-a.openriak'.
2026-09-11 22:49:31.769690+09:00 [info] <0.121.0>@supervisor:report_progress/2:1582 Supervisor: {local,setup_sup}. Started: id=setup_srv,pid=<0.122.0>.
2026-09-11 22:49:31.811541+09:00 [notice] <0.122.0>@: Setup running ...
2026-09-11 22:49:31.824199+09:00 [notice] <0.122.0>@: Directories verified. Res = ok
2026-09-11 22:49:31.844651+09:00 [notice] <0.122.0>@: Setup finished processing hooks (Mode=normal)...
2026-09-11 22:49:31.844807+09:00 [info] <0.44.0>@application_controller:info_started/2:2130 Application: setup. Started at: 'openriak-kv@node-02.cluster-a.openriak'.
2026-09-11 22:49:31.844996+09:00 [info] <0.44.0>@application_controller:info_started/2:2130 Application: syntax_tools. Started at: 'openriak-kv@node-02.cluster-a.openriak'.
2026-09-11 22:49:31.845198+09:00 [info] <0.44.0>@application_controller:info_started/2:2130 Application: compiler. Started at: 'openriak-kv@node-02.cluster-a.openriak'.
2026-09-11 22:49:31.845331+09:00 [info] <0.44.0>@application_controller:info_started/2:2130 Application: parse_trans. Started at: 'openriak-kv@node-02.cluster-a.openriak'.
2026-09-11 22:49:31.882673+09:00 [info] <0.129.0>@supervisor:report_progress/2:1582 Supervisor: {local,exometer_core_sup}. Started: id=exometer_admin,pid=<0.130.0>.
2026-09-11 22:49:31.890379+09:00 [info] <0.129.0>@supervisor:report_progress/2:1582 Supervisor: {local,exometer_core_sup}. Started: id=exometer_cache,pid=<0.131.0>.
2026-09-11 22:49:31.910986+09:00 [info] <0.129.0>@supervisor:report_progress/2:1582 Supervisor: {local,exometer_core_sup}. Started: id=exometer_report,pid=<0.132.0>.
2026-09-11 22:49:31.913038+09:00 [info] <0.129.0>@supervisor:report_progress/2:1582 Supervisor: {local,exometer_core_sup}. Started: id=exometer_report_logger_sup,pid=<0.133.0>.
2026-09-11 22:49:31.921136+09:00 [info] <0.129.0>@supervisor:report_progress/2:1582 Supervisor: {local,exometer_core_sup}. Started: id=exometer_alias,pid=<0.134.0>.
2026-09-11 22:49:31.921617+09:00 [info] <0.132.0>@exometer_report:do_start_reporters/1:695 Starting reporters with []
2026-09-11 22:49:31.922002+09:00 [info] <0.44.0>@application_controller:info_started/2:2130 Application: exometer_core. Started at: 'openriak-kv@node-02.cluster-a.openriak'.
2026-09-11 22:49:31.931287+09:00 [info] <0.139.0>@supervisor:report_progress/2:1582 Supervisor: {local,sasl_safe_sup}. Started: id=alarm_handler,pid=<0.140.0>.
2026-09-11 22:49:31.931458+09:00 [info] <0.138.0>@supervisor:report_progress/2:1582 Supervisor: {local,sasl_sup}. Started: id=sasl_safe_sup,pid=<0.139.0>.
2026-09-11 22:49:31.955569+09:00 [info] <0.138.0>@supervisor:report_progress/2:1582 Supervisor: {local,sasl_sup}. Started: id=release_handler,pid=<0.141.0>.
2026-09-11 22:49:31.955714+09:00 [info] <0.44.0>@application_controller:info_started/2:2130 Application: sasl. Started at: 'openriak-kv@node-02.cluster-a.openriak'.
2026-09-11 22:49:31.968723+09:00 [info] <0.49.0>@supervisor:report_progress/2:1582 Supervisor: {local,kernel_sup}. Started: id=timer_server,pid=<0.148.0>.
2026-09-11 22:49:31.969032+09:00 [info] <0.146.0>@supervisor:report_progress/2:1582 Supervisor: {local,riak_sysmon_sup}. Started: id=riak_sysmon_filter,pid=<0.147.0>.
2026-09-11 22:49:31.969152+09:00 [info] <0.146.0>@supervisor:report_progress/2:1582 Supervisor: {local,riak_sysmon_sup}. Started: id=riak_sysmon_mgr,pid=<0.150.0>.
2026-09-11 22:49:31.969294+09:00 [info] <0.44.0>@application_controller:info_started/2:2130 Application: riak_sysmon. Started at: 'openriak-kv@node-02.cluster-a.openriak'.
2026-09-11 22:49:32.004413+09:00 [info] <0.154.0>@supervisor:report_progress/2:1582 Supervisor: {local,os_mon_sup}. Started: id=disksup,pid=<0.157.0>.
2026-09-11 22:49:32.018856+09:00 [info] <0.154.0>@supervisor:report_progress/2:1582 Supervisor: {local,os_mon_sup}. Started: id=memsup,pid=<0.159.0>.
2026-09-11 22:49:32.033013+09:00 [info] <0.154.0>@supervisor:report_progress/2:1582 Supervisor: {local,os_mon_sup}. Started: id=cpu_sup,pid=<0.161.0>.
2026-09-11 22:49:32.033314+09:00 [info] <0.44.0>@application_controller:info_started/2:2130 Application: os_mon. Started at: 'openriak-kv@node-02.cluster-a.openriak'.
2026-09-11 22:49:32.033670+09:00 [info] <0.44.0>@application_controller:info_started/2:2130 Application: observer. Started at: 'openriak-kv@node-02.cluster-a.openriak'.
2026-09-11 22:49:32.064163+09:00 [info] <0.168.0>@supervisor:report_progress/2:1582 Supervisor: {local,runtime_tools_sup}. Started: id=ttb_autostart,pid=<0.169.0>.
2026-09-11 22:49:32.065125+09:00 [info] <0.44.0>@application_controller:info_started/2:2130 Application: runtime_tools. Started at: 'openriak-kv@node-02.cluster-a.openriak'.
2026-09-11 22:49:32.065372+09:00 [info] <0.44.0>@application_controller:info_started/2:2130 Application: xmerl. Started at: 'openriak-kv@node-02.cluster-a.openriak'.
2026-09-11 22:49:32.147399+09:00 [info] <0.176.0>@supervisor:report_progress/2:1582 Supervisor: {local,httpc_profile_sup}. Started: id=httpc_manager,pid=<0.177.0>.
2026-09-11 22:49:32.147564+09:00 [info] <0.175.0>@supervisor:report_progress/2:1582 Supervisor: {local,httpc_sup}. Started: id=httpc_profile_sup,pid=<0.176.0>.
2026-09-11 22:49:32.155528+09:00 [info] <0.175.0>@supervisor:report_progress/2:1582 Supervisor: {local,httpc_sup}. Started: id=httpc_handler_sup,pid=<0.178.0>.
2026-09-11 22:49:32.155646+09:00 [info] <0.174.0>@supervisor:report_progress/2:1582 Supervisor: {local,inets_sup}. Started: id=httpc_sup,pid=<0.175.0>.
2026-09-11 22:49:32.167678+09:00 [info] <0.174.0>@supervisor:report_progress/2:1582 Supervisor: {local,inets_sup}. Started: id=httpd_sup,pid=<0.179.0>.
2026-09-11 22:49:32.167820+09:00 [info] <0.44.0>@application_controller:info_started/2:2130 Application: inets. Started at: 'openriak-kv@node-02.cluster-a.openriak'.
2026-09-11 22:49:32.168031+09:00 [info] <0.44.0>@application_controller:info_started/2:2130 Application: mochiweb. Started at: 'openriak-kv@node-02.cluster-a.openriak'.
2026-09-11 22:49:32.183573+09:00 [info] <0.184.0>@supervisor:report_progress/2:1582 Supervisor: {local,webmachine_sup}. Started: id=webmachine_logger,pid=<0.185.0>.
2026-09-11 22:49:32.186167+09:00 [info] <0.184.0>@supervisor:report_progress/2:1582 Supervisor: {local,webmachine_sup}. Started: id=webmachine_logger_watcher_sup,pid=<0.186.0>.
2026-09-11 22:49:32.190945+09:00 [info] <0.184.0>@supervisor:report_progress/2:1582 Supervisor: {local,webmachine_sup}. Started: id=webmachine_router,pid=<0.187.0>.
2026-09-11 22:49:32.191110+09:00 [info] <0.44.0>@application_controller:info_started/2:2130 Application: webmachine. Started at: 'openriak-kv@node-02.cluster-a.openriak'.
2026-09-11 22:49:32.191313+09:00 [info] <0.44.0>@application_controller:info_started/2:2130 Application: basho_stats. Started at: 'openriak-kv@node-02.cluster-a.openriak'.
2026-09-11 22:49:32.213464+09:00 [info] <0.192.0>@supervisor:report_progress/2:1582 Supervisor: {local,bitcask_sup}. Started: id=bitcask_merge_worker,pid=<0.193.0>.
2026-09-11 22:49:32.226919+09:00 [info] <0.192.0>@supervisor:report_progress/2:1582 Supervisor: {local,bitcask_sup}. Started: id=bitcask_merge_delete,pid=<0.194.0>.
2026-09-11 22:49:32.228474+09:00 [info] <0.44.0>@application_controller:info_started/2:2130 Application: bitcask. Started at: 'openriak-kv@node-02.cluster-a.openriak'.
2026-09-11 22:49:32.228704+09:00 [info] <0.44.0>@application_controller:info_started/2:2130 Application: getopt. Started at: 'openriak-kv@node-02.cluster-a.openriak'.
2026-09-11 22:49:32.228851+09:00 [info] <0.44.0>@application_controller:info_started/2:2130 Application: cuttlefish. Started at: 'openriak-kv@node-02.cluster-a.openriak'.
2026-09-11 22:49:32.300942+09:00 [info] <0.200.0>@supervisor:report_progress/2:1582 Supervisor: {local,clique_sup}. Started: id=clique_manager,pid=<0.201.0>.
2026-09-11 22:49:32.301139+09:00 [info] <0.44.0>@application_controller:info_started/2:2130 Application: clique. Started at: 'openriak-kv@node-02.cluster-a.openriak'.
2026-09-11 22:49:32.301365+09:00 [info] <0.44.0>@application_controller:info_started/2:2130 Application: eleveldb. Started at: 'openriak-kv@node-02.cluster-a.openriak'.
2026-09-11 22:49:32.301602+09:00 [info] <0.44.0>@application_controller:info_started/2:2130 Application: pbkdf2. Started at: 'openriak-kv@node-02.cluster-a.openriak'.
2026-09-11 22:49:32.301785+09:00 [info] <0.44.0>@application_controller:info_started/2:2130 Application: poolboy. Started at: 'openriak-kv@node-02.cluster-a.openriak'.
2026-09-11 22:49:32.332965+09:00 [info] <0.44.0>@application_controller:info_started/2:2130 Application: cluster_info. Started at: 'openriak-kv@node-02.cluster-a.openriak'.
2026-09-11 22:49:32.549631+09:00 [info] <0.212.0>@supervisor:report_progress/2:1582 Supervisor: {local,riak_core_sup}. Started: id=riak_core_bg_manager,pid=<0.213.0>.
2026-09-11 22:49:32.565691+09:00 [info] <0.212.0>@supervisor:report_progress/2:1582 Supervisor: {local,riak_core_sup}. Started: id=riak_core_sysmon_minder,pid=<0.214.0>.
2026-09-11 22:49:32.576312+09:00 [info] <0.212.0>@supervisor:report_progress/2:1582 Supervisor: {local,riak_core_sup}. Started: id=riak_core_vnode_sup,pid=<0.215.0>.
2026-09-11 22:49:32.582164+09:00 [info] <0.212.0>@supervisor:report_progress/2:1582 Supervisor: {local,riak_core_sup}. Started: id=riak_core_eventhandler_sup,pid=<0.216.0>.
2026-09-11 22:49:32.591672+09:00 [info] <0.212.0>@supervisor:report_progress/2:1582 Supervisor: {local,riak_core_sup}. Started: id=riak_core_dist_mon,pid=<0.217.0>.
2026-09-11 22:49:32.603668+09:00 [info] <0.218.0>@supervisor:report_progress/2:1582 Supervisor: {local,riak_core_handoff_sup}. Started: id=riak_core_handoff_receiver_sup,pid=<0.219.0>.
2026-09-11 22:49:32.609513+09:00 [info] <0.218.0>@supervisor:report_progress/2:1582 Supervisor: {local,riak_core_handoff_sup}. Started: id=riak_core_handoff_sender_sup,pid=<0.220.0>.
2026-09-11 22:49:32.684649+09:00 [info] <0.221.0>@supervisor:report_progress/2:1582 Supervisor: {local,riak_core_handoff_listener_sup}. Started: id=riak_core_handoff_listener,pid=<0.222.0>.
2026-09-11 22:49:32.684826+09:00 [info] <0.218.0>@supervisor:report_progress/2:1582 Supervisor: {local,riak_core_handoff_sup}. Started: id=riak_core_handoff_listener_sup,pid=<0.221.0>.
2026-09-11 22:49:32.723308+09:00 [info] <0.218.0>@supervisor:report_progress/2:1582 Supervisor: {local,riak_core_handoff_sup}. Started: id=riak_core_handoff_manager,pid=<0.224.0>.
2026-09-11 22:49:32.723451+09:00 [info] <0.212.0>@supervisor:report_progress/2:1582 Supervisor: {local,riak_core_sup}. Started: id=riak_core_handoff_sup,pid=<0.218.0>.
2026-09-11 22:49:32.736237+09:00 [info] <0.212.0>@supervisor:report_progress/2:1582 Supervisor: {local,riak_core_sup}. Started: id=riak_core_ring_events,pid=<0.225.0>.
2026-09-11 22:49:33.628471+09:00 [warning] <0.226.0>@riak_core_ring_manager:reload_ring/1:388 No ring file available.
2026-09-11 22:49:33.749252+09:00 [info] <0.212.0>@supervisor:report_progress/2:1582 Supervisor: {local,riak_core_sup}. Started: id=riak_core_ring_manager,pid=<0.226.0>.
2026-09-11 22:49:33.864869+09:00 [info] <0.82.0>@supervisor:report_progress/2:1582 Supervisor: {local,kernel_safe_sup}. Started: id=dets_sup,pid=<0.233.0>.
2026-09-11 22:49:33.866701+09:00 [info] <0.82.0>@supervisor:report_progress/2:1582 Supervisor: {local,kernel_safe_sup}. Started: id=dets,pid=<0.234.0>.
2026-09-11 22:49:33.964015+09:00 [info] <0.212.0>@supervisor:report_progress/2:1582 Supervisor: {local,riak_core_sup}. Started: id=riak_core_metadata_manager,pid=<0.232.0>.
2026-09-11 22:49:34.076374+09:00 [info] <0.212.0>@supervisor:report_progress/2:1582 Supervisor: {local,riak_core_sup}. Started: id=riak_core_metadata_hashtree,pid=<0.237.0>.
2026-09-11 22:49:34.089849+09:00 [info] <0.212.0>@supervisor:report_progress/2:1582 Supervisor: {local,riak_core_sup}. Started: id=riak_core_broadcast,pid=<0.243.0>.
2026-09-11 22:49:34.098432+09:00 [info] <0.212.0>@supervisor:report_progress/2:1582 Supervisor: {local,riak_core_sup}. Started: id=riak_core_vnode_proxy_sup,pid=<0.244.0>.
2026-09-11 22:49:34.103058+09:00 [info] <0.212.0>@supervisor:report_progress/2:1582 Supervisor: {local,riak_core_sup}. Started: id=riak_core_node_watcher_events,pid=<0.245.0>.
2026-09-11 22:49:34.113393+09:00 [info] <0.212.0>@supervisor:report_progress/2:1582 Supervisor: {local,riak_core_sup}. Started: id=riak_core_node_watcher,pid=<0.246.0>.
2026-09-11 22:49:34.137884+09:00 [info] <0.212.0>@supervisor:report_progress/2:1582 Supervisor: {local,riak_core_sup}. Started: id=riak_core_vnode_manager,pid=<0.247.0>.
2026-09-11 22:49:34.156115+09:00 [info] <0.212.0>@supervisor:report_progress/2:1582 Supervisor: {local,riak_core_sup}. Started: id=riak_core_capability,pid=<0.248.0>.
2026-09-11 22:49:34.156482+09:00 [info] <0.212.0>@supervisor:report_progress/2:1582 Supervisor: {local,riak_core_sup}. Started: id=riak_core_gossip,pid=<0.249.0>.
2026-09-11 22:49:34.182496+09:00 [info] <0.212.0>@supervisor:report_progress/2:1582 Supervisor: {local,riak_core_sup}. Started: id=riak_core_claimant,pid=<0.250.0>.
2026-09-11 22:49:34.192172+09:00 [info] <0.212.0>@supervisor:report_progress/2:1582 Supervisor: {local,riak_core_sup}. Started: id=riak_core_table_owner,pid=<0.251.0>.
2026-09-11 22:49:34.211549+09:00 [info] <0.253.0>@supervisor:report_progress/2:1582 Supervisor: {local,riak_core_stats_sup}. Started: id=riak_core_stat_cache,pid=<0.254.0>.
2026-09-11 22:49:34.211781+09:00 [info] <0.252.0>@supervisor:report_progress/2:1582 Supervisor: {local,riak_core_stat_sup}. Started: id=riak_core_stats_sup,pid=<0.253.0>.
2026-09-11 22:49:34.212539+09:00 [info] <0.212.0>@supervisor:report_progress/2:1582 Supervisor: {local,riak_core_sup}. Started: id=riak_core_stat_sup,pid=<0.252.0>.
2026-09-11 22:49:34.219529+09:00 [info] <0.212.0>@supervisor:report_progress/2:1582 Supervisor: {local,riak_core_sup}. Started: id=riak_core_node_worker_pool_sup,pid=<0.255.0>.
2026-09-11 22:49:34.385167+09:00 [info] <0.253.0>@supervisor:report_progress/2:1582 Supervisor: {local,riak_core_stats_sup}. Started: id=riak_core_stat,pid=<0.256.0>.
2026-09-11 22:49:34.415889+09:00 [info] <0.216.0>@supervisor:report_progress/2:1582 Supervisor: {local,riak_core_eventhandler_sup}. Started: id={riak_core_ring_events,riak_core_ring_handler},pid=<0.279.0>.
2026-09-11 22:49:34.416141+09:00 [info] <0.248.0>@riak_core_capability:process_capability_changes/2:557 New capability: {riak_core,vnode_routing} = proxy
2026-09-11 22:49:34.423679+09:00 [info] <0.248.0>@riak_core_capability:process_capability_changes/2:557 New capability: {riak_core,staged_joins} = true
2026-09-11 22:49:34.432917+09:00 [info] <0.248.0>@riak_core_capability:process_capability_changes/2:557 New capability: {riak_core,resizable_ring} = true
2026-09-11 22:49:34.450133+09:00 [info] <0.248.0>@riak_core_capability:process_capability_changes/2:557 New capability: {riak_core,fold_req_version} = v2
2026-09-11 22:49:34.461060+09:00 [info] <0.248.0>@riak_core_capability:process_capability_changes/2:557 New capability: {riak_core,security} = true
2026-09-11 22:49:34.467933+09:00 [info] <0.248.0>@riak_core_capability:process_capability_changes/2:557 New capability: {riak_core,bucket_types} = true
2026-09-11 22:49:34.475731+09:00 [info] <0.248.0>@riak_core_capability:process_capability_changes/2:557 New capability: {riak_core,net_ticktime} = true
2026-09-11 22:49:35.204285+09:00 [info] <0.44.0>@application_controller:info_started/2:2130 Application: riak_core. Started at: 'openriak-kv@node-02.cluster-a.openriak'.
2026-09-11 22:49:35.223899+09:00 [info] <0.248.0>@riak_core_capability:process_capability_changes/2:557 New capability: {riak_pipe,trace_format} = ordsets
2026-09-11 22:49:35.247549+09:00 [info] <0.283.0>@supervisor:report_progress/2:1582 Supervisor: {local,riak_pipe_sup}. Started: id=riak_pipe_vnode_master,pid=<0.284.0>.
2026-09-11 22:49:35.256179+09:00 [info] <0.283.0>@supervisor:report_progress/2:1582 Supervisor: {local,riak_pipe_sup}. Started: id=riak_pipe_builder_sup,pid=<0.285.0>.
2026-09-11 22:49:35.262190+09:00 [info] <0.283.0>@supervisor:report_progress/2:1582 Supervisor: {local,riak_pipe_sup}. Started: id=riak_pipe_fitting_sup,pid=<0.286.0>.
2026-09-11 22:49:35.270505+09:00 [info] <0.283.0>@supervisor:report_progress/2:1582 Supervisor: {local,riak_pipe_sup}. Started: id=riak_pipe_qcover_sup,pid=<0.287.0>.
2026-09-11 22:49:35.286173+09:00 [info] <0.244.0>@supervisor:report_progress/2:1582 Supervisor: {local,riak_core_vnode_proxy_sup}. Started: id={riak_pipe_vnode,0},pid=<0.288.0>.
2026-09-11 22:49:35.286432+09:00 [info] <0.244.0>@supervisor:report_progress/2:1582 Supervisor: {local,riak_core_vnode_proxy_sup}. Started: id={riak_pipe_vnode,182687704666362864775460604089535377456991567872},pid=<0.289.0>.
2026-09-11 22:49:35.288010+09:00 [info] <0.244.0>@supervisor:report_progress/2:1582 Supervisor: {local,riak_core_vnode_proxy_sup}. Started: id={riak_pipe_vnode,365375409332725729550921208179070754913983135744},pid=<0.290.0>.
2026-09-11 22:49:35.288173+09:00 [info] <0.244.0>@supervisor:report_progress/2:1582 Supervisor: {local,riak_core_vnode_proxy_sup}. Started: id={riak_pipe_vnode,548063113999088594326381812268606132370974703616},pid=<0.291.0>.
2026-09-11 22:49:35.288324+09:00 [info] <0.244.0>@supervisor:report_progress/2:1582 Supervisor: {local,riak_core_vnode_proxy_sup}. Started: id={riak_pipe_vnode,730750818665451459101842416358141509827966271488},pid=<0.292.0>.
2026-09-11 22:49:35.288510+09:00 [info] <0.244.0>@supervisor:report_progress/2:1582 Supervisor: {local,riak_core_vnode_proxy_sup}. Started: id={riak_pipe_vnode,913438523331814323877303020447676887284957839360},pid=<0.293.0>.
2026-09-11 22:49:35.288642+09:00 [info] <0.244.0>@supervisor:report_progress/2:1582 Supervisor: {local,riak_core_vnode_proxy_sup}. Started: id={riak_pipe_vnode,1096126227998177188652763624537212264741949407232},pid=<0.294.0>.
2026-09-11 22:49:35.288770+09:00 [info] <0.244.0>@supervisor:report_progress/2:1582 Supervisor: {local,riak_core_vnode_proxy_sup}. Started: id={riak_pipe_vnode,1278813932664540053428224228626747642198940975104},pid=<0.295.0>.
2026-09-11 22:49:35.300107+09:00 [info] <0.253.0>@supervisor:report_progress/2:1582 Supervisor: {local,riak_core_stats_sup}. Started: id=riak_pipe_stat,pid=<0.296.0>.
2026-09-11 22:49:35.305766+09:00 [info] <0.44.0>@application_controller:info_started/2:2130 Application: riak_pipe. Started at: 'openriak-kv@node-02.cluster-a.openriak'.
2026-09-11 22:49:35.305993+09:00 [info] <0.44.0>@application_controller:info_started/2:2130 Application: tools. Started at: 'openriak-kv@node-02.cluster-a.openriak'.
2026-09-11 22:49:35.306202+09:00 [info] <0.44.0>@application_controller:info_started/2:2130 Application: riak_pb. Started at: 'openriak-kv@node-02.cluster-a.openriak'.
2026-09-11 22:49:35.341575+09:00 [info] <0.304.0>@supervisor:report_progress/2:1582 Supervisor: {local,riak_api_sup}. Started: id=riak_api_pb_registration_helper,pid=<0.305.0>.
2026-09-11 22:49:35.348041+09:00 [info] <0.304.0>@supervisor:report_progress/2:1582 Supervisor: {local,riak_api_sup}. Started: id=riak_api_pb_registrar,pid=<0.306.0>.
2026-09-11 22:49:35.351835+09:00 [info] <0.304.0>@supervisor:report_progress/2:1582 Supervisor: {local,riak_api_sup}. Started: id=riak_api_pb_sup,pid=<0.307.0>.
2026-09-11 22:49:35.352159+09:00 [info] <0.304.0>@supervisor:report_progress/2:1582 Supervisor: {local,riak_api_sup}. Started: id=[112,98,58,47,47,34,48,46,48,46,48,46,48,34,58,56,48,56,55],pid=<0.308.0>.
2026-09-11 22:49:35.405373+09:00 [info] <0.304.0>@supervisor:report_progress/2:1582 Supervisor: {local,riak_api_sup}. Started: id=[104,116,116,112,58,47,47,48,46,48,46,48,46,48,58,56,48,57,56],pid=<0.311.0>.
2026-09-11 22:49:35.410637+09:00 [info] <0.253.0>@supervisor:report_progress/2:1582 Supervisor: {local,riak_core_stats_sup}. Started: id=riak_api_stat,pid=<0.328.0>.
2026-09-11 22:49:35.417513+09:00 [info] <0.44.0>@application_controller:info_started/2:2130 Application: riak_api. Started at: 'openriak-kv@node-02.cluster-a.openriak'.
2026-09-11 22:49:35.426716+09:00 [info] <0.44.0>@application_controller:info_started/2:2130 Application: sidejob. Started at: 'openriak-kv@node-02.cluster-a.openriak'.
2026-09-11 22:49:35.426938+09:00 [info] <0.44.0>@application_controller:info_started/2:2130 Application: riak_dt. Started at: 'openriak-kv@node-02.cluster-a.openriak'.
2026-09-11 22:49:35.427075+09:00 [info] <0.44.0>@application_controller:info_started/2:2130 Application: sext. Started at: 'openriak-kv@node-02.cluster-a.openriak'.
2026-09-11 22:49:35.427240+09:00 [info] <0.44.0>@application_controller:info_started/2:2130 Application: lz4. Started at: 'openriak-kv@node-02.cluster-a.openriak'.
2026-09-11 22:49:35.427409+09:00 [info] <0.44.0>@application_controller:info_started/2:2130 Application: zstd. Started at: 'openriak-kv@node-02.cluster-a.openriak'.
2026-09-11 22:49:35.427592+09:00 [info] <0.44.0>@application_controller:info_started/2:2130 Application: leveled. Started at: 'openriak-kv@node-02.cluster-a.openriak'.
2026-09-11 22:49:35.427749+09:00 [info] <0.44.0>@application_controller:info_started/2:2130 Application: kv_index_tictactree. Started at: 'openriak-kv@node-02.cluster-a.openriak'.
2026-09-11 22:49:35.427917+09:00 [info] <0.44.0>@application_controller:info_started/2:2130 Application: hyper. Started at: 'openriak-kv@node-02.cluster-a.openriak'.
2026-09-11 22:49:35.428050+09:00 [info] <0.44.0>@application_controller:info_started/2:2130 Application: redbug. Started at: 'openriak-kv@node-02.cluster-a.openriak'.
2026-09-11 22:49:35.428211+09:00 [info] <0.44.0>@application_controller:info_started/2:2130 Application: recon. Started at: 'openriak-kv@node-02.cluster-a.openriak'.
2026-09-11 22:49:35.428342+09:00 [info] <0.44.0>@application_controller:info_started/2:2130 Application: riakc. Started at: 'openriak-kv@node-02.cluster-a.openriak'.
2026-09-11 22:49:35.454281+09:00 [info] <0.347.0>@supervisor:report_progress/2:1582 Supervisor: {local,ibrowse_sup}. Started: id=ibrowse,pid=<0.348.0>.
2026-09-11 22:49:35.454645+09:00 [info] <0.44.0>@application_controller:info_started/2:2130 Application: ibrowse. Started at: 'openriak-kv@node-02.cluster-a.openriak'.
2026-09-11 22:49:35.454850+09:00 [info] <0.44.0>@application_controller:info_started/2:2130 Application: rhc. Started at: 'openriak-kv@node-02.cluster-a.openriak'.
2026-09-11 22:49:35.537953+09:00 [info] <0.356.0>@supervisor:report_progress/2:1582 Supervisor: {local,riak_kv_put_fsm_sj_worker_sup}. Started: id=riak_kv_put_fsm_sj_1,pid=<0.357.0>.
2026-09-11 22:49:35.542134+09:00 [info] <0.356.0>@supervisor:report_progress/2:1582 Supervisor: {local,riak_kv_put_fsm_sj_worker_sup}. Started: id=riak_kv_put_fsm_sj_2,pid=<0.358.0>.
2026-09-11 22:49:35.542478+09:00 [info] <0.356.0>@supervisor:report_progress/2:1582 Supervisor: {local,riak_kv_put_fsm_sj_worker_sup}. Started: id=riak_kv_put_fsm_sj_3,pid=<0.359.0>.
2026-09-11 22:49:35.542738+09:00 [info] <0.356.0>@supervisor:report_progress/2:1582 Supervisor: {local,riak_kv_put_fsm_sj_worker_sup}. Started: id=riak_kv_put_fsm_sj_4,pid=<0.360.0>.
2026-09-11 22:49:35.542835+09:00 [info] <0.355.0>@supervisor:report_progress/2:1582 Supervisor: {local,riak_kv_put_fsm_sj}. Started: id=sidejob_worker_sup,pid=<0.356.0>.
2026-09-11 22:49:35.542972+09:00 [info] <0.355.0>@supervisor:report_progress/2:1582 Supervisor: {local,riak_kv_put_fsm_sj}. Started: id=riak_kv_put_fsm_sj_stats,pid=<0.361.0>.
2026-09-11 22:49:35.543102+09:00 [info] <0.333.0>@supervisor:report_progress/2:1582 Supervisor: {local,sidejob_sup}. Started: id=riak_kv_put_fsm_sj,pid=<0.355.0>.
2026-09-11 22:49:35.556671+09:00 [info] <0.364.0>@supervisor:report_progress/2:1582 Supervisor: {local,riak_kv_get_fsm_sj_worker_sup}. Started: id=riak_kv_get_fsm_sj_1,pid=<0.365.0>.
2026-09-11 22:49:35.556972+09:00 [info] <0.364.0>@supervisor:report_progress/2:1582 Supervisor: {local,riak_kv_get_fsm_sj_worker_sup}. Started: id=riak_kv_get_fsm_sj_2,pid=<0.366.0>.
2026-09-11 22:49:35.557183+09:00 [info] <0.364.0>@supervisor:report_progress/2:1582 Supervisor: {local,riak_kv_get_fsm_sj_worker_sup}. Started: id=riak_kv_get_fsm_sj_3,pid=<0.367.0>.
2026-09-11 22:49:35.561472+09:00 [info] <0.364.0>@supervisor:report_progress/2:1582 Supervisor: {local,riak_kv_get_fsm_sj_worker_sup}. Started: id=riak_kv_get_fsm_sj_4,pid=<0.368.0>.
2026-09-11 22:49:35.561643+09:00 [info] <0.363.0>@supervisor:report_progress/2:1582 Supervisor: {local,riak_kv_get_fsm_sj}. Started: id=sidejob_worker_sup,pid=<0.364.0>.
2026-09-11 22:49:35.561798+09:00 [info] <0.363.0>@supervisor:report_progress/2:1582 Supervisor: {local,riak_kv_get_fsm_sj}. Started: id=riak_kv_get_fsm_sj_stats,pid=<0.369.0>.
2026-09-11 22:49:35.561918+09:00 [info] <0.333.0>@supervisor:report_progress/2:1582 Supervisor: {local,sidejob_sup}. Started: id=riak_kv_get_fsm_sj,pid=<0.363.0>.
2026-09-11 22:49:35.593362+09:00 [info] <0.372.0>@supervisor:report_progress/2:1582 Supervisor: {local,riak_kv_stat_sj_worker_sup}. Started: id=riak_kv_stat_sj_1,pid=<0.373.0>.
2026-09-11 22:49:35.593696+09:00 [info] <0.372.0>@supervisor:report_progress/2:1582 Supervisor: {local,riak_kv_stat_sj_worker_sup}. Started: id=riak_kv_stat_sj_2,pid=<0.374.0>.
2026-09-11 22:49:35.593926+09:00 [info] <0.372.0>@supervisor:report_progress/2:1582 Supervisor: {local,riak_kv_stat_sj_worker_sup}. Started: id=riak_kv_stat_sj_3,pid=<0.375.0>.
2026-09-11 22:49:35.594127+09:00 [info] <0.372.0>@supervisor:report_progress/2:1582 Supervisor: {local,riak_kv_stat_sj_worker_sup}. Started: id=riak_kv_stat_sj_4,pid=<0.376.0>.
2026-09-11 22:49:35.594232+09:00 [info] <0.371.0>@supervisor:report_progress/2:1582 Supervisor: {local,riak_kv_stat_sj}. Started: id=sidejob_worker_sup,pid=<0.372.0>.
2026-09-11 22:49:35.594351+09:00 [info] <0.371.0>@supervisor:report_progress/2:1582 Supervisor: {local,riak_kv_stat_sj}. Started: id=riak_kv_stat_sj_stats,pid=<0.377.0>.
2026-09-11 22:49:35.597967+09:00 [info] <0.333.0>@supervisor:report_progress/2:1582 Supervisor: {local,sidejob_sup}. Started: id=riak_kv_stat_sj,pid=<0.371.0>.
2026-09-11 22:49:35.630315+09:00 [info] <0.353.0>@riak_kv_env:doc_env/0:88 Environment and OS variables:
2026-09-11 22:49:35.663884+09:00 [info] <0.248.0>@riak_core_capability:process_capability_changes/2:557 New capability: {riak_kv,object_hash_version} = 0
2026-09-11 22:49:35.681055+09:00 [info] <0.248.0>@riak_core_capability:process_capability_changes/2:557 New capability: {riak_kv,anti_entropy} = enabled_v1
2026-09-11 22:49:35.688925+09:00 [info] <0.379.0>@riak_core_throttle:enable_throttle/2:121 Enabling throttle for riak_kv/aae_throttle.
2026-09-11 22:49:35.689048+09:00 [info] <0.378.0>@supervisor:report_progress/2:1582 Supervisor: {local,riak_kv_sup}. Started: id=riak_kv_entropy_manager,pid=<0.379.0>.
2026-09-11 22:49:35.738056+09:00 [info] <0.378.0>@supervisor:report_progress/2:1582 Supervisor: {local,riak_kv_sup}. Started: id=riak_kv_ttaaefs_manager,pid=<0.380.0>.
2026-09-11 22:49:35.774107+09:00 [info] <0.378.0>@supervisor:report_progress/2:1582 Supervisor: {local,riak_kv_sup}. Started: id=riak_kv_replrtq_src,pid=<0.381.0>.
2026-09-11 22:49:35.796252+09:00 [info] <0.378.0>@supervisor:report_progress/2:1582 Supervisor: {local,riak_kv_sup}. Started: id=riak_kv_replrtq_snk,pid=<0.384.0>.
2026-09-11 22:49:35.810544+09:00 [info] <0.378.0>@supervisor:report_progress/2:1582 Supervisor: {local,riak_kv_sup}. Started: id=riak_kv_replrtq_peer,pid=<0.385.0>.
2026-09-11 22:49:35.835056+09:00 [info] <0.378.0>@supervisor:report_progress/2:1582 Supervisor: {local,riak_kv_sup}. Started: id=riak_kv_reaper,pid=<0.387.0>.
2026-09-11 22:49:35.851582+09:00 [info] <0.378.0>@supervisor:report_progress/2:1582 Supervisor: {local,riak_kv_sup}. Started: id=riak_kv_eraser,pid=<0.388.0>.
2026-09-11 22:49:35.861032+09:00 [info] <0.378.0>@supervisor:report_progress/2:1582 Supervisor: {local,riak_kv_sup}. Started: id=riak_kv_reader,pid=<0.389.0>.
2026-09-11 22:49:35.869411+09:00 [info] <0.378.0>@supervisor:report_progress/2:1582 Supervisor: {local,riak_kv_sup}. Started: id=riak_kv_token_manager,pid=<0.390.0>.
2026-09-11 22:49:35.869615+09:00 [info] <0.378.0>@supervisor:report_progress/2:1582 Supervisor: {local,riak_kv_sup}. Started: id=riak_kv_vnode_master,pid=<0.391.0>.
2026-09-11 22:49:35.869727+09:00 [info] <0.391.0>@riak_core:wait_for_service/2:498 Waiting for service riak_kv to start (0 seconds)
2026-09-11 22:49:35.890983+09:00 [info] <0.392.0>@supervisor:report_progress/2:1582 Supervisor: {local,riak_kv_w1c_sup}. Started: id=riak_kv_w1c_worker00,pid=<0.393.0>.
2026-09-11 22:49:35.891169+09:00 [info] <0.392.0>@supervisor:report_progress/2:1582 Supervisor: {local,riak_kv_w1c_sup}. Started: id=riak_kv_w1c_worker01,pid=<0.394.0>.
2026-09-11 22:49:35.891294+09:00 [info] <0.392.0>@supervisor:report_progress/2:1582 Supervisor: {local,riak_kv_w1c_sup}. Started: id=riak_kv_w1c_worker02,pid=<0.395.0>.
2026-09-11 22:49:35.891420+09:00 [info] <0.392.0>@supervisor:report_progress/2:1582 Supervisor: {local,riak_kv_w1c_sup}. Started: id=riak_kv_w1c_worker03,pid=<0.396.0>.
2026-09-11 22:49:35.891547+09:00 [info] <0.392.0>@supervisor:report_progress/2:1582 Supervisor: {local,riak_kv_w1c_sup}. Started: id=riak_kv_w1c_worker04,pid=<0.397.0>.
2026-09-11 22:49:35.891675+09:00 [info] <0.392.0>@supervisor:report_progress/2:1582 Supervisor: {local,riak_kv_w1c_sup}. Started: id=riak_kv_w1c_worker05,pid=<0.398.0>.
2026-09-11 22:49:35.891790+09:00 [info] <0.392.0>@supervisor:report_progress/2:1582 Supervisor: {local,riak_kv_w1c_sup}. Started: id=riak_kv_w1c_worker06,pid=<0.399.0>.
2026-09-11 22:49:35.891902+09:00 [info] <0.392.0>@supervisor:report_progress/2:1582 Supervisor: {local,riak_kv_w1c_sup}. Started: id=riak_kv_w1c_worker07,pid=<0.400.0>.
2026-09-11 22:49:35.892014+09:00 [info] <0.378.0>@supervisor:report_progress/2:1582 Supervisor: {local,riak_kv_sup}. Started: id=riak_kv_w1c_sup,pid=<0.392.0>.
2026-09-11 22:49:35.909431+09:00 [info] <0.378.0>@supervisor:report_progress/2:1582 Supervisor: {local,riak_kv_sup}. Started: id=riak_kv_delete_sup,pid=<0.401.0>.
2026-09-11 22:49:35.920233+09:00 [info] <0.378.0>@supervisor:report_progress/2:1582 Supervisor: {local,riak_kv_sup}. Started: id=riak_kv_mrc_sink_sup,pid=<0.402.0>.
2026-09-11 22:49:35.928257+09:00 [info] <0.378.0>@supervisor:report_progress/2:1582 Supervisor: {local,riak_kv_sup}. Started: id=riak_kv_buckets_fsm_sup,pid=<0.403.0>.
2026-09-11 22:49:35.942682+09:00 [info] <0.378.0>@supervisor:report_progress/2:1582 Supervisor: {local,riak_kv_sup}. Started: id=riak_kv_keys_fsm_sup,pid=<0.404.0>.
2026-09-11 22:49:35.952396+09:00 [info] <0.378.0>@supervisor:report_progress/2:1582 Supervisor: {local,riak_kv_sup}. Started: id=riak_kv_index_fsm_sup,pid=<0.405.0>.
2026-09-11 22:49:35.957970+09:00 [info] <0.378.0>@supervisor:report_progress/2:1582 Supervisor: {local,riak_kv_sup}. Started: id=riak_kv_query_sup,pid=<0.406.0>.
2026-09-11 22:49:35.968983+09:00 [info] <0.378.0>@supervisor:report_progress/2:1582 Supervisor: {local,riak_kv_sup}. Started: id=riak_kv_query_filebuffer_sup,pid=<0.407.0>.
2026-09-11 22:49:35.979142+09:00 [info] <0.378.0>@supervisor:report_progress/2:1582 Supervisor: {local,riak_kv_sup}. Started: id=riak_kv_clusteraae_fsm_sup,pid=<0.408.0>.
2026-09-11 22:49:35.987385+09:00 [info] <0.378.0>@supervisor:report_progress/2:1582 Supervisor: {local,riak_kv_sup}. Started: id=riak_kv_hotbackup_fsm_sup,pid=<0.409.0>.
2026-09-11 22:49:35.995392+09:00 [info] <0.378.0>@supervisor:report_progress/2:1582 Supervisor: {local,riak_kv_sup}. Started: id=riak_kv_http_cache,pid=<0.410.0>.
2026-09-11 22:49:35.995622+09:00 [info] <0.248.0>@riak_core_capability:process_capability_changes/2:557 New capability: {riak_kv,vnode_vclocks} = true
2026-09-11 22:49:35.999583+09:00 [info] <0.248.0>@riak_core_capability:process_capability_changes/2:557 New capability: {riak_kv,legacy_keylisting} = false
2026-09-11 22:49:36.004588+09:00 [info] <0.248.0>@riak_core_capability:process_capability_changes/2:557 New capability: {riak_kv,listkeys_backpressure} = true
2026-09-11 22:49:36.019507+09:00 [info] <0.248.0>@riak_core_capability:process_capability_changes/2:557 New capability: {riak_kv,index_backpressure} = true
2026-09-11 22:49:36.023507+09:00 [info] <0.248.0>@riak_core_capability:process_capability_changes/2:557 New capability: {riak_kv,mapred_system} = pipe
2026-09-11 22:49:36.033204+09:00 [info] <0.248.0>@riak_core_capability:process_capability_changes/2:557 New capability: {riak_kv,mapred_2i_pipe} = true
2026-09-11 22:49:36.042080+09:00 [info] <0.248.0>@riak_core_capability:process_capability_changes/2:557 New capability: {riak_kv,handoff_data_encoding} = encode_raw
2026-09-11 22:49:36.055521+09:00 [info] <0.248.0>@riak_core_capability:process_capability_changes/2:557 New capability: {riak_kv,object_format} = v1
2026-09-11 22:49:36.058848+09:00 [info] <0.248.0>@riak_core_capability:process_capability_changes/2:557 New capability: {riak_kv,secondary_index_version} = v3
2026-09-11 22:49:36.065063+09:00 [info] <0.248.0>@riak_core_capability:process_capability_changes/2:557 New capability: {riak_kv,vclock_data_encoding} = encode_zlib
2026-09-11 22:49:36.075749+09:00 [info] <0.248.0>@riak_core_capability:process_capability_changes/2:557 New capability: {riak_kv,crdt} = [pncounter,riak_dt_pncounter,riak_dt_orswot,riak_dt_map,riak_kv_hll,riak_dt_gset]
2026-09-11 22:49:36.079205+09:00 [info] <0.248.0>@riak_core_capability:process_capability_changes/2:557 New capability: {riak_kv,crdt_epoch_versions} = [{riak_dt_map,2},{riak_dt_orswot,2},{riak_dt_pncounter,2},{riak_kv_hll,1},{riak_dt_gset,2}]
2026-09-11 22:49:36.084600+09:00 [info] <0.248.0>@riak_core_capability:process_capability_changes/2:557 New capability: {riak_kv,put_fsm_ack_execute} = enabled
2026-09-11 22:49:36.088297+09:00 [info] <0.248.0>@riak_core_capability:process_capability_changes/2:557 New capability: {riak_kv,get_request_type} = head
2026-09-11 22:49:36.104650+09:00 [info] <0.248.0>@riak_core_capability:process_capability_changes/2:557 New capability: {riak_kv,put_soft_limit} = true
2026-09-11 22:49:36.126634+09:00 [info] <0.248.0>@riak_core_capability:process_capability_changes/2:557 New capability: {riak_kv,tictacaae_prompted_repairs} = true
2026-09-11 22:49:36.153944+09:00 [info] <0.244.0>@supervisor:report_progress/2:1582 Supervisor: {local,riak_core_vnode_proxy_sup}. Started: id={riak_kv_vnode,0},pid=<0.411.0>.
2026-09-11 22:49:36.154140+09:00 [info] <0.244.0>@supervisor:report_progress/2:1582 Supervisor: {local,riak_core_vnode_proxy_sup}. Started: id={riak_kv_vnode,182687704666362864775460604089535377456991567872},pid=<0.412.0>.
2026-09-11 22:49:36.154263+09:00 [info] <0.244.0>@supervisor:report_progress/2:1582 Supervisor: {local,riak_core_vnode_proxy_sup}. Started: id={riak_kv_vnode,365375409332725729550921208179070754913983135744},pid=<0.413.0>.
2026-09-11 22:49:36.154356+09:00 [info] <0.244.0>@supervisor:report_progress/2:1582 Supervisor: {local,riak_core_vnode_proxy_sup}. Started: id={riak_kv_vnode,548063113999088594326381812268606132370974703616},pid=<0.414.0>.
2026-09-11 22:49:36.154510+09:00 [info] <0.244.0>@supervisor:report_progress/2:1582 Supervisor: {local,riak_core_vnode_proxy_sup}. Started: id={riak_kv_vnode,730750818665451459101842416358141509827966271488},pid=<0.415.0>.
2026-09-11 22:49:36.154619+09:00 [info] <0.244.0>@supervisor:report_progress/2:1582 Supervisor: {local,riak_core_vnode_proxy_sup}. Started: id={riak_kv_vnode,913438523331814323877303020447676887284957839360},pid=<0.416.0>.
2026-09-11 22:49:36.154731+09:00 [info] <0.244.0>@supervisor:report_progress/2:1582 Supervisor: {local,riak_core_vnode_proxy_sup}. Started: id={riak_kv_vnode,1096126227998177188652763624537212264741949407232},pid=<0.417.0>.
2026-09-11 22:49:36.154832+09:00 [info] <0.244.0>@supervisor:report_progress/2:1582 Supervisor: {local,riak_core_vnode_proxy_sup}. Started: id={riak_kv_vnode,1278813932664540053428224228626747642198940975104},pid=<0.418.0>.
2026-09-11 22:49:36.258886+09:00 [info] <0.253.0>@supervisor:report_progress/2:1582 Supervisor: {local,riak_core_stats_sup}. Started: id=riak_kv_stat,pid=<0.419.0>.
2026-09-11 22:49:36.383557+09:00 [info] <0.255.0>@riak_core_node_worker_pool:start_link/5:85 Registered worker pool of type af1_pool and size 2
2026-09-11 22:49:36.383698+09:00 [info] <0.255.0>@supervisor:report_progress/2:1582 Supervisor: {local,riak_core_node_worker_pool_sup}. Started: id=af1_pool,pid=<0.561.0>.
2026-09-11 22:49:36.384126+09:00 [info] <0.255.0>@riak_core_node_worker_pool:start_link/5:85 Registered worker pool of type af2_pool and size 1
2026-09-11 22:49:36.384197+09:00 [info] <0.255.0>@supervisor:report_progress/2:1582 Supervisor: {local,riak_core_node_worker_pool_sup}. Started: id=af2_pool,pid=<0.566.0>.
2026-09-11 22:49:36.387711+09:00 [info] <0.255.0>@riak_core_node_worker_pool:start_link/5:85 Registered worker pool of type af3_pool and size 4
2026-09-11 22:49:36.387808+09:00 [info] <0.255.0>@supervisor:report_progress/2:1582 Supervisor: {local,riak_core_node_worker_pool_sup}. Started: id=af3_pool,pid=<0.570.0>.
2026-09-11 22:49:36.388042+09:00 [info] <0.255.0>@riak_core_node_worker_pool:start_link/5:85 Registered worker pool of type af4_pool and size 1
2026-09-11 22:49:36.388132+09:00 [info] <0.255.0>@supervisor:report_progress/2:1582 Supervisor: {local,riak_core_node_worker_pool_sup}. Started: id=af4_pool,pid=<0.577.0>.
2026-09-11 22:49:36.388342+09:00 [info] <0.255.0>@riak_core_node_worker_pool:start_link/5:85 Registered worker pool of type be_pool and size 1
2026-09-11 22:49:36.388409+09:00 [info] <0.255.0>@supervisor:report_progress/2:1582 Supervisor: {local,riak_core_node_worker_pool_sup}. Started: id=be_pool,pid=<0.581.0>.
2026-09-11 22:49:36.466591+09:00 [info] <0.44.0>@application_controller:info_started/2:2130 Application: riak_kv. Started at: 'openriak-kv@node-02.cluster-a.openriak'.
2026-09-11 22:49:36.466831+09:00 [info] <0.44.0>@application_controller:info_started/2:2130 Application: ebloom. Started at: 'openriak-kv@node-02.cluster-a.openriak'.
2026-09-11 22:49:36.466989+09:00 [info] <0.44.0>@application_controller:info_started/2:2130 Application: bear. Started at: 'openriak-kv@node-02.cluster-a.openriak'.
2026-09-11 22:49:36.488657+09:00 [info] <0.590.0>@supervisor:report_progress/2:1582 Supervisor: {local,folsom_sup}. Started: id=folsom_sample_slide_sup,pid=<0.591.0>.
2026-09-11 22:49:36.493943+09:00 [info] <0.590.0>@supervisor:report_progress/2:1582 Supervisor: {local,folsom_sup}. Started: id=folsom_meter_timer_server,pid=<0.592.0>.
2026-09-11 22:49:36.499924+09:00 [info] <0.590.0>@supervisor:report_progress/2:1582 Supervisor: {local,folsom_sup}. Started: id=folsom_metrics_histogram_ets,pid=<0.593.0>.
2026-09-11 22:49:36.508500+09:00 [info] <0.590.0>@supervisor:report_progress/2:1582 Supervisor: {local,folsom_sup}. Started: id=folsom_metrics_spiral,pid=<0.594.0>.
2026-09-11 22:49:36.518046+09:00 [info] <0.590.0>@supervisor:report_progress/2:1582 Supervisor: {local,folsom_sup}. Started: id=folsom_metrics_history,pid=<0.595.0>.
2026-09-11 22:49:36.525022+09:00 [info] <0.590.0>@supervisor:report_progress/2:1582 Supervisor: {local,folsom_sup}. Started: id=folsom_metrics_histogram,pid=<0.596.0>.
2026-09-11 22:49:36.530732+09:00 [info] <0.590.0>@supervisor:report_progress/2:1582 Supervisor: {local,folsom_sup}. Started: id=folsom_metrics_duration,pid=<0.597.0>.
2026-09-11 22:49:36.533705+09:00 [info] <0.590.0>@supervisor:report_progress/2:1582 Supervisor: {local,folsom_sup}. Started: id=folsom_metrics_counter,pid=<0.598.0>.
2026-09-11 22:49:36.537756+09:00 [info] <0.590.0>@supervisor:report_progress/2:1582 Supervisor: {local,folsom_sup}. Started: id=folsom_metrics_gauge,pid=<0.599.0>.
2026-09-11 22:49:36.547270+09:00 [info] <0.590.0>@supervisor:report_progress/2:1582 Supervisor: {local,folsom_sup}. Started: id=folsom_metrics_meter,pid=<0.600.0>.
2026-09-11 22:49:36.556287+09:00 [info] <0.590.0>@supervisor:report_progress/2:1582 Supervisor: {local,folsom_sup}. Started: id=folsom_metrics_meter_reader,pid=<0.601.0>.
2026-09-11 22:49:36.557093+09:00 [info] <0.44.0>@application_controller:info_started/2:2130 Application: folsom. Started at: 'openriak-kv@node-02.cluster-a.openriak'.
2026-09-11 22:49:36.581346+09:00 [info] <0.605.0>@supervisor:report_progress/2:1582 Supervisor: {local,ranch_sup}. Started: id=ranch_server,pid=<0.606.0>.
2026-09-11 22:49:36.581543+09:00 [info] <0.44.0>@application_controller:info_started/2:2130 Application: ranch. Started at: 'openriak-kv@node-02.cluster-a.openriak'.
2026-09-11 22:49:36.599428+09:00 [info] <0.609.0>@riak_core:wait_for_service/2:498 Waiting for service riak_kv to start (0 seconds)
2026-09-11 22:49:44.143077+09:00 [info] <0.247.0>@riak_core_vnode_manager:update_never_started/4:1026 Update never started for Mod riak_kv_vnode with count 8 to be added to 0
2026-09-11 22:49:44.143263+09:00 [info] <0.247.0>@riak_core_vnode_manager:update_never_started/4:1026 Update never started for Mod riak_pipe_vnode with count 8 to be added to 8
2026-09-11 22:49:44.146634+09:00 [info] <0.697.0>@riak_core_vnode_manager:get_vnode/3:733 Will start VNode for partition 0 riak_pipe_vnode
2026-09-11 22:49:44.326069+09:00 [info] <0.697.0>@riak_core_vnode_manager:get_vnode/3:743 VNode initialization ready <0.698.0> 0 riak_pipe_vnode
2026-09-11 22:49:44.326349+09:00 [info] <0.701.0>@riak_core_vnode_manager:get_vnode/3:733 Will start VNode for partition 0 riak_kv_vnode
2026-09-11 22:49:44.326424+09:00 [info] <0.702.0>@riak_core_vnode_manager:get_vnode/3:733 Will start VNode for partition 182687704666362864775460604089535377456991567872 riak_kv_vnode
2026-09-11 22:49:44.326504+09:00 [info] <0.703.0>@riak_core_vnode_manager:get_vnode/3:733 Will start VNode for partition 365375409332725729550921208179070754913983135744 riak_kv_vnode
2026-09-11 22:49:44.326556+09:00 [info] <0.704.0>@riak_core_vnode_manager:get_vnode/3:733 Will start VNode for partition 548063113999088594326381812268606132370974703616 riak_kv_vnode
2026-09-11 22:49:44.326609+09:00 [info] <0.705.0>@riak_core_vnode_manager:get_vnode/3:733 Will start VNode for partition 730750818665451459101842416358141509827966271488 riak_kv_vnode
2026-09-11 22:49:44.326660+09:00 [info] <0.706.0>@riak_core_vnode_manager:get_vnode/3:733 Will start VNode for partition 913438523331814323877303020447676887284957839360 riak_kv_vnode
2026-09-11 22:49:44.326710+09:00 [info] <0.707.0>@riak_core_vnode_manager:get_vnode/3:733 Will start VNode for partition 1096126227998177188652763624537212264741949407232 riak_kv_vnode
2026-09-11 22:49:44.326763+09:00 [info] <0.708.0>@riak_core_vnode_manager:get_vnode/3:733 Will start VNode for partition 1278813932664540053428224228626747642198940975104 riak_kv_vnode
2026-09-11 22:49:44.569586+09:00 [info] <0.759.0>@leveled_inker:open_all_manifest/3:1273 log_ref=i0011 db_id=4 Manifest is empty, starting from manifest SQN 1
2026-09-11 22:49:44.569718+09:00 [info] <0.756.0>@leveled_inker:open_all_manifest/3:1273 log_ref=i0011 db_id=5 Manifest is empty, starting from manifest SQN 1
2026-09-11 22:49:44.569582+09:00 [info] <0.758.0>@leveled_inker:open_all_manifest/3:1273 log_ref=i0011 db_id=2 Manifest is empty, starting from manifest SQN 1
2026-09-11 22:49:44.569695+09:00 [info] <0.753.0>@leveled_inker:open_all_manifest/3:1273 log_ref=i0011 db_id=0 Manifest is empty, starting from manifest SQN 1
2026-09-11 22:49:44.569758+09:00 [info] <0.757.0>@leveled_inker:open_all_manifest/3:1273 log_ref=i0011 db_id=1 Manifest is empty, starting from manifest SQN 1
2026-09-11 22:49:44.569677+09:00 [info] <0.754.0>@leveled_inker:open_all_manifest/3:1273 log_ref=i0011 db_id=6 Manifest is empty, starting from manifest SQN 1
2026-09-11 22:49:44.569865+09:00 [info] <0.755.0>@leveled_inker:open_all_manifest/3:1273 log_ref=i0011 db_id=3 Manifest is empty, starting from manifest SQN 1
2026-09-11 22:49:44.569839+09:00 [info] <0.752.0>@leveled_inker:open_all_manifest/3:1273 log_ref=i0011 db_id=7 Manifest is empty, starting from manifest SQN 1
2026-09-11 22:49:44.622074+09:00 [info] <0.776.0>@leveled_cdb:starting/3:479 log_ref=cdb01 db_id=1 Opening file for writing with filename /var/lib/riak/leveled/182687704666362864775460604089535377456991567872/journal/journal_files/0_de800491-23c1-4fa9-86a1-78e41070b495.pnd
2026-09-11 22:49:44.621797+09:00 [info] <0.772.0>@leveled_cdb:starting/3:479 log_ref=cdb01 db_id=6 Opening file for writing with filename /var/lib/riak/leveled/1096126227998177188652763624537212264741949407232/journal/journal_files/0_67ff1270-9b13-4c51-b971-67912b22a87a.pnd
2026-09-11 22:49:44.621901+09:00 [info] <0.771.0>@leveled_cdb:starting/3:479 log_ref=cdb01 db_id=5 Opening file for writing with filename /var/lib/riak/leveled/913438523331814323877303020447676887284957839360/journal/journal_files/0_dc303a80-0d81-40b9-956a-90aa1f89b1a9.pnd
2026-09-11 22:49:44.621978+09:00 [info] <0.770.0>@leveled_cdb:starting/3:479 log_ref=cdb01 db_id=2 Opening file for writing with filename /var/lib/riak/leveled/365375409332725729550921208179070754913983135744/journal/journal_files/0_a1097ebe-2931-4fe1-bdba-6cd73172f03c.pnd
2026-09-11 22:49:44.622214+09:00 [info] <0.775.0>@leveled_cdb:starting/3:479 log_ref=cdb01 db_id=3 Opening file for writing with filename /var/lib/riak/leveled/548063113999088594326381812268606132370974703616/journal/journal_files/0_562e3003-e3a9-4597-a3c6-d72632d865c9.pnd
2026-09-11 22:49:44.622225+09:00 [info] <0.774.0>@leveled_cdb:starting/3:479 log_ref=cdb01 db_id=7 Opening file for writing with filename /var/lib/riak/leveled/1278813932664540053428224228626747642198940975104/journal/journal_files/0_becfacb2-c883-4885-9fdb-a4d87e6dfc3b.pnd
2026-09-11 22:49:44.622235+09:00 [info] <0.773.0>@leveled_cdb:starting/3:479 log_ref=cdb01 db_id=4 Opening file for writing with filename /var/lib/riak/leveled/730750818665451459101842416358141509827966271488/journal/journal_files/0_77911f57-fe61-4e62-b4b8-f6c2a6600f36.pnd
2026-09-11 22:49:44.622194+09:00 [info] <0.777.0>@leveled_cdb:starting/3:479 log_ref=cdb01 db_id=0 Opening file for writing with filename /var/lib/riak/leveled/0/journal/journal_files/0_1dd22125-7379-4321-837c-d35436c34335.pnd
2026-09-11 22:49:44.625691+09:00 [info] <0.756.0>@leveled_inker:build_manifest/3:1242 log_ref=i0009 db_id=5 Updated manifest on startup:
2026-09-11 22:49:44.626172+09:00 [info] <0.754.0>@leveled_inker:build_manifest/3:1242 log_ref=i0009 db_id=6 Updated manifest on startup:
2026-09-11 22:49:44.625376+09:00 [info] <0.757.0>@leveled_inker:build_manifest/3:1242 log_ref=i0009 db_id=1 Updated manifest on startup:
2026-09-11 22:49:44.626269+09:00 [info] <0.755.0>@leveled_inker:build_manifest/3:1242 log_ref=i0009 db_id=3 Updated manifest on startup:
2026-09-11 22:49:44.626338+09:00 [info] <0.752.0>@leveled_inker:build_manifest/3:1242 log_ref=i0009 db_id=7 Updated manifest on startup:
2026-09-11 22:49:44.626414+09:00 [info] <0.753.0>@leveled_inker:build_manifest/3:1242 log_ref=i0009 db_id=0 Updated manifest on startup:
2026-09-11 22:49:44.626525+09:00 [info] <0.758.0>@leveled_inker:build_manifest/3:1242 log_ref=i0009 db_id=2 Updated manifest on startup:
2026-09-11 22:49:44.626590+09:00 [info] <0.759.0>@leveled_inker:build_manifest/3:1242 log_ref=i0009 db_id=4 Updated manifest on startup:
2026-09-11 22:49:44.632176+09:00 [info] <0.756.0>@leveled_imanifest:writer/3:187 log_ref=i0016 db_id=5 Writing new version of manifest for manifestSQN=2
2026-09-11 22:49:44.632364+09:00 [info] <0.759.0>@leveled_imanifest:writer/3:187 log_ref=i0016 db_id=4 Writing new version of manifest for manifestSQN=2
2026-09-11 22:49:44.633586+09:00 [info] <0.753.0>@leveled_imanifest:writer/3:187 log_ref=i0016 db_id=0 Writing new version of manifest for manifestSQN=2
2026-09-11 22:49:44.633405+09:00 [info] <0.758.0>@leveled_imanifest:writer/3:187 log_ref=i0016 db_id=2 Writing new version of manifest for manifestSQN=2
2026-09-11 22:49:44.634004+09:00 [info] <0.755.0>@leveled_imanifest:writer/3:187 log_ref=i0016 db_id=3 Writing new version of manifest for manifestSQN=2
2026-09-11 22:49:44.633753+09:00 [info] <0.752.0>@leveled_imanifest:writer/3:187 log_ref=i0016 db_id=7 Writing new version of manifest for manifestSQN=2
2026-09-11 22:49:44.635038+09:00 [info] <0.757.0>@leveled_imanifest:writer/3:187 log_ref=i0016 db_id=1 Writing new version of manifest for manifestSQN=2
2026-09-11 22:49:44.635888+09:00 [info] <0.754.0>@leveled_imanifest:writer/3:187 log_ref=i0016 db_id=6 Writing new version of manifest for manifestSQN=2
2026-09-11 22:49:44.658562+09:00 [info] <0.785.0>@leveled_pclerk:clerk_new/3:78 log_ref=pc001 db_id=3 Penciller's clerk <0.786.0> started with owner <0.785.0>
2026-09-11 22:49:44.658667+09:00 [info] <0.784.0>@leveled_pclerk:clerk_new/3:78 log_ref=pc001 db_id=4 Penciller's clerk <0.787.0> started with owner <0.784.0>
2026-09-11 22:49:44.658854+09:00 [info] <0.778.0>@leveled_pclerk:clerk_new/3:78 log_ref=pc001 db_id=1 Penciller's clerk <0.788.0> started with owner <0.778.0>
2026-09-11 22:49:44.658981+09:00 [info] <0.783.0>@leveled_pclerk:clerk_new/3:78 log_ref=pc001 db_id=7 Penciller's clerk <0.789.0> started with owner <0.783.0>
2026-09-11 22:49:44.659112+09:00 [info] <0.782.0>@leveled_pclerk:clerk_new/3:78 log_ref=pc001 db_id=2 Penciller's clerk <0.790.0> started with owner <0.782.0>
2026-09-11 22:49:44.659834+09:00 [info] <0.781.0>@leveled_pclerk:clerk_new/3:78 log_ref=pc001 db_id=6 Penciller's clerk <0.791.0> started with owner <0.781.0>
2026-09-11 22:49:44.659928+09:00 [info] <0.780.0>@leveled_pclerk:clerk_new/3:78 log_ref=pc001 db_id=5 Penciller's clerk <0.792.0> started with owner <0.780.0>
2026-09-11 22:49:44.660079+09:00 [info] <0.779.0>@leveled_pclerk:clerk_new/3:78 log_ref=pc001 db_id=0 Penciller's clerk <0.793.0> started with owner <0.779.0>
2026-09-11 22:49:44.676517+09:00 [info] <0.782.0>@leveled_pmanifest:open_manifestfile/2:1180 log_ref=p0013 db_id=2 Seqence number of 0 indicates no valid manifest
2026-09-11 22:49:44.677155+09:00 [info] <0.779.0>@leveled_pmanifest:open_manifestfile/2:1180 log_ref=p0013 db_id=0 Seqence number of 0 indicates no valid manifest
2026-09-11 22:49:44.689327+09:00 [info] <0.780.0>@leveled_pmanifest:open_manifestfile/2:1180 log_ref=p0013 db_id=5 Seqence number of 0 indicates no valid manifest
2026-09-11 22:49:44.689895+09:00 [info] <0.781.0>@leveled_pmanifest:open_manifestfile/2:1180 log_ref=p0013 db_id=6 Seqence number of 0 indicates no valid manifest
2026-09-11 22:49:44.690024+09:00 [info] <0.780.0>@leveled_penciller:start_from_file/1:1532 log_ref=p0014 db_id=5 Maximum sequence number of 0 found in nonzero levels
2026-09-11 22:49:44.690050+09:00 [info] <0.779.0>@leveled_penciller:start_from_file/1:1532 log_ref=p0014 db_id=0 Maximum sequence number of 0 found in nonzero levels
2026-09-11 22:49:44.690062+09:00 [info] <0.782.0>@leveled_penciller:start_from_file/1:1532 log_ref=p0014 db_id=2 Maximum sequence number of 0 found in nonzero levels
2026-09-11 22:49:44.690136+09:00 [info] <0.781.0>@leveled_penciller:start_from_file/1:1532 log_ref=p0014 db_id=6 Maximum sequence number of 0 found in nonzero levels
2026-09-11 22:49:44.690426+09:00 [info] <0.780.0>@leveled_penciller:start_from_file/1:1534 log_ref=p0035 db_id=5 Startup with Manifest SQN of 0
2026-09-11 22:49:44.690464+09:00 [info] <0.779.0>@leveled_penciller:start_from_file/1:1534 log_ref=p0035 db_id=0 Startup with Manifest SQN of 0
2026-09-11 22:49:44.690480+09:00 [info] <0.782.0>@leveled_penciller:start_from_file/1:1534 log_ref=p0035 db_id=2 Startup with Manifest SQN of 0
2026-09-11 22:49:44.690523+09:00 [info] <0.781.0>@leveled_penciller:start_from_file/1:1534 log_ref=p0035 db_id=6 Startup with Manifest SQN of 0
2026-09-11 22:49:44.694197+09:00 [info] <0.783.0>@leveled_pmanifest:open_manifestfile/2:1180 log_ref=p0013 db_id=7 Seqence number of 0 indicates no valid manifest
2026-09-11 22:49:44.694314+09:00 [info] <0.778.0>@leveled_pmanifest:open_manifestfile/2:1180 log_ref=p0013 db_id=1 Seqence number of 0 indicates no valid manifest
2026-09-11 22:49:44.694390+09:00 [info] <0.783.0>@leveled_penciller:start_from_file/1:1532 log_ref=p0014 db_id=7 Maximum sequence number of 0 found in nonzero levels
2026-09-11 22:49:44.694446+09:00 [info] <0.784.0>@leveled_pmanifest:open_manifestfile/2:1180 log_ref=p0013 db_id=4 Seqence number of 0 indicates no valid manifest
2026-09-11 22:49:44.694483+09:00 [info] <0.778.0>@leveled_penciller:start_from_file/1:1532 log_ref=p0014 db_id=1 Maximum sequence number of 0 found in nonzero levels
2026-09-11 22:49:44.694909+09:00 [info] <0.783.0>@leveled_penciller:start_from_file/1:1534 log_ref=p0035 db_id=7 Startup with Manifest SQN of 0
2026-09-11 22:49:44.694528+09:00 [info] <0.785.0>@leveled_pmanifest:open_manifestfile/2:1180 log_ref=p0013 db_id=3 Seqence number of 0 indicates no valid manifest
2026-09-11 22:49:44.694954+09:00 [info] <0.784.0>@leveled_penciller:start_from_file/1:1532 log_ref=p0014 db_id=4 Maximum sequence number of 0 found in nonzero levels
2026-09-11 22:49:44.694988+09:00 [info] <0.778.0>@leveled_penciller:start_from_file/1:1534 log_ref=p0035 db_id=1 Startup with Manifest SQN of 0
2026-09-11 22:49:44.695209+09:00 [info] <0.785.0>@leveled_penciller:start_from_file/1:1532 log_ref=p0014 db_id=3 Maximum sequence number of 0 found in nonzero levels
2026-09-11 22:49:44.695558+09:00 [info] <0.785.0>@leveled_penciller:start_from_file/1:1534 log_ref=p0035 db_id=3 Startup with Manifest SQN of 0
2026-09-11 22:49:44.695323+09:00 [info] <0.784.0>@leveled_penciller:start_from_file/1:1534 log_ref=p0035 db_id=4 Startup with Manifest SQN of 0
2026-09-11 22:49:44.699937+09:00 [info] <0.780.0>@leveled_penciller:start_from_file/1:1562 log_ref=p0017 db_id=5 No L0 file found
2026-09-11 22:49:44.700083+09:00 [info] <0.779.0>@leveled_penciller:start_from_file/1:1562 log_ref=p0017 db_id=0 No L0 file found
2026-09-11 22:49:44.704594+09:00 [info] <0.782.0>@leveled_penciller:start_from_file/1:1562 log_ref=p0017 db_id=2 No L0 file found
2026-09-11 22:49:44.704725+09:00 [info] <0.781.0>@leveled_penciller:start_from_file/1:1562 log_ref=p0017 db_id=6 No L0 file found
2026-09-11 22:49:44.705817+09:00 [info] <0.735.0>@leveled_bookie:startup/2:2017 log_ref=b0005 db_id=0 LedgerSQN=0 at startup
2026-09-11 22:49:44.705950+09:00 [info] <0.740.0>@leveled_bookie:startup/2:2017 log_ref=b0005 db_id=5 LedgerSQN=0 at startup
2026-09-11 22:49:44.706958+09:00 [info] <0.741.0>@leveled_bookie:startup/2:2017 log_ref=b0005 db_id=2 LedgerSQN=0 at startup
2026-09-11 22:49:44.708651+09:00 [info] <0.783.0>@leveled_penciller:start_from_file/1:1562 log_ref=p0017 db_id=7 No L0 file found
2026-09-11 22:49:44.710755+09:00 [info] <0.737.0>@leveled_bookie:startup/2:2017 log_ref=b0005 db_id=6 LedgerSQN=0 at startup
2026-09-11 22:49:44.712027+09:00 [info] <0.778.0>@leveled_penciller:start_from_file/1:1562 log_ref=p0017 db_id=1 No L0 file found
2026-09-11 22:49:44.713969+09:00 [info] <0.785.0>@leveled_penciller:start_from_file/1:1562 log_ref=p0017 db_id=3 No L0 file found
2026-09-11 22:49:44.715592+09:00 [info] <0.784.0>@leveled_penciller:start_from_file/1:1562 log_ref=p0017 db_id=4 No L0 file found
2026-09-11 22:49:44.717880+09:00 [info] <0.756.0>@leveled_bookie:startup/2:2028 log_ref=i0014 db_id=5 On startup loading from filename /var/lib/riak/leveled/913438523331814323877303020447676887284957839360/journal/journal_files/0_dc303a80-0d81-40b9-956a-90aa1f89b1a9 from SQN 1
2026-09-11 22:49:44.717624+09:00 [info] <0.754.0>@leveled_bookie:startup/2:2028 log_ref=i0014 db_id=6 On startup loading from filename /var/lib/riak/leveled/1096126227998177188652763624537212264741949407232/journal/journal_files/0_67ff1270-9b13-4c51-b971-67912b22a87a from SQN 1
2026-09-11 22:49:44.718054+09:00 [info] <0.753.0>@leveled_bookie:startup/2:2028 log_ref=i0014 db_id=0 On startup loading from filename /var/lib/riak/leveled/0/journal/journal_files/0_1dd22125-7379-4321-837c-d35436c34335 from SQN 1
2026-09-11 22:49:44.718149+09:00 [info] <0.758.0>@leveled_bookie:startup/2:2028 log_ref=i0014 db_id=2 On startup loading from filename /var/lib/riak/leveled/365375409332725729550921208179070754913983135744/journal/journal_files/0_a1097ebe-2931-4fe1-bdba-6cd73172f03c from SQN 1
2026-09-11 22:49:44.718379+09:00 [info] <0.736.0>@leveled_bookie:startup/2:2017 log_ref=b0005 db_id=7 LedgerSQN=0 at startup
2026-09-11 22:49:44.718525+09:00 [info] <0.740.0>@leveled_bookie:init/1:1428 log_ref=b0001 db_id=5 Bookie starting with Ink <0.756.0> Pcl <0.780.0>
2026-09-11 22:49:44.718716+09:00 [info] <0.741.0>@leveled_bookie:init/1:1428 log_ref=b0001 db_id=2 Bookie starting with Ink <0.758.0> Pcl <0.782.0>
2026-09-11 22:49:44.718890+09:00 [info] <0.738.0>@leveled_bookie:startup/2:2017 log_ref=b0005 db_id=3 LedgerSQN=0 at startup
2026-09-11 22:49:44.718996+09:00 [info] <0.752.0>@leveled_bookie:startup/2:2028 log_ref=i0014 db_id=7 On startup loading from filename /var/lib/riak/leveled/1278813932664540053428224228626747642198940975104/journal/journal_files/0_becfacb2-c883-4885-9fdb-a4d87e6dfc3b from SQN 1
2026-09-11 22:49:44.719113+09:00 [info] <0.735.0>@leveled_bookie:init/1:1428 log_ref=b0001 db_id=0 Bookie starting with Ink <0.753.0> Pcl <0.779.0>
2026-09-11 22:49:44.719258+09:00 [info] <0.736.0>@leveled_bookie:init/1:1428 log_ref=b0001 db_id=7 Bookie starting with Ink <0.752.0> Pcl <0.783.0>
2026-09-11 22:49:44.719623+09:00 [info] <0.739.0>@leveled_bookie:startup/2:2017 log_ref=b0005 db_id=1 LedgerSQN=0 at startup
2026-09-11 22:49:44.719743+09:00 [info] <0.737.0>@leveled_bookie:init/1:1428 log_ref=b0001 db_id=6 Bookie starting with Ink <0.754.0> Pcl <0.781.0>
2026-09-11 22:49:44.719851+09:00 [info] <0.755.0>@leveled_bookie:startup/2:2028 log_ref=i0014 db_id=3 On startup loading from filename /var/lib/riak/leveled/548063113999088594326381812268606132370974703616/journal/journal_files/0_562e3003-e3a9-4597-a3c6-d72632d865c9 from SQN 1
2026-09-11 22:49:44.719937+09:00 [info] <0.757.0>@leveled_bookie:startup/2:2028 log_ref=i0014 db_id=1 On startup loading from filename /var/lib/riak/leveled/182687704666362864775460604089535377456991567872/journal/journal_files/0_de800491-23c1-4fa9-86a1-78e41070b495 from SQN 1
2026-09-11 22:49:44.720750+09:00 [info] <0.739.0>@leveled_bookie:init/1:1428 log_ref=b0001 db_id=1 Bookie starting with Ink <0.757.0> Pcl <0.778.0>
2026-09-11 22:49:44.720952+09:00 [info] <0.738.0>@leveled_bookie:init/1:1428 log_ref=b0001 db_id=3 Bookie starting with Ink <0.755.0> Pcl <0.785.0>
2026-09-11 22:49:44.719408+09:00 [info] <0.734.0>@leveled_bookie:startup/2:2017 log_ref=b0005 db_id=4 LedgerSQN=0 at startup
2026-09-11 22:49:44.727077+09:00 [info] <0.712.0>@riak_kv_leveled_backend:schedule_journalcompaction/4:903 Schedule compaction for interval 2903 on partition 548063113999088594326381812268606132370974703616
2026-09-11 22:49:44.727091+09:00 [info] <0.710.0>@riak_kv_leveled_backend:schedule_journalcompaction/4:903 Schedule compaction for interval 1970 on partition 182687704666362864775460604089535377456991567872
2026-09-11 22:49:44.727324+09:00 [info] <0.714.0>@riak_kv_leveled_backend:schedule_journalcompaction/4:903 Schedule compaction for interval 6782 on partition 913438523331814323877303020447676887284957839360
2026-09-11 22:49:44.727519+09:00 [info] <0.759.0>@leveled_bookie:startup/2:2028 log_ref=i0014 db_id=4 On startup loading from filename /var/lib/riak/leveled/730750818665451459101842416358141509827966271488/journal/journal_files/0_77911f57-fe61-4e62-b4b8-f6c2a6600f36 from SQN 1
2026-09-11 22:49:44.728088+09:00 [info] <0.734.0>@leveled_bookie:init/1:1428 log_ref=b0001 db_id=4 Bookie starting with Ink <0.759.0> Pcl <0.784.0>
2026-09-11 22:49:44.729160+09:00 [info] <0.713.0>@riak_kv_leveled_backend:schedule_journalcompaction/4:903 Schedule compaction for interval 807 on partition 730750818665451459101842416358141509827966271488
2026-09-11 22:49:44.729651+09:00 [info] <0.715.0>@riak_kv_leveled_backend:schedule_journalcompaction/4:903 Schedule compaction for interval 1161 on partition 1096126227998177188652763624537212264741949407232
2026-09-11 22:49:44.729594+09:00 [info] <0.711.0>@riak_kv_leveled_backend:schedule_journalcompaction/4:903 Schedule compaction for interval 10160 on partition 365375409332725729550921208179070754913983135744
2026-09-11 22:49:44.729609+09:00 [info] <0.709.0>@riak_kv_leveled_backend:schedule_journalcompaction/4:903 Schedule compaction for interval 9092 on partition 0
2026-09-11 22:49:44.729614+09:00 [info] <0.716.0>@riak_kv_leveled_backend:schedule_journalcompaction/4:903 Schedule compaction for interval 5802 on partition 1278813932664540053428224228626747642198940975104
2026-09-11 22:49:44.880587+09:00 [info] <0.805.0>@aae_controller:init/1:674 log_ref=aae02 Native KeyStore type leveled_nko startup request
2026-09-11 22:49:44.880679+09:00 [info] <0.804.0>@aae_controller:init/1:674 log_ref=aae02 Native KeyStore type leveled_nko startup request
2026-09-11 22:49:44.880760+09:00 [info] <0.803.0>@aae_controller:init/1:674 log_ref=aae02 Native KeyStore type leveled_nko startup request
2026-09-11 22:49:44.880827+09:00 [info] <0.807.0>@aae_controller:init/1:674 log_ref=aae02 Native KeyStore type leveled_nko startup request
2026-09-11 22:49:44.880889+09:00 [info] <0.808.0>@aae_controller:init/1:674 log_ref=aae02 Native KeyStore type leveled_nko startup request
2026-09-11 22:49:44.880591+09:00 [info] <0.802.0>@aae_controller:init/1:674 log_ref=aae02 Native KeyStore type leveled_nko startup request
2026-09-11 22:49:44.880679+09:00 [info] <0.806.0>@aae_controller:init/1:674 log_ref=aae02 Native KeyStore type leveled_nko startup request
2026-09-11 22:49:44.885326+09:00 [warning] <0.810.0>@aae_keystore:open_manifest/1:1526 log_ref=ks002 No valid manifest found for AAE keystore at /var/lib/riak/tictac_aae/1096126227998177188652763624537212264741949407232/leveled_nko/keystore reason not_present
2026-09-11 22:49:44.885453+09:00 [warning] <0.816.0>@aae_keystore:open_manifest/1:1526 log_ref=ks002 No valid manifest found for AAE keystore at /var/lib/riak/tictac_aae/913438523331814323877303020447676887284957839360/leveled_nko/keystore reason not_present
2026-09-11 22:49:44.885536+09:00 [warning] <0.815.0>@aae_keystore:open_manifest/1:1526 log_ref=ks002 No valid manifest found for AAE keystore at /var/lib/riak/tictac_aae/730750818665451459101842416358141509827966271488/leveled_nko/keystore reason not_present
2026-09-11 22:49:44.885613+09:00 [warning] <0.814.0>@aae_keystore:open_manifest/1:1526 log_ref=ks002 No valid manifest found for AAE keystore at /var/lib/riak/tictac_aae/365375409332725729550921208179070754913983135744/leveled_nko/keystore reason not_present
2026-09-11 22:49:44.885682+09:00 [warning] <0.813.0>@aae_keystore:open_manifest/1:1526 log_ref=ks002 No valid manifest found for AAE keystore at /var/lib/riak/tictac_aae/0/leveled_nko/keystore reason not_present
2026-09-11 22:49:44.885752+09:00 [warning] <0.812.0>@aae_keystore:open_manifest/1:1526 log_ref=ks002 No valid manifest found for AAE keystore at /var/lib/riak/tictac_aae/182687704666362864775460604089535377456991567872/leveled_nko/keystore reason not_present
2026-09-11 22:49:44.885826+09:00 [warning] <0.811.0>@aae_keystore:open_manifest/1:1526 log_ref=ks002 No valid manifest found for AAE keystore at /var/lib/riak/tictac_aae/1278813932664540053428224228626747642198940975104/leveled_nko/keystore reason not_present
2026-09-11 22:49:44.886372+09:00 [info] <0.809.0>@aae_controller:init/1:674 log_ref=aae02 Native KeyStore type leveled_nko startup request
2026-09-11 22:49:44.888507+09:00 [warning] <0.817.0>@aae_keystore:open_manifest/1:1526 log_ref=ks002 No valid manifest found for AAE keystore at /var/lib/riak/tictac_aae/548063113999088594326381812268606132370974703616/leveled_nko/keystore reason not_present
2026-09-11 22:49:44.933469+09:00 [info] <0.823.0>@aae_treecache:init/1:224 log_ref=c0005 Starting cache with is_restored=false and IndexN of {365375409332725729550921208179070754913983135744,3}
2026-09-11 22:49:44.933623+09:00 [info] <0.821.0>@aae_treecache:init/1:224 log_ref=c0005 Starting cache with is_restored=false and IndexN of {1096126227998177188652763624537212264741949407232,3}
2026-09-11 22:49:44.933704+09:00 [info] <0.820.0>@aae_treecache:init/1:224 log_ref=c0005 Starting cache with is_restored=false and IndexN of {1278813932664540053428224228626747642198940975104,3}
2026-09-11 22:49:44.933799+09:00 [info] <0.819.0>@aae_treecache:init/1:224 log_ref=c0005 Starting cache with is_restored=false and IndexN of {913438523331814323877303020447676887284957839360,3}
2026-09-11 22:49:44.933086+09:00 [info] <0.818.0>@aae_treecache:init/1:224 log_ref=c0005 Starting cache with is_restored=false and IndexN of {548063113999088594326381812268606132370974703616,3}
2026-09-11 22:49:44.933262+09:00 [info] <0.825.0>@aae_treecache:init/1:224 log_ref=c0005 Starting cache with is_restored=false and IndexN of {730750818665451459101842416358141509827966271488,3}
2026-09-11 22:49:44.933356+09:00 [info] <0.824.0>@aae_treecache:init/1:224 log_ref=c0005 Starting cache with is_restored=false and IndexN of {182687704666362864775460604089535377456991567872,3}
2026-09-11 22:49:44.933402+09:00 [info] <0.822.0>@aae_treecache:init/1:224 log_ref=c0005 Starting cache with is_restored=false and IndexN of {0,3}
2026-09-11 22:49:44.942912+09:00 [info] <0.826.0>@aae_treecache:init/1:224 log_ref=c0005 Starting cache with is_restored=false and IndexN of {548063113999088594326381812268606132370974703616,3}
2026-09-11 22:49:44.944627+09:00 [info] <0.827.0>@aae_treecache:init/1:224 log_ref=c0005 Starting cache with is_restored=false and IndexN of {1278813932664540053428224228626747642198940975104,3}
2026-09-11 22:49:44.945244+09:00 [info] <0.828.0>@aae_treecache:init/1:224 log_ref=c0005 Starting cache with is_restored=false and IndexN of {0,3}
2026-09-11 22:49:44.947148+09:00 [info] <0.829.0>@aae_treecache:init/1:224 log_ref=c0005 Starting cache with is_restored=false and IndexN of {1096126227998177188652763624537212264741949407232,3}
2026-09-11 22:49:44.950404+09:00 [info] <0.830.0>@aae_treecache:init/1:224 log_ref=c0005 Starting cache with is_restored=false and IndexN of {730750818665451459101842416358141509827966271488,3}
2026-09-11 22:49:44.951711+09:00 [info] <0.831.0>@aae_treecache:init/1:224 log_ref=c0005 Starting cache with is_restored=false and IndexN of {913438523331814323877303020447676887284957839360,3}
2026-09-11 22:49:44.954645+09:00 [info] <0.832.0>@aae_treecache:init/1:224 log_ref=c0005 Starting cache with is_restored=false and IndexN of {365375409332725729550921208179070754913983135744,3}
2026-09-11 22:49:44.958321+09:00 [info] <0.833.0>@aae_treecache:init/1:224 log_ref=c0005 Starting cache with is_restored=false and IndexN of {182687704666362864775460604089535377456991567872,3}
2026-09-11 22:49:44.966274+09:00 [info] <0.834.0>@aae_treecache:init/1:224 log_ref=c0005 Starting cache with is_restored=false and IndexN of {730750818665451459101842416358141509827966271488,3}
2026-09-11 22:49:44.968730+09:00 [info] <0.835.0>@aae_treecache:init/1:224 log_ref=c0005 Starting cache with is_restored=false and IndexN of {0,3}
2026-09-11 22:49:44.970899+09:00 [info] <0.836.0>@aae_treecache:init/1:224 log_ref=c0005 Starting cache with is_restored=false and IndexN of {182687704666362864775460604089535377456991567872,3}
2026-09-11 22:49:44.974672+09:00 [info] <0.837.0>@aae_treecache:init/1:224 log_ref=c0005 Starting cache with is_restored=false and IndexN of {1278813932664540053428224228626747642198940975104,3}
2026-09-11 22:49:44.975032+09:00 [info] <0.838.0>@aae_treecache:init/1:224 log_ref=c0005 Starting cache with is_restored=false and IndexN of {913438523331814323877303020447676887284957839360,3}
2026-09-11 22:49:44.976400+09:00 [info] <0.839.0>@aae_treecache:init/1:224 log_ref=c0005 Starting cache with is_restored=false and IndexN of {1096126227998177188652763624537212264741949407232,3}
2026-09-11 22:49:44.977359+09:00 [info] <0.840.0>@aae_treecache:init/1:224 log_ref=c0005 Starting cache with is_restored=false and IndexN of {548063113999088594326381812268606132370974703616,3}
2026-09-11 22:49:44.978026+09:00 [info] <0.841.0>@aae_treecache:init/1:224 log_ref=c0005 Starting cache with is_restored=false and IndexN of {365375409332725729550921208179070754913983135744,3}
2026-09-11 22:49:44.978872+09:00 [info] <0.803.0>@aae_controller:init/1:719 log_ref=aae10 AAE controller started with IndexNs [{1278813932664540053428224228626747642198940975104,3},{0,3},{182687704666362864775460604089535377456991567872,3}] and StoreType {native,leveled_nko,<0.739.0>}
2026-09-11 22:49:44.978955+09:00 [info] <0.802.0>@aae_controller:init/1:719 log_ref=aae10 AAE controller started with IndexNs [{365375409332725729550921208179070754913983135744,3},{548063113999088594326381812268606132370974703616,3},{730750818665451459101842416358141509827966271488,3}] and StoreType {native,leveled_nko,<0.734.0>}
2026-09-11 22:49:44.978872+09:00 [info] <0.807.0>@aae_controller:init/1:719 log_ref=aae10 AAE controller started with IndexNs [{1096126227998177188652763624537212264741949407232,3},{1278813932664540053428224228626747642198940975104,3},{0,3}] and StoreType {native,leveled_nko,<0.735.0>}
2026-09-11 22:49:44.979025+09:00 [info] <0.808.0>@aae_controller:init/1:719 log_ref=aae10 AAE controller started with IndexNs [{0,3},{182687704666362864775460604089535377456991567872,3},{365375409332725729550921208179070754913983135744,3}] and StoreType {native,leveled_nko,<0.741.0>}
2026-09-11 22:49:44.979109+09:00 [info] <0.710.0>@riak_kv_vnode:maybe_start_aaecontroller/2:415 AAE Controller started with pid=<0.803.0>
2026-09-11 22:49:44.979176+09:00 [info] <0.713.0>@riak_kv_vnode:maybe_start_aaecontroller/2:415 AAE Controller started with pid=<0.802.0>
2026-09-11 22:49:44.979234+09:00 [info] <0.709.0>@riak_kv_vnode:maybe_start_aaecontroller/2:415 AAE Controller started with pid=<0.807.0>
2026-09-11 22:49:44.979144+09:00 [info] <0.804.0>@aae_controller:init/1:719 log_ref=aae10 AAE controller started with IndexNs [{913438523331814323877303020447676887284957839360,3},{1096126227998177188652763624537212264741949407232,3},{1278813932664540053428224228626747642198940975104,3}] and StoreType {native,leveled_nko,<0.736.0>}
2026-09-11 22:49:44.979206+09:00 [info] <0.806.0>@aae_controller:init/1:719 log_ref=aae10 AAE controller started with IndexNs [{548063113999088594326381812268606132370974703616,3},{730750818665451459101842416358141509827966271488,3},{913438523331814323877303020447676887284957839360,3}] and StoreType {native,leveled_nko,<0.740.0>}
2026-09-11 22:49:44.979265+09:00 [info] <0.805.0>@aae_controller:init/1:719 log_ref=aae10 AAE controller started with IndexNs [{730750818665451459101842416358141509827966271488,3},{913438523331814323877303020447676887284957839360,3},{1096126227998177188652763624537212264741949407232,3}] and StoreType {native,leveled_nko,<0.737.0>}
2026-09-11 22:49:44.979411+09:00 [info] <0.714.0>@riak_kv_vnode:maybe_start_aaecontroller/2:415 AAE Controller started with pid=<0.806.0>
2026-09-11 22:49:44.979432+09:00 [info] <0.715.0>@riak_kv_vnode:maybe_start_aaecontroller/2:415 AAE Controller started with pid=<0.805.0>
2026-09-11 22:49:44.979377+09:00 [info] <0.711.0>@riak_kv_vnode:maybe_start_aaecontroller/2:415 AAE Controller started with pid=<0.808.0>
2026-09-11 22:49:44.979391+09:00 [info] <0.716.0>@riak_kv_vnode:maybe_start_aaecontroller/2:415 AAE Controller started with pid=<0.804.0>
2026-09-11 22:49:44.978968+09:00 [info] <0.809.0>@aae_controller:init/1:719 log_ref=aae10 AAE controller started with IndexNs [{182687704666362864775460604089535377456991567872,3},{365375409332725729550921208179070754913983135744,3},{548063113999088594326381812268606132370974703616,3}] and StoreType {native,leveled_nko,<0.738.0>}
2026-09-11 22:49:44.980258+09:00 [info] <0.712.0>@riak_kv_vnode:maybe_start_aaecontroller/2:415 AAE Controller started with pid=<0.809.0>
2026-09-11 22:49:44.994522+09:00 [info] <0.704.0>@riak_core_vnode_manager:get_vnode/3:743 VNode initialization ready <0.712.0> 548063113999088594326381812268606132370974703616 riak_kv_vnode
2026-09-11 22:49:44.994676+09:00 [info] <0.702.0>@riak_core_vnode_manager:get_vnode/3:743 VNode initialization ready <0.710.0> 182687704666362864775460604089535377456991567872 riak_kv_vnode
2026-09-11 22:49:44.995061+09:00 [info] <0.708.0>@riak_core_vnode_manager:get_vnode/3:743 VNode initialization ready <0.716.0> 1278813932664540053428224228626747642198940975104 riak_kv_vnode
2026-09-11 22:49:44.995487+09:00 [info] <0.703.0>@riak_core_vnode_manager:get_vnode/3:743 VNode initialization ready <0.711.0> 365375409332725729550921208179070754913983135744 riak_kv_vnode
2026-09-11 22:49:44.995868+09:00 [info] <0.707.0>@riak_core_vnode_manager:get_vnode/3:743 VNode initialization ready <0.715.0> 1096126227998177188652763624537212264741949407232 riak_kv_vnode
2026-09-11 22:49:44.996241+09:00 [info] <0.706.0>@riak_core_vnode_manager:get_vnode/3:743 VNode initialization ready <0.714.0> 913438523331814323877303020447676887284957839360 riak_kv_vnode
2026-09-11 22:49:45.000072+09:00 [info] <0.705.0>@riak_core_vnode_manager:get_vnode/3:743 VNode initialization ready <0.713.0> 730750818665451459101842416358141509827966271488 riak_kv_vnode
2026-09-11 22:49:45.017896+09:00 [info] <0.701.0>@riak_core_vnode_manager:get_vnode/3:743 VNode initialization ready <0.709.0> 0 riak_kv_vnode
2026-09-11 22:49:45.018107+09:00 [info] <0.914.0>@riak_core_vnode_manager:get_vnode/3:733 Will start VNode for partition 182687704666362864775460604089535377456991567872 riak_pipe_vnode
2026-09-11 22:49:45.019011+09:00 [info] <0.914.0>@riak_core_vnode_manager:get_vnode/3:743 VNode initialization ready <0.915.0> 182687704666362864775460604089535377456991567872 riak_pipe_vnode
2026-09-11 22:49:45.019220+09:00 [info] <0.917.0>@riak_core_vnode_manager:get_vnode/3:733 Will start VNode for partition 365375409332725729550921208179070754913983135744 riak_pipe_vnode
2026-09-11 22:49:45.019838+09:00 [info] <0.917.0>@riak_core_vnode_manager:get_vnode/3:743 VNode initialization ready <0.918.0> 365375409332725729550921208179070754913983135744 riak_pipe_vnode
2026-09-11 22:49:45.020006+09:00 [info] <0.920.0>@riak_core_vnode_manager:get_vnode/3:733 Will start VNode for partition 548063113999088594326381812268606132370974703616 riak_pipe_vnode
2026-09-11 22:49:45.020707+09:00 [info] <0.920.0>@riak_core_vnode_manager:get_vnode/3:743 VNode initialization ready <0.921.0> 548063113999088594326381812268606132370974703616 riak_pipe_vnode
2026-09-11 22:49:45.020891+09:00 [info] <0.923.0>@riak_core_vnode_manager:get_vnode/3:733 Will start VNode for partition 730750818665451459101842416358141509827966271488 riak_pipe_vnode
2026-09-11 22:49:45.024869+09:00 [info] <0.391.0>@riak_core:wait_for_service/2:492 Wait complete for service riak_kv (9 seconds)
2026-09-11 22:49:45.024956+09:00 [info] <0.609.0>@riak_core:wait_for_service/2:492 Wait complete for service riak_kv (8 seconds)
2026-09-11 22:49:45.025898+09:00 [info] <0.923.0>@riak_core_vnode_manager:get_vnode/3:743 VNode initialization ready <0.924.0> 730750818665451459101842416358141509827966271488 riak_pipe_vnode
2026-09-11 22:49:45.026516+09:00 [info] <0.926.0>@riak_core_vnode_manager:get_vnode/3:733 Will start VNode for partition 913438523331814323877303020447676887284957839360 riak_pipe_vnode
2026-09-11 22:49:45.026992+09:00 [info] <0.926.0>@riak_core_vnode_manager:get_vnode/3:743 VNode initialization ready <0.927.0> 913438523331814323877303020447676887284957839360 riak_pipe_vnode
2026-09-11 22:49:45.027174+09:00 [info] <0.929.0>@riak_core_vnode_manager:get_vnode/3:733 Will start VNode for partition 1096126227998177188652763624537212264741949407232 riak_pipe_vnode
2026-09-11 22:49:45.027603+09:00 [info] <0.929.0>@riak_core_vnode_manager:get_vnode/3:743 VNode initialization ready <0.930.0> 1096126227998177188652763624537212264741949407232 riak_pipe_vnode
2026-09-11 22:49:45.027782+09:00 [info] <0.932.0>@riak_core_vnode_manager:get_vnode/3:733 Will start VNode for partition 1278813932664540053428224228626747642198940975104 riak_pipe_vnode
2026-09-11 22:49:45.028171+09:00 [info] <0.932.0>@riak_core_vnode_manager:get_vnode/3:743 VNode initialization ready <0.933.0> 1278813932664540053428224228626747642198940975104 riak_pipe_vnode
2026-09-11 22:49:45.039498+09:00 [info] <0.248.0>@riak_core_capability:process_capability_changes/2:557 New capability: {riak_repl,bloom_fold} = true
2026-09-11 22:49:45.043903+09:00 [info] <0.248.0>@riak_core_capability:process_capability_changes/2:557 New capability: {riak_repl,rtq_meta} = true
2026-09-11 22:49:45.048794+09:00 [info] <0.248.0>@riak_core_capability:process_capability_changes/2:557 New capability: {riak_repl,default_bucket_props_hash} = [consistent,datatype,n_val,write_once]
2026-09-11 22:49:45.080209+09:00 [info] <0.609.0>@riak_repl_app:start/2:70 REPL CS block skip disabled
2026-09-11 22:49:45.090276+09:00 [info] <0.935.0>@supervisor:report_progress/2:1582 Supervisor: {local,riak_repl_sup}. Started: id=riak_repl_client_sup,pid=<0.936.0>.
2026-09-11 22:49:45.093336+09:00 [info] <0.935.0>@supervisor:report_progress/2:1582 Supervisor: {local,riak_repl_sup}. Started: id=riak_repl_server_sup,pid=<0.937.0>.
2026-09-11 22:49:45.101168+09:00 [info] <0.935.0>@supervisor:report_progress/2:1582 Supervisor: {local,riak_repl_sup}. Started: id=riak_repl_leader,pid=<0.938.0>.
2026-09-11 22:49:45.119109+09:00 [info] <0.935.0>@supervisor:report_progress/2:1582 Supervisor: {local,riak_repl_sup}. Started: id=riak_repl2_leader,pid=<0.941.0>.
2026-09-11 22:49:45.179858+09:00 [info] <0.943.0>@riak_core_service_mgr:start_link/1:111 Starting Core Service Manager at {"127.0.0.1",9080}
2026-09-11 22:49:45.211920+09:00 [info] <0.941.0>@riak_repl2_leader:become_leader/2:217 Leader2: 'openriak-kv@node-02.cluster-a.openriak' elected as replication leader
2026-09-11 22:49:45.262380+09:00 [info] <0.947.0>@supervisor:report_progress/2:1582 Supervisor: {<0.947.0>,ranch_conns_sup_sup}. Started: id={ranch_conns_sup,1},pid=<0.948.0>.
2026-09-11 22:49:45.264775+09:00 [info] <0.947.0>@supervisor:report_progress/2:1582 Supervisor: {<0.947.0>,ranch_conns_sup_sup}. Started: id={ranch_conns_sup,2},pid=<0.949.0>.
2026-09-11 22:49:45.267003+09:00 [info] <0.947.0>@supervisor:report_progress/2:1582 Supervisor: {<0.947.0>,ranch_conns_sup_sup}. Started: id={ranch_conns_sup,3},pid=<0.950.0>.
2026-09-11 22:49:45.267316+09:00 [info] <0.947.0>@supervisor:report_progress/2:1582 Supervisor: {<0.947.0>,ranch_conns_sup_sup}. Started: id={ranch_conns_sup,4},pid=<0.951.0>.
2026-09-11 22:49:45.267418+09:00 [info] <0.947.0>@supervisor:report_progress/2:1582 Supervisor: {<0.947.0>,ranch_conns_sup_sup}. Started: id={ranch_conns_sup,5},pid=<0.952.0>.
2026-09-11 22:49:45.267561+09:00 [info] <0.947.0>@supervisor:report_progress/2:1582 Supervisor: {<0.947.0>,ranch_conns_sup_sup}. Started: id={ranch_conns_sup,6},pid=<0.953.0>.
2026-09-11 22:49:45.267643+09:00 [info] <0.947.0>@supervisor:report_progress/2:1582 Supervisor: {<0.947.0>,ranch_conns_sup_sup}. Started: id={ranch_conns_sup,7},pid=<0.954.0>.
2026-09-11 22:49:45.267751+09:00 [info] <0.947.0>@supervisor:report_progress/2:1582 Supervisor: {<0.947.0>,ranch_conns_sup_sup}. Started: id={ranch_conns_sup,8},pid=<0.955.0>.
2026-09-11 22:49:45.267824+09:00 [info] <0.947.0>@supervisor:report_progress/2:1582 Supervisor: {<0.947.0>,ranch_conns_sup_sup}. Started: id={ranch_conns_sup,9},pid=<0.956.0>.
2026-09-11 22:49:45.267948+09:00 [info] <0.947.0>@supervisor:report_progress/2:1582 Supervisor: {<0.947.0>,ranch_conns_sup_sup}. Started: id={ranch_conns_sup,10},pid=<0.957.0>.
2026-09-11 22:49:45.268035+09:00 [info] <0.947.0>@supervisor:report_progress/2:1582 Supervisor: {<0.947.0>,ranch_conns_sup_sup}. Started: id={ranch_conns_sup,11},pid=<0.958.0>.
2026-09-11 22:49:45.268830+09:00 [info] <0.947.0>@supervisor:report_progress/2:1582 Supervisor: {<0.947.0>,ranch_conns_sup_sup}. Started: id={ranch_conns_sup,12},pid=<0.959.0>.
2026-09-11 22:49:45.268917+09:00 [info] <0.947.0>@supervisor:report_progress/2:1582 Supervisor: {<0.947.0>,ranch_conns_sup_sup}. Started: id={ranch_conns_sup,13},pid=<0.960.0>.
2026-09-11 22:49:45.269028+09:00 [info] <0.947.0>@supervisor:report_progress/2:1582 Supervisor: {<0.947.0>,ranch_conns_sup_sup}. Started: id={ranch_conns_sup,14},pid=<0.961.0>.
2026-09-11 22:49:45.269098+09:00 [info] <0.947.0>@supervisor:report_progress/2:1582 Supervisor: {<0.947.0>,ranch_conns_sup_sup}. Started: id={ranch_conns_sup,15},pid=<0.962.0>.
2026-09-11 22:49:45.269172+09:00 [info] <0.947.0>@supervisor:report_progress/2:1582 Supervisor: {<0.947.0>,ranch_conns_sup_sup}. Started: id={ranch_conns_sup,16},pid=<0.963.0>.
2026-09-11 22:49:45.269240+09:00 [info] <0.947.0>@supervisor:report_progress/2:1582 Supervisor: {<0.947.0>,ranch_conns_sup_sup}. Started: id={ranch_conns_sup,17},pid=<0.964.0>.
2026-09-11 22:49:45.269346+09:00 [info] <0.947.0>@supervisor:report_progress/2:1582 Supervisor: {<0.947.0>,ranch_conns_sup_sup}. Started: id={ranch_conns_sup,18},pid=<0.965.0>.
2026-09-11 22:49:45.269412+09:00 [info] <0.947.0>@supervisor:report_progress/2:1582 Supervisor: {<0.947.0>,ranch_conns_sup_sup}. Started: id={ranch_conns_sup,19},pid=<0.966.0>.
2026-09-11 22:49:45.269487+09:00 [info] <0.947.0>@supervisor:report_progress/2:1582 Supervisor: {<0.947.0>,ranch_conns_sup_sup}. Started: id={ranch_conns_sup,20},pid=<0.967.0>.
2026-09-11 22:49:45.269571+09:00 [info] <0.947.0>@supervisor:report_progress/2:1582 Supervisor: {<0.947.0>,ranch_conns_sup_sup}. Started: id={ranch_conns_sup,21},pid=<0.968.0>.
2026-09-11 22:49:45.269677+09:00 [info] <0.947.0>@supervisor:report_progress/2:1582 Supervisor: {<0.947.0>,ranch_conns_sup_sup}. Started: id={ranch_conns_sup,22},pid=<0.969.0>.
2026-09-11 22:49:45.269743+09:00 [info] <0.947.0>@supervisor:report_progress/2:1582 Supervisor: {<0.947.0>,ranch_conns_sup_sup}. Started: id={ranch_conns_sup,23},pid=<0.970.0>.
2026-09-11 22:49:45.269817+09:00 [info] <0.947.0>@supervisor:report_progress/2:1582 Supervisor: {<0.947.0>,ranch_conns_sup_sup}. Started: id={ranch_conns_sup,24},pid=<0.971.0>.
2026-09-11 22:49:45.269888+09:00 [info] <0.947.0>@supervisor:report_progress/2:1582 Supervisor: {<0.947.0>,ranch_conns_sup_sup}. Started: id={ranch_conns_sup,25},pid=<0.972.0>.
2026-09-11 22:49:45.270014+09:00 [info] <0.947.0>@supervisor:report_progress/2:1582 Supervisor: {<0.947.0>,ranch_conns_sup_sup}. Started: id={ranch_conns_sup,26},pid=<0.973.0>.
2026-09-11 22:49:45.270081+09:00 [info] <0.947.0>@supervisor:report_progress/2:1582 Supervisor: {<0.947.0>,ranch_conns_sup_sup}. Started: id={ranch_conns_sup,27},pid=<0.974.0>.
2026-09-11 22:49:45.272880+09:00 [info] <0.947.0>@supervisor:report_progress/2:1582 Supervisor: {<0.947.0>,ranch_conns_sup_sup}. Started: id={ranch_conns_sup,28},pid=<0.975.0>.
2026-09-11 22:49:45.273304+09:00 [info] <0.947.0>@supervisor:report_progress/2:1582 Supervisor: {<0.947.0>,ranch_conns_sup_sup}. Started: id={ranch_conns_sup,29},pid=<0.976.0>.
2026-09-11 22:49:45.275664+09:00 [info] <0.947.0>@supervisor:report_progress/2:1582 Supervisor: {<0.947.0>,ranch_conns_sup_sup}. Started: id={ranch_conns_sup,30},pid=<0.977.0>.
2026-09-11 22:49:45.275819+09:00 [info] <0.947.0>@supervisor:report_progress/2:1582 Supervisor: {<0.947.0>,ranch_conns_sup_sup}. Started: id={ranch_conns_sup,31},pid=<0.978.0>.
2026-09-11 22:49:45.275974+09:00 [info] <0.947.0>@supervisor:report_progress/2:1582 Supervisor: {<0.947.0>,ranch_conns_sup_sup}. Started: id={ranch_conns_sup,32},pid=<0.979.0>.
2026-09-11 22:49:45.276413+09:00 [info] <0.947.0>@supervisor:report_progress/2:1582 Supervisor: {<0.947.0>,ranch_conns_sup_sup}. Started: id={ranch_conns_sup,33},pid=<0.980.0>.
2026-09-11 22:49:45.278049+09:00 [info] <0.947.0>@supervisor:report_progress/2:1582 Supervisor: {<0.947.0>,ranch_conns_sup_sup}. Started: id={ranch_conns_sup,34},pid=<0.981.0>.
2026-09-11 22:49:45.278191+09:00 [info] <0.947.0>@supervisor:report_progress/2:1582 Supervisor: {<0.947.0>,ranch_conns_sup_sup}. Started: id={ranch_conns_sup,35},pid=<0.982.0>.
2026-09-11 22:49:45.278381+09:00 [info] <0.947.0>@supervisor:report_progress/2:1582 Supervisor: {<0.947.0>,ranch_conns_sup_sup}. Started: id={ranch_conns_sup,36},pid=<0.983.0>.
2026-09-11 22:49:45.278523+09:00 [info] <0.947.0>@supervisor:report_progress/2:1582 Supervisor: {<0.947.0>,ranch_conns_sup_sup}. Started: id={ranch_conns_sup,37},pid=<0.984.0>.
2026-09-11 22:49:45.278650+09:00 [info] <0.947.0>@supervisor:report_progress/2:1582 Supervisor: {<0.947.0>,ranch_conns_sup_sup}. Started: id={ranch_conns_sup,38},pid=<0.985.0>.
2026-09-11 22:49:45.284312+09:00 [info] <0.947.0>@supervisor:report_progress/2:1582 Supervisor: {<0.947.0>,ranch_conns_sup_sup}. Started: id={ranch_conns_sup,39},pid=<0.986.0>.
2026-09-11 22:49:45.285767+09:00 [info] <0.947.0>@supervisor:report_progress/2:1582 Supervisor: {<0.947.0>,ranch_conns_sup_sup}. Started: id={ranch_conns_sup,40},pid=<0.987.0>.
2026-09-11 22:49:45.285981+09:00 [info] <0.947.0>@supervisor:report_progress/2:1582 Supervisor: {<0.947.0>,ranch_conns_sup_sup}. Started: id={ranch_conns_sup,41},pid=<0.988.0>.
2026-09-11 22:49:45.287433+09:00 [info] <0.947.0>@supervisor:report_progress/2:1582 Supervisor: {<0.947.0>,ranch_conns_sup_sup}. Started: id={ranch_conns_sup,42},pid=<0.989.0>.
2026-09-11 22:49:45.287607+09:00 [info] <0.947.0>@supervisor:report_progress/2:1582 Supervisor: {<0.947.0>,ranch_conns_sup_sup}. Started: id={ranch_conns_sup,43},pid=<0.990.0>.
2026-09-11 22:49:45.287707+09:00 [info] <0.947.0>@supervisor:report_progress/2:1582 Supervisor: {<0.947.0>,ranch_conns_sup_sup}. Started: id={ranch_conns_sup,44},pid=<0.991.0>.
2026-09-11 22:49:45.287851+09:00 [info] <0.947.0>@supervisor:report_progress/2:1582 Supervisor: {<0.947.0>,ranch_conns_sup_sup}. Started: id={ranch_conns_sup,45},pid=<0.992.0>.
2026-09-11 22:49:45.287949+09:00 [info] <0.947.0>@supervisor:report_progress/2:1582 Supervisor: {<0.947.0>,ranch_conns_sup_sup}. Started: id={ranch_conns_sup,46},pid=<0.993.0>.
2026-09-11 22:49:45.288126+09:00 [info] <0.947.0>@supervisor:report_progress/2:1582 Supervisor: {<0.947.0>,ranch_conns_sup_sup}. Started: id={ranch_conns_sup,47},pid=<0.994.0>.
2026-09-11 22:49:45.288239+09:00 [info] <0.947.0>@supervisor:report_progress/2:1582 Supervisor: {<0.947.0>,ranch_conns_sup_sup}. Started: id={ranch_conns_sup,48},pid=<0.995.0>.
2026-09-11 22:49:45.288412+09:00 [info] <0.947.0>@supervisor:report_progress/2:1582 Supervisor: {<0.947.0>,ranch_conns_sup_sup}. Started: id={ranch_conns_sup,49},pid=<0.996.0>.
2026-09-11 22:49:45.290231+09:00 [info] <0.947.0>@supervisor:report_progress/2:1582 Supervisor: {<0.947.0>,ranch_conns_sup_sup}. Started: id={ranch_conns_sup,50},pid=<0.997.0>.
2026-09-11 22:49:45.290388+09:00 [info] <0.947.0>@supervisor:report_progress/2:1582 Supervisor: {<0.947.0>,ranch_conns_sup_sup}. Started: id={ranch_conns_sup,51},pid=<0.998.0>.
2026-09-11 22:49:45.290736+09:00 [info] <0.947.0>@supervisor:report_progress/2:1582 Supervisor: {<0.947.0>,ranch_conns_sup_sup}. Started: id={ranch_conns_sup,52},pid=<0.999.0>.
2026-09-11 22:49:45.290898+09:00 [info] <0.947.0>@supervisor:report_progress/2:1582 Supervisor: {<0.947.0>,ranch_conns_sup_sup}. Started: id={ranch_conns_sup,53},pid=<0.1000.0>.
2026-09-11 22:49:45.291002+09:00 [info] <0.947.0>@supervisor:report_progress/2:1582 Supervisor: {<0.947.0>,ranch_conns_sup_sup}. Started: id={ranch_conns_sup,54},pid=<0.1001.0>.
2026-09-11 22:49:45.291131+09:00 [info] <0.947.0>@supervisor:report_progress/2:1582 Supervisor: {<0.947.0>,ranch_conns_sup_sup}. Started: id={ranch_conns_sup,55},pid=<0.1002.0>.
2026-09-11 22:49:45.291222+09:00 [info] <0.947.0>@supervisor:report_progress/2:1582 Supervisor: {<0.947.0>,ranch_conns_sup_sup}. Started: id={ranch_conns_sup,56},pid=<0.1003.0>.
2026-09-11 22:49:45.291355+09:00 [info] <0.947.0>@supervisor:report_progress/2:1582 Supervisor: {<0.947.0>,ranch_conns_sup_sup}. Started: id={ranch_conns_sup,57},pid=<0.1004.0>.
2026-09-11 22:49:45.291458+09:00 [info] <0.947.0>@supervisor:report_progress/2:1582 Supervisor: {<0.947.0>,ranch_conns_sup_sup}. Started: id={ranch_conns_sup,58},pid=<0.1005.0>.
2026-09-11 22:49:45.291584+09:00 [info] <0.947.0>@supervisor:report_progress/2:1582 Supervisor: {<0.947.0>,ranch_conns_sup_sup}. Started: id={ranch_conns_sup,59},pid=<0.1006.0>.
2026-09-11 22:49:45.291674+09:00 [info] <0.947.0>@supervisor:report_progress/2:1582 Supervisor: {<0.947.0>,ranch_conns_sup_sup}. Started: id={ranch_conns_sup,60},pid=<0.1007.0>.
2026-09-11 22:49:45.291807+09:00 [info] <0.947.0>@supervisor:report_progress/2:1582 Supervisor: {<0.947.0>,ranch_conns_sup_sup}. Started: id={ranch_conns_sup,61},pid=<0.1008.0>.
2026-09-11 22:49:45.291915+09:00 [info] <0.947.0>@supervisor:report_progress/2:1582 Supervisor: {<0.947.0>,ranch_conns_sup_sup}. Started: id={ranch_conns_sup,62},pid=<0.1009.0>.
2026-09-11 22:49:45.292043+09:00 [info] <0.947.0>@supervisor:report_progress/2:1582 Supervisor: {<0.947.0>,ranch_conns_sup_sup}. Started: id={ranch_conns_sup,63},pid=<0.1010.0>.
2026-09-11 22:49:45.292135+09:00 [info] <0.947.0>@supervisor:report_progress/2:1582 Supervisor: {<0.947.0>,ranch_conns_sup_sup}. Started: id={ranch_conns_sup,64},pid=<0.1011.0>.
2026-09-11 22:49:45.292267+09:00 [info] <0.947.0>@supervisor:report_progress/2:1582 Supervisor: {<0.947.0>,ranch_conns_sup_sup}. Started: id={ranch_conns_sup,65},pid=<0.1012.0>.
2026-09-11 22:49:45.295248+09:00 [info] <0.947.0>@supervisor:report_progress/2:1582 Supervisor: {<0.947.0>,ranch_conns_sup_sup}. Started: id={ranch_conns_sup,66},pid=<0.1013.0>.
2026-09-11 22:49:45.295979+09:00 [info] <0.947.0>@supervisor:report_progress/2:1582 Supervisor: {<0.947.0>,ranch_conns_sup_sup}. Started: id={ranch_conns_sup,67},pid=<0.1014.0>.
2026-09-11 22:49:45.296114+09:00 [info] <0.947.0>@supervisor:report_progress/2:1582 Supervisor: {<0.947.0>,ranch_conns_sup_sup}. Started: id={ranch_conns_sup,68},pid=<0.1015.0>.
2026-09-11 22:49:45.296246+09:00 [info] <0.947.0>@supervisor:report_progress/2:1582 Supervisor: {<0.947.0>,ranch_conns_sup_sup}. Started: id={ranch_conns_sup,69},pid=<0.1016.0>.
2026-09-11 22:49:45.296366+09:00 [info] <0.947.0>@supervisor:report_progress/2:1582 Supervisor: {<0.947.0>,ranch_conns_sup_sup}. Started: id={ranch_conns_sup,70},pid=<0.1017.0>.
2026-09-11 22:49:45.296550+09:00 [info] <0.947.0>@supervisor:report_progress/2:1582 Supervisor: {<0.947.0>,ranch_conns_sup_sup}. Started: id={ranch_conns_sup,71},pid=<0.1018.0>.
2026-09-11 22:49:45.296652+09:00 [info] <0.947.0>@supervisor:report_progress/2:1582 Supervisor: {<0.947.0>,ranch_conns_sup_sup}. Started: id={ranch_conns_sup,72},pid=<0.1019.0>.
2026-09-11 22:49:45.296782+09:00 [info] <0.947.0>@supervisor:report_progress/2:1582 Supervisor: {<0.947.0>,ranch_conns_sup_sup}. Started: id={ranch_conns_sup,73},pid=<0.1020.0>.
2026-09-11 22:49:45.296886+09:00 [info] <0.947.0>@supervisor:report_progress/2:1582 Supervisor: {<0.947.0>,ranch_conns_sup_sup}. Started: id={ranch_conns_sup,74},pid=<0.1021.0>.
2026-09-11 22:49:45.296972+09:00 [info] <0.947.0>@supervisor:report_progress/2:1582 Supervisor: {<0.947.0>,ranch_conns_sup_sup}. Started: id={ranch_conns_sup,75},pid=<0.1022.0>.
2026-09-11 22:49:45.297058+09:00 [info] <0.947.0>@supervisor:report_progress/2:1582 Supervisor: {<0.947.0>,ranch_conns_sup_sup}. Started: id={ranch_conns_sup,76},pid=<0.1023.0>.
2026-09-11 22:49:45.297198+09:00 [info] <0.947.0>@supervisor:report_progress/2:1582 Supervisor: {<0.947.0>,ranch_conns_sup_sup}. Started: id={ranch_conns_sup,77},pid=<0.1024.0>.
2026-09-11 22:49:45.299068+09:00 [info] <0.947.0>@supervisor:report_progress/2:1582 Supervisor: {<0.947.0>,ranch_conns_sup_sup}. Started: id={ranch_conns_sup,78},pid=<0.1025.0>.
2026-09-11 22:49:45.299374+09:00 [info] <0.947.0>@supervisor:report_progress/2:1582 Supervisor: {<0.947.0>,ranch_conns_sup_sup}. Started: id={ranch_conns_sup,79},pid=<0.1026.0>.
2026-09-11 22:49:45.299704+09:00 [info] <0.947.0>@supervisor:report_progress/2:1582 Supervisor: {<0.947.0>,ranch_conns_sup_sup}. Started: id={ranch_conns_sup,80},pid=<0.1027.0>.
2026-09-11 22:49:45.299796+09:00 [info] <0.947.0>@supervisor:report_progress/2:1582 Supervisor: {<0.947.0>,ranch_conns_sup_sup}. Started: id={ranch_conns_sup,81},pid=<0.1028.0>.
2026-09-11 22:49:45.299898+09:00 [info] <0.947.0>@supervisor:report_progress/2:1582 Supervisor: {<0.947.0>,ranch_conns_sup_sup}. Started: id={ranch_conns_sup,82},pid=<0.1029.0>.
2026-09-11 22:49:45.300045+09:00 [info] <0.947.0>@supervisor:report_progress/2:1582 Supervisor: {<0.947.0>,ranch_conns_sup_sup}. Started: id={ranch_conns_sup,83},pid=<0.1030.0>.
2026-09-11 22:49:45.300142+09:00 [info] <0.947.0>@supervisor:report_progress/2:1582 Supervisor: {<0.947.0>,ranch_conns_sup_sup}. Started: id={ranch_conns_sup,84},pid=<0.1031.0>.
2026-09-11 22:49:45.300239+09:00 [info] <0.947.0>@supervisor:report_progress/2:1582 Supervisor: {<0.947.0>,ranch_conns_sup_sup}. Started: id={ranch_conns_sup,85},pid=<0.1032.0>.
2026-09-11 22:49:45.300337+09:00 [info] <0.947.0>@supervisor:report_progress/2:1582 Supervisor: {<0.947.0>,ranch_conns_sup_sup}. Started: id={ranch_conns_sup,86},pid=<0.1033.0>.
2026-09-11 22:49:45.300538+09:00 [info] <0.947.0>@supervisor:report_progress/2:1582 Supervisor: {<0.947.0>,ranch_conns_sup_sup}. Started: id={ranch_conns_sup,87},pid=<0.1034.0>.
2026-09-11 22:49:45.300613+09:00 [info] <0.947.0>@supervisor:report_progress/2:1582 Supervisor: {<0.947.0>,ranch_conns_sup_sup}. Started: id={ranch_conns_sup,88},pid=<0.1035.0>.
2026-09-11 22:49:45.300718+09:00 [info] <0.947.0>@supervisor:report_progress/2:1582 Supervisor: {<0.947.0>,ranch_conns_sup_sup}. Started: id={ranch_conns_sup,89},pid=<0.1036.0>.
2026-09-11 22:49:45.300789+09:00 [info] <0.947.0>@supervisor:report_progress/2:1582 Supervisor: {<0.947.0>,ranch_conns_sup_sup}. Started: id={ranch_conns_sup,90},pid=<0.1037.0>.
2026-09-11 22:49:45.300859+09:00 [info] <0.947.0>@supervisor:report_progress/2:1582 Supervisor: {<0.947.0>,ranch_conns_sup_sup}. Started: id={ranch_conns_sup,91},pid=<0.1038.0>.
2026-09-11 22:49:45.300932+09:00 [info] <0.947.0>@supervisor:report_progress/2:1582 Supervisor: {<0.947.0>,ranch_conns_sup_sup}. Started: id={ranch_conns_sup,92},pid=<0.1039.0>.
2026-09-11 22:49:45.302690+09:00 [info] <0.947.0>@supervisor:report_progress/2:1582 Supervisor: {<0.947.0>,ranch_conns_sup_sup}. Started: id={ranch_conns_sup,93},pid=<0.1040.0>.
2026-09-11 22:49:45.302790+09:00 [info] <0.947.0>@supervisor:report_progress/2:1582 Supervisor: {<0.947.0>,ranch_conns_sup_sup}. Started: id={ranch_conns_sup,94},pid=<0.1041.0>.
2026-09-11 22:49:45.302904+09:00 [info] <0.947.0>@supervisor:report_progress/2:1582 Supervisor: {<0.947.0>,ranch_conns_sup_sup}. Started: id={ranch_conns_sup,95},pid=<0.1042.0>.
2026-09-11 22:49:45.302991+09:00 [info] <0.947.0>@supervisor:report_progress/2:1582 Supervisor: {<0.947.0>,ranch_conns_sup_sup}. Started: id={ranch_conns_sup,96},pid=<0.1043.0>.
2026-09-11 22:49:45.303088+09:00 [info] <0.947.0>@supervisor:report_progress/2:1582 Supervisor: {<0.947.0>,ranch_conns_sup_sup}. Started: id={ranch_conns_sup,97},pid=<0.1044.0>.
2026-09-11 22:49:45.303166+09:00 [info] <0.947.0>@supervisor:report_progress/2:1582 Supervisor: {<0.947.0>,ranch_conns_sup_sup}. Started: id={ranch_conns_sup,98},pid=<0.1045.0>.
2026-09-11 22:49:45.308778+09:00 [info] <0.947.0>@supervisor:report_progress/2:1582 Supervisor: {<0.947.0>,ranch_conns_sup_sup}. Started: id={ranch_conns_sup,99},pid=<0.1046.0>.
2026-09-11 22:49:45.308904+09:00 [info] <0.947.0>@supervisor:report_progress/2:1582 Supervisor: {<0.947.0>,ranch_conns_sup_sup}. Started: id={ranch_conns_sup,100},pid=<0.1047.0>.
2026-09-11 22:49:45.309002+09:00 [info] <0.946.0>@supervisor:report_progress/2:1582 Supervisor: {<0.946.0>,ranch_listener_sup}. Started: id=ranch_conns_sup_sup,pid=<0.947.0>.
2026-09-11 22:49:45.337691+09:00 [info] <0.1048.0>@supervisor:report_progress/2:1582 Supervisor: {<0.1048.0>,ranch_acceptors_sup}. Started: id={acceptor,<0.1048.0>,1},pid=<0.1049.0>.
2026-09-11 22:49:45.337921+09:00 [info] <0.1048.0>@supervisor:report_progress/2:1582 Supervisor: {<0.1048.0>,ranch_acceptors_sup}. Started: id={acceptor,<0.1048.0>,2},pid=<0.1050.0>.
2026-09-11 22:49:45.338119+09:00 [info] <0.1048.0>@supervisor:report_progress/2:1582 Supervisor: {<0.1048.0>,ranch_acceptors_sup}. Started: id={acceptor,<0.1048.0>,3},pid=<0.1051.0>.
2026-09-11 22:49:45.338303+09:00 [info] <0.1048.0>@supervisor:report_progress/2:1582 Supervisor: {<0.1048.0>,ranch_acceptors_sup}. Started: id={acceptor,<0.1048.0>,4},pid=<0.1052.0>.
2026-09-11 22:49:45.338456+09:00 [info] <0.1048.0>@supervisor:report_progress/2:1582 Supervisor: {<0.1048.0>,ranch_acceptors_sup}. Started: id={acceptor,<0.1048.0>,5},pid=<0.1053.0>.
2026-09-11 22:49:45.338630+09:00 [info] <0.1048.0>@supervisor:report_progress/2:1582 Supervisor: {<0.1048.0>,ranch_acceptors_sup}. Started: id={acceptor,<0.1048.0>,6},pid=<0.1054.0>.
2026-09-11 22:49:45.338766+09:00 [info] <0.1048.0>@supervisor:report_progress/2:1582 Supervisor: {<0.1048.0>,ranch_acceptors_sup}. Started: id={acceptor,<0.1048.0>,7},pid=<0.1055.0>.
2026-09-11 22:49:45.338937+09:00 [info] <0.1048.0>@supervisor:report_progress/2:1582 Supervisor: {<0.1048.0>,ranch_acceptors_sup}. Started: id={acceptor,<0.1048.0>,8},pid=<0.1056.0>.
2026-09-11 22:49:45.339111+09:00 [info] <0.1048.0>@supervisor:report_progress/2:1582 Supervisor: {<0.1048.0>,ranch_acceptors_sup}. Started: id={acceptor,<0.1048.0>,9},pid=<0.1057.0>.
2026-09-11 22:49:45.339257+09:00 [info] <0.1048.0>@supervisor:report_progress/2:1582 Supervisor: {<0.1048.0>,ranch_acceptors_sup}. Started: id={acceptor,<0.1048.0>,10},pid=<0.1058.0>.
2026-09-11 22:49:45.339432+09:00 [info] <0.1048.0>@supervisor:report_progress/2:1582 Supervisor: {<0.1048.0>,ranch_acceptors_sup}. Started: id={acceptor,<0.1048.0>,11},pid=<0.1059.0>.
2026-09-11 22:49:45.349294+09:00 [info] <0.1048.0>@supervisor:report_progress/2:1582 Supervisor: {<0.1048.0>,ranch_acceptors_sup}. Started: id={acceptor,<0.1048.0>,12},pid=<0.1060.0>.
2026-09-11 22:49:45.349747+09:00 [info] <0.1048.0>@supervisor:report_progress/2:1582 Supervisor: {<0.1048.0>,ranch_acceptors_sup}. Started: id={acceptor,<0.1048.0>,13},pid=<0.1061.0>.
2026-09-11 22:49:45.349898+09:00 [info] <0.1048.0>@supervisor:report_progress/2:1582 Supervisor: {<0.1048.0>,ranch_acceptors_sup}. Started: id={acceptor,<0.1048.0>,14},pid=<0.1062.0>.
2026-09-11 22:49:45.350025+09:00 [info] <0.1048.0>@supervisor:report_progress/2:1582 Supervisor: {<0.1048.0>,ranch_acceptors_sup}. Started: id={acceptor,<0.1048.0>,15},pid=<0.1063.0>.
2026-09-11 22:49:45.350175+09:00 [info] <0.1048.0>@supervisor:report_progress/2:1582 Supervisor: {<0.1048.0>,ranch_acceptors_sup}. Started: id={acceptor,<0.1048.0>,16},pid=<0.1064.0>.
2026-09-11 22:49:45.350285+09:00 [info] <0.1048.0>@supervisor:report_progress/2:1582 Supervisor: {<0.1048.0>,ranch_acceptors_sup}. Started: id={acceptor,<0.1048.0>,17},pid=<0.1065.0>.
2026-09-11 22:49:45.350412+09:00 [info] <0.1048.0>@supervisor:report_progress/2:1582 Supervisor: {<0.1048.0>,ranch_acceptors_sup}. Started: id={acceptor,<0.1048.0>,18},pid=<0.1066.0>.
2026-09-11 22:49:45.352143+09:00 [info] <0.1048.0>@supervisor:report_progress/2:1582 Supervisor: {<0.1048.0>,ranch_acceptors_sup}. Started: id={acceptor,<0.1048.0>,19},pid=<0.1067.0>.
2026-09-11 22:49:45.352292+09:00 [info] <0.1048.0>@supervisor:report_progress/2:1582 Supervisor: {<0.1048.0>,ranch_acceptors_sup}. Started: id={acceptor,<0.1048.0>,20},pid=<0.1068.0>.
2026-09-11 22:49:45.352487+09:00 [info] <0.1048.0>@supervisor:report_progress/2:1582 Supervisor: {<0.1048.0>,ranch_acceptors_sup}. Started: id={acceptor,<0.1048.0>,21},pid=<0.1069.0>.
2026-09-11 22:49:45.352602+09:00 [info] <0.1048.0>@supervisor:report_progress/2:1582 Supervisor: {<0.1048.0>,ranch_acceptors_sup}. Started: id={acceptor,<0.1048.0>,22},pid=<0.1070.0>.
2026-09-11 22:49:45.352764+09:00 [info] <0.1048.0>@supervisor:report_progress/2:1582 Supervisor: {<0.1048.0>,ranch_acceptors_sup}. Started: id={acceptor,<0.1048.0>,23},pid=<0.1071.0>.
2026-09-11 22:49:45.352929+09:00 [info] <0.1048.0>@supervisor:report_progress/2:1582 Supervisor: {<0.1048.0>,ranch_acceptors_sup}. Started: id={acceptor,<0.1048.0>,24},pid=<0.1072.0>.
2026-09-11 22:49:45.353080+09:00 [info] <0.1048.0>@supervisor:report_progress/2:1582 Supervisor: {<0.1048.0>,ranch_acceptors_sup}. Started: id={acceptor,<0.1048.0>,25},pid=<0.1073.0>.
2026-09-11 22:49:45.353252+09:00 [info] <0.1048.0>@supervisor:report_progress/2:1582 Supervisor: {<0.1048.0>,ranch_acceptors_sup}. Started: id={acceptor,<0.1048.0>,26},pid=<0.1074.0>.
2026-09-11 22:49:45.353388+09:00 [info] <0.1048.0>@supervisor:report_progress/2:1582 Supervisor: {<0.1048.0>,ranch_acceptors_sup}. Started: id={acceptor,<0.1048.0>,27},pid=<0.1075.0>.
2026-09-11 22:49:45.353558+09:00 [info] <0.1048.0>@supervisor:report_progress/2:1582 Supervisor: {<0.1048.0>,ranch_acceptors_sup}. Started: id={acceptor,<0.1048.0>,28},pid=<0.1076.0>.
2026-09-11 22:49:45.353733+09:00 [info] <0.1048.0>@supervisor:report_progress/2:1582 Supervisor: {<0.1048.0>,ranch_acceptors_sup}. Started: id={acceptor,<0.1048.0>,29},pid=<0.1077.0>.
2026-09-11 22:49:45.353872+09:00 [info] <0.1048.0>@supervisor:report_progress/2:1582 Supervisor: {<0.1048.0>,ranch_acceptors_sup}. Started: id={acceptor,<0.1048.0>,30},pid=<0.1078.0>.
2026-09-11 22:49:45.354047+09:00 [info] <0.1048.0>@supervisor:report_progress/2:1582 Supervisor: {<0.1048.0>,ranch_acceptors_sup}. Started: id={acceptor,<0.1048.0>,31},pid=<0.1079.0>.
2026-09-11 22:49:45.354189+09:00 [info] <0.1048.0>@supervisor:report_progress/2:1582 Supervisor: {<0.1048.0>,ranch_acceptors_sup}. Started: id={acceptor,<0.1048.0>,32},pid=<0.1080.0>.
2026-09-11 22:49:45.354364+09:00 [info] <0.1048.0>@supervisor:report_progress/2:1582 Supervisor: {<0.1048.0>,ranch_acceptors_sup}. Started: id={acceptor,<0.1048.0>,33},pid=<0.1081.0>.
2026-09-11 22:49:45.364623+09:00 [info] <0.1048.0>@supervisor:report_progress/2:1582 Supervisor: {<0.1048.0>,ranch_acceptors_sup}. Started: id={acceptor,<0.1048.0>,34},pid=<0.1082.0>.
2026-09-11 22:49:45.368970+09:00 [info] <0.1048.0>@supervisor:report_progress/2:1582 Supervisor: {<0.1048.0>,ranch_acceptors_sup}. Started: id={acceptor,<0.1048.0>,35},pid=<0.1083.0>.
2026-09-11 22:49:45.369420+09:00 [info] <0.1048.0>@supervisor:report_progress/2:1582 Supervisor: {<0.1048.0>,ranch_acceptors_sup}. Started: id={acceptor,<0.1048.0>,36},pid=<0.1084.0>.
2026-09-11 22:49:45.369583+09:00 [info] <0.1048.0>@supervisor:report_progress/2:1582 Supervisor: {<0.1048.0>,ranch_acceptors_sup}. Started: id={acceptor,<0.1048.0>,37},pid=<0.1085.0>.
2026-09-11 22:49:45.369760+09:00 [info] <0.1048.0>@supervisor:report_progress/2:1582 Supervisor: {<0.1048.0>,ranch_acceptors_sup}. Started: id={acceptor,<0.1048.0>,38},pid=<0.1086.0>.
2026-09-11 22:49:45.369918+09:00 [info] <0.1048.0>@supervisor:report_progress/2:1582 Supervisor: {<0.1048.0>,ranch_acceptors_sup}. Started: id={acceptor,<0.1048.0>,39},pid=<0.1087.0>.
2026-09-11 22:49:45.376549+09:00 [info] <0.1048.0>@supervisor:report_progress/2:1582 Supervisor: {<0.1048.0>,ranch_acceptors_sup}. Started: id={acceptor,<0.1048.0>,40},pid=<0.1088.0>.
2026-09-11 22:49:45.377655+09:00 [info] <0.1048.0>@supervisor:report_progress/2:1582 Supervisor: {<0.1048.0>,ranch_acceptors_sup}. Started: id={acceptor,<0.1048.0>,41},pid=<0.1089.0>.
2026-09-11 22:49:45.377804+09:00 [info] <0.1048.0>@supervisor:report_progress/2:1582 Supervisor: {<0.1048.0>,ranch_acceptors_sup}. Started: id={acceptor,<0.1048.0>,42},pid=<0.1090.0>.
2026-09-11 22:49:45.377956+09:00 [info] <0.1048.0>@supervisor:report_progress/2:1582 Supervisor: {<0.1048.0>,ranch_acceptors_sup}. Started: id={acceptor,<0.1048.0>,43},pid=<0.1091.0>.
2026-09-11 22:49:45.378120+09:00 [info] <0.1048.0>@supervisor:report_progress/2:1582 Supervisor: {<0.1048.0>,ranch_acceptors_sup}. Started: id={acceptor,<0.1048.0>,44},pid=<0.1092.0>.
2026-09-11 22:49:45.378266+09:00 [info] <0.1048.0>@supervisor:report_progress/2:1582 Supervisor: {<0.1048.0>,ranch_acceptors_sup}. Started: id={acceptor,<0.1048.0>,45},pid=<0.1093.0>.
2026-09-11 22:49:45.378420+09:00 [info] <0.1048.0>@supervisor:report_progress/2:1582 Supervisor: {<0.1048.0>,ranch_acceptors_sup}. Started: id={acceptor,<0.1048.0>,46},pid=<0.1094.0>.
2026-09-11 22:49:45.383080+09:00 [info] <0.1048.0>@supervisor:report_progress/2:1582 Supervisor: {<0.1048.0>,ranch_acceptors_sup}. Started: id={acceptor,<0.1048.0>,47},pid=<0.1095.0>.
2026-09-11 22:49:45.383246+09:00 [info] <0.1048.0>@supervisor:report_progress/2:1582 Supervisor: {<0.1048.0>,ranch_acceptors_sup}. Started: id={acceptor,<0.1048.0>,48},pid=<0.1096.0>.
2026-09-11 22:49:45.383404+09:00 [info] <0.1048.0>@supervisor:report_progress/2:1582 Supervisor: {<0.1048.0>,ranch_acceptors_sup}. Started: id={acceptor,<0.1048.0>,49},pid=<0.1097.0>.
2026-09-11 22:49:45.387027+09:00 [info] <0.1048.0>@supervisor:report_progress/2:1582 Supervisor: {<0.1048.0>,ranch_acceptors_sup}. Started: id={acceptor,<0.1048.0>,50},pid=<0.1098.0>.
2026-09-11 22:49:45.387220+09:00 [info] <0.1048.0>@supervisor:report_progress/2:1582 Supervisor: {<0.1048.0>,ranch_acceptors_sup}. Started: id={acceptor,<0.1048.0>,51},pid=<0.1099.0>.
2026-09-11 22:49:45.387363+09:00 [info] <0.1048.0>@supervisor:report_progress/2:1582 Supervisor: {<0.1048.0>,ranch_acceptors_sup}. Started: id={acceptor,<0.1048.0>,52},pid=<0.1100.0>.
2026-09-11 22:49:45.391265+09:00 [info] <0.1048.0>@supervisor:report_progress/2:1582 Supervisor: {<0.1048.0>,ranch_acceptors_sup}. Started: id={acceptor,<0.1048.0>,53},pid=<0.1101.0>.
2026-09-11 22:49:45.391484+09:00 [info] <0.1048.0>@supervisor:report_progress/2:1582 Supervisor: {<0.1048.0>,ranch_acceptors_sup}. Started: id={acceptor,<0.1048.0>,54},pid=<0.1102.0>.
2026-09-11 22:49:45.391603+09:00 [info] <0.1048.0>@supervisor:report_progress/2:1582 Supervisor: {<0.1048.0>,ranch_acceptors_sup}. Started: id={acceptor,<0.1048.0>,55},pid=<0.1103.0>.
2026-09-11 22:49:45.391744+09:00 [info] <0.1048.0>@supervisor:report_progress/2:1582 Supervisor: {<0.1048.0>,ranch_acceptors_sup}. Started: id={acceptor,<0.1048.0>,56},pid=<0.1104.0>.
2026-09-11 22:49:45.391846+09:00 [info] <0.1048.0>@supervisor:report_progress/2:1582 Supervisor: {<0.1048.0>,ranch_acceptors_sup}. Started: id={acceptor,<0.1048.0>,57},pid=<0.1105.0>.
2026-09-11 22:49:45.391980+09:00 [info] <0.1048.0>@supervisor:report_progress/2:1582 Supervisor: {<0.1048.0>,ranch_acceptors_sup}. Started: id={acceptor,<0.1048.0>,58},pid=<0.1106.0>.
2026-09-11 22:49:45.392141+09:00 [info] <0.1048.0>@supervisor:report_progress/2:1582 Supervisor: {<0.1048.0>,ranch_acceptors_sup}. Started: id={acceptor,<0.1048.0>,59},pid=<0.1107.0>.
2026-09-11 22:49:45.392278+09:00 [info] <0.1048.0>@supervisor:report_progress/2:1582 Supervisor: {<0.1048.0>,ranch_acceptors_sup}. Started: id={acceptor,<0.1048.0>,60},pid=<0.1108.0>.
2026-09-11 22:49:45.392441+09:00 [info] <0.1048.0>@supervisor:report_progress/2:1582 Supervisor: {<0.1048.0>,ranch_acceptors_sup}. Started: id={acceptor,<0.1048.0>,61},pid=<0.1109.0>.
2026-09-11 22:49:45.392570+09:00 [info] <0.1048.0>@supervisor:report_progress/2:1582 Supervisor: {<0.1048.0>,ranch_acceptors_sup}. Started: id={acceptor,<0.1048.0>,62},pid=<0.1110.0>.
2026-09-11 22:49:45.392723+09:00 [info] <0.1048.0>@supervisor:report_progress/2:1582 Supervisor: {<0.1048.0>,ranch_acceptors_sup}. Started: id={acceptor,<0.1048.0>,63},pid=<0.1111.0>.
2026-09-11 22:49:45.392883+09:00 [info] <0.1048.0>@supervisor:report_progress/2:1582 Supervisor: {<0.1048.0>,ranch_acceptors_sup}. Started: id={acceptor,<0.1048.0>,64},pid=<0.1112.0>.
2026-09-11 22:49:45.392991+09:00 [info] <0.1048.0>@supervisor:report_progress/2:1582 Supervisor: {<0.1048.0>,ranch_acceptors_sup}. Started: id={acceptor,<0.1048.0>,65},pid=<0.1113.0>.
2026-09-11 22:49:45.393120+09:00 [info] <0.1048.0>@supervisor:report_progress/2:1582 Supervisor: {<0.1048.0>,ranch_acceptors_sup}. Started: id={acceptor,<0.1048.0>,66},pid=<0.1114.0>.
2026-09-11 22:49:45.393223+09:00 [info] <0.1048.0>@supervisor:report_progress/2:1582 Supervisor: {<0.1048.0>,ranch_acceptors_sup}. Started: id={acceptor,<0.1048.0>,67},pid=<0.1115.0>.
2026-09-11 22:49:45.393349+09:00 [info] <0.1048.0>@supervisor:report_progress/2:1582 Supervisor: {<0.1048.0>,ranch_acceptors_sup}. Started: id={acceptor,<0.1048.0>,68},pid=<0.1116.0>.
2026-09-11 22:49:45.404526+09:00 [info] <0.1048.0>@supervisor:report_progress/2:1582 Supervisor: {<0.1048.0>,ranch_acceptors_sup}. Started: id={acceptor,<0.1048.0>,69},pid=<0.1117.0>.
2026-09-11 22:49:45.406891+09:00 [info] <0.1048.0>@supervisor:report_progress/2:1582 Supervisor: {<0.1048.0>,ranch_acceptors_sup}. Started: id={acceptor,<0.1048.0>,70},pid=<0.1118.0>.
2026-09-11 22:49:45.407080+09:00 [info] <0.1048.0>@supervisor:report_progress/2:1582 Supervisor: {<0.1048.0>,ranch_acceptors_sup}. Started: id={acceptor,<0.1048.0>,71},pid=<0.1119.0>.
2026-09-11 22:49:45.407227+09:00 [info] <0.1048.0>@supervisor:report_progress/2:1582 Supervisor: {<0.1048.0>,ranch_acceptors_sup}. Started: id={acceptor,<0.1048.0>,72},pid=<0.1120.0>.
2026-09-11 22:49:45.407398+09:00 [info] <0.1048.0>@supervisor:report_progress/2:1582 Supervisor: {<0.1048.0>,ranch_acceptors_sup}. Started: id={acceptor,<0.1048.0>,73},pid=<0.1121.0>.
2026-09-11 22:49:45.407577+09:00 [info] <0.1048.0>@supervisor:report_progress/2:1582 Supervisor: {<0.1048.0>,ranch_acceptors_sup}. Started: id={acceptor,<0.1048.0>,74},pid=<0.1122.0>.
2026-09-11 22:49:45.407721+09:00 [info] <0.1048.0>@supervisor:report_progress/2:1582 Supervisor: {<0.1048.0>,ranch_acceptors_sup}. Started: id={acceptor,<0.1048.0>,75},pid=<0.1123.0>.
2026-09-11 22:49:45.407915+09:00 [info] <0.1048.0>@supervisor:report_progress/2:1582 Supervisor: {<0.1048.0>,ranch_acceptors_sup}. Started: id={acceptor,<0.1048.0>,76},pid=<0.1124.0>.
2026-09-11 22:49:45.408061+09:00 [info] <0.1048.0>@supervisor:report_progress/2:1582 Supervisor: {<0.1048.0>,ranch_acceptors_sup}. Started: id={acceptor,<0.1048.0>,77},pid=<0.1125.0>.
2026-09-11 22:49:45.408244+09:00 [info] <0.1048.0>@supervisor:report_progress/2:1582 Supervisor: {<0.1048.0>,ranch_acceptors_sup}. Started: id={acceptor,<0.1048.0>,78},pid=<0.1126.0>.
2026-09-11 22:49:45.408416+09:00 [info] <0.1048.0>@supervisor:report_progress/2:1582 Supervisor: {<0.1048.0>,ranch_acceptors_sup}. Started: id={acceptor,<0.1048.0>,79},pid=<0.1127.0>.
2026-09-11 22:49:45.410012+09:00 [info] <0.1048.0>@supervisor:report_progress/2:1582 Supervisor: {<0.1048.0>,ranch_acceptors_sup}. Started: id={acceptor,<0.1048.0>,80},pid=<0.1128.0>.
2026-09-11 22:49:45.410179+09:00 [info] <0.1048.0>@supervisor:report_progress/2:1582 Supervisor: {<0.1048.0>,ranch_acceptors_sup}. Started: id={acceptor,<0.1048.0>,81},pid=<0.1129.0>.
2026-09-11 22:49:45.410290+09:00 [info] <0.1048.0>@supervisor:report_progress/2:1582 Supervisor: {<0.1048.0>,ranch_acceptors_sup}. Started: id={acceptor,<0.1048.0>,82},pid=<0.1130.0>.
2026-09-11 22:49:45.410432+09:00 [info] <0.1048.0>@supervisor:report_progress/2:1582 Supervisor: {<0.1048.0>,ranch_acceptors_sup}. Started: id={acceptor,<0.1048.0>,83},pid=<0.1131.0>.
2026-09-11 22:49:45.410567+09:00 [info] <0.1048.0>@supervisor:report_progress/2:1582 Supervisor: {<0.1048.0>,ranch_acceptors_sup}. Started: id={acceptor,<0.1048.0>,84},pid=<0.1132.0>.
2026-09-11 22:49:45.410666+09:00 [info] <0.1048.0>@supervisor:report_progress/2:1582 Supervisor: {<0.1048.0>,ranch_acceptors_sup}. Started: id={acceptor,<0.1048.0>,85},pid=<0.1133.0>.
2026-09-11 22:49:45.410796+09:00 [info] <0.1048.0>@supervisor:report_progress/2:1582 Supervisor: {<0.1048.0>,ranch_acceptors_sup}. Started: id={acceptor,<0.1048.0>,86},pid=<0.1134.0>.
2026-09-11 22:49:45.410894+09:00 [info] <0.1048.0>@supervisor:report_progress/2:1582 Supervisor: {<0.1048.0>,ranch_acceptors_sup}. Started: id={acceptor,<0.1048.0>,87},pid=<0.1135.0>.
2026-09-11 22:49:45.411015+09:00 [info] <0.1048.0>@supervisor:report_progress/2:1582 Supervisor: {<0.1048.0>,ranch_acceptors_sup}. Started: id={acceptor,<0.1048.0>,88},pid=<0.1136.0>.
2026-09-11 22:49:45.411136+09:00 [info] <0.1048.0>@supervisor:report_progress/2:1582 Supervisor: {<0.1048.0>,ranch_acceptors_sup}. Started: id={acceptor,<0.1048.0>,89},pid=<0.1137.0>.
2026-09-11 22:49:45.411258+09:00 [info] <0.1048.0>@supervisor:report_progress/2:1582 Supervisor: {<0.1048.0>,ranch_acceptors_sup}. Started: id={acceptor,<0.1048.0>,90},pid=<0.1138.0>.
2026-09-11 22:49:45.411387+09:00 [info] <0.1048.0>@supervisor:report_progress/2:1582 Supervisor: {<0.1048.0>,ranch_acceptors_sup}. Started: id={acceptor,<0.1048.0>,91},pid=<0.1139.0>.
2026-09-11 22:49:45.411492+09:00 [info] <0.1048.0>@supervisor:report_progress/2:1582 Supervisor: {<0.1048.0>,ranch_acceptors_sup}. Started: id={acceptor,<0.1048.0>,92},pid=<0.1140.0>.
2026-09-11 22:49:45.411619+09:00 [info] <0.1048.0>@supervisor:report_progress/2:1582 Supervisor: {<0.1048.0>,ranch_acceptors_sup}. Started: id={acceptor,<0.1048.0>,93},pid=<0.1141.0>.
2026-09-11 22:49:45.411743+09:00 [info] <0.1048.0>@supervisor:report_progress/2:1582 Supervisor: {<0.1048.0>,ranch_acceptors_sup}. Started: id={acceptor,<0.1048.0>,94},pid=<0.1142.0>.
2026-09-11 22:49:45.411842+09:00 [info] <0.1048.0>@supervisor:report_progress/2:1582 Supervisor: {<0.1048.0>,ranch_acceptors_sup}. Started: id={acceptor,<0.1048.0>,95},pid=<0.1143.0>.
2026-09-11 22:49:45.411968+09:00 [info] <0.1048.0>@supervisor:report_progress/2:1582 Supervisor: {<0.1048.0>,ranch_acceptors_sup}. Started: id={acceptor,<0.1048.0>,96},pid=<0.1144.0>.
2026-09-11 22:49:45.412095+09:00 [info] <0.1048.0>@supervisor:report_progress/2:1582 Supervisor: {<0.1048.0>,ranch_acceptors_sup}. Started: id={acceptor,<0.1048.0>,97},pid=<0.1145.0>.
2026-09-11 22:49:45.412229+09:00 [info] <0.1048.0>@supervisor:report_progress/2:1582 Supervisor: {<0.1048.0>,ranch_acceptors_sup}. Started: id={acceptor,<0.1048.0>,98},pid=<0.1146.0>.
2026-09-11 22:49:45.412357+09:00 [info] <0.1048.0>@supervisor:report_progress/2:1582 Supervisor: {<0.1048.0>,ranch_acceptors_sup}. Started: id={acceptor,<0.1048.0>,99},pid=<0.1147.0>.
2026-09-11 22:49:45.425480+09:00 [info] <0.1048.0>@supervisor:report_progress/2:1582 Supervisor: {<0.1048.0>,ranch_acceptors_sup}. Started: id={acceptor,<0.1048.0>,100},pid=<0.1164.0>.
2026-09-11 22:49:45.425929+09:00 [info] <0.946.0>@supervisor:report_progress/2:1582 Supervisor: {<0.946.0>,ranch_listener_sup}. Started: id=ranch_acceptors_sup,pid=<0.1048.0>.
2026-09-11 22:49:45.426045+09:00 [info] <0.605.0>@supervisor:report_progress/2:1582 Supervisor: {local,ranch_sup}. Started: id={ranch_listener_sup,{[49,50,55,46,48,46,48,46,49],9080}},pid=<0.946.0>.
2026-09-11 22:49:45.426154+09:00 [info] <0.944.0>@riak_core_service_mgr:start_dispatcher/3:524 Service manager: listening on 127.0.0.1:9080
2026-09-11 22:49:45.426247+09:00 [info] <0.943.0>@supervisor:report_progress/2:1582 Supervisor: {local,riak_core_cluster_mgr_sup}. Started: id=riak_core_service_mgr,pid=<0.944.0>.
2026-09-11 22:49:45.445216+09:00 [info] <0.943.0>@supervisor:report_progress/2:1582 Supervisor: {local,riak_core_cluster_mgr_sup}. Started: id=riak_core_connection_mgr,pid=<0.1165.0>.
2026-09-11 22:49:45.456784+09:00 [info] <0.943.0>@supervisor:report_progress/2:1582 Supervisor: {local,riak_core_cluster_mgr_sup}. Started: id=riak_core_cluster_conn_sup,pid=<0.1166.0>.
2026-09-11 22:49:45.472845+09:00 [info] <0.1167.0>@riak_core_cluster_mgr:become_leader/2:706 ClusterManager: 'openriak-kv@node-02.cluster-a.openriak' becoming the leader
2026-09-11 22:49:45.472981+09:00 [info] <0.943.0>@supervisor:report_progress/2:1582 Supervisor: {local,riak_core_cluster_mgr_sup}. Started: id=riak_repl_cluster_mgr,pid=<0.1167.0>.
2026-09-11 22:49:45.490385+09:00 [info] <0.1168.0>@riak_core_tcp_mon:init/1:167 Starting TCP Monitor
2026-09-11 22:49:45.490521+09:00 [info] <0.943.0>@supervisor:report_progress/2:1582 Supervisor: {local,riak_core_cluster_mgr_sup}. Started: id=riak_core_tcp_mon,pid=<0.1168.0>.
2026-09-11 22:49:45.493542+09:00 [info] <0.935.0>@supervisor:report_progress/2:1582 Supervisor: {local,riak_repl_sup}. Started: id=riak_core_cluster_mgr_sup,pid=<0.943.0>.
2026-09-11 22:49:45.504710+09:00 [info] <0.935.0>@supervisor:report_progress/2:1582 Supervisor: {local,riak_repl_sup}. Started: id=riak_repl2_fs_node_reserver,pid=<0.1169.0>.
2026-09-11 22:49:45.543527+09:00 [info] <0.1171.0>@supervisor:report_progress/2:1582 Supervisor: {local,riak_repl2_rtsource_sup}. Started: id=riak_repl2_rtq,pid=<0.1172.0>.
2026-09-11 22:49:45.559801+09:00 [info] <0.1171.0>@supervisor:report_progress/2:1582 Supervisor: {local,riak_repl2_rtsource_sup}. Started: id=riak_repl2_rtq_overload_counter,pid=<0.1173.0>.
2026-09-11 22:49:45.581376+09:00 [info] <0.1171.0>@supervisor:report_progress/2:1582 Supervisor: {local,riak_repl2_rtsource_sup}. Started: id=riak_repl2_rtsource_conn_sup,pid=<0.1174.0>.
2026-09-11 22:49:45.581546+09:00 [info] <0.1170.0>@supervisor:report_progress/2:1582 Supervisor: {local,riak_repl2_rt_sup}. Started: id=riak_repl2_rtsource_sup,pid=<0.1171.0>.
2026-09-11 22:49:45.596903+09:00 [info] <0.1175.0>@supervisor:report_progress/2:1582 Supervisor: {local,riak_repl2_rtsink_sup}. Started: id=riak_repl2_rtsink_pool,pid=<0.1176.0>.
2026-09-11 22:49:45.607418+09:00 [info] <0.1175.0>@supervisor:report_progress/2:1582 Supervisor: {local,riak_repl2_rtsink_sup}. Started: id=riak_repl2_rtsink_conn_sup,pid=<0.1183.0>.
2026-09-11 22:49:45.607573+09:00 [info] <0.1170.0>@supervisor:report_progress/2:1582 Supervisor: {local,riak_repl2_rt_sup}. Started: id=riak_repl2_rtsink_sup,pid=<0.1175.0>.
2026-09-11 22:49:45.607910+09:00 [info] <0.1170.0>@supervisor:report_progress/2:1582 Supervisor: {local,riak_repl2_rt_sup}. Started: id=riak_repl2_rt,pid=<0.1184.0>.
2026-09-11 22:49:45.608012+09:00 [info] <0.935.0>@supervisor:report_progress/2:1582 Supervisor: {local,riak_repl_sup}. Started: id=riak_repl2_rt_sup,pid=<0.1170.0>.
2026-09-11 22:49:45.614590+09:00 [info] <0.935.0>@supervisor:report_progress/2:1582 Supervisor: {local,riak_repl_sup}. Started: id=riak_repl2_fscoordinator_sup,pid=<0.1185.0>.
2026-09-11 22:49:45.619381+09:00 [info] <0.935.0>@supervisor:report_progress/2:1582 Supervisor: {local,riak_repl_sup}. Started: id=riak_repl2_fscoordinator_serv_sup,pid=<0.1186.0>.
2026-09-11 22:49:45.623256+09:00 [info] <0.935.0>@supervisor:report_progress/2:1582 Supervisor: {local,riak_repl_sup}. Started: id=riak_repl2_fssource_sup,pid=<0.1187.0>.
2026-09-11 22:49:45.632997+09:00 [info] <0.935.0>@supervisor:report_progress/2:1582 Supervisor: {local,riak_repl_sup}. Started: id=riak_repl2_fssink_pool,pid=<0.1188.0>.
2026-09-11 22:49:45.641248+09:00 [info] <0.935.0>@supervisor:report_progress/2:1582 Supervisor: {local,riak_repl_sup}. Started: id=riak_repl2_fssink_sup,pid=<0.1195.0>.
2026-09-11 22:49:45.650565+09:00 [info] <0.935.0>@supervisor:report_progress/2:1582 Supervisor: {local,riak_repl_sup}. Started: id=riak_repl2_pg_proxy_sup,pid=<0.1196.0>.
2026-09-11 22:49:45.678984+09:00 [info] <0.1197.0>@supervisor:report_progress/2:1582 Supervisor: {local,riak_repl2_pg_sup}. Started: id=riak_repl2_pg_block_provider_sup,pid=<0.1198.0>.
2026-09-11 22:49:45.689124+09:00 [info] <0.1197.0>@supervisor:report_progress/2:1582 Supervisor: {local,riak_repl2_pg_sup}. Started: id=riak_repl2_pg_block_requester_sup,pid=<0.1199.0>.
2026-09-11 22:49:45.689292+09:00 [info] <0.1197.0>@supervisor:report_progress/2:1582 Supervisor: {local,riak_repl2_pg_sup}. Started: id=riak_repl2_pg,pid=<0.1200.0>.
2026-09-11 22:49:45.689381+09:00 [info] <0.935.0>@supervisor:report_progress/2:1582 Supervisor: {local,riak_repl_sup}. Started: id=riak_repl2_pg_sup,pid=<0.1197.0>.
2026-09-11 22:49:45.709530+09:00 [info] <0.253.0>@supervisor:report_progress/2:1582 Supervisor: {local,riak_core_stats_sup}. Started: id=riak_core_connection_mgr_stats,pid=<0.1201.0>.
2026-09-11 22:49:45.746321+09:00 [info] <0.253.0>@supervisor:report_progress/2:1582 Supervisor: {local,riak_core_stats_sup}. Started: id=riak_repl_stats,pid=<0.1202.0>.
2026-09-11 22:49:45.770040+09:00 [info] <0.216.0>@supervisor:report_progress/2:1582 Supervisor: {local,riak_core_eventhandler_sup}. Started: id={riak_core_ring_events,riak_repl_ring_handler},pid=<0.1203.0>.
2026-09-11 22:49:45.821939+09:00 [info] <0.44.0>@application_controller:info_started/2:2130 Application: riak_repl. Started at: 'openriak-kv@node-02.cluster-a.openriak'.
2026-09-11 22:49:45.822248+09:00 [info] <0.44.0>@application_controller:info_started/2:2130 Application: canola. Started at: 'openriak-kv@node-02.cluster-a.openriak'.
2026-09-11 22:49:45.851166+09:00 [info] <0.44.0>@application_controller:info_started/2:2130 Application: riak_auth_mods. Started at: 'openriak-kv@node-02.cluster-a.openriak'.
2026-09-11 22:49:45.854332+09:00 [info] <0.44.0>@application_controller:info_started/2:2130 Application: riak_logger. Started at: 'openriak-kv@node-02.cluster-a.openriak'.
2026-09-11 22:49:49.111767+09:00 [info] <0.742.0>@leveled_monitor:handle_cast/2:647 log_ref=b0016 db_id=4 Get timing with sample_count=0 and head_time=0 body_time=0 with fetch_count=0 with sample_period=4 seconds
2026-09-11 22:49:52.894808+09:00 [info] <0.747.0>@leveled_monitor:handle_cast/2:733 log_ref=p0032 db_id=6 Fetch head timing with sample_count=0 and level timings of foundmem_time=0 found0_time=0 found1_time=0 found2_time=0 found3_time=0 foundlower_time=0 missed_time=0 with counts of foundmem_count=0 found0_count=0 found1_count=0 found2_count=0 found3_count=0 foundlower_count=0 missed_count=0 with sample_period=8 seconds
2026-09-11 22:49:56.186744+09:00 [info] <0.749.0>@leveled_monitor:handle_cast/2:668 log_ref=b0018 db_id=0 Positive HEAD responses timed with sample_count=0 and cache_count=0 found_count=0 fetch_ledger_time=0 fetch_ledgercache_time=0 rsp_time=0 notfound_time=0 with sample_period=11 seconds
2026-09-11 22:49:56.924650+09:00 [info] <0.1357.0>@supervisor_bridge:report_progress/4:139 Supervisor: {local,inet_gethost_native_sup}. Started: pid=<0.1358.0>,mfa={inet_gethost_native,init,[[]]}.
2026-09-11 22:49:56.924816+09:00 [info] <0.82.0>@supervisor:report_progress/2:1582 Supervisor: {local,kernel_safe_sup}. Started: id=inet_gethost_native_sup,pid=<0.1357.0>.
2026-09-11 22:49:56.981423+09:00 [info] <0.1167.0>@riak_core_cluster_mgr:become_proxy/2:719 ClusterManager: 'openriak-kv@node-02.cluster-a.openriak' becoming a proxy to 'openriak-kv@node-01.cluster-a.openriak'
2026-09-11 22:49:57.563034+09:00 [info] <0.745.0>@leveled_monitor:handle_cast/2:733 log_ref=p0032 db_id=1 Fetch head timing with sample_count=0 and level timings of foundmem_time=0 found0_time=0 found1_time=0 found2_time=0 found3_time=0 foundlower_time=0 missed_time=0 with counts of foundmem_count=0 found0_count=0 found1_count=0 found2_count=0 found3_count=0 foundlower_count=0 missed_count=0 with sample_period=13 seconds
2026-09-11 22:49:59.220220+09:00 [info] <0.226.0>@riak_core_gossip:log_node_added/2:362 'openriak-kv@node-05.cluster-a.openriak' joined cluster with status 'joining'
2026-09-11 22:50:03.994751+09:00 [info] <0.744.0>@leveled_monitor:handle_cast/2:778 log_ref=cdb19 db_id=5 Sample timings in microseconds for sample_count=0 with totals of cycle_count=0 index_time=0 read_time=0 with sample_period=19 seconds
2026-09-11 22:50:04.847583+09:00 [info] <0.226.0>@riak_core_gossip:log_node_changed/3:359 'openriak-kv@node-02.cluster-a.openriak' changed from 'joining' to 'valid'
2026-09-11 22:50:04.847690+09:00 [info] <0.226.0>@riak_core_gossip:log_node_changed/3:359 'openriak-kv@node-03.cluster-a.openriak' changed from 'joining' to 'valid'
2026-09-11 22:50:04.847837+09:00 [info] <0.226.0>@riak_core_gossip:log_node_changed/3:359 'openriak-kv@node-04.cluster-a.openriak' changed from 'joining' to 'valid'
2026-09-11 22:50:04.847906+09:00 [info] <0.226.0>@riak_core_gossip:log_node_changed/3:359 'openriak-kv@node-05.cluster-a.openriak' changed from 'joining' to 'valid'
2026-09-11 22:50:05.774733+09:00 [info] <0.381.0>@riak_kv_replrtq_src:handle_info/2:646 QueueName=q1_ttaaefs has queue sizes p1=0 p2=0 p3=0
2026-09-11 22:50:08.822757+09:00 [info] <0.746.0>@leveled_monitor:handle_cast/2:704 log_ref=b0017 db_id=3 Snapshot timing with sample_count=0 and bookie_time=0 pcl_time=0 with sample_period=24 seconds
2026-09-11 22:50:19.115449+09:00 [info] <0.742.0>@leveled_monitor:handle_cast/2:733 log_ref=p0032 db_id=4 Fetch head timing with sample_count=0 and level timings of foundmem_time=0 found0_time=0 found1_time=0 found2_time=0 found3_time=0 foundlower_time=0 missed_time=0 with counts of foundmem_count=0 found0_count=0 found1_count=0 found2_count=0 found3_count=0 foundlower_count=0 missed_count=0 with sample_period=34 seconds
2026-09-11 22:50:21.755767+09:00 [info] <0.743.0>@leveled_monitor:handle_cast/2:733 log_ref=p0032 db_id=2 Fetch head timing with sample_count=0 and level timings of foundmem_time=0 found0_time=0 found1_time=0 found2_time=0 found3_time=0 foundlower_time=0 missed_time=0 with counts of foundmem_count=0 found0_count=0 found1_count=0 found2_count=0 found3_count=0 foundlower_count=0 missed_count=0 with sample_period=37 seconds
2026-09-11 22:50:22.895737+09:00 [info] <0.747.0>@leveled_monitor:handle_cast/2:668 log_ref=b0018 db_id=6 Positive HEAD responses timed with sample_count=0 and cache_count=0 found_count=0 fetch_ledger_time=0 fetch_ledgercache_time=0 rsp_time=0 notfound_time=0 with sample_period=38 seconds
2026-09-11 22:50:26.187742+09:00 [info] <0.749.0>@leveled_monitor:handle_cast/2:733 log_ref=p0032 db_id=0 Fetch head timing with sample_count=0 and level timings of foundmem_time=0 found0_time=0 found1_time=0 found2_time=0 found3_time=0 foundlower_time=0 missed_time=0 with counts of foundmem_count=0 found0_count=0 found1_count=0 found2_count=0 found3_count=0 foundlower_count=0 missed_count=0 with sample_period=41 seconds
2026-09-11 22:50:27.564039+09:00 [info] <0.745.0>@leveled_monitor:handle_cast/2:778 log_ref=cdb19 db_id=1 Sample timings in microseconds for sample_count=0 with totals of cycle_count=0 index_time=0 read_time=0 with sample_period=43 seconds
2026-09-11 22:50:28.636537+09:00 [info] <0.748.0>@leveled_monitor:handle_cast/2:647 log_ref=b0016 db_id=7 Get timing with sample_count=0 and head_time=0 body_time=0 with fetch_count=0 with sample_period=44 seconds
2026-09-11 22:50:33.996195+09:00 [info] <0.744.0>@leveled_monitor:handle_cast/2:704 log_ref=b0017 db_id=5 Snapshot timing with sample_count=0 and bookie_time=0 pcl_time=0 with sample_period=49 seconds
2026-09-11 22:50:35.739759+09:00 [info] <0.380.0>@riak_kv_ttaaefs_manager:handle_info/2:785 Initiated Tictac AAE Full-Sync Mgr with scope=disabled
2026-09-11 22:50:35.740555+09:00 [info] <0.380.0>@riak_kv_ttaaefs_manager:handle_info/2:805 Initiating schedule at startup SlotInfo {2,5,1} Schedule [{no_check,24},{all_check,0},{day_check,0},{hour_check,0},{range_check,0},{auto_check,0}]
2026-09-11 22:50:35.740786+09:00 [info] <0.380.0>@riak_kv_ttaaefs_manager:handle_info/2:823 Scheduling work_item=no_check in 1331 seconds 23 items to run in schedule
2026-09-11 22:50:35.775837+09:00 [info] <0.381.0>@riak_kv_replrtq_src:handle_info/2:646 QueueName=q1_ttaaefs has queue sizes p1=0 p2=0 p3=0
2026-09-11 22:50:35.833535+09:00 [info] <0.387.0>@riak_kv_overflow_queue:log/5:133 riak_kv_reaper job_id=0 has attempts=0 aborts=0 Queue lengths queue_p2=0 queue_p1=0 Overflow lengths overflow_p2=0 overflow_p1=0 Discard counts discard_p2=0 discard_p1=0
2026-09-11 22:50:35.846842+09:00 [info] <0.388.0>@riak_kv_overflow_queue:log/5:133 riak_kv_eraser job_id=0 has attempts=0 aborts=0 Queue lengths queue_p2=0 queue_p1=0 Overflow lengths overflow_p2=0 overflow_p1=0 Discard counts discard_p2=0 discard_p1=0
2026-09-11 22:50:35.861797+09:00 [info] <0.389.0>@riak_kv_overflow_queue:log/5:133 riak_kv_reader job_id=0 has attempts=0 aborts=0 Queue lengths queue_p2=0 queue_p1=0 Overflow lengths overflow_p2=0 overflow_p1=0 Discard counts discard_p2=0 discard_p1=0
2026-09-11 22:50:36.384623+09:00 [info] <0.561.0>@riak_core_worker_pool:handle_info/3:257 worker_pool=af1_pool has qlen=0 and no items checked out
2026-09-11 22:50:36.387745+09:00 [info] <0.566.0>@riak_core_worker_pool:handle_info/3:257 worker_pool=af2_pool has qlen=0 and no items checked out
2026-09-11 22:50:36.387873+09:00 [info] <0.570.0>@riak_core_worker_pool:handle_info/3:257 worker_pool=af3_pool has qlen=0 and no items checked out
2026-09-11 22:50:36.391829+09:00 [info] <0.577.0>@riak_core_worker_pool:handle_info/3:257 worker_pool=af4_pool has qlen=0 and no items checked out
2026-09-11 22:50:36.391947+09:00 [info] <0.581.0>@riak_core_worker_pool:handle_info/3:257 worker_pool=be_pool has qlen=0 and no items checked out
2026-09-11 22:50:45.828494+09:00 [warning] <0.737.0>@leveled_bookie:handle_call/3:1754 log_ref=b0011 db_id=6 Call to destroy the store and so all files to be removed
2026-09-11 22:50:45.828671+09:00 [warning] <0.754.0>@leveled_inker:handle_call/3:780 log_ref=i0018 db_id=6 We're doomed - intention recorded to destroy all files
2026-09-11 22:50:45.828764+09:00 [info] <0.754.0>@leveled_inker:handle_call/3:784 log_ref=i0005 db_id=6 Inker closing journal for reason doom
2026-09-11 22:50:45.828862+09:00 [info] <0.754.0>@leveled_inker:handle_call/3:786 log_ref=i0006 db_id=6 Close triggered with journal_sqn=0 and manifest_sqn=2
2026-09-11 22:50:45.829012+09:00 [info] <0.754.0>@leveled_inker:shutdown_manifest/1:1040 log_ref=i0007 db_id=6 Inker manifest when closing is:
2026-09-11 22:50:45.832389+09:00 [warning] <0.781.0>@leveled_penciller:handle_call/3:1097 log_ref=p0030 db_id=6 We're doomed - intention recorded to destroy all files
2026-09-11 22:50:45.832546+09:00 [info] <0.791.0>@leveled_pclerk:terminate/2:178 log_ref=pc005 db_id=6 Penciller's Clerk <0.791.0> shutdown now complete for reason normal
2026-09-11 22:50:45.839354+09:00 [info] <0.737.0>@leveled_bookie:terminate/2:1827 log_ref=b0003 db_id=6 Bookie closing for reason normal
2026-09-11 22:50:45.839558+09:00 [info] <0.839.0>@aae_treecache:handle_cast/2:354 log_ref=c0004 Destroying tree cache for partition {1096126227998177188652763624537212264741949407232,3}
2026-09-11 22:50:45.839682+09:00 [info] <0.831.0>@aae_treecache:handle_cast/2:354 log_ref=c0004 Destroying tree cache for partition {913438523331814323877303020447676887284957839360,3}
2026-09-11 22:50:45.839777+09:00 [info] <0.825.0>@aae_treecache:handle_cast/2:354 log_ref=c0004 Destroying tree cache for partition {730750818665451459101842416358141509827966271488,3}
2026-09-11 22:50:45.839895+09:00 [info] <0.715.0>@riak_core_vnode:finish_handoff/2:788 1096126227998177188652763624537212264741949407232 riak_kv_vnode vnode finished handoff and deleted in 25 milliseconds
2026-09-11 22:50:46.375824+09:00 [info] <0.698.0>@riak_core_vnode:finish_handoff/2:788 0 riak_pipe_vnode vnode finished handoff and deleted in 0 milliseconds
2026-09-11 22:50:49.115735+09:00 [info] <0.742.0>@leveled_monitor:handle_cast/2:778 log_ref=cdb19 db_id=4 Sample timings in microseconds for sample_count=0 with totals of cycle_count=0 index_time=0 read_time=0 with sample_period=64 seconds
2026-09-11 22:50:51.756761+09:00 [info] <0.743.0>@leveled_monitor:handle_cast/2:647 log_ref=b0016 db_id=2 Get timing with sample_count=0 and head_time=0 body_time=0 with fetch_count=0 with sample_period=67 seconds
2026-09-11 22:50:54.743203+09:00 [warning] <0.738.0>@leveled_bookie:handle_call/3:1754 log_ref=b0011 db_id=3 Call to destroy the store and so all files to be removed
2026-09-11 22:50:54.743363+09:00 [warning] <0.755.0>@leveled_inker:handle_call/3:780 log_ref=i0018 db_id=3 We're doomed - intention recorded to destroy all files
2026-09-11 22:50:54.743443+09:00 [info] <0.755.0>@leveled_inker:handle_call/3:784 log_ref=i0005 db_id=3 Inker closing journal for reason doom
2026-09-11 22:50:54.743538+09:00 [info] <0.755.0>@leveled_inker:handle_call/3:786 log_ref=i0006 db_id=3 Close triggered with journal_sqn=0 and manifest_sqn=2
2026-09-11 22:50:54.743667+09:00 [info] <0.755.0>@leveled_inker:shutdown_manifest/1:1040 log_ref=i0007 db_id=3 Inker manifest when closing is:
2026-09-11 22:50:54.744068+09:00 [warning] <0.785.0>@leveled_penciller:handle_call/3:1097 log_ref=p0030 db_id=3 We're doomed - intention recorded to destroy all files
2026-09-11 22:50:54.744159+09:00 [info] <0.786.0>@leveled_pclerk:terminate/2:178 log_ref=pc005 db_id=3 Penciller's Clerk <0.786.0> shutdown now complete for reason normal
2026-09-11 22:50:54.747902+09:00 [info] <0.738.0>@leveled_bookie:terminate/2:1827 log_ref=b0003 db_id=3 Bookie closing for reason normal
2026-09-11 22:50:54.748085+09:00 [info] <0.840.0>@aae_treecache:handle_cast/2:354 log_ref=c0004 Destroying tree cache for partition {548063113999088594326381812268606132370974703616,3}
2026-09-11 22:50:54.748218+09:00 [info] <0.832.0>@aae_treecache:handle_cast/2:354 log_ref=c0004 Destroying tree cache for partition {365375409332725729550921208179070754913983135744,3}
2026-09-11 22:50:54.748353+09:00 [info] <0.824.0>@aae_treecache:handle_cast/2:354 log_ref=c0004 Destroying tree cache for partition {182687704666362864775460604089535377456991567872,3}
2026-09-11 22:50:54.748499+09:00 [info] <0.712.0>@riak_core_vnode:finish_handoff/2:788 548063113999088594326381812268606132370974703616 riak_kv_vnode vnode finished handoff and deleted in 9 milliseconds
2026-09-11 22:50:55.188097+09:00 [warning] <0.734.0>@leveled_bookie:handle_call/3:1754 log_ref=b0011 db_id=4 Call to destroy the store and so all files to be removed
2026-09-11 22:50:55.188223+09:00 [warning] <0.759.0>@leveled_inker:handle_call/3:780 log_ref=i0018 db_id=4 We're doomed - intention recorded to destroy all files
2026-09-11 22:50:55.188321+09:00 [info] <0.759.0>@leveled_inker:handle_call/3:784 log_ref=i0005 db_id=4 Inker closing journal for reason doom
2026-09-11 22:50:55.188393+09:00 [info] <0.759.0>@leveled_inker:handle_call/3:786 log_ref=i0006 db_id=4 Close triggered with journal_sqn=0 and manifest_sqn=2
2026-09-11 22:50:55.188539+09:00 [info] <0.759.0>@leveled_inker:shutdown_manifest/1:1040 log_ref=i0007 db_id=4 Inker manifest when closing is:
2026-09-11 22:50:55.188759+09:00 [warning] <0.784.0>@leveled_penciller:handle_call/3:1097 log_ref=p0030 db_id=4 We're doomed - intention recorded to destroy all files
2026-09-11 22:50:55.188866+09:00 [info] <0.787.0>@leveled_pclerk:terminate/2:178 log_ref=pc005 db_id=4 Penciller's Clerk <0.787.0> shutdown now complete for reason normal
2026-09-11 22:50:55.191072+09:00 [info] <0.734.0>@leveled_bookie:terminate/2:1827 log_ref=b0003 db_id=4 Bookie closing for reason normal
2026-09-11 22:50:55.191263+09:00 [info] <0.834.0>@aae_treecache:handle_cast/2:354 log_ref=c0004 Destroying tree cache for partition {730750818665451459101842416358141509827966271488,3}
2026-09-11 22:50:55.191482+09:00 [info] <0.823.0>@aae_treecache:handle_cast/2:354 log_ref=c0004 Destroying tree cache for partition {365375409332725729550921208179070754913983135744,3}
2026-09-11 22:50:55.191617+09:00 [info] <0.713.0>@riak_core_vnode:finish_handoff/2:788 730750818665451459101842416358141509827966271488 riak_kv_vnode vnode finished handoff and deleted in 7 milliseconds
2026-09-11 22:50:55.191377+09:00 [info] <0.826.0>@aae_treecache:handle_cast/2:354 log_ref=c0004 Destroying tree cache for partition {548063113999088594326381812268606132370974703616,3}
2026-09-11 22:50:56.188741+09:00 [info] <0.749.0>@leveled_monitor:handle_cast/2:687 log_ref=b0015 db_id=0 Put timing with sample_count=0 ink_time=0 prep_time=0 mem_time=0 with total_object_size=0 with sample_period=71 seconds
2026-09-11 22:50:56.978819+09:00 [info] <0.921.0>@riak_core_vnode:finish_handoff/2:788 548063113999088594326381812268606132370974703616 riak_pipe_vnode vnode finished handoff and deleted in 0 milliseconds
2026-09-11 22:51:03.996751+09:00 [info] <0.744.0>@leveled_monitor:handle_cast/2:668 log_ref=b0018 db_id=5 Positive HEAD responses timed with sample_count=0 and cache_count=0 found_count=0 fetch_ledger_time=0 fetch_ledgercache_time=0 rsp_time=0 notfound_time=0 with sample_period=79 seconds
2026-09-11 22:51:05.785479+09:00 [info] <0.381.0>@riak_kv_replrtq_src:handle_info/2:646 QueueName=q1_ttaaefs has queue sizes p1=0 p2=0 p3=0
2026-09-11 22:51:13.425852+09:00 [warning] <0.735.0>@leveled_bookie:handle_call/3:1754 log_ref=b0011 db_id=0 Call to destroy the store and so all files to be removed
2026-09-11 22:51:13.425996+09:00 [warning] <0.753.0>@leveled_inker:handle_call/3:780 log_ref=i0018 db_id=0 We're doomed - intention recorded to destroy all files
2026-09-11 22:51:13.426147+09:00 [info] <0.753.0>@leveled_inker:handle_call/3:784 log_ref=i0005 db_id=0 Inker closing journal for reason doom
2026-09-11 22:51:13.426224+09:00 [info] <0.753.0>@leveled_inker:handle_call/3:786 log_ref=i0006 db_id=0 Close triggered with journal_sqn=0 and manifest_sqn=2
2026-09-11 22:51:13.426335+09:00 [info] <0.753.0>@leveled_inker:shutdown_manifest/1:1040 log_ref=i0007 db_id=0 Inker manifest when closing is:
2026-09-11 22:51:13.429604+09:00 [warning] <0.779.0>@leveled_penciller:handle_call/3:1097 log_ref=p0030 db_id=0 We're doomed - intention recorded to destroy all files
2026-09-11 22:51:13.429740+09:00 [info] <0.793.0>@leveled_pclerk:terminate/2:178 log_ref=pc005 db_id=0 Penciller's Clerk <0.793.0> shutdown now complete for reason normal
2026-09-11 22:51:13.447852+09:00 [info] <0.735.0>@leveled_bookie:terminate/2:1827 log_ref=b0003 db_id=0 Bookie closing for reason normal
2026-09-11 22:51:13.448047+09:00 [info] <0.835.0>@aae_treecache:handle_cast/2:354 log_ref=c0004 Destroying tree cache for partition {0,3}
2026-09-11 22:51:13.448163+09:00 [info] <0.827.0>@aae_treecache:handle_cast/2:354 log_ref=c0004 Destroying tree cache for partition {1278813932664540053428224228626747642198940975104,3}
2026-09-11 22:51:13.448272+09:00 [info] <0.821.0>@aae_treecache:handle_cast/2:354 log_ref=c0004 Destroying tree cache for partition {1096126227998177188652763624537212264741949407232,3}
2026-09-11 22:51:13.448429+09:00 [info] <0.709.0>@riak_core_vnode:finish_handoff/2:788 0 riak_kv_vnode vnode finished handoff and deleted in 40 milliseconds
2026-09-11 22:51:13.647819+09:00 [info] <0.933.0>@riak_core_vnode:finish_handoff/2:788 1278813932664540053428224228626747642198940975104 riak_pipe_vnode vnode finished handoff and deleted in 0 milliseconds
2026-09-11 22:51:14.601566+09:00 [info] <0.924.0>@riak_core_vnode:finish_handoff/2:788 730750818665451459101842416358141509827966271488 riak_pipe_vnode vnode finished handoff and deleted in 0 milliseconds
2026-09-11 22:51:17.622120+09:00 [warning] <0.741.0>@leveled_bookie:handle_call/3:1754 log_ref=b0011 db_id=2 Call to destroy the store and so all files to be removed
2026-09-11 22:51:17.622420+09:00 [warning] <0.758.0>@leveled_inker:handle_call/3:780 log_ref=i0018 db_id=2 We're doomed - intention recorded to destroy all files
2026-09-11 22:51:17.622585+09:00 [info] <0.758.0>@leveled_inker:handle_call/3:784 log_ref=i0005 db_id=2 Inker closing journal for reason doom
2026-09-11 22:51:17.622707+09:00 [info] <0.758.0>@leveled_inker:handle_call/3:786 log_ref=i0006 db_id=2 Close triggered with journal_sqn=0 and manifest_sqn=2
2026-09-11 22:51:17.623067+09:00 [info] <0.758.0>@leveled_inker:shutdown_manifest/1:1040 log_ref=i0007 db_id=2 Inker manifest when closing is:
2026-09-11 22:51:17.623248+09:00 [warning] <0.782.0>@leveled_penciller:handle_call/3:1097 log_ref=p0030 db_id=2 We're doomed - intention recorded to destroy all files
2026-09-11 22:51:17.623381+09:00 [info] <0.790.0>@leveled_pclerk:terminate/2:178 log_ref=pc005 db_id=2 Penciller's Clerk <0.790.0> shutdown now complete for reason normal
2026-09-11 22:51:17.625735+09:00 [info] <0.741.0>@leveled_bookie:terminate/2:1827 log_ref=b0003 db_id=2 Bookie closing for reason normal
2026-09-11 22:51:17.625893+09:00 [info] <0.841.0>@aae_treecache:handle_cast/2:354 log_ref=c0004 Destroying tree cache for partition {365375409332725729550921208179070754913983135744,3}
2026-09-11 22:51:17.625975+09:00 [info] <0.833.0>@aae_treecache:handle_cast/2:354 log_ref=c0004 Destroying tree cache for partition {182687704666362864775460604089535377456991567872,3}
2026-09-11 22:51:17.626037+09:00 [info] <0.822.0>@aae_treecache:handle_cast/2:354 log_ref=c0004 Destroying tree cache for partition {0,3}
2026-09-11 22:51:17.626211+09:00 [info] <0.711.0>@riak_core_vnode:finish_handoff/2:788 365375409332725729550921208179070754913983135744 riak_kv_vnode vnode finished handoff and deleted in 16 milliseconds
2026-09-11 22:51:19.453088+09:00 [warning] <0.736.0>@leveled_bookie:handle_call/3:1754 log_ref=b0011 db_id=7 Call to destroy the store and so all files to be removed
2026-09-11 22:51:19.453248+09:00 [warning] <0.752.0>@leveled_inker:handle_call/3:780 log_ref=i0018 db_id=7 We're doomed - intention recorded to destroy all files
2026-09-11 22:51:19.453330+09:00 [info] <0.752.0>@leveled_inker:handle_call/3:784 log_ref=i0005 db_id=7 Inker closing journal for reason doom
2026-09-11 22:51:19.453428+09:00 [info] <0.752.0>@leveled_inker:handle_call/3:786 log_ref=i0006 db_id=7 Close triggered with journal_sqn=0 and manifest_sqn=2
2026-09-11 22:51:19.453555+09:00 [info] <0.752.0>@leveled_inker:shutdown_manifest/1:1040 log_ref=i0007 db_id=7 Inker manifest when closing is:
2026-09-11 22:51:19.457941+09:00 [warning] <0.783.0>@leveled_penciller:handle_call/3:1097 log_ref=p0030 db_id=7 We're doomed - intention recorded to destroy all files
2026-09-11 22:51:19.458095+09:00 [info] <0.789.0>@leveled_pclerk:terminate/2:178 log_ref=pc005 db_id=7 Penciller's Clerk <0.789.0> shutdown now complete for reason normal
2026-09-11 22:51:19.461821+09:00 [info] <0.736.0>@leveled_bookie:terminate/2:1827 log_ref=b0003 db_id=7 Bookie closing for reason normal
2026-09-11 22:51:19.462340+09:00 [info] <0.837.0>@aae_treecache:handle_cast/2:354 log_ref=c0004 Destroying tree cache for partition {1278813932664540053428224228626747642198940975104,3}
2026-09-11 22:51:19.462505+09:00 [info] <0.829.0>@aae_treecache:handle_cast/2:354 log_ref=c0004 Destroying tree cache for partition {1096126227998177188652763624537212264741949407232,3}
2026-09-11 22:51:19.462624+09:00 [info] <0.819.0>@aae_treecache:handle_cast/2:354 log_ref=c0004 Destroying tree cache for partition {913438523331814323877303020447676887284957839360,3}
2026-09-11 22:51:19.462795+09:00 [info] <0.716.0>@riak_core_vnode:finish_handoff/2:788 1278813932664540053428224228626747642198940975104 riak_kv_vnode vnode finished handoff and deleted in 19 milliseconds
2026-09-11 22:51:21.513137+09:00 [info] <0.930.0>@riak_core_vnode:finish_handoff/2:788 1096126227998177188652763624537212264741949407232 riak_pipe_vnode vnode finished handoff and deleted in 0 milliseconds
2026-09-11 22:51:27.565748+09:00 [info] <0.745.0>@leveled_monitor:handle_cast/2:687 log_ref=b0015 db_id=1 Put timing with sample_count=0 ink_time=0 prep_time=0 mem_time=0 with total_object_size=0 with sample_period=103 seconds
2026-09-11 22:51:33.997756+09:00 [info] <0.744.0>@leveled_monitor:handle_cast/2:647 log_ref=b0016 db_id=5 Get timing with sample_count=0 and head_time=0 body_time=0 with fetch_count=0 with sample_period=109 seconds
2026-09-11 22:51:34.786722+09:00 [info] <0.561.0>@riak_core_worker_pool:handle_info/3:257 worker_pool=af1_pool has qlen=0 and no items checked out
2026-09-11 22:51:35.654687+09:00 [info] <0.570.0>@riak_core_worker_pool:handle_info/3:257 worker_pool=af3_pool has qlen=0 and no items checked out
2026-09-11 22:51:35.785875+09:00 [info] <0.381.0>@riak_kv_replrtq_src:handle_info/2:646 QueueName=q1_ttaaefs has queue sizes p1=0 p2=0 p3=0
2026-09-11 22:51:35.834049+09:00 [info] <0.566.0>@riak_core_worker_pool:handle_info/3:257 worker_pool=af2_pool has qlen=0 and no items checked out
2026-09-11 22:51:35.838905+09:00 [info] <0.387.0>@riak_kv_overflow_queue:log/5:133 riak_kv_reaper job_id=0 has attempts=0 aborts=0 Queue lengths queue_p2=0 queue_p1=0 Overflow lengths overflow_p2=0 overflow_p1=0 Discard counts discard_p2=0 discard_p1=0
2026-09-11 22:51:35.847717+09:00 [info] <0.388.0>@riak_kv_overflow_queue:log/5:133 riak_kv_eraser job_id=0 has attempts=0 aborts=0 Queue lengths queue_p2=0 queue_p1=0 Overflow lengths overflow_p2=0 overflow_p1=0 Discard counts discard_p2=0 discard_p1=0
2026-09-11 22:51:35.849671+09:00 [info] <0.577.0>@riak_core_worker_pool:handle_info/3:257 worker_pool=af4_pool has qlen=0 and no items checked out
2026-09-11 22:51:35.864698+09:00 [info] <0.389.0>@riak_kv_overflow_queue:log/5:133 riak_kv_reader job_id=0 has attempts=0 aborts=0 Queue lengths queue_p2=0 queue_p1=0 Overflow lengths overflow_p2=0 overflow_p1=0 Discard counts discard_p2=0 discard_p1=0
2026-09-11 22:51:36.082054+09:00 [info] <0.581.0>@riak_core_worker_pool:handle_info/3:257 worker_pool=be_pool has qlen=0 and no items checked out
2026-09-11 22:51:37.288993+09:00 [info] <0.918.0>@riak_core_vnode:finish_handoff/2:788 365375409332725729550921208179070754913983135744 riak_pipe_vnode vnode finished handoff and deleted in 0 milliseconds
2026-09-11 22:51:57.566735+09:00 [info] <0.745.0>@leveled_monitor:handle_cast/2:704 log_ref=b0017 db_id=1 Snapshot timing with sample_count=0 and bookie_time=0 pcl_time=0 with sample_period=133 seconds
2026-09-11 22:52:03.998989+09:00 [info] <0.744.0>@leveled_monitor:handle_cast/2:687 log_ref=b0015 db_id=5 Put timing with sample_count=0 ink_time=0 prep_time=0 mem_time=0 with total_object_size=0 with sample_period=139 seconds
2026-09-11 22:52:05.786718+09:00 [info] <0.381.0>@riak_kv_replrtq_src:handle_info/2:646 QueueName=q1_ttaaefs has queue sizes p1=0 p2=0 p3=0
2026-09-11 22:52:27.567735+09:00 [info] <0.745.0>@leveled_monitor:handle_cast/2:668 log_ref=b0018 db_id=1 Positive HEAD responses timed with sample_count=0 and cache_count=0 found_count=0 fetch_ledger_time=0 fetch_ledgercache_time=0 rsp_time=0 notfound_time=0 with sample_period=163 seconds
2026-09-11 22:52:30.136721+09:00 [info] <0.561.0>@riak_core_worker_pool:handle_info/3:257 worker_pool=af1_pool has qlen=0 and no items checked out
2026-09-11 22:52:30.827751+09:00 [info] <0.566.0>@riak_core_worker_pool:handle_info/3:257 worker_pool=af2_pool has qlen=0 and no items checked out
2026-09-11 22:52:31.137493+09:00 [info] <0.581.0>@riak_core_worker_pool:handle_info/3:257 worker_pool=be_pool has qlen=0 and no items checked out
2026-09-11 22:52:33.859083+09:00 [info] <0.570.0>@riak_core_worker_pool:handle_info/3:257 worker_pool=af3_pool has qlen=0 and no items checked out
2026-09-11 22:52:35.609671+09:00 [info] <0.577.0>@riak_core_worker_pool:handle_info/3:257 worker_pool=af4_pool has qlen=0 and no items checked out
2026-09-11 22:52:35.787756+09:00 [info] <0.381.0>@riak_kv_replrtq_src:handle_info/2:646 QueueName=q1_ttaaefs has queue sizes p1=0 p2=0 p3=0
2026-09-11 22:52:35.839822+09:00 [info] <0.387.0>@riak_kv_overflow_queue:log/5:133 riak_kv_reaper job_id=0 has attempts=0 aborts=0 Queue lengths queue_p2=0 queue_p1=0 Overflow lengths overflow_p2=0 overflow_p1=0 Discard counts discard_p2=0 discard_p1=0
2026-09-11 22:52:35.848782+09:00 [info] <0.388.0>@riak_kv_overflow_queue:log/5:133 riak_kv_eraser job_id=0 has attempts=0 aborts=0 Queue lengths queue_p2=0 queue_p1=0 Overflow lengths overflow_p2=0 overflow_p1=0 Discard counts discard_p2=0 discard_p1=0
2026-09-11 22:52:35.865783+09:00 [info] <0.389.0>@riak_kv_overflow_queue:log/5:133 riak_kv_reader job_id=0 has attempts=0 aborts=0 Queue lengths queue_p2=0 queue_p1=0 Overflow lengths overflow_p2=0 overflow_p1=0 Discard counts discard_p2=0 discard_p1=0
2026-09-11 22:52:57.568696+09:00 [info] <0.745.0>@leveled_monitor:handle_cast/2:647 log_ref=b0016 db_id=1 Get timing with sample_count=0 and head_time=0 body_time=0 with fetch_count=0 with sample_period=193 seconds
2026-09-11 22:53:04.000740+09:00 [info] <0.744.0>@leveled_monitor:handle_cast/2:733 log_ref=p0032 db_id=5 Fetch head timing with sample_count=0 and level timings of foundmem_time=0 found0_time=0 found1_time=0 found2_time=0 found3_time=0 foundlower_time=0 missed_time=0 with counts of foundmem_count=0 found0_count=0 found1_count=0 found2_count=0 found3_count=0 foundlower_count=0 missed_count=0 with sample_period=199 seconds
2026-09-11 22:53:05.788727+09:00 [info] <0.381.0>@riak_kv_replrtq_src:handle_info/2:646 QueueName=q1_ttaaefs has queue sizes p1=0 p2=0 p3=0
2026-09-11 22:53:18.111843+09:00 [info] <0.609.0>@riak_repl_app:prep_stop/1:336 Redirecting realtime replication traffic
2026-09-11 22:53:18.142732+09:00 [info] <0.82.0>@supervisor:report_progress/2:1582 Supervisor: {local,kernel_safe_sup}. Started: id=riak_repl2_rtq_proxy,pid=<0.4910.0>.
2026-09-11 22:53:18.143074+09:00 [info] <0.609.0>@riak_repl_app:prep_stop/1:339 Stopping application riak_repl - marked service down.
2026-09-11 22:53:18.153675+09:00 [info] <0.4911.0>@riak_repl_migration:init/1:33 Riak replication migration server started
2026-09-11 22:53:18.153803+09:00 [info] <0.609.0>@riak_repl_app:prep_stop/1:343 Started migration server
2026-09-11 22:53:18.153886+09:00 [info] <0.4911.0>@riak_repl_migration:handle_call/3:37 Realtime Repl queue migration sleeping
2026-09-11 22:53:18.254752+09:00 [info] <0.4911.0>@riak_repl_migration:handle_info/2:50 Queue empty, no replication queue migration required
2026-09-11 22:53:19.258908+09:00 [info] <0.609.0>@riak_repl_app:stop/1:139 Stopped application riak_repl
2026-09-11 22:53:19.273891+09:00 [info] <0.353.0>@riak_kv_app:prep_stop/1:275 Stopping application riak_kv - marked service down.
2026-09-11 22:53:19.274283+09:00 [info] <0.353.0>@riak_kv_app:prep_stop/1:279 Unregistered pb services
2026-09-11 22:53:19.281789+09:00 [info] <0.353.0>@riak_kv_app:prep_stop/1:284 unregistered webmachine routes
2026-09-11 22:53:19.283499+09:00 [info] <0.353.0>@riak_kv_app:prep_stop/1:286 all active put FSMs completed
2026-09-11 22:53:19.285830+09:00 [info] <0.353.0>@riak_kv_app:stop/1:297 Stopped  application riak_kv.
2026-09-11 22:53:19.298652+09:00 [info] <0.756.0>@leveled_inker:handle_call/3:784 log_ref=i0005 db_id=5 Inker closing journal for reason close
2026-09-11 22:53:19.298675+09:00 [info] <0.757.0>@leveled_inker:handle_call/3:784 log_ref=i0005 db_id=1 Inker closing journal for reason close
2026-09-11 22:53:19.298762+09:00 [info] <0.757.0>@leveled_inker:handle_call/3:786 log_ref=i0006 db_id=1 Close triggered with journal_sqn=5 and manifest_sqn=2
2026-09-11 22:53:19.298762+09:00 [info] <0.756.0>@leveled_inker:handle_call/3:786 log_ref=i0006 db_id=5 Close triggered with journal_sqn=0 and manifest_sqn=2
2026-09-11 22:53:19.298882+09:00 [info] <0.757.0>@leveled_inker:shutdown_manifest/1:1040 log_ref=i0007 db_id=1 Inker manifest when closing is:
2026-09-11 22:53:19.298904+09:00 [info] <0.756.0>@leveled_inker:shutdown_manifest/1:1040 log_ref=i0007 db_id=5 Inker manifest when closing is:
2026-09-11 22:53:19.299469+09:00 [info] <0.788.0>@leveled_pclerk:terminate/2:178 log_ref=pc005 db_id=1 Penciller's Clerk <0.788.0> shutdown now complete for reason normal
2026-09-11 22:53:19.299599+09:00 [info] <0.778.0>@leveled_penciller:handle_call/3:1072 log_ref=p0008 db_id=1 Penciller closing for reason close
2026-09-11 22:53:19.299688+09:00 [info] <0.778.0>@leveled_penciller:handle_call/3:1088 log_ref=p0010 db_id=1 level zero discarded_count=0 on close of Penciller
2026-09-11 22:53:19.299863+09:00 [info] <0.739.0>@leveled_bookie:terminate/2:1827 log_ref=b0003 db_id=1 Bookie closing for reason normal
2026-09-11 22:53:19.302622+09:00 [info] <0.792.0>@leveled_pclerk:terminate/2:178 log_ref=pc005 db_id=5 Penciller's Clerk <0.792.0> shutdown now complete for reason normal
2026-09-11 22:53:19.302782+09:00 [info] <0.780.0>@leveled_penciller:handle_call/3:1072 log_ref=p0008 db_id=5 Penciller closing for reason close
2026-09-11 22:53:19.303001+09:00 [info] <0.780.0>@leveled_penciller:handle_call/3:1088 log_ref=p0010 db_id=5 level zero discarded_count=0 on close of Penciller
2026-09-11 22:53:19.303174+09:00 [info] <0.740.0>@leveled_bookie:terminate/2:1827 log_ref=b0003 db_id=5 Bookie closing for reason normal
2026-09-11 22:53:19.348913+09:00 [info] <0.4910.0>@riak_repl2_rtq_proxy:handle_info/2:94 rtq proxy target 'openriak-kv@node-05.cluster-a.openriak' is down
2026-09-11 22:53:19.370936+09:00 [info] <0.836.0>@aae_treecache:save_to_disk/3:403 log_ref=c0003 Saving tree cache to path /var/lib/riak/tictac_aae/182687704666362864775460604089535377456991567872/aaetree/182687704666362864775460604089535377456991567872_3/ and filename 1.pnd
2026-09-11 22:53:19.371657+09:00 [info] <0.838.0>@aae_treecache:save_to_disk/3:403 log_ref=c0003 Saving tree cache to path /var/lib/riak/tictac_aae/913438523331814323877303020447676887284957839360/aaetree/913438523331814323877303020447676887284957839360_3/ and filename 1.pnd
2026-09-11 22:53:19.419510+09:00 [info] <0.830.0>@aae_treecache:save_to_disk/3:403 log_ref=c0003 Saving tree cache to path /var/lib/riak/tictac_aae/913438523331814323877303020447676887284957839360/aaetree/730750818665451459101842416358141509827966271488_3/ and filename 1.pnd
2026-09-11 22:53:19.430626+09:00 [info] <0.828.0>@aae_treecache:save_to_disk/3:403 log_ref=c0003 Saving tree cache to path /var/lib/riak/tictac_aae/182687704666362864775460604089535377456991567872/aaetree/0_3/ and filename 1.pnd
2026-09-11 22:53:19.451463+09:00 [info] <0.4910.0>@riak_repl2_rtq_proxy:handle_info/2:94 rtq proxy target 'openriak-kv@node-03.cluster-a.openriak' is down
2026-09-11 22:53:19.481658+09:00 [info] <0.820.0>@aae_treecache:save_to_disk/3:403 log_ref=c0003 Saving tree cache to path /var/lib/riak/tictac_aae/182687704666362864775460604089535377456991567872/aaetree/1278813932664540053428224228626747642198940975104_3/ and filename 1.pnd
2026-09-11 22:53:19.504219+09:00 [info] <0.818.0>@aae_treecache:save_to_disk/3:403 log_ref=c0003 Saving tree cache to path /var/lib/riak/tictac_aae/913438523331814323877303020447676887284957839360/aaetree/548063113999088594326381812268606132370974703616_3/ and filename 1.pnd
2026-09-11 22:53:19.506662+09:00 [info] <0.211.0>@riak_core_app:stop/1:118 Stopped  application riak_core.
