2026-09-11 19:47:15.760048+09:00 [info] <0.44.0>@application_controller:info_started/2:2130 Application: kernel. Started at: 'openriak-kv@node-01.cluster-a.openriak'.
2026-09-11 19:47:15.764327+09:00 [info] <0.44.0>@application_controller:info_started/2:2130 Application: stdlib. Started at: 'openriak-kv@node-01.cluster-a.openriak'.
2026-09-11 19:47:15.764472+09:00 [info] <0.44.0>@application_controller:info_started/2:2130 Application: asn1. Started at: 'openriak-kv@node-01.cluster-a.openriak'.
2026-09-11 19:47:15.764585+09:00 [info] <0.44.0>@application_controller:info_started/2:2130 Application: crypto. Started at: 'openriak-kv@node-01.cluster-a.openriak'.
2026-09-11 19:47:15.764657+09:00 [info] <0.44.0>@application_controller:info_started/2:2130 Application: public_key. Started at: 'openriak-kv@node-01.cluster-a.openriak'.
2026-09-11 19:47:15.769085+09:00 [info] <0.77.0>@supervisor:report_progress/2:1582 Supervisor: {local,logger_sup}. Started: id=ssl_handler,pid=<0.99.0>.
2026-09-11 19:47:15.773770+09:00 [info] <0.102.0>@supervisor:report_progress/2:1582 Supervisor: {local,ssl_admin_sup}. Started: id=ssl_pem_cache,pid=<0.103.0>.
2026-09-11 19:47:15.777079+09:00 [info] <0.102.0>@supervisor:report_progress/2:1582 Supervisor: {local,ssl_admin_sup}. Started: id=ssl_manager,pid=<0.104.0>.
2026-09-11 19:47:15.778196+09:00 [info] <0.102.0>@supervisor:report_progress/2:1582 Supervisor: {local,ssl_admin_sup}. Started: id=tls_client_ticket_store,pid=<0.105.0>.
2026-09-11 19:47:15.778329+09:00 [info] <0.101.0>@supervisor:report_progress/2:1582 Supervisor: {local,ssl_sup}. Started: id=ssl_admin_sup,pid=<0.102.0>.
2026-09-11 19:47:15.780208+09:00 [info] <0.107.0>@supervisor:report_progress/2:1582 Supervisor: {local,tls_sup}. Started: id=tls_connection_sup,pid=<0.108.0>.
2026-09-11 19:47:15.781539+09:00 [info] <0.109.0>@supervisor:report_progress/2:1582 Supervisor: {local,tls_server_sup}. Started: id=ssl_listen_tracker_sup,pid=<0.110.0>.
2026-09-11 19:47:15.782605+09:00 [info] <0.109.0>@supervisor:report_progress/2:1582 Supervisor: {local,tls_server_sup}. Started: id=tls_server_session_ticket,pid=<0.111.0>.
2026-09-11 19:47:15.783662+09:00 [info] <0.109.0>@supervisor:report_progress/2:1582 Supervisor: {local,tls_server_sup}. Started: id=ssl_server_session_cache_sup,pid=<0.112.0>.
2026-09-11 19:47:15.784529+09:00 [info] <0.109.0>@supervisor:report_progress/2:1582 Supervisor: {local,tls_server_sup}. Started: id=ssl_upgrade_server_session_cache_sup,pid=<0.113.0>.
2026-09-11 19:47:15.784640+09:00 [info] <0.107.0>@supervisor:report_progress/2:1582 Supervisor: {local,tls_sup}. Started: id=tls_server_sup,pid=<0.109.0>.
2026-09-11 19:47:15.784730+09:00 [info] <0.106.0>@supervisor:report_progress/2:1582 Supervisor: {local,ssl_connection_sup}. Started: id=tls_sup,pid=<0.107.0>.
2026-09-11 19:47:15.786686+09:00 [info] <0.114.0>@supervisor:report_progress/2:1582 Supervisor: {local,dtls_sup}. Started: id=dtls_connection_sup,pid=<0.115.0>.
2026-09-11 19:47:15.788826+09:00 [info] <0.116.0>@supervisor:report_progress/2:1582 Supervisor: {local,dtls_server_sup}. Started: id=dtls_listener_sup,pid=<0.117.0>.
2026-09-11 19:47:15.789660+09:00 [info] <0.116.0>@supervisor:report_progress/2:1582 Supervisor: {local,dtls_server_sup}. Started: id=dtls_server_session_cache_sup,pid=<0.118.0>.
2026-09-11 19:47:15.789766+09:00 [info] <0.114.0>@supervisor:report_progress/2:1582 Supervisor: {local,dtls_sup}. Started: id=dtls_server_sup,pid=<0.116.0>.
2026-09-11 19:47:15.789813+09:00 [info] <0.106.0>@supervisor:report_progress/2:1582 Supervisor: {local,ssl_connection_sup}. Started: id=dtls_sup,pid=<0.114.0>.
2026-09-11 19:47:15.789854+09:00 [info] <0.101.0>@supervisor:report_progress/2:1582 Supervisor: {local,ssl_sup}. Started: id=ssl_connection_sup,pid=<0.106.0>.
2026-09-11 19:47:15.789932+09:00 [info] <0.44.0>@application_controller:info_started/2:2130 Application: ssl. Started at: 'openriak-kv@node-01.cluster-a.openriak'.
2026-09-11 19:47:15.790052+09:00 [info] <0.44.0>@application_controller:info_started/2:2130 Application: hut. Started at: 'openriak-kv@node-01.cluster-a.openriak'.
2026-09-11 19:47:15.791892+09:00 [info] <0.123.0>@supervisor:report_progress/2:1582 Supervisor: {local,setup_sup}. Started: id=setup_srv,pid=<0.124.0>.
2026-09-11 19:47:15.795741+09:00 [notice] <0.124.0>@: Setup running ...
2026-09-11 19:47:15.802291+09:00 [notice] <0.124.0>@: Directories verified. Res = ok
2026-09-11 19:47:15.807421+09:00 [notice] <0.124.0>@: Setup finished processing hooks (Mode=normal)...
2026-09-11 19:47:15.807608+09:00 [info] <0.44.0>@application_controller:info_started/2:2130 Application: setup. Started at: 'openriak-kv@node-01.cluster-a.openriak'.
2026-09-11 19:47:15.807861+09:00 [info] <0.44.0>@application_controller:info_started/2:2130 Application: syntax_tools. Started at: 'openriak-kv@node-01.cluster-a.openriak'.
2026-09-11 19:47:15.808001+09:00 [info] <0.44.0>@application_controller:info_started/2:2130 Application: compiler. Started at: 'openriak-kv@node-01.cluster-a.openriak'.
2026-09-11 19:47:15.808081+09:00 [info] <0.44.0>@application_controller:info_started/2:2130 Application: parse_trans. Started at: 'openriak-kv@node-01.cluster-a.openriak'.
2026-09-11 19:47:15.813585+09:00 [info] <0.132.0>@supervisor:report_progress/2:1582 Supervisor: {local,exometer_core_sup}. Started: id=exometer_admin,pid=<0.133.0>.
2026-09-11 19:47:15.815174+09:00 [info] <0.132.0>@supervisor:report_progress/2:1582 Supervisor: {local,exometer_core_sup}. Started: id=exometer_cache,pid=<0.134.0>.
2026-09-11 19:47:15.819008+09:00 [info] <0.132.0>@supervisor:report_progress/2:1582 Supervisor: {local,exometer_core_sup}. Started: id=exometer_report,pid=<0.135.0>.
2026-09-11 19:47:15.820563+09:00 [info] <0.132.0>@supervisor:report_progress/2:1582 Supervisor: {local,exometer_core_sup}. Started: id=exometer_report_logger_sup,pid=<0.136.0>.
2026-09-11 19:47:15.824516+09:00 [info] <0.132.0>@supervisor:report_progress/2:1582 Supervisor: {local,exometer_core_sup}. Started: id=exometer_alias,pid=<0.137.0>.
2026-09-11 19:47:15.824876+09:00 [info] <0.135.0>@exometer_report:do_start_reporters/1:695 Starting reporters with []
2026-09-11 19:47:15.825113+09:00 [info] <0.44.0>@application_controller:info_started/2:2130 Application: exometer_core. Started at: 'openriak-kv@node-01.cluster-a.openriak'.
2026-09-11 19:47:15.840144+09:00 [info] <0.142.0>@supervisor:report_progress/2:1582 Supervisor: {local,sasl_safe_sup}. Started: id=alarm_handler,pid=<0.143.0>.
2026-09-11 19:47:15.840327+09:00 [info] <0.141.0>@supervisor:report_progress/2:1582 Supervisor: {local,sasl_sup}. Started: id=sasl_safe_sup,pid=<0.142.0>.
2026-09-11 19:47:15.846287+09:00 [info] <0.141.0>@supervisor:report_progress/2:1582 Supervisor: {local,sasl_sup}. Started: id=release_handler,pid=<0.144.0>.
2026-09-11 19:47:15.846556+09:00 [info] <0.44.0>@application_controller:info_started/2:2130 Application: sasl. Started at: 'openriak-kv@node-01.cluster-a.openriak'.
2026-09-11 19:47:15.849919+09:00 [info] <0.49.0>@supervisor:report_progress/2:1582 Supervisor: {local,kernel_sup}. Started: id=timer_server,pid=<0.151.0>.
2026-09-11 19:47:15.850092+09:00 [info] <0.149.0>@supervisor:report_progress/2:1582 Supervisor: {local,riak_sysmon_sup}. Started: id=riak_sysmon_filter,pid=<0.150.0>.
2026-09-11 19:47:15.850172+09:00 [info] <0.149.0>@supervisor:report_progress/2:1582 Supervisor: {local,riak_sysmon_sup}. Started: id=riak_sysmon_mgr,pid=<0.153.0>.
2026-09-11 19:47:15.850246+09:00 [info] <0.44.0>@application_controller:info_started/2:2130 Application: riak_sysmon. Started at: 'openriak-kv@node-01.cluster-a.openriak'.
2026-09-11 19:47:15.853406+09:00 [info] <0.157.0>@supervisor:report_progress/2:1582 Supervisor: {local,os_mon_sup}. Started: id=disksup,pid=<0.158.0>.
2026-09-11 19:47:15.855455+09:00 [info] <0.157.0>@supervisor:report_progress/2:1582 Supervisor: {local,os_mon_sup}. Started: id=memsup,pid=<0.159.0>.
2026-09-11 19:47:15.857592+09:00 [info] <0.157.0>@supervisor:report_progress/2:1582 Supervisor: {local,os_mon_sup}. Started: id=cpu_sup,pid=<0.161.0>.
2026-09-11 19:47:15.857829+09:00 [info] <0.44.0>@application_controller:info_started/2:2130 Application: os_mon. Started at: 'openriak-kv@node-01.cluster-a.openriak'.
2026-09-11 19:47:15.858163+09:00 [info] <0.44.0>@application_controller:info_started/2:2130 Application: observer. Started at: 'openriak-kv@node-01.cluster-a.openriak'.
2026-09-11 19:47:15.864864+09:00 [info] <0.168.0>@supervisor:report_progress/2:1582 Supervisor: {local,runtime_tools_sup}. Started: id=ttb_autostart,pid=<0.169.0>.
2026-09-11 19:47:15.865060+09:00 [info] <0.44.0>@application_controller:info_started/2:2130 Application: runtime_tools. Started at: 'openriak-kv@node-01.cluster-a.openriak'.
2026-09-11 19:47:15.865234+09:00 [info] <0.44.0>@application_controller:info_started/2:2130 Application: xmerl. Started at: 'openriak-kv@node-01.cluster-a.openriak'.
2026-09-11 19:47:15.875854+09:00 [info] <0.176.0>@supervisor:report_progress/2:1582 Supervisor: {local,httpc_profile_sup}. Started: id=httpc_manager,pid=<0.177.0>.
2026-09-11 19:47:15.876043+09:00 [info] <0.175.0>@supervisor:report_progress/2:1582 Supervisor: {local,httpc_sup}. Started: id=httpc_profile_sup,pid=<0.176.0>.
2026-09-11 19:47:15.876876+09:00 [info] <0.175.0>@supervisor:report_progress/2:1582 Supervisor: {local,httpc_sup}. Started: id=httpc_handler_sup,pid=<0.178.0>.
2026-09-11 19:47:15.876978+09:00 [info] <0.174.0>@supervisor:report_progress/2:1582 Supervisor: {local,inets_sup}. Started: id=httpc_sup,pid=<0.175.0>.
2026-09-11 19:47:15.878102+09:00 [info] <0.174.0>@supervisor:report_progress/2:1582 Supervisor: {local,inets_sup}. Started: id=httpd_sup,pid=<0.179.0>.
2026-09-11 19:47:15.878226+09:00 [info] <0.44.0>@application_controller:info_started/2:2130 Application: inets. Started at: 'openriak-kv@node-01.cluster-a.openriak'.
2026-09-11 19:47:15.878414+09:00 [info] <0.44.0>@application_controller:info_started/2:2130 Application: mochiweb. Started at: 'openriak-kv@node-01.cluster-a.openriak'.
2026-09-11 19:47:15.881538+09:00 [info] <0.184.0>@supervisor:report_progress/2:1582 Supervisor: {local,webmachine_sup}. Started: id=webmachine_logger,pid=<0.185.0>.
2026-09-11 19:47:15.882261+09:00 [info] <0.184.0>@supervisor:report_progress/2:1582 Supervisor: {local,webmachine_sup}. Started: id=webmachine_logger_watcher_sup,pid=<0.186.0>.
2026-09-11 19:47:15.883276+09:00 [info] <0.184.0>@supervisor:report_progress/2:1582 Supervisor: {local,webmachine_sup}. Started: id=webmachine_router,pid=<0.187.0>.
2026-09-11 19:47:15.883409+09:00 [info] <0.44.0>@application_controller:info_started/2:2130 Application: webmachine. Started at: 'openriak-kv@node-01.cluster-a.openriak'.
2026-09-11 19:47:15.883589+09:00 [info] <0.44.0>@application_controller:info_started/2:2130 Application: basho_stats. Started at: 'openriak-kv@node-01.cluster-a.openriak'.
2026-09-11 19:47:15.885771+09:00 [info] <0.192.0>@supervisor:report_progress/2:1582 Supervisor: {local,bitcask_sup}. Started: id=bitcask_merge_worker,pid=<0.193.0>.
2026-09-11 19:47:15.887378+09:00 [info] <0.192.0>@supervisor:report_progress/2:1582 Supervisor: {local,bitcask_sup}. Started: id=bitcask_merge_delete,pid=<0.194.0>.
2026-09-11 19:47:15.887594+09:00 [info] <0.44.0>@application_controller:info_started/2:2130 Application: bitcask. Started at: 'openriak-kv@node-01.cluster-a.openriak'.
2026-09-11 19:47:15.887968+09:00 [info] <0.44.0>@application_controller:info_started/2:2130 Application: getopt. Started at: 'openriak-kv@node-01.cluster-a.openriak'.
2026-09-11 19:47:15.888173+09:00 [info] <0.44.0>@application_controller:info_started/2:2130 Application: cuttlefish. Started at: 'openriak-kv@node-01.cluster-a.openriak'.
2026-09-11 19:47:15.902520+09:00 [info] <0.200.0>@supervisor:report_progress/2:1582 Supervisor: {local,clique_sup}. Started: id=clique_manager,pid=<0.201.0>.
2026-09-11 19:47:15.902770+09:00 [info] <0.44.0>@application_controller:info_started/2:2130 Application: clique. Started at: 'openriak-kv@node-01.cluster-a.openriak'.
2026-09-11 19:47:15.902951+09:00 [info] <0.44.0>@application_controller:info_started/2:2130 Application: eleveldb. Started at: 'openriak-kv@node-01.cluster-a.openriak'.
2026-09-11 19:47:15.903108+09:00 [info] <0.44.0>@application_controller:info_started/2:2130 Application: pbkdf2. Started at: 'openriak-kv@node-01.cluster-a.openriak'.
2026-09-11 19:47:15.903208+09:00 [info] <0.44.0>@application_controller:info_started/2:2130 Application: poolboy. Started at: 'openriak-kv@node-01.cluster-a.openriak'.
2026-09-11 19:47:15.907960+09:00 [info] <0.44.0>@application_controller:info_started/2:2130 Application: cluster_info. Started at: 'openriak-kv@node-01.cluster-a.openriak'.
2026-09-11 19:47:15.939402+09:00 [info] <0.212.0>@supervisor:report_progress/2:1582 Supervisor: {local,riak_core_sup}. Started: id=riak_core_bg_manager,pid=<0.213.0>.
2026-09-11 19:47:15.941231+09:00 [info] <0.212.0>@supervisor:report_progress/2:1582 Supervisor: {local,riak_core_sup}. Started: id=riak_core_sysmon_minder,pid=<0.214.0>.
2026-09-11 19:47:15.942461+09:00 [info] <0.212.0>@supervisor:report_progress/2:1582 Supervisor: {local,riak_core_sup}. Started: id=riak_core_vnode_sup,pid=<0.215.0>.
2026-09-11 19:47:15.943272+09:00 [info] <0.212.0>@supervisor:report_progress/2:1582 Supervisor: {local,riak_core_sup}. Started: id=riak_core_eventhandler_sup,pid=<0.216.0>.
2026-09-11 19:47:15.947953+09:00 [info] <0.212.0>@supervisor:report_progress/2:1582 Supervisor: {local,riak_core_sup}. Started: id=riak_core_dist_mon,pid=<0.217.0>.
2026-09-11 19:47:15.951921+09:00 [info] <0.218.0>@supervisor:report_progress/2:1582 Supervisor: {local,riak_core_handoff_sup}. Started: id=riak_core_handoff_receiver_sup,pid=<0.219.0>.
2026-09-11 19:47:15.955810+09:00 [info] <0.218.0>@supervisor:report_progress/2:1582 Supervisor: {local,riak_core_handoff_sup}. Started: id=riak_core_handoff_sender_sup,pid=<0.220.0>.
2026-09-11 19:47:15.961139+09:00 [info] <0.221.0>@supervisor:report_progress/2:1582 Supervisor: {local,riak_core_handoff_listener_sup}. Started: id=riak_core_handoff_listener,pid=<0.222.0>.
2026-09-11 19:47:15.961383+09:00 [info] <0.218.0>@supervisor:report_progress/2:1582 Supervisor: {local,riak_core_handoff_sup}. Started: id=riak_core_handoff_listener_sup,pid=<0.221.0>.
2026-09-11 19:47:15.965913+09:00 [info] <0.218.0>@supervisor:report_progress/2:1582 Supervisor: {local,riak_core_handoff_sup}. Started: id=riak_core_handoff_manager,pid=<0.224.0>.
2026-09-11 19:47:15.966101+09:00 [info] <0.212.0>@supervisor:report_progress/2:1582 Supervisor: {local,riak_core_sup}. Started: id=riak_core_handoff_sup,pid=<0.218.0>.
2026-09-11 19:47:15.967382+09:00 [info] <0.212.0>@supervisor:report_progress/2:1582 Supervisor: {local,riak_core_sup}. Started: id=riak_core_ring_events,pid=<0.225.0>.
2026-09-11 19:47:16.147873+09:00 [warning] <0.226.0>@riak_core_ring_manager:reload_ring/1:388 No ring file available.
2026-09-11 19:47:16.173976+09:00 [info] <0.212.0>@supervisor:report_progress/2:1582 Supervisor: {local,riak_core_sup}. Started: id=riak_core_ring_manager,pid=<0.226.0>.
2026-09-11 19:47:16.206944+09:00 [info] <0.82.0>@supervisor:report_progress/2:1582 Supervisor: {local,kernel_safe_sup}. Started: id=dets_sup,pid=<0.233.0>.
2026-09-11 19:47:16.207196+09:00 [info] <0.82.0>@supervisor:report_progress/2:1582 Supervisor: {local,kernel_safe_sup}. Started: id=dets,pid=<0.234.0>.
2026-09-11 19:47:16.227975+09:00 [info] <0.212.0>@supervisor:report_progress/2:1582 Supervisor: {local,riak_core_sup}. Started: id=riak_core_metadata_manager,pid=<0.232.0>.
2026-09-11 19:47:16.914424+09:00 [info] <0.212.0>@supervisor:report_progress/2:1582 Supervisor: {local,riak_core_sup}. Started: id=riak_core_metadata_hashtree,pid=<0.237.0>.
2026-09-11 19:47:16.917066+09:00 [info] <0.212.0>@supervisor:report_progress/2:1582 Supervisor: {local,riak_core_sup}. Started: id=riak_core_broadcast,pid=<0.249.0>.
2026-09-11 19:47:16.919606+09:00 [info] <0.212.0>@supervisor:report_progress/2:1582 Supervisor: {local,riak_core_sup}. Started: id=riak_core_vnode_proxy_sup,pid=<0.250.0>.
2026-09-11 19:47:16.921277+09:00 [info] <0.212.0>@supervisor:report_progress/2:1582 Supervisor: {local,riak_core_sup}. Started: id=riak_core_node_watcher_events,pid=<0.251.0>.
2026-09-11 19:47:16.923995+09:00 [info] <0.212.0>@supervisor:report_progress/2:1582 Supervisor: {local,riak_core_sup}. Started: id=riak_core_node_watcher,pid=<0.252.0>.
2026-09-11 19:47:16.927917+09:00 [info] <0.212.0>@supervisor:report_progress/2:1582 Supervisor: {local,riak_core_sup}. Started: id=riak_core_vnode_manager,pid=<0.253.0>.
2026-09-11 19:47:16.930169+09:00 [info] <0.212.0>@supervisor:report_progress/2:1582 Supervisor: {local,riak_core_sup}. Started: id=riak_core_capability,pid=<0.254.0>.
2026-09-11 19:47:16.930362+09:00 [info] <0.212.0>@supervisor:report_progress/2:1582 Supervisor: {local,riak_core_sup}. Started: id=riak_core_gossip,pid=<0.255.0>.
2026-09-11 19:47:16.934191+09:00 [info] <0.212.0>@supervisor:report_progress/2:1582 Supervisor: {local,riak_core_sup}. Started: id=riak_core_claimant,pid=<0.256.0>.
2026-09-11 19:47:16.935280+09:00 [info] <0.212.0>@supervisor:report_progress/2:1582 Supervisor: {local,riak_core_sup}. Started: id=riak_core_table_owner,pid=<0.257.0>.
2026-09-11 19:47:16.941522+09:00 [info] <0.259.0>@supervisor:report_progress/2:1582 Supervisor: {local,riak_core_stats_sup}. Started: id=riak_core_stat_cache,pid=<0.260.0>.
2026-09-11 19:47:16.941703+09:00 [info] <0.258.0>@supervisor:report_progress/2:1582 Supervisor: {local,riak_core_stat_sup}. Started: id=riak_core_stats_sup,pid=<0.259.0>.
2026-09-11 19:47:16.941794+09:00 [info] <0.212.0>@supervisor:report_progress/2:1582 Supervisor: {local,riak_core_sup}. Started: id=riak_core_stat_sup,pid=<0.258.0>.
2026-09-11 19:47:16.942475+09:00 [info] <0.212.0>@supervisor:report_progress/2:1582 Supervisor: {local,riak_core_sup}. Started: id=riak_core_node_worker_pool_sup,pid=<0.261.0>.
2026-09-11 19:47:16.967264+09:00 [info] <0.259.0>@supervisor:report_progress/2:1582 Supervisor: {local,riak_core_stats_sup}. Started: id=riak_core_stat,pid=<0.262.0>.
2026-09-11 19:47:17.087836+09:00 [info] <0.216.0>@supervisor:report_progress/2:1582 Supervisor: {local,riak_core_eventhandler_sup}. Started: id={riak_core_ring_events,riak_core_ring_handler},pid=<0.288.0>.
2026-09-11 19:47:17.088047+09:00 [info] <0.254.0>@riak_core_capability:process_capability_changes/2:557 New capability: {riak_core,vnode_routing} = proxy
2026-09-11 19:47:17.224071+09:00 [info] <0.254.0>@riak_core_capability:process_capability_changes/2:557 New capability: {riak_core,staged_joins} = true
2026-09-11 19:47:17.338394+09:00 [info] <0.254.0>@riak_core_capability:process_capability_changes/2:557 New capability: {riak_core,resizable_ring} = true
2026-09-11 19:47:17.437998+09:00 [info] <0.254.0>@riak_core_capability:process_capability_changes/2:557 New capability: {riak_core,fold_req_version} = v2
2026-09-11 19:47:17.571773+09:00 [info] <0.254.0>@riak_core_capability:process_capability_changes/2:557 New capability: {riak_core,security} = true
2026-09-11 19:47:17.700593+09:00 [info] <0.254.0>@riak_core_capability:process_capability_changes/2:557 New capability: {riak_core,bucket_types} = true
2026-09-11 19:47:17.800631+09:00 [info] <0.254.0>@riak_core_capability:process_capability_changes/2:557 New capability: {riak_core,net_ticktime} = true
2026-09-11 19:47:18.044699+09:00 [info] <0.44.0>@application_controller:info_started/2:2130 Application: riak_core. Started at: 'openriak-kv@node-01.cluster-a.openriak'.
2026-09-11 19:47:18.048822+09:00 [info] <0.254.0>@riak_core_capability:process_capability_changes/2:557 New capability: {riak_pipe,trace_format} = ordsets
2026-09-11 19:47:18.134446+09:00 [info] <0.301.0>@supervisor:report_progress/2:1582 Supervisor: {local,riak_pipe_sup}. Started: id=riak_pipe_vnode_master,pid=<0.302.0>.
2026-09-11 19:47:18.135512+09:00 [info] <0.301.0>@supervisor:report_progress/2:1582 Supervisor: {local,riak_pipe_sup}. Started: id=riak_pipe_builder_sup,pid=<0.303.0>.
2026-09-11 19:47:18.136382+09:00 [info] <0.301.0>@supervisor:report_progress/2:1582 Supervisor: {local,riak_pipe_sup}. Started: id=riak_pipe_fitting_sup,pid=<0.304.0>.
2026-09-11 19:47:18.137155+09:00 [info] <0.301.0>@supervisor:report_progress/2:1582 Supervisor: {local,riak_pipe_sup}. Started: id=riak_pipe_qcover_sup,pid=<0.305.0>.
2026-09-11 19:47:18.138916+09:00 [info] <0.250.0>@supervisor:report_progress/2:1582 Supervisor: {local,riak_core_vnode_proxy_sup}. Started: id={riak_pipe_vnode,0},pid=<0.306.0>.
2026-09-11 19:47:18.139079+09:00 [info] <0.250.0>@supervisor:report_progress/2:1582 Supervisor: {local,riak_core_vnode_proxy_sup}. Started: id={riak_pipe_vnode,182687704666362864775460604089535377456991567872},pid=<0.307.0>.
2026-09-11 19:47:18.139188+09:00 [info] <0.250.0>@supervisor:report_progress/2:1582 Supervisor: {local,riak_core_vnode_proxy_sup}. Started: id={riak_pipe_vnode,365375409332725729550921208179070754913983135744},pid=<0.308.0>.
2026-09-11 19:47:18.139292+09:00 [info] <0.250.0>@supervisor:report_progress/2:1582 Supervisor: {local,riak_core_vnode_proxy_sup}. Started: id={riak_pipe_vnode,548063113999088594326381812268606132370974703616},pid=<0.309.0>.
2026-09-11 19:47:18.139397+09:00 [info] <0.250.0>@supervisor:report_progress/2:1582 Supervisor: {local,riak_core_vnode_proxy_sup}. Started: id={riak_pipe_vnode,730750818665451459101842416358141509827966271488},pid=<0.310.0>.
2026-09-11 19:47:18.139503+09:00 [info] <0.250.0>@supervisor:report_progress/2:1582 Supervisor: {local,riak_core_vnode_proxy_sup}. Started: id={riak_pipe_vnode,913438523331814323877303020447676887284957839360},pid=<0.311.0>.
2026-09-11 19:47:18.139645+09:00 [info] <0.250.0>@supervisor:report_progress/2:1582 Supervisor: {local,riak_core_vnode_proxy_sup}. Started: id={riak_pipe_vnode,1096126227998177188652763624537212264741949407232},pid=<0.312.0>.
2026-09-11 19:47:18.139738+09:00 [info] <0.250.0>@supervisor:report_progress/2:1582 Supervisor: {local,riak_core_vnode_proxy_sup}. Started: id={riak_pipe_vnode,1278813932664540053428224228626747642198940975104},pid=<0.313.0>.
2026-09-11 19:47:18.140902+09:00 [info] <0.259.0>@supervisor:report_progress/2:1582 Supervisor: {local,riak_core_stats_sup}. Started: id=riak_pipe_stat,pid=<0.314.0>.
2026-09-11 19:47:18.286802+09:00 [info] <0.44.0>@application_controller:info_started/2:2130 Application: riak_pipe. Started at: 'openriak-kv@node-01.cluster-a.openriak'.
2026-09-11 19:47:18.287065+09:00 [info] <0.44.0>@application_controller:info_started/2:2130 Application: tools. Started at: 'openriak-kv@node-01.cluster-a.openriak'.
2026-09-11 19:47:18.287246+09:00 [info] <0.44.0>@application_controller:info_started/2:2130 Application: riak_pb. Started at: 'openriak-kv@node-01.cluster-a.openriak'.
2026-09-11 19:47:18.297423+09:00 [info] <0.322.0>@supervisor:report_progress/2:1582 Supervisor: {local,riak_api_sup}. Started: id=riak_api_pb_registration_helper,pid=<0.323.0>.
2026-09-11 19:47:18.298823+09:00 [info] <0.322.0>@supervisor:report_progress/2:1582 Supervisor: {local,riak_api_sup}. Started: id=riak_api_pb_registrar,pid=<0.324.0>.
2026-09-11 19:47:18.299771+09:00 [info] <0.322.0>@supervisor:report_progress/2:1582 Supervisor: {local,riak_api_sup}. Started: id=riak_api_pb_sup,pid=<0.325.0>.
2026-09-11 19:47:18.300012+09:00 [info] <0.322.0>@supervisor:report_progress/2:1582 Supervisor: {local,riak_api_sup}. Started: id=[112,98,58,47,47,34,48,46,48,46,48,46,48,34,58,56,48,56,55],pid=<0.326.0>.
2026-09-11 19:47:18.311983+09:00 [info] <0.322.0>@supervisor:report_progress/2:1582 Supervisor: {local,riak_api_sup}. Started: id=[104,116,116,112,58,47,47,48,46,48,46,48,46,48,58,56,48,57,56],pid=<0.329.0>.
2026-09-11 19:47:18.313258+09:00 [info] <0.259.0>@supervisor:report_progress/2:1582 Supervisor: {local,riak_core_stats_sup}. Started: id=riak_api_stat,pid=<0.346.0>.
2026-09-11 19:47:18.511572+09:00 [info] <0.44.0>@application_controller:info_started/2:2130 Application: riak_api. Started at: 'openriak-kv@node-01.cluster-a.openriak'.
2026-09-11 19:47:18.513979+09:00 [info] <0.44.0>@application_controller:info_started/2:2130 Application: sidejob. Started at: 'openriak-kv@node-01.cluster-a.openriak'.
2026-09-11 19:47:18.514290+09:00 [info] <0.44.0>@application_controller:info_started/2:2130 Application: riak_dt. Started at: 'openriak-kv@node-01.cluster-a.openriak'.
2026-09-11 19:47:18.514435+09:00 [info] <0.44.0>@application_controller:info_started/2:2130 Application: sext. Started at: 'openriak-kv@node-01.cluster-a.openriak'.
2026-09-11 19:47:18.514665+09:00 [info] <0.44.0>@application_controller:info_started/2:2130 Application: lz4. Started at: 'openriak-kv@node-01.cluster-a.openriak'.
2026-09-11 19:47:18.514767+09:00 [info] <0.44.0>@application_controller:info_started/2:2130 Application: zstd. Started at: 'openriak-kv@node-01.cluster-a.openriak'.
2026-09-11 19:47:18.514900+09:00 [info] <0.44.0>@application_controller:info_started/2:2130 Application: leveled. Started at: 'openriak-kv@node-01.cluster-a.openriak'.
2026-09-11 19:47:18.514989+09:00 [info] <0.44.0>@application_controller:info_started/2:2130 Application: kv_index_tictactree. Started at: 'openriak-kv@node-01.cluster-a.openriak'.
2026-09-11 19:47:18.515087+09:00 [info] <0.44.0>@application_controller:info_started/2:2130 Application: hyper. Started at: 'openriak-kv@node-01.cluster-a.openriak'.
2026-09-11 19:47:18.515154+09:00 [info] <0.44.0>@application_controller:info_started/2:2130 Application: redbug. Started at: 'openriak-kv@node-01.cluster-a.openriak'.
2026-09-11 19:47:18.515276+09:00 [info] <0.44.0>@application_controller:info_started/2:2130 Application: recon. Started at: 'openriak-kv@node-01.cluster-a.openriak'.
2026-09-11 19:47:18.515347+09:00 [info] <0.44.0>@application_controller:info_started/2:2130 Application: riakc. Started at: 'openriak-kv@node-01.cluster-a.openriak'.
2026-09-11 19:47:18.519544+09:00 [info] <0.365.0>@supervisor:report_progress/2:1582 Supervisor: {local,ibrowse_sup}. Started: id=ibrowse,pid=<0.366.0>.
2026-09-11 19:47:18.519666+09:00 [info] <0.44.0>@application_controller:info_started/2:2130 Application: ibrowse. Started at: 'openriak-kv@node-01.cluster-a.openriak'.
2026-09-11 19:47:18.519789+09:00 [info] <0.44.0>@application_controller:info_started/2:2130 Application: rhc. Started at: 'openriak-kv@node-01.cluster-a.openriak'.
2026-09-11 19:47:18.531002+09:00 [info] <0.374.0>@supervisor:report_progress/2:1582 Supervisor: {local,riak_kv_put_fsm_sj_worker_sup}. Started: id=riak_kv_put_fsm_sj_1,pid=<0.375.0>.
2026-09-11 19:47:18.531403+09:00 [info] <0.374.0>@supervisor:report_progress/2:1582 Supervisor: {local,riak_kv_put_fsm_sj_worker_sup}. Started: id=riak_kv_put_fsm_sj_2,pid=<0.376.0>.
2026-09-11 19:47:18.531815+09:00 [info] <0.374.0>@supervisor:report_progress/2:1582 Supervisor: {local,riak_kv_put_fsm_sj_worker_sup}. Started: id=riak_kv_put_fsm_sj_3,pid=<0.377.0>.
2026-09-11 19:47:18.532082+09:00 [info] <0.374.0>@supervisor:report_progress/2:1582 Supervisor: {local,riak_kv_put_fsm_sj_worker_sup}. Started: id=riak_kv_put_fsm_sj_4,pid=<0.378.0>.
2026-09-11 19:47:18.532267+09:00 [info] <0.374.0>@supervisor:report_progress/2:1582 Supervisor: {local,riak_kv_put_fsm_sj_worker_sup}. Started: id=riak_kv_put_fsm_sj_5,pid=<0.379.0>.
2026-09-11 19:47:18.532387+09:00 [info] <0.374.0>@supervisor:report_progress/2:1582 Supervisor: {local,riak_kv_put_fsm_sj_worker_sup}. Started: id=riak_kv_put_fsm_sj_6,pid=<0.380.0>.
2026-09-11 19:47:18.532479+09:00 [info] <0.374.0>@supervisor:report_progress/2:1582 Supervisor: {local,riak_kv_put_fsm_sj_worker_sup}. Started: id=riak_kv_put_fsm_sj_7,pid=<0.381.0>.
2026-09-11 19:47:18.532564+09:00 [info] <0.374.0>@supervisor:report_progress/2:1582 Supervisor: {local,riak_kv_put_fsm_sj_worker_sup}. Started: id=riak_kv_put_fsm_sj_8,pid=<0.382.0>.
2026-09-11 19:47:18.532599+09:00 [info] <0.373.0>@supervisor:report_progress/2:1582 Supervisor: {local,riak_kv_put_fsm_sj}. Started: id=sidejob_worker_sup,pid=<0.374.0>.
2026-09-11 19:47:18.532644+09:00 [info] <0.373.0>@supervisor:report_progress/2:1582 Supervisor: {local,riak_kv_put_fsm_sj}. Started: id=riak_kv_put_fsm_sj_stats,pid=<0.383.0>.
2026-09-11 19:47:18.532683+09:00 [info] <0.351.0>@supervisor:report_progress/2:1582 Supervisor: {local,sidejob_sup}. Started: id=riak_kv_put_fsm_sj,pid=<0.373.0>.
2026-09-11 19:47:18.535110+09:00 [info] <0.386.0>@supervisor:report_progress/2:1582 Supervisor: {local,riak_kv_get_fsm_sj_worker_sup}. Started: id=riak_kv_get_fsm_sj_1,pid=<0.387.0>.
2026-09-11 19:47:18.535279+09:00 [info] <0.386.0>@supervisor:report_progress/2:1582 Supervisor: {local,riak_kv_get_fsm_sj_worker_sup}. Started: id=riak_kv_get_fsm_sj_2,pid=<0.388.0>.
2026-09-11 19:47:18.535383+09:00 [info] <0.386.0>@supervisor:report_progress/2:1582 Supervisor: {local,riak_kv_get_fsm_sj_worker_sup}. Started: id=riak_kv_get_fsm_sj_3,pid=<0.389.0>.
2026-09-11 19:47:18.535487+09:00 [info] <0.386.0>@supervisor:report_progress/2:1582 Supervisor: {local,riak_kv_get_fsm_sj_worker_sup}. Started: id=riak_kv_get_fsm_sj_4,pid=<0.390.0>.
2026-09-11 19:47:18.535580+09:00 [info] <0.386.0>@supervisor:report_progress/2:1582 Supervisor: {local,riak_kv_get_fsm_sj_worker_sup}. Started: id=riak_kv_get_fsm_sj_5,pid=<0.391.0>.
2026-09-11 19:47:18.535731+09:00 [info] <0.386.0>@supervisor:report_progress/2:1582 Supervisor: {local,riak_kv_get_fsm_sj_worker_sup}. Started: id=riak_kv_get_fsm_sj_6,pid=<0.392.0>.
2026-09-11 19:47:18.535826+09:00 [info] <0.386.0>@supervisor:report_progress/2:1582 Supervisor: {local,riak_kv_get_fsm_sj_worker_sup}. Started: id=riak_kv_get_fsm_sj_7,pid=<0.393.0>.
2026-09-11 19:47:18.535928+09:00 [info] <0.386.0>@supervisor:report_progress/2:1582 Supervisor: {local,riak_kv_get_fsm_sj_worker_sup}. Started: id=riak_kv_get_fsm_sj_8,pid=<0.394.0>.
2026-09-11 19:47:18.535976+09:00 [info] <0.385.0>@supervisor:report_progress/2:1582 Supervisor: {local,riak_kv_get_fsm_sj}. Started: id=sidejob_worker_sup,pid=<0.386.0>.
2026-09-11 19:47:18.536024+09:00 [info] <0.385.0>@supervisor:report_progress/2:1582 Supervisor: {local,riak_kv_get_fsm_sj}. Started: id=riak_kv_get_fsm_sj_stats,pid=<0.395.0>.
2026-09-11 19:47:18.536058+09:00 [info] <0.351.0>@supervisor:report_progress/2:1582 Supervisor: {local,sidejob_sup}. Started: id=riak_kv_get_fsm_sj,pid=<0.385.0>.
2026-09-11 19:47:18.540539+09:00 [info] <0.398.0>@supervisor:report_progress/2:1582 Supervisor: {local,riak_kv_stat_sj_worker_sup}. Started: id=riak_kv_stat_sj_1,pid=<0.399.0>.
2026-09-11 19:47:18.540788+09:00 [info] <0.398.0>@supervisor:report_progress/2:1582 Supervisor: {local,riak_kv_stat_sj_worker_sup}. Started: id=riak_kv_stat_sj_2,pid=<0.400.0>.
2026-09-11 19:47:18.540922+09:00 [info] <0.398.0>@supervisor:report_progress/2:1582 Supervisor: {local,riak_kv_stat_sj_worker_sup}. Started: id=riak_kv_stat_sj_3,pid=<0.401.0>.
2026-09-11 19:47:18.541031+09:00 [info] <0.398.0>@supervisor:report_progress/2:1582 Supervisor: {local,riak_kv_stat_sj_worker_sup}. Started: id=riak_kv_stat_sj_4,pid=<0.402.0>.
2026-09-11 19:47:18.541129+09:00 [info] <0.398.0>@supervisor:report_progress/2:1582 Supervisor: {local,riak_kv_stat_sj_worker_sup}. Started: id=riak_kv_stat_sj_5,pid=<0.403.0>.
2026-09-11 19:47:18.541221+09:00 [info] <0.398.0>@supervisor:report_progress/2:1582 Supervisor: {local,riak_kv_stat_sj_worker_sup}. Started: id=riak_kv_stat_sj_6,pid=<0.404.0>.
2026-09-11 19:47:18.541331+09:00 [info] <0.398.0>@supervisor:report_progress/2:1582 Supervisor: {local,riak_kv_stat_sj_worker_sup}. Started: id=riak_kv_stat_sj_7,pid=<0.405.0>.
2026-09-11 19:47:18.541438+09:00 [info] <0.398.0>@supervisor:report_progress/2:1582 Supervisor: {local,riak_kv_stat_sj_worker_sup}. Started: id=riak_kv_stat_sj_8,pid=<0.406.0>.
2026-09-11 19:47:18.541482+09:00 [info] <0.397.0>@supervisor:report_progress/2:1582 Supervisor: {local,riak_kv_stat_sj}. Started: id=sidejob_worker_sup,pid=<0.398.0>.
2026-09-11 19:47:18.541532+09:00 [info] <0.397.0>@supervisor:report_progress/2:1582 Supervisor: {local,riak_kv_stat_sj}. Started: id=riak_kv_stat_sj_stats,pid=<0.407.0>.
2026-09-11 19:47:18.541567+09:00 [info] <0.351.0>@supervisor:report_progress/2:1582 Supervisor: {local,sidejob_sup}. Started: id=riak_kv_stat_sj,pid=<0.397.0>.
2026-09-11 19:47:18.814683+09:00 [info] <0.371.0>@riak_kv_env:doc_env/0:47 Environment and OS variables:
2026-09-11 19:47:18.855805+09:00 [info] <0.254.0>@riak_core_capability:process_capability_changes/2:557 New capability: {riak_kv,object_hash_version} = 0
2026-09-11 19:47:19.058280+09:00 [info] <0.254.0>@riak_core_capability:process_capability_changes/2:557 New capability: {riak_kv,anti_entropy} = enabled_v1
2026-09-11 19:47:19.255260+09:00 [info] <0.409.0>@riak_core_throttle:enable_throttle/2:121 Enabling throttle for riak_kv/aae_throttle.
2026-09-11 19:47:19.255550+09:00 [info] <0.408.0>@supervisor:report_progress/2:1582 Supervisor: {local,riak_kv_sup}. Started: id=riak_kv_entropy_manager,pid=<0.409.0>.
2026-09-11 19:47:19.272498+09:00 [info] <0.408.0>@supervisor:report_progress/2:1582 Supervisor: {local,riak_kv_sup}. Started: id=riak_kv_ttaaefs_manager,pid=<0.410.0>.
2026-09-11 19:47:19.278082+09:00 [info] <0.408.0>@supervisor:report_progress/2:1582 Supervisor: {local,riak_kv_sup}. Started: id=riak_kv_replrtq_src,pid=<0.411.0>.
2026-09-11 19:47:19.282938+09:00 [info] <0.408.0>@supervisor:report_progress/2:1582 Supervisor: {local,riak_kv_sup}. Started: id=riak_kv_replrtq_snk,pid=<0.412.0>.
2026-09-11 19:47:19.284822+09:00 [info] <0.408.0>@supervisor:report_progress/2:1582 Supervisor: {local,riak_kv_sup}. Started: id=riak_kv_replrtq_peer,pid=<0.413.0>.
2026-09-11 19:47:19.290185+09:00 [info] <0.408.0>@supervisor:report_progress/2:1582 Supervisor: {local,riak_kv_sup}. Started: id=riak_kv_reaper,pid=<0.414.0>.
2026-09-11 19:47:19.292394+09:00 [info] <0.408.0>@supervisor:report_progress/2:1582 Supervisor: {local,riak_kv_sup}. Started: id=riak_kv_eraser,pid=<0.415.0>.
2026-09-11 19:47:19.293863+09:00 [info] <0.408.0>@supervisor:report_progress/2:1582 Supervisor: {local,riak_kv_sup}. Started: id=riak_kv_reader,pid=<0.416.0>.
2026-09-11 19:47:19.296189+09:00 [info] <0.408.0>@supervisor:report_progress/2:1582 Supervisor: {local,riak_kv_sup}. Started: id=riak_kv_token_manager,pid=<0.417.0>.
2026-09-11 19:47:19.296535+09:00 [info] <0.408.0>@supervisor:report_progress/2:1582 Supervisor: {local,riak_kv_sup}. Started: id=riak_kv_vnode_master,pid=<0.418.0>.
2026-09-11 19:47:19.296777+09:00 [info] <0.418.0>@riak_core:wait_for_service/2:498 Waiting for service riak_kv to start (0 seconds)
2026-09-11 19:47:19.299657+09:00 [info] <0.419.0>@supervisor:report_progress/2:1582 Supervisor: {local,riak_kv_w1c_sup}. Started: id=riak_kv_w1c_worker00,pid=<0.420.0>.
2026-09-11 19:47:19.299866+09:00 [info] <0.419.0>@supervisor:report_progress/2:1582 Supervisor: {local,riak_kv_w1c_sup}. Started: id=riak_kv_w1c_worker01,pid=<0.421.0>.
2026-09-11 19:47:19.299940+09:00 [info] <0.419.0>@supervisor:report_progress/2:1582 Supervisor: {local,riak_kv_w1c_sup}. Started: id=riak_kv_w1c_worker02,pid=<0.422.0>.
2026-09-11 19:47:19.300000+09:00 [info] <0.419.0>@supervisor:report_progress/2:1582 Supervisor: {local,riak_kv_w1c_sup}. Started: id=riak_kv_w1c_worker03,pid=<0.423.0>.
2026-09-11 19:47:19.300047+09:00 [info] <0.419.0>@supervisor:report_progress/2:1582 Supervisor: {local,riak_kv_w1c_sup}. Started: id=riak_kv_w1c_worker04,pid=<0.424.0>.
2026-09-11 19:47:19.300114+09:00 [info] <0.419.0>@supervisor:report_progress/2:1582 Supervisor: {local,riak_kv_w1c_sup}. Started: id=riak_kv_w1c_worker05,pid=<0.425.0>.
2026-09-11 19:47:19.300158+09:00 [info] <0.419.0>@supervisor:report_progress/2:1582 Supervisor: {local,riak_kv_w1c_sup}. Started: id=riak_kv_w1c_worker06,pid=<0.426.0>.
2026-09-11 19:47:19.300229+09:00 [info] <0.419.0>@supervisor:report_progress/2:1582 Supervisor: {local,riak_kv_w1c_sup}. Started: id=riak_kv_w1c_worker07,pid=<0.427.0>.
2026-09-11 19:47:19.300268+09:00 [info] <0.408.0>@supervisor:report_progress/2:1582 Supervisor: {local,riak_kv_sup}. Started: id=riak_kv_w1c_sup,pid=<0.419.0>.
2026-09-11 19:47:19.301288+09:00 [info] <0.408.0>@supervisor:report_progress/2:1582 Supervisor: {local,riak_kv_sup}. Started: id=riak_kv_delete_sup,pid=<0.428.0>.
2026-09-11 19:47:19.302148+09:00 [info] <0.408.0>@supervisor:report_progress/2:1582 Supervisor: {local,riak_kv_sup}. Started: id=riak_kv_mrc_sink_sup,pid=<0.429.0>.
2026-09-11 19:47:19.307812+09:00 [info] <0.408.0>@supervisor:report_progress/2:1582 Supervisor: {local,riak_kv_sup}. Started: id=riak_kv_buckets_fsm_sup,pid=<0.430.0>.
2026-09-11 19:47:19.309094+09:00 [info] <0.408.0>@supervisor:report_progress/2:1582 Supervisor: {local,riak_kv_sup}. Started: id=riak_kv_keys_fsm_sup,pid=<0.431.0>.
2026-09-11 19:47:19.310437+09:00 [info] <0.408.0>@supervisor:report_progress/2:1582 Supervisor: {local,riak_kv_sup}. Started: id=riak_kv_index_fsm_sup,pid=<0.432.0>.
2026-09-11 19:47:19.311547+09:00 [info] <0.408.0>@supervisor:report_progress/2:1582 Supervisor: {local,riak_kv_sup}. Started: id=riak_kv_query_sup,pid=<0.433.0>.
2026-09-11 19:47:19.312437+09:00 [info] <0.408.0>@supervisor:report_progress/2:1582 Supervisor: {local,riak_kv_sup}. Started: id=riak_kv_clusteraae_fsm_sup,pid=<0.434.0>.
2026-09-11 19:47:19.313425+09:00 [info] <0.408.0>@supervisor:report_progress/2:1582 Supervisor: {local,riak_kv_sup}. Started: id=riak_kv_hotbackup_fsm_sup,pid=<0.435.0>.
2026-09-11 19:47:19.315340+09:00 [info] <0.408.0>@supervisor:report_progress/2:1582 Supervisor: {local,riak_kv_sup}. Started: id=riak_kv_http_cache,pid=<0.436.0>.
2026-09-11 19:47:19.315596+09:00 [info] <0.254.0>@riak_core_capability:process_capability_changes/2:557 New capability: {riak_kv,vnode_vclocks} = true
2026-09-11 19:47:19.382693+09:00 [info] <0.254.0>@riak_core_capability:process_capability_changes/2:557 New capability: {riak_kv,legacy_keylisting} = false
2026-09-11 19:47:19.447099+09:00 [info] <0.254.0>@riak_core_capability:process_capability_changes/2:557 New capability: {riak_kv,listkeys_backpressure} = true
2026-09-11 19:47:19.480683+09:00 [info] <0.254.0>@riak_core_capability:process_capability_changes/2:557 New capability: {riak_kv,index_backpressure} = true
2026-09-11 19:47:19.540832+09:00 [info] <0.254.0>@riak_core_capability:process_capability_changes/2:557 New capability: {riak_kv,mapred_system} = pipe
2026-09-11 19:47:19.611662+09:00 [info] <0.254.0>@riak_core_capability:process_capability_changes/2:557 New capability: {riak_kv,mapred_2i_pipe} = true
2026-09-11 19:47:19.641019+09:00 [info] <0.254.0>@riak_core_capability:process_capability_changes/2:557 New capability: {riak_kv,handoff_data_encoding} = encode_raw
2026-09-11 19:47:19.711529+09:00 [info] <0.254.0>@riak_core_capability:process_capability_changes/2:557 New capability: {riak_kv,object_format} = v1
2026-09-11 19:47:19.780369+09:00 [info] <0.254.0>@riak_core_capability:process_capability_changes/2:557 New capability: {riak_kv,secondary_index_version} = v3
2026-09-11 19:47:19.847028+09:00 [info] <0.254.0>@riak_core_capability:process_capability_changes/2:557 New capability: {riak_kv,vclock_data_encoding} = encode_zlib
2026-09-11 19:47:19.908212+09:00 [info] <0.254.0>@riak_core_capability:process_capability_changes/2:557 New capability: {riak_kv,crdt} = [pncounter,riak_dt_pncounter,riak_dt_orswot,riak_dt_map,riak_kv_hll,riak_dt_gset]
2026-09-11 19:47:19.970281+09:00 [info] <0.254.0>@riak_core_capability:process_capability_changes/2:557 New capability: {riak_kv,crdt_epoch_versions} = [{riak_dt_map,2},{riak_dt_orswot,2},{riak_dt_pncounter,2},{riak_kv_hll,1},{riak_dt_gset,2}]
2026-09-11 19:47:20.021915+09:00 [info] <0.254.0>@riak_core_capability:process_capability_changes/2:557 New capability: {riak_kv,put_fsm_ack_execute} = enabled
2026-09-11 19:47:20.074268+09:00 [info] <0.254.0>@riak_core_capability:process_capability_changes/2:557 New capability: {riak_kv,get_request_type} = head
2026-09-11 19:47:20.138450+09:00 [info] <0.254.0>@riak_core_capability:process_capability_changes/2:557 New capability: {riak_kv,put_soft_limit} = true
2026-09-11 19:47:20.201592+09:00 [info] <0.254.0>@riak_core_capability:process_capability_changes/2:557 New capability: {riak_kv,tictacaae_prompted_repairs} = true
2026-09-11 19:47:20.270282+09:00 [info] <0.250.0>@supervisor:report_progress/2:1582 Supervisor: {local,riak_core_vnode_proxy_sup}. Started: id={riak_kv_vnode,0},pid=<0.443.0>.
2026-09-11 19:47:20.270507+09:00 [info] <0.250.0>@supervisor:report_progress/2:1582 Supervisor: {local,riak_core_vnode_proxy_sup}. Started: id={riak_kv_vnode,182687704666362864775460604089535377456991567872},pid=<0.444.0>.
2026-09-11 19:47:20.270628+09:00 [info] <0.250.0>@supervisor:report_progress/2:1582 Supervisor: {local,riak_core_vnode_proxy_sup}. Started: id={riak_kv_vnode,365375409332725729550921208179070754913983135744},pid=<0.445.0>.
2026-09-11 19:47:20.270799+09:00 [info] <0.250.0>@supervisor:report_progress/2:1582 Supervisor: {local,riak_core_vnode_proxy_sup}. Started: id={riak_kv_vnode,548063113999088594326381812268606132370974703616},pid=<0.446.0>.
2026-09-11 19:47:20.270908+09:00 [info] <0.250.0>@supervisor:report_progress/2:1582 Supervisor: {local,riak_core_vnode_proxy_sup}. Started: id={riak_kv_vnode,730750818665451459101842416358141509827966271488},pid=<0.447.0>.
2026-09-11 19:47:20.270977+09:00 [info] <0.250.0>@supervisor:report_progress/2:1582 Supervisor: {local,riak_core_vnode_proxy_sup}. Started: id={riak_kv_vnode,913438523331814323877303020447676887284957839360},pid=<0.448.0>.
2026-09-11 19:47:20.271023+09:00 [info] <0.250.0>@supervisor:report_progress/2:1582 Supervisor: {local,riak_core_vnode_proxy_sup}. Started: id={riak_kv_vnode,1096126227998177188652763624537212264741949407232},pid=<0.449.0>.
2026-09-11 19:47:20.271068+09:00 [info] <0.250.0>@supervisor:report_progress/2:1582 Supervisor: {local,riak_core_vnode_proxy_sup}. Started: id={riak_kv_vnode,1278813932664540053428224228626747642198940975104},pid=<0.450.0>.
2026-09-11 19:47:20.281571+09:00 [info] <0.259.0>@supervisor:report_progress/2:1582 Supervisor: {local,riak_core_stats_sup}. Started: id=riak_kv_stat,pid=<0.451.0>.
2026-09-11 19:47:20.299130+09:00 [info] <0.261.0>@riak_core_node_worker_pool:start_link/5:85 Registered worker pool of type af1_pool and size 2
2026-09-11 19:47:20.299304+09:00 [info] <0.261.0>@supervisor:report_progress/2:1582 Supervisor: {local,riak_core_node_worker_pool_sup}. Started: id=af1_pool,pid=<0.593.0>.
2026-09-11 19:47:20.299762+09:00 [info] <0.261.0>@riak_core_node_worker_pool:start_link/5:85 Registered worker pool of type af2_pool and size 1
2026-09-11 19:47:20.299871+09:00 [info] <0.261.0>@supervisor:report_progress/2:1582 Supervisor: {local,riak_core_node_worker_pool_sup}. Started: id=af2_pool,pid=<0.598.0>.
2026-09-11 19:47:20.300284+09:00 [info] <0.261.0>@riak_core_node_worker_pool:start_link/5:85 Registered worker pool of type af3_pool and size 4
2026-09-11 19:47:20.300384+09:00 [info] <0.261.0>@supervisor:report_progress/2:1582 Supervisor: {local,riak_core_node_worker_pool_sup}. Started: id=af3_pool,pid=<0.602.0>.
2026-09-11 19:47:20.300591+09:00 [info] <0.261.0>@riak_core_node_worker_pool:start_link/5:85 Registered worker pool of type af4_pool and size 1
2026-09-11 19:47:20.300685+09:00 [info] <0.261.0>@supervisor:report_progress/2:1582 Supervisor: {local,riak_core_node_worker_pool_sup}. Started: id=af4_pool,pid=<0.609.0>.
2026-09-11 19:47:20.300973+09:00 [info] <0.261.0>@riak_core_node_worker_pool:start_link/5:85 Registered worker pool of type be_pool and size 1
2026-09-11 19:47:20.301092+09:00 [info] <0.261.0>@supervisor:report_progress/2:1582 Supervisor: {local,riak_core_node_worker_pool_sup}. Started: id=be_pool,pid=<0.613.0>.
2026-09-11 19:47:20.367856+09:00 [info] <0.44.0>@application_controller:info_started/2:2130 Application: riak_kv. Started at: 'openriak-kv@node-01.cluster-a.openriak'.
2026-09-11 19:47:20.368069+09:00 [info] <0.44.0>@application_controller:info_started/2:2130 Application: ebloom. Started at: 'openriak-kv@node-01.cluster-a.openriak'.
2026-09-11 19:47:20.368274+09:00 [info] <0.44.0>@application_controller:info_started/2:2130 Application: bear. Started at: 'openriak-kv@node-01.cluster-a.openriak'.
2026-09-11 19:47:20.370971+09:00 [info] <0.638.0>@supervisor:report_progress/2:1582 Supervisor: {local,folsom_sup}. Started: id=folsom_sample_slide_sup,pid=<0.639.0>.
2026-09-11 19:47:20.371883+09:00 [info] <0.638.0>@supervisor:report_progress/2:1582 Supervisor: {local,folsom_sup}. Started: id=folsom_meter_timer_server,pid=<0.640.0>.
2026-09-11 19:47:20.372792+09:00 [info] <0.638.0>@supervisor:report_progress/2:1582 Supervisor: {local,folsom_sup}. Started: id=folsom_metrics_histogram_ets,pid=<0.641.0>.
2026-09-11 19:47:20.373792+09:00 [info] <0.638.0>@supervisor:report_progress/2:1582 Supervisor: {local,folsom_sup}. Started: id=folsom_metrics_spiral,pid=<0.642.0>.
2026-09-11 19:47:20.374761+09:00 [info] <0.638.0>@supervisor:report_progress/2:1582 Supervisor: {local,folsom_sup}. Started: id=folsom_metrics_history,pid=<0.643.0>.
2026-09-11 19:47:20.375782+09:00 [info] <0.638.0>@supervisor:report_progress/2:1582 Supervisor: {local,folsom_sup}. Started: id=folsom_metrics_histogram,pid=<0.644.0>.
2026-09-11 19:47:20.376898+09:00 [info] <0.638.0>@supervisor:report_progress/2:1582 Supervisor: {local,folsom_sup}. Started: id=folsom_metrics_duration,pid=<0.645.0>.
2026-09-11 19:47:20.378956+09:00 [info] <0.638.0>@supervisor:report_progress/2:1582 Supervisor: {local,folsom_sup}. Started: id=folsom_metrics_counter,pid=<0.646.0>.
2026-09-11 19:47:20.379923+09:00 [info] <0.638.0>@supervisor:report_progress/2:1582 Supervisor: {local,folsom_sup}. Started: id=folsom_metrics_gauge,pid=<0.647.0>.
2026-09-11 19:47:20.381054+09:00 [info] <0.638.0>@supervisor:report_progress/2:1582 Supervisor: {local,folsom_sup}. Started: id=folsom_metrics_meter,pid=<0.648.0>.
2026-09-11 19:47:20.382606+09:00 [info] <0.638.0>@supervisor:report_progress/2:1582 Supervisor: {local,folsom_sup}. Started: id=folsom_metrics_meter_reader,pid=<0.649.0>.
2026-09-11 19:47:20.382795+09:00 [info] <0.44.0>@application_controller:info_started/2:2130 Application: folsom. Started at: 'openriak-kv@node-01.cluster-a.openriak'.
2026-09-11 19:47:20.386243+09:00 [info] <0.653.0>@supervisor:report_progress/2:1582 Supervisor: {local,ranch_sup}. Started: id=ranch_server,pid=<0.654.0>.
2026-09-11 19:47:20.386390+09:00 [info] <0.44.0>@application_controller:info_started/2:2130 Application: ranch. Started at: 'openriak-kv@node-01.cluster-a.openriak'.
2026-09-11 19:47:20.388724+09:00 [info] <0.657.0>@riak_core:wait_for_service/2:498 Waiting for service riak_kv to start (0 seconds)
2026-09-11 19:47:28.792022+09:00 [info] <0.253.0>@riak_core_vnode_manager:update_never_started/4:1026 Update never started for Mod riak_kv_vnode with count 8 to be added to 0
2026-09-11 19:47:28.792282+09:00 [info] <0.253.0>@riak_core_vnode_manager:update_never_started/4:1026 Update never started for Mod riak_pipe_vnode with count 8 to be added to 8
2026-09-11 19:47:28.792412+09:00 [info] <0.735.0>@riak_core_vnode_manager:get_vnode/3:733 Will start VNode for partition 0 riak_pipe_vnode
2026-09-11 19:47:28.813700+09:00 [info] <0.735.0>@riak_core_vnode_manager:get_vnode/3:743 VNode initialization ready <0.736.0> 0 riak_pipe_vnode
2026-09-11 19:47:28.814010+09:00 [info] <0.738.0>@riak_core_vnode_manager:get_vnode/3:733 Will start VNode for partition 0 riak_kv_vnode
2026-09-11 19:47:28.814060+09:00 [info] <0.742.0>@riak_core_vnode_manager:get_vnode/3:733 Will start VNode for partition 730750818665451459101842416358141509827966271488 riak_kv_vnode
2026-09-11 19:47:28.814087+09:00 [info] <0.743.0>@riak_core_vnode_manager:get_vnode/3:733 Will start VNode for partition 913438523331814323877303020447676887284957839360 riak_kv_vnode
2026-09-11 19:47:28.814105+09:00 [info] <0.744.0>@riak_core_vnode_manager:get_vnode/3:733 Will start VNode for partition 1096126227998177188652763624537212264741949407232 riak_kv_vnode
2026-09-11 19:47:28.814122+09:00 [info] <0.745.0>@riak_core_vnode_manager:get_vnode/3:733 Will start VNode for partition 1278813932664540053428224228626747642198940975104 riak_kv_vnode
2026-09-11 19:47:28.815111+09:00 [info] <0.739.0>@riak_core_vnode_manager:get_vnode/3:733 Will start VNode for partition 182687704666362864775460604089535377456991567872 riak_kv_vnode
2026-09-11 19:47:28.815178+09:00 [info] <0.741.0>@riak_core_vnode_manager:get_vnode/3:733 Will start VNode for partition 548063113999088594326381812268606132370974703616 riak_kv_vnode
2026-09-11 19:47:28.815265+09:00 [info] <0.740.0>@riak_core_vnode_manager:get_vnode/3:733 Will start VNode for partition 365375409332725729550921208179070754913983135744 riak_kv_vnode
2026-09-11 19:47:28.884364+09:00 [info] <0.791.0>@leveled_inker:open_all_manifest/2:1269 log_ref=i0011 db_id=6 Manifest is empty, starting from manifest SQN 1
2026-09-11 19:47:28.884498+09:00 [info] <0.790.0>@leveled_inker:open_all_manifest/2:1269 log_ref=i0011 db_id=2 Manifest is empty, starting from manifest SQN 1
2026-09-11 19:47:28.884539+09:00 [info] <0.789.0>@leveled_inker:open_all_manifest/2:1269 log_ref=i0011 db_id=0 Manifest is empty, starting from manifest SQN 1
2026-09-11 19:47:28.884569+09:00 [info] <0.788.0>@leveled_inker:open_all_manifest/2:1269 log_ref=i0011 db_id=1 Manifest is empty, starting from manifest SQN 1
2026-09-11 19:47:28.884603+09:00 [info] <0.795.0>@leveled_inker:open_all_manifest/2:1269 log_ref=i0011 db_id=5 Manifest is empty, starting from manifest SQN 1
2026-09-11 19:47:28.884638+09:00 [info] <0.794.0>@leveled_inker:open_all_manifest/2:1269 log_ref=i0011 db_id=3 Manifest is empty, starting from manifest SQN 1
2026-09-11 19:47:28.884667+09:00 [info] <0.792.0>@leveled_inker:open_all_manifest/2:1269 log_ref=i0011 db_id=4 Manifest is empty, starting from manifest SQN 1
2026-09-11 19:47:28.884696+09:00 [info] <0.793.0>@leveled_inker:open_all_manifest/2:1269 log_ref=i0011 db_id=7 Manifest is empty, starting from manifest SQN 1
2026-09-11 19:47:28.902866+09:00 [info] <0.814.0>@leveled_cdb:starting/3:479 log_ref=cdb01 db_id=2 Opening file for writing with filename /var/lib/riak/leveled/365375409332725729550921208179070754913983135744/journal/journal_files/0_df9a6bfa-6f4d-4deb-990c-4a9598f093bb.pnd
2026-09-11 19:47:28.902653+09:00 [info] <0.811.0>@leveled_cdb:starting/3:479 log_ref=cdb01 db_id=5 Opening file for writing with filename /var/lib/riak/leveled/913438523331814323877303020447676887284957839360/journal/journal_files/0_0c61dfa5-7242-4303-b141-39861ca5db4e.pnd
2026-09-11 19:47:28.902766+09:00 [info] <0.812.0>@leveled_cdb:starting/3:479 log_ref=cdb01 db_id=1 Opening file for writing with filename /var/lib/riak/leveled/182687704666362864775460604089535377456991567872/journal/journal_files/0_2949b975-a3dd-4e4e-b7e8-591656e0214b.pnd
2026-09-11 19:47:28.902989+09:00 [info] <0.810.0>@leveled_cdb:starting/3:479 log_ref=cdb01 db_id=3 Opening file for writing with filename /var/lib/riak/leveled/548063113999088594326381812268606132370974703616/journal/journal_files/0_0ab7f9a8-ae88-48a8-aad9-d1a38db60323.pnd
2026-09-11 19:47:28.902826+09:00 [info] <0.813.0>@leveled_cdb:starting/3:479 log_ref=cdb01 db_id=0 Opening file for writing with filename /var/lib/riak/leveled/0/journal/journal_files/0_6f58d3b7-ae8c-4b39-90b4-dde747ec9565.pnd
2026-09-11 19:47:28.902876+09:00 [info] <0.815.0>@leveled_cdb:starting/3:479 log_ref=cdb01 db_id=6 Opening file for writing with filename /var/lib/riak/leveled/1096126227998177188652763624537212264741949407232/journal/journal_files/0_2a19e61c-1f21-4204-9fd2-13d217e14bf2.pnd
2026-09-11 19:47:28.902915+09:00 [info] <0.808.0>@leveled_cdb:starting/3:479 log_ref=cdb01 db_id=7 Opening file for writing with filename /var/lib/riak/leveled/1278813932664540053428224228626747642198940975104/journal/journal_files/0_25d21ca3-f4d6-41e3-b95c-2a6038388baa.pnd
2026-09-11 19:47:28.903077+09:00 [info] <0.809.0>@leveled_cdb:starting/3:479 log_ref=cdb01 db_id=4 Opening file for writing with filename /var/lib/riak/leveled/730750818665451459101842416358141509827966271488/journal/journal_files/0_a9ecae68-71e3-44f4-8814-d6715589e199.pnd
2026-09-11 19:47:28.903616+09:00 [info] <0.789.0>@leveled_inker:build_manifest/3:1238 log_ref=i0009 db_id=0 Updated manifest on startup:
2026-09-11 19:47:28.903700+09:00 [info] <0.791.0>@leveled_inker:build_manifest/3:1238 log_ref=i0009 db_id=6 Updated manifest on startup:
2026-09-11 19:47:28.903834+09:00 [info] <0.790.0>@leveled_inker:build_manifest/3:1238 log_ref=i0009 db_id=2 Updated manifest on startup:
2026-09-11 19:47:28.903868+09:00 [info] <0.794.0>@leveled_inker:build_manifest/3:1238 log_ref=i0009 db_id=3 Updated manifest on startup:
2026-09-11 19:47:28.903936+09:00 [info] <0.795.0>@leveled_inker:build_manifest/3:1238 log_ref=i0009 db_id=5 Updated manifest on startup:
2026-09-11 19:47:28.903855+09:00 [info] <0.793.0>@leveled_inker:build_manifest/3:1238 log_ref=i0009 db_id=7 Updated manifest on startup:
2026-09-11 19:47:28.904320+09:00 [info] <0.788.0>@leveled_inker:build_manifest/3:1238 log_ref=i0009 db_id=1 Updated manifest on startup:
2026-09-11 19:47:28.904278+09:00 [info] <0.792.0>@leveled_inker:build_manifest/3:1238 log_ref=i0009 db_id=4 Updated manifest on startup:
2026-09-11 19:47:28.904555+09:00 [info] <0.793.0>@leveled_imanifest:writer/3:187 log_ref=i0016 db_id=7 Writing new version of manifest for manifestSQN=2
2026-09-11 19:47:28.904975+09:00 [info] <0.789.0>@leveled_imanifest:writer/3:187 log_ref=i0016 db_id=0 Writing new version of manifest for manifestSQN=2
2026-09-11 19:47:28.905291+09:00 [info] <0.790.0>@leveled_imanifest:writer/3:187 log_ref=i0016 db_id=2 Writing new version of manifest for manifestSQN=2
2026-09-11 19:47:28.905446+09:00 [info] <0.794.0>@leveled_imanifest:writer/3:187 log_ref=i0016 db_id=3 Writing new version of manifest for manifestSQN=2
2026-09-11 19:47:28.905565+09:00 [info] <0.791.0>@leveled_imanifest:writer/3:187 log_ref=i0016 db_id=6 Writing new version of manifest for manifestSQN=2
2026-09-11 19:47:28.905727+09:00 [info] <0.788.0>@leveled_imanifest:writer/3:187 log_ref=i0016 db_id=1 Writing new version of manifest for manifestSQN=2
2026-09-11 19:47:28.905992+09:00 [info] <0.795.0>@leveled_imanifest:writer/3:187 log_ref=i0016 db_id=5 Writing new version of manifest for manifestSQN=2
2026-09-11 19:47:28.906210+09:00 [info] <0.792.0>@leveled_imanifest:writer/3:187 log_ref=i0016 db_id=4 Writing new version of manifest for manifestSQN=2
2026-09-11 19:47:28.991238+09:00 [info] <0.816.0>@leveled_pclerk:clerk_new/3:78 log_ref=pc001 db_id=7 Penciller's clerk <0.819.0> started with owner <0.816.0>
2026-09-11 19:47:28.991335+09:00 [info] <0.817.0>@leveled_pclerk:clerk_new/3:78 log_ref=pc001 db_id=0 Penciller's clerk <0.818.0> started with owner <0.817.0>
2026-09-11 19:47:28.995876+09:00 [info] <0.817.0>@leveled_pmanifest:open_manifestfile/2:1180 log_ref=p0013 db_id=0 Seqence number of 0 indicates no valid manifest
2026-09-11 19:47:28.996189+09:00 [info] <0.816.0>@leveled_pmanifest:open_manifestfile/2:1180 log_ref=p0013 db_id=7 Seqence number of 0 indicates no valid manifest
2026-09-11 19:47:28.998350+09:00 [info] <0.816.0>@leveled_penciller:start_from_file/1:1508 log_ref=p0014 db_id=7 Maximum sequence number of 0 found in nonzero levels
2026-09-11 19:47:28.998424+09:00 [info] <0.817.0>@leveled_penciller:start_from_file/1:1508 log_ref=p0014 db_id=0 Maximum sequence number of 0 found in nonzero levels
2026-09-11 19:47:28.998505+09:00 [info] <0.816.0>@leveled_penciller:start_from_file/1:1510 log_ref=p0035 db_id=7 Startup with Manifest SQN of 0
2026-09-11 19:47:28.998613+09:00 [info] <0.817.0>@leveled_penciller:start_from_file/1:1510 log_ref=p0035 db_id=0 Startup with Manifest SQN of 0
2026-09-11 19:47:29.044922+09:00 [info] <0.816.0>@leveled_penciller:start_from_file/1:1538 log_ref=p0017 db_id=7 No L0 file found
2026-09-11 19:47:29.045084+09:00 [info] <0.817.0>@leveled_penciller:start_from_file/1:1538 log_ref=p0017 db_id=0 No L0 file found
2026-09-11 19:47:29.045582+09:00 [info] <0.821.0>@leveled_pclerk:clerk_new/3:78 log_ref=pc001 db_id=6 Penciller's clerk <0.823.0> started with owner <0.821.0>
2026-09-11 19:47:29.045600+09:00 [info] <0.820.0>@leveled_pclerk:clerk_new/3:78 log_ref=pc001 db_id=3 Penciller's clerk <0.822.0> started with owner <0.820.0>
2026-09-11 19:47:29.045636+09:00 [info] <0.824.0>@leveled_pclerk:clerk_new/3:78 log_ref=pc001 db_id=1 Penciller's clerk <0.825.0> started with owner <0.824.0>
2026-09-11 19:47:29.045836+09:00 [info] <0.828.0>@leveled_pclerk:clerk_new/3:78 log_ref=pc001 db_id=2 Penciller's clerk <0.831.0> started with owner <0.828.0>
2026-09-11 19:47:29.045762+09:00 [info] <0.826.0>@leveled_pclerk:clerk_new/3:78 log_ref=pc001 db_id=5 Penciller's clerk <0.827.0> started with owner <0.826.0>
2026-09-11 19:47:29.045836+09:00 [info] <0.778.0>@leveled_bookie:startup/2:1993 log_ref=b0005 db_id=0 LedgerSQN=0 at startup
2026-09-11 19:47:29.045822+09:00 [info] <0.829.0>@leveled_pclerk:clerk_new/3:78 log_ref=pc001 db_id=4 Penciller's clerk <0.830.0> started with owner <0.829.0>
2026-09-11 19:47:29.045815+09:00 [info] <0.776.0>@leveled_bookie:startup/2:1993 log_ref=b0005 db_id=7 LedgerSQN=0 at startup
2026-09-11 19:47:29.047914+09:00 [info] <0.793.0>@leveled_bookie:startup/2:2004 log_ref=i0014 db_id=7 On startup loading from filename /var/lib/riak/leveled/1278813932664540053428224228626747642198940975104/journal/journal_files/0_25d21ca3-f4d6-41e3-b95c-2a6038388baa from SQN 1
2026-09-11 19:47:29.047944+09:00 [info] <0.789.0>@leveled_bookie:startup/2:2004 log_ref=i0014 db_id=0 On startup loading from filename /var/lib/riak/leveled/0/journal/journal_files/0_6f58d3b7-ae8c-4b39-90b4-dde747ec9565 from SQN 1
2026-09-11 19:47:29.048260+09:00 [info] <0.776.0>@leveled_bookie:init/1:1409 log_ref=b0001 db_id=7 Bookie starting with Ink <0.793.0> Pcl <0.816.0>
2026-09-11 19:47:29.048307+09:00 [info] <0.778.0>@leveled_bookie:init/1:1409 log_ref=b0001 db_id=0 Bookie starting with Ink <0.789.0> Pcl <0.817.0>
2026-09-11 19:47:29.048483+09:00 [info] <0.746.0>@riak_kv_leveled_backend:schedule_journalcompaction/4:903 Schedule compaction for interval 2205 on partition 0
2026-09-11 19:47:29.048460+09:00 [info] <0.750.0>@riak_kv_leveled_backend:schedule_journalcompaction/4:903 Schedule compaction for interval 1236 on partition 1278813932664540053428224228626747642198940975104
2026-09-11 19:47:29.050342+09:00 [info] <0.821.0>@leveled_pmanifest:open_manifestfile/2:1180 log_ref=p0013 db_id=6 Seqence number of 0 indicates no valid manifest
2026-09-11 19:47:29.050534+09:00 [info] <0.821.0>@leveled_penciller:start_from_file/1:1508 log_ref=p0014 db_id=6 Maximum sequence number of 0 found in nonzero levels
2026-09-11 19:47:29.050627+09:00 [info] <0.821.0>@leveled_penciller:start_from_file/1:1510 log_ref=p0035 db_id=6 Startup with Manifest SQN of 0
2026-09-11 19:47:29.050956+09:00 [info] <0.820.0>@leveled_pmanifest:open_manifestfile/2:1180 log_ref=p0013 db_id=3 Seqence number of 0 indicates no valid manifest
2026-09-11 19:47:29.051045+09:00 [info] <0.820.0>@leveled_penciller:start_from_file/1:1508 log_ref=p0014 db_id=3 Maximum sequence number of 0 found in nonzero levels
2026-09-11 19:47:29.051140+09:00 [info] <0.820.0>@leveled_penciller:start_from_file/1:1510 log_ref=p0035 db_id=3 Startup with Manifest SQN of 0
2026-09-11 19:47:29.052568+09:00 [info] <0.824.0>@leveled_pmanifest:open_manifestfile/2:1180 log_ref=p0013 db_id=1 Seqence number of 0 indicates no valid manifest
2026-09-11 19:47:29.052680+09:00 [info] <0.824.0>@leveled_penciller:start_from_file/1:1508 log_ref=p0014 db_id=1 Maximum sequence number of 0 found in nonzero levels
2026-09-11 19:47:29.052771+09:00 [info] <0.824.0>@leveled_penciller:start_from_file/1:1510 log_ref=p0035 db_id=1 Startup with Manifest SQN of 0
2026-09-11 19:47:29.053750+09:00 [info] <0.828.0>@leveled_pmanifest:open_manifestfile/2:1180 log_ref=p0013 db_id=2 Seqence number of 0 indicates no valid manifest
2026-09-11 19:47:29.053793+09:00 [info] <0.826.0>@leveled_pmanifest:open_manifestfile/2:1180 log_ref=p0013 db_id=5 Seqence number of 0 indicates no valid manifest
2026-09-11 19:47:29.053832+09:00 [info] <0.828.0>@leveled_penciller:start_from_file/1:1508 log_ref=p0014 db_id=2 Maximum sequence number of 0 found in nonzero levels
2026-09-11 19:47:29.053873+09:00 [info] <0.826.0>@leveled_penciller:start_from_file/1:1508 log_ref=p0014 db_id=5 Maximum sequence number of 0 found in nonzero levels
2026-09-11 19:47:29.053963+09:00 [info] <0.828.0>@leveled_penciller:start_from_file/1:1510 log_ref=p0035 db_id=2 Startup with Manifest SQN of 0
2026-09-11 19:47:29.053986+09:00 [info] <0.826.0>@leveled_penciller:start_from_file/1:1510 log_ref=p0035 db_id=5 Startup with Manifest SQN of 0
2026-09-11 19:47:29.053975+09:00 [info] <0.829.0>@leveled_pmanifest:open_manifestfile/2:1180 log_ref=p0013 db_id=4 Seqence number of 0 indicates no valid manifest
2026-09-11 19:47:29.054131+09:00 [info] <0.829.0>@leveled_penciller:start_from_file/1:1508 log_ref=p0014 db_id=4 Maximum sequence number of 0 found in nonzero levels
2026-09-11 19:47:29.054193+09:00 [info] <0.829.0>@leveled_penciller:start_from_file/1:1510 log_ref=p0035 db_id=4 Startup with Manifest SQN of 0
2026-09-11 19:47:29.056083+09:00 [info] <0.821.0>@leveled_penciller:start_from_file/1:1538 log_ref=p0017 db_id=6 No L0 file found
2026-09-11 19:47:29.056223+09:00 [info] <0.824.0>@leveled_penciller:start_from_file/1:1538 log_ref=p0017 db_id=1 No L0 file found
2026-09-11 19:47:29.056172+09:00 [info] <0.820.0>@leveled_penciller:start_from_file/1:1538 log_ref=p0017 db_id=3 No L0 file found
2026-09-11 19:47:29.056702+09:00 [info] <0.775.0>@leveled_bookie:startup/2:1993 log_ref=b0005 db_id=6 LedgerSQN=0 at startup
2026-09-11 19:47:29.056792+09:00 [info] <0.791.0>@leveled_bookie:startup/2:2004 log_ref=i0014 db_id=6 On startup loading from filename /var/lib/riak/leveled/1096126227998177188652763624537212264741949407232/journal/journal_files/0_2a19e61c-1f21-4204-9fd2-13d217e14bf2 from SQN 1
2026-09-11 19:47:29.056962+09:00 [info] <0.826.0>@leveled_penciller:start_from_file/1:1538 log_ref=p0017 db_id=5 No L0 file found
2026-09-11 19:47:29.056932+09:00 [info] <0.828.0>@leveled_penciller:start_from_file/1:1538 log_ref=p0017 db_id=2 No L0 file found
2026-09-11 19:47:29.057236+09:00 [info] <0.775.0>@leveled_bookie:init/1:1409 log_ref=b0001 db_id=6 Bookie starting with Ink <0.791.0> Pcl <0.821.0>
2026-09-11 19:47:29.057267+09:00 [info] <0.777.0>@leveled_bookie:startup/2:1993 log_ref=b0005 db_id=1 LedgerSQN=0 at startup
2026-09-11 19:47:29.057316+09:00 [info] <0.749.0>@riak_kv_leveled_backend:schedule_journalcompaction/4:903 Schedule compaction for interval 1243 on partition 1096126227998177188652763624537212264741949407232
2026-09-11 19:47:29.057373+09:00 [info] <0.829.0>@leveled_penciller:start_from_file/1:1538 log_ref=p0017 db_id=4 No L0 file found
2026-09-11 19:47:29.057497+09:00 [info] <0.772.0>@leveled_bookie:startup/2:1993 log_ref=b0005 db_id=3 LedgerSQN=0 at startup
2026-09-11 19:47:29.057502+09:00 [info] <0.788.0>@leveled_bookie:startup/2:2004 log_ref=i0014 db_id=1 On startup loading from filename /var/lib/riak/leveled/182687704666362864775460604089535377456991567872/journal/journal_files/0_2949b975-a3dd-4e4e-b7e8-591656e0214b from SQN 1
2026-09-11 19:47:29.057646+09:00 [info] <0.794.0>@leveled_bookie:startup/2:2004 log_ref=i0014 db_id=3 On startup loading from filename /var/lib/riak/leveled/548063113999088594326381812268606132370974703616/journal/journal_files/0_0ab7f9a8-ae88-48a8-aad9-d1a38db60323 from SQN 1
2026-09-11 19:47:29.057657+09:00 [info] <0.779.0>@leveled_bookie:startup/2:1993 log_ref=b0005 db_id=2 LedgerSQN=0 at startup
2026-09-11 19:47:29.057783+09:00 [info] <0.790.0>@leveled_bookie:startup/2:2004 log_ref=i0014 db_id=2 On startup loading from filename /var/lib/riak/leveled/365375409332725729550921208179070754913983135744/journal/journal_files/0_df9a6bfa-6f4d-4deb-990c-4a9598f093bb from SQN 1
2026-09-11 19:47:29.057805+09:00 [info] <0.774.0>@leveled_bookie:startup/2:1993 log_ref=b0005 db_id=4 LedgerSQN=0 at startup
2026-09-11 19:47:29.057508+09:00 [info] <0.773.0>@leveled_bookie:startup/2:1993 log_ref=b0005 db_id=5 LedgerSQN=0 at startup
2026-09-11 19:47:29.057922+09:00 [info] <0.772.0>@leveled_bookie:init/1:1409 log_ref=b0001 db_id=3 Bookie starting with Ink <0.794.0> Pcl <0.820.0>
2026-09-11 19:47:29.057982+09:00 [info] <0.777.0>@leveled_bookie:init/1:1409 log_ref=b0001 db_id=1 Bookie starting with Ink <0.788.0> Pcl <0.824.0>
2026-09-11 19:47:29.057962+09:00 [info] <0.795.0>@leveled_bookie:startup/2:2004 log_ref=i0014 db_id=5 On startup loading from filename /var/lib/riak/leveled/913438523331814323877303020447676887284957839360/journal/journal_files/0_0c61dfa5-7242-4303-b141-39861ca5db4e from SQN 1
2026-09-11 19:47:29.057904+09:00 [info] <0.792.0>@leveled_bookie:startup/2:2004 log_ref=i0014 db_id=4 On startup loading from filename /var/lib/riak/leveled/730750818665451459101842416358141509827966271488/journal/journal_files/0_a9ecae68-71e3-44f4-8814-d6715589e199 from SQN 1
2026-09-11 19:47:29.057949+09:00 [info] <0.779.0>@leveled_bookie:init/1:1409 log_ref=b0001 db_id=2 Bookie starting with Ink <0.790.0> Pcl <0.828.0>
2026-09-11 19:47:29.058188+09:00 [info] <0.752.0>@riak_kv_leveled_backend:schedule_journalcompaction/4:903 Schedule compaction for interval 1028 on partition 548063113999088594326381812268606132370974703616
2026-09-11 19:47:29.058264+09:00 [info] <0.753.0>@riak_kv_leveled_backend:schedule_journalcompaction/4:903 Schedule compaction for interval 2076 on partition 365375409332725729550921208179070754913983135744
2026-09-11 19:47:29.058644+09:00 [info] <0.773.0>@leveled_bookie:init/1:1409 log_ref=b0001 db_id=5 Bookie starting with Ink <0.795.0> Pcl <0.826.0>
2026-09-11 19:47:29.058333+09:00 [info] <0.751.0>@riak_kv_leveled_backend:schedule_journalcompaction/4:903 Schedule compaction for interval 2006 on partition 182687704666362864775460604089535377456991567872
2026-09-11 19:47:29.058705+09:00 [info] <0.748.0>@riak_kv_leveled_backend:schedule_journalcompaction/4:903 Schedule compaction for interval 1342 on partition 913438523331814323877303020447676887284957839360
2026-09-11 19:47:29.058701+09:00 [info] <0.774.0>@leveled_bookie:init/1:1409 log_ref=b0001 db_id=4 Bookie starting with Ink <0.792.0> Pcl <0.829.0>
2026-09-11 19:47:29.058919+09:00 [info] <0.747.0>@riak_kv_leveled_backend:schedule_journalcompaction/4:903 Schedule compaction for interval 5778 on partition 730750818665451459101842416358141509827966271488
2026-09-11 19:47:29.080055+09:00 [info] <0.844.0>@aae_controller:init/1:674 log_ref=aae02 Native KeyStore type leveled_nko startup request
2026-09-11 19:47:29.080196+09:00 [info] <0.842.0>@aae_controller:init/1:674 log_ref=aae02 Native KeyStore type leveled_nko startup request
2026-09-11 19:47:29.080154+09:00 [info] <0.843.0>@aae_controller:init/1:674 log_ref=aae02 Native KeyStore type leveled_nko startup request
2026-09-11 19:47:29.080247+09:00 [info] <0.841.0>@aae_controller:init/1:674 log_ref=aae02 Native KeyStore type leveled_nko startup request
2026-09-11 19:47:29.080281+09:00 [info] <0.840.0>@aae_controller:init/1:674 log_ref=aae02 Native KeyStore type leveled_nko startup request
2026-09-11 19:47:29.080357+09:00 [info] <0.845.0>@aae_controller:init/1:674 log_ref=aae02 Native KeyStore type leveled_nko startup request
2026-09-11 19:47:29.080324+09:00 [info] <0.847.0>@aae_controller:init/1:674 log_ref=aae02 Native KeyStore type leveled_nko startup request
2026-09-11 19:47:29.080359+09:00 [info] <0.846.0>@aae_controller:init/1:674 log_ref=aae02 Native KeyStore type leveled_nko startup request
2026-09-11 19:47:29.080650+09:00 [warning] <0.848.0>@aae_keystore:open_manifest/1:1526 log_ref=ks002 No valid manifest found for AAE keystore at /var/lib/riak/tictac_aae/1096126227998177188652763624537212264741949407232/leveled_nko/keystore reason not_present
2026-09-11 19:47:29.080653+09:00 [warning] <0.852.0>@aae_keystore:open_manifest/1:1526 log_ref=ks002 No valid manifest found for AAE keystore at /var/lib/riak/tictac_aae/548063113999088594326381812268606132370974703616/leveled_nko/keystore reason not_present
2026-09-11 19:47:29.080812+09:00 [warning] <0.849.0>@aae_keystore:open_manifest/1:1526 log_ref=ks002 No valid manifest found for AAE keystore at /var/lib/riak/tictac_aae/730750818665451459101842416358141509827966271488/leveled_nko/keystore reason not_present
2026-09-11 19:47:29.080764+09:00 [warning] <0.855.0>@aae_keystore:open_manifest/1:1526 log_ref=ks002 No valid manifest found for AAE keystore at /var/lib/riak/tictac_aae/1278813932664540053428224228626747642198940975104/leveled_nko/keystore reason not_present
2026-09-11 19:47:29.080918+09:00 [warning] <0.853.0>@aae_keystore:open_manifest/1:1526 log_ref=ks002 No valid manifest found for AAE keystore at /var/lib/riak/tictac_aae/182687704666362864775460604089535377456991567872/leveled_nko/keystore reason not_present
2026-09-11 19:47:29.080914+09:00 [warning] <0.851.0>@aae_keystore:open_manifest/1:1526 log_ref=ks002 No valid manifest found for AAE keystore at /var/lib/riak/tictac_aae/0/leveled_nko/keystore reason not_present
2026-09-11 19:47:29.080994+09:00 [warning] <0.854.0>@aae_keystore:open_manifest/1:1526 log_ref=ks002 No valid manifest found for AAE keystore at /var/lib/riak/tictac_aae/913438523331814323877303020447676887284957839360/leveled_nko/keystore reason not_present
2026-09-11 19:47:29.081028+09:00 [warning] <0.850.0>@aae_keystore:open_manifest/1:1526 log_ref=ks002 No valid manifest found for AAE keystore at /var/lib/riak/tictac_aae/365375409332725729550921208179070754913983135744/leveled_nko/keystore reason not_present
2026-09-11 19:47:29.092896+09:00 [info] <0.856.0>@aae_treecache:init/1:224 log_ref=c0005 Starting cache with is_restored=false and IndexN of {0,3}
2026-09-11 19:47:29.093549+09:00 [info] <0.859.0>@aae_treecache:init/1:224 log_ref=c0005 Starting cache with is_restored=false and IndexN of {365375409332725729550921208179070754913983135744,3}
2026-09-11 19:47:29.093492+09:00 [info] <0.860.0>@aae_treecache:init/1:224 log_ref=c0005 Starting cache with is_restored=false and IndexN of {1096126227998177188652763624537212264741949407232,3}
2026-09-11 19:47:29.093639+09:00 [info] <0.858.0>@aae_treecache:init/1:224 log_ref=c0005 Starting cache with is_restored=false and IndexN of {1278813932664540053428224228626747642198940975104,3}
2026-09-11 19:47:29.093934+09:00 [info] <0.861.0>@aae_treecache:init/1:224 log_ref=c0005 Starting cache with is_restored=false and IndexN of {182687704666362864775460604089535377456991567872,3}
2026-09-11 19:47:29.093781+09:00 [info] <0.857.0>@aae_treecache:init/1:224 log_ref=c0005 Starting cache with is_restored=false and IndexN of {548063113999088594326381812268606132370974703616,3}
2026-09-11 19:47:29.093902+09:00 [info] <0.862.0>@aae_treecache:init/1:224 log_ref=c0005 Starting cache with is_restored=false and IndexN of {913438523331814323877303020447676887284957839360,3}
2026-09-11 19:47:29.094001+09:00 [info] <0.863.0>@aae_treecache:init/1:224 log_ref=c0005 Starting cache with is_restored=false and IndexN of {730750818665451459101842416358141509827966271488,3}
2026-09-11 19:47:29.094942+09:00 [info] <0.864.0>@aae_treecache:init/1:224 log_ref=c0005 Starting cache with is_restored=false and IndexN of {182687704666362864775460604089535377456991567872,3}
2026-09-11 19:47:29.095232+09:00 [info] <0.865.0>@aae_treecache:init/1:224 log_ref=c0005 Starting cache with is_restored=false and IndexN of {548063113999088594326381812268606132370974703616,3}
2026-09-11 19:47:29.095365+09:00 [info] <0.866.0>@aae_treecache:init/1:224 log_ref=c0005 Starting cache with is_restored=false and IndexN of {1278813932664540053428224228626747642198940975104,3}
2026-09-11 19:47:29.095674+09:00 [info] <0.867.0>@aae_treecache:init/1:224 log_ref=c0005 Starting cache with is_restored=false and IndexN of {0,3}
2026-09-11 19:47:29.095928+09:00 [info] <0.868.0>@aae_treecache:init/1:224 log_ref=c0005 Starting cache with is_restored=false and IndexN of {365375409332725729550921208179070754913983135744,3}
2026-09-11 19:47:29.096387+09:00 [info] <0.869.0>@aae_treecache:init/1:224 log_ref=c0005 Starting cache with is_restored=false and IndexN of {730750818665451459101842416358141509827966271488,3}
2026-09-11 19:47:29.096562+09:00 [info] <0.870.0>@aae_treecache:init/1:224 log_ref=c0005 Starting cache with is_restored=false and IndexN of {1096126227998177188652763624537212264741949407232,3}
2026-09-11 19:47:29.096585+09:00 [info] <0.871.0>@aae_treecache:init/1:224 log_ref=c0005 Starting cache with is_restored=false and IndexN of {913438523331814323877303020447676887284957839360,3}
2026-09-11 19:47:29.097180+09:00 [info] <0.872.0>@aae_treecache:init/1:224 log_ref=c0005 Starting cache with is_restored=false and IndexN of {365375409332725729550921208179070754913983135744,3}
2026-09-11 19:47:29.097292+09:00 [info] <0.873.0>@aae_treecache:init/1:224 log_ref=c0005 Starting cache with is_restored=false and IndexN of {730750818665451459101842416358141509827966271488,3}
2026-09-11 19:47:29.097357+09:00 [info] <0.874.0>@aae_treecache:init/1:224 log_ref=c0005 Starting cache with is_restored=false and IndexN of {0,3}
2026-09-11 19:47:29.097867+09:00 [info] <0.875.0>@aae_treecache:init/1:224 log_ref=c0005 Starting cache with is_restored=false and IndexN of {182687704666362864775460604089535377456991567872,3}
2026-09-11 19:47:29.098101+09:00 [info] <0.876.0>@aae_treecache:init/1:224 log_ref=c0005 Starting cache with is_restored=false and IndexN of {548063113999088594326381812268606132370974703616,3}
2026-09-11 19:47:29.098908+09:00 [info] <0.842.0>@aae_controller:init/1:719 log_ref=aae10 AAE controller started with IndexNs [{365375409332725729550921208179070754913983135744,3},{548063113999088594326381812268606132370974703616,3},{730750818665451459101842416358141509827966271488,3}] and StoreType {native,leveled_nko,<0.774.0>}
2026-09-11 19:47:29.098913+09:00 [info] <0.840.0>@aae_controller:init/1:719 log_ref=aae10 AAE controller started with IndexNs [{1096126227998177188652763624537212264741949407232,3},{1278813932664540053428224228626747642198940975104,3},{0,3}] and StoreType {native,leveled_nko,<0.778.0>}
2026-09-11 19:47:29.099034+09:00 [info] <0.841.0>@aae_controller:init/1:719 log_ref=aae10 AAE controller started with IndexNs [{0,3},{182687704666362864775460604089535377456991567872,3},{365375409332725729550921208179070754913983135744,3}] and StoreType {native,leveled_nko,<0.779.0>}
2026-09-11 19:47:29.098898+09:00 [info] <0.877.0>@aae_treecache:init/1:224 log_ref=c0005 Starting cache with is_restored=false and IndexN of {913438523331814323877303020447676887284957839360,3}
2026-09-11 19:47:29.099138+09:00 [info] <0.846.0>@aae_controller:init/1:719 log_ref=aae10 AAE controller started with IndexNs [{548063113999088594326381812268606132370974703616,3},{730750818665451459101842416358141509827966271488,3},{913438523331814323877303020447676887284957839360,3}] and StoreType {native,leveled_nko,<0.773.0>}
2026-09-11 19:47:29.099148+09:00 [info] <0.843.0>@aae_controller:init/1:719 log_ref=aae10 AAE controller started with IndexNs [{182687704666362864775460604089535377456991567872,3},{365375409332725729550921208179070754913983135744,3},{548063113999088594326381812268606132370974703616,3}] and StoreType {native,leveled_nko,<0.772.0>}
2026-09-11 19:47:29.099139+09:00 [info] <0.847.0>@aae_controller:init/1:719 log_ref=aae10 AAE controller started with IndexNs [{1278813932664540053428224228626747642198940975104,3},{0,3},{182687704666362864775460604089535377456991567872,3}] and StoreType {native,leveled_nko,<0.777.0>}
2026-09-11 19:47:29.099065+09:00 [info] <0.747.0>@riak_kv_vnode:maybe_start_aaecontroller/2:402 AAE Controller started with pid=<0.842.0>
2026-09-11 19:47:29.099084+09:00 [info] <0.746.0>@riak_kv_vnode:maybe_start_aaecontroller/2:402 AAE Controller started with pid=<0.840.0>
2026-09-11 19:47:29.099313+09:00 [info] <0.751.0>@riak_kv_vnode:maybe_start_aaecontroller/2:402 AAE Controller started with pid=<0.847.0>
2026-09-11 19:47:29.099123+09:00 [info] <0.753.0>@riak_kv_vnode:maybe_start_aaecontroller/2:402 AAE Controller started with pid=<0.841.0>
2026-09-11 19:47:29.099273+09:00 [info] <0.748.0>@riak_kv_vnode:maybe_start_aaecontroller/2:402 AAE Controller started with pid=<0.846.0>
2026-09-11 19:47:29.099304+09:00 [info] <0.752.0>@riak_kv_vnode:maybe_start_aaecontroller/2:402 AAE Controller started with pid=<0.843.0>
2026-09-11 19:47:29.099697+09:00 [info] <0.878.0>@aae_treecache:init/1:224 log_ref=c0005 Starting cache with is_restored=false and IndexN of {1278813932664540053428224228626747642198940975104,3}
2026-09-11 19:47:29.099858+09:00 [info] <0.845.0>@aae_controller:init/1:719 log_ref=aae10 AAE controller started with IndexNs [{913438523331814323877303020447676887284957839360,3},{1096126227998177188652763624537212264741949407232,3},{1278813932664540053428224228626747642198940975104,3}] and StoreType {native,leveled_nko,<0.776.0>}
2026-09-11 19:47:29.099933+09:00 [info] <0.750.0>@riak_kv_vnode:maybe_start_aaecontroller/2:402 AAE Controller started with pid=<0.845.0>
2026-09-11 19:47:29.099889+09:00 [info] <0.879.0>@aae_treecache:init/1:224 log_ref=c0005 Starting cache with is_restored=false and IndexN of {1096126227998177188652763624537212264741949407232,3}
2026-09-11 19:47:29.100136+09:00 [info] <0.844.0>@aae_controller:init/1:719 log_ref=aae10 AAE controller started with IndexNs [{730750818665451459101842416358141509827966271488,3},{913438523331814323877303020447676887284957839360,3},{1096126227998177188652763624537212264741949407232,3}] and StoreType {native,leveled_nko,<0.775.0>}
2026-09-11 19:47:29.100238+09:00 [info] <0.749.0>@riak_kv_vnode:maybe_start_aaecontroller/2:402 AAE Controller started with pid=<0.844.0>
2026-09-11 19:47:29.103296+09:00 [info] <0.745.0>@riak_core_vnode_manager:get_vnode/3:743 VNode initialization ready <0.750.0> 1278813932664540053428224228626747642198940975104 riak_kv_vnode
2026-09-11 19:47:29.103410+09:00 [info] <0.741.0>@riak_core_vnode_manager:get_vnode/3:743 VNode initialization ready <0.752.0> 548063113999088594326381812268606132370974703616 riak_kv_vnode
2026-09-11 19:47:29.103360+09:00 [info] <0.744.0>@riak_core_vnode_manager:get_vnode/3:743 VNode initialization ready <0.749.0> 1096126227998177188652763624537212264741949407232 riak_kv_vnode
2026-09-11 19:47:29.103445+09:00 [info] <0.740.0>@riak_core_vnode_manager:get_vnode/3:743 VNode initialization ready <0.753.0> 365375409332725729550921208179070754913983135744 riak_kv_vnode
2026-09-11 19:47:29.103435+09:00 [info] <0.742.0>@riak_core_vnode_manager:get_vnode/3:743 VNode initialization ready <0.747.0> 730750818665451459101842416358141509827966271488 riak_kv_vnode
2026-09-11 19:47:29.103524+09:00 [info] <0.738.0>@riak_core_vnode_manager:get_vnode/3:743 VNode initialization ready <0.746.0> 0 riak_kv_vnode
2026-09-11 19:47:29.103559+09:00 [info] <0.743.0>@riak_core_vnode_manager:get_vnode/3:743 VNode initialization ready <0.748.0> 913438523331814323877303020447676887284957839360 riak_kv_vnode
2026-09-11 19:47:29.103598+09:00 [info] <0.739.0>@riak_core_vnode_manager:get_vnode/3:743 VNode initialization ready <0.751.0> 182687704666362864775460604089535377456991567872 riak_kv_vnode
2026-09-11 19:47:29.103775+09:00 [info] <0.952.0>@riak_core_vnode_manager:get_vnode/3:733 Will start VNode for partition 182687704666362864775460604089535377456991567872 riak_pipe_vnode
2026-09-11 19:47:29.104185+09:00 [info] <0.952.0>@riak_core_vnode_manager:get_vnode/3:743 VNode initialization ready <0.953.0> 182687704666362864775460604089535377456991567872 riak_pipe_vnode
2026-09-11 19:47:29.104587+09:00 [info] <0.955.0>@riak_core_vnode_manager:get_vnode/3:733 Will start VNode for partition 365375409332725729550921208179070754913983135744 riak_pipe_vnode
2026-09-11 19:47:29.105433+09:00 [info] <0.955.0>@riak_core_vnode_manager:get_vnode/3:743 VNode initialization ready <0.956.0> 365375409332725729550921208179070754913983135744 riak_pipe_vnode
2026-09-11 19:47:29.105593+09:00 [info] <0.958.0>@riak_core_vnode_manager:get_vnode/3:733 Will start VNode for partition 548063113999088594326381812268606132370974703616 riak_pipe_vnode
2026-09-11 19:47:29.105874+09:00 [info] <0.958.0>@riak_core_vnode_manager:get_vnode/3:743 VNode initialization ready <0.959.0> 548063113999088594326381812268606132370974703616 riak_pipe_vnode
2026-09-11 19:47:29.105990+09:00 [info] <0.961.0>@riak_core_vnode_manager:get_vnode/3:733 Will start VNode for partition 730750818665451459101842416358141509827966271488 riak_pipe_vnode
2026-09-11 19:47:29.106164+09:00 [info] <0.961.0>@riak_core_vnode_manager:get_vnode/3:743 VNode initialization ready <0.962.0> 730750818665451459101842416358141509827966271488 riak_pipe_vnode
2026-09-11 19:47:29.106250+09:00 [info] <0.964.0>@riak_core_vnode_manager:get_vnode/3:733 Will start VNode for partition 913438523331814323877303020447676887284957839360 riak_pipe_vnode
2026-09-11 19:47:29.106488+09:00 [info] <0.964.0>@riak_core_vnode_manager:get_vnode/3:743 VNode initialization ready <0.965.0> 913438523331814323877303020447676887284957839360 riak_pipe_vnode
2026-09-11 19:47:29.106702+09:00 [info] <0.967.0>@riak_core_vnode_manager:get_vnode/3:733 Will start VNode for partition 1096126227998177188652763624537212264741949407232 riak_pipe_vnode
2026-09-11 19:47:29.106962+09:00 [info] <0.967.0>@riak_core_vnode_manager:get_vnode/3:743 VNode initialization ready <0.968.0> 1096126227998177188652763624537212264741949407232 riak_pipe_vnode
2026-09-11 19:47:29.107125+09:00 [info] <0.970.0>@riak_core_vnode_manager:get_vnode/3:733 Will start VNode for partition 1278813932664540053428224228626747642198940975104 riak_pipe_vnode
2026-09-11 19:47:29.107329+09:00 [info] <0.970.0>@riak_core_vnode_manager:get_vnode/3:743 VNode initialization ready <0.971.0> 1278813932664540053428224228626747642198940975104 riak_pipe_vnode
2026-09-11 19:47:29.120855+09:00 [info] <0.657.0>@riak_core:wait_for_service/2:492 Wait complete for service riak_kv (6 seconds)
2026-09-11 19:47:29.140802+09:00 [info] <0.418.0>@riak_core:wait_for_service/2:492 Wait complete for service riak_kv (7 seconds)
2026-09-11 19:47:29.282373+09:00 [info] <0.254.0>@riak_core_capability:process_capability_changes/2:557 New capability: {riak_repl,bloom_fold} = true
2026-09-11 19:47:29.553427+09:00 [info] <0.254.0>@riak_core_capability:process_capability_changes/2:557 New capability: {riak_repl,rtq_meta} = true
2026-09-11 19:47:29.569013+09:00 [info] <0.254.0>@riak_core_capability:process_capability_changes/2:557 New capability: {riak_repl,default_bucket_props_hash} = [consistent,datatype,n_val,write_once]
2026-09-11 19:47:29.587298+09:00 [info] <0.657.0>@riak_repl_app:start/2:70 REPL CS block skip disabled
2026-09-11 19:47:29.591598+09:00 [info] <0.976.0>@supervisor:report_progress/2:1582 Supervisor: {local,riak_repl_sup}. Started: id=riak_repl_client_sup,pid=<0.977.0>.
2026-09-11 19:47:29.592821+09:00 [info] <0.976.0>@supervisor:report_progress/2:1582 Supervisor: {local,riak_repl_sup}. Started: id=riak_repl_server_sup,pid=<0.978.0>.
2026-09-11 19:47:29.595221+09:00 [info] <0.976.0>@supervisor:report_progress/2:1582 Supervisor: {local,riak_repl_sup}. Started: id=riak_repl_leader,pid=<0.979.0>.
2026-09-11 19:47:29.598642+09:00 [info] <0.976.0>@supervisor:report_progress/2:1582 Supervisor: {local,riak_repl_sup}. Started: id=riak_repl2_leader,pid=<0.982.0>.
2026-09-11 19:47:29.608925+09:00 [info] <0.984.0>@riak_core_service_mgr:start_link/1:111 Starting Core Service Manager at {"127.0.0.1",9080}
2026-09-11 19:47:29.620779+09:00 [info] <0.982.0>@riak_repl2_leader:become_leader/2:217 Leader2: 'openriak-kv@node-01.cluster-a.openriak' elected as replication leader
2026-09-11 19:47:29.623980+09:00 [info] <0.988.0>@supervisor:report_progress/2:1582 Supervisor: {<0.988.0>,ranch_conns_sup_sup}. Started: id={ranch_conns_sup,1},pid=<0.989.0>.
2026-09-11 19:47:29.624134+09:00 [info] <0.988.0>@supervisor:report_progress/2:1582 Supervisor: {<0.988.0>,ranch_conns_sup_sup}. Started: id={ranch_conns_sup,2},pid=<0.990.0>.
2026-09-11 19:47:29.624196+09:00 [info] <0.988.0>@supervisor:report_progress/2:1582 Supervisor: {<0.988.0>,ranch_conns_sup_sup}. Started: id={ranch_conns_sup,3},pid=<0.991.0>.
2026-09-11 19:47:29.624269+09:00 [info] <0.988.0>@supervisor:report_progress/2:1582 Supervisor: {<0.988.0>,ranch_conns_sup_sup}. Started: id={ranch_conns_sup,4},pid=<0.992.0>.
2026-09-11 19:47:29.624343+09:00 [info] <0.988.0>@supervisor:report_progress/2:1582 Supervisor: {<0.988.0>,ranch_conns_sup_sup}. Started: id={ranch_conns_sup,5},pid=<0.993.0>.
2026-09-11 19:47:29.624517+09:00 [info] <0.988.0>@supervisor:report_progress/2:1582 Supervisor: {<0.988.0>,ranch_conns_sup_sup}. Started: id={ranch_conns_sup,6},pid=<0.994.0>.
2026-09-11 19:47:29.624574+09:00 [info] <0.988.0>@supervisor:report_progress/2:1582 Supervisor: {<0.988.0>,ranch_conns_sup_sup}. Started: id={ranch_conns_sup,7},pid=<0.995.0>.
2026-09-11 19:47:29.624649+09:00 [info] <0.988.0>@supervisor:report_progress/2:1582 Supervisor: {<0.988.0>,ranch_conns_sup_sup}. Started: id={ranch_conns_sup,8},pid=<0.996.0>.
2026-09-11 19:47:29.624697+09:00 [info] <0.988.0>@supervisor:report_progress/2:1582 Supervisor: {<0.988.0>,ranch_conns_sup_sup}. Started: id={ranch_conns_sup,9},pid=<0.997.0>.
2026-09-11 19:47:29.624756+09:00 [info] <0.988.0>@supervisor:report_progress/2:1582 Supervisor: {<0.988.0>,ranch_conns_sup_sup}. Started: id={ranch_conns_sup,10},pid=<0.998.0>.
2026-09-11 19:47:29.624809+09:00 [info] <0.988.0>@supervisor:report_progress/2:1582 Supervisor: {<0.988.0>,ranch_conns_sup_sup}. Started: id={ranch_conns_sup,11},pid=<0.999.0>.
2026-09-11 19:47:29.624875+09:00 [info] <0.988.0>@supervisor:report_progress/2:1582 Supervisor: {<0.988.0>,ranch_conns_sup_sup}. Started: id={ranch_conns_sup,12},pid=<0.1000.0>.
2026-09-11 19:47:29.624911+09:00 [info] <0.988.0>@supervisor:report_progress/2:1582 Supervisor: {<0.988.0>,ranch_conns_sup_sup}. Started: id={ranch_conns_sup,13},pid=<0.1001.0>.
2026-09-11 19:47:29.624980+09:00 [info] <0.988.0>@supervisor:report_progress/2:1582 Supervisor: {<0.988.0>,ranch_conns_sup_sup}. Started: id={ranch_conns_sup,14},pid=<0.1002.0>.
2026-09-11 19:47:29.625034+09:00 [info] <0.988.0>@supervisor:report_progress/2:1582 Supervisor: {<0.988.0>,ranch_conns_sup_sup}. Started: id={ranch_conns_sup,15},pid=<0.1003.0>.
2026-09-11 19:47:29.625091+09:00 [info] <0.988.0>@supervisor:report_progress/2:1582 Supervisor: {<0.988.0>,ranch_conns_sup_sup}. Started: id={ranch_conns_sup,16},pid=<0.1004.0>.
2026-09-11 19:47:29.625207+09:00 [info] <0.988.0>@supervisor:report_progress/2:1582 Supervisor: {<0.988.0>,ranch_conns_sup_sup}. Started: id={ranch_conns_sup,17},pid=<0.1005.0>.
2026-09-11 19:47:29.625304+09:00 [info] <0.988.0>@supervisor:report_progress/2:1582 Supervisor: {<0.988.0>,ranch_conns_sup_sup}. Started: id={ranch_conns_sup,18},pid=<0.1006.0>.
2026-09-11 19:47:29.625351+09:00 [info] <0.988.0>@supervisor:report_progress/2:1582 Supervisor: {<0.988.0>,ranch_conns_sup_sup}. Started: id={ranch_conns_sup,19},pid=<0.1007.0>.
2026-09-11 19:47:29.625413+09:00 [info] <0.988.0>@supervisor:report_progress/2:1582 Supervisor: {<0.988.0>,ranch_conns_sup_sup}. Started: id={ranch_conns_sup,20},pid=<0.1008.0>.
2026-09-11 19:47:29.625519+09:00 [info] <0.988.0>@supervisor:report_progress/2:1582 Supervisor: {<0.988.0>,ranch_conns_sup_sup}. Started: id={ranch_conns_sup,21},pid=<0.1009.0>.
2026-09-11 19:47:29.625623+09:00 [info] <0.988.0>@supervisor:report_progress/2:1582 Supervisor: {<0.988.0>,ranch_conns_sup_sup}. Started: id={ranch_conns_sup,22},pid=<0.1010.0>.
2026-09-11 19:47:29.625676+09:00 [info] <0.988.0>@supervisor:report_progress/2:1582 Supervisor: {<0.988.0>,ranch_conns_sup_sup}. Started: id={ranch_conns_sup,23},pid=<0.1011.0>.
2026-09-11 19:47:29.625733+09:00 [info] <0.988.0>@supervisor:report_progress/2:1582 Supervisor: {<0.988.0>,ranch_conns_sup_sup}. Started: id={ranch_conns_sup,24},pid=<0.1012.0>.
2026-09-11 19:47:29.625774+09:00 [info] <0.988.0>@supervisor:report_progress/2:1582 Supervisor: {<0.988.0>,ranch_conns_sup_sup}. Started: id={ranch_conns_sup,25},pid=<0.1013.0>.
2026-09-11 19:47:29.625809+09:00 [info] <0.988.0>@supervisor:report_progress/2:1582 Supervisor: {<0.988.0>,ranch_conns_sup_sup}. Started: id={ranch_conns_sup,26},pid=<0.1014.0>.
2026-09-11 19:47:29.625852+09:00 [info] <0.988.0>@supervisor:report_progress/2:1582 Supervisor: {<0.988.0>,ranch_conns_sup_sup}. Started: id={ranch_conns_sup,27},pid=<0.1015.0>.
2026-09-11 19:47:29.625926+09:00 [info] <0.988.0>@supervisor:report_progress/2:1582 Supervisor: {<0.988.0>,ranch_conns_sup_sup}. Started: id={ranch_conns_sup,28},pid=<0.1016.0>.
2026-09-11 19:47:29.625975+09:00 [info] <0.988.0>@supervisor:report_progress/2:1582 Supervisor: {<0.988.0>,ranch_conns_sup_sup}. Started: id={ranch_conns_sup,29},pid=<0.1017.0>.
2026-09-11 19:47:29.626028+09:00 [info] <0.988.0>@supervisor:report_progress/2:1582 Supervisor: {<0.988.0>,ranch_conns_sup_sup}. Started: id={ranch_conns_sup,30},pid=<0.1018.0>.
2026-09-11 19:47:29.626063+09:00 [info] <0.988.0>@supervisor:report_progress/2:1582 Supervisor: {<0.988.0>,ranch_conns_sup_sup}. Started: id={ranch_conns_sup,31},pid=<0.1019.0>.
2026-09-11 19:47:29.626109+09:00 [info] <0.988.0>@supervisor:report_progress/2:1582 Supervisor: {<0.988.0>,ranch_conns_sup_sup}. Started: id={ranch_conns_sup,32},pid=<0.1020.0>.
2026-09-11 19:47:29.626150+09:00 [info] <0.988.0>@supervisor:report_progress/2:1582 Supervisor: {<0.988.0>,ranch_conns_sup_sup}. Started: id={ranch_conns_sup,33},pid=<0.1021.0>.
2026-09-11 19:47:29.626275+09:00 [info] <0.988.0>@supervisor:report_progress/2:1582 Supervisor: {<0.988.0>,ranch_conns_sup_sup}. Started: id={ranch_conns_sup,34},pid=<0.1022.0>.
2026-09-11 19:47:29.626502+09:00 [info] <0.988.0>@supervisor:report_progress/2:1582 Supervisor: {<0.988.0>,ranch_conns_sup_sup}. Started: id={ranch_conns_sup,35},pid=<0.1023.0>.
2026-09-11 19:47:29.626826+09:00 [info] <0.988.0>@supervisor:report_progress/2:1582 Supervisor: {<0.988.0>,ranch_conns_sup_sup}. Started: id={ranch_conns_sup,36},pid=<0.1024.0>.
2026-09-11 19:47:29.627166+09:00 [info] <0.988.0>@supervisor:report_progress/2:1582 Supervisor: {<0.988.0>,ranch_conns_sup_sup}. Started: id={ranch_conns_sup,37},pid=<0.1025.0>.
2026-09-11 19:47:29.627419+09:00 [info] <0.988.0>@supervisor:report_progress/2:1582 Supervisor: {<0.988.0>,ranch_conns_sup_sup}. Started: id={ranch_conns_sup,38},pid=<0.1026.0>.
2026-09-11 19:47:29.627626+09:00 [info] <0.988.0>@supervisor:report_progress/2:1582 Supervisor: {<0.988.0>,ranch_conns_sup_sup}. Started: id={ranch_conns_sup,39},pid=<0.1027.0>.
2026-09-11 19:47:29.627958+09:00 [info] <0.988.0>@supervisor:report_progress/2:1582 Supervisor: {<0.988.0>,ranch_conns_sup_sup}. Started: id={ranch_conns_sup,40},pid=<0.1028.0>.
2026-09-11 19:47:29.628066+09:00 [info] <0.988.0>@supervisor:report_progress/2:1582 Supervisor: {<0.988.0>,ranch_conns_sup_sup}. Started: id={ranch_conns_sup,41},pid=<0.1029.0>.
2026-09-11 19:47:29.628157+09:00 [info] <0.988.0>@supervisor:report_progress/2:1582 Supervisor: {<0.988.0>,ranch_conns_sup_sup}. Started: id={ranch_conns_sup,42},pid=<0.1030.0>.
2026-09-11 19:47:29.628296+09:00 [info] <0.988.0>@supervisor:report_progress/2:1582 Supervisor: {<0.988.0>,ranch_conns_sup_sup}. Started: id={ranch_conns_sup,43},pid=<0.1031.0>.
2026-09-11 19:47:29.628411+09:00 [info] <0.988.0>@supervisor:report_progress/2:1582 Supervisor: {<0.988.0>,ranch_conns_sup_sup}. Started: id={ranch_conns_sup,44},pid=<0.1032.0>.
2026-09-11 19:47:29.628857+09:00 [info] <0.988.0>@supervisor:report_progress/2:1582 Supervisor: {<0.988.0>,ranch_conns_sup_sup}. Started: id={ranch_conns_sup,45},pid=<0.1033.0>.
2026-09-11 19:47:29.629094+09:00 [info] <0.988.0>@supervisor:report_progress/2:1582 Supervisor: {<0.988.0>,ranch_conns_sup_sup}. Started: id={ranch_conns_sup,46},pid=<0.1034.0>.
2026-09-11 19:47:29.629252+09:00 [info] <0.988.0>@supervisor:report_progress/2:1582 Supervisor: {<0.988.0>,ranch_conns_sup_sup}. Started: id={ranch_conns_sup,47},pid=<0.1035.0>.
2026-09-11 19:47:29.629346+09:00 [info] <0.988.0>@supervisor:report_progress/2:1582 Supervisor: {<0.988.0>,ranch_conns_sup_sup}. Started: id={ranch_conns_sup,48},pid=<0.1036.0>.
2026-09-11 19:47:29.629519+09:00 [info] <0.988.0>@supervisor:report_progress/2:1582 Supervisor: {<0.988.0>,ranch_conns_sup_sup}. Started: id={ranch_conns_sup,49},pid=<0.1037.0>.
2026-09-11 19:47:29.629631+09:00 [info] <0.988.0>@supervisor:report_progress/2:1582 Supervisor: {<0.988.0>,ranch_conns_sup_sup}. Started: id={ranch_conns_sup,50},pid=<0.1038.0>.
2026-09-11 19:47:29.629847+09:00 [info] <0.988.0>@supervisor:report_progress/2:1582 Supervisor: {<0.988.0>,ranch_conns_sup_sup}. Started: id={ranch_conns_sup,51},pid=<0.1039.0>.
2026-09-11 19:47:29.629926+09:00 [info] <0.988.0>@supervisor:report_progress/2:1582 Supervisor: {<0.988.0>,ranch_conns_sup_sup}. Started: id={ranch_conns_sup,52},pid=<0.1040.0>.
2026-09-11 19:47:29.629998+09:00 [info] <0.988.0>@supervisor:report_progress/2:1582 Supervisor: {<0.988.0>,ranch_conns_sup_sup}. Started: id={ranch_conns_sup,53},pid=<0.1041.0>.
2026-09-11 19:47:29.630045+09:00 [info] <0.988.0>@supervisor:report_progress/2:1582 Supervisor: {<0.988.0>,ranch_conns_sup_sup}. Started: id={ranch_conns_sup,54},pid=<0.1042.0>.
2026-09-11 19:47:29.630108+09:00 [info] <0.988.0>@supervisor:report_progress/2:1582 Supervisor: {<0.988.0>,ranch_conns_sup_sup}. Started: id={ranch_conns_sup,55},pid=<0.1043.0>.
2026-09-11 19:47:29.630152+09:00 [info] <0.988.0>@supervisor:report_progress/2:1582 Supervisor: {<0.988.0>,ranch_conns_sup_sup}. Started: id={ranch_conns_sup,56},pid=<0.1044.0>.
2026-09-11 19:47:29.630212+09:00 [info] <0.988.0>@supervisor:report_progress/2:1582 Supervisor: {<0.988.0>,ranch_conns_sup_sup}. Started: id={ranch_conns_sup,57},pid=<0.1045.0>.
2026-09-11 19:47:29.630334+09:00 [info] <0.988.0>@supervisor:report_progress/2:1582 Supervisor: {<0.988.0>,ranch_conns_sup_sup}. Started: id={ranch_conns_sup,58},pid=<0.1046.0>.
2026-09-11 19:47:29.630415+09:00 [info] <0.988.0>@supervisor:report_progress/2:1582 Supervisor: {<0.988.0>,ranch_conns_sup_sup}. Started: id={ranch_conns_sup,59},pid=<0.1047.0>.
2026-09-11 19:47:29.630475+09:00 [info] <0.988.0>@supervisor:report_progress/2:1582 Supervisor: {<0.988.0>,ranch_conns_sup_sup}. Started: id={ranch_conns_sup,60},pid=<0.1048.0>.
2026-09-11 19:47:29.631119+09:00 [info] <0.988.0>@supervisor:report_progress/2:1582 Supervisor: {<0.988.0>,ranch_conns_sup_sup}. Started: id={ranch_conns_sup,61},pid=<0.1049.0>.
2026-09-11 19:47:29.631200+09:00 [info] <0.988.0>@supervisor:report_progress/2:1582 Supervisor: {<0.988.0>,ranch_conns_sup_sup}. Started: id={ranch_conns_sup,62},pid=<0.1050.0>.
2026-09-11 19:47:29.631271+09:00 [info] <0.988.0>@supervisor:report_progress/2:1582 Supervisor: {<0.988.0>,ranch_conns_sup_sup}. Started: id={ranch_conns_sup,63},pid=<0.1051.0>.
2026-09-11 19:47:29.631377+09:00 [info] <0.988.0>@supervisor:report_progress/2:1582 Supervisor: {<0.988.0>,ranch_conns_sup_sup}. Started: id={ranch_conns_sup,64},pid=<0.1052.0>.
2026-09-11 19:47:29.631520+09:00 [info] <0.988.0>@supervisor:report_progress/2:1582 Supervisor: {<0.988.0>,ranch_conns_sup_sup}. Started: id={ranch_conns_sup,65},pid=<0.1053.0>.
2026-09-11 19:47:29.631571+09:00 [info] <0.988.0>@supervisor:report_progress/2:1582 Supervisor: {<0.988.0>,ranch_conns_sup_sup}. Started: id={ranch_conns_sup,66},pid=<0.1054.0>.
2026-09-11 19:47:29.631629+09:00 [info] <0.988.0>@supervisor:report_progress/2:1582 Supervisor: {<0.988.0>,ranch_conns_sup_sup}. Started: id={ranch_conns_sup,67},pid=<0.1055.0>.
2026-09-11 19:47:29.631683+09:00 [info] <0.988.0>@supervisor:report_progress/2:1582 Supervisor: {<0.988.0>,ranch_conns_sup_sup}. Started: id={ranch_conns_sup,68},pid=<0.1056.0>.
2026-09-11 19:47:29.631791+09:00 [info] <0.988.0>@supervisor:report_progress/2:1582 Supervisor: {<0.988.0>,ranch_conns_sup_sup}. Started: id={ranch_conns_sup,69},pid=<0.1057.0>.
2026-09-11 19:47:29.631832+09:00 [info] <0.988.0>@supervisor:report_progress/2:1582 Supervisor: {<0.988.0>,ranch_conns_sup_sup}. Started: id={ranch_conns_sup,70},pid=<0.1058.0>.
2026-09-11 19:47:29.631877+09:00 [info] <0.988.0>@supervisor:report_progress/2:1582 Supervisor: {<0.988.0>,ranch_conns_sup_sup}. Started: id={ranch_conns_sup,71},pid=<0.1059.0>.
2026-09-11 19:47:29.631914+09:00 [info] <0.988.0>@supervisor:report_progress/2:1582 Supervisor: {<0.988.0>,ranch_conns_sup_sup}. Started: id={ranch_conns_sup,72},pid=<0.1060.0>.
2026-09-11 19:47:29.631998+09:00 [info] <0.988.0>@supervisor:report_progress/2:1582 Supervisor: {<0.988.0>,ranch_conns_sup_sup}. Started: id={ranch_conns_sup,73},pid=<0.1061.0>.
2026-09-11 19:47:29.632051+09:00 [info] <0.988.0>@supervisor:report_progress/2:1582 Supervisor: {<0.988.0>,ranch_conns_sup_sup}. Started: id={ranch_conns_sup,74},pid=<0.1062.0>.
2026-09-11 19:47:29.632112+09:00 [info] <0.988.0>@supervisor:report_progress/2:1582 Supervisor: {<0.988.0>,ranch_conns_sup_sup}. Started: id={ranch_conns_sup,75},pid=<0.1063.0>.
2026-09-11 19:47:29.632150+09:00 [info] <0.988.0>@supervisor:report_progress/2:1582 Supervisor: {<0.988.0>,ranch_conns_sup_sup}. Started: id={ranch_conns_sup,76},pid=<0.1064.0>.
2026-09-11 19:47:29.632193+09:00 [info] <0.988.0>@supervisor:report_progress/2:1582 Supervisor: {<0.988.0>,ranch_conns_sup_sup}. Started: id={ranch_conns_sup,77},pid=<0.1065.0>.
2026-09-11 19:47:29.632247+09:00 [info] <0.988.0>@supervisor:report_progress/2:1582 Supervisor: {<0.988.0>,ranch_conns_sup_sup}. Started: id={ranch_conns_sup,78},pid=<0.1066.0>.
2026-09-11 19:47:29.632328+09:00 [info] <0.988.0>@supervisor:report_progress/2:1582 Supervisor: {<0.988.0>,ranch_conns_sup_sup}. Started: id={ranch_conns_sup,79},pid=<0.1067.0>.
2026-09-11 19:47:29.632369+09:00 [info] <0.988.0>@supervisor:report_progress/2:1582 Supervisor: {<0.988.0>,ranch_conns_sup_sup}. Started: id={ranch_conns_sup,80},pid=<0.1068.0>.
2026-09-11 19:47:29.632428+09:00 [info] <0.988.0>@supervisor:report_progress/2:1582 Supervisor: {<0.988.0>,ranch_conns_sup_sup}. Started: id={ranch_conns_sup,81},pid=<0.1069.0>.
2026-09-11 19:47:29.632466+09:00 [info] <0.988.0>@supervisor:report_progress/2:1582 Supervisor: {<0.988.0>,ranch_conns_sup_sup}. Started: id={ranch_conns_sup,82},pid=<0.1070.0>.
2026-09-11 19:47:29.632503+09:00 [info] <0.988.0>@supervisor:report_progress/2:1582 Supervisor: {<0.988.0>,ranch_conns_sup_sup}. Started: id={ranch_conns_sup,83},pid=<0.1071.0>.
2026-09-11 19:47:29.632540+09:00 [info] <0.988.0>@supervisor:report_progress/2:1582 Supervisor: {<0.988.0>,ranch_conns_sup_sup}. Started: id={ranch_conns_sup,84},pid=<0.1072.0>.
2026-09-11 19:47:29.632753+09:00 [info] <0.988.0>@supervisor:report_progress/2:1582 Supervisor: {<0.988.0>,ranch_conns_sup_sup}. Started: id={ranch_conns_sup,85},pid=<0.1073.0>.
2026-09-11 19:47:29.632835+09:00 [info] <0.988.0>@supervisor:report_progress/2:1582 Supervisor: {<0.988.0>,ranch_conns_sup_sup}. Started: id={ranch_conns_sup,86},pid=<0.1074.0>.
2026-09-11 19:47:29.632894+09:00 [info] <0.988.0>@supervisor:report_progress/2:1582 Supervisor: {<0.988.0>,ranch_conns_sup_sup}. Started: id={ranch_conns_sup,87},pid=<0.1075.0>.
2026-09-11 19:47:29.632935+09:00 [info] <0.988.0>@supervisor:report_progress/2:1582 Supervisor: {<0.988.0>,ranch_conns_sup_sup}. Started: id={ranch_conns_sup,88},pid=<0.1076.0>.
2026-09-11 19:47:29.632973+09:00 [info] <0.988.0>@supervisor:report_progress/2:1582 Supervisor: {<0.988.0>,ranch_conns_sup_sup}. Started: id={ranch_conns_sup,89},pid=<0.1077.0>.
2026-09-11 19:47:29.633011+09:00 [info] <0.988.0>@supervisor:report_progress/2:1582 Supervisor: {<0.988.0>,ranch_conns_sup_sup}. Started: id={ranch_conns_sup,90},pid=<0.1078.0>.
2026-09-11 19:47:29.633079+09:00 [info] <0.988.0>@supervisor:report_progress/2:1582 Supervisor: {<0.988.0>,ranch_conns_sup_sup}. Started: id={ranch_conns_sup,91},pid=<0.1079.0>.
2026-09-11 19:47:29.633135+09:00 [info] <0.988.0>@supervisor:report_progress/2:1582 Supervisor: {<0.988.0>,ranch_conns_sup_sup}. Started: id={ranch_conns_sup,92},pid=<0.1080.0>.
2026-09-11 19:47:29.633197+09:00 [info] <0.988.0>@supervisor:report_progress/2:1582 Supervisor: {<0.988.0>,ranch_conns_sup_sup}. Started: id={ranch_conns_sup,93},pid=<0.1081.0>.
2026-09-11 19:47:29.633287+09:00 [info] <0.988.0>@supervisor:report_progress/2:1582 Supervisor: {<0.988.0>,ranch_conns_sup_sup}. Started: id={ranch_conns_sup,94},pid=<0.1082.0>.
2026-09-11 19:47:29.633341+09:00 [info] <0.988.0>@supervisor:report_progress/2:1582 Supervisor: {<0.988.0>,ranch_conns_sup_sup}. Started: id={ranch_conns_sup,95},pid=<0.1083.0>.
2026-09-11 19:47:29.633398+09:00 [info] <0.988.0>@supervisor:report_progress/2:1582 Supervisor: {<0.988.0>,ranch_conns_sup_sup}. Started: id={ranch_conns_sup,96},pid=<0.1084.0>.
2026-09-11 19:47:29.633437+09:00 [info] <0.988.0>@supervisor:report_progress/2:1582 Supervisor: {<0.988.0>,ranch_conns_sup_sup}. Started: id={ranch_conns_sup,97},pid=<0.1085.0>.
2026-09-11 19:47:29.633496+09:00 [info] <0.988.0>@supervisor:report_progress/2:1582 Supervisor: {<0.988.0>,ranch_conns_sup_sup}. Started: id={ranch_conns_sup,98},pid=<0.1086.0>.
2026-09-11 19:47:29.633538+09:00 [info] <0.988.0>@supervisor:report_progress/2:1582 Supervisor: {<0.988.0>,ranch_conns_sup_sup}. Started: id={ranch_conns_sup,99},pid=<0.1087.0>.
2026-09-11 19:47:29.633591+09:00 [info] <0.988.0>@supervisor:report_progress/2:1582 Supervisor: {<0.988.0>,ranch_conns_sup_sup}. Started: id={ranch_conns_sup,100},pid=<0.1088.0>.
2026-09-11 19:47:29.633669+09:00 [info] <0.987.0>@supervisor:report_progress/2:1582 Supervisor: {<0.987.0>,ranch_listener_sup}. Started: id=ranch_conns_sup_sup,pid=<0.988.0>.
2026-09-11 19:47:29.637508+09:00 [info] <0.1089.0>@supervisor:report_progress/2:1582 Supervisor: {<0.1089.0>,ranch_acceptors_sup}. Started: id={acceptor,<0.1089.0>,1},pid=<0.1090.0>.
2026-09-11 19:47:29.637716+09:00 [info] <0.1089.0>@supervisor:report_progress/2:1582 Supervisor: {<0.1089.0>,ranch_acceptors_sup}. Started: id={acceptor,<0.1089.0>,2},pid=<0.1091.0>.
2026-09-11 19:47:29.637788+09:00 [info] <0.1089.0>@supervisor:report_progress/2:1582 Supervisor: {<0.1089.0>,ranch_acceptors_sup}. Started: id={acceptor,<0.1089.0>,3},pid=<0.1092.0>.
2026-09-11 19:47:29.637970+09:00 [info] <0.1089.0>@supervisor:report_progress/2:1582 Supervisor: {<0.1089.0>,ranch_acceptors_sup}. Started: id={acceptor,<0.1089.0>,4},pid=<0.1093.0>.
2026-09-11 19:47:29.638216+09:00 [info] <0.1089.0>@supervisor:report_progress/2:1582 Supervisor: {<0.1089.0>,ranch_acceptors_sup}. Started: id={acceptor,<0.1089.0>,5},pid=<0.1094.0>.
2026-09-11 19:47:29.638385+09:00 [info] <0.1089.0>@supervisor:report_progress/2:1582 Supervisor: {<0.1089.0>,ranch_acceptors_sup}. Started: id={acceptor,<0.1089.0>,6},pid=<0.1095.0>.
2026-09-11 19:47:29.638571+09:00 [info] <0.1089.0>@supervisor:report_progress/2:1582 Supervisor: {<0.1089.0>,ranch_acceptors_sup}. Started: id={acceptor,<0.1089.0>,7},pid=<0.1096.0>.
2026-09-11 19:47:29.638690+09:00 [info] <0.1089.0>@supervisor:report_progress/2:1582 Supervisor: {<0.1089.0>,ranch_acceptors_sup}. Started: id={acceptor,<0.1089.0>,8},pid=<0.1097.0>.
2026-09-11 19:47:29.638925+09:00 [info] <0.1089.0>@supervisor:report_progress/2:1582 Supervisor: {<0.1089.0>,ranch_acceptors_sup}. Started: id={acceptor,<0.1089.0>,9},pid=<0.1098.0>.
2026-09-11 19:47:29.639112+09:00 [info] <0.1089.0>@supervisor:report_progress/2:1582 Supervisor: {<0.1089.0>,ranch_acceptors_sup}. Started: id={acceptor,<0.1089.0>,10},pid=<0.1099.0>.
2026-09-11 19:47:29.639221+09:00 [info] <0.1089.0>@supervisor:report_progress/2:1582 Supervisor: {<0.1089.0>,ranch_acceptors_sup}. Started: id={acceptor,<0.1089.0>,11},pid=<0.1100.0>.
2026-09-11 19:47:29.639368+09:00 [info] <0.1089.0>@supervisor:report_progress/2:1582 Supervisor: {<0.1089.0>,ranch_acceptors_sup}. Started: id={acceptor,<0.1089.0>,12},pid=<0.1101.0>.
2026-09-11 19:47:29.639495+09:00 [info] <0.1089.0>@supervisor:report_progress/2:1582 Supervisor: {<0.1089.0>,ranch_acceptors_sup}. Started: id={acceptor,<0.1089.0>,13},pid=<0.1102.0>.
2026-09-11 19:47:29.639625+09:00 [info] <0.1089.0>@supervisor:report_progress/2:1582 Supervisor: {<0.1089.0>,ranch_acceptors_sup}. Started: id={acceptor,<0.1089.0>,14},pid=<0.1103.0>.
2026-09-11 19:47:29.639754+09:00 [info] <0.1089.0>@supervisor:report_progress/2:1582 Supervisor: {<0.1089.0>,ranch_acceptors_sup}. Started: id={acceptor,<0.1089.0>,15},pid=<0.1104.0>.
2026-09-11 19:47:29.639918+09:00 [info] <0.1089.0>@supervisor:report_progress/2:1582 Supervisor: {<0.1089.0>,ranch_acceptors_sup}. Started: id={acceptor,<0.1089.0>,16},pid=<0.1105.0>.
2026-09-11 19:47:29.640065+09:00 [info] <0.1089.0>@supervisor:report_progress/2:1582 Supervisor: {<0.1089.0>,ranch_acceptors_sup}. Started: id={acceptor,<0.1089.0>,17},pid=<0.1106.0>.
2026-09-11 19:47:29.640175+09:00 [info] <0.1089.0>@supervisor:report_progress/2:1582 Supervisor: {<0.1089.0>,ranch_acceptors_sup}. Started: id={acceptor,<0.1089.0>,18},pid=<0.1107.0>.
2026-09-11 19:47:29.640310+09:00 [info] <0.1089.0>@supervisor:report_progress/2:1582 Supervisor: {<0.1089.0>,ranch_acceptors_sup}. Started: id={acceptor,<0.1089.0>,19},pid=<0.1108.0>.
2026-09-11 19:47:29.640472+09:00 [info] <0.1089.0>@supervisor:report_progress/2:1582 Supervisor: {<0.1089.0>,ranch_acceptors_sup}. Started: id={acceptor,<0.1089.0>,20},pid=<0.1109.0>.
2026-09-11 19:47:29.640593+09:00 [info] <0.1089.0>@supervisor:report_progress/2:1582 Supervisor: {<0.1089.0>,ranch_acceptors_sup}. Started: id={acceptor,<0.1089.0>,21},pid=<0.1110.0>.
2026-09-11 19:47:29.640809+09:00 [info] <0.1089.0>@supervisor:report_progress/2:1582 Supervisor: {<0.1089.0>,ranch_acceptors_sup}. Started: id={acceptor,<0.1089.0>,22},pid=<0.1111.0>.
2026-09-11 19:47:29.640970+09:00 [info] <0.1089.0>@supervisor:report_progress/2:1582 Supervisor: {<0.1089.0>,ranch_acceptors_sup}. Started: id={acceptor,<0.1089.0>,23},pid=<0.1112.0>.
2026-09-11 19:47:29.641161+09:00 [info] <0.1089.0>@supervisor:report_progress/2:1582 Supervisor: {<0.1089.0>,ranch_acceptors_sup}. Started: id={acceptor,<0.1089.0>,24},pid=<0.1113.0>.
2026-09-11 19:47:29.641296+09:00 [info] <0.1089.0>@supervisor:report_progress/2:1582 Supervisor: {<0.1089.0>,ranch_acceptors_sup}. Started: id={acceptor,<0.1089.0>,25},pid=<0.1114.0>.
2026-09-11 19:47:29.641405+09:00 [info] <0.1089.0>@supervisor:report_progress/2:1582 Supervisor: {<0.1089.0>,ranch_acceptors_sup}. Started: id={acceptor,<0.1089.0>,26},pid=<0.1115.0>.
2026-09-11 19:47:29.641553+09:00 [info] <0.1089.0>@supervisor:report_progress/2:1582 Supervisor: {<0.1089.0>,ranch_acceptors_sup}. Started: id={acceptor,<0.1089.0>,27},pid=<0.1116.0>.
2026-09-11 19:47:29.641689+09:00 [info] <0.1089.0>@supervisor:report_progress/2:1582 Supervisor: {<0.1089.0>,ranch_acceptors_sup}. Started: id={acceptor,<0.1089.0>,28},pid=<0.1117.0>.
2026-09-11 19:47:29.641821+09:00 [info] <0.1089.0>@supervisor:report_progress/2:1582 Supervisor: {<0.1089.0>,ranch_acceptors_sup}. Started: id={acceptor,<0.1089.0>,29},pid=<0.1118.0>.
2026-09-11 19:47:29.641969+09:00 [info] <0.1089.0>@supervisor:report_progress/2:1582 Supervisor: {<0.1089.0>,ranch_acceptors_sup}. Started: id={acceptor,<0.1089.0>,30},pid=<0.1119.0>.
2026-09-11 19:47:29.642098+09:00 [info] <0.1089.0>@supervisor:report_progress/2:1582 Supervisor: {<0.1089.0>,ranch_acceptors_sup}. Started: id={acceptor,<0.1089.0>,31},pid=<0.1120.0>.
2026-09-11 19:47:29.642230+09:00 [info] <0.1089.0>@supervisor:report_progress/2:1582 Supervisor: {<0.1089.0>,ranch_acceptors_sup}. Started: id={acceptor,<0.1089.0>,32},pid=<0.1121.0>.
2026-09-11 19:47:29.642422+09:00 [info] <0.1089.0>@supervisor:report_progress/2:1582 Supervisor: {<0.1089.0>,ranch_acceptors_sup}. Started: id={acceptor,<0.1089.0>,33},pid=<0.1122.0>.
2026-09-11 19:47:29.642718+09:00 [info] <0.1089.0>@supervisor:report_progress/2:1582 Supervisor: {<0.1089.0>,ranch_acceptors_sup}. Started: id={acceptor,<0.1089.0>,34},pid=<0.1123.0>.
2026-09-11 19:47:29.642895+09:00 [info] <0.1089.0>@supervisor:report_progress/2:1582 Supervisor: {<0.1089.0>,ranch_acceptors_sup}. Started: id={acceptor,<0.1089.0>,35},pid=<0.1124.0>.
2026-09-11 19:47:29.643021+09:00 [info] <0.1089.0>@supervisor:report_progress/2:1582 Supervisor: {<0.1089.0>,ranch_acceptors_sup}. Started: id={acceptor,<0.1089.0>,36},pid=<0.1125.0>.
2026-09-11 19:47:29.643321+09:00 [info] <0.1089.0>@supervisor:report_progress/2:1582 Supervisor: {<0.1089.0>,ranch_acceptors_sup}. Started: id={acceptor,<0.1089.0>,37},pid=<0.1126.0>.
2026-09-11 19:47:29.643483+09:00 [info] <0.1089.0>@supervisor:report_progress/2:1582 Supervisor: {<0.1089.0>,ranch_acceptors_sup}. Started: id={acceptor,<0.1089.0>,38},pid=<0.1127.0>.
2026-09-11 19:47:29.643599+09:00 [info] <0.1089.0>@supervisor:report_progress/2:1582 Supervisor: {<0.1089.0>,ranch_acceptors_sup}. Started: id={acceptor,<0.1089.0>,39},pid=<0.1128.0>.
2026-09-11 19:47:29.643691+09:00 [info] <0.1089.0>@supervisor:report_progress/2:1582 Supervisor: {<0.1089.0>,ranch_acceptors_sup}. Started: id={acceptor,<0.1089.0>,40},pid=<0.1129.0>.
2026-09-11 19:47:29.643771+09:00 [info] <0.1089.0>@supervisor:report_progress/2:1582 Supervisor: {<0.1089.0>,ranch_acceptors_sup}. Started: id={acceptor,<0.1089.0>,41},pid=<0.1130.0>.
2026-09-11 19:47:29.643845+09:00 [info] <0.1089.0>@supervisor:report_progress/2:1582 Supervisor: {<0.1089.0>,ranch_acceptors_sup}. Started: id={acceptor,<0.1089.0>,42},pid=<0.1131.0>.
2026-09-11 19:47:29.643898+09:00 [info] <0.1089.0>@supervisor:report_progress/2:1582 Supervisor: {<0.1089.0>,ranch_acceptors_sup}. Started: id={acceptor,<0.1089.0>,43},pid=<0.1132.0>.
2026-09-11 19:47:29.643966+09:00 [info] <0.1089.0>@supervisor:report_progress/2:1582 Supervisor: {<0.1089.0>,ranch_acceptors_sup}. Started: id={acceptor,<0.1089.0>,44},pid=<0.1133.0>.
2026-09-11 19:47:29.644105+09:00 [info] <0.1089.0>@supervisor:report_progress/2:1582 Supervisor: {<0.1089.0>,ranch_acceptors_sup}. Started: id={acceptor,<0.1089.0>,45},pid=<0.1134.0>.
2026-09-11 19:47:29.644280+09:00 [info] <0.1089.0>@supervisor:report_progress/2:1582 Supervisor: {<0.1089.0>,ranch_acceptors_sup}. Started: id={acceptor,<0.1089.0>,46},pid=<0.1135.0>.
2026-09-11 19:47:29.644474+09:00 [info] <0.1089.0>@supervisor:report_progress/2:1582 Supervisor: {<0.1089.0>,ranch_acceptors_sup}. Started: id={acceptor,<0.1089.0>,47},pid=<0.1136.0>.
2026-09-11 19:47:29.644635+09:00 [info] <0.1089.0>@supervisor:report_progress/2:1582 Supervisor: {<0.1089.0>,ranch_acceptors_sup}. Started: id={acceptor,<0.1089.0>,48},pid=<0.1137.0>.
2026-09-11 19:47:29.644769+09:00 [info] <0.1089.0>@supervisor:report_progress/2:1582 Supervisor: {<0.1089.0>,ranch_acceptors_sup}. Started: id={acceptor,<0.1089.0>,49},pid=<0.1138.0>.
2026-09-11 19:47:29.645046+09:00 [info] <0.1089.0>@supervisor:report_progress/2:1582 Supervisor: {<0.1089.0>,ranch_acceptors_sup}. Started: id={acceptor,<0.1089.0>,50},pid=<0.1139.0>.
2026-09-11 19:47:29.645513+09:00 [info] <0.1089.0>@supervisor:report_progress/2:1582 Supervisor: {<0.1089.0>,ranch_acceptors_sup}. Started: id={acceptor,<0.1089.0>,51},pid=<0.1140.0>.
2026-09-11 19:47:29.645799+09:00 [info] <0.1089.0>@supervisor:report_progress/2:1582 Supervisor: {<0.1089.0>,ranch_acceptors_sup}. Started: id={acceptor,<0.1089.0>,52},pid=<0.1141.0>.
2026-09-11 19:47:29.645938+09:00 [info] <0.1089.0>@supervisor:report_progress/2:1582 Supervisor: {<0.1089.0>,ranch_acceptors_sup}. Started: id={acceptor,<0.1089.0>,53},pid=<0.1142.0>.
2026-09-11 19:47:29.646088+09:00 [info] <0.1089.0>@supervisor:report_progress/2:1582 Supervisor: {<0.1089.0>,ranch_acceptors_sup}. Started: id={acceptor,<0.1089.0>,54},pid=<0.1143.0>.
2026-09-11 19:47:29.646231+09:00 [info] <0.1089.0>@supervisor:report_progress/2:1582 Supervisor: {<0.1089.0>,ranch_acceptors_sup}. Started: id={acceptor,<0.1089.0>,55},pid=<0.1144.0>.
2026-09-11 19:47:29.646395+09:00 [info] <0.1089.0>@supervisor:report_progress/2:1582 Supervisor: {<0.1089.0>,ranch_acceptors_sup}. Started: id={acceptor,<0.1089.0>,56},pid=<0.1145.0>.
2026-09-11 19:47:29.646677+09:00 [info] <0.1089.0>@supervisor:report_progress/2:1582 Supervisor: {<0.1089.0>,ranch_acceptors_sup}. Started: id={acceptor,<0.1089.0>,57},pid=<0.1146.0>.
2026-09-11 19:47:29.646839+09:00 [info] <0.1089.0>@supervisor:report_progress/2:1582 Supervisor: {<0.1089.0>,ranch_acceptors_sup}. Started: id={acceptor,<0.1089.0>,58},pid=<0.1147.0>.
2026-09-11 19:47:29.647041+09:00 [info] <0.1089.0>@supervisor:report_progress/2:1582 Supervisor: {<0.1089.0>,ranch_acceptors_sup}. Started: id={acceptor,<0.1089.0>,59},pid=<0.1148.0>.
2026-09-11 19:47:29.647295+09:00 [info] <0.1089.0>@supervisor:report_progress/2:1582 Supervisor: {<0.1089.0>,ranch_acceptors_sup}. Started: id={acceptor,<0.1089.0>,60},pid=<0.1149.0>.
2026-09-11 19:47:29.647455+09:00 [info] <0.1089.0>@supervisor:report_progress/2:1582 Supervisor: {<0.1089.0>,ranch_acceptors_sup}. Started: id={acceptor,<0.1089.0>,61},pid=<0.1150.0>.
2026-09-11 19:47:29.647606+09:00 [info] <0.1089.0>@supervisor:report_progress/2:1582 Supervisor: {<0.1089.0>,ranch_acceptors_sup}. Started: id={acceptor,<0.1089.0>,62},pid=<0.1151.0>.
2026-09-11 19:47:29.647723+09:00 [info] <0.1089.0>@supervisor:report_progress/2:1582 Supervisor: {<0.1089.0>,ranch_acceptors_sup}. Started: id={acceptor,<0.1089.0>,63},pid=<0.1152.0>.
2026-09-11 19:47:29.647969+09:00 [info] <0.1089.0>@supervisor:report_progress/2:1582 Supervisor: {<0.1089.0>,ranch_acceptors_sup}. Started: id={acceptor,<0.1089.0>,64},pid=<0.1153.0>.
2026-09-11 19:47:29.648134+09:00 [info] <0.1089.0>@supervisor:report_progress/2:1582 Supervisor: {<0.1089.0>,ranch_acceptors_sup}. Started: id={acceptor,<0.1089.0>,65},pid=<0.1154.0>.
2026-09-11 19:47:29.648263+09:00 [info] <0.1089.0>@supervisor:report_progress/2:1582 Supervisor: {<0.1089.0>,ranch_acceptors_sup}. Started: id={acceptor,<0.1089.0>,66},pid=<0.1155.0>.
2026-09-11 19:47:29.648416+09:00 [info] <0.1089.0>@supervisor:report_progress/2:1582 Supervisor: {<0.1089.0>,ranch_acceptors_sup}. Started: id={acceptor,<0.1089.0>,67},pid=<0.1156.0>.
2026-09-11 19:47:29.648547+09:00 [info] <0.1089.0>@supervisor:report_progress/2:1582 Supervisor: {<0.1089.0>,ranch_acceptors_sup}. Started: id={acceptor,<0.1089.0>,68},pid=<0.1157.0>.
2026-09-11 19:47:29.648753+09:00 [info] <0.1089.0>@supervisor:report_progress/2:1582 Supervisor: {<0.1089.0>,ranch_acceptors_sup}. Started: id={acceptor,<0.1089.0>,69},pid=<0.1158.0>.
2026-09-11 19:47:29.648910+09:00 [info] <0.1089.0>@supervisor:report_progress/2:1582 Supervisor: {<0.1089.0>,ranch_acceptors_sup}. Started: id={acceptor,<0.1089.0>,70},pid=<0.1159.0>.
2026-09-11 19:47:29.649092+09:00 [info] <0.1089.0>@supervisor:report_progress/2:1582 Supervisor: {<0.1089.0>,ranch_acceptors_sup}. Started: id={acceptor,<0.1089.0>,71},pid=<0.1160.0>.
2026-09-11 19:47:29.649295+09:00 [info] <0.1089.0>@supervisor:report_progress/2:1582 Supervisor: {<0.1089.0>,ranch_acceptors_sup}. Started: id={acceptor,<0.1089.0>,72},pid=<0.1161.0>.
2026-09-11 19:47:29.649428+09:00 [info] <0.1089.0>@supervisor:report_progress/2:1582 Supervisor: {<0.1089.0>,ranch_acceptors_sup}. Started: id={acceptor,<0.1089.0>,73},pid=<0.1162.0>.
2026-09-11 19:47:29.649578+09:00 [info] <0.1089.0>@supervisor:report_progress/2:1582 Supervisor: {<0.1089.0>,ranch_acceptors_sup}. Started: id={acceptor,<0.1089.0>,74},pid=<0.1163.0>.
2026-09-11 19:47:29.649733+09:00 [info] <0.1089.0>@supervisor:report_progress/2:1582 Supervisor: {<0.1089.0>,ranch_acceptors_sup}. Started: id={acceptor,<0.1089.0>,75},pid=<0.1164.0>.
2026-09-11 19:47:29.649859+09:00 [info] <0.1089.0>@supervisor:report_progress/2:1582 Supervisor: {<0.1089.0>,ranch_acceptors_sup}. Started: id={acceptor,<0.1089.0>,76},pid=<0.1165.0>.
2026-09-11 19:47:29.650009+09:00 [info] <0.1089.0>@supervisor:report_progress/2:1582 Supervisor: {<0.1089.0>,ranch_acceptors_sup}. Started: id={acceptor,<0.1089.0>,77},pid=<0.1166.0>.
2026-09-11 19:47:29.650131+09:00 [info] <0.1089.0>@supervisor:report_progress/2:1582 Supervisor: {<0.1089.0>,ranch_acceptors_sup}. Started: id={acceptor,<0.1089.0>,78},pid=<0.1167.0>.
2026-09-11 19:47:29.650288+09:00 [info] <0.1089.0>@supervisor:report_progress/2:1582 Supervisor: {<0.1089.0>,ranch_acceptors_sup}. Started: id={acceptor,<0.1089.0>,79},pid=<0.1168.0>.
2026-09-11 19:47:29.650600+09:00 [info] <0.1089.0>@supervisor:report_progress/2:1582 Supervisor: {<0.1089.0>,ranch_acceptors_sup}. Started: id={acceptor,<0.1089.0>,80},pid=<0.1169.0>.
2026-09-11 19:47:29.650760+09:00 [info] <0.1089.0>@supervisor:report_progress/2:1582 Supervisor: {<0.1089.0>,ranch_acceptors_sup}. Started: id={acceptor,<0.1089.0>,81},pid=<0.1170.0>.
2026-09-11 19:47:29.650979+09:00 [info] <0.1089.0>@supervisor:report_progress/2:1582 Supervisor: {<0.1089.0>,ranch_acceptors_sup}. Started: id={acceptor,<0.1089.0>,82},pid=<0.1171.0>.
2026-09-11 19:47:29.651178+09:00 [info] <0.1089.0>@supervisor:report_progress/2:1582 Supervisor: {<0.1089.0>,ranch_acceptors_sup}. Started: id={acceptor,<0.1089.0>,83},pid=<0.1172.0>.
2026-09-11 19:47:29.651350+09:00 [info] <0.1089.0>@supervisor:report_progress/2:1582 Supervisor: {<0.1089.0>,ranch_acceptors_sup}. Started: id={acceptor,<0.1089.0>,84},pid=<0.1173.0>.
2026-09-11 19:47:29.651503+09:00 [info] <0.1089.0>@supervisor:report_progress/2:1582 Supervisor: {<0.1089.0>,ranch_acceptors_sup}. Started: id={acceptor,<0.1089.0>,85},pid=<0.1174.0>.
2026-09-11 19:47:29.651632+09:00 [info] <0.1089.0>@supervisor:report_progress/2:1582 Supervisor: {<0.1089.0>,ranch_acceptors_sup}. Started: id={acceptor,<0.1089.0>,86},pid=<0.1175.0>.
2026-09-11 19:47:29.651776+09:00 [info] <0.1089.0>@supervisor:report_progress/2:1582 Supervisor: {<0.1089.0>,ranch_acceptors_sup}. Started: id={acceptor,<0.1089.0>,87},pid=<0.1176.0>.
2026-09-11 19:47:29.651895+09:00 [info] <0.1089.0>@supervisor:report_progress/2:1582 Supervisor: {<0.1089.0>,ranch_acceptors_sup}. Started: id={acceptor,<0.1089.0>,88},pid=<0.1177.0>.
2026-09-11 19:47:29.652044+09:00 [info] <0.1089.0>@supervisor:report_progress/2:1582 Supervisor: {<0.1089.0>,ranch_acceptors_sup}. Started: id={acceptor,<0.1089.0>,89},pid=<0.1178.0>.
2026-09-11 19:47:29.652299+09:00 [info] <0.1089.0>@supervisor:report_progress/2:1582 Supervisor: {<0.1089.0>,ranch_acceptors_sup}. Started: id={acceptor,<0.1089.0>,90},pid=<0.1179.0>.
2026-09-11 19:47:29.652475+09:00 [info] <0.1089.0>@supervisor:report_progress/2:1582 Supervisor: {<0.1089.0>,ranch_acceptors_sup}. Started: id={acceptor,<0.1089.0>,91},pid=<0.1180.0>.
2026-09-11 19:47:29.652629+09:00 [info] <0.1089.0>@supervisor:report_progress/2:1582 Supervisor: {<0.1089.0>,ranch_acceptors_sup}. Started: id={acceptor,<0.1089.0>,92},pid=<0.1181.0>.
2026-09-11 19:47:29.652776+09:00 [info] <0.1089.0>@supervisor:report_progress/2:1582 Supervisor: {<0.1089.0>,ranch_acceptors_sup}. Started: id={acceptor,<0.1089.0>,93},pid=<0.1182.0>.
2026-09-11 19:47:29.653022+09:00 [info] <0.1089.0>@supervisor:report_progress/2:1582 Supervisor: {<0.1089.0>,ranch_acceptors_sup}. Started: id={acceptor,<0.1089.0>,94},pid=<0.1183.0>.
2026-09-11 19:47:29.653245+09:00 [info] <0.1089.0>@supervisor:report_progress/2:1582 Supervisor: {<0.1089.0>,ranch_acceptors_sup}. Started: id={acceptor,<0.1089.0>,95},pid=<0.1184.0>.
2026-09-11 19:47:29.653451+09:00 [info] <0.1089.0>@supervisor:report_progress/2:1582 Supervisor: {<0.1089.0>,ranch_acceptors_sup}. Started: id={acceptor,<0.1089.0>,96},pid=<0.1185.0>.
2026-09-11 19:47:29.653832+09:00 [info] <0.1089.0>@supervisor:report_progress/2:1582 Supervisor: {<0.1089.0>,ranch_acceptors_sup}. Started: id={acceptor,<0.1089.0>,97},pid=<0.1186.0>.
2026-09-11 19:47:29.654099+09:00 [info] <0.1089.0>@supervisor:report_progress/2:1582 Supervisor: {<0.1089.0>,ranch_acceptors_sup}. Started: id={acceptor,<0.1089.0>,98},pid=<0.1187.0>.
2026-09-11 19:47:29.654338+09:00 [info] <0.1089.0>@supervisor:report_progress/2:1582 Supervisor: {<0.1089.0>,ranch_acceptors_sup}. Started: id={acceptor,<0.1089.0>,99},pid=<0.1188.0>.
2026-09-11 19:47:29.654574+09:00 [info] <0.1089.0>@supervisor:report_progress/2:1582 Supervisor: {<0.1089.0>,ranch_acceptors_sup}. Started: id={acceptor,<0.1089.0>,100},pid=<0.1189.0>.
2026-09-11 19:47:29.654862+09:00 [info] <0.987.0>@supervisor:report_progress/2:1582 Supervisor: {<0.987.0>,ranch_listener_sup}. Started: id=ranch_acceptors_sup,pid=<0.1089.0>.
2026-09-11 19:47:29.655053+09:00 [info] <0.653.0>@supervisor:report_progress/2:1582 Supervisor: {local,ranch_sup}. Started: id={ranch_listener_sup,{[49,50,55,46,48,46,48,46,49],9080}},pid=<0.987.0>.
2026-09-11 19:47:29.655219+09:00 [info] <0.985.0>@riak_core_service_mgr:start_dispatcher/3:524 Service manager: listening on 127.0.0.1:9080
2026-09-11 19:47:29.655338+09:00 [info] <0.984.0>@supervisor:report_progress/2:1582 Supervisor: {local,riak_core_cluster_mgr_sup}. Started: id=riak_core_service_mgr,pid=<0.985.0>.
2026-09-11 19:47:29.658784+09:00 [info] <0.984.0>@supervisor:report_progress/2:1582 Supervisor: {local,riak_core_cluster_mgr_sup}. Started: id=riak_core_connection_mgr,pid=<0.1190.0>.
2026-09-11 19:47:29.660931+09:00 [info] <0.984.0>@supervisor:report_progress/2:1582 Supervisor: {local,riak_core_cluster_mgr_sup}. Started: id=riak_core_cluster_conn_sup,pid=<0.1191.0>.
2026-09-11 19:47:29.663941+09:00 [info] <0.1192.0>@riak_core_cluster_mgr:become_leader/2:706 ClusterManager: 'openriak-kv@node-01.cluster-a.openriak' becoming the leader
2026-09-11 19:47:29.664156+09:00 [info] <0.984.0>@supervisor:report_progress/2:1582 Supervisor: {local,riak_core_cluster_mgr_sup}. Started: id=riak_repl_cluster_mgr,pid=<0.1192.0>.
2026-09-11 19:47:29.666768+09:00 [info] <0.1193.0>@riak_core_tcp_mon:init/1:167 Starting TCP Monitor
2026-09-11 19:47:29.666984+09:00 [info] <0.984.0>@supervisor:report_progress/2:1582 Supervisor: {local,riak_core_cluster_mgr_sup}. Started: id=riak_core_tcp_mon,pid=<0.1193.0>.
2026-09-11 19:47:29.667161+09:00 [info] <0.976.0>@supervisor:report_progress/2:1582 Supervisor: {local,riak_repl_sup}. Started: id=riak_core_cluster_mgr_sup,pid=<0.984.0>.
2026-09-11 19:47:29.669220+09:00 [info] <0.976.0>@supervisor:report_progress/2:1582 Supervisor: {local,riak_repl_sup}. Started: id=riak_repl2_fs_node_reserver,pid=<0.1194.0>.
2026-09-11 19:47:29.674450+09:00 [info] <0.1196.0>@supervisor:report_progress/2:1582 Supervisor: {local,riak_repl2_rtsource_sup}. Started: id=riak_repl2_rtq,pid=<0.1197.0>.
2026-09-11 19:47:29.675792+09:00 [info] <0.1196.0>@supervisor:report_progress/2:1582 Supervisor: {local,riak_repl2_rtsource_sup}. Started: id=riak_repl2_rtq_overload_counter,pid=<0.1198.0>.
2026-09-11 19:47:29.678250+09:00 [info] <0.1196.0>@supervisor:report_progress/2:1582 Supervisor: {local,riak_repl2_rtsource_sup}. Started: id=riak_repl2_rtsource_conn_sup,pid=<0.1199.0>.
2026-09-11 19:47:29.678399+09:00 [info] <0.1195.0>@supervisor:report_progress/2:1582 Supervisor: {local,riak_repl2_rt_sup}. Started: id=riak_repl2_rtsource_sup,pid=<0.1196.0>.
2026-09-11 19:47:29.682042+09:00 [info] <0.1200.0>@supervisor:report_progress/2:1582 Supervisor: {local,riak_repl2_rtsink_sup}. Started: id=riak_repl2_rtsink_pool,pid=<0.1201.0>.
2026-09-11 19:47:29.683484+09:00 [info] <0.1200.0>@supervisor:report_progress/2:1582 Supervisor: {local,riak_repl2_rtsink_sup}. Started: id=riak_repl2_rtsink_conn_sup,pid=<0.1208.0>.
2026-09-11 19:47:29.683603+09:00 [info] <0.1195.0>@supervisor:report_progress/2:1582 Supervisor: {local,riak_repl2_rt_sup}. Started: id=riak_repl2_rtsink_sup,pid=<0.1200.0>.
2026-09-11 19:47:29.683677+09:00 [info] <0.1195.0>@supervisor:report_progress/2:1582 Supervisor: {local,riak_repl2_rt_sup}. Started: id=riak_repl2_rt,pid=<0.1209.0>.
2026-09-11 19:47:29.683722+09:00 [info] <0.976.0>@supervisor:report_progress/2:1582 Supervisor: {local,riak_repl_sup}. Started: id=riak_repl2_rt_sup,pid=<0.1195.0>.
2026-09-11 19:47:29.684701+09:00 [info] <0.976.0>@supervisor:report_progress/2:1582 Supervisor: {local,riak_repl_sup}. Started: id=riak_repl2_fscoordinator_sup,pid=<0.1210.0>.
2026-09-11 19:47:29.685622+09:00 [info] <0.976.0>@supervisor:report_progress/2:1582 Supervisor: {local,riak_repl_sup}. Started: id=riak_repl2_fscoordinator_serv_sup,pid=<0.1211.0>.
2026-09-11 19:47:29.686711+09:00 [info] <0.976.0>@supervisor:report_progress/2:1582 Supervisor: {local,riak_repl_sup}. Started: id=riak_repl2_fssource_sup,pid=<0.1212.0>.
2026-09-11 19:47:29.687724+09:00 [info] <0.976.0>@supervisor:report_progress/2:1582 Supervisor: {local,riak_repl_sup}. Started: id=riak_repl2_fssink_pool,pid=<0.1213.0>.
2026-09-11 19:47:29.688658+09:00 [info] <0.976.0>@supervisor:report_progress/2:1582 Supervisor: {local,riak_repl_sup}. Started: id=riak_repl2_fssink_sup,pid=<0.1220.0>.
2026-09-11 19:47:29.689756+09:00 [info] <0.976.0>@supervisor:report_progress/2:1582 Supervisor: {local,riak_repl_sup}. Started: id=riak_repl2_pg_proxy_sup,pid=<0.1221.0>.
2026-09-11 19:47:29.692975+09:00 [info] <0.1222.0>@supervisor:report_progress/2:1582 Supervisor: {local,riak_repl2_pg_sup}. Started: id=riak_repl2_pg_block_provider_sup,pid=<0.1223.0>.
2026-09-11 19:47:29.693944+09:00 [info] <0.1222.0>@supervisor:report_progress/2:1582 Supervisor: {local,riak_repl2_pg_sup}. Started: id=riak_repl2_pg_block_requester_sup,pid=<0.1224.0>.
2026-09-11 19:47:29.694096+09:00 [info] <0.1222.0>@supervisor:report_progress/2:1582 Supervisor: {local,riak_repl2_pg_sup}. Started: id=riak_repl2_pg,pid=<0.1225.0>.
2026-09-11 19:47:29.694147+09:00 [info] <0.976.0>@supervisor:report_progress/2:1582 Supervisor: {local,riak_repl_sup}. Started: id=riak_repl2_pg_sup,pid=<0.1222.0>.
2026-09-11 19:47:29.699273+09:00 [info] <0.259.0>@supervisor:report_progress/2:1582 Supervisor: {local,riak_core_stats_sup}. Started: id=riak_core_connection_mgr_stats,pid=<0.1228.0>.
2026-09-11 19:47:29.765426+09:00 [info] <0.259.0>@supervisor:report_progress/2:1582 Supervisor: {local,riak_core_stats_sup}. Started: id=riak_repl_stats,pid=<0.1230.0>.
2026-09-11 19:47:29.852376+09:00 [info] <0.216.0>@supervisor:report_progress/2:1582 Supervisor: {local,riak_core_eventhandler_sup}. Started: id={riak_core_ring_events,riak_repl_ring_handler},pid=<0.1231.0>.
2026-09-11 19:47:29.898581+09:00 [info] <0.44.0>@application_controller:info_started/2:2130 Application: riak_repl. Started at: 'openriak-kv@node-01.cluster-a.openriak'.
2026-09-11 19:47:29.899312+09:00 [info] <0.44.0>@application_controller:info_started/2:2130 Application: canola. Started at: 'openriak-kv@node-01.cluster-a.openriak'.
2026-09-11 19:47:30.073192+09:00 [info] <0.44.0>@application_controller:info_started/2:2130 Application: riak_auth_mods. Started at: 'openriak-kv@node-01.cluster-a.openriak'.
2026-09-11 19:47:30.073465+09:00 [info] <0.44.0>@application_controller:info_started/2:2130 Application: riak_logger. Started at: 'openriak-kv@node-01.cluster-a.openriak'.
2026-09-11 19:47:32.465935+09:00 [info] <0.785.0>@leveled_monitor:handle_cast/2:625 log_ref=cdb19 db_id=4 Sample timings in microseconds for sample_count=0 with totals of cycle_count=0 index_time=0 read_time=0 with sample_period=3 seconds
2026-09-11 19:47:39.104895+09:00 [info] <0.783.0>@leveled_monitor:handle_cast/2:494 log_ref=b0016 db_id=7 Get timing with sample_count=0 and head_time=0 body_time=0 with fetch_count=0 with sample_period=10 seconds
2026-09-11 19:47:43.484928+09:00 [info] <0.782.0>@leveled_monitor:handle_cast/2:515 log_ref=b0018 db_id=1 Positive HEAD responses timed with sample_count=0 and cache_count=0 found_count=0 fetch_ledger_time=0 fetch_ledgercache_time=0 rsp_time=0 notfound_time=0 with sample_period=14 seconds
2026-09-11 19:47:51.141893+09:00 [info] <0.411.0>@riak_kv_replrtq_src:handle_info/2:646 QueueName=q1_ttaaefs has queue sizes p1=0 p2=0 p3=0
2026-09-11 19:47:58.096849+09:00 [info] <0.226.0>@riak_core_gossip:log_node_added/2:362 'openriak-kv@node-02.cluster-a.openriak' joined cluster with status 'joining'
2026-09-11 19:47:58.105612+09:00 [info] <0.1192.0>@riak_core_cluster_mgr:become_proxy/2:719 ClusterManager: 'openriak-kv@node-01.cluster-a.openriak' becoming a proxy to 'openriak-kv@node-02.cluster-a.openriak'
2026-09-11 19:47:59.235857+09:00 [info] <0.226.0>@riak_core_gossip:log_node_added/2:362 'openriak-kv@node-03.cluster-a.openriak' joined cluster with status 'joining'
2026-09-11 19:48:00.620486+09:00 [info] <0.226.0>@riak_core_gossip:log_node_added/2:362 'openriak-kv@node-04.cluster-a.openriak' joined cluster with status 'joining'
2026-09-11 19:48:01.619544+09:00 [info] <0.786.0>@leveled_monitor:handle_cast/2:515 log_ref=b0018 db_id=5 Positive HEAD responses timed with sample_count=0 and cache_count=0 found_count=0 fetch_ledger_time=0 fetch_ledgercache_time=0 rsp_time=0 notfound_time=0 with sample_period=32 seconds
2026-09-11 19:48:02.549600+09:00 [info] <0.226.0>@riak_core_gossip:log_node_added/2:362 'openriak-kv@node-05.cluster-a.openriak' joined cluster with status 'joining'
2026-09-11 19:48:03.021533+09:00 [info] <0.780.0>@leveled_monitor:handle_cast/2:580 log_ref=p0032 db_id=2 Fetch head timing with sample_count=0 and level timings of foundmem_time=0 found0_time=0 found1_time=0 found2_time=0 found3_time=0 foundlower_time=0 missed_time=0 with counts of foundmem_count=0 found0_count=0 found1_count=0 found2_count=0 found3_count=0 foundlower_count=0 missed_count=0 with sample_period=34 seconds
2026-09-11 19:48:04.266761+09:00 [info] <0.785.0>@leveled_monitor:handle_cast/2:551 log_ref=b0017 db_id=4 Snapshot timing with sample_count=1 and bookie_time=5 pcl_time=60 with sample_period=35 seconds
2026-09-11 19:48:04.597827+09:00 [info] <0.256.0>@riak_core_membership_claim:claim/3:163 Claim requested with {riak_core_membership_claim,default_choose_claim} due to initial wants
2026-09-11 19:48:04.599608+09:00 [info] <0.256.0>@riak_core_claimant:rebalance_ring/1:1513 Claim algorithm completed in claim_time=1 ms
2026-09-11 19:48:06.055501+09:00 [info] <0.226.0>@riak_core_membership_claim:claim/3:163 Claim requested with {riak_core_membership_claim,default_choose_claim} due to initial wants
2026-09-11 19:48:06.056070+09:00 [info] <0.226.0>@riak_core_claimant:rebalance_ring/1:1513 Claim algorithm completed in claim_time=0 ms
2026-09-11 19:48:10.597327+09:00 [info] <0.226.0>@riak_core_vnode:mark_handoff_complete/5:658 Updating local ring as handoff of riak_pipe_vnode 548063113999088594326381812268606132370974703616 to awaiting node 'openriak-kv@node-05.cluster-a.openriak' complete
2026-09-11 19:48:10.611536+09:00 [info] <0.226.0>@riak_core_vnode:mark_handoff_complete/5:658 Updating local ring as handoff of riak_pipe_vnode 913438523331814323877303020447676887284957839360 to awaiting node 'openriak-kv@node-02.cluster-a.openriak' complete
2026-09-11 19:48:10.611686+09:00 [info] <0.959.0>@riak_core_vnode:mark_handoff_complete/5:735 Handoff of riak_pipe_vnode 548063113999088594326381812268606132370974703616 complete to new owner - forward
2026-09-11 19:48:10.611837+09:00 [info] <0.959.0>@riak_core_vnode:finish_handoff/2:788 548063113999088594326381812268606132370974703616 riak_pipe_vnode vnode finished handoff and deleted in 0 milliseconds
2026-09-11 19:48:10.619849+09:00 [info] <0.965.0>@riak_core_vnode:mark_handoff_complete/5:735 Handoff of riak_pipe_vnode 913438523331814323877303020447676887284957839360 complete to new owner - forward
2026-09-11 19:48:10.619766+09:00 [info] <0.226.0>@riak_core_vnode:mark_handoff_complete/5:658 Updating local ring as handoff of riak_pipe_vnode 1278813932664540053428224228626747642198940975104 to awaiting node 'openriak-kv@node-04.cluster-a.openriak' complete
2026-09-11 19:48:10.619970+09:00 [info] <0.965.0>@riak_core_vnode:finish_handoff/2:788 913438523331814323877303020447676887284957839360 riak_pipe_vnode vnode finished handoff and deleted in 0 milliseconds
2026-09-11 19:48:10.628000+09:00 [info] <0.971.0>@riak_core_vnode:mark_handoff_complete/5:735 Handoff of riak_pipe_vnode 1278813932664540053428224228626747642198940975104 complete to new owner - forward
2026-09-11 19:48:10.627990+09:00 [info] <0.226.0>@riak_core_vnode:mark_handoff_complete/5:658 Updating local ring as handoff of riak_pipe_vnode 1096126227998177188652763624537212264741949407232 to awaiting node 'openriak-kv@node-03.cluster-a.openriak' complete
2026-09-11 19:48:10.628134+09:00 [info] <0.971.0>@riak_core_vnode:finish_handoff/2:788 1278813932664540053428224228626747642198940975104 riak_pipe_vnode vnode finished handoff and deleted in 0 milliseconds
2026-09-11 19:48:10.635169+09:00 [info] <0.968.0>@riak_core_vnode:mark_handoff_complete/5:735 Handoff of riak_pipe_vnode 1096126227998177188652763624537212264741949407232 complete to new owner - forward
2026-09-11 19:48:10.635341+09:00 [info] <0.968.0>@riak_core_vnode:finish_handoff/2:788 1096126227998177188652763624537212264741949407232 riak_pipe_vnode vnode finished handoff and deleted in 0 milliseconds
2026-09-11 19:48:10.635134+09:00 [info] <0.226.0>@riak_core_vnode:mark_handoff_complete/5:658 Updating local ring as handoff of riak_pipe_vnode 365375409332725729550921208179070754913983135744 to awaiting node 'openriak-kv@node-03.cluster-a.openriak' complete
2026-09-11 19:48:10.644572+09:00 [info] <0.956.0>@riak_core_vnode:mark_handoff_complete/5:735 Handoff of riak_pipe_vnode 365375409332725729550921208179070754913983135744 complete to new owner - forward
2026-09-11 19:48:10.644720+09:00 [info] <0.956.0>@riak_core_vnode:finish_handoff/2:788 365375409332725729550921208179070754913983135744 riak_pipe_vnode vnode finished handoff and deleted in 0 milliseconds
2026-09-11 19:48:10.645218+09:00 [info] <0.226.0>@riak_core_vnode:mark_handoff_complete/5:658 Updating local ring as handoff of riak_pipe_vnode 182687704666362864775460604089535377456991567872 to awaiting node 'openriak-kv@node-02.cluster-a.openriak' complete
2026-09-11 19:48:10.657772+09:00 [info] <0.226.0>@riak_core_vnode:mark_handoff_complete/5:658 Updating local ring as handoff of riak_kv_vnode 182687704666362864775460604089535377456991567872 to awaiting node 'openriak-kv@node-02.cluster-a.openriak' complete
2026-09-11 19:48:10.657855+09:00 [info] <0.953.0>@riak_core_vnode:mark_handoff_complete/5:735 Handoff of riak_pipe_vnode 182687704666362864775460604089535377456991567872 complete to new owner - forward
2026-09-11 19:48:10.658046+09:00 [info] <0.953.0>@riak_core_vnode:finish_handoff/2:788 182687704666362864775460604089535377456991567872 riak_pipe_vnode vnode finished handoff and deleted in 0 milliseconds
2026-09-11 19:48:10.667719+09:00 [info] <0.226.0>@riak_core_vnode:mark_handoff_complete/5:658 Updating local ring as handoff of riak_kv_vnode 1096126227998177188652763624537212264741949407232 to awaiting node 'openriak-kv@node-03.cluster-a.openriak' complete
2026-09-11 19:48:10.667886+09:00 [info] <0.751.0>@riak_core_vnode:mark_handoff_complete/5:735 Handoff of riak_kv_vnode 182687704666362864775460604089535377456991567872 complete to new owner - forward
2026-09-11 19:48:10.674934+09:00 [info] <0.226.0>@riak_core_vnode:mark_handoff_complete/5:658 Updating local ring as handoff of riak_kv_vnode 365375409332725729550921208179070754913983135744 to awaiting node 'openriak-kv@node-03.cluster-a.openriak' complete
2026-09-11 19:48:10.674968+09:00 [info] <0.749.0>@riak_core_vnode:mark_handoff_complete/5:735 Handoff of riak_kv_vnode 1096126227998177188652763624537212264741949407232 complete to new owner - forward
2026-09-11 19:48:10.680651+09:00 [warning] <0.777.0>@leveled_bookie:handle_call/3:1732 log_ref=b0011 db_id=1 Call to destroy the store and so all files to be removed
2026-09-11 19:48:10.680970+09:00 [warning] <0.788.0>@leveled_inker:handle_call/3:776 log_ref=i0018 db_id=1 We're doomed - intention recorded to destroy all files
2026-09-11 19:48:10.681128+09:00 [info] <0.788.0>@leveled_inker:handle_call/3:780 log_ref=i0005 db_id=1 Inker closing journal for reason doom
2026-09-11 19:48:10.681266+09:00 [info] <0.788.0>@leveled_inker:handle_call/3:782 log_ref=i0006 db_id=1 Close triggered with journal_sqn=0 and manifest_sqn=2
2026-09-11 19:48:10.681709+09:00 [info] <0.788.0>@leveled_inker:shutdown_manifest/1:1036 log_ref=i0007 db_id=1 Inker manifest when closing is:
2026-09-11 19:48:10.681959+09:00 [warning] <0.824.0>@leveled_penciller:handle_call/3:1093 log_ref=p0030 db_id=1 We're doomed - intention recorded to destroy all files
2026-09-11 19:48:10.682275+09:00 [info] <0.825.0>@leveled_pclerk:terminate/2:178 log_ref=pc005 db_id=1 Penciller's Clerk <0.825.0> shutdown now complete for reason normal
2026-09-11 19:48:10.684129+09:00 [info] <0.777.0>@leveled_bookie:terminate/2:1803 log_ref=b0003 db_id=1 Bookie closing for reason normal
2026-09-11 19:48:10.684468+09:00 [info] <0.867.0>@aae_treecache:handle_cast/2:354 log_ref=c0004 Destroying tree cache for partition {0,3}
2026-09-11 19:48:10.684505+09:00 [info] <0.875.0>@aae_treecache:handle_cast/2:354 log_ref=c0004 Destroying tree cache for partition {182687704666362864775460604089535377456991567872,3}
2026-09-11 19:48:10.684479+09:00 [info] <0.858.0>@aae_treecache:handle_cast/2:354 log_ref=c0004 Destroying tree cache for partition {1278813932664540053428224228626747642198940975104,3}
2026-09-11 19:48:10.684516+09:00 [info] <0.751.0>@riak_core_vnode:finish_handoff/2:788 182687704666362864775460604089535377456991567872 riak_kv_vnode vnode finished handoff and deleted in 16 milliseconds
2026-09-11 19:48:10.686627+09:00 [info] <0.226.0>@riak_core_vnode:mark_handoff_complete/5:658 Updating local ring as handoff of riak_kv_vnode 548063113999088594326381812268606132370974703616 to awaiting node 'openriak-kv@node-05.cluster-a.openriak' complete
2026-09-11 19:48:10.686808+09:00 [warning] <0.775.0>@leveled_bookie:handle_call/3:1732 log_ref=b0011 db_id=6 Call to destroy the store and so all files to be removed
2026-09-11 19:48:10.686957+09:00 [info] <0.753.0>@riak_core_vnode:mark_handoff_complete/5:735 Handoff of riak_kv_vnode 365375409332725729550921208179070754913983135744 complete to new owner - forward
2026-09-11 19:48:10.687168+09:00 [warning] <0.791.0>@leveled_inker:handle_call/3:776 log_ref=i0018 db_id=6 We're doomed - intention recorded to destroy all files
2026-09-11 19:48:10.687254+09:00 [info] <0.791.0>@leveled_inker:handle_call/3:780 log_ref=i0005 db_id=6 Inker closing journal for reason doom
2026-09-11 19:48:10.687403+09:00 [info] <0.791.0>@leveled_inker:handle_call/3:782 log_ref=i0006 db_id=6 Close triggered with journal_sqn=0 and manifest_sqn=2
2026-09-11 19:48:10.687621+09:00 [info] <0.791.0>@leveled_inker:shutdown_manifest/1:1036 log_ref=i0007 db_id=6 Inker manifest when closing is:
2026-09-11 19:48:10.687924+09:00 [warning] <0.821.0>@leveled_penciller:handle_call/3:1093 log_ref=p0030 db_id=6 We're doomed - intention recorded to destroy all files
2026-09-11 19:48:10.688100+09:00 [info] <0.823.0>@leveled_pclerk:terminate/2:178 log_ref=pc005 db_id=6 Penciller's Clerk <0.823.0> shutdown now complete for reason normal
2026-09-11 19:48:10.691041+09:00 [info] <0.775.0>@leveled_bookie:terminate/2:1803 log_ref=b0003 db_id=6 Bookie closing for reason normal
2026-09-11 19:48:10.691297+09:00 [info] <0.863.0>@aae_treecache:handle_cast/2:354 log_ref=c0004 Destroying tree cache for partition {730750818665451459101842416358141509827966271488,3}
2026-09-11 19:48:10.691400+09:00 [info] <0.871.0>@aae_treecache:handle_cast/2:354 log_ref=c0004 Destroying tree cache for partition {913438523331814323877303020447676887284957839360,3}
2026-09-11 19:48:10.691483+09:00 [info] <0.749.0>@riak_core_vnode:finish_handoff/2:788 1096126227998177188652763624537212264741949407232 riak_kv_vnode vnode finished handoff and deleted in 16 milliseconds
2026-09-11 19:48:10.691332+09:00 [info] <0.879.0>@aae_treecache:handle_cast/2:354 log_ref=c0004 Destroying tree cache for partition {1096126227998177188652763624537212264741949407232,3}
2026-09-11 19:48:10.695178+09:00 [info] <0.226.0>@riak_core_vnode:mark_handoff_complete/5:658 Updating local ring as handoff of riak_kv_vnode 1278813932664540053428224228626747642198940975104 to awaiting node 'openriak-kv@node-04.cluster-a.openriak' complete
2026-09-11 19:48:10.695359+09:00 [info] <0.752.0>@riak_core_vnode:mark_handoff_complete/5:735 Handoff of riak_kv_vnode 548063113999088594326381812268606132370974703616 complete to new owner - forward
2026-09-11 19:48:10.701849+09:00 [warning] <0.779.0>@leveled_bookie:handle_call/3:1732 log_ref=b0011 db_id=2 Call to destroy the store and so all files to be removed
2026-09-11 19:48:10.702221+09:00 [warning] <0.790.0>@leveled_inker:handle_call/3:776 log_ref=i0018 db_id=2 We're doomed - intention recorded to destroy all files
2026-09-11 19:48:10.702488+09:00 [info] <0.790.0>@leveled_inker:handle_call/3:780 log_ref=i0005 db_id=2 Inker closing journal for reason doom
2026-09-11 19:48:10.702847+09:00 [info] <0.790.0>@leveled_inker:handle_call/3:782 log_ref=i0006 db_id=2 Close triggered with journal_sqn=0 and manifest_sqn=2
2026-09-11 19:48:10.703079+09:00 [info] <0.790.0>@leveled_inker:shutdown_manifest/1:1036 log_ref=i0007 db_id=2 Inker manifest when closing is:
2026-09-11 19:48:10.703257+09:00 [warning] <0.828.0>@leveled_penciller:handle_call/3:1093 log_ref=p0030 db_id=2 We're doomed - intention recorded to destroy all files
2026-09-11 19:48:10.703469+09:00 [info] <0.831.0>@leveled_pclerk:terminate/2:178 log_ref=pc005 db_id=2 Penciller's Clerk <0.831.0> shutdown now complete for reason normal
2026-09-11 19:48:10.708336+09:00 [info] <0.226.0>@riak_core_vnode:mark_handoff_complete/5:658 Updating local ring as handoff of riak_kv_vnode 913438523331814323877303020447676887284957839360 to awaiting node 'openriak-kv@node-02.cluster-a.openriak' complete
2026-09-11 19:48:10.708374+09:00 [info] <0.750.0>@riak_core_vnode:mark_handoff_complete/5:735 Handoff of riak_kv_vnode 1278813932664540053428224228626747642198940975104 complete to new owner - forward
2026-09-11 19:48:10.708563+09:00 [warning] <0.772.0>@leveled_bookie:handle_call/3:1732 log_ref=b0011 db_id=3 Call to destroy the store and so all files to be removed
2026-09-11 19:48:10.708840+09:00 [warning] <0.794.0>@leveled_inker:handle_call/3:776 log_ref=i0018 db_id=3 We're doomed - intention recorded to destroy all files
2026-09-11 19:48:10.708927+09:00 [info] <0.794.0>@leveled_inker:handle_call/3:780 log_ref=i0005 db_id=3 Inker closing journal for reason doom
2026-09-11 19:48:10.709011+09:00 [info] <0.794.0>@leveled_inker:handle_call/3:782 log_ref=i0006 db_id=3 Close triggered with journal_sqn=0 and manifest_sqn=2
2026-09-11 19:48:10.709157+09:00 [info] <0.794.0>@leveled_inker:shutdown_manifest/1:1036 log_ref=i0007 db_id=3 Inker manifest when closing is:
2026-09-11 19:48:10.709265+09:00 [info] <0.779.0>@leveled_bookie:terminate/2:1803 log_ref=b0003 db_id=2 Bookie closing for reason normal
2026-09-11 19:48:10.709331+09:00 [warning] <0.820.0>@leveled_penciller:handle_call/3:1093 log_ref=p0030 db_id=3 We're doomed - intention recorded to destroy all files
2026-09-11 19:48:10.709444+09:00 [info] <0.864.0>@aae_treecache:handle_cast/2:354 log_ref=c0004 Destroying tree cache for partition {182687704666362864775460604089535377456991567872,3}
2026-09-11 19:48:10.709426+09:00 [info] <0.822.0>@leveled_pclerk:terminate/2:178 log_ref=pc005 db_id=3 Penciller's Clerk <0.822.0> shutdown now complete for reason normal
2026-09-11 19:48:10.709471+09:00 [info] <0.856.0>@aae_treecache:handle_cast/2:354 log_ref=c0004 Destroying tree cache for partition {0,3}
2026-09-11 19:48:10.709610+09:00 [info] <0.872.0>@aae_treecache:handle_cast/2:354 log_ref=c0004 Destroying tree cache for partition {365375409332725729550921208179070754913983135744,3}
2026-09-11 19:48:10.709662+09:00 [info] <0.753.0>@riak_core_vnode:finish_handoff/2:788 365375409332725729550921208179070754913983135744 riak_kv_vnode vnode finished handoff and deleted in 22 milliseconds
2026-09-11 19:48:10.711860+09:00 [info] <0.772.0>@leveled_bookie:terminate/2:1803 log_ref=b0003 db_id=3 Bookie closing for reason normal
2026-09-11 19:48:10.712101+09:00 [info] <0.868.0>@aae_treecache:handle_cast/2:354 log_ref=c0004 Destroying tree cache for partition {365375409332725729550921208179070754913983135744,3}
2026-09-11 19:48:10.712209+09:00 [info] <0.861.0>@aae_treecache:handle_cast/2:354 log_ref=c0004 Destroying tree cache for partition {182687704666362864775460604089535377456991567872,3}
2026-09-11 19:48:10.712205+09:00 [info] <0.876.0>@aae_treecache:handle_cast/2:354 log_ref=c0004 Destroying tree cache for partition {548063113999088594326381812268606132370974703616,3}
2026-09-11 19:48:10.712262+09:00 [info] <0.752.0>@riak_core_vnode:finish_handoff/2:788 548063113999088594326381812268606132370974703616 riak_kv_vnode vnode finished handoff and deleted in 16 milliseconds
2026-09-11 19:48:10.715955+09:00 [info] <0.748.0>@riak_core_vnode:mark_handoff_complete/5:735 Handoff of riak_kv_vnode 913438523331814323877303020447676887284957839360 complete to new owner - forward
2026-09-11 19:48:10.720793+09:00 [warning] <0.776.0>@leveled_bookie:handle_call/3:1732 log_ref=b0011 db_id=7 Call to destroy the store and so all files to be removed
2026-09-11 19:48:10.720989+09:00 [warning] <0.793.0>@leveled_inker:handle_call/3:776 log_ref=i0018 db_id=7 We're doomed - intention recorded to destroy all files
2026-09-11 19:48:10.721166+09:00 [info] <0.793.0>@leveled_inker:handle_call/3:780 log_ref=i0005 db_id=7 Inker closing journal for reason doom
2026-09-11 19:48:10.721226+09:00 [info] <0.793.0>@leveled_inker:handle_call/3:782 log_ref=i0006 db_id=7 Close triggered with journal_sqn=0 and manifest_sqn=2
2026-09-11 19:48:10.721354+09:00 [info] <0.793.0>@leveled_inker:shutdown_manifest/1:1036 log_ref=i0007 db_id=7 Inker manifest when closing is:
2026-09-11 19:48:10.721596+09:00 [warning] <0.816.0>@leveled_penciller:handle_call/3:1093 log_ref=p0030 db_id=7 We're doomed - intention recorded to destroy all files
2026-09-11 19:48:10.721850+09:00 [info] <0.819.0>@leveled_pclerk:terminate/2:178 log_ref=pc005 db_id=7 Penciller's Clerk <0.819.0> shutdown now complete for reason normal
2026-09-11 19:48:10.723690+09:00 [info] <0.776.0>@leveled_bookie:terminate/2:1803 log_ref=b0003 db_id=7 Bookie closing for reason normal
2026-09-11 19:48:10.723848+09:00 [info] <0.862.0>@aae_treecache:handle_cast/2:354 log_ref=c0004 Destroying tree cache for partition {913438523331814323877303020447676887284957839360,3}
2026-09-11 19:48:10.723866+09:00 [info] <0.878.0>@aae_treecache:handle_cast/2:354 log_ref=c0004 Destroying tree cache for partition {1278813932664540053428224228626747642198940975104,3}
2026-09-11 19:48:10.723908+09:00 [info] <0.870.0>@aae_treecache:handle_cast/2:354 log_ref=c0004 Destroying tree cache for partition {1096126227998177188652763624537212264741949407232,3}
2026-09-11 19:48:10.723949+09:00 [info] <0.750.0>@riak_core_vnode:finish_handoff/2:788 1278813932664540053428224228626747642198940975104 riak_kv_vnode vnode finished handoff and deleted in 15 milliseconds
2026-09-11 19:48:10.725939+09:00 [warning] <0.773.0>@leveled_bookie:handle_call/3:1732 log_ref=b0011 db_id=5 Call to destroy the store and so all files to be removed
2026-09-11 19:48:10.726070+09:00 [warning] <0.795.0>@leveled_inker:handle_call/3:776 log_ref=i0018 db_id=5 We're doomed - intention recorded to destroy all files
2026-09-11 19:48:10.726255+09:00 [info] <0.795.0>@leveled_inker:handle_call/3:780 log_ref=i0005 db_id=5 Inker closing journal for reason doom
2026-09-11 19:48:10.726409+09:00 [info] <0.795.0>@leveled_inker:handle_call/3:782 log_ref=i0006 db_id=5 Close triggered with journal_sqn=0 and manifest_sqn=2
2026-09-11 19:48:10.726546+09:00 [info] <0.795.0>@leveled_inker:shutdown_manifest/1:1036 log_ref=i0007 db_id=5 Inker manifest when closing is:
2026-09-11 19:48:10.726761+09:00 [warning] <0.826.0>@leveled_penciller:handle_call/3:1093 log_ref=p0030 db_id=5 We're doomed - intention recorded to destroy all files
2026-09-11 19:48:10.726837+09:00 [info] <0.827.0>@leveled_pclerk:terminate/2:178 log_ref=pc005 db_id=5 Penciller's Clerk <0.827.0> shutdown now complete for reason normal
2026-09-11 19:48:10.729534+09:00 [info] <0.773.0>@leveled_bookie:terminate/2:1803 log_ref=b0003 db_id=5 Bookie closing for reason normal
2026-09-11 19:48:10.729808+09:00 [info] <0.857.0>@aae_treecache:handle_cast/2:354 log_ref=c0004 Destroying tree cache for partition {548063113999088594326381812268606132370974703616,3}
2026-09-11 19:48:10.729799+09:00 [info] <0.877.0>@aae_treecache:handle_cast/2:354 log_ref=c0004 Destroying tree cache for partition {913438523331814323877303020447676887284957839360,3}
2026-09-11 19:48:10.729832+09:00 [info] <0.869.0>@aae_treecache:handle_cast/2:354 log_ref=c0004 Destroying tree cache for partition {730750818665451459101842416358141509827966271488,3}
2026-09-11 19:48:10.729956+09:00 [info] <0.748.0>@riak_core_vnode:finish_handoff/2:788 913438523331814323877303020447676887284957839360 riak_kv_vnode vnode finished handoff and deleted in 13 milliseconds
2026-09-11 19:48:22.934473+09:00 [info] <0.410.0>@riak_kv_ttaaefs_manager:handle_info/2:648 Initiated Tictac AAE Full-Sync Mgr with scope=disabled
2026-09-11 19:48:22.934713+09:00 [info] <0.410.0>@riak_kv_ttaaefs_manager:handle_info/2:668 Initiating schedule at startup SlotInfo {1,5,1} Schedule [{no_check,24},{all_check,0},{day_check,0},{hour_check,0},{range_check,0},{auto_check,0}]
2026-09-11 19:48:22.935119+09:00 [info] <0.410.0>@riak_kv_ttaaefs_manager:handle_info/2:686 Scheduling work_item=no_check in 742 seconds 23 items to run in schedule
2026-09-11 19:48:22.941398+09:00 [info] <0.411.0>@riak_kv_replrtq_src:handle_info/2:646 QueueName=q1_ttaaefs has queue sizes p1=0 p2=0 p3=0
2026-09-11 19:48:22.951495+09:00 [info] <0.414.0>@riak_kv_overflow_queue:log/5:129 riak_kv_reaper job_id=0 has attempts=0 aborts=0 Queue lengths queue_p2=0 queue_p1=0 Overflow lengths overflow_p2=0 overflow_p1=0 Discard counts discard_p2=0 discard_p1=0
2026-09-11 19:48:22.953614+09:00 [info] <0.415.0>@riak_kv_overflow_queue:log/5:129 riak_kv_eraser job_id=0 has attempts=0 aborts=0 Queue lengths queue_p2=0 queue_p1=0 Overflow lengths overflow_p2=0 overflow_p1=0 Discard counts discard_p2=0 discard_p1=0
2026-09-11 19:48:22.956291+09:00 [info] <0.416.0>@riak_kv_overflow_queue:log/5:129 riak_kv_reader job_id=0 has attempts=0 aborts=0 Queue lengths queue_p2=0 queue_p1=0 Overflow lengths overflow_p2=0 overflow_p1=0 Discard counts discard_p2=0 discard_p1=0
2026-09-11 19:48:23.961467+09:00 [info] <0.593.0>@riak_core_worker_pool:handle_info/3:257 worker_pool=af1_pool has qlen=0 and no items checked out
2026-09-11 19:48:23.961632+09:00 [info] <0.598.0>@riak_core_worker_pool:handle_info/3:257 worker_pool=af2_pool has qlen=0 and no items checked out
2026-09-11 19:48:23.962433+09:00 [info] <0.602.0>@riak_core_worker_pool:handle_info/3:257 worker_pool=af3_pool has qlen=0 and no items checked out
2026-09-11 19:48:23.962444+09:00 [info] <0.609.0>@riak_core_worker_pool:handle_info/3:257 worker_pool=af4_pool has qlen=0 and no items checked out
2026-09-11 19:48:23.967513+09:00 [info] <0.613.0>@riak_core_worker_pool:handle_info/3:257 worker_pool=be_pool has qlen=0 and no items checked out
2026-09-11 19:48:36.095161+09:00 [info] <0.785.0>@leveled_monitor:handle_cast/2:515 log_ref=b0018 db_id=4 Positive HEAD responses timed with sample_count=0 and cache_count=0 found_count=0 fetch_ledger_time=0 fetch_ledgercache_time=0 rsp_time=0 notfound_time=0 with sample_period=67 seconds
2026-09-11 19:48:54.773885+09:00 [info] <0.411.0>@riak_kv_replrtq_src:handle_info/2:646 QueueName=q1_ttaaefs has queue sizes p1=0 p2=0 p3=0
2026-09-11 19:49:03.906794+09:00 [info] <0.781.0>@leveled_monitor:handle_cast/2:551 log_ref=b0017 db_id=0 Snapshot timing with sample_count=0 and bookie_time=0 pcl_time=0 with sample_period=95 seconds
2026-09-11 19:49:22.776611+09:00 [info] <0.609.0>@riak_core_worker_pool:handle_info/3:257 worker_pool=af4_pool has qlen=0 and no items checked out
2026-09-11 19:49:22.872615+09:00 [info] <0.613.0>@riak_core_worker_pool:handle_info/3:257 worker_pool=be_pool has qlen=0 and no items checked out
2026-09-11 19:49:23.702621+09:00 [info] <0.602.0>@riak_core_worker_pool:handle_info/3:257 worker_pool=af3_pool has qlen=0 and no items checked out
2026-09-11 19:49:24.323077+09:00 [info] <0.593.0>@riak_core_worker_pool:handle_info/3:257 worker_pool=af1_pool has qlen=0 and no items checked out
2026-09-11 19:49:24.981793+09:00 [info] <0.598.0>@riak_core_worker_pool:handle_info/3:257 worker_pool=af2_pool has qlen=0 and no items checked out
2026-09-11 19:49:26.619730+09:00 [info] <0.411.0>@riak_kv_replrtq_src:handle_info/2:646 QueueName=q1_ttaaefs has queue sizes p1=0 p2=0 p3=0
2026-09-11 19:49:26.624736+09:00 [info] <0.414.0>@riak_kv_overflow_queue:log/5:129 riak_kv_reaper job_id=0 has attempts=0 aborts=0 Queue lengths queue_p2=0 queue_p1=0 Overflow lengths overflow_p2=0 overflow_p1=0 Discard counts discard_p2=0 discard_p1=0
2026-09-11 19:49:26.627789+09:00 [info] <0.415.0>@riak_kv_overflow_queue:log/5:129 riak_kv_eraser job_id=0 has attempts=0 aborts=0 Queue lengths queue_p2=0 queue_p1=0 Overflow lengths overflow_p2=0 overflow_p1=0 Discard counts discard_p2=0 discard_p1=0
2026-09-11 19:49:26.629853+09:00 [info] <0.416.0>@riak_kv_overflow_queue:log/5:129 riak_kv_reader job_id=0 has attempts=0 aborts=0 Queue lengths queue_p2=0 queue_p1=0 Overflow lengths overflow_p2=0 overflow_p1=0 Discard counts discard_p2=0 discard_p1=0
2026-09-11 19:49:35.775293+09:00 [info] <0.781.0>@leveled_monitor:handle_cast/2:580 log_ref=p0032 db_id=0 Fetch head timing with sample_count=0 and level timings of foundmem_time=0 found0_time=0 found1_time=0 found2_time=0 found3_time=0 foundlower_time=0 missed_time=0 with counts of foundmem_count=0 found0_count=0 found1_count=0 found2_count=0 found3_count=0 foundlower_count=0 missed_count=0 with sample_period=126 seconds
2026-09-11 19:49:39.809343+09:00 [info] <0.785.0>@leveled_monitor:handle_cast/2:580 log_ref=p0032 db_id=4 Fetch head timing with sample_count=0 and level timings of foundmem_time=0 found0_time=0 found1_time=0 found2_time=0 found3_time=0 foundlower_time=0 missed_time=0 with counts of foundmem_count=0 found0_count=0 found1_count=0 found2_count=0 found3_count=0 foundlower_count=0 missed_count=0 with sample_period=130 seconds
2026-09-11 19:49:58.488269+09:00 [info] <0.411.0>@riak_kv_replrtq_src:handle_info/2:646 QueueName=q1_ttaaefs has queue sizes p1=0 p2=0 p3=0
2026-09-11 19:50:07.583461+09:00 [info] <0.781.0>@leveled_monitor:handle_cast/2:494 log_ref=b0016 db_id=0 Get timing with sample_count=0 and head_time=0 body_time=0 with fetch_count=0 with sample_period=158 seconds
2026-09-11 19:50:11.617479+09:00 [info] <0.785.0>@leveled_monitor:handle_cast/2:494 log_ref=b0016 db_id=4 Get timing with sample_count=0 and head_time=0 body_time=0 with fetch_count=0 with sample_period=162 seconds
2026-09-11 19:50:22.284232+09:00 [info] <0.613.0>@riak_core_worker_pool:handle_info/3:257 worker_pool=be_pool has qlen=0 and no items checked out
2026-09-11 19:50:22.349408+09:00 [info] <0.609.0>@riak_core_worker_pool:handle_info/3:257 worker_pool=af4_pool has qlen=0 and no items checked out
2026-09-11 19:50:23.850383+09:00 [info] <0.602.0>@riak_core_worker_pool:handle_info/3:257 worker_pool=af3_pool has qlen=0 and no items checked out
2026-09-11 19:50:24.593398+09:00 [info] <0.593.0>@riak_core_worker_pool:handle_info/3:257 worker_pool=af1_pool has qlen=0 and no items checked out
2026-09-11 19:50:27.561347+09:00 [info] <0.598.0>@riak_core_worker_pool:handle_info/3:257 worker_pool=af2_pool has qlen=0 and no items checked out
2026-09-11 19:50:30.296415+09:00 [info] <0.411.0>@riak_kv_replrtq_src:handle_info/2:646 QueueName=q1_ttaaefs has queue sizes p1=0 p2=0 p3=0
2026-09-11 19:50:30.300625+09:00 [info] <0.414.0>@riak_kv_overflow_queue:log/5:129 riak_kv_reaper job_id=0 has attempts=0 aborts=0 Queue lengths queue_p2=0 queue_p1=0 Overflow lengths overflow_p2=0 overflow_p1=0 Discard counts discard_p2=0 discard_p1=0
2026-09-11 19:50:30.303383+09:00 [info] <0.415.0>@riak_kv_overflow_queue:log/5:129 riak_kv_eraser job_id=0 has attempts=0 aborts=0 Queue lengths queue_p2=0 queue_p1=0 Overflow lengths overflow_p2=0 overflow_p1=0 Discard counts discard_p2=0 discard_p1=0
2026-09-11 19:50:30.305362+09:00 [info] <0.416.0>@riak_kv_overflow_queue:log/5:129 riak_kv_reader job_id=0 has attempts=0 aborts=0 Queue lengths queue_p2=0 queue_p1=0 Overflow lengths overflow_p2=0 overflow_p1=0 Discard counts discard_p2=0 discard_p1=0
2026-09-11 19:50:39.407360+09:00 [info] <0.781.0>@leveled_monitor:handle_cast/2:625 log_ref=cdb19 db_id=0 Sample timings in microseconds for sample_count=0 with totals of cycle_count=0 index_time=0 read_time=0 with sample_period=190 seconds
2026-09-11 19:50:43.443310+09:00 [info] <0.785.0>@leveled_monitor:handle_cast/2:534 log_ref=b0015 db_id=4 Put timing with sample_count=0 ink_time=0 prep_time=0 mem_time=0 with total_object_size=0 with sample_period=194 seconds
2026-09-11 19:50:49.143018+09:00 [info] <0.4820.0>@supervisor_bridge:report_progress/4:139 Supervisor: {local,inet_gethost_native_sup}. Started: pid=<0.4821.0>,mfa={inet_gethost_native,init,[[]]}.
2026-09-11 19:50:49.143246+09:00 [info] <0.82.0>@supervisor:report_progress/2:1582 Supervisor: {local,kernel_safe_sup}. Started: id=inet_gethost_native_sup,pid=<0.4820.0>.
2026-09-11 19:50:59.792397+09:00 [info] <0.657.0>@riak_repl_app:prep_stop/1:336 Redirecting realtime replication traffic
2026-09-11 19:50:59.797643+09:00 [info] <0.82.0>@supervisor:report_progress/2:1582 Supervisor: {local,kernel_safe_sup}. Started: id=riak_repl2_rtq_proxy,pid=<0.4999.0>.
2026-09-11 19:50:59.797991+09:00 [info] <0.657.0>@riak_repl_app:prep_stop/1:339 Stopping application riak_repl - marked service down.
2026-09-11 19:50:59.802172+09:00 [info] <0.5000.0>@riak_repl_migration:init/0:33 Riak replication migration server started
2026-09-11 19:50:59.802334+09:00 [info] <0.657.0>@riak_repl_app:prep_stop/1:343 Started migration server
2026-09-11 19:50:59.802411+09:00 [info] <0.5000.0>@riak_repl_migration:handle_call/3:37 Realtime Repl queue migration sleeping
2026-09-11 19:50:59.903413+09:00 [info] <0.5000.0>@riak_repl_migration:handle_info/2:50 Queue empty, no replication queue migration required
2026-09-11 19:51:00.765887+09:00 [info] <0.982.0>@riak_repl2_leader:become_leader/2:217 Leader2: 'openriak-kv@node-01.cluster-a.openriak' elected as replication leader
2026-09-11 19:51:00.766437+09:00 [info] <0.1192.0>@riak_core_cluster_mgr:become_leader/2:706 ClusterManager: 'openriak-kv@node-01.cluster-a.openriak' becoming the leader
2026-09-11 19:51:00.905922+09:00 [info] <0.657.0>@riak_repl_app:stop/1:139 Stopped application riak_repl
2026-09-11 19:51:00.911161+09:00 [info] <0.371.0>@riak_kv_app:prep_stop/1:275 Stopping application riak_kv - marked service down.
2026-09-11 19:51:00.911771+09:00 [info] <0.371.0>@riak_kv_app:prep_stop/1:279 Unregistered pb services
2026-09-11 19:51:00.913549+09:00 [info] <0.371.0>@riak_kv_app:prep_stop/1:284 unregistered webmachine routes
2026-09-11 19:51:00.913836+09:00 [info] <0.371.0>@riak_kv_app:prep_stop/1:286 all active put FSMs completed
2026-09-11 19:51:00.914364+09:00 [info] <0.371.0>@riak_kv_app:stop/1:297 Stopped  application riak_kv.
2026-09-11 19:51:00.923663+09:00 [info] <0.789.0>@leveled_inker:handle_call/3:780 log_ref=i0005 db_id=0 Inker closing journal for reason close
2026-09-11 19:51:00.923806+09:00 [info] <0.789.0>@leveled_inker:handle_call/3:782 log_ref=i0006 db_id=0 Close triggered with journal_sqn=5 and manifest_sqn=2
2026-09-11 19:51:00.923697+09:00 [info] <0.792.0>@leveled_inker:handle_call/3:780 log_ref=i0005 db_id=4 Inker closing journal for reason close
2026-09-11 19:51:00.923927+09:00 [info] <0.792.0>@leveled_inker:handle_call/3:782 log_ref=i0006 db_id=4 Close triggered with journal_sqn=0 and manifest_sqn=2
2026-09-11 19:51:00.924006+09:00 [info] <0.792.0>@leveled_inker:shutdown_manifest/1:1036 log_ref=i0007 db_id=4 Inker manifest when closing is:
2026-09-11 19:51:00.923888+09:00 [info] <0.789.0>@leveled_inker:shutdown_manifest/1:1036 log_ref=i0007 db_id=0 Inker manifest when closing is:
2026-09-11 19:51:00.924196+09:00 [info] <0.818.0>@leveled_pclerk:terminate/2:178 log_ref=pc005 db_id=0 Penciller's Clerk <0.818.0> shutdown now complete for reason normal
2026-09-11 19:51:00.924321+09:00 [info] <0.830.0>@leveled_pclerk:terminate/2:178 log_ref=pc005 db_id=4 Penciller's Clerk <0.830.0> shutdown now complete for reason normal
2026-09-11 19:51:00.924376+09:00 [info] <0.817.0>@leveled_penciller:handle_call/3:1068 log_ref=p0008 db_id=0 Penciller closing for reason close
2026-09-11 19:51:00.924475+09:00 [info] <0.817.0>@leveled_penciller:handle_call/3:1084 log_ref=p0010 db_id=0 level zero discarded_count=0 on close of Penciller
2026-09-11 19:51:00.924416+09:00 [info] <0.829.0>@leveled_penciller:handle_call/3:1068 log_ref=p0008 db_id=4 Penciller closing for reason close
2026-09-11 19:51:00.924641+09:00 [info] <0.778.0>@leveled_bookie:terminate/2:1803 log_ref=b0003 db_id=0 Bookie closing for reason normal
2026-09-11 19:51:00.924583+09:00 [info] <0.829.0>@leveled_penciller:handle_call/3:1084 log_ref=p0010 db_id=4 level zero discarded_count=0 on close of Penciller
2026-09-11 19:51:00.924798+09:00 [info] <0.774.0>@leveled_bookie:terminate/2:1803 log_ref=b0003 db_id=4 Bookie closing for reason normal
2026-09-11 19:51:00.973078+09:00 [info] <0.874.0>@aae_treecache:save_to_disk/3:403 log_ref=c0003 Saving tree cache to path /var/lib/riak/tictac_aae/0/aaetree/0_3/ and filename 1.pnd
2026-09-11 19:51:00.973492+09:00 [info] <0.873.0>@aae_treecache:save_to_disk/3:403 log_ref=c0003 Saving tree cache to path /var/lib/riak/tictac_aae/730750818665451459101842416358141509827966271488/aaetree/730750818665451459101842416358141509827966271488_3/ and filename 1.pnd
2026-09-11 19:51:01.014020+09:00 [info] <0.865.0>@aae_treecache:save_to_disk/3:403 log_ref=c0003 Saving tree cache to path /var/lib/riak/tictac_aae/730750818665451459101842416358141509827966271488/aaetree/548063113999088594326381812268606132370974703616_3/ and filename 1.pnd
2026-09-11 19:51:01.014840+09:00 [info] <0.866.0>@aae_treecache:save_to_disk/3:403 log_ref=c0003 Saving tree cache to path /var/lib/riak/tictac_aae/0/aaetree/1278813932664540053428224228626747642198940975104_3/ and filename 1.pnd
2026-09-11 19:51:01.038843+09:00 [info] <0.4999.0>@riak_repl2_rtq_proxy:handle_info/2:94 rtq proxy target 'openriak-kv@node-02.cluster-a.openriak' is down
2026-09-11 19:51:01.059734+09:00 [info] <0.860.0>@aae_treecache:save_to_disk/3:403 log_ref=c0003 Saving tree cache to path /var/lib/riak/tictac_aae/0/aaetree/1096126227998177188652763624537212264741949407232_3/ and filename 1.pnd
2026-09-11 19:51:01.059926+09:00 [info] <0.859.0>@aae_treecache:save_to_disk/3:403 log_ref=c0003 Saving tree cache to path /var/lib/riak/tictac_aae/730750818665451459101842416358141509827966271488/aaetree/365375409332725729550921208179070754913983135744_3/ and filename 1.pnd
2026-09-11 19:51:01.061733+09:00 [info] <0.211.0>@riak_core_app:stop/1:118 Stopped  application riak_core.
