2026-09-11 18:35:21.719582+09:00 [info] <0.44.0>@application_controller:info_started/2:2130 Application: kernel. Started at: 'openriak-kv@node-01.cluster-a.openriak'.
2026-09-11 18:35:21.723551+09:00 [info] <0.44.0>@application_controller:info_started/2:2130 Application: stdlib. Started at: 'openriak-kv@node-01.cluster-a.openriak'.
2026-09-11 18:35:21.723675+09:00 [info] <0.44.0>@application_controller:info_started/2:2130 Application: asn1. Started at: 'openriak-kv@node-01.cluster-a.openriak'.
2026-09-11 18:35:21.723796+09:00 [info] <0.44.0>@application_controller:info_started/2:2130 Application: crypto. Started at: 'openriak-kv@node-01.cluster-a.openriak'.
2026-09-11 18:35:21.723882+09:00 [info] <0.44.0>@application_controller:info_started/2:2130 Application: public_key. Started at: 'openriak-kv@node-01.cluster-a.openriak'.
2026-09-11 18:35:21.726365+09:00 [info] <0.77.0>@supervisor:report_progress/2:1582 Supervisor: {local,logger_sup}. Started: id=ssl_handler,pid=<0.96.0>.
2026-09-11 18:35:21.729645+09:00 [info] <0.99.0>@supervisor:report_progress/2:1582 Supervisor: {local,ssl_admin_sup}. Started: id=ssl_pem_cache,pid=<0.100.0>.
2026-09-11 18:35:21.732578+09:00 [info] <0.99.0>@supervisor:report_progress/2:1582 Supervisor: {local,ssl_admin_sup}. Started: id=ssl_manager,pid=<0.101.0>.
2026-09-11 18:35:21.733564+09:00 [info] <0.99.0>@supervisor:report_progress/2:1582 Supervisor: {local,ssl_admin_sup}. Started: id=tls_client_ticket_store,pid=<0.102.0>.
2026-09-11 18:35:21.733663+09:00 [info] <0.98.0>@supervisor:report_progress/2:1582 Supervisor: {local,ssl_sup}. Started: id=ssl_admin_sup,pid=<0.99.0>.
2026-09-11 18:35:21.734996+09:00 [info] <0.104.0>@supervisor:report_progress/2:1582 Supervisor: {local,tls_sup}. Started: id=tls_connection_sup,pid=<0.105.0>.
2026-09-11 18:35:21.735948+09:00 [info] <0.106.0>@supervisor:report_progress/2:1582 Supervisor: {local,tls_server_sup}. Started: id=ssl_listen_tracker_sup,pid=<0.107.0>.
2026-09-11 18:35:21.736481+09:00 [info] <0.106.0>@supervisor:report_progress/2:1582 Supervisor: {local,tls_server_sup}. Started: id=tls_server_session_ticket,pid=<0.108.0>.
2026-09-11 18:35:21.736972+09:00 [info] <0.106.0>@supervisor:report_progress/2:1582 Supervisor: {local,tls_server_sup}. Started: id=ssl_server_session_cache_sup,pid=<0.109.0>.
2026-09-11 18:35:21.737510+09:00 [info] <0.106.0>@supervisor:report_progress/2:1582 Supervisor: {local,tls_server_sup}. Started: id=ssl_upgrade_server_session_cache_sup,pid=<0.110.0>.
2026-09-11 18:35:21.737618+09:00 [info] <0.104.0>@supervisor:report_progress/2:1582 Supervisor: {local,tls_sup}. Started: id=tls_server_sup,pid=<0.106.0>.
2026-09-11 18:35:21.737694+09:00 [info] <0.103.0>@supervisor:report_progress/2:1582 Supervisor: {local,ssl_connection_sup}. Started: id=tls_sup,pid=<0.104.0>.
2026-09-11 18:35:21.738660+09:00 [info] <0.111.0>@supervisor:report_progress/2:1582 Supervisor: {local,dtls_sup}. Started: id=dtls_connection_sup,pid=<0.112.0>.
2026-09-11 18:35:21.739639+09:00 [info] <0.113.0>@supervisor:report_progress/2:1582 Supervisor: {local,dtls_server_sup}. Started: id=dtls_listener_sup,pid=<0.114.0>.
2026-09-11 18:35:21.740152+09:00 [info] <0.113.0>@supervisor:report_progress/2:1582 Supervisor: {local,dtls_server_sup}. Started: id=dtls_server_session_cache_sup,pid=<0.115.0>.
2026-09-11 18:35:21.740239+09:00 [info] <0.111.0>@supervisor:report_progress/2:1582 Supervisor: {local,dtls_sup}. Started: id=dtls_server_sup,pid=<0.113.0>.
2026-09-11 18:35:21.740328+09:00 [info] <0.103.0>@supervisor:report_progress/2:1582 Supervisor: {local,ssl_connection_sup}. Started: id=dtls_sup,pid=<0.111.0>.
2026-09-11 18:35:21.740403+09:00 [info] <0.98.0>@supervisor:report_progress/2:1582 Supervisor: {local,ssl_sup}. Started: id=ssl_connection_sup,pid=<0.103.0>.
2026-09-11 18:35:21.740507+09:00 [info] <0.44.0>@application_controller:info_started/2:2130 Application: ssl. Started at: 'openriak-kv@node-01.cluster-a.openriak'.
2026-09-11 18:35:21.740674+09:00 [info] <0.44.0>@application_controller:info_started/2:2130 Application: hut. Started at: 'openriak-kv@node-01.cluster-a.openriak'.
2026-09-11 18:35:21.742362+09:00 [info] <0.120.0>@supervisor:report_progress/2:1582 Supervisor: {local,setup_sup}. Started: id=setup_srv,pid=<0.121.0>.
2026-09-11 18:35:21.745998+09:00 [notice] <0.121.0>@: Setup running ...
2026-09-11 18:35:21.747372+09:00 [notice] <0.121.0>@: Directories verified. Res = ok
2026-09-11 18:35:21.748747+09:00 [notice] <0.121.0>@: Setup finished processing hooks (Mode=normal)...
2026-09-11 18:35:21.748868+09:00 [info] <0.44.0>@application_controller:info_started/2:2130 Application: setup. Started at: 'openriak-kv@node-01.cluster-a.openriak'.
2026-09-11 18:35:21.749029+09:00 [info] <0.44.0>@application_controller:info_started/2:2130 Application: syntax_tools. Started at: 'openriak-kv@node-01.cluster-a.openriak'.
2026-09-11 18:35:21.749196+09:00 [info] <0.44.0>@application_controller:info_started/2:2130 Application: compiler. Started at: 'openriak-kv@node-01.cluster-a.openriak'.
2026-09-11 18:35:21.749324+09:00 [info] <0.44.0>@application_controller:info_started/2:2130 Application: parse_trans. Started at: 'openriak-kv@node-01.cluster-a.openriak'.
2026-09-11 18:35:21.753673+09:00 [info] <0.128.0>@supervisor:report_progress/2:1582 Supervisor: {local,exometer_core_sup}. Started: id=exometer_admin,pid=<0.129.0>.
2026-09-11 18:35:21.754563+09:00 [info] <0.128.0>@supervisor:report_progress/2:1582 Supervisor: {local,exometer_core_sup}. Started: id=exometer_cache,pid=<0.130.0>.
2026-09-11 18:35:21.757291+09:00 [info] <0.128.0>@supervisor:report_progress/2:1582 Supervisor: {local,exometer_core_sup}. Started: id=exometer_report,pid=<0.131.0>.
2026-09-11 18:35:21.757923+09:00 [info] <0.128.0>@supervisor:report_progress/2:1582 Supervisor: {local,exometer_core_sup}. Started: id=exometer_report_logger_sup,pid=<0.132.0>.
2026-09-11 18:35:21.759735+09:00 [info] <0.128.0>@supervisor:report_progress/2:1582 Supervisor: {local,exometer_core_sup}. Started: id=exometer_alias,pid=<0.133.0>.
2026-09-11 18:35:21.760076+09:00 [info] <0.131.0>@exometer_report:do_start_reporters/1:695 Starting reporters with []
2026-09-11 18:35:21.760333+09:00 [info] <0.44.0>@application_controller:info_started/2:2130 Application: exometer_core. Started at: 'openriak-kv@node-01.cluster-a.openriak'.
2026-09-11 18:35:21.765178+09:00 [info] <0.138.0>@supervisor:report_progress/2:1582 Supervisor: {local,sasl_safe_sup}. Started: id=alarm_handler,pid=<0.139.0>.
2026-09-11 18:35:21.765331+09:00 [info] <0.137.0>@supervisor:report_progress/2:1582 Supervisor: {local,sasl_sup}. Started: id=sasl_safe_sup,pid=<0.138.0>.
2026-09-11 18:35:21.775394+09:00 [info] <0.137.0>@supervisor:report_progress/2:1582 Supervisor: {local,sasl_sup}. Started: id=release_handler,pid=<0.141.0>.
2026-09-11 18:35:21.775575+09:00 [info] <0.44.0>@application_controller:info_started/2:2130 Application: sasl. Started at: 'openriak-kv@node-01.cluster-a.openriak'.
2026-09-11 18:35:21.777961+09:00 [info] <0.49.0>@supervisor:report_progress/2:1582 Supervisor: {local,kernel_sup}. Started: id=timer_server,pid=<0.148.0>.
2026-09-11 18:35:21.778081+09:00 [info] <0.146.0>@supervisor:report_progress/2:1582 Supervisor: {local,riak_sysmon_sup}. Started: id=riak_sysmon_filter,pid=<0.147.0>.
2026-09-11 18:35:21.778183+09:00 [info] <0.146.0>@supervisor:report_progress/2:1582 Supervisor: {local,riak_sysmon_sup}. Started: id=riak_sysmon_mgr,pid=<0.150.0>.
2026-09-11 18:35:21.778269+09:00 [info] <0.44.0>@application_controller:info_started/2:2130 Application: riak_sysmon. Started at: 'openriak-kv@node-01.cluster-a.openriak'.
2026-09-11 18:35:21.781353+09:00 [info] <0.154.0>@supervisor:report_progress/2:1582 Supervisor: {local,os_mon_sup}. Started: id=disksup,pid=<0.155.0>.
2026-09-11 18:35:21.783363+09:00 [info] <0.154.0>@supervisor:report_progress/2:1582 Supervisor: {local,os_mon_sup}. Started: id=memsup,pid=<0.156.0>.
2026-09-11 18:35:21.786423+09:00 [info] <0.154.0>@supervisor:report_progress/2:1582 Supervisor: {local,os_mon_sup}. Started: id=cpu_sup,pid=<0.158.0>.
2026-09-11 18:35:21.786642+09:00 [info] <0.44.0>@application_controller:info_started/2:2130 Application: os_mon. Started at: 'openriak-kv@node-01.cluster-a.openriak'.
2026-09-11 18:35:21.786926+09:00 [info] <0.44.0>@application_controller:info_started/2:2130 Application: observer. Started at: 'openriak-kv@node-01.cluster-a.openriak'.
2026-09-11 18:35:21.792420+09:00 [info] <0.165.0>@supervisor:report_progress/2:1582 Supervisor: {local,runtime_tools_sup}. Started: id=ttb_autostart,pid=<0.166.0>.
2026-09-11 18:35:21.792558+09:00 [info] <0.44.0>@application_controller:info_started/2:2130 Application: runtime_tools. Started at: 'openriak-kv@node-01.cluster-a.openriak'.
2026-09-11 18:35:21.792716+09:00 [info] <0.44.0>@application_controller:info_started/2:2130 Application: xmerl. Started at: 'openriak-kv@node-01.cluster-a.openriak'.
2026-09-11 18:35:21.801416+09:00 [info] <0.173.0>@supervisor:report_progress/2:1582 Supervisor: {local,httpc_profile_sup}. Started: id=httpc_manager,pid=<0.174.0>.
2026-09-11 18:35:21.801562+09:00 [info] <0.172.0>@supervisor:report_progress/2:1582 Supervisor: {local,httpc_sup}. Started: id=httpc_profile_sup,pid=<0.173.0>.
2026-09-11 18:35:21.802103+09:00 [info] <0.172.0>@supervisor:report_progress/2:1582 Supervisor: {local,httpc_sup}. Started: id=httpc_handler_sup,pid=<0.175.0>.
2026-09-11 18:35:21.802191+09:00 [info] <0.171.0>@supervisor:report_progress/2:1582 Supervisor: {local,inets_sup}. Started: id=httpc_sup,pid=<0.172.0>.
2026-09-11 18:35:21.803088+09:00 [info] <0.171.0>@supervisor:report_progress/2:1582 Supervisor: {local,inets_sup}. Started: id=httpd_sup,pid=<0.176.0>.
2026-09-11 18:35:21.803198+09:00 [info] <0.44.0>@application_controller:info_started/2:2130 Application: inets. Started at: 'openriak-kv@node-01.cluster-a.openriak'.
2026-09-11 18:35:21.803395+09:00 [info] <0.44.0>@application_controller:info_started/2:2130 Application: mochiweb. Started at: 'openriak-kv@node-01.cluster-a.openriak'.
2026-09-11 18:35:21.806055+09:00 [info] <0.181.0>@supervisor:report_progress/2:1582 Supervisor: {local,webmachine_sup}. Started: id=webmachine_logger,pid=<0.182.0>.
2026-09-11 18:35:21.806660+09:00 [info] <0.181.0>@supervisor:report_progress/2:1582 Supervisor: {local,webmachine_sup}. Started: id=webmachine_logger_watcher_sup,pid=<0.183.0>.
2026-09-11 18:35:21.807500+09:00 [info] <0.181.0>@supervisor:report_progress/2:1582 Supervisor: {local,webmachine_sup}. Started: id=webmachine_router,pid=<0.184.0>.
2026-09-11 18:35:21.807627+09:00 [info] <0.44.0>@application_controller:info_started/2:2130 Application: webmachine. Started at: 'openriak-kv@node-01.cluster-a.openriak'.
2026-09-11 18:35:21.807833+09:00 [info] <0.44.0>@application_controller:info_started/2:2130 Application: basho_stats. Started at: 'openriak-kv@node-01.cluster-a.openriak'.
2026-09-11 18:35:21.810394+09:00 [info] <0.189.0>@supervisor:report_progress/2:1582 Supervisor: {local,bitcask_sup}. Started: id=bitcask_merge_worker,pid=<0.190.0>.
2026-09-11 18:35:21.811277+09:00 [info] <0.189.0>@supervisor:report_progress/2:1582 Supervisor: {local,bitcask_sup}. Started: id=bitcask_merge_delete,pid=<0.191.0>.
2026-09-11 18:35:21.811370+09:00 [info] <0.44.0>@application_controller:info_started/2:2130 Application: bitcask. Started at: 'openriak-kv@node-01.cluster-a.openriak'.
2026-09-11 18:35:21.811557+09:00 [info] <0.44.0>@application_controller:info_started/2:2130 Application: getopt. Started at: 'openriak-kv@node-01.cluster-a.openriak'.
2026-09-11 18:35:21.811682+09:00 [info] <0.44.0>@application_controller:info_started/2:2130 Application: cuttlefish. Started at: 'openriak-kv@node-01.cluster-a.openriak'.
2026-09-11 18:35:21.818233+09:00 [info] <0.197.0>@supervisor:report_progress/2:1582 Supervisor: {local,clique_sup}. Started: id=clique_manager,pid=<0.198.0>.
2026-09-11 18:35:21.818384+09:00 [info] <0.44.0>@application_controller:info_started/2:2130 Application: clique. Started at: 'openriak-kv@node-01.cluster-a.openriak'.
2026-09-11 18:35:21.818548+09:00 [info] <0.44.0>@application_controller:info_started/2:2130 Application: eleveldb. Started at: 'openriak-kv@node-01.cluster-a.openriak'.
2026-09-11 18:35:21.818744+09:00 [info] <0.44.0>@application_controller:info_started/2:2130 Application: pbkdf2. Started at: 'openriak-kv@node-01.cluster-a.openriak'.
2026-09-11 18:35:21.818887+09:00 [info] <0.44.0>@application_controller:info_started/2:2130 Application: poolboy. Started at: 'openriak-kv@node-01.cluster-a.openriak'.
2026-09-11 18:35:21.822079+09:00 [info] <0.44.0>@application_controller:info_started/2:2130 Application: cluster_info. Started at: 'openriak-kv@node-01.cluster-a.openriak'.
2026-09-11 18:35:21.837204+09:00 [info] <0.209.0>@supervisor:report_progress/2:1582 Supervisor: {local,riak_core_sup}. Started: id=riak_core_bg_manager,pid=<0.210.0>.
2026-09-11 18:35:21.838841+09:00 [info] <0.209.0>@supervisor:report_progress/2:1582 Supervisor: {local,riak_core_sup}. Started: id=riak_core_sysmon_minder,pid=<0.211.0>.
2026-09-11 18:35:21.839489+09:00 [info] <0.209.0>@supervisor:report_progress/2:1582 Supervisor: {local,riak_core_sup}. Started: id=riak_core_vnode_sup,pid=<0.212.0>.
2026-09-11 18:35:21.840220+09:00 [info] <0.209.0>@supervisor:report_progress/2:1582 Supervisor: {local,riak_core_sup}. Started: id=riak_core_eventhandler_sup,pid=<0.213.0>.
2026-09-11 18:35:21.841082+09:00 [info] <0.209.0>@supervisor:report_progress/2:1582 Supervisor: {local,riak_core_sup}. Started: id=riak_core_dist_mon,pid=<0.214.0>.
2026-09-11 18:35:21.842238+09:00 [info] <0.215.0>@supervisor:report_progress/2:1582 Supervisor: {local,riak_core_handoff_sup}. Started: id=riak_core_handoff_receiver_sup,pid=<0.216.0>.
2026-09-11 18:35:21.842923+09:00 [info] <0.215.0>@supervisor:report_progress/2:1582 Supervisor: {local,riak_core_handoff_sup}. Started: id=riak_core_handoff_sender_sup,pid=<0.217.0>.
2026-09-11 18:35:21.847563+09:00 [info] <0.218.0>@supervisor:report_progress/2:1582 Supervisor: {local,riak_core_handoff_listener_sup}. Started: id=riak_core_handoff_listener,pid=<0.219.0>.
2026-09-11 18:35:21.847703+09:00 [info] <0.215.0>@supervisor:report_progress/2:1582 Supervisor: {local,riak_core_handoff_sup}. Started: id=riak_core_handoff_listener_sup,pid=<0.218.0>.
2026-09-11 18:35:21.851036+09:00 [info] <0.215.0>@supervisor:report_progress/2:1582 Supervisor: {local,riak_core_handoff_sup}. Started: id=riak_core_handoff_manager,pid=<0.221.0>.
2026-09-11 18:35:21.851159+09:00 [info] <0.209.0>@supervisor:report_progress/2:1582 Supervisor: {local,riak_core_sup}. Started: id=riak_core_handoff_sup,pid=<0.215.0>.
2026-09-11 18:35:21.851992+09:00 [info] <0.209.0>@supervisor:report_progress/2:1582 Supervisor: {local,riak_core_sup}. Started: id=riak_core_ring_events,pid=<0.222.0>.
2026-09-11 18:35:21.964293+09:00 [warning] <0.223.0>@riak_core_ring_manager:reload_ring/1:388 No ring file available.
2026-09-11 18:35:21.975758+09:00 [info] <0.209.0>@supervisor:report_progress/2:1582 Supervisor: {local,riak_core_sup}. Started: id=riak_core_ring_manager,pid=<0.223.0>.
2026-09-11 18:35:21.985296+09:00 [info] <0.82.0>@supervisor:report_progress/2:1582 Supervisor: {local,kernel_safe_sup}. Started: id=dets_sup,pid=<0.227.0>.
2026-09-11 18:35:21.985483+09:00 [info] <0.82.0>@supervisor:report_progress/2:1582 Supervisor: {local,kernel_safe_sup}. Started: id=dets,pid=<0.228.0>.
2026-09-11 18:35:21.995084+09:00 [info] <0.209.0>@supervisor:report_progress/2:1582 Supervisor: {local,riak_core_sup}. Started: id=riak_core_metadata_manager,pid=<0.226.0>.
2026-09-11 18:35:22.048891+09:00 [info] <0.209.0>@supervisor:report_progress/2:1582 Supervisor: {local,riak_core_sup}. Started: id=riak_core_metadata_hashtree,pid=<0.231.0>.
2026-09-11 18:35:22.053669+09:00 [info] <0.209.0>@supervisor:report_progress/2:1582 Supervisor: {local,riak_core_sup}. Started: id=riak_core_broadcast,pid=<0.234.0>.
2026-09-11 18:35:22.055776+09:00 [info] <0.209.0>@supervisor:report_progress/2:1582 Supervisor: {local,riak_core_sup}. Started: id=riak_core_vnode_proxy_sup,pid=<0.235.0>.
2026-09-11 18:35:22.057870+09:00 [info] <0.209.0>@supervisor:report_progress/2:1582 Supervisor: {local,riak_core_sup}. Started: id=riak_core_node_watcher_events,pid=<0.236.0>.
2026-09-11 18:35:22.063599+09:00 [info] <0.209.0>@supervisor:report_progress/2:1582 Supervisor: {local,riak_core_sup}. Started: id=riak_core_node_watcher,pid=<0.237.0>.
2026-09-11 18:35:22.071135+09:00 [info] <0.209.0>@supervisor:report_progress/2:1582 Supervisor: {local,riak_core_sup}. Started: id=riak_core_vnode_manager,pid=<0.238.0>.
2026-09-11 18:35:22.075625+09:00 [info] <0.209.0>@supervisor:report_progress/2:1582 Supervisor: {local,riak_core_sup}. Started: id=riak_core_capability,pid=<0.239.0>.
2026-09-11 18:35:22.075950+09:00 [info] <0.209.0>@supervisor:report_progress/2:1582 Supervisor: {local,riak_core_sup}. Started: id=riak_core_gossip,pid=<0.240.0>.
2026-09-11 18:35:22.083719+09:00 [info] <0.209.0>@supervisor:report_progress/2:1582 Supervisor: {local,riak_core_sup}. Started: id=riak_core_claimant,pid=<0.241.0>.
2026-09-11 18:35:22.087426+09:00 [info] <0.209.0>@supervisor:report_progress/2:1582 Supervisor: {local,riak_core_sup}. Started: id=riak_core_table_owner,pid=<0.242.0>.
2026-09-11 18:35:22.092246+09:00 [info] <0.244.0>@supervisor:report_progress/2:1582 Supervisor: {local,riak_core_stats_sup}. Started: id=riak_core_stat_cache,pid=<0.245.0>.
2026-09-11 18:35:22.092509+09:00 [info] <0.243.0>@supervisor:report_progress/2:1582 Supervisor: {local,riak_core_stat_sup}. Started: id=riak_core_stats_sup,pid=<0.244.0>.
2026-09-11 18:35:22.092714+09:00 [info] <0.209.0>@supervisor:report_progress/2:1582 Supervisor: {local,riak_core_sup}. Started: id=riak_core_stat_sup,pid=<0.243.0>.
2026-09-11 18:35:22.094376+09:00 [info] <0.209.0>@supervisor:report_progress/2:1582 Supervisor: {local,riak_core_sup}. Started: id=riak_core_node_worker_pool_sup,pid=<0.246.0>.
2026-09-11 18:35:22.140862+09:00 [info] <0.244.0>@supervisor:report_progress/2:1582 Supervisor: {local,riak_core_stats_sup}. Started: id=riak_core_stat,pid=<0.247.0>.
2026-09-11 18:35:22.147618+09:00 [info] <0.213.0>@supervisor:report_progress/2:1582 Supervisor: {local,riak_core_eventhandler_sup}. Started: id={riak_core_ring_events,riak_core_ring_handler},pid=<0.270.0>.
2026-09-11 18:35:22.148039+09:00 [info] <0.239.0>@riak_core_capability:process_capability_changes/2:557 New capability: {riak_core,vnode_routing} = proxy
2026-09-11 18:35:22.150087+09:00 [info] <0.239.0>@riak_core_capability:process_capability_changes/2:557 New capability: {riak_core,staged_joins} = true
2026-09-11 18:35:22.152006+09:00 [info] <0.239.0>@riak_core_capability:process_capability_changes/2:557 New capability: {riak_core,resizable_ring} = true
2026-09-11 18:35:22.153748+09:00 [info] <0.239.0>@riak_core_capability:process_capability_changes/2:557 New capability: {riak_core,fold_req_version} = v2
2026-09-11 18:35:22.155469+09:00 [info] <0.239.0>@riak_core_capability:process_capability_changes/2:557 New capability: {riak_core,security} = true
2026-09-11 18:35:22.157217+09:00 [info] <0.239.0>@riak_core_capability:process_capability_changes/2:557 New capability: {riak_core,bucket_types} = true
2026-09-11 18:35:22.159003+09:00 [info] <0.239.0>@riak_core_capability:process_capability_changes/2:557 New capability: {riak_core,net_ticktime} = true
2026-09-11 18:35:22.266853+09:00 [info] <0.44.0>@application_controller:info_started/2:2130 Application: riak_core. Started at: 'openriak-kv@node-01.cluster-a.openriak'.
2026-09-11 18:35:22.269493+09:00 [info] <0.239.0>@riak_core_capability:process_capability_changes/2:557 New capability: {riak_pipe,trace_format} = ordsets
2026-09-11 18:35:22.272073+09:00 [info] <0.274.0>@supervisor:report_progress/2:1582 Supervisor: {local,riak_pipe_sup}. Started: id=riak_pipe_vnode_master,pid=<0.275.0>.
2026-09-11 18:35:22.272953+09:00 [info] <0.274.0>@supervisor:report_progress/2:1582 Supervisor: {local,riak_pipe_sup}. Started: id=riak_pipe_builder_sup,pid=<0.276.0>.
2026-09-11 18:35:22.273797+09:00 [info] <0.274.0>@supervisor:report_progress/2:1582 Supervisor: {local,riak_pipe_sup}. Started: id=riak_pipe_fitting_sup,pid=<0.277.0>.
2026-09-11 18:35:22.274691+09:00 [info] <0.274.0>@supervisor:report_progress/2:1582 Supervisor: {local,riak_pipe_sup}. Started: id=riak_pipe_qcover_sup,pid=<0.278.0>.
2026-09-11 18:35:22.276083+09:00 [info] <0.235.0>@supervisor:report_progress/2:1582 Supervisor: {local,riak_core_vnode_proxy_sup}. Started: id={riak_pipe_vnode,0},pid=<0.279.0>.
2026-09-11 18:35:22.276244+09:00 [info] <0.235.0>@supervisor:report_progress/2:1582 Supervisor: {local,riak_core_vnode_proxy_sup}. Started: id={riak_pipe_vnode,182687704666362864775460604089535377456991567872},pid=<0.280.0>.
2026-09-11 18:35:22.276358+09:00 [info] <0.235.0>@supervisor:report_progress/2:1582 Supervisor: {local,riak_core_vnode_proxy_sup}. Started: id={riak_pipe_vnode,365375409332725729550921208179070754913983135744},pid=<0.281.0>.
2026-09-11 18:35:22.276467+09:00 [info] <0.235.0>@supervisor:report_progress/2:1582 Supervisor: {local,riak_core_vnode_proxy_sup}. Started: id={riak_pipe_vnode,548063113999088594326381812268606132370974703616},pid=<0.282.0>.
2026-09-11 18:35:22.276582+09:00 [info] <0.235.0>@supervisor:report_progress/2:1582 Supervisor: {local,riak_core_vnode_proxy_sup}. Started: id={riak_pipe_vnode,730750818665451459101842416358141509827966271488},pid=<0.283.0>.
2026-09-11 18:35:22.276696+09:00 [info] <0.235.0>@supervisor:report_progress/2:1582 Supervisor: {local,riak_core_vnode_proxy_sup}. Started: id={riak_pipe_vnode,913438523331814323877303020447676887284957839360},pid=<0.284.0>.
2026-09-11 18:35:22.276805+09:00 [info] <0.235.0>@supervisor:report_progress/2:1582 Supervisor: {local,riak_core_vnode_proxy_sup}. Started: id={riak_pipe_vnode,1096126227998177188652763624537212264741949407232},pid=<0.285.0>.
2026-09-11 18:35:22.276905+09:00 [info] <0.235.0>@supervisor:report_progress/2:1582 Supervisor: {local,riak_core_vnode_proxy_sup}. Started: id={riak_pipe_vnode,1278813932664540053428224228626747642198940975104},pid=<0.286.0>.
2026-09-11 18:35:22.278046+09:00 [info] <0.244.0>@supervisor:report_progress/2:1582 Supervisor: {local,riak_core_stats_sup}. Started: id=riak_pipe_stat,pid=<0.287.0>.
2026-09-11 18:35:22.279331+09:00 [info] <0.44.0>@application_controller:info_started/2:2130 Application: riak_pipe. Started at: 'openriak-kv@node-01.cluster-a.openriak'.
2026-09-11 18:35:22.279492+09:00 [info] <0.44.0>@application_controller:info_started/2:2130 Application: tools. Started at: 'openriak-kv@node-01.cluster-a.openriak'.
2026-09-11 18:35:22.279663+09:00 [info] <0.44.0>@application_controller:info_started/2:2130 Application: riak_pb. Started at: 'openriak-kv@node-01.cluster-a.openriak'.
2026-09-11 18:35:22.284266+09:00 [info] <0.295.0>@supervisor:report_progress/2:1582 Supervisor: {local,riak_api_sup}. Started: id=riak_api_pb_registration_helper,pid=<0.296.0>.
2026-09-11 18:35:22.285652+09:00 [info] <0.295.0>@supervisor:report_progress/2:1582 Supervisor: {local,riak_api_sup}. Started: id=riak_api_pb_registrar,pid=<0.297.0>.
2026-09-11 18:35:22.286554+09:00 [info] <0.295.0>@supervisor:report_progress/2:1582 Supervisor: {local,riak_api_sup}. Started: id=riak_api_pb_sup,pid=<0.298.0>.
2026-09-11 18:35:22.286745+09:00 [info] <0.295.0>@supervisor:report_progress/2:1582 Supervisor: {local,riak_api_sup}. Started: id=[112,98,58,47,47,34,48,46,48,46,48,46,48,34,58,56,48,56,55],pid=<0.299.0>.
2026-09-11 18:35:22.295892+09:00 [info] <0.295.0>@supervisor:report_progress/2:1582 Supervisor: {local,riak_api_sup}. Started: id=[104,116,116,112,58,47,47,48,46,48,46,48,46,48,58,56,48,57,56],pid=<0.302.0>.
2026-09-11 18:35:22.296976+09:00 [info] <0.244.0>@supervisor:report_progress/2:1582 Supervisor: {local,riak_core_stats_sup}. Started: id=riak_api_stat,pid=<0.319.0>.
2026-09-11 18:35:22.299095+09:00 [info] <0.44.0>@application_controller:info_started/2:2130 Application: riak_api. Started at: 'openriak-kv@node-01.cluster-a.openriak'.
2026-09-11 18:35:22.300649+09:00 [info] <0.44.0>@application_controller:info_started/2:2130 Application: sidejob. Started at: 'openriak-kv@node-01.cluster-a.openriak'.
2026-09-11 18:35:22.300882+09:00 [info] <0.44.0>@application_controller:info_started/2:2130 Application: riak_dt. Started at: 'openriak-kv@node-01.cluster-a.openriak'.
2026-09-11 18:35:22.301032+09:00 [info] <0.44.0>@application_controller:info_started/2:2130 Application: sext. Started at: 'openriak-kv@node-01.cluster-a.openriak'.
2026-09-11 18:35:22.301220+09:00 [info] <0.44.0>@application_controller:info_started/2:2130 Application: lz4. Started at: 'openriak-kv@node-01.cluster-a.openriak'.
2026-09-11 18:35:22.301346+09:00 [info] <0.44.0>@application_controller:info_started/2:2130 Application: zstd. Started at: 'openriak-kv@node-01.cluster-a.openriak'.
2026-09-11 18:35:22.301498+09:00 [info] <0.44.0>@application_controller:info_started/2:2130 Application: leveled. Started at: 'openriak-kv@node-01.cluster-a.openriak'.
2026-09-11 18:35:22.301625+09:00 [info] <0.44.0>@application_controller:info_started/2:2130 Application: kv_index_tictactree. Started at: 'openriak-kv@node-01.cluster-a.openriak'.
2026-09-11 18:35:22.301773+09:00 [info] <0.44.0>@application_controller:info_started/2:2130 Application: hyper. Started at: 'openriak-kv@node-01.cluster-a.openriak'.
2026-09-11 18:35:22.301878+09:00 [info] <0.44.0>@application_controller:info_started/2:2130 Application: redbug. Started at: 'openriak-kv@node-01.cluster-a.openriak'.
2026-09-11 18:35:22.301989+09:00 [info] <0.44.0>@application_controller:info_started/2:2130 Application: recon. Started at: 'openriak-kv@node-01.cluster-a.openriak'.
2026-09-11 18:35:22.302088+09:00 [info] <0.44.0>@application_controller:info_started/2:2130 Application: riakc. Started at: 'openriak-kv@node-01.cluster-a.openriak'.
2026-09-11 18:35:22.306395+09:00 [info] <0.338.0>@supervisor:report_progress/2:1582 Supervisor: {local,ibrowse_sup}. Started: id=ibrowse,pid=<0.339.0>.
2026-09-11 18:35:22.306569+09:00 [info] <0.44.0>@application_controller:info_started/2:2130 Application: ibrowse. Started at: 'openriak-kv@node-01.cluster-a.openriak'.
2026-09-11 18:35:22.306733+09:00 [info] <0.44.0>@application_controller:info_started/2:2130 Application: rhc. Started at: 'openriak-kv@node-01.cluster-a.openriak'.
2026-09-11 18:35:22.317118+09:00 [info] <0.347.0>@supervisor:report_progress/2:1582 Supervisor: {local,riak_kv_put_fsm_sj_worker_sup}. Started: id=riak_kv_put_fsm_sj_1,pid=<0.348.0>.
2026-09-11 18:35:22.317352+09:00 [info] <0.347.0>@supervisor:report_progress/2:1582 Supervisor: {local,riak_kv_put_fsm_sj_worker_sup}. Started: id=riak_kv_put_fsm_sj_2,pid=<0.349.0>.
2026-09-11 18:35:22.317511+09:00 [info] <0.347.0>@supervisor:report_progress/2:1582 Supervisor: {local,riak_kv_put_fsm_sj_worker_sup}. Started: id=riak_kv_put_fsm_sj_3,pid=<0.350.0>.
2026-09-11 18:35:22.317649+09:00 [info] <0.347.0>@supervisor:report_progress/2:1582 Supervisor: {local,riak_kv_put_fsm_sj_worker_sup}. Started: id=riak_kv_put_fsm_sj_4,pid=<0.351.0>.
2026-09-11 18:35:22.317716+09:00 [info] <0.346.0>@supervisor:report_progress/2:1582 Supervisor: {local,riak_kv_put_fsm_sj}. Started: id=sidejob_worker_sup,pid=<0.347.0>.
2026-09-11 18:35:22.317784+09:00 [info] <0.346.0>@supervisor:report_progress/2:1582 Supervisor: {local,riak_kv_put_fsm_sj}. Started: id=riak_kv_put_fsm_sj_stats,pid=<0.352.0>.
2026-09-11 18:35:22.317845+09:00 [info] <0.324.0>@supervisor:report_progress/2:1582 Supervisor: {local,sidejob_sup}. Started: id=riak_kv_put_fsm_sj,pid=<0.346.0>.
2026-09-11 18:35:22.319940+09:00 [info] <0.355.0>@supervisor:report_progress/2:1582 Supervisor: {local,riak_kv_get_fsm_sj_worker_sup}. Started: id=riak_kv_get_fsm_sj_1,pid=<0.356.0>.
2026-09-11 18:35:22.320153+09:00 [info] <0.355.0>@supervisor:report_progress/2:1582 Supervisor: {local,riak_kv_get_fsm_sj_worker_sup}. Started: id=riak_kv_get_fsm_sj_2,pid=<0.357.0>.
2026-09-11 18:35:22.320289+09:00 [info] <0.355.0>@supervisor:report_progress/2:1582 Supervisor: {local,riak_kv_get_fsm_sj_worker_sup}. Started: id=riak_kv_get_fsm_sj_3,pid=<0.358.0>.
2026-09-11 18:35:22.320400+09:00 [info] <0.355.0>@supervisor:report_progress/2:1582 Supervisor: {local,riak_kv_get_fsm_sj_worker_sup}. Started: id=riak_kv_get_fsm_sj_4,pid=<0.359.0>.
2026-09-11 18:35:22.320460+09:00 [info] <0.354.0>@supervisor:report_progress/2:1582 Supervisor: {local,riak_kv_get_fsm_sj}. Started: id=sidejob_worker_sup,pid=<0.355.0>.
2026-09-11 18:35:22.320560+09:00 [info] <0.354.0>@supervisor:report_progress/2:1582 Supervisor: {local,riak_kv_get_fsm_sj}. Started: id=riak_kv_get_fsm_sj_stats,pid=<0.360.0>.
2026-09-11 18:35:22.320619+09:00 [info] <0.324.0>@supervisor:report_progress/2:1582 Supervisor: {local,sidejob_sup}. Started: id=riak_kv_get_fsm_sj,pid=<0.354.0>.
2026-09-11 18:35:22.324620+09:00 [info] <0.363.0>@supervisor:report_progress/2:1582 Supervisor: {local,riak_kv_stat_sj_worker_sup}. Started: id=riak_kv_stat_sj_1,pid=<0.364.0>.
2026-09-11 18:35:22.324816+09:00 [info] <0.363.0>@supervisor:report_progress/2:1582 Supervisor: {local,riak_kv_stat_sj_worker_sup}. Started: id=riak_kv_stat_sj_2,pid=<0.365.0>.
2026-09-11 18:35:22.324947+09:00 [info] <0.363.0>@supervisor:report_progress/2:1582 Supervisor: {local,riak_kv_stat_sj_worker_sup}. Started: id=riak_kv_stat_sj_3,pid=<0.366.0>.
2026-09-11 18:35:22.325055+09:00 [info] <0.363.0>@supervisor:report_progress/2:1582 Supervisor: {local,riak_kv_stat_sj_worker_sup}. Started: id=riak_kv_stat_sj_4,pid=<0.367.0>.
2026-09-11 18:35:22.325120+09:00 [info] <0.362.0>@supervisor:report_progress/2:1582 Supervisor: {local,riak_kv_stat_sj}. Started: id=sidejob_worker_sup,pid=<0.363.0>.
2026-09-11 18:35:22.325195+09:00 [info] <0.362.0>@supervisor:report_progress/2:1582 Supervisor: {local,riak_kv_stat_sj}. Started: id=riak_kv_stat_sj_stats,pid=<0.368.0>.
2026-09-11 18:35:22.325241+09:00 [info] <0.324.0>@supervisor:report_progress/2:1582 Supervisor: {local,sidejob_sup}. Started: id=riak_kv_stat_sj,pid=<0.362.0>.
2026-09-11 18:35:22.332267+09:00 [info] <0.344.0>@riak_kv_env:doc_env/0:88 Environment and OS variables:
2026-09-11 18:35:22.343715+09:00 [info] <0.344.0>@riak_kv_env:doc_env/0:107 Open files limit: 100000
2026-09-11 18:35:22.343838+09:00 [info] <0.344.0>@riak_kv_env:doc_env/0:107 Core dump size unlimited
2026-09-11 18:35:22.343952+09:00 [warning] <0.344.0>@riak_kv_env:doc_env/0:107 ERTS process limit of 262144 is low, at least 524288 is recommended. Set with riak.conf: erlang.process_limit
2026-09-11 18:35:22.344042+09:00 [info] <0.344.0>@riak_kv_env:doc_env/0:107 ERTS ports limit: 262144
2026-09-11 18:35:22.344112+09:00 [info] <0.344.0>@riak_kv_env:doc_env/0:107 ERTS ETS table limit: 256000
2026-09-11 18:35:22.344172+09:00 [notice] <0.344.0>@riak_kv_env:doc_env/0:107 ERTS thread pool limit of 64 is high, not more than 16 is recommended. Set with riak.conf: erlang.async_threads
2026-09-11 18:35:22.344260+09:00 [info] <0.344.0>@riak_kv_env:doc_env/0:107 ERTS dist buffer busy limit: 33554432
2026-09-11 18:35:22.344342+09:00 [info] <0.344.0>@riak_kv_env:doc_env/0:107 ERTS time warp mode: multi_time_warp
2026-09-11 18:35:22.344414+09:00 [notice] <0.344.0>@riak_kv_env:doc_env/0:107 ERTS fullsweep generations of 0 is low, 16-16384 is recommended. Set with riak.conf: erlang.fullsweep_after
2026-09-11 18:35:22.344514+09:00 [info] <0.344.0>@riak_kv_env:doc_env/0:107 ERTS Schedulers: 4 for 4 CPU cores
2026-09-11 18:35:22.344620+09:00 [notice] <0.344.0>@riak_kv_env:doc_env/0:107 sysctl net.core.netdev_max_backlog is not supported on this platform
2026-09-11 18:35:22.344677+09:00 [notice] <0.344.0>@riak_kv_env:doc_env/0:107 sysctl net.core.rmem_default is not supported on this platform
2026-09-11 18:35:22.344727+09:00 [notice] <0.344.0>@riak_kv_env:doc_env/0:107 sysctl net.core.rmem_max is not supported on this platform
2026-09-11 18:35:22.344788+09:00 [info] <0.344.0>@riak_kv_env:doc_env/0:107 sysctl net.core.somaxconn is 4096, at least 2048
2026-09-11 18:35:22.344889+09:00 [notice] <0.344.0>@riak_kv_env:doc_env/0:107 sysctl net.core.wmem_default is not supported on this platform
2026-09-11 18:35:22.344962+09:00 [notice] <0.344.0>@riak_kv_env:doc_env/0:107 sysctl net.core.wmem_max is not supported on this platform
2026-09-11 18:35:22.345027+09:00 [warning] <0.344.0>@riak_kv_env:doc_env/0:107 sysctl net.ipv4.tcp_fin_timeout is 60, should be not more than 30
2026-09-11 18:35:22.345099+09:00 [info] <0.344.0>@riak_kv_env:doc_env/0:107 sysctl net.ipv4.tcp_keepalive_intvl is 75, not more than 90
2026-09-11 18:35:22.345181+09:00 [warning] <0.344.0>@riak_kv_env:doc_env/0:107 sysctl net.ipv4.tcp_max_syn_backlog is 2048, should be at least 16384
2026-09-11 18:35:22.345252+09:00 [info] <0.344.0>@riak_kv_env:doc_env/0:107 sysctl net.ipv4.tcp_moderate_rcvbuf is 1, equal to 1
2026-09-11 18:35:22.345323+09:00 [info] <0.344.0>@riak_kv_env:doc_env/0:107 sysctl net.ipv4.tcp_sack is 1, equal to 1
2026-09-11 18:35:22.345385+09:00 [info] <0.344.0>@riak_kv_env:doc_env/0:107 sysctl net.ipv4.tcp_timestamps is 1, at least 1
2026-09-11 18:35:22.345441+09:00 [warning] <0.344.0>@riak_kv_env:doc_env/0:107 sysctl net.ipv4.tcp_tw_reuse is 2, should be equal to 1
2026-09-11 18:35:22.345542+09:00 [info] <0.344.0>@riak_kv_env:doc_env/0:107 sysctl net.ipv4.tcp_window_scaling is 1, equal to 1
2026-09-11 18:35:22.345660+09:00 [warning] <0.344.0>@riak_kv_env:doc_env/0:107 sysctl vm.swappiness is 60, should be not more than 10
2026-09-11 18:35:22.354129+09:00 [info] <0.239.0>@riak_core_capability:process_capability_changes/2:557 New capability: {riak_kv,object_hash_version} = 0
2026-09-11 18:35:22.355398+09:00 [info] <0.239.0>@riak_core_capability:process_capability_changes/2:557 New capability: {riak_kv,anti_entropy} = enabled_v1
2026-09-11 18:35:22.356396+09:00 [info] <0.370.0>@riak_core_throttle:enable_throttle/2:121 Enabling throttle for riak_kv/aae_throttle.
2026-09-11 18:35:22.356491+09:00 [info] <0.369.0>@supervisor:report_progress/2:1582 Supervisor: {local,riak_kv_sup}. Started: id=riak_kv_entropy_manager,pid=<0.370.0>.
2026-09-11 18:35:22.363297+09:00 [info] <0.369.0>@supervisor:report_progress/2:1582 Supervisor: {local,riak_kv_sup}. Started: id=riak_kv_ttaaefs_manager,pid=<0.371.0>.
2026-09-11 18:35:22.367478+09:00 [info] <0.369.0>@supervisor:report_progress/2:1582 Supervisor: {local,riak_kv_sup}. Started: id=riak_kv_replrtq_src,pid=<0.372.0>.
2026-09-11 18:35:22.369870+09:00 [info] <0.369.0>@supervisor:report_progress/2:1582 Supervisor: {local,riak_kv_sup}. Started: id=riak_kv_replrtq_snk,pid=<0.373.0>.
2026-09-11 18:35:22.371512+09:00 [info] <0.369.0>@supervisor:report_progress/2:1582 Supervisor: {local,riak_kv_sup}. Started: id=riak_kv_replrtq_peer,pid=<0.374.0>.
2026-09-11 18:35:22.375082+09:00 [info] <0.369.0>@supervisor:report_progress/2:1582 Supervisor: {local,riak_kv_sup}. Started: id=riak_kv_reaper,pid=<0.375.0>.
2026-09-11 18:35:22.376595+09:00 [info] <0.369.0>@supervisor:report_progress/2:1582 Supervisor: {local,riak_kv_sup}. Started: id=riak_kv_eraser,pid=<0.376.0>.
2026-09-11 18:35:22.377984+09:00 [info] <0.369.0>@supervisor:report_progress/2:1582 Supervisor: {local,riak_kv_sup}. Started: id=riak_kv_reader,pid=<0.377.0>.
2026-09-11 18:35:22.380308+09:00 [info] <0.369.0>@supervisor:report_progress/2:1582 Supervisor: {local,riak_kv_sup}. Started: id=riak_kv_token_manager,pid=<0.378.0>.
2026-09-11 18:35:22.380457+09:00 [info] <0.369.0>@supervisor:report_progress/2:1582 Supervisor: {local,riak_kv_sup}. Started: id=riak_kv_vnode_master,pid=<0.379.0>.
2026-09-11 18:35:22.380547+09:00 [info] <0.379.0>@riak_core:wait_for_service/2:498 Waiting for service riak_kv to start (0 seconds)
2026-09-11 18:35:22.383206+09:00 [info] <0.380.0>@supervisor:report_progress/2:1582 Supervisor: {local,riak_kv_w1c_sup}. Started: id=riak_kv_w1c_worker00,pid=<0.381.0>.
2026-09-11 18:35:22.383337+09:00 [info] <0.380.0>@supervisor:report_progress/2:1582 Supervisor: {local,riak_kv_w1c_sup}. Started: id=riak_kv_w1c_worker01,pid=<0.382.0>.
2026-09-11 18:35:22.383416+09:00 [info] <0.380.0>@supervisor:report_progress/2:1582 Supervisor: {local,riak_kv_w1c_sup}. Started: id=riak_kv_w1c_worker02,pid=<0.383.0>.
2026-09-11 18:35:22.383495+09:00 [info] <0.380.0>@supervisor:report_progress/2:1582 Supervisor: {local,riak_kv_w1c_sup}. Started: id=riak_kv_w1c_worker03,pid=<0.384.0>.
2026-09-11 18:35:22.383563+09:00 [info] <0.380.0>@supervisor:report_progress/2:1582 Supervisor: {local,riak_kv_w1c_sup}. Started: id=riak_kv_w1c_worker04,pid=<0.385.0>.
2026-09-11 18:35:22.383629+09:00 [info] <0.380.0>@supervisor:report_progress/2:1582 Supervisor: {local,riak_kv_w1c_sup}. Started: id=riak_kv_w1c_worker05,pid=<0.386.0>.
2026-09-11 18:35:22.383686+09:00 [info] <0.380.0>@supervisor:report_progress/2:1582 Supervisor: {local,riak_kv_w1c_sup}. Started: id=riak_kv_w1c_worker06,pid=<0.387.0>.
2026-09-11 18:35:22.383756+09:00 [info] <0.380.0>@supervisor:report_progress/2:1582 Supervisor: {local,riak_kv_w1c_sup}. Started: id=riak_kv_w1c_worker07,pid=<0.388.0>.
2026-09-11 18:35:22.383817+09:00 [info] <0.369.0>@supervisor:report_progress/2:1582 Supervisor: {local,riak_kv_sup}. Started: id=riak_kv_w1c_sup,pid=<0.380.0>.
2026-09-11 18:35:22.385012+09:00 [info] <0.369.0>@supervisor:report_progress/2:1582 Supervisor: {local,riak_kv_sup}. Started: id=riak_kv_delete_sup,pid=<0.389.0>.
2026-09-11 18:35:22.386491+09:00 [info] <0.369.0>@supervisor:report_progress/2:1582 Supervisor: {local,riak_kv_sup}. Started: id=riak_kv_mrc_sink_sup,pid=<0.390.0>.
2026-09-11 18:35:22.387784+09:00 [info] <0.369.0>@supervisor:report_progress/2:1582 Supervisor: {local,riak_kv_sup}. Started: id=riak_kv_buckets_fsm_sup,pid=<0.391.0>.
2026-09-11 18:35:22.388844+09:00 [info] <0.369.0>@supervisor:report_progress/2:1582 Supervisor: {local,riak_kv_sup}. Started: id=riak_kv_keys_fsm_sup,pid=<0.392.0>.
2026-09-11 18:35:22.389898+09:00 [info] <0.369.0>@supervisor:report_progress/2:1582 Supervisor: {local,riak_kv_sup}. Started: id=riak_kv_index_fsm_sup,pid=<0.393.0>.
2026-09-11 18:35:22.390913+09:00 [info] <0.369.0>@supervisor:report_progress/2:1582 Supervisor: {local,riak_kv_sup}. Started: id=riak_kv_query_sup,pid=<0.394.0>.
2026-09-11 18:35:22.391904+09:00 [info] <0.369.0>@supervisor:report_progress/2:1582 Supervisor: {local,riak_kv_sup}. Started: id=riak_kv_query_filebuffer_sup,pid=<0.395.0>.
2026-09-11 18:35:22.393042+09:00 [info] <0.369.0>@supervisor:report_progress/2:1582 Supervisor: {local,riak_kv_sup}. Started: id=riak_kv_clusteraae_fsm_sup,pid=<0.396.0>.
2026-09-11 18:35:22.394138+09:00 [info] <0.369.0>@supervisor:report_progress/2:1582 Supervisor: {local,riak_kv_sup}. Started: id=riak_kv_hotbackup_fsm_sup,pid=<0.397.0>.
2026-09-11 18:35:22.395788+09:00 [info] <0.369.0>@supervisor:report_progress/2:1582 Supervisor: {local,riak_kv_sup}. Started: id=riak_kv_http_cache,pid=<0.398.0>.
2026-09-11 18:35:22.396001+09:00 [info] <0.239.0>@riak_core_capability:process_capability_changes/2:557 New capability: {riak_kv,vnode_vclocks} = true
2026-09-11 18:35:22.397858+09:00 [info] <0.239.0>@riak_core_capability:process_capability_changes/2:557 New capability: {riak_kv,legacy_keylisting} = false
2026-09-11 18:35:22.399009+09:00 [info] <0.239.0>@riak_core_capability:process_capability_changes/2:557 New capability: {riak_kv,listkeys_backpressure} = true
2026-09-11 18:35:22.400066+09:00 [info] <0.239.0>@riak_core_capability:process_capability_changes/2:557 New capability: {riak_kv,index_backpressure} = true
2026-09-11 18:35:22.401151+09:00 [info] <0.239.0>@riak_core_capability:process_capability_changes/2:557 New capability: {riak_kv,mapred_system} = pipe
2026-09-11 18:35:22.402295+09:00 [info] <0.239.0>@riak_core_capability:process_capability_changes/2:557 New capability: {riak_kv,mapred_2i_pipe} = true
2026-09-11 18:35:22.403471+09:00 [info] <0.239.0>@riak_core_capability:process_capability_changes/2:557 New capability: {riak_kv,handoff_data_encoding} = encode_raw
2026-09-11 18:35:22.405007+09:00 [info] <0.239.0>@riak_core_capability:process_capability_changes/2:557 New capability: {riak_kv,object_format} = v1
2026-09-11 18:35:22.406195+09:00 [info] <0.239.0>@riak_core_capability:process_capability_changes/2:557 New capability: {riak_kv,secondary_index_version} = v3
2026-09-11 18:35:22.407355+09:00 [info] <0.239.0>@riak_core_capability:process_capability_changes/2:557 New capability: {riak_kv,vclock_data_encoding} = encode_zlib
2026-09-11 18:35:22.408522+09:00 [info] <0.239.0>@riak_core_capability:process_capability_changes/2:557 New capability: {riak_kv,crdt} = [pncounter,riak_dt_pncounter,riak_dt_orswot,riak_dt_map,riak_kv_hll,riak_dt_gset]
2026-09-11 18:35:22.409791+09:00 [info] <0.239.0>@riak_core_capability:process_capability_changes/2:557 New capability: {riak_kv,crdt_epoch_versions} = [{riak_dt_map,2},{riak_dt_orswot,2},{riak_dt_pncounter,2},{riak_kv_hll,1},{riak_dt_gset,2}]
2026-09-11 18:35:22.411056+09:00 [info] <0.239.0>@riak_core_capability:process_capability_changes/2:557 New capability: {riak_kv,put_fsm_ack_execute} = enabled
2026-09-11 18:35:22.412252+09:00 [info] <0.239.0>@riak_core_capability:process_capability_changes/2:557 New capability: {riak_kv,get_request_type} = head
2026-09-11 18:35:22.414591+09:00 [info] <0.239.0>@riak_core_capability:process_capability_changes/2:557 New capability: {riak_kv,put_soft_limit} = true
2026-09-11 18:35:22.415830+09:00 [info] <0.239.0>@riak_core_capability:process_capability_changes/2:557 New capability: {riak_kv,tictacaae_prompted_repairs} = true
2026-09-11 18:35:22.417309+09:00 [info] <0.235.0>@supervisor:report_progress/2:1582 Supervisor: {local,riak_core_vnode_proxy_sup}. Started: id={riak_kv_vnode,0},pid=<0.399.0>.
2026-09-11 18:35:22.417503+09:00 [info] <0.235.0>@supervisor:report_progress/2:1582 Supervisor: {local,riak_core_vnode_proxy_sup}. Started: id={riak_kv_vnode,182687704666362864775460604089535377456991567872},pid=<0.400.0>.
2026-09-11 18:35:22.417637+09:00 [info] <0.235.0>@supervisor:report_progress/2:1582 Supervisor: {local,riak_core_vnode_proxy_sup}. Started: id={riak_kv_vnode,365375409332725729550921208179070754913983135744},pid=<0.401.0>.
2026-09-11 18:35:22.417733+09:00 [info] <0.235.0>@supervisor:report_progress/2:1582 Supervisor: {local,riak_core_vnode_proxy_sup}. Started: id={riak_kv_vnode,548063113999088594326381812268606132370974703616},pid=<0.402.0>.
2026-09-11 18:35:22.417842+09:00 [info] <0.235.0>@supervisor:report_progress/2:1582 Supervisor: {local,riak_core_vnode_proxy_sup}. Started: id={riak_kv_vnode,730750818665451459101842416358141509827966271488},pid=<0.403.0>.
2026-09-11 18:35:22.417975+09:00 [info] <0.235.0>@supervisor:report_progress/2:1582 Supervisor: {local,riak_core_vnode_proxy_sup}. Started: id={riak_kv_vnode,913438523331814323877303020447676887284957839360},pid=<0.404.0>.
2026-09-11 18:35:22.418052+09:00 [info] <0.235.0>@supervisor:report_progress/2:1582 Supervisor: {local,riak_core_vnode_proxy_sup}. Started: id={riak_kv_vnode,1096126227998177188652763624537212264741949407232},pid=<0.405.0>.
2026-09-11 18:35:22.418124+09:00 [info] <0.235.0>@supervisor:report_progress/2:1582 Supervisor: {local,riak_core_vnode_proxy_sup}. Started: id={riak_kv_vnode,1278813932664540053428224228626747642198940975104},pid=<0.406.0>.
2026-09-11 18:35:22.431681+09:00 [info] <0.244.0>@supervisor:report_progress/2:1582 Supervisor: {local,riak_core_stats_sup}. Started: id=riak_kv_stat,pid=<0.407.0>.
2026-09-11 18:35:22.451881+09:00 [info] <0.246.0>@riak_core_node_worker_pool:start_link/5:85 Registered worker pool of type af1_pool and size 2
2026-09-11 18:35:22.452023+09:00 [info] <0.246.0>@supervisor:report_progress/2:1582 Supervisor: {local,riak_core_node_worker_pool_sup}. Started: id=af1_pool,pid=<0.549.0>.
2026-09-11 18:35:22.452251+09:00 [info] <0.246.0>@riak_core_node_worker_pool:start_link/5:85 Registered worker pool of type af2_pool and size 1
2026-09-11 18:35:22.452336+09:00 [info] <0.246.0>@supervisor:report_progress/2:1582 Supervisor: {local,riak_core_node_worker_pool_sup}. Started: id=af2_pool,pid=<0.554.0>.
2026-09-11 18:35:22.452594+09:00 [info] <0.246.0>@riak_core_node_worker_pool:start_link/5:85 Registered worker pool of type af3_pool and size 4
2026-09-11 18:35:22.452672+09:00 [info] <0.246.0>@supervisor:report_progress/2:1582 Supervisor: {local,riak_core_node_worker_pool_sup}. Started: id=af3_pool,pid=<0.558.0>.
2026-09-11 18:35:22.452856+09:00 [info] <0.246.0>@riak_core_node_worker_pool:start_link/5:85 Registered worker pool of type af4_pool and size 1
2026-09-11 18:35:22.452935+09:00 [info] <0.246.0>@supervisor:report_progress/2:1582 Supervisor: {local,riak_core_node_worker_pool_sup}. Started: id=af4_pool,pid=<0.565.0>.
2026-09-11 18:35:22.453108+09:00 [info] <0.246.0>@riak_core_node_worker_pool:start_link/5:85 Registered worker pool of type be_pool and size 1
2026-09-11 18:35:22.453188+09:00 [info] <0.246.0>@supervisor:report_progress/2:1582 Supervisor: {local,riak_core_node_worker_pool_sup}. Started: id=be_pool,pid=<0.569.0>.
2026-09-11 18:35:22.467443+09:00 [info] <0.44.0>@application_controller:info_started/2:2130 Application: riak_kv. Started at: 'openriak-kv@node-01.cluster-a.openriak'.
2026-09-11 18:35:22.467699+09:00 [info] <0.44.0>@application_controller:info_started/2:2130 Application: ebloom. Started at: 'openriak-kv@node-01.cluster-a.openriak'.
2026-09-11 18:35:22.467880+09:00 [info] <0.44.0>@application_controller:info_started/2:2130 Application: bear. Started at: 'openriak-kv@node-01.cluster-a.openriak'.
2026-09-11 18:35:22.471060+09:00 [info] <0.578.0>@supervisor:report_progress/2:1582 Supervisor: {local,folsom_sup}. Started: id=folsom_sample_slide_sup,pid=<0.579.0>.
2026-09-11 18:35:22.472236+09:00 [info] <0.578.0>@supervisor:report_progress/2:1582 Supervisor: {local,folsom_sup}. Started: id=folsom_meter_timer_server,pid=<0.580.0>.
2026-09-11 18:35:22.473268+09:00 [info] <0.578.0>@supervisor:report_progress/2:1582 Supervisor: {local,folsom_sup}. Started: id=folsom_metrics_histogram_ets,pid=<0.581.0>.
2026-09-11 18:35:22.474569+09:00 [info] <0.578.0>@supervisor:report_progress/2:1582 Supervisor: {local,folsom_sup}. Started: id=folsom_metrics_spiral,pid=<0.582.0>.
2026-09-11 18:35:22.475861+09:00 [info] <0.578.0>@supervisor:report_progress/2:1582 Supervisor: {local,folsom_sup}. Started: id=folsom_metrics_history,pid=<0.583.0>.
2026-09-11 18:35:22.477115+09:00 [info] <0.578.0>@supervisor:report_progress/2:1582 Supervisor: {local,folsom_sup}. Started: id=folsom_metrics_histogram,pid=<0.584.0>.
2026-09-11 18:35:22.478439+09:00 [info] <0.578.0>@supervisor:report_progress/2:1582 Supervisor: {local,folsom_sup}. Started: id=folsom_metrics_duration,pid=<0.585.0>.
2026-09-11 18:35:22.479841+09:00 [info] <0.578.0>@supervisor:report_progress/2:1582 Supervisor: {local,folsom_sup}. Started: id=folsom_metrics_counter,pid=<0.586.0>.
2026-09-11 18:35:22.480934+09:00 [info] <0.578.0>@supervisor:report_progress/2:1582 Supervisor: {local,folsom_sup}. Started: id=folsom_metrics_gauge,pid=<0.587.0>.
2026-09-11 18:35:22.482408+09:00 [info] <0.578.0>@supervisor:report_progress/2:1582 Supervisor: {local,folsom_sup}. Started: id=folsom_metrics_meter,pid=<0.588.0>.
2026-09-11 18:35:22.483962+09:00 [info] <0.578.0>@supervisor:report_progress/2:1582 Supervisor: {local,folsom_sup}. Started: id=folsom_metrics_meter_reader,pid=<0.589.0>.
2026-09-11 18:35:22.484115+09:00 [info] <0.44.0>@application_controller:info_started/2:2130 Application: folsom. Started at: 'openriak-kv@node-01.cluster-a.openriak'.
2026-09-11 18:35:22.491409+09:00 [info] <0.593.0>@supervisor:report_progress/2:1582 Supervisor: {local,ranch_sup}. Started: id=ranch_server,pid=<0.594.0>.
2026-09-11 18:35:22.491563+09:00 [info] <0.44.0>@application_controller:info_started/2:2130 Application: ranch. Started at: 'openriak-kv@node-01.cluster-a.openriak'.
2026-09-11 18:35:22.494160+09:00 [info] <0.597.0>@riak_core:wait_for_service/2:498 Waiting for service riak_kv to start (0 seconds)
2026-09-11 18:35:32.072130+09:00 [info] <0.238.0>@riak_core_vnode_manager:update_never_started/4:1026 Update never started for Mod riak_kv_vnode with count 8 to be added to 0
2026-09-11 18:35:32.072230+09:00 [info] <0.238.0>@riak_core_vnode_manager:update_never_started/4:1026 Update never started for Mod riak_pipe_vnode with count 8 to be added to 8
2026-09-11 18:35:32.072348+09:00 [info] <0.718.0>@riak_core_vnode_manager:get_vnode/3:733 Will start VNode for partition 0 riak_pipe_vnode
2026-09-11 18:35:32.090840+09:00 [info] <0.718.0>@riak_core_vnode_manager:get_vnode/3:743 VNode initialization ready <0.719.0> 0 riak_pipe_vnode
2026-09-11 18:35:32.091082+09:00 [info] <0.727.0>@riak_core_vnode_manager:get_vnode/3:733 Will start VNode for partition 1096126227998177188652763624537212264741949407232 riak_kv_vnode
2026-09-11 18:35:32.091178+09:00 [info] <0.721.0>@riak_core_vnode_manager:get_vnode/3:733 Will start VNode for partition 0 riak_kv_vnode
2026-09-11 18:35:32.091305+09:00 [info] <0.722.0>@riak_core_vnode_manager:get_vnode/3:733 Will start VNode for partition 182687704666362864775460604089535377456991567872 riak_kv_vnode
2026-09-11 18:35:32.091339+09:00 [info] <0.724.0>@riak_core_vnode_manager:get_vnode/3:733 Will start VNode for partition 548063113999088594326381812268606132370974703616 riak_kv_vnode
2026-09-11 18:35:32.091329+09:00 [info] <0.723.0>@riak_core_vnode_manager:get_vnode/3:733 Will start VNode for partition 365375409332725729550921208179070754913983135744 riak_kv_vnode
2026-09-11 18:35:32.091347+09:00 [info] <0.725.0>@riak_core_vnode_manager:get_vnode/3:733 Will start VNode for partition 730750818665451459101842416358141509827966271488 riak_kv_vnode
2026-09-11 18:35:32.091355+09:00 [info] <0.726.0>@riak_core_vnode_manager:get_vnode/3:733 Will start VNode for partition 913438523331814323877303020447676887284957839360 riak_kv_vnode
2026-09-11 18:35:32.092710+09:00 [info] <0.735.0>@riak_core_vnode_manager:get_vnode/3:733 Will start VNode for partition 1278813932664540053428224228626747642198940975104 riak_kv_vnode
2026-09-11 18:35:32.146280+09:00 [info] <0.773.0>@leveled_inker:open_all_manifest/3:1273 log_ref=i0011 db_id=6 Manifest is empty, starting from manifest SQN 1
2026-09-11 18:35:32.146368+09:00 [info] <0.776.0>@leveled_inker:open_all_manifest/3:1273 log_ref=i0011 db_id=2 Manifest is empty, starting from manifest SQN 1
2026-09-11 18:35:32.146413+09:00 [info] <0.771.0>@leveled_inker:open_all_manifest/3:1273 log_ref=i0011 db_id=1 Manifest is empty, starting from manifest SQN 1
2026-09-11 18:35:32.146275+09:00 [info] <0.775.0>@leveled_inker:open_all_manifest/3:1273 log_ref=i0011 db_id=0 Manifest is empty, starting from manifest SQN 1
2026-09-11 18:35:32.146376+09:00 [info] <0.774.0>@leveled_inker:open_all_manifest/3:1273 log_ref=i0011 db_id=5 Manifest is empty, starting from manifest SQN 1
2026-09-11 18:35:32.146417+09:00 [info] <0.772.0>@leveled_inker:open_all_manifest/3:1273 log_ref=i0011 db_id=3 Manifest is empty, starting from manifest SQN 1
2026-09-11 18:35:32.146460+09:00 [info] <0.778.0>@leveled_inker:open_all_manifest/3:1273 log_ref=i0011 db_id=4 Manifest is empty, starting from manifest SQN 1
2026-09-11 18:35:32.146501+09:00 [info] <0.777.0>@leveled_inker:open_all_manifest/3:1273 log_ref=i0011 db_id=7 Manifest is empty, starting from manifest SQN 1
2026-09-11 18:35:32.159414+09:00 [info] <0.791.0>@leveled_cdb:starting/3:479 log_ref=cdb01 db_id=6 Opening file for writing with filename /var/lib/riak/leveled/1096126227998177188652763624537212264741949407232/journal/journal_files/0_075ecabc-44f7-4b07-be39-34dda2bf6ef7.pnd
2026-09-11 18:35:32.159522+09:00 [info] <0.788.0>@leveled_cdb:starting/3:479 log_ref=cdb01 db_id=4 Opening file for writing with filename /var/lib/riak/leveled/730750818665451459101842416358141509827966271488/journal/journal_files/0_e95f511f-5971-4305-a2fc-f9ea11b6891b.pnd
2026-09-11 18:35:32.159608+09:00 [info] <0.790.0>@leveled_cdb:starting/3:479 log_ref=cdb01 db_id=5 Opening file for writing with filename /var/lib/riak/leveled/913438523331814323877303020447676887284957839360/journal/journal_files/0_d3ec5ca7-08de-4ff6-b441-aa5f824a5914.pnd
2026-09-11 18:35:32.159673+09:00 [info] <0.789.0>@leveled_cdb:starting/3:479 log_ref=cdb01 db_id=3 Opening file for writing with filename /var/lib/riak/leveled/548063113999088594326381812268606132370974703616/journal/journal_files/0_b74baccd-2eb9-4b9d-909f-6846de2c6a7a.pnd
2026-09-11 18:35:32.159917+09:00 [info] <0.792.0>@leveled_cdb:starting/3:479 log_ref=cdb01 db_id=7 Opening file for writing with filename /var/lib/riak/leveled/1278813932664540053428224228626747642198940975104/journal/journal_files/0_244316ed-3a82-4cbf-a892-c733baa1b07f.pnd
2026-09-11 18:35:32.159868+09:00 [info] <0.793.0>@leveled_cdb:starting/3:479 log_ref=cdb01 db_id=0 Opening file for writing with filename /var/lib/riak/leveled/0/journal/journal_files/0_61db06e3-3e53-4e11-9f93-021d5b437464.pnd
2026-09-11 18:35:32.159898+09:00 [info] <0.795.0>@leveled_cdb:starting/3:479 log_ref=cdb01 db_id=2 Opening file for writing with filename /var/lib/riak/leveled/365375409332725729550921208179070754913983135744/journal/journal_files/0_6ba7c6ef-1a01-4e82-8c61-dac150396a79.pnd
2026-09-11 18:35:32.159887+09:00 [info] <0.794.0>@leveled_cdb:starting/3:479 log_ref=cdb01 db_id=1 Opening file for writing with filename /var/lib/riak/leveled/182687704666362864775460604089535377456991567872/journal/journal_files/0_927cab16-cebe-41ee-93bc-cf1828ecc096.pnd
2026-09-11 18:35:32.161311+09:00 [info] <0.775.0>@leveled_inker:build_manifest/3:1242 log_ref=i0009 db_id=0 Updated manifest on startup:
2026-09-11 18:35:32.161466+09:00 [info] <0.777.0>@leveled_inker:build_manifest/3:1242 log_ref=i0009 db_id=7 Updated manifest on startup:
2026-09-11 18:35:32.161606+09:00 [info] <0.772.0>@leveled_inker:build_manifest/3:1242 log_ref=i0009 db_id=3 Updated manifest on startup:
2026-09-11 18:35:32.161541+09:00 [info] <0.776.0>@leveled_inker:build_manifest/3:1242 log_ref=i0009 db_id=2 Updated manifest on startup:
2026-09-11 18:35:32.161587+09:00 [info] <0.778.0>@leveled_inker:build_manifest/3:1242 log_ref=i0009 db_id=4 Updated manifest on startup:
2026-09-11 18:35:32.161606+09:00 [info] <0.771.0>@leveled_inker:build_manifest/3:1242 log_ref=i0009 db_id=1 Updated manifest on startup:
2026-09-11 18:35:32.162479+09:00 [info] <0.773.0>@leveled_inker:build_manifest/3:1242 log_ref=i0009 db_id=6 Updated manifest on startup:
2026-09-11 18:35:32.162505+09:00 [info] <0.774.0>@leveled_inker:build_manifest/3:1242 log_ref=i0009 db_id=5 Updated manifest on startup:
2026-09-11 18:35:32.163256+09:00 [info] <0.775.0>@leveled_imanifest:writer/3:187 log_ref=i0016 db_id=0 Writing new version of manifest for manifestSQN=2
2026-09-11 18:35:32.163384+09:00 [info] <0.771.0>@leveled_imanifest:writer/3:187 log_ref=i0016 db_id=1 Writing new version of manifest for manifestSQN=2
2026-09-11 18:35:32.163500+09:00 [info] <0.777.0>@leveled_imanifest:writer/3:187 log_ref=i0016 db_id=7 Writing new version of manifest for manifestSQN=2
2026-09-11 18:35:32.163715+09:00 [info] <0.778.0>@leveled_imanifest:writer/3:187 log_ref=i0016 db_id=4 Writing new version of manifest for manifestSQN=2
2026-09-11 18:35:32.163875+09:00 [info] <0.776.0>@leveled_imanifest:writer/3:187 log_ref=i0016 db_id=2 Writing new version of manifest for manifestSQN=2
2026-09-11 18:35:32.163998+09:00 [info] <0.772.0>@leveled_imanifest:writer/3:187 log_ref=i0016 db_id=3 Writing new version of manifest for manifestSQN=2
2026-09-11 18:35:32.163682+09:00 [info] <0.774.0>@leveled_imanifest:writer/3:187 log_ref=i0016 db_id=5 Writing new version of manifest for manifestSQN=2
2026-09-11 18:35:32.164109+09:00 [info] <0.773.0>@leveled_imanifest:writer/3:187 log_ref=i0016 db_id=6 Writing new version of manifest for manifestSQN=2
2026-09-11 18:35:32.173006+09:00 [info] <0.796.0>@leveled_pclerk:clerk_new/3:78 log_ref=pc001 db_id=6 Penciller's clerk <0.805.0> started with owner <0.796.0>
2026-09-11 18:35:32.173098+09:00 [info] <0.799.0>@leveled_pclerk:clerk_new/3:78 log_ref=pc001 db_id=7 Penciller's clerk <0.807.0> started with owner <0.799.0>
2026-09-11 18:35:32.173030+09:00 [info] <0.801.0>@leveled_pclerk:clerk_new/3:78 log_ref=pc001 db_id=5 Penciller's clerk <0.804.0> started with owner <0.801.0>
2026-09-11 18:35:32.173224+09:00 [info] <0.803.0>@leveled_pclerk:clerk_new/3:78 log_ref=pc001 db_id=1 Penciller's clerk <0.811.0> started with owner <0.803.0>
2026-09-11 18:35:32.173155+09:00 [info] <0.797.0>@leveled_pclerk:clerk_new/3:78 log_ref=pc001 db_id=4 Penciller's clerk <0.809.0> started with owner <0.797.0>
2026-09-11 18:35:32.173172+09:00 [info] <0.800.0>@leveled_pclerk:clerk_new/3:78 log_ref=pc001 db_id=2 Penciller's clerk <0.806.0> started with owner <0.800.0>
2026-09-11 18:35:32.173142+09:00 [info] <0.798.0>@leveled_pclerk:clerk_new/3:78 log_ref=pc001 db_id=3 Penciller's clerk <0.808.0> started with owner <0.798.0>
2026-09-11 18:35:32.173214+09:00 [info] <0.802.0>@leveled_pclerk:clerk_new/3:78 log_ref=pc001 db_id=0 Penciller's clerk <0.810.0> started with owner <0.802.0>
2026-09-11 18:35:32.179816+09:00 [info] <0.802.0>@leveled_pmanifest:open_manifestfile/2:1180 log_ref=p0013 db_id=0 Seqence number of 0 indicates no valid manifest
2026-09-11 18:35:32.179910+09:00 [info] <0.798.0>@leveled_pmanifest:open_manifestfile/2:1180 log_ref=p0013 db_id=3 Seqence number of 0 indicates no valid manifest
2026-09-11 18:35:32.179999+09:00 [info] <0.803.0>@leveled_pmanifest:open_manifestfile/2:1180 log_ref=p0013 db_id=1 Seqence number of 0 indicates no valid manifest
2026-09-11 18:35:32.180092+09:00 [info] <0.801.0>@leveled_pmanifest:open_manifestfile/2:1180 log_ref=p0013 db_id=5 Seqence number of 0 indicates no valid manifest
2026-09-11 18:35:32.180175+09:00 [info] <0.797.0>@leveled_pmanifest:open_manifestfile/2:1180 log_ref=p0013 db_id=4 Seqence number of 0 indicates no valid manifest
2026-09-11 18:35:32.180248+09:00 [info] <0.799.0>@leveled_pmanifest:open_manifestfile/2:1180 log_ref=p0013 db_id=7 Seqence number of 0 indicates no valid manifest
2026-09-11 18:35:32.180368+09:00 [info] <0.800.0>@leveled_pmanifest:open_manifestfile/2:1180 log_ref=p0013 db_id=2 Seqence number of 0 indicates no valid manifest
2026-09-11 18:35:32.180438+09:00 [info] <0.796.0>@leveled_pmanifest:open_manifestfile/2:1180 log_ref=p0013 db_id=6 Seqence number of 0 indicates no valid manifest
2026-09-11 18:35:32.182860+09:00 [info] <0.798.0>@leveled_penciller:start_from_file/1:1532 log_ref=p0014 db_id=3 Maximum sequence number of 0 found in nonzero levels
2026-09-11 18:35:32.182805+09:00 [info] <0.803.0>@leveled_penciller:start_from_file/1:1532 log_ref=p0014 db_id=1 Maximum sequence number of 0 found in nonzero levels
2026-09-11 18:35:32.182890+09:00 [info] <0.802.0>@leveled_penciller:start_from_file/1:1532 log_ref=p0014 db_id=0 Maximum sequence number of 0 found in nonzero levels
2026-09-11 18:35:32.182962+09:00 [info] <0.803.0>@leveled_penciller:start_from_file/1:1534 log_ref=p0035 db_id=1 Startup with Manifest SQN of 0
2026-09-11 18:35:32.182943+09:00 [info] <0.798.0>@leveled_penciller:start_from_file/1:1534 log_ref=p0035 db_id=3 Startup with Manifest SQN of 0
2026-09-11 18:35:32.183011+09:00 [info] <0.802.0>@leveled_penciller:start_from_file/1:1534 log_ref=p0035 db_id=0 Startup with Manifest SQN of 0
2026-09-11 18:35:32.183100+09:00 [info] <0.799.0>@leveled_penciller:start_from_file/1:1532 log_ref=p0014 db_id=7 Maximum sequence number of 0 found in nonzero levels
2026-09-11 18:35:32.183153+09:00 [info] <0.797.0>@leveled_penciller:start_from_file/1:1532 log_ref=p0014 db_id=4 Maximum sequence number of 0 found in nonzero levels
2026-09-11 18:35:32.183181+09:00 [info] <0.799.0>@leveled_penciller:start_from_file/1:1534 log_ref=p0035 db_id=7 Startup with Manifest SQN of 0
2026-09-11 18:35:32.183225+09:00 [info] <0.797.0>@leveled_penciller:start_from_file/1:1534 log_ref=p0035 db_id=4 Startup with Manifest SQN of 0
2026-09-11 18:35:32.183282+09:00 [info] <0.800.0>@leveled_penciller:start_from_file/1:1532 log_ref=p0014 db_id=2 Maximum sequence number of 0 found in nonzero levels
2026-09-11 18:35:32.183300+09:00 [info] <0.796.0>@leveled_penciller:start_from_file/1:1532 log_ref=p0014 db_id=6 Maximum sequence number of 0 found in nonzero levels
2026-09-11 18:35:32.183353+09:00 [info] <0.800.0>@leveled_penciller:start_from_file/1:1534 log_ref=p0035 db_id=2 Startup with Manifest SQN of 0
2026-09-11 18:35:32.183376+09:00 [info] <0.796.0>@leveled_penciller:start_from_file/1:1534 log_ref=p0035 db_id=6 Startup with Manifest SQN of 0
2026-09-11 18:35:32.182805+09:00 [info] <0.801.0>@leveled_penciller:start_from_file/1:1532 log_ref=p0014 db_id=5 Maximum sequence number of 0 found in nonzero levels
2026-09-11 18:35:32.183589+09:00 [info] <0.801.0>@leveled_penciller:start_from_file/1:1534 log_ref=p0035 db_id=5 Startup with Manifest SQN of 0
2026-09-11 18:35:32.184200+09:00 [info] <0.803.0>@leveled_penciller:start_from_file/1:1562 log_ref=p0017 db_id=1 No L0 file found
2026-09-11 18:35:32.185101+09:00 [info] <0.798.0>@leveled_penciller:start_from_file/1:1562 log_ref=p0017 db_id=3 No L0 file found
2026-09-11 18:35:32.185185+09:00 [info] <0.802.0>@leveled_penciller:start_from_file/1:1562 log_ref=p0017 db_id=0 No L0 file found
2026-09-11 18:35:32.185241+09:00 [info] <0.799.0>@leveled_penciller:start_from_file/1:1562 log_ref=p0017 db_id=7 No L0 file found
2026-09-11 18:35:32.185313+09:00 [info] <0.797.0>@leveled_penciller:start_from_file/1:1562 log_ref=p0017 db_id=4 No L0 file found
2026-09-11 18:35:32.185382+09:00 [info] <0.800.0>@leveled_penciller:start_from_file/1:1562 log_ref=p0017 db_id=2 No L0 file found
2026-09-11 18:35:32.185455+09:00 [info] <0.796.0>@leveled_penciller:start_from_file/1:1562 log_ref=p0017 db_id=6 No L0 file found
2026-09-11 18:35:32.185699+09:00 [info] <0.801.0>@leveled_penciller:start_from_file/1:1562 log_ref=p0017 db_id=5 No L0 file found
2026-09-11 18:35:32.187110+09:00 [info] <0.756.0>@leveled_bookie:startup/2:2017 log_ref=b0005 db_id=3 LedgerSQN=0 at startup
2026-09-11 18:35:32.187150+09:00 [info] <0.759.0>@leveled_bookie:startup/2:2017 log_ref=b0005 db_id=1 LedgerSQN=0 at startup
2026-09-11 18:35:32.186930+09:00 [info] <0.758.0>@leveled_bookie:startup/2:2017 log_ref=b0005 db_id=5 LedgerSQN=0 at startup
2026-09-11 18:35:32.186984+09:00 [info] <0.761.0>@leveled_bookie:startup/2:2017 log_ref=b0005 db_id=6 LedgerSQN=0 at startup
2026-09-11 18:35:32.187018+09:00 [info] <0.757.0>@leveled_bookie:startup/2:2017 log_ref=b0005 db_id=2 LedgerSQN=0 at startup
2026-09-11 18:35:32.187054+09:00 [info] <0.760.0>@leveled_bookie:startup/2:2017 log_ref=b0005 db_id=4 LedgerSQN=0 at startup
2026-09-11 18:35:32.187237+09:00 [info] <0.762.0>@leveled_bookie:startup/2:2017 log_ref=b0005 db_id=7 LedgerSQN=0 at startup
2026-09-11 18:35:32.187247+09:00 [info] <0.755.0>@leveled_bookie:startup/2:2017 log_ref=b0005 db_id=0 LedgerSQN=0 at startup
2026-09-11 18:35:32.189590+09:00 [info] <0.774.0>@leveled_bookie:startup/2:2028 log_ref=i0014 db_id=5 On startup loading from filename /var/lib/riak/leveled/913438523331814323877303020447676887284957839360/journal/journal_files/0_d3ec5ca7-08de-4ff6-b441-aa5f824a5914 from SQN 1
2026-09-11 18:35:32.189590+09:00 [info] <0.778.0>@leveled_bookie:startup/2:2028 log_ref=i0014 db_id=4 On startup loading from filename /var/lib/riak/leveled/730750818665451459101842416358141509827966271488/journal/journal_files/0_e95f511f-5971-4305-a2fc-f9ea11b6891b from SQN 1
2026-09-11 18:35:32.189789+09:00 [info] <0.777.0>@leveled_bookie:startup/2:2028 log_ref=i0014 db_id=7 On startup loading from filename /var/lib/riak/leveled/1278813932664540053428224228626747642198940975104/journal/journal_files/0_244316ed-3a82-4cbf-a892-c733baa1b07f from SQN 1
2026-09-11 18:35:32.189794+09:00 [info] <0.771.0>@leveled_bookie:startup/2:2028 log_ref=i0014 db_id=1 On startup loading from filename /var/lib/riak/leveled/182687704666362864775460604089535377456991567872/journal/journal_files/0_927cab16-cebe-41ee-93bc-cf1828ecc096 from SQN 1
2026-09-11 18:35:32.189765+09:00 [info] <0.772.0>@leveled_bookie:startup/2:2028 log_ref=i0014 db_id=3 On startup loading from filename /var/lib/riak/leveled/548063113999088594326381812268606132370974703616/journal/journal_files/0_b74baccd-2eb9-4b9d-909f-6846de2c6a7a from SQN 1
2026-09-11 18:35:32.189778+09:00 [info] <0.776.0>@leveled_bookie:startup/2:2028 log_ref=i0014 db_id=2 On startup loading from filename /var/lib/riak/leveled/365375409332725729550921208179070754913983135744/journal/journal_files/0_6ba7c6ef-1a01-4e82-8c61-dac150396a79 from SQN 1
2026-09-11 18:35:32.189785+09:00 [info] <0.773.0>@leveled_bookie:startup/2:2028 log_ref=i0014 db_id=6 On startup loading from filename /var/lib/riak/leveled/1096126227998177188652763624537212264741949407232/journal/journal_files/0_075ecabc-44f7-4b07-be39-34dda2bf6ef7 from SQN 1
2026-09-11 18:35:32.189697+09:00 [info] <0.775.0>@leveled_bookie:startup/2:2028 log_ref=i0014 db_id=0 On startup loading from filename /var/lib/riak/leveled/0/journal/journal_files/0_61db06e3-3e53-4e11-9f93-021d5b437464 from SQN 1
2026-09-11 18:35:32.190160+09:00 [info] <0.758.0>@leveled_bookie:init/1:1428 log_ref=b0001 db_id=5 Bookie starting with Ink <0.774.0> Pcl <0.801.0>
2026-09-11 18:35:32.190292+09:00 [info] <0.757.0>@leveled_bookie:init/1:1428 log_ref=b0001 db_id=2 Bookie starting with Ink <0.776.0> Pcl <0.800.0>
2026-09-11 18:35:32.190383+09:00 [info] <0.756.0>@leveled_bookie:init/1:1428 log_ref=b0001 db_id=3 Bookie starting with Ink <0.772.0> Pcl <0.798.0>
2026-09-11 18:35:32.190406+09:00 [info] <0.762.0>@leveled_bookie:init/1:1428 log_ref=b0001 db_id=7 Bookie starting with Ink <0.777.0> Pcl <0.799.0>
2026-09-11 18:35:32.190491+09:00 [info] <0.761.0>@leveled_bookie:init/1:1428 log_ref=b0001 db_id=6 Bookie starting with Ink <0.773.0> Pcl <0.796.0>
2026-09-11 18:35:32.190540+09:00 [info] <0.755.0>@leveled_bookie:init/1:1428 log_ref=b0001 db_id=0 Bookie starting with Ink <0.775.0> Pcl <0.802.0>
2026-09-11 18:35:32.190784+09:00 [info] <0.760.0>@leveled_bookie:init/1:1428 log_ref=b0001 db_id=4 Bookie starting with Ink <0.778.0> Pcl <0.797.0>
2026-09-11 18:35:32.190943+09:00 [info] <0.759.0>@leveled_bookie:init/1:1428 log_ref=b0001 db_id=1 Bookie starting with Ink <0.771.0> Pcl <0.803.0>
2026-09-11 18:35:32.195111+09:00 [info] <0.729.0>@riak_kv_leveled_backend:schedule_journalcompaction/4:903 Schedule compaction for interval 1407 on partition 0
2026-09-11 18:35:32.194790+09:00 [info] <0.730.0>@riak_kv_leveled_backend:schedule_journalcompaction/4:903 Schedule compaction for interval 3203 on partition 182687704666362864775460604089535377456991567872
2026-09-11 18:35:32.194754+09:00 [info] <0.734.0>@riak_kv_leveled_backend:schedule_journalcompaction/4:903 Schedule compaction for interval 5774 on partition 913438523331814323877303020447676887284957839360
2026-09-11 18:35:32.194763+09:00 [info] <0.728.0>@riak_kv_leveled_backend:schedule_journalcompaction/4:903 Schedule compaction for interval 1866 on partition 1096126227998177188652763624537212264741949407232
2026-09-11 18:35:32.194768+09:00 [info] <0.736.0>@riak_kv_leveled_backend:schedule_journalcompaction/4:903 Schedule compaction for interval 2316 on partition 1278813932664540053428224228626747642198940975104
2026-09-11 18:35:32.194772+09:00 [info] <0.732.0>@riak_kv_leveled_backend:schedule_journalcompaction/4:903 Schedule compaction for interval 12399 on partition 365375409332725729550921208179070754913983135744
2026-09-11 18:35:32.194779+09:00 [info] <0.731.0>@riak_kv_leveled_backend:schedule_journalcompaction/4:903 Schedule compaction for interval 4127 on partition 548063113999088594326381812268606132370974703616
2026-09-11 18:35:32.194798+09:00 [info] <0.733.0>@riak_kv_leveled_backend:schedule_journalcompaction/4:903 Schedule compaction for interval 1613 on partition 730750818665451459101842416358141509827966271488
2026-09-11 18:35:32.226812+09:00 [info] <0.824.0>@aae_controller:init/1:674 log_ref=aae02 Native KeyStore type leveled_nko startup request
2026-09-11 18:35:32.226917+09:00 [info] <0.823.0>@aae_controller:init/1:674 log_ref=aae02 Native KeyStore type leveled_nko startup request
2026-09-11 18:35:32.226977+09:00 [info] <0.822.0>@aae_controller:init/1:674 log_ref=aae02 Native KeyStore type leveled_nko startup request
2026-09-11 18:35:32.227039+09:00 [info] <0.821.0>@aae_controller:init/1:674 log_ref=aae02 Native KeyStore type leveled_nko startup request
2026-09-11 18:35:32.227093+09:00 [info] <0.820.0>@aae_controller:init/1:674 log_ref=aae02 Native KeyStore type leveled_nko startup request
2026-09-11 18:35:32.227148+09:00 [info] <0.827.0>@aae_controller:init/1:674 log_ref=aae02 Native KeyStore type leveled_nko startup request
2026-09-11 18:35:32.227199+09:00 [info] <0.825.0>@aae_controller:init/1:674 log_ref=aae02 Native KeyStore type leveled_nko startup request
2026-09-11 18:35:32.227251+09:00 [info] <0.826.0>@aae_controller:init/1:674 log_ref=aae02 Native KeyStore type leveled_nko startup request
2026-09-11 18:35:32.228444+09:00 [warning] <0.829.0>@aae_keystore:open_manifest/1:1526 log_ref=ks002 No valid manifest found for AAE keystore at /var/lib/riak/tictac_aae/913438523331814323877303020447676887284957839360/leveled_nko/keystore reason not_present
2026-09-11 18:35:32.228632+09:00 [warning] <0.828.0>@aae_keystore:open_manifest/1:1526 log_ref=ks002 No valid manifest found for AAE keystore at /var/lib/riak/tictac_aae/1096126227998177188652763624537212264741949407232/leveled_nko/keystore reason not_present
2026-09-11 18:35:32.228651+09:00 [warning] <0.830.0>@aae_keystore:open_manifest/1:1526 log_ref=ks002 No valid manifest found for AAE keystore at /var/lib/riak/tictac_aae/548063113999088594326381812268606132370974703616/leveled_nko/keystore reason not_present
2026-09-11 18:35:32.228857+09:00 [warning] <0.831.0>@aae_keystore:open_manifest/1:1526 log_ref=ks002 No valid manifest found for AAE keystore at /var/lib/riak/tictac_aae/0/leveled_nko/keystore reason not_present
2026-09-11 18:35:32.228972+09:00 [warning] <0.832.0>@aae_keystore:open_manifest/1:1526 log_ref=ks002 No valid manifest found for AAE keystore at /var/lib/riak/tictac_aae/365375409332725729550921208179070754913983135744/leveled_nko/keystore reason not_present
2026-09-11 18:35:32.229060+09:00 [warning] <0.833.0>@aae_keystore:open_manifest/1:1526 log_ref=ks002 No valid manifest found for AAE keystore at /var/lib/riak/tictac_aae/1278813932664540053428224228626747642198940975104/leveled_nko/keystore reason not_present
2026-09-11 18:35:32.229169+09:00 [warning] <0.834.0>@aae_keystore:open_manifest/1:1526 log_ref=ks002 No valid manifest found for AAE keystore at /var/lib/riak/tictac_aae/182687704666362864775460604089535377456991567872/leveled_nko/keystore reason not_present
2026-09-11 18:35:32.229328+09:00 [warning] <0.835.0>@aae_keystore:open_manifest/1:1526 log_ref=ks002 No valid manifest found for AAE keystore at /var/lib/riak/tictac_aae/730750818665451459101842416358141509827966271488/leveled_nko/keystore reason not_present
2026-09-11 18:35:32.240128+09:00 [info] <0.836.0>@aae_treecache:init/1:224 log_ref=c0005 Starting cache with is_restored=false and IndexN of {365375409332725729550921208179070754913983135744,3}
2026-09-11 18:35:32.240250+09:00 [info] <0.838.0>@aae_treecache:init/1:224 log_ref=c0005 Starting cache with is_restored=false and IndexN of {913438523331814323877303020447676887284957839360,3}
2026-09-11 18:35:32.240334+09:00 [info] <0.837.0>@aae_treecache:init/1:224 log_ref=c0005 Starting cache with is_restored=false and IndexN of {1278813932664540053428224228626747642198940975104,3}
2026-09-11 18:35:32.240475+09:00 [info] <0.839.0>@aae_treecache:init/1:224 log_ref=c0005 Starting cache with is_restored=false and IndexN of {0,3}
2026-09-11 18:35:32.240686+09:00 [info] <0.840.0>@aae_treecache:init/1:224 log_ref=c0005 Starting cache with is_restored=false and IndexN of {1096126227998177188652763624537212264741949407232,3}
2026-09-11 18:35:32.241052+09:00 [info] <0.841.0>@aae_treecache:init/1:224 log_ref=c0005 Starting cache with is_restored=false and IndexN of {182687704666362864775460604089535377456991567872,3}
2026-09-11 18:35:32.241315+09:00 [info] <0.842.0>@aae_treecache:init/1:224 log_ref=c0005 Starting cache with is_restored=false and IndexN of {730750818665451459101842416358141509827966271488,3}
2026-09-11 18:35:32.241485+09:00 [info] <0.843.0>@aae_treecache:init/1:224 log_ref=c0005 Starting cache with is_restored=false and IndexN of {548063113999088594326381812268606132370974703616,3}
2026-09-11 18:35:32.243388+09:00 [info] <0.845.0>@aae_treecache:init/1:224 log_ref=c0005 Starting cache with is_restored=false and IndexN of {548063113999088594326381812268606132370974703616,3}
2026-09-11 18:35:32.244084+09:00 [info] <0.844.0>@aae_treecache:init/1:224 log_ref=c0005 Starting cache with is_restored=false and IndexN of {1096126227998177188652763624537212264741949407232,3}
2026-09-11 18:35:32.244541+09:00 [info] <0.846.0>@aae_treecache:init/1:224 log_ref=c0005 Starting cache with is_restored=false and IndexN of {0,3}
2026-09-11 18:35:32.244594+09:00 [info] <0.847.0>@aae_treecache:init/1:224 log_ref=c0005 Starting cache with is_restored=false and IndexN of {182687704666362864775460604089535377456991567872,3}
2026-09-11 18:35:32.245115+09:00 [info] <0.848.0>@aae_treecache:init/1:224 log_ref=c0005 Starting cache with is_restored=false and IndexN of {1278813932664540053428224228626747642198940975104,3}
2026-09-11 18:35:32.245654+09:00 [info] <0.849.0>@aae_treecache:init/1:224 log_ref=c0005 Starting cache with is_restored=false and IndexN of {365375409332725729550921208179070754913983135744,3}
2026-09-11 18:35:32.245744+09:00 [info] <0.850.0>@aae_treecache:init/1:224 log_ref=c0005 Starting cache with is_restored=false and IndexN of {913438523331814323877303020447676887284957839360,3}
2026-09-11 18:35:32.246254+09:00 [info] <0.851.0>@aae_treecache:init/1:224 log_ref=c0005 Starting cache with is_restored=false and IndexN of {730750818665451459101842416358141509827966271488,3}
2026-09-11 18:35:32.247010+09:00 [info] <0.852.0>@aae_treecache:init/1:224 log_ref=c0005 Starting cache with is_restored=false and IndexN of {730750818665451459101842416358141509827966271488,3}
2026-09-11 18:35:32.247349+09:00 [info] <0.853.0>@aae_treecache:init/1:224 log_ref=c0005 Starting cache with is_restored=false and IndexN of {1278813932664540053428224228626747642198940975104,3}
2026-09-11 18:35:32.248238+09:00 [info] <0.854.0>@aae_treecache:init/1:224 log_ref=c0005 Starting cache with is_restored=false and IndexN of {182687704666362864775460604089535377456991567872,3}
2026-09-11 18:35:32.248488+09:00 [info] <0.855.0>@aae_treecache:init/1:224 log_ref=c0005 Starting cache with is_restored=false and IndexN of {365375409332725729550921208179070754913983135744,3}
2026-09-11 18:35:32.248686+09:00 [info] <0.856.0>@aae_treecache:init/1:224 log_ref=c0005 Starting cache with is_restored=false and IndexN of {0,3}
2026-09-11 18:35:32.248925+09:00 [info] <0.857.0>@aae_treecache:init/1:224 log_ref=c0005 Starting cache with is_restored=false and IndexN of {548063113999088594326381812268606132370974703616,3}
2026-09-11 18:35:32.249111+09:00 [info] <0.858.0>@aae_treecache:init/1:224 log_ref=c0005 Starting cache with is_restored=false and IndexN of {1096126227998177188652763624537212264741949407232,3}
2026-09-11 18:35:32.249236+09:00 [info] <0.859.0>@aae_treecache:init/1:224 log_ref=c0005 Starting cache with is_restored=false and IndexN of {913438523331814323877303020447676887284957839360,3}
2026-09-11 18:35:32.252561+09:00 [info] <0.826.0>@aae_controller:init/1:719 log_ref=aae10 AAE controller started with IndexNs [{365375409332725729550921208179070754913983135744,3},{548063113999088594326381812268606132370974703616,3},{730750818665451459101842416358141509827966271488,3}] and StoreType {native,leveled_nko,<0.760.0>}
2026-09-11 18:35:32.252281+09:00 [info] <0.824.0>@aae_controller:init/1:719 log_ref=aae10 AAE controller started with IndexNs [{730750818665451459101842416358141509827966271488,3},{913438523331814323877303020447676887284957839360,3},{1096126227998177188652763624537212264741949407232,3}] and StoreType {native,leveled_nko,<0.761.0>}
2026-09-11 18:35:32.252445+09:00 [info] <0.822.0>@aae_controller:init/1:719 log_ref=aae10 AAE controller started with IndexNs [{182687704666362864775460604089535377456991567872,3},{365375409332725729550921208179070754913983135744,3},{548063113999088594326381812268606132370974703616,3}] and StoreType {native,leveled_nko,<0.756.0>}
2026-09-11 18:35:32.252509+09:00 [info] <0.825.0>@aae_controller:init/1:719 log_ref=aae10 AAE controller started with IndexNs [{1278813932664540053428224228626747642198940975104,3},{0,3},{182687704666362864775460604089535377456991567872,3}] and StoreType {native,leveled_nko,<0.759.0>}
2026-09-11 18:35:32.252560+09:00 [info] <0.827.0>@aae_controller:init/1:719 log_ref=aae10 AAE controller started with IndexNs [{913438523331814323877303020447676887284957839360,3},{1096126227998177188652763624537212264741949407232,3},{1278813932664540053428224228626747642198940975104,3}] and StoreType {native,leveled_nko,<0.762.0>}
2026-09-11 18:35:32.252377+09:00 [info] <0.821.0>@aae_controller:init/1:719 log_ref=aae10 AAE controller started with IndexNs [{1096126227998177188652763624537212264741949407232,3},{1278813932664540053428224228626747642198940975104,3},{0,3}] and StoreType {native,leveled_nko,<0.755.0>}
2026-09-11 18:35:32.252281+09:00 [info] <0.823.0>@aae_controller:init/1:719 log_ref=aae10 AAE controller started with IndexNs [{548063113999088594326381812268606132370974703616,3},{730750818665451459101842416358141509827966271488,3},{913438523331814323877303020447676887284957839360,3}] and StoreType {native,leveled_nko,<0.758.0>}
2026-09-11 18:35:32.252714+09:00 [info] <0.729.0>@riak_kv_vnode:maybe_start_aaecontroller/2:415 AAE Controller started with pid=<0.821.0>
2026-09-11 18:35:32.252668+09:00 [info] <0.731.0>@riak_kv_vnode:maybe_start_aaecontroller/2:415 AAE Controller started with pid=<0.822.0>
2026-09-11 18:35:32.252683+09:00 [info] <0.736.0>@riak_kv_vnode:maybe_start_aaecontroller/2:415 AAE Controller started with pid=<0.827.0>
2026-09-11 18:35:32.252445+09:00 [info] <0.820.0>@aae_controller:init/1:719 log_ref=aae10 AAE controller started with IndexNs [{0,3},{182687704666362864775460604089535377456991567872,3},{365375409332725729550921208179070754913983135744,3}] and StoreType {native,leveled_nko,<0.757.0>}
2026-09-11 18:35:32.252715+09:00 [info] <0.734.0>@riak_kv_vnode:maybe_start_aaecontroller/2:415 AAE Controller started with pid=<0.823.0>
2026-09-11 18:35:32.252678+09:00 [info] <0.730.0>@riak_kv_vnode:maybe_start_aaecontroller/2:415 AAE Controller started with pid=<0.825.0>
2026-09-11 18:35:32.252660+09:00 [info] <0.733.0>@riak_kv_vnode:maybe_start_aaecontroller/2:415 AAE Controller started with pid=<0.826.0>
2026-09-11 18:35:32.252989+09:00 [info] <0.732.0>@riak_kv_vnode:maybe_start_aaecontroller/2:415 AAE Controller started with pid=<0.820.0>
2026-09-11 18:35:32.252666+09:00 [info] <0.728.0>@riak_kv_vnode:maybe_start_aaecontroller/2:415 AAE Controller started with pid=<0.824.0>
2026-09-11 18:35:32.255075+09:00 [info] <0.726.0>@riak_core_vnode_manager:get_vnode/3:743 VNode initialization ready <0.734.0> 913438523331814323877303020447676887284957839360 riak_kv_vnode
2026-09-11 18:35:32.255274+09:00 [info] <0.723.0>@riak_core_vnode_manager:get_vnode/3:743 VNode initialization ready <0.732.0> 365375409332725729550921208179070754913983135744 riak_kv_vnode
2026-09-11 18:35:32.255366+09:00 [info] <0.721.0>@riak_core_vnode_manager:get_vnode/3:743 VNode initialization ready <0.729.0> 0 riak_kv_vnode
2026-09-11 18:35:32.255348+09:00 [info] <0.724.0>@riak_core_vnode_manager:get_vnode/3:743 VNode initialization ready <0.731.0> 548063113999088594326381812268606132370974703616 riak_kv_vnode
2026-09-11 18:35:32.255671+09:00 [info] <0.735.0>@riak_core_vnode_manager:get_vnode/3:743 VNode initialization ready <0.736.0> 1278813932664540053428224228626747642198940975104 riak_kv_vnode
2026-09-11 18:35:32.255766+09:00 [info] <0.725.0>@riak_core_vnode_manager:get_vnode/3:743 VNode initialization ready <0.733.0> 730750818665451459101842416358141509827966271488 riak_kv_vnode
2026-09-11 18:35:32.255755+09:00 [info] <0.722.0>@riak_core_vnode_manager:get_vnode/3:743 VNode initialization ready <0.730.0> 182687704666362864775460604089535377456991567872 riak_kv_vnode
2026-09-11 18:35:32.256088+09:00 [info] <0.727.0>@riak_core_vnode_manager:get_vnode/3:743 VNode initialization ready <0.728.0> 1096126227998177188652763624537212264741949407232 riak_kv_vnode
2026-09-11 18:35:32.256258+09:00 [info] <0.932.0>@riak_core_vnode_manager:get_vnode/3:733 Will start VNode for partition 182687704666362864775460604089535377456991567872 riak_pipe_vnode
2026-09-11 18:35:32.256852+09:00 [info] <0.932.0>@riak_core_vnode_manager:get_vnode/3:743 VNode initialization ready <0.933.0> 182687704666362864775460604089535377456991567872 riak_pipe_vnode
2026-09-11 18:35:32.257002+09:00 [info] <0.935.0>@riak_core_vnode_manager:get_vnode/3:733 Will start VNode for partition 365375409332725729550921208179070754913983135744 riak_pipe_vnode
2026-09-11 18:35:32.257263+09:00 [info] <0.935.0>@riak_core_vnode_manager:get_vnode/3:743 VNode initialization ready <0.936.0> 365375409332725729550921208179070754913983135744 riak_pipe_vnode
2026-09-11 18:35:32.257392+09:00 [info] <0.938.0>@riak_core_vnode_manager:get_vnode/3:733 Will start VNode for partition 548063113999088594326381812268606132370974703616 riak_pipe_vnode
2026-09-11 18:35:32.257650+09:00 [info] <0.938.0>@riak_core_vnode_manager:get_vnode/3:743 VNode initialization ready <0.939.0> 548063113999088594326381812268606132370974703616 riak_pipe_vnode
2026-09-11 18:35:32.257793+09:00 [info] <0.941.0>@riak_core_vnode_manager:get_vnode/3:733 Will start VNode for partition 730750818665451459101842416358141509827966271488 riak_pipe_vnode
2026-09-11 18:35:32.258905+09:00 [info] <0.941.0>@riak_core_vnode_manager:get_vnode/3:743 VNode initialization ready <0.942.0> 730750818665451459101842416358141509827966271488 riak_pipe_vnode
2026-09-11 18:35:32.259034+09:00 [info] <0.944.0>@riak_core_vnode_manager:get_vnode/3:733 Will start VNode for partition 913438523331814323877303020447676887284957839360 riak_pipe_vnode
2026-09-11 18:35:32.259350+09:00 [info] <0.944.0>@riak_core_vnode_manager:get_vnode/3:743 VNode initialization ready <0.945.0> 913438523331814323877303020447676887284957839360 riak_pipe_vnode
2026-09-11 18:35:32.259502+09:00 [info] <0.947.0>@riak_core_vnode_manager:get_vnode/3:733 Will start VNode for partition 1096126227998177188652763624537212264741949407232 riak_pipe_vnode
2026-09-11 18:35:32.259801+09:00 [info] <0.947.0>@riak_core_vnode_manager:get_vnode/3:743 VNode initialization ready <0.948.0> 1096126227998177188652763624537212264741949407232 riak_pipe_vnode
2026-09-11 18:35:32.260135+09:00 [info] <0.950.0>@riak_core_vnode_manager:get_vnode/3:733 Will start VNode for partition 1278813932664540053428224228626747642198940975104 riak_pipe_vnode
2026-09-11 18:35:32.260853+09:00 [info] <0.950.0>@riak_core_vnode_manager:get_vnode/3:743 VNode initialization ready <0.951.0> 1278813932664540053428224228626747642198940975104 riak_pipe_vnode
2026-09-11 18:35:32.278003+09:00 [info] <0.379.0>@riak_core:wait_for_service/2:492 Wait complete for service riak_kv (9 seconds)
2026-09-11 18:35:32.292022+09:00 [info] <0.597.0>@riak_core:wait_for_service/2:492 Wait complete for service riak_kv (9 seconds)
2026-09-11 18:35:32.295250+09:00 [info] <0.239.0>@riak_core_capability:process_capability_changes/2:557 New capability: {riak_repl,bloom_fold} = true
2026-09-11 18:35:32.297024+09:00 [info] <0.239.0>@riak_core_capability:process_capability_changes/2:557 New capability: {riak_repl,rtq_meta} = true
2026-09-11 18:35:32.298610+09:00 [info] <0.239.0>@riak_core_capability:process_capability_changes/2:557 New capability: {riak_repl,default_bucket_props_hash} = [consistent,datatype,n_val,write_once]
2026-09-11 18:35:32.304901+09:00 [info] <0.597.0>@riak_repl_app:start/2:70 REPL CS block skip disabled
2026-09-11 18:35:32.309603+09:00 [info] <0.969.0>@supervisor:report_progress/2:1582 Supervisor: {local,riak_repl_sup}. Started: id=riak_repl_client_sup,pid=<0.970.0>.
2026-09-11 18:35:32.310858+09:00 [info] <0.969.0>@supervisor:report_progress/2:1582 Supervisor: {local,riak_repl_sup}. Started: id=riak_repl_server_sup,pid=<0.971.0>.
2026-09-11 18:35:32.314024+09:00 [info] <0.969.0>@supervisor:report_progress/2:1582 Supervisor: {local,riak_repl_sup}. Started: id=riak_repl_leader,pid=<0.972.0>.
2026-09-11 18:35:32.316191+09:00 [info] <0.969.0>@supervisor:report_progress/2:1582 Supervisor: {local,riak_repl_sup}. Started: id=riak_repl2_leader,pid=<0.975.0>.
2026-09-11 18:35:32.329368+09:00 [info] <0.977.0>@riak_core_service_mgr:start_link/1:111 Starting Core Service Manager at {"127.0.0.1",9080}
2026-09-11 18:35:32.338584+09:00 [info] <0.975.0>@riak_repl2_leader:become_leader/2:217 Leader2: 'openriak-kv@node-01.cluster-a.openriak' elected as replication leader
2026-09-11 18:35:32.343718+09:00 [info] <0.981.0>@supervisor:report_progress/2:1582 Supervisor: {<0.981.0>,ranch_conns_sup_sup}. Started: id={ranch_conns_sup,1},pid=<0.982.0>.
2026-09-11 18:35:32.343928+09:00 [info] <0.981.0>@supervisor:report_progress/2:1582 Supervisor: {<0.981.0>,ranch_conns_sup_sup}. Started: id={ranch_conns_sup,2},pid=<0.983.0>.
2026-09-11 18:35:32.344031+09:00 [info] <0.981.0>@supervisor:report_progress/2:1582 Supervisor: {<0.981.0>,ranch_conns_sup_sup}. Started: id={ranch_conns_sup,3},pid=<0.984.0>.
2026-09-11 18:35:32.344114+09:00 [info] <0.981.0>@supervisor:report_progress/2:1582 Supervisor: {<0.981.0>,ranch_conns_sup_sup}. Started: id={ranch_conns_sup,4},pid=<0.985.0>.
2026-09-11 18:35:32.344231+09:00 [info] <0.981.0>@supervisor:report_progress/2:1582 Supervisor: {<0.981.0>,ranch_conns_sup_sup}. Started: id={ranch_conns_sup,5},pid=<0.986.0>.
2026-09-11 18:35:32.344338+09:00 [info] <0.981.0>@supervisor:report_progress/2:1582 Supervisor: {<0.981.0>,ranch_conns_sup_sup}. Started: id={ranch_conns_sup,6},pid=<0.987.0>.
2026-09-11 18:35:32.344465+09:00 [info] <0.981.0>@supervisor:report_progress/2:1582 Supervisor: {<0.981.0>,ranch_conns_sup_sup}. Started: id={ranch_conns_sup,7},pid=<0.988.0>.
2026-09-11 18:35:32.344577+09:00 [info] <0.981.0>@supervisor:report_progress/2:1582 Supervisor: {<0.981.0>,ranch_conns_sup_sup}. Started: id={ranch_conns_sup,8},pid=<0.989.0>.
2026-09-11 18:35:32.344716+09:00 [info] <0.981.0>@supervisor:report_progress/2:1582 Supervisor: {<0.981.0>,ranch_conns_sup_sup}. Started: id={ranch_conns_sup,9},pid=<0.990.0>.
2026-09-11 18:35:32.344799+09:00 [info] <0.981.0>@supervisor:report_progress/2:1582 Supervisor: {<0.981.0>,ranch_conns_sup_sup}. Started: id={ranch_conns_sup,10},pid=<0.991.0>.
2026-09-11 18:35:32.344919+09:00 [info] <0.981.0>@supervisor:report_progress/2:1582 Supervisor: {<0.981.0>,ranch_conns_sup_sup}. Started: id={ranch_conns_sup,11},pid=<0.992.0>.
2026-09-11 18:35:32.345056+09:00 [info] <0.981.0>@supervisor:report_progress/2:1582 Supervisor: {<0.981.0>,ranch_conns_sup_sup}. Started: id={ranch_conns_sup,12},pid=<0.993.0>.
2026-09-11 18:35:32.345185+09:00 [info] <0.981.0>@supervisor:report_progress/2:1582 Supervisor: {<0.981.0>,ranch_conns_sup_sup}. Started: id={ranch_conns_sup,13},pid=<0.994.0>.
2026-09-11 18:35:32.345275+09:00 [info] <0.981.0>@supervisor:report_progress/2:1582 Supervisor: {<0.981.0>,ranch_conns_sup_sup}. Started: id={ranch_conns_sup,14},pid=<0.995.0>.
2026-09-11 18:35:32.345399+09:00 [info] <0.981.0>@supervisor:report_progress/2:1582 Supervisor: {<0.981.0>,ranch_conns_sup_sup}. Started: id={ranch_conns_sup,15},pid=<0.996.0>.
2026-09-11 18:35:32.345500+09:00 [info] <0.981.0>@supervisor:report_progress/2:1582 Supervisor: {<0.981.0>,ranch_conns_sup_sup}. Started: id={ranch_conns_sup,16},pid=<0.997.0>.
2026-09-11 18:35:32.345614+09:00 [info] <0.981.0>@supervisor:report_progress/2:1582 Supervisor: {<0.981.0>,ranch_conns_sup_sup}. Started: id={ranch_conns_sup,17},pid=<0.998.0>.
2026-09-11 18:35:32.345719+09:00 [info] <0.981.0>@supervisor:report_progress/2:1582 Supervisor: {<0.981.0>,ranch_conns_sup_sup}. Started: id={ranch_conns_sup,18},pid=<0.999.0>.
2026-09-11 18:35:32.345850+09:00 [info] <0.981.0>@supervisor:report_progress/2:1582 Supervisor: {<0.981.0>,ranch_conns_sup_sup}. Started: id={ranch_conns_sup,19},pid=<0.1000.0>.
2026-09-11 18:35:32.345953+09:00 [info] <0.981.0>@supervisor:report_progress/2:1582 Supervisor: {<0.981.0>,ranch_conns_sup_sup}. Started: id={ranch_conns_sup,20},pid=<0.1001.0>.
2026-09-11 18:35:32.346045+09:00 [info] <0.981.0>@supervisor:report_progress/2:1582 Supervisor: {<0.981.0>,ranch_conns_sup_sup}. Started: id={ranch_conns_sup,21},pid=<0.1002.0>.
2026-09-11 18:35:32.346143+09:00 [info] <0.981.0>@supervisor:report_progress/2:1582 Supervisor: {<0.981.0>,ranch_conns_sup_sup}. Started: id={ranch_conns_sup,22},pid=<0.1003.0>.
2026-09-11 18:35:32.346274+09:00 [info] <0.981.0>@supervisor:report_progress/2:1582 Supervisor: {<0.981.0>,ranch_conns_sup_sup}. Started: id={ranch_conns_sup,23},pid=<0.1004.0>.
2026-09-11 18:35:32.346377+09:00 [info] <0.981.0>@supervisor:report_progress/2:1582 Supervisor: {<0.981.0>,ranch_conns_sup_sup}. Started: id={ranch_conns_sup,24},pid=<0.1005.0>.
2026-09-11 18:35:32.346520+09:00 [info] <0.981.0>@supervisor:report_progress/2:1582 Supervisor: {<0.981.0>,ranch_conns_sup_sup}. Started: id={ranch_conns_sup,25},pid=<0.1006.0>.
2026-09-11 18:35:32.346624+09:00 [info] <0.981.0>@supervisor:report_progress/2:1582 Supervisor: {<0.981.0>,ranch_conns_sup_sup}. Started: id={ranch_conns_sup,26},pid=<0.1007.0>.
2026-09-11 18:35:32.346718+09:00 [info] <0.981.0>@supervisor:report_progress/2:1582 Supervisor: {<0.981.0>,ranch_conns_sup_sup}. Started: id={ranch_conns_sup,27},pid=<0.1008.0>.
2026-09-11 18:35:32.346815+09:00 [info] <0.981.0>@supervisor:report_progress/2:1582 Supervisor: {<0.981.0>,ranch_conns_sup_sup}. Started: id={ranch_conns_sup,28},pid=<0.1009.0>.
2026-09-11 18:35:32.346967+09:00 [info] <0.981.0>@supervisor:report_progress/2:1582 Supervisor: {<0.981.0>,ranch_conns_sup_sup}. Started: id={ranch_conns_sup,29},pid=<0.1010.0>.
2026-09-11 18:35:32.347088+09:00 [info] <0.981.0>@supervisor:report_progress/2:1582 Supervisor: {<0.981.0>,ranch_conns_sup_sup}. Started: id={ranch_conns_sup,30},pid=<0.1011.0>.
2026-09-11 18:35:32.347229+09:00 [info] <0.981.0>@supervisor:report_progress/2:1582 Supervisor: {<0.981.0>,ranch_conns_sup_sup}. Started: id={ranch_conns_sup,31},pid=<0.1012.0>.
2026-09-11 18:35:32.347343+09:00 [info] <0.981.0>@supervisor:report_progress/2:1582 Supervisor: {<0.981.0>,ranch_conns_sup_sup}. Started: id={ranch_conns_sup,32},pid=<0.1013.0>.
2026-09-11 18:35:32.347444+09:00 [info] <0.981.0>@supervisor:report_progress/2:1582 Supervisor: {<0.981.0>,ranch_conns_sup_sup}. Started: id={ranch_conns_sup,33},pid=<0.1014.0>.
2026-09-11 18:35:32.347547+09:00 [info] <0.981.0>@supervisor:report_progress/2:1582 Supervisor: {<0.981.0>,ranch_conns_sup_sup}. Started: id={ranch_conns_sup,34},pid=<0.1015.0>.
2026-09-11 18:35:32.347677+09:00 [info] <0.981.0>@supervisor:report_progress/2:1582 Supervisor: {<0.981.0>,ranch_conns_sup_sup}. Started: id={ranch_conns_sup,35},pid=<0.1016.0>.
2026-09-11 18:35:32.347765+09:00 [info] <0.981.0>@supervisor:report_progress/2:1582 Supervisor: {<0.981.0>,ranch_conns_sup_sup}. Started: id={ranch_conns_sup,36},pid=<0.1017.0>.
2026-09-11 18:35:32.347880+09:00 [info] <0.981.0>@supervisor:report_progress/2:1582 Supervisor: {<0.981.0>,ranch_conns_sup_sup}. Started: id={ranch_conns_sup,37},pid=<0.1018.0>.
2026-09-11 18:35:32.347967+09:00 [info] <0.981.0>@supervisor:report_progress/2:1582 Supervisor: {<0.981.0>,ranch_conns_sup_sup}. Started: id={ranch_conns_sup,38},pid=<0.1019.0>.
2026-09-11 18:35:32.348060+09:00 [info] <0.981.0>@supervisor:report_progress/2:1582 Supervisor: {<0.981.0>,ranch_conns_sup_sup}. Started: id={ranch_conns_sup,39},pid=<0.1020.0>.
2026-09-11 18:35:32.348168+09:00 [info] <0.981.0>@supervisor:report_progress/2:1582 Supervisor: {<0.981.0>,ranch_conns_sup_sup}. Started: id={ranch_conns_sup,40},pid=<0.1021.0>.
2026-09-11 18:35:32.348299+09:00 [info] <0.981.0>@supervisor:report_progress/2:1582 Supervisor: {<0.981.0>,ranch_conns_sup_sup}. Started: id={ranch_conns_sup,41},pid=<0.1022.0>.
2026-09-11 18:35:32.348356+09:00 [info] <0.981.0>@supervisor:report_progress/2:1582 Supervisor: {<0.981.0>,ranch_conns_sup_sup}. Started: id={ranch_conns_sup,42},pid=<0.1023.0>.
2026-09-11 18:35:32.348452+09:00 [info] <0.981.0>@supervisor:report_progress/2:1582 Supervisor: {<0.981.0>,ranch_conns_sup_sup}. Started: id={ranch_conns_sup,43},pid=<0.1024.0>.
2026-09-11 18:35:32.348530+09:00 [info] <0.981.0>@supervisor:report_progress/2:1582 Supervisor: {<0.981.0>,ranch_conns_sup_sup}. Started: id={ranch_conns_sup,44},pid=<0.1025.0>.
2026-09-11 18:35:32.348641+09:00 [info] <0.981.0>@supervisor:report_progress/2:1582 Supervisor: {<0.981.0>,ranch_conns_sup_sup}. Started: id={ranch_conns_sup,45},pid=<0.1026.0>.
2026-09-11 18:35:32.348761+09:00 [info] <0.981.0>@supervisor:report_progress/2:1582 Supervisor: {<0.981.0>,ranch_conns_sup_sup}. Started: id={ranch_conns_sup,46},pid=<0.1027.0>.
2026-09-11 18:35:32.348850+09:00 [info] <0.981.0>@supervisor:report_progress/2:1582 Supervisor: {<0.981.0>,ranch_conns_sup_sup}. Started: id={ranch_conns_sup,47},pid=<0.1028.0>.
2026-09-11 18:35:32.348959+09:00 [info] <0.981.0>@supervisor:report_progress/2:1582 Supervisor: {<0.981.0>,ranch_conns_sup_sup}. Started: id={ranch_conns_sup,48},pid=<0.1029.0>.
2026-09-11 18:35:32.349064+09:00 [info] <0.981.0>@supervisor:report_progress/2:1582 Supervisor: {<0.981.0>,ranch_conns_sup_sup}. Started: id={ranch_conns_sup,49},pid=<0.1030.0>.
2026-09-11 18:35:32.349197+09:00 [info] <0.981.0>@supervisor:report_progress/2:1582 Supervisor: {<0.981.0>,ranch_conns_sup_sup}. Started: id={ranch_conns_sup,50},pid=<0.1031.0>.
2026-09-11 18:35:32.349310+09:00 [info] <0.981.0>@supervisor:report_progress/2:1582 Supervisor: {<0.981.0>,ranch_conns_sup_sup}. Started: id={ranch_conns_sup,51},pid=<0.1032.0>.
2026-09-11 18:35:32.349440+09:00 [info] <0.981.0>@supervisor:report_progress/2:1582 Supervisor: {<0.981.0>,ranch_conns_sup_sup}. Started: id={ranch_conns_sup,52},pid=<0.1033.0>.
2026-09-11 18:35:32.349553+09:00 [info] <0.981.0>@supervisor:report_progress/2:1582 Supervisor: {<0.981.0>,ranch_conns_sup_sup}. Started: id={ranch_conns_sup,53},pid=<0.1034.0>.
2026-09-11 18:35:32.349683+09:00 [info] <0.981.0>@supervisor:report_progress/2:1582 Supervisor: {<0.981.0>,ranch_conns_sup_sup}. Started: id={ranch_conns_sup,54},pid=<0.1035.0>.
2026-09-11 18:35:32.349780+09:00 [info] <0.981.0>@supervisor:report_progress/2:1582 Supervisor: {<0.981.0>,ranch_conns_sup_sup}. Started: id={ranch_conns_sup,55},pid=<0.1036.0>.
2026-09-11 18:35:32.349922+09:00 [info] <0.981.0>@supervisor:report_progress/2:1582 Supervisor: {<0.981.0>,ranch_conns_sup_sup}. Started: id={ranch_conns_sup,56},pid=<0.1037.0>.
2026-09-11 18:35:32.350036+09:00 [info] <0.981.0>@supervisor:report_progress/2:1582 Supervisor: {<0.981.0>,ranch_conns_sup_sup}. Started: id={ranch_conns_sup,57},pid=<0.1038.0>.
2026-09-11 18:35:32.350167+09:00 [info] <0.981.0>@supervisor:report_progress/2:1582 Supervisor: {<0.981.0>,ranch_conns_sup_sup}. Started: id={ranch_conns_sup,58},pid=<0.1039.0>.
2026-09-11 18:35:32.350261+09:00 [info] <0.981.0>@supervisor:report_progress/2:1582 Supervisor: {<0.981.0>,ranch_conns_sup_sup}. Started: id={ranch_conns_sup,59},pid=<0.1040.0>.
2026-09-11 18:35:32.350390+09:00 [info] <0.981.0>@supervisor:report_progress/2:1582 Supervisor: {<0.981.0>,ranch_conns_sup_sup}. Started: id={ranch_conns_sup,60},pid=<0.1041.0>.
2026-09-11 18:35:32.350501+09:00 [info] <0.981.0>@supervisor:report_progress/2:1582 Supervisor: {<0.981.0>,ranch_conns_sup_sup}. Started: id={ranch_conns_sup,61},pid=<0.1042.0>.
2026-09-11 18:35:32.350611+09:00 [info] <0.981.0>@supervisor:report_progress/2:1582 Supervisor: {<0.981.0>,ranch_conns_sup_sup}. Started: id={ranch_conns_sup,62},pid=<0.1043.0>.
2026-09-11 18:35:32.350716+09:00 [info] <0.981.0>@supervisor:report_progress/2:1582 Supervisor: {<0.981.0>,ranch_conns_sup_sup}. Started: id={ranch_conns_sup,63},pid=<0.1044.0>.
2026-09-11 18:35:32.350867+09:00 [info] <0.981.0>@supervisor:report_progress/2:1582 Supervisor: {<0.981.0>,ranch_conns_sup_sup}. Started: id={ranch_conns_sup,64},pid=<0.1045.0>.
2026-09-11 18:35:32.350970+09:00 [info] <0.981.0>@supervisor:report_progress/2:1582 Supervisor: {<0.981.0>,ranch_conns_sup_sup}. Started: id={ranch_conns_sup,65},pid=<0.1046.0>.
2026-09-11 18:35:32.351071+09:00 [info] <0.981.0>@supervisor:report_progress/2:1582 Supervisor: {<0.981.0>,ranch_conns_sup_sup}. Started: id={ranch_conns_sup,66},pid=<0.1047.0>.
2026-09-11 18:35:32.351164+09:00 [info] <0.981.0>@supervisor:report_progress/2:1582 Supervisor: {<0.981.0>,ranch_conns_sup_sup}. Started: id={ranch_conns_sup,67},pid=<0.1048.0>.
2026-09-11 18:35:32.351331+09:00 [info] <0.981.0>@supervisor:report_progress/2:1582 Supervisor: {<0.981.0>,ranch_conns_sup_sup}. Started: id={ranch_conns_sup,68},pid=<0.1049.0>.
2026-09-11 18:35:32.351421+09:00 [info] <0.981.0>@supervisor:report_progress/2:1582 Supervisor: {<0.981.0>,ranch_conns_sup_sup}. Started: id={ranch_conns_sup,69},pid=<0.1050.0>.
2026-09-11 18:35:32.351531+09:00 [info] <0.981.0>@supervisor:report_progress/2:1582 Supervisor: {<0.981.0>,ranch_conns_sup_sup}. Started: id={ranch_conns_sup,70},pid=<0.1051.0>.
2026-09-11 18:35:32.351642+09:00 [info] <0.981.0>@supervisor:report_progress/2:1582 Supervisor: {<0.981.0>,ranch_conns_sup_sup}. Started: id={ranch_conns_sup,71},pid=<0.1052.0>.
2026-09-11 18:35:32.351787+09:00 [info] <0.981.0>@supervisor:report_progress/2:1582 Supervisor: {<0.981.0>,ranch_conns_sup_sup}. Started: id={ranch_conns_sup,72},pid=<0.1053.0>.
2026-09-11 18:35:32.351874+09:00 [info] <0.981.0>@supervisor:report_progress/2:1582 Supervisor: {<0.981.0>,ranch_conns_sup_sup}. Started: id={ranch_conns_sup,73},pid=<0.1054.0>.
2026-09-11 18:35:32.351953+09:00 [info] <0.981.0>@supervisor:report_progress/2:1582 Supervisor: {<0.981.0>,ranch_conns_sup_sup}. Started: id={ranch_conns_sup,74},pid=<0.1055.0>.
2026-09-11 18:35:32.352041+09:00 [info] <0.981.0>@supervisor:report_progress/2:1582 Supervisor: {<0.981.0>,ranch_conns_sup_sup}. Started: id={ranch_conns_sup,75},pid=<0.1056.0>.
2026-09-11 18:35:32.352175+09:00 [info] <0.981.0>@supervisor:report_progress/2:1582 Supervisor: {<0.981.0>,ranch_conns_sup_sup}. Started: id={ranch_conns_sup,76},pid=<0.1057.0>.
2026-09-11 18:35:32.352269+09:00 [info] <0.981.0>@supervisor:report_progress/2:1582 Supervisor: {<0.981.0>,ranch_conns_sup_sup}. Started: id={ranch_conns_sup,77},pid=<0.1058.0>.
2026-09-11 18:35:32.352363+09:00 [info] <0.981.0>@supervisor:report_progress/2:1582 Supervisor: {<0.981.0>,ranch_conns_sup_sup}. Started: id={ranch_conns_sup,78},pid=<0.1059.0>.
2026-09-11 18:35:32.352489+09:00 [info] <0.981.0>@supervisor:report_progress/2:1582 Supervisor: {<0.981.0>,ranch_conns_sup_sup}. Started: id={ranch_conns_sup,79},pid=<0.1060.0>.
2026-09-11 18:35:32.352644+09:00 [info] <0.981.0>@supervisor:report_progress/2:1582 Supervisor: {<0.981.0>,ranch_conns_sup_sup}. Started: id={ranch_conns_sup,80},pid=<0.1061.0>.
2026-09-11 18:35:32.352734+09:00 [info] <0.981.0>@supervisor:report_progress/2:1582 Supervisor: {<0.981.0>,ranch_conns_sup_sup}. Started: id={ranch_conns_sup,81},pid=<0.1062.0>.
2026-09-11 18:35:32.352858+09:00 [info] <0.981.0>@supervisor:report_progress/2:1582 Supervisor: {<0.981.0>,ranch_conns_sup_sup}. Started: id={ranch_conns_sup,82},pid=<0.1063.0>.
2026-09-11 18:35:32.352948+09:00 [info] <0.981.0>@supervisor:report_progress/2:1582 Supervisor: {<0.981.0>,ranch_conns_sup_sup}. Started: id={ranch_conns_sup,83},pid=<0.1064.0>.
2026-09-11 18:35:32.353050+09:00 [info] <0.981.0>@supervisor:report_progress/2:1582 Supervisor: {<0.981.0>,ranch_conns_sup_sup}. Started: id={ranch_conns_sup,84},pid=<0.1065.0>.
2026-09-11 18:35:32.353144+09:00 [info] <0.981.0>@supervisor:report_progress/2:1582 Supervisor: {<0.981.0>,ranch_conns_sup_sup}. Started: id={ranch_conns_sup,85},pid=<0.1066.0>.
2026-09-11 18:35:32.353299+09:00 [info] <0.981.0>@supervisor:report_progress/2:1582 Supervisor: {<0.981.0>,ranch_conns_sup_sup}. Started: id={ranch_conns_sup,86},pid=<0.1067.0>.
2026-09-11 18:35:32.353407+09:00 [info] <0.981.0>@supervisor:report_progress/2:1582 Supervisor: {<0.981.0>,ranch_conns_sup_sup}. Started: id={ranch_conns_sup,87},pid=<0.1068.0>.
2026-09-11 18:35:32.353578+09:00 [info] <0.981.0>@supervisor:report_progress/2:1582 Supervisor: {<0.981.0>,ranch_conns_sup_sup}. Started: id={ranch_conns_sup,88},pid=<0.1069.0>.
2026-09-11 18:35:32.353683+09:00 [info] <0.981.0>@supervisor:report_progress/2:1582 Supervisor: {<0.981.0>,ranch_conns_sup_sup}. Started: id={ranch_conns_sup,89},pid=<0.1070.0>.
2026-09-11 18:35:32.353829+09:00 [info] <0.981.0>@supervisor:report_progress/2:1582 Supervisor: {<0.981.0>,ranch_conns_sup_sup}. Started: id={ranch_conns_sup,90},pid=<0.1071.0>.
2026-09-11 18:35:32.353916+09:00 [info] <0.981.0>@supervisor:report_progress/2:1582 Supervisor: {<0.981.0>,ranch_conns_sup_sup}. Started: id={ranch_conns_sup,91},pid=<0.1072.0>.
2026-09-11 18:35:32.354014+09:00 [info] <0.981.0>@supervisor:report_progress/2:1582 Supervisor: {<0.981.0>,ranch_conns_sup_sup}. Started: id={ranch_conns_sup,92},pid=<0.1073.0>.
2026-09-11 18:35:32.354121+09:00 [info] <0.981.0>@supervisor:report_progress/2:1582 Supervisor: {<0.981.0>,ranch_conns_sup_sup}. Started: id={ranch_conns_sup,93},pid=<0.1074.0>.
2026-09-11 18:35:32.354355+09:00 [info] <0.981.0>@supervisor:report_progress/2:1582 Supervisor: {<0.981.0>,ranch_conns_sup_sup}. Started: id={ranch_conns_sup,94},pid=<0.1075.0>.
2026-09-11 18:35:32.354450+09:00 [info] <0.981.0>@supervisor:report_progress/2:1582 Supervisor: {<0.981.0>,ranch_conns_sup_sup}. Started: id={ranch_conns_sup,95},pid=<0.1076.0>.
2026-09-11 18:35:32.354550+09:00 [info] <0.981.0>@supervisor:report_progress/2:1582 Supervisor: {<0.981.0>,ranch_conns_sup_sup}. Started: id={ranch_conns_sup,96},pid=<0.1077.0>.
2026-09-11 18:35:32.354660+09:00 [info] <0.981.0>@supervisor:report_progress/2:1582 Supervisor: {<0.981.0>,ranch_conns_sup_sup}. Started: id={ranch_conns_sup,97},pid=<0.1078.0>.
2026-09-11 18:35:32.354741+09:00 [info] <0.981.0>@supervisor:report_progress/2:1582 Supervisor: {<0.981.0>,ranch_conns_sup_sup}. Started: id={ranch_conns_sup,98},pid=<0.1079.0>.
2026-09-11 18:35:32.354865+09:00 [info] <0.981.0>@supervisor:report_progress/2:1582 Supervisor: {<0.981.0>,ranch_conns_sup_sup}. Started: id={ranch_conns_sup,99},pid=<0.1080.0>.
2026-09-11 18:35:32.354952+09:00 [info] <0.981.0>@supervisor:report_progress/2:1582 Supervisor: {<0.981.0>,ranch_conns_sup_sup}. Started: id={ranch_conns_sup,100},pid=<0.1081.0>.
2026-09-11 18:35:32.355134+09:00 [info] <0.980.0>@supervisor:report_progress/2:1582 Supervisor: {<0.980.0>,ranch_listener_sup}. Started: id=ranch_conns_sup_sup,pid=<0.981.0>.
2026-09-11 18:35:32.358642+09:00 [info] <0.1082.0>@supervisor:report_progress/2:1582 Supervisor: {<0.1082.0>,ranch_acceptors_sup}. Started: id={acceptor,<0.1082.0>,1},pid=<0.1083.0>.
2026-09-11 18:35:32.358863+09:00 [info] <0.1082.0>@supervisor:report_progress/2:1582 Supervisor: {<0.1082.0>,ranch_acceptors_sup}. Started: id={acceptor,<0.1082.0>,2},pid=<0.1084.0>.
2026-09-11 18:35:32.358991+09:00 [info] <0.1082.0>@supervisor:report_progress/2:1582 Supervisor: {<0.1082.0>,ranch_acceptors_sup}. Started: id={acceptor,<0.1082.0>,3},pid=<0.1085.0>.
2026-09-11 18:35:32.359137+09:00 [info] <0.1082.0>@supervisor:report_progress/2:1582 Supervisor: {<0.1082.0>,ranch_acceptors_sup}. Started: id={acceptor,<0.1082.0>,4},pid=<0.1086.0>.
2026-09-11 18:35:32.359279+09:00 [info] <0.1082.0>@supervisor:report_progress/2:1582 Supervisor: {<0.1082.0>,ranch_acceptors_sup}. Started: id={acceptor,<0.1082.0>,5},pid=<0.1087.0>.
2026-09-11 18:35:32.359401+09:00 [info] <0.1082.0>@supervisor:report_progress/2:1582 Supervisor: {<0.1082.0>,ranch_acceptors_sup}. Started: id={acceptor,<0.1082.0>,6},pid=<0.1088.0>.
2026-09-11 18:35:32.359553+09:00 [info] <0.1082.0>@supervisor:report_progress/2:1582 Supervisor: {<0.1082.0>,ranch_acceptors_sup}. Started: id={acceptor,<0.1082.0>,7},pid=<0.1089.0>.
2026-09-11 18:35:32.359659+09:00 [info] <0.1082.0>@supervisor:report_progress/2:1582 Supervisor: {<0.1082.0>,ranch_acceptors_sup}. Started: id={acceptor,<0.1082.0>,8},pid=<0.1090.0>.
2026-09-11 18:35:32.359828+09:00 [info] <0.1082.0>@supervisor:report_progress/2:1582 Supervisor: {<0.1082.0>,ranch_acceptors_sup}. Started: id={acceptor,<0.1082.0>,9},pid=<0.1091.0>.
2026-09-11 18:35:32.359960+09:00 [info] <0.1082.0>@supervisor:report_progress/2:1582 Supervisor: {<0.1082.0>,ranch_acceptors_sup}. Started: id={acceptor,<0.1082.0>,10},pid=<0.1092.0>.
2026-09-11 18:35:32.360056+09:00 [info] <0.1082.0>@supervisor:report_progress/2:1582 Supervisor: {<0.1082.0>,ranch_acceptors_sup}. Started: id={acceptor,<0.1082.0>,11},pid=<0.1093.0>.
2026-09-11 18:35:32.360169+09:00 [info] <0.1082.0>@supervisor:report_progress/2:1582 Supervisor: {<0.1082.0>,ranch_acceptors_sup}. Started: id={acceptor,<0.1082.0>,12},pid=<0.1094.0>.
2026-09-11 18:35:32.360294+09:00 [info] <0.1082.0>@supervisor:report_progress/2:1582 Supervisor: {<0.1082.0>,ranch_acceptors_sup}. Started: id={acceptor,<0.1082.0>,13},pid=<0.1095.0>.
2026-09-11 18:35:32.360436+09:00 [info] <0.1082.0>@supervisor:report_progress/2:1582 Supervisor: {<0.1082.0>,ranch_acceptors_sup}. Started: id={acceptor,<0.1082.0>,14},pid=<0.1096.0>.
2026-09-11 18:35:32.360584+09:00 [info] <0.1082.0>@supervisor:report_progress/2:1582 Supervisor: {<0.1082.0>,ranch_acceptors_sup}. Started: id={acceptor,<0.1082.0>,15},pid=<0.1097.0>.
2026-09-11 18:35:32.360697+09:00 [info] <0.1082.0>@supervisor:report_progress/2:1582 Supervisor: {<0.1082.0>,ranch_acceptors_sup}. Started: id={acceptor,<0.1082.0>,16},pid=<0.1098.0>.
2026-09-11 18:35:32.360823+09:00 [info] <0.1082.0>@supervisor:report_progress/2:1582 Supervisor: {<0.1082.0>,ranch_acceptors_sup}. Started: id={acceptor,<0.1082.0>,17},pid=<0.1099.0>.
2026-09-11 18:35:32.360919+09:00 [info] <0.1082.0>@supervisor:report_progress/2:1582 Supervisor: {<0.1082.0>,ranch_acceptors_sup}. Started: id={acceptor,<0.1082.0>,18},pid=<0.1100.0>.
2026-09-11 18:35:32.361031+09:00 [info] <0.1082.0>@supervisor:report_progress/2:1582 Supervisor: {<0.1082.0>,ranch_acceptors_sup}. Started: id={acceptor,<0.1082.0>,19},pid=<0.1101.0>.
2026-09-11 18:35:32.361209+09:00 [info] <0.1082.0>@supervisor:report_progress/2:1582 Supervisor: {<0.1082.0>,ranch_acceptors_sup}. Started: id={acceptor,<0.1082.0>,20},pid=<0.1102.0>.
2026-09-11 18:35:32.361368+09:00 [info] <0.1082.0>@supervisor:report_progress/2:1582 Supervisor: {<0.1082.0>,ranch_acceptors_sup}. Started: id={acceptor,<0.1082.0>,21},pid=<0.1103.0>.
2026-09-11 18:35:32.361524+09:00 [info] <0.1082.0>@supervisor:report_progress/2:1582 Supervisor: {<0.1082.0>,ranch_acceptors_sup}. Started: id={acceptor,<0.1082.0>,22},pid=<0.1104.0>.
2026-09-11 18:35:32.361644+09:00 [info] <0.1082.0>@supervisor:report_progress/2:1582 Supervisor: {<0.1082.0>,ranch_acceptors_sup}. Started: id={acceptor,<0.1082.0>,23},pid=<0.1105.0>.
2026-09-11 18:35:32.361861+09:00 [info] <0.1082.0>@supervisor:report_progress/2:1582 Supervisor: {<0.1082.0>,ranch_acceptors_sup}. Started: id={acceptor,<0.1082.0>,24},pid=<0.1106.0>.
2026-09-11 18:35:32.362054+09:00 [info] <0.1082.0>@supervisor:report_progress/2:1582 Supervisor: {<0.1082.0>,ranch_acceptors_sup}. Started: id={acceptor,<0.1082.0>,25},pid=<0.1107.0>.
2026-09-11 18:35:32.362194+09:00 [info] <0.1082.0>@supervisor:report_progress/2:1582 Supervisor: {<0.1082.0>,ranch_acceptors_sup}. Started: id={acceptor,<0.1082.0>,26},pid=<0.1108.0>.
2026-09-11 18:35:32.362339+09:00 [info] <0.1082.0>@supervisor:report_progress/2:1582 Supervisor: {<0.1082.0>,ranch_acceptors_sup}. Started: id={acceptor,<0.1082.0>,27},pid=<0.1109.0>.
2026-09-11 18:35:32.362455+09:00 [info] <0.1082.0>@supervisor:report_progress/2:1582 Supervisor: {<0.1082.0>,ranch_acceptors_sup}. Started: id={acceptor,<0.1082.0>,28},pid=<0.1110.0>.
2026-09-11 18:35:32.362608+09:00 [info] <0.1082.0>@supervisor:report_progress/2:1582 Supervisor: {<0.1082.0>,ranch_acceptors_sup}. Started: id={acceptor,<0.1082.0>,29},pid=<0.1111.0>.
2026-09-11 18:35:32.362753+09:00 [info] <0.1082.0>@supervisor:report_progress/2:1582 Supervisor: {<0.1082.0>,ranch_acceptors_sup}. Started: id={acceptor,<0.1082.0>,30},pid=<0.1112.0>.
2026-09-11 18:35:32.362865+09:00 [info] <0.1082.0>@supervisor:report_progress/2:1582 Supervisor: {<0.1082.0>,ranch_acceptors_sup}. Started: id={acceptor,<0.1082.0>,31},pid=<0.1113.0>.
2026-09-11 18:35:32.363011+09:00 [info] <0.1082.0>@supervisor:report_progress/2:1582 Supervisor: {<0.1082.0>,ranch_acceptors_sup}. Started: id={acceptor,<0.1082.0>,32},pid=<0.1114.0>.
2026-09-11 18:35:32.363121+09:00 [info] <0.1082.0>@supervisor:report_progress/2:1582 Supervisor: {<0.1082.0>,ranch_acceptors_sup}. Started: id={acceptor,<0.1082.0>,33},pid=<0.1115.0>.
2026-09-11 18:35:32.363248+09:00 [info] <0.1082.0>@supervisor:report_progress/2:1582 Supervisor: {<0.1082.0>,ranch_acceptors_sup}. Started: id={acceptor,<0.1082.0>,34},pid=<0.1116.0>.
2026-09-11 18:35:32.363388+09:00 [info] <0.1082.0>@supervisor:report_progress/2:1582 Supervisor: {<0.1082.0>,ranch_acceptors_sup}. Started: id={acceptor,<0.1082.0>,35},pid=<0.1117.0>.
2026-09-11 18:35:32.363502+09:00 [info] <0.1082.0>@supervisor:report_progress/2:1582 Supervisor: {<0.1082.0>,ranch_acceptors_sup}. Started: id={acceptor,<0.1082.0>,36},pid=<0.1118.0>.
2026-09-11 18:35:32.363644+09:00 [info] <0.1082.0>@supervisor:report_progress/2:1582 Supervisor: {<0.1082.0>,ranch_acceptors_sup}. Started: id={acceptor,<0.1082.0>,37},pid=<0.1119.0>.
2026-09-11 18:35:32.363748+09:00 [info] <0.1082.0>@supervisor:report_progress/2:1582 Supervisor: {<0.1082.0>,ranch_acceptors_sup}. Started: id={acceptor,<0.1082.0>,38},pid=<0.1120.0>.
2026-09-11 18:35:32.363860+09:00 [info] <0.1082.0>@supervisor:report_progress/2:1582 Supervisor: {<0.1082.0>,ranch_acceptors_sup}. Started: id={acceptor,<0.1082.0>,39},pid=<0.1121.0>.
2026-09-11 18:35:32.363966+09:00 [info] <0.1082.0>@supervisor:report_progress/2:1582 Supervisor: {<0.1082.0>,ranch_acceptors_sup}. Started: id={acceptor,<0.1082.0>,40},pid=<0.1122.0>.
2026-09-11 18:35:32.364046+09:00 [info] <0.1082.0>@supervisor:report_progress/2:1582 Supervisor: {<0.1082.0>,ranch_acceptors_sup}. Started: id={acceptor,<0.1082.0>,41},pid=<0.1123.0>.
2026-09-11 18:35:32.364154+09:00 [info] <0.1082.0>@supervisor:report_progress/2:1582 Supervisor: {<0.1082.0>,ranch_acceptors_sup}. Started: id={acceptor,<0.1082.0>,42},pid=<0.1124.0>.
2026-09-11 18:35:32.364230+09:00 [info] <0.1082.0>@supervisor:report_progress/2:1582 Supervisor: {<0.1082.0>,ranch_acceptors_sup}. Started: id={acceptor,<0.1082.0>,43},pid=<0.1125.0>.
2026-09-11 18:35:32.364364+09:00 [info] <0.1082.0>@supervisor:report_progress/2:1582 Supervisor: {<0.1082.0>,ranch_acceptors_sup}. Started: id={acceptor,<0.1082.0>,44},pid=<0.1126.0>.
2026-09-11 18:35:32.364502+09:00 [info] <0.1082.0>@supervisor:report_progress/2:1582 Supervisor: {<0.1082.0>,ranch_acceptors_sup}. Started: id={acceptor,<0.1082.0>,45},pid=<0.1127.0>.
2026-09-11 18:35:32.364621+09:00 [info] <0.1082.0>@supervisor:report_progress/2:1582 Supervisor: {<0.1082.0>,ranch_acceptors_sup}. Started: id={acceptor,<0.1082.0>,46},pid=<0.1128.0>.
2026-09-11 18:35:32.364762+09:00 [info] <0.1082.0>@supervisor:report_progress/2:1582 Supervisor: {<0.1082.0>,ranch_acceptors_sup}. Started: id={acceptor,<0.1082.0>,47},pid=<0.1129.0>.
2026-09-11 18:35:32.364877+09:00 [info] <0.1082.0>@supervisor:report_progress/2:1582 Supervisor: {<0.1082.0>,ranch_acceptors_sup}. Started: id={acceptor,<0.1082.0>,48},pid=<0.1130.0>.
2026-09-11 18:35:32.365013+09:00 [info] <0.1082.0>@supervisor:report_progress/2:1582 Supervisor: {<0.1082.0>,ranch_acceptors_sup}. Started: id={acceptor,<0.1082.0>,49},pid=<0.1131.0>.
2026-09-11 18:35:32.365151+09:00 [info] <0.1082.0>@supervisor:report_progress/2:1582 Supervisor: {<0.1082.0>,ranch_acceptors_sup}. Started: id={acceptor,<0.1082.0>,50},pid=<0.1132.0>.
2026-09-11 18:35:32.365262+09:00 [info] <0.1082.0>@supervisor:report_progress/2:1582 Supervisor: {<0.1082.0>,ranch_acceptors_sup}. Started: id={acceptor,<0.1082.0>,51},pid=<0.1133.0>.
2026-09-11 18:35:32.365400+09:00 [info] <0.1082.0>@supervisor:report_progress/2:1582 Supervisor: {<0.1082.0>,ranch_acceptors_sup}. Started: id={acceptor,<0.1082.0>,52},pid=<0.1134.0>.
2026-09-11 18:35:32.365521+09:00 [info] <0.1082.0>@supervisor:report_progress/2:1582 Supervisor: {<0.1082.0>,ranch_acceptors_sup}. Started: id={acceptor,<0.1082.0>,53},pid=<0.1135.0>.
2026-09-11 18:35:32.365665+09:00 [info] <0.1082.0>@supervisor:report_progress/2:1582 Supervisor: {<0.1082.0>,ranch_acceptors_sup}. Started: id={acceptor,<0.1082.0>,54},pid=<0.1136.0>.
2026-09-11 18:35:32.365794+09:00 [info] <0.1082.0>@supervisor:report_progress/2:1582 Supervisor: {<0.1082.0>,ranch_acceptors_sup}. Started: id={acceptor,<0.1082.0>,55},pid=<0.1137.0>.
2026-09-11 18:35:32.365899+09:00 [info] <0.1082.0>@supervisor:report_progress/2:1582 Supervisor: {<0.1082.0>,ranch_acceptors_sup}. Started: id={acceptor,<0.1082.0>,56},pid=<0.1138.0>.
2026-09-11 18:35:32.366027+09:00 [info] <0.1082.0>@supervisor:report_progress/2:1582 Supervisor: {<0.1082.0>,ranch_acceptors_sup}. Started: id={acceptor,<0.1082.0>,57},pid=<0.1139.0>.
2026-09-11 18:35:32.366135+09:00 [info] <0.1082.0>@supervisor:report_progress/2:1582 Supervisor: {<0.1082.0>,ranch_acceptors_sup}. Started: id={acceptor,<0.1082.0>,58},pid=<0.1140.0>.
2026-09-11 18:35:32.366260+09:00 [info] <0.1082.0>@supervisor:report_progress/2:1582 Supervisor: {<0.1082.0>,ranch_acceptors_sup}. Started: id={acceptor,<0.1082.0>,59},pid=<0.1141.0>.
2026-09-11 18:35:32.366419+09:00 [info] <0.1082.0>@supervisor:report_progress/2:1582 Supervisor: {<0.1082.0>,ranch_acceptors_sup}. Started: id={acceptor,<0.1082.0>,60},pid=<0.1142.0>.
2026-09-11 18:35:32.366544+09:00 [info] <0.1082.0>@supervisor:report_progress/2:1582 Supervisor: {<0.1082.0>,ranch_acceptors_sup}. Started: id={acceptor,<0.1082.0>,61},pid=<0.1143.0>.
2026-09-11 18:35:32.366675+09:00 [info] <0.1082.0>@supervisor:report_progress/2:1582 Supervisor: {<0.1082.0>,ranch_acceptors_sup}. Started: id={acceptor,<0.1082.0>,62},pid=<0.1144.0>.
2026-09-11 18:35:32.366797+09:00 [info] <0.1082.0>@supervisor:report_progress/2:1582 Supervisor: {<0.1082.0>,ranch_acceptors_sup}. Started: id={acceptor,<0.1082.0>,63},pid=<0.1145.0>.
2026-09-11 18:35:32.366971+09:00 [info] <0.1082.0>@supervisor:report_progress/2:1582 Supervisor: {<0.1082.0>,ranch_acceptors_sup}. Started: id={acceptor,<0.1082.0>,64},pid=<0.1146.0>.
2026-09-11 18:35:32.367132+09:00 [info] <0.1082.0>@supervisor:report_progress/2:1582 Supervisor: {<0.1082.0>,ranch_acceptors_sup}. Started: id={acceptor,<0.1082.0>,65},pid=<0.1147.0>.
2026-09-11 18:35:32.367265+09:00 [info] <0.1082.0>@supervisor:report_progress/2:1582 Supervisor: {<0.1082.0>,ranch_acceptors_sup}. Started: id={acceptor,<0.1082.0>,66},pid=<0.1148.0>.
2026-09-11 18:35:32.367435+09:00 [info] <0.1082.0>@supervisor:report_progress/2:1582 Supervisor: {<0.1082.0>,ranch_acceptors_sup}. Started: id={acceptor,<0.1082.0>,67},pid=<0.1149.0>.
2026-09-11 18:35:32.367580+09:00 [info] <0.1082.0>@supervisor:report_progress/2:1582 Supervisor: {<0.1082.0>,ranch_acceptors_sup}. Started: id={acceptor,<0.1082.0>,68},pid=<0.1150.0>.
2026-09-11 18:35:32.367748+09:00 [info] <0.1082.0>@supervisor:report_progress/2:1582 Supervisor: {<0.1082.0>,ranch_acceptors_sup}. Started: id={acceptor,<0.1082.0>,69},pid=<0.1151.0>.
2026-09-11 18:35:32.367908+09:00 [info] <0.1082.0>@supervisor:report_progress/2:1582 Supervisor: {<0.1082.0>,ranch_acceptors_sup}. Started: id={acceptor,<0.1082.0>,70},pid=<0.1152.0>.
2026-09-11 18:35:32.368052+09:00 [info] <0.1082.0>@supervisor:report_progress/2:1582 Supervisor: {<0.1082.0>,ranch_acceptors_sup}. Started: id={acceptor,<0.1082.0>,71},pid=<0.1153.0>.
2026-09-11 18:35:32.368220+09:00 [info] <0.1082.0>@supervisor:report_progress/2:1582 Supervisor: {<0.1082.0>,ranch_acceptors_sup}. Started: id={acceptor,<0.1082.0>,72},pid=<0.1154.0>.
2026-09-11 18:35:32.368348+09:00 [info] <0.1082.0>@supervisor:report_progress/2:1582 Supervisor: {<0.1082.0>,ranch_acceptors_sup}. Started: id={acceptor,<0.1082.0>,73},pid=<0.1155.0>.
2026-09-11 18:35:32.368501+09:00 [info] <0.1082.0>@supervisor:report_progress/2:1582 Supervisor: {<0.1082.0>,ranch_acceptors_sup}. Started: id={acceptor,<0.1082.0>,74},pid=<0.1156.0>.
2026-09-11 18:35:32.368668+09:00 [info] <0.1082.0>@supervisor:report_progress/2:1582 Supervisor: {<0.1082.0>,ranch_acceptors_sup}. Started: id={acceptor,<0.1082.0>,75},pid=<0.1157.0>.
2026-09-11 18:35:32.368787+09:00 [info] <0.1082.0>@supervisor:report_progress/2:1582 Supervisor: {<0.1082.0>,ranch_acceptors_sup}. Started: id={acceptor,<0.1082.0>,76},pid=<0.1158.0>.
2026-09-11 18:35:32.368911+09:00 [info] <0.1082.0>@supervisor:report_progress/2:1582 Supervisor: {<0.1082.0>,ranch_acceptors_sup}. Started: id={acceptor,<0.1082.0>,77},pid=<0.1159.0>.
2026-09-11 18:35:32.368999+09:00 [info] <0.1082.0>@supervisor:report_progress/2:1582 Supervisor: {<0.1082.0>,ranch_acceptors_sup}. Started: id={acceptor,<0.1082.0>,78},pid=<0.1160.0>.
2026-09-11 18:35:32.369106+09:00 [info] <0.1082.0>@supervisor:report_progress/2:1582 Supervisor: {<0.1082.0>,ranch_acceptors_sup}. Started: id={acceptor,<0.1082.0>,79},pid=<0.1161.0>.
2026-09-11 18:35:32.369213+09:00 [info] <0.1082.0>@supervisor:report_progress/2:1582 Supervisor: {<0.1082.0>,ranch_acceptors_sup}. Started: id={acceptor,<0.1082.0>,80},pid=<0.1162.0>.
2026-09-11 18:35:32.369302+09:00 [info] <0.1082.0>@supervisor:report_progress/2:1582 Supervisor: {<0.1082.0>,ranch_acceptors_sup}. Started: id={acceptor,<0.1082.0>,81},pid=<0.1163.0>.
2026-09-11 18:35:32.369385+09:00 [info] <0.1082.0>@supervisor:report_progress/2:1582 Supervisor: {<0.1082.0>,ranch_acceptors_sup}. Started: id={acceptor,<0.1082.0>,82},pid=<0.1164.0>.
2026-09-11 18:35:32.369448+09:00 [info] <0.1082.0>@supervisor:report_progress/2:1582 Supervisor: {<0.1082.0>,ranch_acceptors_sup}. Started: id={acceptor,<0.1082.0>,83},pid=<0.1165.0>.
2026-09-11 18:35:32.369532+09:00 [info] <0.1082.0>@supervisor:report_progress/2:1582 Supervisor: {<0.1082.0>,ranch_acceptors_sup}. Started: id={acceptor,<0.1082.0>,84},pid=<0.1166.0>.
2026-09-11 18:35:32.369673+09:00 [info] <0.1082.0>@supervisor:report_progress/2:1582 Supervisor: {<0.1082.0>,ranch_acceptors_sup}. Started: id={acceptor,<0.1082.0>,85},pid=<0.1167.0>.
2026-09-11 18:35:32.369806+09:00 [info] <0.1082.0>@supervisor:report_progress/2:1582 Supervisor: {<0.1082.0>,ranch_acceptors_sup}. Started: id={acceptor,<0.1082.0>,86},pid=<0.1168.0>.
2026-09-11 18:35:32.369965+09:00 [info] <0.1082.0>@supervisor:report_progress/2:1582 Supervisor: {<0.1082.0>,ranch_acceptors_sup}. Started: id={acceptor,<0.1082.0>,87},pid=<0.1169.0>.
2026-09-11 18:35:32.370046+09:00 [info] <0.1082.0>@supervisor:report_progress/2:1582 Supervisor: {<0.1082.0>,ranch_acceptors_sup}. Started: id={acceptor,<0.1082.0>,88},pid=<0.1170.0>.
2026-09-11 18:35:32.370138+09:00 [info] <0.1082.0>@supervisor:report_progress/2:1582 Supervisor: {<0.1082.0>,ranch_acceptors_sup}. Started: id={acceptor,<0.1082.0>,89},pid=<0.1171.0>.
2026-09-11 18:35:32.370232+09:00 [info] <0.1082.0>@supervisor:report_progress/2:1582 Supervisor: {<0.1082.0>,ranch_acceptors_sup}. Started: id={acceptor,<0.1082.0>,90},pid=<0.1172.0>.
2026-09-11 18:35:32.370343+09:00 [info] <0.1082.0>@supervisor:report_progress/2:1582 Supervisor: {<0.1082.0>,ranch_acceptors_sup}. Started: id={acceptor,<0.1082.0>,91},pid=<0.1173.0>.
2026-09-11 18:35:32.370441+09:00 [info] <0.1082.0>@supervisor:report_progress/2:1582 Supervisor: {<0.1082.0>,ranch_acceptors_sup}. Started: id={acceptor,<0.1082.0>,92},pid=<0.1174.0>.
2026-09-11 18:35:32.370520+09:00 [info] <0.1082.0>@supervisor:report_progress/2:1582 Supervisor: {<0.1082.0>,ranch_acceptors_sup}. Started: id={acceptor,<0.1082.0>,93},pid=<0.1175.0>.
2026-09-11 18:35:32.370641+09:00 [info] <0.1082.0>@supervisor:report_progress/2:1582 Supervisor: {<0.1082.0>,ranch_acceptors_sup}. Started: id={acceptor,<0.1082.0>,94},pid=<0.1176.0>.
2026-09-11 18:35:32.370734+09:00 [info] <0.1082.0>@supervisor:report_progress/2:1582 Supervisor: {<0.1082.0>,ranch_acceptors_sup}. Started: id={acceptor,<0.1082.0>,95},pid=<0.1177.0>.
2026-09-11 18:35:32.370808+09:00 [info] <0.1082.0>@supervisor:report_progress/2:1582 Supervisor: {<0.1082.0>,ranch_acceptors_sup}. Started: id={acceptor,<0.1082.0>,96},pid=<0.1178.0>.
2026-09-11 18:35:32.370958+09:00 [info] <0.1082.0>@supervisor:report_progress/2:1582 Supervisor: {<0.1082.0>,ranch_acceptors_sup}. Started: id={acceptor,<0.1082.0>,97},pid=<0.1179.0>.
2026-09-11 18:35:32.371094+09:00 [info] <0.1082.0>@supervisor:report_progress/2:1582 Supervisor: {<0.1082.0>,ranch_acceptors_sup}. Started: id={acceptor,<0.1082.0>,98},pid=<0.1180.0>.
2026-09-11 18:35:32.371240+09:00 [info] <0.1082.0>@supervisor:report_progress/2:1582 Supervisor: {<0.1082.0>,ranch_acceptors_sup}. Started: id={acceptor,<0.1082.0>,99},pid=<0.1181.0>.
2026-09-11 18:35:32.371377+09:00 [info] <0.1082.0>@supervisor:report_progress/2:1582 Supervisor: {<0.1082.0>,ranch_acceptors_sup}. Started: id={acceptor,<0.1082.0>,100},pid=<0.1182.0>.
2026-09-11 18:35:32.371453+09:00 [info] <0.980.0>@supervisor:report_progress/2:1582 Supervisor: {<0.980.0>,ranch_listener_sup}. Started: id=ranch_acceptors_sup,pid=<0.1082.0>.
2026-09-11 18:35:32.371538+09:00 [info] <0.593.0>@supervisor:report_progress/2:1582 Supervisor: {local,ranch_sup}. Started: id={ranch_listener_sup,{[49,50,55,46,48,46,48,46,49],9080}},pid=<0.980.0>.
2026-09-11 18:35:32.371626+09:00 [info] <0.978.0>@riak_core_service_mgr:start_dispatcher/3:524 Service manager: listening on 127.0.0.1:9080
2026-09-11 18:35:32.371703+09:00 [info] <0.977.0>@supervisor:report_progress/2:1582 Supervisor: {local,riak_core_cluster_mgr_sup}. Started: id=riak_core_service_mgr,pid=<0.978.0>.
2026-09-11 18:35:32.375605+09:00 [info] <0.977.0>@supervisor:report_progress/2:1582 Supervisor: {local,riak_core_cluster_mgr_sup}. Started: id=riak_core_connection_mgr,pid=<0.1183.0>.
2026-09-11 18:35:32.377165+09:00 [info] <0.977.0>@supervisor:report_progress/2:1582 Supervisor: {local,riak_core_cluster_mgr_sup}. Started: id=riak_core_cluster_conn_sup,pid=<0.1184.0>.
2026-09-11 18:35:32.380465+09:00 [info] <0.1185.0>@riak_core_cluster_mgr:become_leader/2:706 ClusterManager: 'openriak-kv@node-01.cluster-a.openriak' becoming the leader
2026-09-11 18:35:32.380596+09:00 [info] <0.977.0>@supervisor:report_progress/2:1582 Supervisor: {local,riak_core_cluster_mgr_sup}. Started: id=riak_repl_cluster_mgr,pid=<0.1185.0>.
2026-09-11 18:35:32.383680+09:00 [info] <0.1186.0>@riak_core_tcp_mon:init/1:167 Starting TCP Monitor
2026-09-11 18:35:32.383806+09:00 [info] <0.977.0>@supervisor:report_progress/2:1582 Supervisor: {local,riak_core_cluster_mgr_sup}. Started: id=riak_core_tcp_mon,pid=<0.1186.0>.
2026-09-11 18:35:32.383905+09:00 [info] <0.969.0>@supervisor:report_progress/2:1582 Supervisor: {local,riak_repl_sup}. Started: id=riak_core_cluster_mgr_sup,pid=<0.977.0>.
2026-09-11 18:35:32.386343+09:00 [info] <0.969.0>@supervisor:report_progress/2:1582 Supervisor: {local,riak_repl_sup}. Started: id=riak_repl2_fs_node_reserver,pid=<0.1187.0>.
2026-09-11 18:35:32.392073+09:00 [info] <0.1189.0>@supervisor:report_progress/2:1582 Supervisor: {local,riak_repl2_rtsource_sup}. Started: id=riak_repl2_rtq,pid=<0.1190.0>.
2026-09-11 18:35:32.394367+09:00 [info] <0.1189.0>@supervisor:report_progress/2:1582 Supervisor: {local,riak_repl2_rtsource_sup}. Started: id=riak_repl2_rtq_overload_counter,pid=<0.1191.0>.
2026-09-11 18:35:32.398670+09:00 [info] <0.1189.0>@supervisor:report_progress/2:1582 Supervisor: {local,riak_repl2_rtsource_sup}. Started: id=riak_repl2_rtsource_conn_sup,pid=<0.1192.0>.
2026-09-11 18:35:32.398813+09:00 [info] <0.1188.0>@supervisor:report_progress/2:1582 Supervisor: {local,riak_repl2_rt_sup}. Started: id=riak_repl2_rtsource_sup,pid=<0.1189.0>.
2026-09-11 18:35:32.402718+09:00 [info] <0.1193.0>@supervisor:report_progress/2:1582 Supervisor: {local,riak_repl2_rtsink_sup}. Started: id=riak_repl2_rtsink_pool,pid=<0.1194.0>.
2026-09-11 18:35:32.404074+09:00 [info] <0.1193.0>@supervisor:report_progress/2:1582 Supervisor: {local,riak_repl2_rtsink_sup}. Started: id=riak_repl2_rtsink_conn_sup,pid=<0.1201.0>.
2026-09-11 18:35:32.404212+09:00 [info] <0.1188.0>@supervisor:report_progress/2:1582 Supervisor: {local,riak_repl2_rt_sup}. Started: id=riak_repl2_rtsink_sup,pid=<0.1193.0>.
2026-09-11 18:35:32.404339+09:00 [info] <0.1188.0>@supervisor:report_progress/2:1582 Supervisor: {local,riak_repl2_rt_sup}. Started: id=riak_repl2_rt,pid=<0.1202.0>.
2026-09-11 18:35:32.404423+09:00 [info] <0.969.0>@supervisor:report_progress/2:1582 Supervisor: {local,riak_repl_sup}. Started: id=riak_repl2_rt_sup,pid=<0.1188.0>.
2026-09-11 18:35:32.406750+09:00 [info] <0.969.0>@supervisor:report_progress/2:1582 Supervisor: {local,riak_repl_sup}. Started: id=riak_repl2_fscoordinator_sup,pid=<0.1203.0>.
2026-09-11 18:35:32.408314+09:00 [info] <0.969.0>@supervisor:report_progress/2:1582 Supervisor: {local,riak_repl_sup}. Started: id=riak_repl2_fscoordinator_serv_sup,pid=<0.1206.0>.
2026-09-11 18:35:32.409913+09:00 [info] <0.969.0>@supervisor:report_progress/2:1582 Supervisor: {local,riak_repl_sup}. Started: id=riak_repl2_fssource_sup,pid=<0.1207.0>.
2026-09-11 18:35:32.411376+09:00 [info] <0.969.0>@supervisor:report_progress/2:1582 Supervisor: {local,riak_repl_sup}. Started: id=riak_repl2_fssink_pool,pid=<0.1209.0>.
2026-09-11 18:35:32.412712+09:00 [info] <0.969.0>@supervisor:report_progress/2:1582 Supervisor: {local,riak_repl_sup}. Started: id=riak_repl2_fssink_sup,pid=<0.1216.0>.
2026-09-11 18:35:32.414154+09:00 [info] <0.969.0>@supervisor:report_progress/2:1582 Supervisor: {local,riak_repl_sup}. Started: id=riak_repl2_pg_proxy_sup,pid=<0.1217.0>.
2026-09-11 18:35:32.418769+09:00 [info] <0.1218.0>@supervisor:report_progress/2:1582 Supervisor: {local,riak_repl2_pg_sup}. Started: id=riak_repl2_pg_block_provider_sup,pid=<0.1219.0>.
2026-09-11 18:35:32.420224+09:00 [info] <0.1218.0>@supervisor:report_progress/2:1582 Supervisor: {local,riak_repl2_pg_sup}. Started: id=riak_repl2_pg_block_requester_sup,pid=<0.1220.0>.
2026-09-11 18:35:32.420388+09:00 [info] <0.1218.0>@supervisor:report_progress/2:1582 Supervisor: {local,riak_repl2_pg_sup}. Started: id=riak_repl2_pg,pid=<0.1221.0>.
2026-09-11 18:35:32.420634+09:00 [info] <0.969.0>@supervisor:report_progress/2:1582 Supervisor: {local,riak_repl_sup}. Started: id=riak_repl2_pg_sup,pid=<0.1218.0>.
2026-09-11 18:35:32.427912+09:00 [info] <0.244.0>@supervisor:report_progress/2:1582 Supervisor: {local,riak_core_stats_sup}. Started: id=riak_core_connection_mgr_stats,pid=<0.1222.0>.
2026-09-11 18:35:32.435842+09:00 [info] <0.244.0>@supervisor:report_progress/2:1582 Supervisor: {local,riak_core_stats_sup}. Started: id=riak_repl_stats,pid=<0.1223.0>.
2026-09-11 18:35:32.440070+09:00 [info] <0.213.0>@supervisor:report_progress/2:1582 Supervisor: {local,riak_core_eventhandler_sup}. Started: id={riak_core_ring_events,riak_repl_ring_handler},pid=<0.1224.0>.
2026-09-11 18:35:32.449562+09:00 [info] <0.44.0>@application_controller:info_started/2:2130 Application: riak_repl. Started at: 'openriak-kv@node-01.cluster-a.openriak'.
2026-09-11 18:35:32.449776+09:00 [info] <0.44.0>@application_controller:info_started/2:2130 Application: canola. Started at: 'openriak-kv@node-01.cluster-a.openriak'.
2026-09-11 18:35:32.455352+09:00 [info] <0.44.0>@application_controller:info_started/2:2130 Application: riak_auth_mods. Started at: 'openriak-kv@node-01.cluster-a.openriak'.
2026-09-11 18:35:32.455612+09:00 [info] <0.44.0>@application_controller:info_started/2:2130 Application: riak_logger. Started at: 'openriak-kv@node-01.cluster-a.openriak'.
2026-09-11 18:35:33.424324+09:00 [info] <0.768.0>@leveled_monitor:handle_cast/2:647 log_ref=b0016 db_id=2 Get timing with sample_count=0 and head_time=0 body_time=0 with fetch_count=0 with sample_period=1 seconds
2026-09-11 18:35:34.579094+09:00 [info] <0.769.0>@leveled_monitor:handle_cast/2:733 log_ref=p0032 db_id=0 Fetch head timing with sample_count=0 and level timings of foundmem_time=0 found0_time=0 found1_time=0 found2_time=0 found3_time=0 foundlower_time=0 missed_time=0 with counts of foundmem_count=0 found0_count=0 found1_count=0 found2_count=0 found3_count=0 foundlower_count=0 missed_count=0 with sample_period=2 seconds
2026-09-11 18:35:35.523047+09:00 [info] <0.766.0>@leveled_monitor:handle_cast/2:704 log_ref=b0017 db_id=7 Snapshot timing with sample_count=0 and bookie_time=0 pcl_time=0 with sample_period=3 seconds
2026-09-11 18:35:35.806666+09:00 [info] <0.763.0>@leveled_monitor:handle_cast/2:668 log_ref=b0018 db_id=4 Positive HEAD responses timed with sample_count=0 and cache_count=0 found_count=0 fetch_ledger_time=0 fetch_ledgercache_time=0 rsp_time=0 notfound_time=0 with sample_period=3 seconds
2026-09-11 18:35:37.669157+09:00 [info] <0.767.0>@leveled_monitor:handle_cast/2:687 log_ref=b0015 db_id=5 Put timing with sample_count=0 ink_time=0 prep_time=0 mem_time=0 with total_object_size=0 with sample_period=5 seconds
2026-09-11 18:35:38.851091+09:00 [info] <0.597.0>@riak_repl_app:prep_stop/1:336 Redirecting realtime replication traffic
2026-09-11 18:35:38.853059+09:00 [info] <0.82.0>@supervisor:report_progress/2:1582 Supervisor: {local,kernel_safe_sup}. Started: id=riak_repl2_rtq_proxy,pid=<0.1349.0>.
2026-09-11 18:35:38.853215+09:00 [info] <0.597.0>@riak_repl_app:prep_stop/1:339 Stopping application riak_repl - marked service down.
2026-09-11 18:35:38.854959+09:00 [info] <0.1350.0>@riak_repl_migration:init/1:33 Riak replication migration server started
2026-09-11 18:35:38.855052+09:00 [info] <0.597.0>@riak_repl_app:prep_stop/1:343 Started migration server
2026-09-11 18:35:38.855116+09:00 [info] <0.1350.0>@riak_repl_migration:handle_call/3:37 Realtime Repl queue migration sleeping
2026-09-11 18:35:38.956159+09:00 [info] <0.1350.0>@riak_repl_migration:handle_info/2:50 Queue empty, no replication queue migration required
2026-09-11 18:35:39.962186+09:00 [info] <0.597.0>@riak_repl_app:stop/1:139 Stopped application riak_repl
2026-09-11 18:35:39.967299+09:00 [info] <0.344.0>@riak_kv_app:prep_stop/1:275 Stopping application riak_kv - marked service down.
2026-09-11 18:35:39.967579+09:00 [info] <0.344.0>@riak_kv_app:prep_stop/1:279 Unregistered pb services
2026-09-11 18:35:39.969243+09:00 [info] <0.344.0>@riak_kv_app:prep_stop/1:284 unregistered webmachine routes
2026-09-11 18:35:39.969356+09:00 [info] <0.344.0>@riak_kv_app:prep_stop/1:286 all active put FSMs completed
2026-09-11 18:35:39.969767+09:00 [info] <0.344.0>@riak_kv_app:stop/1:297 Stopped  application riak_kv.
2026-09-11 18:35:39.974822+09:00 [info] <0.775.0>@leveled_inker:handle_call/3:784 log_ref=i0005 db_id=0 Inker closing journal for reason close
2026-09-11 18:35:39.974840+09:00 [info] <0.773.0>@leveled_inker:handle_call/3:784 log_ref=i0005 db_id=6 Inker closing journal for reason close
2026-09-11 18:35:39.974832+09:00 [info] <0.776.0>@leveled_inker:handle_call/3:784 log_ref=i0005 db_id=2 Inker closing journal for reason close
2026-09-11 18:35:39.974917+09:00 [info] <0.775.0>@leveled_inker:handle_call/3:786 log_ref=i0006 db_id=0 Close triggered with journal_sqn=1 and manifest_sqn=2
2026-09-11 18:35:39.974925+09:00 [info] <0.776.0>@leveled_inker:handle_call/3:786 log_ref=i0006 db_id=2 Close triggered with journal_sqn=0 and manifest_sqn=2
2026-09-11 18:35:39.974924+09:00 [info] <0.773.0>@leveled_inker:handle_call/3:786 log_ref=i0006 db_id=6 Close triggered with journal_sqn=0 and manifest_sqn=2
2026-09-11 18:35:39.975029+09:00 [info] <0.775.0>@leveled_inker:shutdown_manifest/1:1040 log_ref=i0007 db_id=0 Inker manifest when closing is:
2026-09-11 18:35:39.975041+09:00 [info] <0.773.0>@leveled_inker:shutdown_manifest/1:1040 log_ref=i0007 db_id=6 Inker manifest when closing is:
2026-09-11 18:35:39.975066+09:00 [info] <0.776.0>@leveled_inker:shutdown_manifest/1:1040 log_ref=i0007 db_id=2 Inker manifest when closing is:
2026-09-11 18:35:39.975156+09:00 [info] <0.771.0>@leveled_inker:handle_call/3:784 log_ref=i0005 db_id=1 Inker closing journal for reason close
2026-09-11 18:35:39.975235+09:00 [info] <0.805.0>@leveled_pclerk:terminate/2:178 log_ref=pc005 db_id=6 Penciller's Clerk <0.805.0> shutdown now complete for reason normal
2026-09-11 18:35:39.975276+09:00 [info] <0.771.0>@leveled_inker:handle_call/3:786 log_ref=i0006 db_id=1 Close triggered with journal_sqn=1 and manifest_sqn=2
2026-09-11 18:35:39.975301+09:00 [info] <0.778.0>@leveled_inker:handle_call/3:784 log_ref=i0005 db_id=4 Inker closing journal for reason close
2026-09-11 18:35:39.975370+09:00 [info] <0.796.0>@leveled_penciller:handle_call/3:1072 log_ref=p0008 db_id=6 Penciller closing for reason close
2026-09-11 18:35:39.975406+09:00 [info] <0.771.0>@leveled_inker:shutdown_manifest/1:1040 log_ref=i0007 db_id=1 Inker manifest when closing is:
2026-09-11 18:35:39.975368+09:00 [info] <0.778.0>@leveled_inker:handle_call/3:786 log_ref=i0006 db_id=4 Close triggered with journal_sqn=0 and manifest_sqn=2
2026-09-11 18:35:39.975414+09:00 [info] <0.777.0>@leveled_inker:handle_call/3:784 log_ref=i0005 db_id=7 Inker closing journal for reason close
2026-09-11 18:35:39.975442+09:00 [info] <0.796.0>@leveled_penciller:handle_call/3:1088 log_ref=p0010 db_id=6 level zero discarded_count=0 on close of Penciller
2026-09-11 18:35:39.975502+09:00 [info] <0.777.0>@leveled_inker:handle_call/3:786 log_ref=i0006 db_id=7 Close triggered with journal_sqn=1 and manifest_sqn=2
2026-09-11 18:35:39.975518+09:00 [info] <0.778.0>@leveled_inker:shutdown_manifest/1:1040 log_ref=i0007 db_id=4 Inker manifest when closing is:
2026-09-11 18:35:39.975579+09:00 [info] <0.761.0>@leveled_bookie:terminate/2:1827 log_ref=b0003 db_id=6 Bookie closing for reason normal
2026-09-11 18:35:39.975613+09:00 [info] <0.777.0>@leveled_inker:shutdown_manifest/1:1040 log_ref=i0007 db_id=7 Inker manifest when closing is:
2026-09-11 18:35:39.975706+09:00 [info] <0.774.0>@leveled_inker:handle_call/3:784 log_ref=i0005 db_id=5 Inker closing journal for reason close
2026-09-11 18:35:39.975667+09:00 [info] <0.810.0>@leveled_pclerk:terminate/2:178 log_ref=pc005 db_id=0 Penciller's Clerk <0.810.0> shutdown now complete for reason normal
2026-09-11 18:35:39.975782+09:00 [info] <0.802.0>@leveled_penciller:handle_call/3:1072 log_ref=p0008 db_id=0 Penciller closing for reason close
2026-09-11 18:35:39.975776+09:00 [info] <0.774.0>@leveled_inker:handle_call/3:786 log_ref=i0006 db_id=5 Close triggered with journal_sqn=0 and manifest_sqn=2
2026-09-11 18:35:39.975879+09:00 [info] <0.802.0>@leveled_penciller:handle_call/3:1088 log_ref=p0010 db_id=0 level zero discarded_count=0 on close of Penciller
2026-09-11 18:35:39.975883+09:00 [info] <0.807.0>@leveled_pclerk:terminate/2:178 log_ref=pc005 db_id=7 Penciller's Clerk <0.807.0> shutdown now complete for reason normal
2026-09-11 18:35:39.975947+09:00 [info] <0.774.0>@leveled_inker:shutdown_manifest/1:1040 log_ref=i0007 db_id=5 Inker manifest when closing is:
2026-09-11 18:35:39.975997+09:00 [info] <0.811.0>@leveled_pclerk:terminate/2:178 log_ref=pc005 db_id=1 Penciller's Clerk <0.811.0> shutdown now complete for reason normal
2026-09-11 18:35:39.975992+09:00 [info] <0.799.0>@leveled_penciller:handle_call/3:1072 log_ref=p0008 db_id=7 Penciller closing for reason close
2026-09-11 18:35:39.976102+09:00 [info] <0.803.0>@leveled_penciller:handle_call/3:1072 log_ref=p0008 db_id=1 Penciller closing for reason close
2026-09-11 18:35:39.975966+09:00 [info] <0.806.0>@leveled_pclerk:terminate/2:178 log_ref=pc005 db_id=2 Penciller's Clerk <0.806.0> shutdown now complete for reason normal
2026-09-11 18:35:39.976104+09:00 [info] <0.799.0>@leveled_penciller:handle_call/3:1088 log_ref=p0010 db_id=7 level zero discarded_count=0 on close of Penciller
2026-09-11 18:35:39.976169+09:00 [info] <0.803.0>@leveled_penciller:handle_call/3:1088 log_ref=p0010 db_id=1 level zero discarded_count=0 on close of Penciller
2026-09-11 18:35:39.976113+09:00 [info] <0.755.0>@leveled_bookie:terminate/2:1827 log_ref=b0003 db_id=0 Bookie closing for reason normal
2026-09-11 18:35:39.976204+09:00 [info] <0.800.0>@leveled_penciller:handle_call/3:1072 log_ref=p0008 db_id=2 Penciller closing for reason close
2026-09-11 18:35:39.976289+09:00 [info] <0.800.0>@leveled_penciller:handle_call/3:1088 log_ref=p0010 db_id=2 level zero discarded_count=0 on close of Penciller
2026-09-11 18:35:39.976310+09:00 [info] <0.804.0>@leveled_pclerk:terminate/2:178 log_ref=pc005 db_id=5 Penciller's Clerk <0.804.0> shutdown now complete for reason normal
2026-09-11 18:35:39.976376+09:00 [info] <0.772.0>@leveled_inker:handle_call/3:784 log_ref=i0005 db_id=3 Inker closing journal for reason close
2026-09-11 18:35:39.976395+09:00 [info] <0.809.0>@leveled_pclerk:terminate/2:178 log_ref=pc005 db_id=4 Penciller's Clerk <0.809.0> shutdown now complete for reason normal
2026-09-11 18:35:39.976440+09:00 [info] <0.772.0>@leveled_inker:handle_call/3:786 log_ref=i0006 db_id=3 Close triggered with journal_sqn=0 and manifest_sqn=2
2026-09-11 18:35:39.976511+09:00 [info] <0.797.0>@leveled_penciller:handle_call/3:1072 log_ref=p0008 db_id=4 Penciller closing for reason close
2026-09-11 18:35:39.976429+09:00 [info] <0.801.0>@leveled_penciller:handle_call/3:1072 log_ref=p0008 db_id=5 Penciller closing for reason close
2026-09-11 18:35:39.976597+09:00 [info] <0.797.0>@leveled_penciller:handle_call/3:1088 log_ref=p0010 db_id=4 level zero discarded_count=0 on close of Penciller
2026-09-11 18:35:39.976613+09:00 [info] <0.801.0>@leveled_penciller:handle_call/3:1088 log_ref=p0010 db_id=5 level zero discarded_count=0 on close of Penciller
2026-09-11 18:35:39.976720+09:00 [info] <0.762.0>@leveled_bookie:terminate/2:1827 log_ref=b0003 db_id=7 Bookie closing for reason normal
2026-09-11 18:35:39.976772+09:00 [info] <0.772.0>@leveled_inker:shutdown_manifest/1:1040 log_ref=i0007 db_id=3 Inker manifest when closing is:
2026-09-11 18:35:39.976800+09:00 [info] <0.759.0>@leveled_bookie:terminate/2:1827 log_ref=b0003 db_id=1 Bookie closing for reason normal
2026-09-11 18:35:39.976825+09:00 [info] <0.757.0>@leveled_bookie:terminate/2:1827 log_ref=b0003 db_id=2 Bookie closing for reason normal
2026-09-11 18:35:39.976854+09:00 [info] <0.760.0>@leveled_bookie:terminate/2:1827 log_ref=b0003 db_id=4 Bookie closing for reason normal
2026-09-11 18:35:39.977211+09:00 [info] <0.758.0>@leveled_bookie:terminate/2:1827 log_ref=b0003 db_id=5 Bookie closing for reason normal
2026-09-11 18:35:39.977373+09:00 [info] <0.808.0>@leveled_pclerk:terminate/2:178 log_ref=pc005 db_id=3 Penciller's Clerk <0.808.0> shutdown now complete for reason normal
2026-09-11 18:35:39.977486+09:00 [info] <0.798.0>@leveled_penciller:handle_call/3:1072 log_ref=p0008 db_id=3 Penciller closing for reason close
2026-09-11 18:35:39.977606+09:00 [info] <0.798.0>@leveled_penciller:handle_call/3:1088 log_ref=p0010 db_id=3 level zero discarded_count=0 on close of Penciller
2026-09-11 18:35:39.977740+09:00 [info] <0.756.0>@leveled_bookie:terminate/2:1827 log_ref=b0003 db_id=3 Bookie closing for reason normal
2026-09-11 18:35:40.046671+09:00 [info] <0.856.0>@aae_treecache:save_to_disk/3:403 log_ref=c0003 Saving tree cache to path /var/lib/riak/tictac_aae/0/aaetree/0_3/ and filename 1.pnd
2026-09-11 18:35:40.048336+09:00 [info] <0.858.0>@aae_treecache:save_to_disk/3:403 log_ref=c0003 Saving tree cache to path /var/lib/riak/tictac_aae/1096126227998177188652763624537212264741949407232/aaetree/1096126227998177188652763624537212264741949407232_3/ and filename 1.pnd
2026-09-11 18:35:40.091355+09:00 [info] <0.857.0>@aae_treecache:save_to_disk/3:403 log_ref=c0003 Saving tree cache to path /var/lib/riak/tictac_aae/548063113999088594326381812268606132370974703616/aaetree/548063113999088594326381812268606132370974703616_3/ and filename 1.pnd
2026-09-11 18:35:40.099902+09:00 [info] <0.859.0>@aae_treecache:save_to_disk/3:403 log_ref=c0003 Saving tree cache to path /var/lib/riak/tictac_aae/913438523331814323877303020447676887284957839360/aaetree/913438523331814323877303020447676887284957839360_3/ and filename 1.pnd
2026-09-11 18:35:40.098958+09:00 [info] <0.853.0>@aae_treecache:save_to_disk/3:403 log_ref=c0003 Saving tree cache to path /var/lib/riak/tictac_aae/1278813932664540053428224228626747642198940975104/aaetree/1278813932664540053428224228626747642198940975104_3/ and filename 1.pnd
2026-09-11 18:35:40.099894+09:00 [info] <0.852.0>@aae_treecache:save_to_disk/3:403 log_ref=c0003 Saving tree cache to path /var/lib/riak/tictac_aae/730750818665451459101842416358141509827966271488/aaetree/730750818665451459101842416358141509827966271488_3/ and filename 1.pnd
2026-09-11 18:35:40.100102+09:00 [info] <0.854.0>@aae_treecache:save_to_disk/3:403 log_ref=c0003 Saving tree cache to path /var/lib/riak/tictac_aae/182687704666362864775460604089535377456991567872/aaetree/182687704666362864775460604089535377456991567872_3/ and filename 1.pnd
2026-09-11 18:35:40.100214+09:00 [info] <0.855.0>@aae_treecache:save_to_disk/3:403 log_ref=c0003 Saving tree cache to path /var/lib/riak/tictac_aae/365375409332725729550921208179070754913983135744/aaetree/365375409332725729550921208179070754913983135744_3/ and filename 1.pnd
2026-09-11 18:35:40.141816+09:00 [info] <0.848.0>@aae_treecache:save_to_disk/3:403 log_ref=c0003 Saving tree cache to path /var/lib/riak/tictac_aae/0/aaetree/1278813932664540053428224228626747642198940975104_3/ and filename 1.pnd
2026-09-11 18:35:40.166824+09:00 [info] <0.846.0>@aae_treecache:save_to_disk/3:403 log_ref=c0003 Saving tree cache to path /var/lib/riak/tictac_aae/182687704666362864775460604089535377456991567872/aaetree/0_3/ and filename 1.pnd
2026-09-11 18:35:40.175438+09:00 [info] <0.850.0>@aae_treecache:save_to_disk/3:403 log_ref=c0003 Saving tree cache to path /var/lib/riak/tictac_aae/1096126227998177188652763624537212264741949407232/aaetree/913438523331814323877303020447676887284957839360_3/ and filename 1.pnd
2026-09-11 18:35:40.173846+09:00 [info] <0.851.0>@aae_treecache:save_to_disk/3:403 log_ref=c0003 Saving tree cache to path /var/lib/riak/tictac_aae/913438523331814323877303020447676887284957839360/aaetree/730750818665451459101842416358141509827966271488_3/ and filename 1.pnd
2026-09-11 18:35:40.178710+09:00 [info] <0.849.0>@aae_treecache:save_to_disk/3:403 log_ref=c0003 Saving tree cache to path /var/lib/riak/tictac_aae/548063113999088594326381812268606132370974703616/aaetree/365375409332725729550921208179070754913983135744_3/ and filename 1.pnd
2026-09-11 18:35:40.200769+09:00 [info] <0.847.0>@aae_treecache:save_to_disk/3:403 log_ref=c0003 Saving tree cache to path /var/lib/riak/tictac_aae/365375409332725729550921208179070754913983135744/aaetree/182687704666362864775460604089535377456991567872_3/ and filename 1.pnd
2026-09-11 18:35:40.219889+09:00 [info] <0.845.0>@aae_treecache:save_to_disk/3:403 log_ref=c0003 Saving tree cache to path /var/lib/riak/tictac_aae/730750818665451459101842416358141509827966271488/aaetree/548063113999088594326381812268606132370974703616_3/ and filename 1.pnd
2026-09-11 18:35:40.224288+09:00 [info] <0.840.0>@aae_treecache:save_to_disk/3:403 log_ref=c0003 Saving tree cache to path /var/lib/riak/tictac_aae/0/aaetree/1096126227998177188652763624537212264741949407232_3/ and filename 1.pnd
2026-09-11 18:35:40.233551+09:00 [info] <0.844.0>@aae_treecache:save_to_disk/3:403 log_ref=c0003 Saving tree cache to path /var/lib/riak/tictac_aae/1278813932664540053428224228626747642198940975104/aaetree/1096126227998177188652763624537212264741949407232_3/ and filename 1.pnd
2026-09-11 18:35:40.239617+09:00 [info] <0.843.0>@aae_treecache:save_to_disk/3:403 log_ref=c0003 Saving tree cache to path /var/lib/riak/tictac_aae/913438523331814323877303020447676887284957839360/aaetree/548063113999088594326381812268606132370974703616_3/ and filename 1.pnd
2026-09-11 18:35:40.250606+09:00 [info] <0.837.0>@aae_treecache:save_to_disk/3:403 log_ref=c0003 Saving tree cache to path /var/lib/riak/tictac_aae/182687704666362864775460604089535377456991567872/aaetree/1278813932664540053428224228626747642198940975104_3/ and filename 1.pnd
2026-09-11 18:35:40.276565+09:00 [info] <0.842.0>@aae_treecache:save_to_disk/3:403 log_ref=c0003 Saving tree cache to path /var/lib/riak/tictac_aae/1096126227998177188652763624537212264741949407232/aaetree/730750818665451459101842416358141509827966271488_3/ and filename 1.pnd
2026-09-11 18:35:40.279702+09:00 [info] <0.836.0>@aae_treecache:save_to_disk/3:403 log_ref=c0003 Saving tree cache to path /var/lib/riak/tictac_aae/730750818665451459101842416358141509827966271488/aaetree/365375409332725729550921208179070754913983135744_3/ and filename 1.pnd
2026-09-11 18:35:40.288739+09:00 [info] <0.841.0>@aae_treecache:save_to_disk/3:403 log_ref=c0003 Saving tree cache to path /var/lib/riak/tictac_aae/548063113999088594326381812268606132370974703616/aaetree/182687704666362864775460604089535377456991567872_3/ and filename 1.pnd
2026-09-11 18:35:40.291427+09:00 [info] <0.838.0>@aae_treecache:save_to_disk/3:403 log_ref=c0003 Saving tree cache to path /var/lib/riak/tictac_aae/1278813932664540053428224228626747642198940975104/aaetree/913438523331814323877303020447676887284957839360_3/ and filename 1.pnd
2026-09-11 18:35:40.294112+09:00 [info] <0.839.0>@aae_treecache:save_to_disk/3:403 log_ref=c0003 Saving tree cache to path /var/lib/riak/tictac_aae/365375409332725729550921208179070754913983135744/aaetree/0_3/ and filename 1.pnd
2026-09-11 18:35:40.294978+09:00 [info] <0.208.0>@riak_core_app:stop/1:118 Stopped  application riak_core.
